date,symbol,isin,close,adj_close,avg_turnover_63,target_2x,p_raw,p_cal,p_dd30,asymmetry,model_dispersion,dd_model_dispersion,p05,p50,p95,p_conservative,hit25_6m_raw,hit25_6m_dispersion,hit25_6m_cal_raw,hit50_6m_raw,hit50_6m_dispersion,hit50_6m_cal_raw,p_dd30_cal,p100_cal,p50_cal,p25_cal,selected_v941,selection_score_v941,selection_rank_v941,production_risk_config,production_share_p100,production_share_p50,production_share_p25,production_p50_allowed,production_p25_allowed,production_p50_pr_auc_lift,production_p25_pr_auc_lift,production_p50_calibration_slope,production_p25_calibration_slope,production_selected,production_rank,production_selection_score
2026-10-06,OCCLLTD,INE0PK601023,207.59,207.59,15063830.56063492,415.18,0.5397698602607951,0.1138815581119692,0.1676202324085021,0.6794022205770007,0.280728477251632,0.0859230135814648,0.0797773457907504,0.1131767080313718,0.1518978820828896,0.0797773457907504,0.6461360613060531,0.0972405954833488,0.6461360613060531,0.6211188893130829,0.092513031448035,0.2469135802469135,0.1676202324085021,0.1138815581119692,0.2469135802469135,0.6461360613060531,True,0.923,1.0,N100_drop0.50_s0.20_c0.05,1.0,0.0,0.0,False,False,1.0068271698186462,1.0170734897113791,-0.0865463796488441,-0.1149304575594595,True,1.0,0.923
2026-10-06,UNITEDPOLY,INE368U01029,48.49,48.49,8787834.456984129,96.98,0.5095622365951646,0.1000863378946127,0.1681504059923406,0.5952191272090754,0.2539722809233757,0.0549262615609175,0.0706980168947901,0.0996677203933271,0.1329184852300247,0.0706980168947901,0.6303228251156004,0.0825763794955944,0.6303228251156004,0.5643169082628208,0.099712412237313,0.2183449651046859,0.1681504059923406,0.1000863378946127,0.2183449651046859,0.6303228251156004,True,0.894,2.0,N100_drop0.50_s0.20_c0.05,1.0,0.0,0.0,False,False,1.0068271698186462,1.0170734897113791,-0.0865463796488441,-0.1149304575594595,True,2.0,0.894
2026-10-06,AAREYDRUGS,INE198H01019,107.85,107.85,14448741.386984129,215.7,0.4856725451677676,0.0902724514084409,0.1470170608520425,0.6140270447882968,0.2417278841788747,0.0627105193180312,0.0644313493892244,0.0897904111395045,0.1194753314276073,0.0644313493892244,0.6037179293977829,0.0651418251230654,0.6037179293977829,0.5822374037984223,0.0656331778623583,0.2401459854014598,0.1470170608520425,0.0902724514084409,0.2401459854014598,0.6037179293977829,True,0.856,3.0,N100_drop0.50_s0.20_c0.05,1.0,0.0,0.0,False,False,1.0068271698186462,1.0170734897113791,-0.0865463796488441,-0.1149304575594595,True,3.0,0.856
2026-10-06,VALIANTLAB,INE0JWS01017,124.37,124.37,11811739.685555557,248.74,0.5208748869501719,0.1050605507972514,0.1931561723073927,0.5439150586917612,0.2645981379705727,0.0201242632110236,0.0742586597343376,0.1044929626475239,0.1399797612663385,0.0742586597343376,0.6199257455518713,0.0837289896005199,0.6199257455518713,0.6159847408675659,0.084836107417709,0.2469135802469135,0.1931561723073927,0.1050605507972514,0.2469135802469135,0.6199257455518713,True,0.841,4.0,N100_drop0.50_s0.20_c0.05,1.0,0.0,0.0,False,False,1.0068271698186462,1.0170734897113791,-0.0865463796488441,-0.1149304575594595,True,4.0,0.841
2026-10-06,PANACHE,INE895W01019,569.0,569.0,5011373.384920635,1138.0,0.4875290376062677,0.0910033071571854,0.1730991897797266,0.5257292496457642,0.2527363233920955,0.1397007509660289,0.0648066587910039,0.0904986089936485,0.1205601655445135,0.0648066587910039,0.5986066840170475,0.0968880458888233,0.5986066840170475,0.5587413998321148,0.0422098463192822,0.2183449651046859,0.1730991897797266,0.0910033071571854,0.2183449651046859,0.5986066840170475,True,0.8310000000000001,5.0,N100_drop0.50_s0.20_c0.05,1.0,0.0,0.0,False,False,1.0068271698186462,1.0170734897113791,-0.0865463796488441,-0.1149304575594595,True,5.0,0.8310000000000001
2026-10-06,GULFPETRO,INE586G01017,62.52,62.52,12081594.366984127,125.04,0.500773135511285,0.0963703844381689,0.192487703077905,0.5006573557541242,0.2499804871192837,0.1190432014760411,0.068404413425072,0.0957679335719319,0.128179137590585,0.068404413425072,0.6413692649959845,0.1066628377492601,0.6413692649959845,0.6333926223658929,0.0947348152278225,0.2879818594104308,0.192487703077905,0.0963703844381689,0.2879818594104308,0.6413692649959845,True,0.823,6.0,N100_drop0.50_s0.20_c0.05,1.0,0.0,0.0,False,False,1.0068271698186462,1.0170734897113791,-0.0865463796488441,-0.1149304575594595,True,6.0,0.823
2026-10-06,SHILPAMED,INE790G01031,1073.7,1073.7,1369921138.85,2147.4,0.4805017754706993,0.0882637840585251,0.1614288876183187,0.5467657329536667,0.2617659702698473,0.0042117187493089,0.0633962218129047,0.0879979050962512,0.116323886132429,0.0633962218129047,0.590179264595147,0.0629037096124298,0.590179264595147,0.604277400860883,0.0738137693322571,0.2401459854014598,0.1614288876183187,0.0882637840585251,0.2401459854014598,0.590179264595147,True,0.8059999999999999,7.0,N100_drop0.50_s0.20_c0.05,1.0,0.0,0.0,False,False,1.0068271698186462,1.0170734897113791,-0.0865463796488441,-0.1149304575594595,True,7.0,0.8059999999999999
2026-10-06,MOLDTECH,INE835B01035,216.72,216.72,29219599.27031746,433.44,0.4875775312399036,0.0910224671824608,0.1974484138196965,0.4609936611877757,0.2503231206756265,0.0878087204962375,0.0648164885239819,0.0905171746568787,0.1205980700737109,0.0648164885239819,0.6053176715965282,0.0873594323463108,0.6053176715965282,0.6015184420441276,0.074296597402045,0.2401459854014598,0.1974484138196965,0.0910224671824608,0.2401459854014598,0.6053176715965282,True,0.768,8.0,N100_drop0.50_s0.20_c0.05,1.0,0.0,0.0,False,False,1.0068271698186462,1.0170734897113791,-0.0865463796488441,-0.1149304575594595,True,8.0,0.768
2026-10-06,GCSL,INE199P01028,693.05,693.05,357053135.1944444,1386.1,0.472848942880578,0.0853619975270139,0.1488410913784566,0.5735109621708224,0.2485678145494973,0.0728636197881707,0.0616994133052195,0.0851721401274444,0.1117554263801376,0.0616994133052195,0.619416105130192,0.075747868587405,0.619416105130192,0.5874883483213257,0.0595028168342001,0.2401459854014598,0.1488410913784566,0.0853619975270139,0.2401459854014598,0.619416105130192,True,0.7579999999999999,9.0,N100_drop0.50_s0.20_c0.05,1.0,0.0,0.0,False,False,1.0068271698186462,1.0170734897113791,-0.0865463796488441,-0.1149304575594595,True,9.0,0.7579999999999999
2026-10-06,E2E,INE255Z01027,688.9,688.9,703321437.942857,1377.8,0.4777514405497027,0.0872112741028842,0.1811397407653645,0.481458534358021,0.2520055667015636,0.0138748410932199,0.0628516514246693,0.0869462019203198,0.1146725561275064,0.0628516514246693,0.5932628863397902,0.0698019979353762,0.5932628863397902,0.6101361656519332,0.0772721545744197,0.2401459854014598,0.1811397407653645,0.0872112741028842,0.2401459854014598,0.5932628863397902,True,0.733,10.0,N100_drop0.50_s0.20_c0.05,1.0,0.0,0.0,False,False,1.0068271698186462,1.0170734897113791,-0.0865463796488441,-0.1149304575594595,True,10.0,0.733
2026-10-06,VALIANTORG,INE565V01010,496.8,496.8,29211273.175396822,993.6,0.5237943076514551,0.1063805525311587,0.2513871284086038,0.4231742221831188,0.2734982578090003,0.1251969709779081,0.0751079565112633,0.1057325087697985,0.1417860166989879,0.0751079565112633,0.5818368384272492,0.048253541134438,0.5818368384272492,0.531703948474039,0.0185937032755389,0.1960507757404795,0.2513871284086038,0.1063805525311587,0.1960507757404795,0.5818368384272492,False,,,N100_drop0.50_s0.20_c0.05,1.0,0.0,0.0,False,False,1.0068271698186462,1.0170734897113791,-0.0865463796488441,-0.1149304575594595,False,,
2026-10-06,BODALCHEM,INE338D01028,186.57,186.57,298295613.88476187,373.14,0.5191628869272029,0.1042935216610699,0.2441101034277741,0.4272396766728981,0.273830445498687,0.2501822786126084,0.0737980763330503,0.1037885318482891,0.1389435178197331,0.0737980763330503,0.6611713598788432,0.1521146832212751,0.6611713598788432,0.6471089757932876,0.1236368427514626,0.2879818594104308,0.2441101034277741,0.1042935216610699,0.2879818594104308,0.6611713598788432,False,,,N100_drop0.50_s0.20_c0.05,1.0,0.0,0.0,False,False,1.0068271698186462,1.0170734897113791,-0.0865463796488441,-0.1149304575594595,False,,
2026-10-06,UEL,INE899L01030,179.62,179.62,5211909.016031746,359.24,0.5015441193003828,0.0966913129345266,0.256980680051232,0.3762590748660565,0.2460234905176911,0.0209807343949623,0.0686288930047306,0.0960785117763691,0.1285701424462404,0.0686288930047306,0.6296582635452452,0.1027680294478432,0.6296582635452452,0.6096974723238859,0.1086660393378108,0.2401459854014598,0.256980680051232,0.0966913129345266,0.2401459854014598,0.6296582635452452,False,,,N100_drop0.50_s0.20_c0.05,1.0,0.0,0.0,False,False,1.0068271698186462,1.0170734897113791,-0.0865463796488441,-0.1149304575594595,False,,
2026-10-06,MENONBE,INE071D01033,304.95,304.95,23771962.165714283,609.9,0.4969643891665365,0.094798882026212,0.2273005057760291,0.4170641050822044,0.2509317651260822,0.0542357423227078,0.0673054611829171,0.0943226731076819,0.1260736674553642,0.0673054611829171,0.6051575060048637,0.0831736292410934,0.6051575060048637,0.6044010899345046,0.0765889197712857,0.2401459854014598,0.2273005057760291,0.094798882026212,0.2401459854014598,0.6051575060048637,False,,,N100_drop0.50_s0.20_c0.05,1.0,0.0,0.0,False,False,1.0068271698186462,1.0170734897113791,-0.0865463796488441,-0.1149304575594595,False,,
2026-10-06,BHAGERIA,INE354C01027,393.55,393.55,41537796.07746031,787.1,0.4960175820417742,0.0944117870174885,0.2622451033673543,0.360013536211717,0.2486847858828988,0.0728396208109302,0.0670384326813682,0.0939253484972871,0.1255511663042476,0.0670384326813682,0.5787661296409589,0.0658023263528614,0.5787661296409589,0.5723964887886859,0.0627305021717045,0.221311475409836,0.2622451033673543,0.0944117870174885,0.221311475409836,0.5787661296409589,False,,,N100_drop0.50_s0.20_c0.05,1.0,0.0,0.0,False,False,1.0068271698186462,1.0170734897113791,-0.0865463796488441,-0.1149304575594595,False,,
2026-10-06,AGASTYAEN,INE753W01010,66.8,66.8,16082015.681904765,133.6,0.4942690573857361,0.0937006038045305,0.2160218949280518,0.4337551239226858,0.2607660433715211,0.1918977041106285,0.0665494657653796,0.093171399459846,0.1245903205990883,0.0665494657653796,0.6039289816577784,0.103754296035488,0.6039289816577784,0.6349482752542662,0.1039457168464972,0.2879818594104308,0.2160218949280518,0.0937006038045305,0.2879818594104308,0.6039289816577784,False,,,N100_drop0.50_s0.20_c0.05,1.0,0.0,0.0,False,False,1.0068271698186462,1.0170734897113791,-0.0865463796488441,-0.1149304575594595,False,,
2026-10-06,RUBYMILLS,INE301D01026,512.8,512.8,12100413.50714286,1025.6,0.4927252094436608,0.0930766197605625,0.2368981082386878,0.3928972690097748,0.2578964411926786,0.1866888124651425,0.0661204684544772,0.0924703198786671,0.1237359623630497,0.0661204684544772,0.5687297727760613,0.1097323625847963,0.5687297727760613,0.5597035647247081,0.082340894690499,0.2183449651046859,0.2368981082386878,0.0930766197605625,0.2183449651046859,0.5687297727760613,False,,,N100_drop0.50_s0.20_c0.05,1.0,0.0,0.0,False,False,1.0068271698186462,1.0170734897113791,-0.0865463796488441,-0.1149304575594595,False,,
2026-10-06,LOKESHMACH,INE397H01017,455.7,455.7,33968057.449206345,911.4,0.4897237232280771,0.0918739908213357,0.2503886707366144,0.3669255104516234,0.2535510571100844,0.1280766028954201,0.0652936840277574,0.0913317270963471,0.1220175327075932,0.0652936840277574,0.5460803305250754,0.0681340529967927,0.5460803305250754,0.5363096259679123,0.0537498722562378,0.2156862745098039,0.2503886707366144,0.0918739908213357,0.2156862745098039,0.5460803305250754,False,,,N100_drop0.50_s0.20_c0.05,1.0,0.0,0.0,False,False,1.0068271698186462,1.0170734897113791,-0.0865463796488441,-0.1149304575594595,False,,
2026-10-06,CUBEXTUB,INE144D01012,149.91,149.91,21449235.256666668,299.82,0.4895798233669793,0.0918166789119147,0.3613762986514531,0.2540749884664455,0.2565214823002237,0.117483428669685,0.0652542843389155,0.09128117750883,0.1219270015345858,0.0652542843389155,0.5264256537623578,0.0071483402273474,0.5264256537623578,0.5306045793337871,0.0294903732473136,0.1960507757404795,0.3613762986514531,0.0918166789119147,0.1960507757404795,0.5264256537623578,False,,,N100_drop0.50_s0.20_c0.05,1.0,0.0,0.0,False,False,1.0068271698186462,1.0170734897113791,-0.0865463796488441,-0.1149304575594595,False,,
2026-10-06,CALSOFT,INE526B01014,33.44,33.44,7298397.018095238,66.88,0.4892390056293705,0.091681064693589,0.2700975088441594,0.3394369133055835,0.2361716166113872,0.1211873340869005,0.0651610552694823,0.0911615570227779,0.1217128107690495,0.0651610552694823,0.6011180371679239,0.0872922420645558,0.6011180371679239,0.6120398302390452,0.0791677526314001,0.2469135802469135,0.2700975088441594,0.091681064693589,0.2469135802469135,0.6011180371679239,False,,,N100_drop0.50_s0.20_c0.05,1.0,0.0,0.0,False,False,1.0068271698186462,1.0170734897113791,-0.0865463796488441,-0.1149304575594595,False,,
2026-10-06,BIRLACABLE,INE800A01015,395.45,395.45,91798455.95857143,790.9,0.4885829695382576,0.0914205180551255,0.2674041289035462,0.3418814751663812,0.2388463024214513,0.0167036607543397,0.0650207835124455,0.0909028734650822,0.1212971039359478,0.0650207835124455,0.5690081035414777,0.0650012769352299,0.5690081035414777,0.5814606049780198,0.0589447885495691,0.2401459854014598,0.2674041289035462,0.0914205180551255,0.2401459854014598,0.5690081035414777,False,,,N100_drop0.50_s0.20_c0.05,1.0,0.0,0.0,False,False,1.0068271698186462,1.0170734897113791,-0.0865463796488441,-0.1149304575594595,False,,
2026-10-06,KANORICHEM,INE138C01024,182.1,182.1,7737860.897301588,364.2,0.4857064680008377,0.0902857597813272,0.242716357760651,0.371980531573238,0.2463809457901831,0.2070628776874659,0.064438189741467,0.089803307173485,0.1194962415848323,0.064438189741467,0.5713085749675889,0.1062331015210814,0.5713085749675889,0.5748416839272229,0.088909472371299,0.2397959183673469,0.242716357760651,0.0902857597813272,0.2397959183673469,0.5713085749675889,False,,,N100_drop0.50_s0.20_c0.05,1.0,0.0,0.0,False,False,1.0068271698186462,1.0170734897113791,-0.0865463796488441,-0.1149304575594595,False,,
2026-10-06,KILITCH,INE729D01010,260.7,260.7,8874291.534761906,521.4,0.4815898712066512,0.0886832098253788,0.2159044503373965,0.4107521159790477,0.2447292291407203,0.0200061306778669,0.0636128115291586,0.0883713682880832,0.1169811716706988,0.0636128115291586,0.5848988038216333,0.0486199389522317,0.5848988038216333,0.5432330400271033,0.0613710627284718,0.2183449651046859,0.2159044503373965,0.0886832098253788,0.2183449651046859,0.5848988038216333,False,,,N100_drop0.50_s0.20_c0.05,1.0,0.0,0.0,False,False,1.0068271698186462,1.0170734897113791,-0.0865463796488441,-0.1149304575594595,False,,
2026-10-06,SALSTEEL,INE658G01014,89.6,89.6,41679419.832539685,179.2,0.4807907972548141,0.0883750243405674,0.2854021552726581,0.3096508653066709,0.2609936245956128,0.129725782354424,0.0634536890854079,0.0880995883231378,0.1164981719218749,0.0634536890854079,0.5668503078445998,0.102485295874857,0.5668503078445998,0.5604594954447794,0.0916515966457606,0.2183449651046859,0.2854021552726581,0.0883750243405674,0.2183449651046859,0.5668503078445998,False,,,N100_drop0.50_s0.20_c0.05,1.0,0.0,0.0,False,False,1.0068271698186462,1.0170734897113791,-0.0865463796488441,-0.1149304575594595,False,,
2026-10-06,STLNETWORK,INE1VXE01018,47.08,47.08,175385810.29158732,94.16,0.4806423444267747,0.0883178718232188,0.2426435059184393,0.3639820134024333,0.2498894233388918,0.0415070400525071,0.0634241659177768,0.0880473468707049,0.1164086245794535,0.0634241659177768,0.5899055770590159,0.0507620034225622,0.5899055770590159,0.5749463272100334,0.0492564094530295,0.2397959183673469,0.2426435059184393,0.0883178718232188,0.2397959183673469,0.5899055770590159,False,,,N100_drop0.50_s0.20_c0.05,1.0,0.0,0.0,False,False,1.0068271698186462,1.0170734897113791,-0.0865463796488441,-0.1149304575594595,False,,
2026-10-06,NRL,INE0JM501013,157.0,157.0,11962553.01936508,314.0,0.4783143560511491,0.0874258047603662,0.2143710273477689,0.4078247225943339,0.2446019842692886,0.1905349543463596,0.062962773763088,0.0871662097845303,0.1150102696467863,0.062962773763088,0.5829693605627634,0.1198855975885801,0.5829693605627634,0.5723300797999485,0.0986749600099195,0.221311475409836,0.2143710273477689,0.0874258047603662,0.221311475409836,0.5829693605627634,False,,,N100_drop0.50_s0.20_c0.05,1.0,0.0,0.0,False,False,1.0068271698186462,1.0170734897113791,-0.0865463796488441,-0.1149304575594595,False,,
2026-10-06,DPWIRES,INE864X01013,221.54,221.54,9719086.646666666,443.08,0.4765877381473178,0.0867692202372597,0.2877070895311411,0.3015887456185465,0.2456636673172503,0.1241674873353709,0.0626007120156472,0.0864929079712412,0.1139770380550983,0.0626007120156472,0.5179031796193746,0.0485696992652013,0.5179031796193746,0.5195916451206813,0.0107018136094591,0.1919720767888307,0.2877070895311411,0.0867692202372597,0.1919720767888307,0.5179031796193746,False,,,N100_drop0.50_s0.20_c0.05,1.0,0.0,0.0,False,False,1.0068271698186462,1.0170734897113791,-0.0865463796488441,-0.1149304575594595,False,,
2026-10-06,MANAKSTEEL,INE824Q01011,108.88,108.88,10447930.390952382,217.76,0.4744286124738255,0.0859541483985743,0.2175342353146994,0.3951292920593733,0.2369359789824095,0.2017127101582757,0.0621065933934488,0.0857420050064491,0.1126910016833921,0.0621065933934488,0.5847470183655444,0.0965021737157146,0.5847470183655444,0.591919804645363,0.0700409815909656,0.2401459854014598,0.2175342353146994,0.0859541483985743,0.2401459854014598,0.5847470183655444,False,,,N100_drop0.50_s0.20_c0.05,1.0,0.0,0.0,False,False,1.0068271698186462,1.0170734897113791,-0.0865463796488441,-0.1149304575594595,False,,
2026-10-06,MMP,INE511Y01018,480.55,480.55,40297854.54603175,961.1,0.4728778010651608,0.0853727837739862,0.2251341832530006,0.3792084460050489,0.2434334992542616,0.0823577679387524,0.061706366389964,0.0851833867733225,0.1117724596940649,0.061706366389964,0.5664869322726366,0.0590690074605093,0.5664869322726366,0.5291792295429406,0.0242027793156354,0.1960507757404795,0.2251341832530006,0.0853727837739862,0.1960507757404795,0.5664869322726366,False,,,N100_drop0.50_s0.20_c0.05,1.0,0.0,0.0,False,False,1.0068271698186462,1.0170734897113791,-0.0865463796488441,-0.1149304575594595,False,,
2026-10-06,SHIVALIK,INE788J01021,386.25,386.25,24463128.415079366,772.5,0.4725573833070317,0.0852530875530948,0.2557998641633112,0.3332804254292584,0.2327466075937426,0.0248513842910476,0.0616250073084991,0.0850570263499431,0.1115834568954012,0.0616250073084991,0.557893949278605,0.0386273360301511,0.557893949278605,0.5651682460536599,0.0491573190361037,0.2183449651046859,0.2557998641633112,0.0852530875530948,0.2183449651046859,0.557893949278605,False,,,N100_drop0.50_s0.20_c0.05,1.0,0.0,0.0,False,False,1.0068271698186462,1.0170734897113791,-0.0865463796488441,-0.1149304575594595,False,,
2026-10-06,MAHASTEEL,INE451L01014,1139.3,1139.3,14603724.381746031,2278.6,0.4713156551642899,0.084790580048302,0.1733783567142602,0.4890493926415675,0.239702063007156,0.0863672077272401,0.0612833607103053,0.0845072946325922,0.1108535181736201,0.0612833607103053,0.6604249981046645,0.1167396637118972,0.6604249981046645,0.6497619490170895,0.1078999830830194,0.2879818594104308,0.1733783567142602,0.084790580048302,0.2879818594104308,0.6604249981046645,False,,,N100_drop0.50_s0.20_c0.05,1.0,0.0,0.0,False,False,1.0068271698186462,1.0170734897113791,-0.0865463796488441,-0.1149304575594595,False,,
2026-10-06,YUKEN,INE384C01016,1238.6,1238.6,24283739.34206349,2477.2,0.4691211211626942,0.0839784215024237,0.2140824685233352,0.3922713619740887,0.2338802675046997,0.1014470849330111,0.0606993479323585,0.0836916145260262,0.1097312682234365,0.0606993479323585,0.5676685846112681,0.0546660128010584,0.5676685846112681,0.519496157655569,0.0172110680548855,0.1919720767888307,0.2140824685233352,0.0839784215024237,0.1919720767888307,0.5676685846112681,False,,,N100_drop0.50_s0.20_c0.05,1.0,0.0,0.0,False,False,1.0068271698186462,1.0170734897113791,-0.0865463796488441,-0.1149304575594595,False,,
2026-10-06,GLOBAL,INE291W01037,142.62,142.62,17844606.84126984,285.24,0.4677539800083712,0.0834758255601287,0.1670235801500448,0.4997846740270965,0.2346717056818227,0.0690465488974761,0.0603406183247733,0.083200933195322,0.1090411245806647,0.0603406183247733,0.5873968666737718,0.0557509894991869,0.5873968666737718,0.5076092296717948,0.0229705765789982,0.1829411764705882,0.1670235801500448,0.0834758255601287,0.1829411764705882,0.5873968666737718,False,,,N100_drop0.50_s0.20_c0.05,1.0,0.0,0.0,False,False,1.0068271698186462,1.0170734897113791,-0.0865463796488441,-0.1149304575594595,False,,
2026-10-06,SCPL,INE501Y01019,609.25,609.25,33647372.96984127,1218.5,0.4667167148087587,0.0830962085476421,0.1985976826646267,0.4184147943355779,0.2461425157719074,0.2115726958917432,0.0600696870179346,0.0828562779468251,0.1085198927573341,0.0600696870179346,0.6100901372443926,0.1221711735504371,0.6100901372443926,0.6090058697723159,0.1015049030380541,0.2401459854014598,0.1985976826646267,0.0830962085476421,0.2401459854014598,0.6100901372443926,False,,,N100_drop0.50_s0.20_c0.05,1.0,0.0,0.0,False,False,1.0068271698186462,1.0170734897113791,-0.0865463796488441,-0.1149304575594595,False,,
2026-10-06,AVADHSUGAR,INE349W01017,873.3,873.3,208725862.9309524,1746.6,0.4637093311371062,0.082003830950028,0.2289841203731644,0.3581201649109566,0.2478120905637366,0.1162361938349006,0.0592901626505704,0.0818079302467208,0.1070202213573612,0.0592901626505704,0.5785662046061563,0.0863733959332335,0.5785662046061563,0.545066297039163,0.0473509670396619,0.2183449651046859,0.2289841203731644,0.082003830950028,0.2183449651046859,0.5785662046061563,False,,,N100_drop0.50_s0.20_c0.05,1.0,0.0,0.0,False,False,1.0068271698186462,1.0170734897113791,-0.0865463796488441,-0.1149304575594595,False,,
2026-10-06,MODISONLTD,INE737D01021,491.3,491.3,60285145.81111111,982.6,0.4636039390544159,0.0819657705506089,0.3049174693724413,0.2688129700121965,0.2550328428677335,0.1813878357062962,0.059263005290267,0.0817697404623789,0.1069679760534468,0.059263005290267,0.5267280747792519,0.1588540178567525,0.5267280747792519,0.5546049059293736,0.1195614364747412,0.2183449651046859,0.3049174693724413,0.0819657705506089,0.2183449651046859,0.5267280747792519,False,,,N100_drop0.50_s0.20_c0.05,1.0,0.0,0.0,False,False,1.0068271698186462,1.0170734897113791,-0.0865463796488441,-0.1149304575594595,False,,
2026-10-06,STLTECH,INE089C01029,1016.7,1016.7,1468554124.7507937,2033.4,0.4630220990712937,0.0817559180770278,0.3206661223785732,0.2549565182333422,0.2502678309954742,0.1657365750458272,0.0591132717493187,0.0815220177878766,0.1066799201274433,0.0591132717493187,0.5160533479340482,0.0520014145579279,0.5160533479340482,0.5272786946202386,0.0436795128496135,0.1960507757404795,0.3206661223785732,0.0817559180770278,0.1960507757404795,0.5160533479340482,False,,,N100_drop0.50_s0.20_c0.05,1.0,0.0,0.0,False,False,1.0068271698186462,1.0170734897113791,-0.0865463796488441,-0.1149304575594595,False,,
2026-10-06,GAYAPROJ,INE336H01023,21.46,21.46,17410962.04142857,42.92,0.462503599578523,0.0815692926932345,0.2447297688865231,0.3333035170357913,0.2347180443032303,0.1433464700623326,0.0589801156492837,0.0813158718592875,0.1064237577534776,0.0589801156492837,0.5661816885834163,0.0731653248228217,0.5661816885834163,0.5597673941358794,0.057822240594495,0.2183449651046859,0.2447297688865231,0.0815692926932345,0.2183449651046859,0.5661816885834163,False,,,N100_drop0.50_s0.20_c0.05,1.0,0.0,0.0,False,False,1.0068271698186462,1.0170734897113791,-0.0865463796488441,-0.1149304575594595,False,,
2026-10-06,PRECOT,INE283A01014,604.5,604.5,5257189.11111111,1209.0,0.4611280660746271,0.0810759299247292,0.2336038721717448,0.3470658648377306,0.2423075633789568,0.0978191705943191,0.058628124386083,0.0807797694605653,0.1057100866545694,0.058628124386083,0.5872895910560115,0.0674916502754128,0.5872895910560115,0.5864422423525618,0.0769071066045349,0.2401459854014598,0.2336038721717448,0.0810759299247292,0.2401459854014598,0.5872895910560115,False,,,N100_drop0.50_s0.20_c0.05,1.0,0.0,0.0,False,False,1.0068271698186462,1.0170734897113791,-0.0865463796488441,-0.1149304575594595,False,,
2026-10-06,KABRAEXTRU,INE900B01029,815.7,815.7,201720801.51031744,1631.4,0.4606337221204304,0.0808992378649773,0.408148363051623,0.1982103695335539,0.237157365214577,0.0289580819593594,0.0585020698911704,0.0805767466414672,0.1054229960213352,0.0585020698911704,0.5645629107263105,0.0410942402560742,0.5645629107263105,0.5607098136552913,0.0412834899506863,0.2183449651046859,0.408148363051623,0.0808992378649773,0.2183449651046859,0.5645629107263105,False,,,N100_drop0.50_s0.20_c0.05,1.0,0.0,0.0,False,False,1.0068271698186462,1.0170734897113791,-0.0865463796488441,-0.1149304575594595,False,,
2026-10-06,VENUSREM,INE411B01019,1746.7,1746.7,66202538.0047619,3493.4,0.4595377083689419,0.0805086457110345,0.2141919666201382,0.375871452984106,0.2614262035299888,0.1663777968704394,0.0582234291553431,0.0801418028201328,0.1047887805473755,0.0582234291553431,0.5574139141044258,0.083919875749221,0.5574139141044258,0.5588679453942604,0.0931174829856494,0.2183449651046859,0.2141919666201382,0.0805086457110345,0.2183449651046859,0.5574139141044258,False,,,N100_drop0.50_s0.20_c0.05,1.0,0.0,0.0,False,False,1.0068271698186462,1.0170734897113791,-0.0865463796488441,-0.1149304575594595,False,,
2026-10-06,ZIMLAB,INE518E01015,138.57,138.57,10774176.134761903,277.14,0.4584450890819018,0.0801208387708624,0.2155531407668439,0.371698776857658,0.2324213452812782,0.1570487387487672,0.0579467927743025,0.0797267844919162,0.1041596659239877,0.0579467927743025,0.5424644772455246,0.0687884138793954,0.5424644772455246,0.5225535490179202,0.0376027420370007,0.1919720767888307,0.2155531407668439,0.0801208387708624,0.1919720767888307,0.5424644772455246,False,,,N100_drop0.50_s0.20_c0.05,1.0,0.0,0.0,False,False,1.0068271698186462,1.0170734897113791,-0.0865463796488441,-0.1149304575594595,False,,
2026-10-06,SHREEJISPG,INE1B6101010,796.5,796.5,685681949.454762,1593.0,0.4576956887222274,0.0798557570040719,0.1284721958480039,0.6215800740150006,0.2346759821803463,0.1180460147782873,0.0577577104463836,0.079463189322445,0.1037681694395663,0.0577577104463836,0.6365434196284679,0.0972576604455521,0.6365434196284679,0.620097548129622,0.0899510652154468,0.2469135802469135,0.1284721958480039,0.0798557570040719,0.2469135802469135,0.6365434196284679,False,,,N100_drop0.50_s0.20_c0.05,1.0,0.0,0.0,False,False,1.0068271698186462,1.0170734897113791,-0.0865463796488441,-0.1149304575594595,False,,
2026-10-06,ROSSTECH,INE0OJW01016,1612.1,1612.1,415761440.68571424,3224.2,0.4575780105431688,0.079814197990283,0.2347013923429576,0.3400669982973706,0.2441221295130989,0.0596575262173116,0.0577280671982118,0.0794263160940613,0.1037135423838996,0.0577280671982118,0.5582741514853241,0.0393516137141625,0.5582741514853241,0.4898092487952425,0.011361759729146,0.1732057416267942,0.2347013923429576,0.079814197990283,0.1732057416267942,0.5582741514853241,False,,,N100_drop0.50_s0.20_c0.05,1.0,0.0,0.0,False,False,1.0068271698186462,1.0170734897113791,-0.0865463796488441,-0.1149304575594595,False,,
2026-10-06,SPECIALITY,INE247M01014,156.32,156.32,9516127.464603174,312.64,0.4574151166743086,0.07975670052223,0.1765161054763969,0.4518380932265399,0.2262543974406115,0.1268080237107987,0.0576870556755058,0.0793752991816154,0.1036379642221515,0.0576870556755058,0.595729547716859,0.0842326873127836,0.595729547716859,0.5648517130603525,0.0454960186710298,0.2183449651046859,0.1765161054763969,0.07975670052223,0.2183449651046859,0.595729547716859,False,,,N100_drop0.50_s0.20_c0.05,1.0,0.0,0.0,False,False,1.0068271698186462,1.0170734897113791,-0.0865463796488441,-0.1149304575594595,False,,
2026-10-06,TEXMOPIPES,INE141K01013,53.8,53.8,9295639.586349208,107.6,0.4569494840398391,0.0795925346738966,0.2472968549074621,0.3218501695206756,0.2260240551753371,0.0826814915322829,0.0575699622673239,0.0792296218353556,0.1034221690743267,0.0575699622673239,0.5446205141289551,0.0334055029516475,0.5446205141289551,0.5400099499046288,0.0291223409518039,0.2183449651046859,0.2472968549074621,0.0795925346738966,0.2183449651046859,0.5446205141289551,False,,,N100_drop0.50_s0.20_c0.05,1.0,0.0,0.0,False,False,1.0068271698186462,1.0170734897113791,-0.0865463796488441,-0.1149304575594595,False,,
2026-10-06,SONAMLTD,INE00LM01029,71.55,71.55,8657673.682698412,143.1,0.4568844682688055,0.079569634851296,0.2130813645023703,0.3734237155704479,0.226995068818511,0.1227396397109065,0.057553628912107,0.0792092992803915,0.1033920667207149,0.057553628912107,0.6032134722867237,0.0895983423848094,0.6032134722867237,0.5872863055771468,0.0621745808166525,0.2401459854014598,0.2130813645023703,0.079569634851296,0.2401459854014598,0.6032134722867237,False,,,N100_drop0.50_s0.20_c0.05,1.0,0.0,0.0,False,False,1.0068271698186462,1.0170734897113791,-0.0865463796488441,-0.1149304575594595,False,,
2026-10-06,INDORAMA,INE156A01020,95.1,95.1,109816460.2704762,190.2,0.4558218114934185,0.0791961250932129,0.3302361065361079,0.2398166751779872,0.2215096112478861,0.0358584056716728,0.0572872303292256,0.0788228272964022,0.1029010568206787,0.0572872303292256,0.5337106984953063,0.0404092760333062,0.5337106984953063,0.5451162979206305,0.0461631664545604,0.2183449651046859,0.3302361065361079,0.0791961250932129,0.2183449651046859,0.5337106984953063,False,,,N100_drop0.50_s0.20_c0.05,1.0,0.0,0.0,False,False,1.0068271698186462,1.0170734897113791,-0.0865463796488441,-0.1149304575594595,False,,
2026-10-06,BATLIBOI,INE177C01022,96.16,96.16,7187878.16952381,192.32,0.4554028433459831,0.0790492657615571,0.3270592682235728,0.2416970666843181,0.240680139203558,0.2454521713279917,0.057182489949461,0.0786681835384472,0.1027079863316992,0.057182489949461,0.4758757444765602,0.2234981576886938,0.4758757444765602,0.5575883409546841,0.1262413348939117,0.2183449651046859,0.3270592682235728,0.0790492657615571,0.2183449651046859,0.4758757444765602,False,,,N100_drop0.50_s0.20_c0.05,1.0,0.0,0.0,False,False,1.0068271698186462,1.0170734897113791,-0.0865463796488441,-0.1149304575594595,False,,
2026-10-06,UYFINCORP,INE152C01025,22.95,22.95,7115732.407301588,45.9,0.4552425438839965,0.0789931366370023,0.1778385074510787,0.4441846581440321,0.2237667906413467,0.1050555591436176,0.0571424591603835,0.0786136588309848,0.1026341937477368,0.0571424591603835,0.6110969329506181,0.0822682919410015,0.6110969329506181,0.5908500943807341,0.0623403899292767,0.2401459854014598,0.1778385074510787,0.0789931366370023,0.2401459854014598,0.6110969329506181,False,,,N100_drop0.50_s0.20_c0.05,1.0,0.0,0.0,False,False,1.0068271698186462,1.0170734897113791,-0.0865463796488441,-0.1149304575594595,False,,
2026-10-06,UNIVASTU,INE562X01013,131.63,131.63,19290560.752222225,263.26,0.4547437999214013,0.0788187127981772,0.1907784199126624,0.4131427067813021,0.2128906657496226,0.090868336976021,0.0570180638122852,0.0784485483952583,0.1024048738626351,0.0570180638122852,0.609638001930296,0.0798861365068133,0.609638001930296,0.6194269306511838,0.0856765193481807,0.2469135802469135,0.1907784199126624,0.0788187127981772,0.2469135802469135,0.609638001930296,False,,,N100_drop0.50_s0.20_c0.05,1.0,0.0,0.0,False,False,1.0068271698186462,1.0170734897113791,-0.0865463796488441,-0.1149304575594595,False,,
2026-10-06,KALYANIFRG,INE314G01014,905.0,905.0,8957038.306349207,1810.0,0.4543165225025555,0.0786695376876819,0.2178927987905873,0.3610469833070975,0.217258466152121,0.1072353816726102,0.0569116779090409,0.0783093249725808,0.1022087419724463,0.0569116779090409,0.6269879576844174,0.097493774185276,0.6269879576844174,0.6133342145412503,0.0816986310815763,0.2469135802469135,0.2178927987905873,0.0786695376876819,0.2469135802469135,0.6269879576844174,False,,,N100_drop0.50_s0.20_c0.05,1.0,0.0,0.0,False,False,1.0068271698186462,1.0170734897113791,-0.0865463796488441,-0.1149304575594595,False,,
2026-10-06,SIGMAADV,INE933B01012,1119.4,1119.4,251558686.07936507,2238.8,0.4504170440867237,0.0773189091084243,0.3691087146290734,0.2094746237192586,0.2642153440551966,0.1816795378601426,0.0559485679603409,0.0771350127941273,0.1004326704943106,0.0559485679603409,0.4425520913797571,0.202192740559495,0.4425520913797571,0.4972290443173679,0.1500469468379085,0.1829411764705882,0.3691087146290734,0.0773189091084243,0.1829411764705882,0.4425520913797571,False,,,N100_drop0.50_s0.20_c0.05,1.0,0.0,0.0,False,False,1.0068271698186462,1.0170734897113791,-0.0865463796488441,-0.1149304575594595,False,,
2026-10-06,SHIVAUM,INE719F01016,552.65,552.65,21747883.45873016,1105.3,0.4493343788367486,0.076947338164093,0.2017873851578739,0.3813287837784861,0.2261199861536475,0.1325430293086918,0.0556836396010536,0.0767572027903201,0.0999439642235986,0.0556836396010536,0.570757338397725,0.0660205687824777,0.570757338397725,0.511235354020536,0.0266329499906146,0.1829411764705882,0.2017873851578739,0.076947338164093,0.1829411764705882,0.570757338397725,False,,,N100_drop0.50_s0.20_c0.05,1.0,0.0,0.0,False,False,1.0068271698186462,1.0170734897113791,-0.0865463796488441,-0.1149304575594595,False,,
2026-10-06,SSWL,INE802C01033,424.7,424.7,633940814.9568254,849.4,0.4489036436855494,0.0767999199749527,0.1760162406286423,0.4363229194116502,0.2271773009703732,0.0803302892327846,0.0555785348774612,0.0765961170550787,0.0997500626617565,0.0555785348774612,0.5763786453109921,0.0616851299658402,0.5763786453109921,0.5753466266589502,0.0605198544882415,0.2397959183673469,0.1760162406286423,0.0767999199749527,0.2397959183673469,0.5763786453109921,False,,,N100_drop0.50_s0.20_c0.05,1.0,0.0,0.0,False,False,1.0068271698186462,1.0170734897113791,-0.0865463796488441,-0.1149304575594595,False,,
2026-10-06,MAZDA,INE885E01042,283.4,283.4,7140186.157777778,566.8,0.4486066220770023,0.0766984006102435,0.1862726707284225,0.4117533737521081,0.2169130029944787,0.1101066767028403,0.0555061558606154,0.0765122957748108,0.0996165290533219,0.0555061558606154,0.5651141779970515,0.0516352653468317,0.5651141779970515,0.5350097654061128,0.025402207159579,0.2156862745098039,0.1862726707284225,0.0766984006102435,0.2156862745098039,0.5651141779970515,False,,,N100_drop0.50_s0.20_c0.05,1.0,0.0,0.0,False,False,1.0068271698186462,1.0170734897113791,-0.0865463796488441,-0.1149304575594595,False,,
2026-10-06,KAPSTON,INE542Z01028,547.25,547.25,67124315.89047618,1094.5,0.4483609134508934,0.0766145031311595,0.2036079968526248,0.3762843518696102,0.2219580799663121,0.0216887271570189,0.0554465159902438,0.076443011326033,0.0995061722517734,0.0554465159902438,0.5906734986162002,0.0642525035574939,0.5906734986162002,0.5895264252479135,0.063933742265121,0.2401459854014598,0.2036079968526248,0.0766145031311595,0.2401459854014598,0.5906734986162002,False,,,N100_drop0.50_s0.20_c0.05,1.0,0.0,0.0,False,False,1.0068271698186462,1.0170734897113791,-0.0865463796488441,-0.1149304575594595,False,,
2026-10-06,TBZ,INE760L01018,608.85,608.85,984317214.6538095,1217.7,0.4476897924563134,0.0763857329807491,0.3297362867628464,0.231657042452496,0.22494471065757,0.061416789954452,0.0552848457888844,0.0762538173586341,0.0992052434118689,0.0552848457888844,0.5097172793394416,0.0131157476374703,0.5097172793394416,0.5621407068436035,0.0438426460160356,0.2183449651046859,0.3297362867628464,0.0763857329807491,0.2183449651046859,0.5097172793394416,False,,,N100_drop0.50_s0.20_c0.05,1.0,0.0,0.0,False,False,1.0068271698186462,1.0170734897113791,-0.0865463796488441,-0.1149304575594595,False,,
2026-10-06,BIL,INE828A01016,1092.85,1092.85,14478479.234126983,2185.7,0.4475450807368867,0.0763364777123758,0.2130167925575045,0.3583589668958541,0.2190624571518062,0.0902508980084147,0.0552500376297535,0.0762072925366411,0.0991404501617138,0.0552500376297535,0.5738608156056415,0.0498589146073277,0.5738608156056415,0.5351662747640469,0.027231949054582,0.2156862745098039,0.2130167925575045,0.0763364777123758,0.2156862745098039,0.5738608156056415,False,,,N100_drop0.50_s0.20_c0.05,1.0,0.0,0.0,False,False,1.0068271698186462,1.0170734897113791,-0.0865463796488441,-0.1149304575594595,False,,
2026-10-06,PRIMO,INE607A01022,26.97,26.97,7824792.049841271,53.94,0.4472743945107538,0.0762444148263155,0.2462904048174028,0.3095711945532036,0.2262169642592343,0.1323137907996951,0.0551849779624004,0.0761203295430509,0.0990193434959886,0.0551849779624004,0.5555049936151536,0.0657150104278648,0.5555049936151536,0.5076766604181698,0.0093043916800381,0.1829411764705882,0.2462904048174028,0.0762444148263155,0.1829411764705882,0.5555049936151536,False,,,N100_drop0.50_s0.20_c0.05,1.0,0.0,0.0,False,False,1.0068271698186462,1.0170734897113791,-0.0865463796488441,-0.1149304575594595,False,,
2026-10-06,GEEKAYWIRE,INE669X01032,32.72,32.72,6338093.386349207,65.44,0.4465405297055195,0.0759952794166386,0.2430245601036773,0.3127061700439581,0.2185922904980077,0.1311913743348546,0.0550089182006586,0.0758663884288724,0.098691599863331,0.0550089182006586,0.5615143844136542,0.0642990904297058,0.5615143844136542,0.5456455490235009,0.0367371541033563,0.2183449651046859,0.2430245601036773,0.0759952794166386,0.2183449651046859,0.5615143844136542,False,,,N100_drop0.50_s0.20_c0.05,1.0,0.0,0.0,False,False,1.0068271698186462,1.0170734897113791,-0.0865463796488441,-0.1149304575594595,False,,
2026-10-06,ARROWGREEN,INE570D01018,891.75,891.75,31286529.180158727,1783.5,0.4439527973071974,0.0751221057354245,0.1970036514388816,0.3813234180521286,0.221654270853331,0.1227151954041582,0.0543918720979621,0.0749661898415814,0.0975427874395231,0.0543918720979621,0.559930538409728,0.0636477958357938,0.559930538409728,0.5208166919497743,0.034405931585903,0.1919720767888307,0.1970036514388816,0.0751221057354245,0.1919720767888307,0.559930538409728,False,,,N100_drop0.50_s0.20_c0.05,1.0,0.0,0.0,False,False,1.0068271698186462,1.0170734897113791,-0.0865463796488441,-0.1149304575594595,False,,
2026-10-06,INDOAMIN,INE760F01028,161.16,161.16,32917559.613492064,322.32,0.4431273738696859,0.074845317559913,0.1942197307118973,0.385364130027229,0.2190232641784165,0.0798780691748569,0.0541962771211932,0.0746426173001949,0.0971774047972585,0.0541962771211932,0.5450159578826527,0.03890980060271,0.5450159578826527,0.5038251886246923,0.0113148737881542,0.1829411764705882,0.1942197307118973,0.074845317559913,0.1829411764705882,0.5450159578826527,False,,,N100_drop0.50_s0.20_c0.05,1.0,0.0,0.0,False,False,1.0068271698186462,1.0170734897113791,-0.0865463796488441,-0.1149304575594595,False,,
2026-10-06,NAHARSPING,INE290A01027,257.4,257.4,11389445.895238094,514.8,0.4404822835175585,0.0739639379173829,0.2069664187411861,0.3573716855480585,0.2218305926603847,0.1124587040958574,0.0536245875285491,0.0737777596328391,0.095815980982259,0.0536245875285491,0.5657240262612021,0.0544718187072558,0.5657240262612021,0.5725738321481245,0.0553566277992823,0.221311475409836,0.2069664187411861,0.0739639379173829,0.221311475409836,0.5657240262612021,False,,,N100_drop0.50_s0.20_c0.05,1.0,0.0,0.0,False,False,1.0068271698186462,1.0170734897113791,-0.0865463796488441,-0.1149304575594595,False,,
2026-10-06,LOTUSDEV,INE0V9Q01010,244.73,244.73,510412310.9198412,489.46,0.4402053383541809,0.0738721465264147,0.1902117974433736,0.3883678484685295,0.2246178331649808,0.0839998176904667,0.0535677716281478,0.0736789525918817,0.0956658227150521,0.0535677716281478,0.5721163859833656,0.0437737959012352,0.5721163859833656,0.5134163298561775,0.0084978131249013,0.1829411764705882,0.1902117974433736,0.0738721465264147,0.1829411764705882,0.5721163859833656,False,,,N100_drop0.50_s0.20_c0.05,1.0,0.0,0.0,False,False,1.0068271698186462,1.0170734897113791,-0.0865463796488441,-0.1149304575594595,False,,
2026-10-06,BLUSPRING,INE0U4101014,144.53,144.53,67585994.07809524,289.06,0.4401975694446824,0.0738695729144871,0.2554948116149259,0.289123573381291,0.2358774183391206,0.1683374815719414,0.0535661785297914,0.073676182413098,0.0956616132033694,0.0535661785297914,0.5394839148832969,0.1160592409910853,0.5394839148832969,0.545639260839513,0.0965262046322771,0.2183449651046859,0.2554948116149259,0.0738695729144871,0.2183449651046859,0.5394839148832969,False,,,N100_drop0.50_s0.20_c0.05,1.0,0.0,0.0,False,False,1.0068271698186462,1.0170734897113791,-0.0865463796488441,-0.1149304575594595,False,,
2026-10-06,BHAGYANGR,INE458B01036,432.95,432.95,57989577.54126984,865.9,0.4400332457562824,0.0738151543466971,0.2591530603520112,0.2848322695724022,0.2526489351836591,0.2281872301998273,0.0535324912662539,0.0736193889212894,0.0955726110917775,0.0535324912662539,0.5159871248393588,0.1284986660027562,0.5159871248393588,0.513751044830637,0.1132043904703943,0.1829411764705882,0.2591530603520112,0.0738151543466971,0.1829411764705882,0.5159871248393588,False,,,N100_drop0.50_s0.20_c0.05,1.0,0.0,0.0,False,False,1.0068271698186462,1.0170734897113791,-0.0865463796488441,-0.1149304575594595,False,,
2026-10-06,MARINE,INE01JE01028,478.85,478.85,564367014.2261904,957.7,0.4363686479152233,0.0726099732874203,0.2684923330986026,0.2704359280931669,0.2288807265446816,0.1115609317580849,0.0528384247332084,0.0723879828424961,0.0937641832211356,0.0528384247332084,0.5209751881085963,0.0590141035151706,0.5209751881085963,0.501926835033239,0.0384378885242013,0.1829411764705882,0.2684923330986026,0.0726099732874203,0.1829411764705882,0.5209751881085963,False,,,N100_drop0.50_s0.20_c0.05,1.0,0.0,0.0,False,False,1.0068271698186462,1.0170734897113791,-0.0865463796488441,-0.1149304575594595,False,,
2026-10-06,NRAIL,INE740D01017,658.25,658.25,15649455.28015873,1316.5,0.4356876873771411,0.0723877871194713,0.2298084621088897,0.3149918260415145,0.2101194829198818,0.006009984021137,0.0527372610440928,0.0721728161330504,0.0934919261966566,0.0527372610440928,0.568831410071524,0.0488360942110416,0.568831410071524,0.5578641416169025,0.0387689050237901,0.2183449651046859,0.2298084621088897,0.0723877871194713,0.2183449651046859,0.568831410071524,False,,,N100_drop0.50_s0.20_c0.05,1.0,0.0,0.0,False,False,1.0068271698186462,1.0170734897113791,-0.0865463796488441,-0.1149304575594595,False,,
2026-10-06,LANCORHOL,INE572G01025,32.21,32.21,8306674.57031746,64.42,0.4352651363781198,0.0722501914203284,0.2272022696580807,0.3179994263660243,0.2107966853642274,0.0795765933204473,0.0526745612813691,0.0720395594261901,0.0933224150968349,0.0526745612813691,0.6053830532715369,0.0827898823880251,0.6053830532715369,0.6068588278088426,0.0777439388595895,0.2401459854014598,0.2272022696580807,0.0722501914203284,0.2401459854014598,0.6053830532715369,False,,,N100_drop0.50_s0.20_c0.05,1.0,0.0,0.0,False,False,1.0068271698186462,1.0170734897113791,-0.0865463796488441,-0.1149304575594595,False,,
2026-10-06,KAMATHOTEL,INE967C01018,258.82,258.82,18190844.528412696,517.64,0.435016833927198,0.0721694347416549,0.2377494068598594,0.3035525332948356,0.2226176806064218,0.1476047219889009,0.0526377437621791,0.0719613464909756,0.0932229196645145,0.0526377437621791,0.5310204354186956,0.0506338657718063,0.5310204354186956,0.5056132289408429,0.046830841450183,0.1829411764705882,0.2377494068598594,0.0721694347416549,0.1829411764705882,0.5310204354186956,False,,,N100_drop0.50_s0.20_c0.05,1.0,0.0,0.0,False,False,1.0068271698186462,1.0170734897113791,-0.0865463796488441,-0.1149304575594595,False,,
2026-10-06,CPCAP,INE521J01018,154.53,154.53,6387441.001746032,309.06,0.4348268277345147,0.0721076871341293,0.2420419550455297,0.2979140005730221,0.2233029103398551,0.0881875865200199,0.052609583494447,0.0719015424297665,0.09313805071071,0.052609583494447,0.5730900128376796,0.0455885058879161,0.5730900128376796,0.5614100245041994,0.0402222360578173,0.2183449651046859,0.2420419550455297,0.0721076871341293,0.2183449651046859,0.5730900128376796,False,,,N100_drop0.50_s0.20_c0.05,1.0,0.0,0.0,False,False,1.0068271698186462,1.0170734897113791,-0.0865463796488441,-0.1149304575594595,False,,
2026-10-06,GMMPFAUDLR,INE541A01023,1425.7,1425.7,450656184.5603174,2851.4,0.4344986024034019,0.0720011216399836,0.1663924110964567,0.432718783059433,0.2177355109363087,0.0370251667761521,0.0525609652217631,0.0717983282285602,0.0929268756732611,0.0525609652217631,0.5880386476704101,0.0795532916307159,0.5880386476704101,0.559964626056438,0.0533220027089885,0.2183449651046859,0.1663924110964567,0.0720011216399836,0.2183449651046859,0.5880386476704101,False,,,N100_drop0.50_s0.20_c0.05,1.0,0.0,0.0,False,False,1.0068271698186462,1.0170734897113791,-0.0865463796488441,-0.1149304575594595,False,,
2026-10-06,TIRUPATIFL,INE319Y01024,72.19,72.19,31317786.244603176,144.38,0.4343744829578178,0.0719608565803163,0.2072029511124969,0.3472964848905387,0.2221466990333517,0.1282455127767227,0.0525425889884798,0.0717593284669157,0.0928471225496854,0.0525425889884798,0.5553172114828203,0.0749468625913258,0.5553172114828203,0.5438299051232869,0.0607340613403004,0.2183449651046859,0.2072029511124969,0.0719608565803163,0.2183449651046859,0.5553172114828203,False,,,N100_drop0.50_s0.20_c0.05,1.0,0.0,0.0,False,False,1.0068271698186462,1.0170734897113791,-0.0865463796488441,-0.1149304575594595,False,,
2026-10-06,UNIDT,INE961D01019,226.13,226.13,7833744.66936508,452.26,0.4332934874081722,0.071610939807418,0.2229770897690298,0.3211582852821158,0.2130279384227712,0.1157331019226043,0.0523827509970258,0.0714146619192107,0.0924105712475652,0.0523827509970258,0.5177848404532969,0.0288876440796674,0.5177848404532969,0.5115553153458797,0.0274116816876758,0.1829411764705882,0.2229770897690298,0.071610939807418,0.1829411764705882,0.5177848404532969,False,,,N100_drop0.50_s0.20_c0.05,1.0,0.0,0.0,False,False,1.0068271698186462,1.0170734897113791,-0.0865463796488441,-0.1149304575594595,False,,
2026-10-06,SAHYADRI,INE280H01015,354.05,354.05,7483329.705555555,708.1,0.4329848645821301,0.0715112900976505,0.1923043161294326,0.3718652370210923,0.2101024581049627,0.1401748651578339,0.0523371852488615,0.071312887648471,0.092289443372864,0.0523371852488615,0.6175128794475613,0.0968427639050003,0.6175128794475613,0.6048219853936169,0.0758964771080374,0.2401459854014598,0.1923043161294326,0.0715112900976505,0.2401459854014598,0.6175128794475613,False,,,N100_drop0.50_s0.20_c0.05,1.0,0.0,0.0,False,False,1.0068271698186462,1.0170734897113791,-0.0865463796488441,-0.1149304575594595,False,,
2026-10-06,AHCL,INE0Y8W01025,29.66,29.66,469460738.0836508,59.32,0.432733303632924,0.0714301471159908,0.3496871167470356,0.2042687410976696,0.2315570447048257,0.1157945000554117,0.0523000664549954,0.0712300170391295,0.0921902602334103,0.0523000664549954,0.5116412729103854,0.0136849421803199,0.5116412729103854,0.4971717973641598,0.0077548727867838,0.1829411764705882,0.3496871167470356,0.0714301471159908,0.1829411764705882,0.5116412729103854,False,,,N100_drop0.50_s0.20_c0.05,1.0,0.0,0.0,False,False,1.0068271698186462,1.0170734897113791,-0.0865463796488441,-0.1149304575594595,False,,
2026-10-06,NAHARINDUS,INE289A01011,127.66,127.66,5381984.48904762,255.32,0.4322371476907084,0.0712703243954808,0.2098758596606,0.3395832398768272,0.2125208289176154,0.1494641369469643,0.0522269150985677,0.0710667977275941,0.091994882157345,0.0522269150985677,0.581244598316046,0.0737809172127865,0.581244598316046,0.5705489293798337,0.0532939662215683,0.221311475409836,0.2098758596606,0.0712703243954808,0.221311475409836,0.581244598316046,False,,,N100_drop0.50_s0.20_c0.05,1.0,0.0,0.0,False,False,1.0068271698186462,1.0170734897113791,-0.0865463796488441,-0.1149304575594595,False,,
2026-10-06,FILATEX,INE816B01035,111.36,111.36,499808935.3353968,222.72,0.4321896980024373,0.0712550548317894,0.2787192240344549,0.2556517408464835,0.2210348246769711,0.0166053932319071,0.0522199233494087,0.0710513807095311,0.0919762140367691,0.0522199233494087,0.5366518792655471,0.0152835920742591,0.5366518792655471,0.5183113841935166,0.0213497390701909,0.1919720767888307,0.2787192240344549,0.0712550548317894,0.1919720767888307,0.5366518792655471,False,,,N100_drop0.50_s0.20_c0.05,1.0,0.0,0.0,False,False,1.0068271698186462,1.0170734897113791,-0.0865463796488441,-0.1149304575594595,False,,
2026-10-06,DOLPHIN,INE920A01037,643.35,643.35,48257101.15,1286.7,0.431650348855298,0.0710816734180549,0.2213464626484036,0.3211330895807635,0.2049540166217257,0.0488084320689101,0.0521404994715088,0.070910771554811,0.0917460386391278,0.0521404994715088,0.5979265872424069,0.0671682809878093,0.5979265872424069,0.5840828729502099,0.0587055653521882,0.2401459854014598,0.2213464626484036,0.0710816734180549,0.2401459854014598,0.5979265872424069,False,,,N100_drop0.50_s0.20_c0.05,1.0,0.0,0.0,False,False,1.0068271698186462,1.0170734897113791,-0.0865463796488441,-0.1149304575594595,False,,
2026-10-06,BALPHARMA,INE083D01012,101.46,101.46,7875506.566666666,202.92,0.4312227871730922,0.0709444676927964,0.2406515197783423,0.2948016607505387,0.2105513214093217,0.0768146460621383,0.052077602015852,0.0708016671623473,0.0915349723656984,0.052077602015852,0.5495077561053439,0.0305121675335194,0.5495077561053439,0.5375772663630264,0.0266086319281472,0.2183449651046859,0.2406515197783423,0.0709444676927964,0.2183449651046859,0.5495077561053439,False,,,N100_drop0.50_s0.20_c0.05,1.0,0.0,0.0,False,False,1.0068271698186462,1.0170734897113791,-0.0865463796488441,-0.1149304575594595,False,,
2026-10-06,OMAXAUTO,INE090B01011,209.29,209.29,15941871.475873016,418.58,0.431166479033986,0.0709264140501782,0.2841535304238007,0.249605957541316,0.2249444011063018,0.1323001963721541,0.0520693229354944,0.0707873081742749,0.0915072046753411,0.0520693229354944,0.4896386244948124,0.06448857170443,0.4896386244948124,0.513462487410499,0.0600424988702091,0.1829411764705882,0.2841535304238007,0.0709264140501782,0.1829411764705882,0.4896386244948124,False,,,N100_drop0.50_s0.20_c0.05,1.0,0.0,0.0,False,False,1.0068271698186462,1.0170734897113791,-0.0865463796488441,-0.1149304575594595,False,,
2026-10-06,KOHINOOR,INE080B01012,28.89,28.89,6715746.19031746,57.78,0.4310718524414966,0.0708960829312229,0.2388061163933579,0.2968771654677552,0.2109039493821672,0.1148223181230684,0.0520554120591675,0.0707631827372245,0.0914605558220659,0.0520554120591675,0.5687121988835182,0.0521947312709327,0.5687121988835182,0.5712608176160154,0.0587877342686807,0.221311475409836,0.2388061163933579,0.0708960829312229,0.221311475409836,0.5687121988835182,False,,,N100_drop0.50_s0.20_c0.05,1.0,0.0,0.0,False,False,1.0068271698186462,1.0170734897113791,-0.0865463796488441,-0.1149304575594595,False,,
2026-10-06,ISFT,INE566K01011,98.32,98.32,7769994.834444446,196.64,0.4304586376176815,0.0706997773509559,0.2572181127647738,0.2748631369347266,0.2150661452825889,0.1055210873992567,0.0519653322136515,0.0705907229967443,0.0911587134835793,0.0519653322136515,0.57228634816164,0.0607067197834862,0.57228634816164,0.5575076957071498,0.045159054156195,0.2183449651046859,0.2572181127647738,0.0706997773509559,0.2183449651046859,0.57228634816164,False,,,N100_drop0.50_s0.20_c0.05,1.0,0.0,0.0,False,False,1.0068271698186462,1.0170734897113791,-0.0865463796488441,-0.1149304575594595,False,,
2026-10-06,SHALPAINTS,INE849C01026,77.64,77.64,40412381.43920635,155.28,0.4294460826540739,0.0703765828858603,0.2246564463109196,0.3132631359638829,0.2071183103419824,0.1041640963542361,0.0518168462602551,0.0702908652622491,0.0906620416290558,0.0518168462602551,0.6175618263793927,0.0900409284797535,0.6175618263793927,0.6160770835784147,0.0859793654133856,0.2469135802469135,0.2246564463109196,0.0703765828858603,0.2469135802469135,0.6175618263793927,False,,,N100_drop0.50_s0.20_c0.05,1.0,0.0,0.0,False,False,1.0068271698186462,1.0170734897113791,-0.0865463796488441,-0.1149304575594595,False,,
2026-10-06,AMANTA,INE084K01015,197.68,197.68,11586365.22063492,395.36,0.428845928878995,0.0701855782686377,0.1820044858696169,0.3856255406744024,0.2088565314499366,0.120253498097436,0.0516933841709893,0.0701229279252612,0.0903686764028184,0.0516933841709893,0.5880759828502008,0.1071244947082982,0.5880759828502008,0.5683789664704048,0.0622792558884323,0.2183449651046859,0.1820044858696169,0.0701855782686377,0.2183449651046859,0.5880759828502008,False,,,N100_drop0.50_s0.20_c0.05,1.0,0.0,0.0,False,False,1.0068271698186462,1.0170734897113791,-0.0865463796488441,-0.1149304575594595,False,,
2026-10-06,DBOL,INE0I3401014,137.9,137.9,32254718.7536508,275.8,0.4285218620915252,0.0700826127309286,0.1797447374948954,0.389900776554968,0.2125749877290365,0.0391750260691664,0.0516088380439066,0.0700238642628222,0.0902105813670045,0.0516088380439066,0.5839286970295715,0.0639149055778532,0.5839286970295715,0.5353136064310111,0.0251305662325595,0.2156862745098039,0.1797447374948954,0.0700826127309286,0.2156862745098039,0.5839286970295715,False,,,N100_drop0.50_s0.20_c0.05,1.0,0.0,0.0,False,False,1.0068271698186462,1.0170734897113791,-0.0865463796488441,-0.1149304575594595,False,,
2026-10-06,ASAHISONG,INE228I01012,369.95,369.95,15205877.577777777,739.9,0.4281941055717731,0.0699785971633999,0.1958875632236207,0.3572385914235607,0.2077510966546689,0.1303674182719342,0.0515238775690883,0.0699237855012358,0.0900509100557766,0.0515238775690883,0.5973028955143099,0.0837618789131216,0.5973028955143099,0.5912711482751649,0.0655365228878877,0.2401459854014598,0.1958875632236207,0.0699785971633999,0.2401459854014598,0.5973028955143099,False,,,N100_drop0.50_s0.20_c0.05,1.0,0.0,0.0,False,False,1.0068271698186462,1.0170734897113791,-0.0865463796488441,-0.1149304575594595,False,,
2026-10-06,3IINFOLTD,INE748C01038,22.81,22.81,18630136.233650792,45.62,0.427627219971213,0.0697989823191302,0.1893887937380122,0.3685486397663291,0.2062261009425381,0.1322560246449123,0.0513772065254181,0.0697509572340105,0.0897752738081899,0.0513772065254181,0.5831924334752804,0.0724730986606179,0.5831924334752804,0.5775381684992283,0.0567930609056429,0.2401459854014598,0.1893887937380122,0.0697989823191302,0.2401459854014598,0.5831924334752804,False,,,N100_drop0.50_s0.20_c0.05,1.0,0.0,0.0,False,False,1.0068271698186462,1.0170734897113791,-0.0865463796488441,-0.1149304575594595,False,,
2026-10-06,VETO,INE918N01018,138.54,138.54,7255824.343650795,277.08,0.4272140696368168,0.0696683086591216,0.165999319729513,0.4196903262774957,0.2074042980608125,0.1042414115635156,0.0512705315287281,0.069625211755505,0.0895748106562336,0.0512705315287281,0.5805211051472691,0.0781901905969849,0.5805211051472691,0.5206154183889434,0.0114102364363832,0.1919720767888307,0.165999319729513,0.0696683086591216,0.1919720767888307,0.5805211051472691,False,,,N100_drop0.50_s0.20_c0.05,1.0,0.0,0.0,False,False,1.0068271698186462,1.0170734897113791,-0.0865463796488441,-0.1149304575594595,False,,
2026-10-06,SREEL,INE099F01013,286.85,286.85,12113381.385079363,573.7,0.4266755711223101,0.0694982807610969,0.2573347146084638,0.2700695895881712,0.1995724678498314,0.1350598810130695,0.0511317694116038,0.0694615845964588,0.0893140614107389,0.0511317694116038,0.5301639090661238,0.038843277821532,0.5301639090661238,0.5314515131362273,0.0196618278855744,0.1960507757404795,0.2573347146084638,0.0694982807610969,0.1960507757404795,0.5301639090661238,False,,,N100_drop0.50_s0.20_c0.05,1.0,0.0,0.0,False,False,1.0068271698186462,1.0170734897113791,-0.0865463796488441,-0.1149304575594595,False,,
2026-10-06,THEMISMED,INE083B01024,113.49,113.49,28284864.0168254,226.98,0.4261502675338399,0.0693327364121478,0.2602705734563443,0.2663871504620062,0.2177040025240447,0.095372346023062,0.0509967094454301,0.0693022595236947,0.0890602820388944,0.0509967094454301,0.513263718460982,0.0349564389394254,0.513263718460982,0.5338320662152706,0.0538990230900587,0.1960507757404795,0.2602705734563443,0.0693327364121478,0.1960507757404795,0.513263718460982,False,,,N100_drop0.50_s0.20_c0.05,1.0,0.0,0.0,False,False,1.0068271698186462,1.0170734897113791,-0.0865463796488441,-0.1149304575594595,False,,
2026-10-06,UFBL,INE382M01027,695.2,695.2,69290740.65476194,1390.4,0.425990937016065,0.0692825867706727,0.2457564346604644,0.2819156571277294,0.2380312688214282,0.2469484816731407,0.0509558030713949,0.0692539914613638,0.0889834210411378,0.0509558030713949,0.5029394956233105,0.1353365913592628,0.5029394956233105,0.5400625305184128,0.1055937459723295,0.2183449651046859,0.2457564346604644,0.0692825867706727,0.2183449651046859,0.5029394956233105,False,,,N100_drop0.50_s0.20_c0.05,1.0,0.0,0.0,False,False,1.0068271698186462,1.0170734897113791,-0.0865463796488441,-0.1149304575594595,False,,
2026-10-06,AARTISURF,INE09EO01013,505.45,505.45,22341682.896031745,1010.9,0.4256379682460992,0.0691715913911839,0.2204204465607639,0.3138165831277146,0.2062857170377701,0.1658222868798465,0.0508652795606215,0.0691471564496813,0.0888133363034325,0.0508652795606215,0.5815132995482837,0.0765145305864264,0.5815132995482837,0.5717902870275625,0.0576580292475048,0.221311475409836,0.2204204465607639,0.0691715913911839,0.221311475409836,0.5815132995482837,False,,,N100_drop0.50_s0.20_c0.05,1.0,0.0,0.0,False,False,1.0068271698186462,1.0170734897113791,-0.0865463796488441,-0.1149304575594595,False,,
2026-10-06,KANPRPLA,INE694E01014,250.9,250.9,13927542.056984128,501.8,0.4248314834322366,0.0689185104995381,0.200657247060831,0.3434638494698618,0.2054267899724595,0.1422907257609141,0.0506589483161879,0.0689035404463781,0.0884209465237557,0.0506589483161879,0.5766896145158705,0.0815939844712311,0.5766896145158705,0.565885721638048,0.0487483419489344,0.2183449651046859,0.200657247060831,0.0689185104995381,0.2183449651046859,0.5766896145158705,False,,,N100_drop0.50_s0.20_c0.05,1.0,0.0,0.0,False,False,1.0068271698186462,1.0170734897113791,-0.0865463796488441,-0.1149304575594595,False,,
2026-10-06,SETL,INE0M4D01010,428.3,428.3,328129793.9722222,856.6,0.4248111267009988,0.0689121318981627,0.2445746058168036,0.2817632340365733,0.2196608637077055,0.1053906729397607,0.0506537492727462,0.0688974000149128,0.0884110168352855,0.0506537492727462,0.5428476447701026,0.1061015851508897,0.5428476447701026,0.555695243974044,0.0696707420613531,0.2183449651046859,0.2445746058168036,0.0689121318981627,0.2183449651046859,0.5428476447701026,False,,,N100_drop0.50_s0.20_c0.05,1.0,0.0,0.0,False,False,1.0068271698186462,1.0170734897113791,-0.0865463796488441,-0.1149304575594595,False,,
2026-10-06,LIKHITHA,INE060901027,226.66,226.66,16784273.300952382,453.32,0.4243200820019439,0.0687584087226649,0.222004946400781,0.3097156610129611,0.2123941710491633,0.1421500572124145,0.0505745830463916,0.0687302943038861,0.0881717604550094,0.0505745830463916,0.5269904491622553,0.0504269944722578,0.5269904491622553,0.5087651688919356,0.0356447293484589,0.1829411764705882,0.222004946400781,0.0687584087226649,0.1829411764705882,0.5269904491622553,False,,,N100_drop0.50_s0.20_c0.05,1.0,0.0,0.0,False,False,1.0068271698186462,1.0170734897113791,-0.0865463796488441,-0.1149304575594595,False,,
2026-10-06,PASUPTAC,INE818B01023,70.89,70.89,9523258.499206347,141.78,0.4239199777271028,0.0686333551480913,0.196313384739984,0.3496111853962268,0.2012516214007687,0.0881945815668613,0.0505092350731829,0.0685921491101398,0.0879771929929231,0.0505092350731829,0.5513388386926715,0.0495578959009365,0.5513388386926715,0.5245003178776315,0.0170253235495765,0.1960507757404795,0.196313384739984,0.0686333551480913,0.1960507757404795,0.5513388386926715,False,,,N100_drop0.50_s0.20_c0.05,1.0,0.0,0.0,False,False,1.0068271698186462,1.0170734897113791,-0.0865463796488441,-0.1149304575594595,False,,
2026-10-06,JINDALPOLY,INE197D01010,658.35,658.35,25391386.915079366,1316.7,0.4231333188461192,0.0683880064050182,0.2907025348537638,0.2352508086639851,0.2187381662752626,0.0613779464509782,0.0503802612443103,0.0683351446852986,0.0876357561110136,0.0503802612443103,0.4939415547462016,0.0419962227408062,0.4939415547462016,0.4987529634984756,0.0564867357683695,0.1829411764705882,0.2907025348537638,0.0683880064050182,0.1829411764705882,0.4939415547462016,False,,,N100_drop0.50_s0.20_c0.05,1.0,0.0,0.0,False,False,1.0068271698186462,1.0170734897113791,-0.0865463796488441,-0.1149304575594595,False,,
2026-10-06,SMCGLOBAL,INE103C01036,110.55,110.55,418117628.57158726,221.1,0.4220411654394157,0.0680485244874782,0.190706385174646,0.3568235244203304,0.2202078947145784,0.047574592728717,0.0502050259089906,0.0680163614877283,0.0871870567348633,0.0502050259089906,0.5499421182019044,0.0343803047959206,0.5499421182019044,0.5432465247295301,0.0374791127514785,0.2183449651046859,0.190706385174646,0.0680485244874782,0.2183449651046859,0.5499421182019044,False,,,N100_drop0.50_s0.20_c0.05,1.0,0.0,0.0,False,False,1.0068271698186462,1.0170734897113791,-0.0865463796488441,-0.1149304575594595,False,,
2026-10-06,JAYAGROGN,INE785A01026,219.16,219.16,5311214.103015874,438.32,0.4206736234092784,0.0676253122747069,0.2219160644989431,0.3047337398822202,0.2046213487301452,0.1532617439235963,0.0498483171258501,0.0676087497802877,0.0866277214135792,0.0498483171258501,0.5079521103069454,0.0035966104551217,0.5079521103069454,0.5095810765259181,0.0229879915223699,0.1829411764705882,0.2219160644989431,0.0676253122747069,0.1829411764705882,0.5079521103069454,False,,,N100_drop0.50_s0.20_c0.05,1.0,0.0,0.0,False,False,1.0068271698186462,1.0170734897113791,-0.0865463796488441,-0.1149304575594595,False,,
2026-10-06,INDSWFTLAB,INE915B01019,400.45,400.45,384315231.2539682,800.9,0.420626315109411,0.0676107088995183,0.2791327786649092,0.2422170166574491,0.2168191604334883,0.1080200380827022,0.0498353839806863,0.067593860684909,0.086608421616869,0.0498353839806863,0.5259838060412522,0.0731641792388204,0.5259838060412522,0.5422053132693733,0.0571277545806891,0.2183449651046859,0.2791327786649092,0.0676107088995183,0.2183449651046859,0.5259838060412522,False,,,N100_drop0.50_s0.20_c0.05,1.0,0.0,0.0,False,False,1.0068271698186462,1.0170734897113791,-0.0865463796488441,-0.1149304575594595,False,,
2026-10-06,DCMSIL,INE0OU201013,78.87,78.87,6418542.08047619,157.74,0.4201287308357744,0.0674572617827243,0.2578212375424318,0.261643541958495,0.2091214750928142,0.1448756113304686,0.0496995235916184,0.0674374149708445,0.086405628816287,0.0496995235916184,0.4869351154444405,0.0216666187599008,0.4869351154444405,0.5047193522248061,0.0260823199028299,0.1829411764705882,0.2578212375424318,0.0674572617827243,0.1829411764705882,0.4869351154444405,False,,,N100_drop0.50_s0.20_c0.05,1.0,0.0,0.0,False,False,1.0068271698186462,1.0170734897113791,-0.0865463796488441,-0.1149304575594595,False,,
2026-10-06,DMCC,INE505A01010,355.8,355.8,48442752.34920635,711.6,0.4195322058782194,0.067273662965547,0.2261279540177949,0.2975026385293922,0.209389503344337,0.0955971717744156,0.0495370550147663,0.067250237121603,0.0861629945450273,0.0495370550147663,0.5447476781388287,0.0589592065521369,0.5447476781388287,0.486086856649649,0.0265118878868978,0.1732057416267942,0.2261279540177949,0.067273662965547,0.1732057416267942,0.5447476781388287,False,,,N100_drop0.50_s0.20_c0.05,1.0,0.0,0.0,False,False,1.0068271698186462,1.0170734897113791,-0.0865463796488441,-0.1149304575594595,False,,
2026-10-06,EMAMIPAP,INE830C01026,115.2,115.2,15947387.033333331,230.4,0.4191825229274348,0.0671662194743228,0.2063708475253646,0.3254636993535029,0.2039110845640084,0.1805076124548555,0.0494420215460151,0.0671407035992193,0.0860210063358257,0.0494420215460151,0.5856611053861428,0.087383641908095,0.5856611053861428,0.5889271891294626,0.0690014561937819,0.2401459854014598,0.2063708475253646,0.0671662194743228,0.2401459854014598,0.5856611053861428,False,,,N100_drop0.50_s0.20_c0.05,1.0,0.0,0.0,False,False,1.0068271698186462,1.0170734897113791,-0.0865463796488441,-0.1149304575594595,False,,
2026-10-06,SEJALLTD,INE955I01044,676.55,676.55,8434577.625396825,1353.1,0.419036384640496,0.0671213568869572,0.263230583187391,0.2549907236241399,0.2050716275680537,0.0538000762953851,0.0494023504341144,0.0670949693015849,0.0859617204720433,0.0494023504341144,0.5210332660532982,0.0320097897940834,0.5210332660532982,0.5108990304404489,0.0098113831917116,0.1829411764705882,0.263230583187391,0.0671213568869572,0.1829411764705882,0.5210332660532982,False,,,N100_drop0.50_s0.20_c0.05,1.0,0.0,0.0,False,False,1.0068271698186462,1.0170734897113791,-0.0865463796488441,-0.1149304575594595,False,,
2026-10-06,SVLL,INE00CE01017,835.6,835.6,10939629.155555556,1671.2,0.4187139236283378,0.0670224484256467,0.1583241631027659,0.423324192038479,0.2026847988018663,0.1132597163400632,0.0493381225449708,0.0669941410116254,0.0858177306418511,0.0493381225449708,0.5943844042730669,0.10057943603179,0.5943844042730669,0.5566107176840732,0.0522067458673581,0.2183449651046859,0.1583241631027659,0.0670224484256467,0.2183449651046859,0.5943844042730669,False,,,N100_drop0.50_s0.20_c0.05,1.0,0.0,0.0,False,False,1.0068271698186462,1.0170734897113791,-0.0865463796488441,-0.1149304575594595,False,,
2026-10-06,FAIRCHEMOR,INE0DNW01011,679.3,679.3,13068532.45873016,1358.6,0.4186213916658967,0.0669940871610908,0.201839944394801,0.3319168926743744,0.2121497905954108,0.0738215076173746,0.049320100442545,0.0669652297661426,0.0857699824639835,0.049320100442545,0.5546966791497959,0.05226327621865,0.5546966791497959,0.5201088758534377,0.0333460581872564,0.1919720767888307,0.201839944394801,0.0669940871610908,0.1919720767888307,0.5546966791497959,False,,,N100_drop0.50_s0.20_c0.05,1.0,0.0,0.0,False,False,1.0068271698186462,1.0170734897113791,-0.0865463796488441,-0.1149304575594595,False,,
2026-10-06,CONFIPET,INE552D01024,86.67,86.67,277426393.535873,173.34,0.4182975270093806,0.0668948957711357,0.2072354600307223,0.3227965704383734,0.2227793581249182,0.1026516221492927,0.0492570633443508,0.0668641166691215,0.0856030292070575,0.0492570633443508,0.5502688132143431,0.0495539855674002,0.5502688132143431,0.5370940090551249,0.0763868801318807,0.2183449651046859,0.2072354600307223,0.0668948957711357,0.2183449651046859,0.5502688132143431,False,,,N100_drop0.50_s0.20_c0.05,1.0,0.0,0.0,False,False,1.0068271698186462,1.0170734897113791,-0.0865463796488441,-0.1149304575594595,False,,
2026-10-06,NURECA,INE0DSF01015,338.55,338.55,10942228.353809522,677.1,0.4179438842123052,0.0667867152373836,0.2086365999029271,0.3201102551923184,0.201897611612454,0.1528985647691827,0.0491883026300477,0.0667538434886967,0.0854210212447025,0.0491883026300477,0.5865583948451653,0.0896029141008442,0.5865583948451653,0.5738093346326055,0.0586150013494544,0.2397959183673469,0.2086365999029271,0.0667867152373836,0.2397959183673469,0.5865583948451653,False,,,N100_drop0.50_s0.20_c0.05,1.0,0.0,0.0,False,False,1.0068271698186462,1.0170734897113791,-0.0865463796488441,-0.1149304575594595,False,,
2026-10-06,SRHHYPOLTD,INE917H01012,548.65,548.65,13693829.919047618,1097.3,0.417582075429082,0.0666761781609802,0.2269240466346401,0.2938259701861059,0.201987592383155,0.1047215749375896,0.0491180322631512,0.0666379076384885,0.0852855859133576,0.0491180322631512,0.5113730632863037,0.0256289088825668,0.5113730632863037,0.4954942457221745,0.0104167961817329,0.1732057416267942,0.2269240466346401,0.0666761781609802,0.1732057416267942,0.5113730632863037,False,,,N100_drop0.50_s0.20_c0.05,1.0,0.0,0.0,False,False,1.0068271698186462,1.0170734897113791,-0.0865463796488441,-0.1149304575594595,False,,
2026-10-06,AAATECH,INE0D0U01013,103.53,103.53,5977303.095396825,207.06,0.416751274286451,0.066422898344842,0.2237650857105662,0.296842101768987,0.2045296253882991,0.1481001572196097,0.0489569726292061,0.0663476411786238,0.084980444660486,0.0489569726292061,0.4654722206897372,0.0423876251681104,0.4654722206897372,0.4525671498620222,0.0378228351102669,0.1732057416267942,0.2237650857105662,0.066422898344842,0.1732057416267942,0.4654722206897372,False,,,N100_drop0.50_s0.20_c0.05,1.0,0.0,0.0,False,False,1.0068271698186462,1.0170734897113791,-0.0865463796488441,-0.1149304575594595,False,,
2026-10-06,KOPRAN,INE082A01010,269.6,269.6,229662798.03888887,539.2,0.4147859066514534,0.0658267149110202,0.2134300002117143,0.3084229716802826,0.2033449994113757,0.1246045872120454,0.0485776114869872,0.0657375318626484,0.0842618456308562,0.0485776114869872,0.5163833364739778,0.0327224860889009,0.5163833364739778,0.5100777836454107,0.0327915680010838,0.1829411764705882,0.2134300002117143,0.0658267149110202,0.1829411764705882,0.5163833364739778,False,,,N100_drop0.50_s0.20_c0.05,1.0,0.0,0.0,False,False,1.0068271698186462,1.0170734897113791,-0.0865463796488441,-0.1149304575594595,False,,
2026-10-06,DELTACORP,INE124G01033,84.34,84.34,550576476.5858731,168.68,0.4147086921939765,0.0658033775781242,0.2520590917809548,0.2610632971545771,0.2154425455542282,0.1274222856866945,0.0485627543609478,0.0657116473919771,0.0842337066177989,0.0485627543609478,0.5112383916351751,0.0442091356575212,0.5112383916351751,0.4984817474393306,0.0409843311645819,0.1829411764705882,0.2520590917809548,0.0658033775781242,0.1829411764705882,0.5112383916351751,False,,,N100_drop0.50_s0.20_c0.05,1.0,0.0,0.0,False,False,1.0068271698186462,1.0170734897113791,-0.0865463796488441,-0.1149304575594595,False,,
2026-10-06,MCLEODRUSS,INE942G01012,42.6,42.6,11940896.813015873,85.2,0.4140013114712652,0.0655898772980572,0.2623931089187439,0.2499679872247281,0.2125777310279091,0.018204577771325,0.0484268093976801,0.0654738842720114,0.0839678023100823,0.0484268093976801,0.5509961590735811,0.0726689206303037,0.5509961590735811,0.5454358531367282,0.0649349222335812,0.2183449651046859,0.2623931089187439,0.0655898772980572,0.2183449651046859,0.5509961590735811,False,,,N100_drop0.50_s0.20_c0.05,1.0,0.0,0.0,False,False,1.0068271698186462,1.0170734897113791,-0.0865463796488441,-0.1149304575594595,False,,
2026-10-06,DEEPINDS,INE0FHS01024,748.95,748.95,377185595.686508,1497.9,0.4136467671689768,0.0654830717811098,0.190835333758587,0.3431391372414717,0.201553596310826,0.0224018005281046,0.0483587844326854,0.0653549736181208,0.0838293259252426,0.0483587844326854,0.5984761030204329,0.0693110998002548,0.5984761030204329,0.563076441016581,0.0477909439453699,0.2183449651046859,0.190835333758587,0.0654830717811098,0.2183449651046859,0.5984761030204329,False,,,N100_drop0.50_s0.20_c0.05,1.0,0.0,0.0,False,False,1.0068271698186462,1.0170734897113791,-0.0865463796488441,-0.1149304575594595,False,,
2026-10-06,PLASTIBLEN,INE083C01022,202.4,202.4,17441905.434444442,404.8,0.4136093199511051,0.0654717987845162,0.1553377201251229,0.4214803637634146,0.205473751420004,0.0893977682455867,0.0483516039330329,0.065342424231097,0.0838147100390797,0.0483516039330329,0.5657220720238317,0.0713701968224307,0.5657220720238317,0.5267042028091266,0.0309283137890352,0.1960507757404795,0.1553377201251229,0.0654717987845162,0.1960507757404795,0.5657220720238317,False,,,N100_drop0.50_s0.20_c0.05,1.0,0.0,0.0,False,False,1.0068271698186462,1.0170734897113791,-0.0865463796488441,-0.1149304575594595,False,,
2026-10-06,CYIENTDLM,INE055S01018,939.0,939.0,646449408.6801589,1878.0,0.4135256449542194,0.0654466149527406,0.2687428070439219,0.2435288061199882,0.2151819144759275,0.1971362232804967,0.0483355622598284,0.0653143898245072,0.0837820581179564,0.0483355622598284,0.5132234798495894,0.115588359654187,0.5132234798495894,0.5247617257023786,0.0833965435825679,0.1960507757404795,0.2687428070439219,0.0654466149527406,0.1960507757404795,0.5132234798495894,False,,,N100_drop0.50_s0.20_c0.05,1.0,0.0,0.0,False,False,1.0068271698186462,1.0170734897113791,-0.0865463796488441,-0.1149304575594595,False,,
2026-10-06,IRISDOREME,INE01GN01025,58.45,58.45,58681669.07174604,116.9,0.4133492953192649,0.065393563228414,0.137969663087843,0.4739705944398732,0.1969077725087693,0.0461018216220952,0.0483017671124873,0.0652553371046321,0.0837132738843064,0.0483017671124873,0.6287251034357771,0.0899978419118509,0.6287251034357771,0.615639051409402,0.0816332794050862,0.2469135802469135,0.137969663087843,0.065393563228414,0.2469135802469135,0.6287251034357771,False,,,N100_drop0.50_s0.20_c0.05,1.0,0.0,0.0,False,False,1.0068271698186462,1.0170734897113791,-0.0865463796488441,-0.1149304575594595,False,,
2026-10-06,HTMEDIA,INE501G01024,22.99,22.99,6237721.357142857,45.98,0.4131663374179902,0.0653385587363375,0.2047835300571756,0.3190615901488513,0.207066877744669,0.1299303290412646,0.0482667249975443,0.0651941164095713,0.0836419572302758,0.0482667249975443,0.523949968538389,0.0257697827867102,0.523949968538389,0.5325565926010231,0.0376383138267281,0.1960507757404795,0.2047835300571756,0.0653385587363375,0.1960507757404795,0.523949968538389,False,,,N100_drop0.50_s0.20_c0.05,1.0,0.0,0.0,False,False,1.0068271698186462,1.0170734897113791,-0.0865463796488441,-0.1149304575594595,False,,
2026-10-06,SHANTIGOLD,INE06ZD01017,336.65,336.65,761539814.3849206,673.3,0.4129486932668521,0.0652731728307144,0.2452579210380898,0.2661409366695936,0.2142712031880703,0.0359876454756866,0.0482250651262629,0.0651213486023046,0.0835571797079097,0.0482250651262629,0.50376962353903,0.01732545673633,0.50376962353903,0.4673686956928497,0.0270824500240727,0.1732057416267942,0.2452579210380898,0.0652731728307144,0.1732057416267942,0.50376962353903,False,,,N100_drop0.50_s0.20_c0.05,1.0,0.0,0.0,False,False,1.0068271698186462,1.0170734897113791,-0.0865463796488441,-0.1149304575594595,False,,
2026-10-06,GOACARBON,INE426D01013,414.65,414.65,21729396.26031746,829.3,0.4128095750906365,0.0652314046933181,0.2263157161792459,0.2882318815263086,0.2020978738552578,0.1079255522713941,0.048198450768487,0.0650748692354078,0.0835030239004647,0.048198450768487,0.4749338253001249,0.0260230631224222,0.4749338253001249,0.4833108967506456,0.0148387559128935,0.1732057416267942,0.2263157161792459,0.0652314046933181,0.1732057416267942,0.4749338253001249,False,,,N100_drop0.50_s0.20_c0.05,1.0,0.0,0.0,False,False,1.0068271698186462,1.0170734897113791,-0.0865463796488441,-0.1149304575594595,False,,
2026-10-06,PAUSHAKLTD,INE111F01024,704.3,704.3,52713424.62142856,1408.6,0.4124175490959856,0.0651138160319133,0.1939104497043663,0.3357932289424581,0.202849068740425,0.1472802659336479,0.0481235145786386,0.0649440351513685,0.0833505588396682,0.0481235145786386,0.6055061353624019,0.0864332374517108,0.6055061353624019,0.5908466416896798,0.0677989430412224,0.2401459854014598,0.1939104497043663,0.0651138160319133,0.2401459854014598,0.6055061353624019,False,,,N100_drop0.50_s0.20_c0.05,1.0,0.0,0.0,False,False,1.0068271698186462,1.0170734897113791,-0.0865463796488441,-0.1149304575594595,False,,
2026-10-06,BLISSGVS,INE416D01022,676.45,676.45,224076261.1619048,1352.9,0.4121168216297294,0.0650237236361768,0.2503479202490973,0.2597334284681811,0.2316500732113859,0.2365495547237033,0.0480660914982929,0.0648525260990935,0.0832337436150968,0.0480660914982929,0.5218434757375461,0.1156965066360207,0.5218434757375461,0.5279725034381474,0.1054481969549119,0.1960507757404795,0.2503479202490973,0.0650237236361768,0.1960507757404795,0.5218434757375461,False,,,N100_drop0.50_s0.20_c0.05,1.0,0.0,0.0,False,False,1.0068271698186462,1.0170734897113791,-0.0865463796488441,-0.1149304575594595,False,,
2026-10-06,RPTECH,INE0J1F01024,958.25,958.25,443914274.6547619,1916.5,0.4115678782838363,0.0648595187814981,0.223725208700235,0.289907065718294,0.240642000279878,0.2066927794122818,0.0479614092584162,0.0646856840872507,0.0830208291767663,0.0479614092584162,0.5018916907789759,0.098061174033627,0.5018916907789759,0.4943549476289779,0.0906442433678643,0.1732057416267942,0.223725208700235,0.0648595187814981,0.1732057416267942,0.5018916907789759,False,,,N100_drop0.50_s0.20_c0.05,1.0,0.0,0.0,False,False,1.0068271698186462,1.0170734897113791,-0.0865463796488441,-0.1149304575594595,False,,
2026-10-06,LAMBODHARA,INE112F01022,135.95,135.95,7533122.363015876,271.9,0.4115219537044043,0.0648457959420904,0.2811676811726149,0.2306303330156931,0.1992452149664466,0.0400169001983015,0.047952659558338,0.0646702937658363,0.0830030353838091,0.047952659558338,0.5558105206934195,0.0692796826222178,0.5558105206934195,0.547497910158938,0.0425908217724271,0.2183449651046859,0.2811676811726149,0.0648457959420904,0.2183449651046859,0.5558105206934195,False,,,N100_drop0.50_s0.20_c0.05,1.0,0.0,0.0,False,False,1.0068271698186462,1.0170734897113791,-0.0865463796488441,-0.1149304575594595,False,,
2026-10-06,SAKAR,INE732S01012,1048.5,1048.5,163065063.18174604,2097.0,0.4111395953138926,0.0647316294560618,0.252369139022596,0.2564958207915668,0.2244319847072995,0.1648431179848488,0.0478798593510861,0.0645422726329705,0.0828549994780862,0.0478798593510861,0.5238465395675737,0.084822975962642,0.5238465395675737,0.528439834626651,0.0930348906607271,0.1960507757404795,0.252369139022596,0.0647316294560618,0.1960507757404795,0.5238465395675737,False,,,N100_drop0.50_s0.20_c0.05,1.0,0.0,0.0,False,False,1.0068271698186462,1.0170734897113791,-0.0865463796488441,-0.1149304575594595,False,,
2026-10-06,ESAFSFB,INE818W01011,42.15,42.15,91493581.6236508,84.3,0.4109633848114958,0.0646790678792739,0.1911429864028319,0.3383805448292171,0.2066444040065855,0.1556151326720195,0.0478463380510943,0.0644833432042767,0.0827868438297129,0.0478463380510943,0.5477081272821765,0.0778601955601619,0.5477081272821765,0.546947494113709,0.0628482552515282,0.2183449651046859,0.1911429864028319,0.0646790678792739,0.2183449651046859,0.5477081272821765,False,,,N100_drop0.50_s0.20_c0.05,1.0,0.0,0.0,False,False,1.0068271698186462,1.0170734897113791,-0.0865463796488441,-0.1149304575594595,False,,
2026-10-06,SSDL,INE0PQ101010,68.57,68.57,7461823.668888889,137.14,0.4108774770506638,0.0646534545173172,0.2711349742133549,0.2384548681146596,0.209434217981806,0.1110964458765818,0.0478300020211569,0.0644546292328527,0.0827536312654876,0.0478300020211569,0.4987088187120824,0.0179229085049132,0.4987088187120824,0.5084217426401135,0.0273439325098307,0.1829411764705882,0.2711349742133549,0.0646534545173172,0.1829411764705882,0.4987088187120824,False,,,N100_drop0.50_s0.20_c0.05,1.0,0.0,0.0,False,False,1.0068271698186462,1.0170734897113791,-0.0865463796488441,-0.1149304575594595,False,,
2026-10-06,ARIHANTCAP,INE420B01036,94.13,94.13,51466364.88428572,188.26,0.4104372596249251,0.064522326568381,0.2136752212125753,0.3019644776882706,0.2187366802045501,0.1342353170145843,0.0477463588734709,0.0643076529241696,0.082604137561278,0.0477463588734709,0.5083414494831275,0.0730426004370367,0.5083414494831275,0.4518005257790625,0.0535201686121673,0.171875,0.2136752212125753,0.064522326568381,0.171875,0.5083414494831275,False,,,N100_drop0.50_s0.20_c0.05,1.0,0.0,0.0,False,False,1.0068271698186462,1.0170734897113791,-0.0865463796488441,-0.1149304575594595,False,,
2026-10-06,KSHINTL,INE987S01020,1034.1,1034.1,326856078.2396825,2068.2,0.4094481811553576,0.0642284561241142,0.214653342185499,0.2992194552862321,0.2061510327590579,0.1392367217103743,0.04755884165695,0.0639784185555142,0.0821994466152305,0.04755884165695,0.5834129211330722,0.0856722687431406,0.5834129211330722,0.5643683589320213,0.0634313306486794,0.2183449651046859,0.214653342185499,0.0642284561241142,0.2183449651046859,0.5834129211330722,False,,,N100_drop0.50_s0.20_c0.05,1.0,0.0,0.0,False,False,1.0068271698186462,1.0170734897113791,-0.0865463796488441,-0.1149304575594595,False,,
2026-10-06,GFLLIMITED,INE538A01037,55.86,55.86,5314616.738253968,111.72,0.4093317089405772,0.0641939183454941,0.2183704924926888,0.2939679148621392,0.1979120288113708,0.1590877114839648,0.047536797368276,0.0639421750024557,0.0821544039572653,0.047536797368276,0.5561675611733077,0.0418358360076582,0.5561675611733077,0.5557379517176826,0.0401478574967257,0.2183449651046859,0.2183704924926888,0.0641939183454941,0.2183449651046859,0.5561675611733077,False,,,N100_drop0.50_s0.20_c0.05,1.0,0.0,0.0,False,False,1.0068271698186462,1.0170734897113791,-0.0865463796488441,-0.1149304575594595,False,,
2026-10-06,PAR,INE04LG01015,122.74,122.74,10354795.69095238,245.48,0.4092223767840242,0.0641615108224108,0.2170202888756341,0.2956475228874998,0.1898791405157907,0.0951259516024748,0.0475161116151743,0.0639104524321808,0.0821117142477369,0.0475161116151743,0.6078958712702952,0.0808207017269092,0.6078958712702952,0.5959493293226913,0.0732771649803699,0.2401459854014598,0.2170202888756341,0.0641615108224108,0.2401459854014598,0.6078958712702952,False,,,N100_drop0.50_s0.20_c0.05,1.0,0.0,0.0,False,False,1.0068271698186462,1.0170734897113791,-0.0865463796488441,-0.1149304575594595,False,,
2026-10-06,ALBERTDAVD,INE155C01010,839.1,839.1,9066482.607142856,1678.2,0.4090304554315662,0.0641046531705295,0.166184714743579,0.3857433775990906,0.1972888308032531,0.1259106529811471,0.0474798166655189,0.0638547959314045,0.0820368173576912,0.0474798166655189,0.5670201138559611,0.0663753560816841,0.5670201138559611,0.5528929719291872,0.0424828911568975,0.2183449651046859,0.166184714743579,0.0641046531705295,0.2183449651046859,0.5670201138559611,False,,,N100_drop0.50_s0.20_c0.05,1.0,0.0,0.0,False,False,1.0068271698186462,1.0170734897113791,-0.0865463796488441,-0.1149304575594595,False,,
2026-10-06,CORDSCABLE,INE792I01017,314.35,314.35,56845484.87031747,628.7,0.4087193320526001,0.0640125636032276,0.2816165630046043,0.2273039728923225,0.1906943832587212,0.083766146390553,0.0474210243156601,0.0637646502672802,0.0819155116867958,0.0474210243156601,0.5202824797698286,0.0444321208191954,0.5202824797698286,0.5248831447047126,0.0287387677232194,0.1960507757404795,0.2816165630046043,0.0640125636032276,0.1960507757404795,0.5202824797698286,False,,,N100_drop0.50_s0.20_c0.05,1.0,0.0,0.0,False,False,1.0068271698186462,1.0170734897113791,-0.0865463796488441,-0.1149304575594595,False,,
2026-10-06,SASKEN,INE231F01020,1679.5,1679.5,46082685.24761905,3359.0,0.4083419880961734,0.0639010097704874,0.2470827108776991,0.258621938959206,0.2050059353017604,0.0132390248482141,0.0473497935439498,0.0636590333898965,0.0817602630366272,0.0473497935439498,0.5401603592993234,0.0316077277005971,0.5401603592993234,0.5216681818363557,0.016569108210834,0.1919720767888307,0.2470827108776991,0.0639010097704874,0.1919720767888307,0.5401603592993234,False,,,N100_drop0.50_s0.20_c0.05,1.0,0.0,0.0,False,False,1.0068271698186462,1.0170734897113791,-0.0865463796488441,-0.1149304575594595,False,,
2026-10-06,TFCILTD,INE305A01023,140.65,140.65,1708940918.9844446,281.3,0.4082833592214712,0.0638836907780705,0.1265813685710853,0.504684784966556,0.2085101124954761,0.1060101072378538,0.0473387336259205,0.06364325797284,0.0817326207159592,0.0473387336259205,0.6036992306148808,0.1244079083115076,0.6036992306148808,0.5990281969397909,0.0975034895423577,0.2401459854014598,0.1265813685710853,0.0638836907780705,0.2401459854014598,0.6036992306148808,False,,,N100_drop0.50_s0.20_c0.05,1.0,0.0,0.0,False,False,1.0068271698186462,1.0170734897113791,-0.0865463796488441,-0.1149304575594595,False,,
2026-10-06,PVP,INE362A01016,50.34,50.34,107622342.90698414,100.68,0.4080546253637983,0.0638161571476552,0.2428805028033796,0.2627471386590331,0.1801321482487556,0.0033819248998361,0.0472956035911965,0.0635743805833227,0.0816248471317885,0.0472956035911965,0.5888888170511238,0.0694413653009578,0.5888888170511238,0.5564587907762811,0.0454640268328737,0.2183449651046859,0.2428805028033796,0.0638161571476552,0.2183449651046859,0.5888888170511238,False,,,N100_drop0.50_s0.20_c0.05,1.0,0.0,0.0,False,False,1.0068271698186462,1.0170734897113791,-0.0865463796488441,-0.1149304575594595,False,,
2026-10-06,DICIND,INE303A01010,619.2,619.2,5972489.184920634,1238.4,0.4078303370700165,0.0637499892692888,0.177942086580685,0.3582625701108792,0.1962004656730396,0.1565394058564601,0.0472533411168371,0.0635037344236803,0.0815192759630465,0.0472533411168371,0.5394808654802395,0.0383592846757636,0.5394808654802395,0.5224706828420334,0.0228454747960246,0.1919720767888307,0.177942086580685,0.0637499892692888,0.1919720767888307,0.5394808654802395,False,,,N100_drop0.50_s0.20_c0.05,1.0,0.0,0.0,False,False,1.0068271698186462,1.0170734897113791,-0.0865463796488441,-0.1149304575594595,False,,
2026-10-06,VISAKAIND,INE392A01021,81.63,81.63,53873852.57666667,163.26,0.4074734729959746,0.0636448183234022,0.2116160283509748,0.3007561327908699,0.2034864992592123,0.098291531710238,0.0471861572301735,0.0633914604150223,0.0813515218961668,0.0471861572301735,0.5470289967079859,0.0443908281278358,0.5470289967079859,0.5442418596991621,0.0347791631376991,0.2183449651046859,0.2116160283509748,0.0636448183234022,0.2183449651046859,0.5470289967079859,False,,,N100_drop0.50_s0.20_c0.05,1.0,0.0,0.0,False,False,1.0068271698186462,1.0170734897113791,-0.0865463796488441,-0.1149304575594595,False,,
2026-10-06,ALPHAGEO,INE137C01018,251.15,251.15,10889815.321269842,502.3,0.4070229705313666,0.0635122412663018,0.2045839472576339,0.3104458688849153,0.201147459954431,0.1515483721387102,0.0471018673151534,0.0632499555541627,0.0811401352523972,0.0471018673151534,0.590630324070961,0.0729456630421372,0.590630324070961,0.5978721614939353,0.0762606105093832,0.2401459854014598,0.2045839472576339,0.0635122412663018,0.2401459854014598,0.590630324070961,False,,,N100_drop0.50_s0.20_c0.05,1.0,0.0,0.0,False,False,1.0068271698186462,1.0170734897113791,-0.0865463796488441,-0.1149304575594595,False,,
2026-10-06,RPEL,INE912T01018,1835.6,1835.6,161081405.71904764,3671.2,0.4064344960523057,0.063339379472324,0.2484247086448596,0.2549640887890588,0.2049097706080252,0.0587148485972827,0.0469919529088666,0.0630753095972426,0.080883888235972,0.0469919529088666,0.5265632182728609,0.0819292207121709,0.5265632182728609,0.5547517815087768,0.0757339066907037,0.2183449651046859,0.2484247086448596,0.063339379472324,0.2183449651046859,0.5265632182728609,False,,,N100_drop0.50_s0.20_c0.05,1.0,0.0,0.0,False,False,1.0068271698186462,1.0170734897113791,-0.0865463796488441,-0.1149304575594595,False,,
2026-10-06,ORIENTBELL,INE607D01018,413.55,413.55,11889157.734126983,827.1,0.4062246832934022,0.0632778350300466,0.1829116188372059,0.3459475971636598,0.2000027425429763,0.1298342451278847,0.0469528116027465,0.0630098935879654,0.0808158502682677,0.0469528116027465,0.5706065654042316,0.0958125710059681,0.5706065654042316,0.5222904797194345,0.0480181464164581,0.1919720767888307,0.1829116188372059,0.0632778350300466,0.1919720767888307,0.5706065654042316,False,,,N100_drop0.50_s0.20_c0.05,1.0,0.0,0.0,False,False,1.0068271698186462,1.0170734897113791,-0.0865463796488441,-0.1149304575594595,False,,
2026-10-06,ARIES,INE298I01015,499.0,499.0,30874727.85873015,998.0,0.4061128567826408,0.0632450516119275,0.1839269242760553,0.3438596706864041,0.1953294018405606,0.1395983533987983,0.0469319601003656,0.0629773829299311,0.0807796041301552,0.0469319601003656,0.578282421458327,0.0814655471527455,0.578282421458327,0.5489945609914975,0.043065160587677,0.2183449651046859,0.1839269242760553,0.0632450516119275,0.2183449651046859,0.578282421458327,False,,,N100_drop0.50_s0.20_c0.05,1.0,0.0,0.0,False,False,1.0068271698186462,1.0170734897113791,-0.0865463796488441,-0.1149304575594595,False,,
2026-10-06,RSWM,INE611A01016,207.03,207.03,13479107.699206349,414.06,0.405970111609009,0.0632032228471342,0.2078839695621402,0.3040312486828939,0.199676216743565,0.1274283393356736,0.0469053536353323,0.0629372068711841,0.0807333534439842,0.0469053536353323,0.549878079300543,0.0648089705431831,0.549878079300543,0.5389865726438827,0.0563803285354873,0.2183449651046859,0.2078839695621402,0.0632032228471342,0.2183449651046859,0.549878079300543,False,,,N100_drop0.50_s0.20_c0.05,1.0,0.0,0.0,False,False,1.0068271698186462,1.0170734897113791,-0.0865463796488441,-0.1149304575594595,False,,
2026-10-06,MAWANASUG,INE636A01039,147.89,147.89,52709376.17380952,295.78,0.4059264619394276,0.0631904363621857,0.2310931465067256,0.2734414123369368,0.2008765261823039,0.1007848141540937,0.0468972200024754,0.0629249255431157,0.0807192143882733,0.0468972200024754,0.5418402593778868,0.0647013852249647,0.5418402593778868,0.5302882739585589,0.0605843217457731,0.1960507757404795,0.2310931465067256,0.0631904363621857,0.1960507757404795,0.5418402593778868,False,,,N100_drop0.50_s0.20_c0.05,1.0,0.0,0.0,False,False,1.0068271698186462,1.0170734897113791,-0.0865463796488441,-0.1149304575594595,False,,
2026-10-06,MUKANDLTD,INE304A01026,181.55,181.55,50327030.205714285,363.1,0.405884383950013,0.0631781121477672,0.1861479619764091,0.3393972809424253,0.2057976218554187,0.0995620409766723,0.0468893802488082,0.0629130881991447,0.0807055861260605,0.0468893802488082,0.5484404039802672,0.0649077521168535,0.5484404039802672,0.4751155477737207,0.0394821598446299,0.1732057416267942,0.1861479619764091,0.0631781121477672,0.1732057416267942,0.5484404039802672,False,,,N100_drop0.50_s0.20_c0.05,1.0,0.0,0.0,False,False,1.0068271698186462,1.0170734897113791,-0.0865463796488441,-0.1149304575594595,False,,
2026-10-06,FCL,INE045J01034,59.2,59.2,939558599.5463492,118.4,0.4055014992243378,0.0630660534742055,0.2845918881343577,0.2216017255011556,0.2275900104719957,0.1453245028601161,0.0468180888498002,0.0628054553657073,0.0805816533428326,0.0468180888498002,0.4763690539634629,0.0809437621040501,0.4763690539634629,0.4667568133859858,0.0658672508938927,0.1732057416267942,0.2845918881343577,0.0630660534742055,0.1732057416267942,0.4763690539634629,False,,,N100_drop0.50_s0.20_c0.05,1.0,0.0,0.0,False,False,1.0068271698186462,1.0170734897113791,-0.0865463796488441,-0.1149304575594595,False,,
2026-10-06,SKYGOLD,INE01IU01018,857.65,857.65,874856807.1674603,1715.3,0.4051505532750289,0.0629634756831119,0.2177899021192862,0.2891019054162851,0.2336716978693561,0.1448237729117787,0.0467531853841404,0.0627069272811408,0.0804681792178205,0.0467531853841404,0.5224923767744846,0.0800148778493137,0.5224923767744846,0.4876132185863837,0.0651625553889884,0.1732057416267942,0.2177899021192862,0.0629634756831119,0.1732057416267942,0.5224923767744846,False,,,N100_drop0.50_s0.20_c0.05,1.0,0.0,0.0,False,False,1.0068271698186462,1.0170734897113791,-0.0865463796488441,-0.1149304575594595,False,,
2026-10-06,KAMDHENU,INE390H01020,37.31,37.31,32013922.448412698,74.62,0.4050428321603773,0.0629320154977944,0.1835813383671297,0.3428018123058983,0.2088285193910882,0.1297319917622263,0.0467337922521885,0.0626767088012542,0.0804333720218837,0.0467337922521885,0.5446394041911069,0.0618596143434017,0.5446394041911069,0.5227184049319651,0.0504411949729352,0.1919720767888307,0.1835813383671297,0.0629320154977944,0.1919720767888307,0.5446394041911069,False,,,N100_drop0.50_s0.20_c0.05,1.0,0.0,0.0,False,False,1.0068271698186462,1.0170734897113791,-0.0865463796488441,-0.1149304575594595,False,,
2026-10-06,OAL,INE959C01023,511.35,511.35,33821020.03809524,1022.7,0.404256268551433,0.0627026611029519,0.2506753192529224,0.2501349605929381,0.1902503106150062,0.1141246790673084,0.0465923693630231,0.0624610498681831,0.080121081063642,0.0465923693630231,0.5555373918658962,0.0780265913276531,0.5555373918658962,0.5679859937983446,0.0716574782230483,0.2183449651046859,0.2506753192529224,0.0627026611029519,0.2183449651046859,0.5555373918658962,False,,,N100_drop0.50_s0.20_c0.05,1.0,0.0,0.0,False,False,1.0068271698186462,1.0170734897113791,-0.0865463796488441,-0.1149304575594595,False,,
2026-10-06,SBC,INE04AK01028,61.7,61.7,511935275.99793655,123.4,0.4040928407794779,0.0626550871808462,0.1909401390443254,0.3281399473910579,0.2169776993346515,0.0765527077232349,0.0465630256110942,0.0624133774539097,0.0800533487688178,0.0465630256110942,0.5625230749645116,0.0579449871963904,0.5625230749645116,0.4917744263118287,0.0404132415903662,0.1732057416267942,0.1909401390443254,0.0626550871808462,0.1732057416267942,0.5625230749645116,False,,,N100_drop0.50_s0.20_c0.05,1.0,0.0,0.0,False,False,1.0068271698186462,1.0170734897113791,-0.0865463796488441,-0.1149304575594595,False,,
2026-10-06,SATIA,INE170E01023,69.26,69.26,8898644.086190477,138.52,0.403426620817816,0.0624614344731602,0.2054830704172606,0.3039736283204451,0.1987087361103764,0.1373628377621489,0.046443547748194,0.0622193299689515,0.0797764393817271,0.046443547748194,0.5315963109456782,0.0291595413856467,0.5315963109456782,0.4830807599472004,0.0136666506158204,0.1732057416267942,0.2054830704172606,0.0624614344731602,0.1732057416267942,0.5315963109456782,False,,,N100_drop0.50_s0.20_c0.05,1.0,0.0,0.0,False,False,1.0068271698186462,1.0170734897113791,-0.0865463796488441,-0.1149304575594595,False,,
2026-10-06,ROSSELLIND,INE847C01020,50.68,50.68,5375428.729206349,101.36,0.4033108835629848,0.0624278391731468,0.1927562519318728,0.3238693352224504,0.200674035438709,0.1266887716340494,0.0464228151842107,0.0621856671867606,0.0797282687075042,0.0464228151842107,0.5342101730200827,0.0316910043231584,0.5342101730200827,0.5325416147055684,0.0320232887629951,0.1960507757404795,0.1927562519318728,0.0624278391731468,0.1960507757404795,0.5342101730200827,False,,,N100_drop0.50_s0.20_c0.05,1.0,0.0,0.0,False,False,1.0068271698186462,1.0170734897113791,-0.0865463796488441,-0.1149304575594595,False,,
2026-10-06,SAMBHV,INE12NJ01018,162.19,162.19,507586855.2530159,324.38,0.4025549644023203,0.0622087546458562,0.2122127021407905,0.2931434076202678,0.204726156498498,0.103527243142712,0.0462875737965046,0.0619466377603153,0.0794141929059064,0.0462875737965046,0.5233011247621239,0.0177990064888098,0.5233011247621239,0.4825856304860642,0.0234820470731453,0.1732057416267942,0.2122127021407905,0.0622087546458562,0.1732057416267942,0.5233011247621239,False,,,N100_drop0.50_s0.20_c0.05,1.0,0.0,0.0,False,False,1.0068271698186462,1.0170734897113791,-0.0865463796488441,-0.1149304575594595,False,,
2026-10-06,IBULLSLTD,INE126M01010,30.95,30.95,360691817.90873015,61.9,0.4023023011905218,0.0621356568581544,0.2518877234105518,0.2466799731913871,0.2319293605822562,0.2179627606720365,0.0462424354960084,0.061862412576761,0.079309423969831,0.0462424354960084,0.5032370774386569,0.1554802761454011,0.5032370774386569,0.46069654016899,0.088506707140277,0.1732057416267942,0.2518877234105518,0.0621356568581544,0.1732057416267942,0.5032370774386569,False,,,N100_drop0.50_s0.20_c0.05,1.0,0.0,0.0,False,False,1.0068271698186462,1.0170734897113791,-0.0865463796488441,-0.1149304575594595,False,,
2026-10-06,SUNFLAG,INE947A01014,459.05,459.05,154302198.65,918.1,0.4020483378513328,0.0620622486593481,0.20807341705082,0.2982709158094423,0.2052844743330941,0.1588640967907235,0.0461970980061919,0.0617778445602314,0.0792039218828185,0.0461970980061919,0.52742016828207,0.0629244523907589,0.52742016828207,0.5013319591060376,0.0694171399215958,0.1829411764705882,0.20807341705082,0.0620622486593481,0.1829411764705882,0.52742016828207,False,,,N100_drop0.50_s0.20_c0.05,1.0,0.0,0.0,False,False,1.0068271698186462,1.0170734897113791,-0.0865463796488441,-0.1149304575594595,False,,
2026-10-06,EBGNG,INE18JU01028,685.15,685.15,446490938.0007936,1370.3,0.4018647871812426,0.0620092342527886,0.2383985679080009,0.2601074108663199,0.2218725410962213,0.1093178298756874,0.0461643511982329,0.0617167799375454,0.0791276279613402,0.0461643511982329,0.5067454735143234,0.0489292239039801,0.5067454735143234,0.4724871350022572,0.0453623234181052,0.1732057416267942,0.2383985679080009,0.0620092342527886,0.1732057416267942,0.5067454735143234,False,,,N100_drop0.50_s0.20_c0.05,1.0,0.0,0.0,False,False,1.0068271698186462,1.0170734897113791,-0.0865463796488441,-0.1149304575594595,False,,
2026-10-06,HMVL,INE871K01015,74.91,74.91,5562072.407301589,149.82,0.4011908638266329,0.0618148813778385,0.2373695967209096,0.2604161705280151,0.2033774185965447,0.0919354146658819,0.0460442664159113,0.0615032891429822,0.0788479856339312,0.0460442664159113,0.5241731177123516,0.0322368693728544,0.5241731177123516,0.5304525971105432,0.051740144491344,0.1960507757404795,0.2373695967209096,0.0618148813778385,0.1960507757404795,0.5241731177123516,False,,,N100_drop0.50_s0.20_c0.05,1.0,0.0,0.0,False,False,1.0068271698186462,1.0170734897113791,-0.0865463796488441,-0.1149304575594595,False,,
2026-10-06,VRAJ,INE0S2V01010,121.6,121.6,5574185.788095238,243.2,0.4011532456965299,0.0618040463001439,0.1923669469251556,0.3212820460481193,0.1956281909566564,0.1525078813670341,0.0460375701857468,0.0614923837275169,0.0788323982212706,0.0460375701857468,0.5095484724284879,0.0110442897207048,0.5095484724284879,0.5156486710445515,0.0206863140463996,0.1829411764705882,0.1923669469251556,0.0618040463001439,0.1829411764705882,0.5095484724284879,False,,,N100_drop0.50_s0.20_c0.05,1.0,0.0,0.0,False,False,1.0068271698186462,1.0170734897113791,-0.0865463796488441,-0.1149304575594595,False,,
2026-10-06,SICALLOG,INE075B01020,89.33,89.33,5129178.2609523805,178.66,0.4010294641193207,0.0617684038852064,0.2336128120855502,0.2644050355533862,0.2011817607064313,0.0938560820368317,0.046015541506375,0.0614565102126677,0.0787811246878842,0.046015541506375,0.5507078651582642,0.0434177195544501,0.5507078651582642,0.5744197927661039,0.0619862831427638,0.2397959183673469,0.2336128120855502,0.0617684038852064,0.2397959183673469,0.5507078651582642,False,,,N100_drop0.50_s0.20_c0.05,1.0,0.0,0.0,False,False,1.0068271698186462,1.0170734897113791,-0.0865463796488441,-0.1149304575594595,False,,
2026-10-06,JGCHEM,INE0MB501011,665.45,665.45,420108674.9380953,1330.9,0.4008290196034336,0.0617107196971988,0.2381272917277131,0.2591501345749231,0.2041397835509828,0.09618590097422,0.0459798861864298,0.0613984529162437,0.0786981489749491,0.0459798861864298,0.5252435445672726,0.052465001388573,0.5252435445672726,0.4915781162833381,0.0181826301391876,0.1732057416267942,0.2381272917277131,0.0617107196971988,0.1732057416267942,0.5252435445672726,False,,,N100_drop0.50_s0.20_c0.05,1.0,0.0,0.0,False,False,1.0068271698186462,1.0170734897113791,-0.0865463796488441,-0.1149304575594595,False,,
2026-10-06,DIACABS,INE989C01038,368.3,368.3,1032398187.4668256,736.6,0.4008202329982163,0.0617081920098596,0.2359506798750697,0.2615300453574986,0.2140455127899087,0.2100277553595005,0.0459783236838439,0.061395908905163,0.0786945132003505,0.0459783236838439,0.5059035949043231,0.0879701930738286,0.5059035949043231,0.5205596008856598,0.0751303448455042,0.1919720767888307,0.2359506798750697,0.0617081920098596,0.1919720767888307,0.5059035949043231,False,,,N100_drop0.50_s0.20_c0.05,1.0,0.0,0.0,False,False,1.0068271698186462,1.0170734897113791,-0.0865463796488441,-0.1149304575594595,False,,
2026-10-06,QPOWER,INE0SII01026,1648.8,1648.8,346955192.2936508,3297.6,0.4004844849166556,0.06161166434855,0.2053834130118051,0.2999836425203854,0.208406451157958,0.1064554072543398,0.0459186478739734,0.0612987594832083,0.0785556806111435,0.0459186478739734,0.5405709530141166,0.0577415160868743,0.5405709530141166,0.4964945796160429,0.0444996542474349,0.1829411764705882,0.2053834130118051,0.06161166434855,0.1829411764705882,0.5405709530141166,False,,,N100_drop0.50_s0.20_c0.05,1.0,0.0,0.0,False,False,1.0068271698186462,1.0170734897113791,-0.0865463796488441,-0.1149304575594595,False,,
2026-10-06,SUDEEPPHRM,INE0QPI01025,1158.4,1158.4,290297652.2365079,2316.8,0.3999464116939039,0.0614572064262072,0.1902192507895667,0.323086155429112,0.1941350084920223,0.0211051177329939,0.0458150683101811,0.0611313791699745,0.0783335729348746,0.0458150683101811,0.6110701753262545,0.0776981508348657,0.6110701753262545,0.5824860309605485,0.0586930562281282,0.2401459854014598,0.1902192507895667,0.0614572064262072,0.2401459854014598,0.6110701753262545,False,,,N100_drop0.50_s0.20_c0.05,1.0,0.0,0.0,False,False,1.0068271698186462,1.0170734897113791,-0.0865463796488441,-0.1149304575594595,False,,
2026-10-06,AYMSYNTEX,INE193B01039,289.25,289.25,30101652.93095238,578.5,0.3998484978109118,0.0614291310312776,0.1922999302296647,0.319444375033899,0.1899445339525631,0.1150916805335749,0.0457961589178964,0.0610964979359867,0.0782932068762247,0.0457961589178964,0.5802307579176128,0.0708398907683399,0.5802307579176128,0.5618233612224625,0.0608319498085411,0.2183449651046859,0.1922999302296647,0.0614291310312776,0.2183449651046859,0.5802307579176128,False,,,N100_drop0.50_s0.20_c0.05,1.0,0.0,0.0,False,False,1.0068271698186462,1.0170734897113791,-0.0865463796488441,-0.1149304575594595,False,,
2026-10-06,PONNIERODE,INE838E01017,374.55,374.55,20739658.12857143,749.1,0.3998406728936598,0.0614268877673554,0.1969133796688404,0.3119487760083152,0.1957095204679648,0.1410369659879077,0.0457946480049713,0.0610937110640682,0.0782899816485555,0.0457946480049713,0.5315252379394729,0.0489520464451209,0.5315252379394729,0.5238101788734859,0.0396870518631671,0.1919720767888307,0.1969133796688404,0.0614268877673554,0.1919720767888307,0.5315252379394729,False,,,N100_drop0.50_s0.20_c0.05,1.0,0.0,0.0,False,False,1.0068271698186462,1.0170734897113791,-0.0865463796488441,-0.1149304575594595,False,,
2026-10-06,MVGJL,INE0KNT01012,203.16,203.16,66462772.46380952,406.32,0.399806776398425,0.0614171709628906,0.2311153822246341,0.2657424632307501,0.1958733556030567,0.0892805395185558,0.0457881033699017,0.061081989820594,0.0782760115542557,0.0457881033699017,0.5250360639300179,0.0470315538882645,0.5250360639300179,0.4827458454340925,0.0195945550457017,0.1732057416267942,0.2311153822246341,0.0614171709628906,0.1732057416267942,0.5250360639300179,False,,,N100_drop0.50_s0.20_c0.05,1.0,0.0,0.0,False,False,1.0068271698186462,1.0170734897113791,-0.0865463796488441,-0.1149304575594595,False,,
2026-10-06,DEEDEV,INE841L01016,651.7,651.7,119125739.67380954,1303.4,0.3997885892537258,0.0614119578959369,0.2327295912493274,0.2638768777372413,0.2116759335538388,0.1296656223844496,0.0457845921429261,0.0610764689368268,0.0782685166857169,0.0457845921429261,0.5393010080623003,0.0908698895852092,0.5393010080623003,0.5183285247150263,0.0775831486846669,0.1919720767888307,0.2327295912493274,0.0614119578959369,0.1919720767888307,0.5393010080623003,False,,,N100_drop0.50_s0.20_c0.05,1.0,0.0,0.0,False,False,1.0068271698186462,1.0170734897113791,-0.0865463796488441,-0.1149304575594595,False,,
2026-10-06,JITFINFRA,INE863T01013,275.1,275.1,12363833.224603174,550.2,0.3994074904586485,0.0613027986209366,0.2550380308152447,0.2403672833615381,0.2016319362813859,0.0617930509379607,0.0457110639177813,0.0609783939959551,0.0781115918067262,0.0457110639177813,0.5176237664250721,0.0198686737467685,0.5176237664250721,0.5121612088704989,0.0291432058237446,0.1829411764705882,0.2550380308152447,0.0613027986209366,0.1829411764705882,0.5176237664250721,False,,,N100_drop0.50_s0.20_c0.05,1.0,0.0,0.0,False,False,1.0068271698186462,1.0170734897113791,-0.0865463796488441,-0.1149304575594595,False,,
2026-10-06,UNIVCABLES,INE279A01012,1649.2,1649.2,263912560.29841268,3298.4,0.3992244810414032,0.0612504307902376,0.248875918576677,0.2461083062617275,0.2028612534977525,0.1541572847564137,0.0456757864501921,0.0609322803667233,0.0780363187096734,0.0456757864501921,0.5365068556257644,0.1027035329077166,0.5365068556257644,0.5337029048711763,0.0790844864228777,0.1960507757404795,0.248875918576677,0.0612504307902376,0.1960507757404795,0.5365068556257644,False,,,N100_drop0.50_s0.20_c0.05,1.0,0.0,0.0,False,False,1.0068271698186462,1.0170734897113791,-0.0865463796488441,-0.1149304575594595,False,,
2026-10-06,RAMRAT,INE207E01023,641.2,641.2,198641393.41349205,1282.4,0.3989775584313238,0.0611798278304495,0.2169033400771789,0.2820603306923741,0.2036350954534824,0.1242126760606394,0.0456282216399222,0.0608701038613682,0.0779348445623095,0.0456282216399222,0.5336777854322298,0.0603840749620514,0.5336777854322298,0.4905170236405336,0.0410117824114587,0.1732057416267942,0.2169033400771789,0.0611798278304495,0.1732057416267942,0.5336777854322298,False,,,N100_drop0.50_s0.20_c0.05,1.0,0.0,0.0,False,False,1.0068271698186462,1.0170734897113791,-0.0865463796488441,-0.1149304575594595,False,,
2026-10-06,OPTIEMUS,INE350C01017,889.9,889.9,625942134.9777778,1779.8,0.3984666702619276,0.0610339437228924,0.3655916155754734,0.1669456878184135,0.2093341363620466,0.0487391306454705,0.0455299283506997,0.0607454115447886,0.077725208922077,0.0455299283506997,0.4896325228824267,0.0574997599887803,0.4896325228824267,0.479461208249299,0.0387268300612873,0.1732057416267942,0.3655916155754734,0.0610339437228924,0.1732057416267942,0.4896325228824267,False,,,N100_drop0.50_s0.20_c0.05,1.0,0.0,0.0,False,False,1.0068271698186462,1.0170734897113791,-0.0865463796488441,-0.1149304575594595,False,,
2026-10-06,EVERESTIND,INE295A01018,515.95,515.95,6275910.735714285,1031.9,0.3984330048992457,0.0610243397991005,0.255784905014207,0.2385767830815155,0.199262642773212,0.1580871686734256,0.0455234568835,0.0607375660459781,0.0777114097958041,0.0455234568835,0.5187700967522756,0.058686868798686,0.5187700967522756,0.5055426074080861,0.0359651669520444,0.1829411764705882,0.255784905014207,0.0610243397991005,0.1829411764705882,0.5187700967522756,False,,,N100_drop0.50_s0.20_c0.05,1.0,0.0,0.0,False,False,1.0068271698186462,1.0170734897113791,-0.0865463796488441,-0.1149304575594595,False,,
2026-10-06,MWL,INE0JYY01029,41.66,41.66,60308395.27952381,83.32,0.3982397178429234,0.0609692216578701,0.1928623022235954,0.316128247744265,0.2021463360986471,0.0960676678058552,0.0454863149481494,0.0606907716937845,0.0776500419765354,0.0454863149481494,0.5423137033752258,0.0656110842285259,0.5423137033752258,0.5079804171662631,0.0641842992597512,0.1829411764705882,0.1928623022235954,0.0609692216578701,0.1829411764705882,0.5423137033752258,False,,,N100_drop0.50_s0.20_c0.05,1.0,0.0,0.0,False,False,1.0068271698186462,1.0170734897113791,-0.0865463796488441,-0.1149304575594595,False,,
2026-10-06,SIMPLEXINF,INE059B01024,259.13,259.13,31128667.82,518.26,0.397701660189128,0.0608159854960718,0.2111706785489194,0.2879944598084121,0.1983342817397676,0.0965254970031417,0.0453830429503858,0.0605453095765908,0.0774955438553811,0.0453830429503858,0.5341858673046387,0.0406249643976812,0.5341858673046387,0.5299898159203952,0.0521677098037407,0.1960507757404795,0.2111706785489194,0.0608159854960718,0.1960507757404795,0.5341858673046387,False,,,N100_drop0.50_s0.20_c0.05,1.0,0.0,0.0,False,False,1.0068271698186462,1.0170734897113791,-0.0865463796488441,-0.1149304575594595,False,,
2026-10-06,MANALIPETC,INE201A01024,92.36,92.36,403302942.2333333,184.72,0.3974910633572187,0.0607560875786742,0.2438186589760749,0.2491855538613064,0.2032713125420399,0.1104057115518121,0.0453426704459093,0.0604869339342394,0.0774351310837423,0.0453426704459093,0.5155215722805792,0.0494150614405109,0.5155215722805792,0.4830121793742759,0.0216325552448559,0.1732057416267942,0.2438186589760749,0.0607560875786742,0.1732057416267942,0.5155215722805792,False,,,N100_drop0.50_s0.20_c0.05,1.0,0.0,0.0,False,False,1.0068271698186462,1.0170734897113791,-0.0865463796488441,-0.1149304575594595,False,,
2026-10-06,UNIMECH,INE0U3I01011,1873.1,1873.1,391296444.115873,3746.2,0.3973337835433171,0.0607113830407192,0.2275643767067917,0.2667877280236335,0.2041262034650637,0.1312805024123503,0.0453125368136042,0.0604433651079024,0.077390034370898,0.0453125368136042,0.5266649213264815,0.0524039908087774,0.5266649213264815,0.468059074388999,0.0381072478521823,0.1732057416267942,0.2275643767067917,0.0607113830407192,0.1732057416267942,0.5266649213264815,False,,,N100_drop0.50_s0.20_c0.05,1.0,0.0,0.0,False,False,1.0068271698186462,1.0170734897113791,-0.0865463796488441,-0.1149304575594595,False,,
2026-10-06,STEELCAS,INE124E01038,369.6,369.6,53741232.124603175,739.2,0.3966882315334853,0.0605281531635175,0.2004283874569536,0.3019939137938597,0.1991792982709365,0.1058868739120242,0.0451890124095812,0.0602647862920651,0.0771869514455713,0.0451890124095812,0.5332942138935696,0.0535035147266156,0.5332942138935696,0.4917644876661429,0.0455843167771025,0.1732057416267942,0.2004283874569536,0.0605281531635175,0.1732057416267942,0.5332942138935696,False,,,N100_drop0.50_s0.20_c0.05,1.0,0.0,0.0,False,False,1.0068271698186462,1.0170734897113791,-0.0865463796488441,-0.1149304575594595,False,,
2026-10-06,AUTOIND,INE718H01014,85.82,85.82,17505771.724126983,171.64,0.3964750213598301,0.0604677281660259,0.2292513993319328,0.2637616535481853,0.1957024532499311,0.1211576123427477,0.045148271212398,0.0602116529301824,0.077102359983077,0.045148271212398,0.5198348111792043,0.0373121850658119,0.5198348111792043,0.5072664787797351,0.0268181418599652,0.1829411764705882,0.2292513993319328,0.0604677281660259,0.1829411764705882,0.5198348111792043,False,,,N100_drop0.50_s0.20_c0.05,1.0,0.0,0.0,False,False,1.0068271698186462,1.0170734897113791,-0.0865463796488441,-0.1149304575594595,False,,
2026-10-06,GAUDIUMIVF,INE0P8B01020,109.28,109.28,24705389.524285715,218.56,0.3963431935536918,0.0604303900737569,0.263307739070935,0.2295048003031806,0.1961945947334095,0.0386382590522683,0.0451230948096583,0.0601758146212441,0.0770500920104902,0.0451230948096583,0.5146990450895802,0.0095719565319928,0.5146990450895802,0.5012991409864861,0.0092643530806571,0.1829411764705882,0.263307739070935,0.0604303900737569,0.1829411764705882,0.5146990450895802,False,,,N100_drop0.50_s0.20_c0.05,1.0,0.0,0.0,False,False,1.0068271698186462,1.0170734897113791,-0.0865463796488441,-0.1149304575594595,False,,
2026-10-06,IOLCP,INE485C01029,214.9,214.9,825542636.7974603,429.8,0.3962361984282966,0.0604000981644398,0.2571389420865326,0.2348928469345339,0.2299153729702948,0.1515337716095466,0.0451026687260501,0.0601467390129673,0.0770076894661535,0.0451026687260501,0.4912269030654557,0.1017076237817016,0.4912269030654557,0.4680910058875788,0.0715191931391161,0.1732057416267942,0.2571389420865326,0.0604000981644398,0.1732057416267942,0.4912269030654557,False,,,N100_drop0.50_s0.20_c0.05,1.0,0.0,0.0,False,False,1.0068271698186462,1.0170734897113791,-0.0865463796488441,-0.1149304575594595,False,,
2026-10-06,HALDER,INE115S01010,263.84,263.84,6281683.264761905,527.68,0.3961440800013054,0.060374027201464,0.1964938049751664,0.3072566446005478,0.1908700233379274,0.1375996285795678,0.0450850882904859,0.0601217145431042,0.0769711966727859,0.0450850882904859,0.5489307346330953,0.0392611644677628,0.5489307346330953,0.5186627729832457,0.0317688360743945,0.1919720767888307,0.1964938049751664,0.060374027201464,0.1919720767888307,0.5489307346330953,False,,,N100_drop0.50_s0.20_c0.05,1.0,0.0,0.0,False,False,1.0068271698186462,1.0170734897113791,-0.0865463796488441,-0.1149304575594595,False,,
2026-10-06,GRAUWEIL,INE266D01021,82.32,82.32,53016340.96349207,164.64,0.3955024567224717,0.0601926718424233,0.2637494361329548,0.2282191489201155,0.200998584547106,0.0668194039455171,0.0449627802632127,0.0599476304681079,0.0767173776152376,0.0449627802632127,0.4751021541299797,0.0241655638514623,0.4751021541299797,0.4508094709852109,0.0371635129652405,0.1648675171736997,0.2637494361329548,0.0601926718424233,0.1648675171736997,0.4751021541299797,False,,,N100_drop0.50_s0.20_c0.05,1.0,0.0,0.0,False,False,1.0068271698186462,1.0170734897113791,-0.0865463796488441,-0.1149304575594595,False,,
2026-10-06,KECL,INE134B01017,128.11,128.11,29826501.97253968,256.22,0.3954369704990813,0.0601741851077753,0.2003018998178165,0.300417445678281,0.1911968508678921,0.1375017293101468,0.0449503111666303,0.0599298841211328,0.076691507416486,0.0449503111666303,0.5601895688828286,0.0789259039334349,0.5601895688828286,0.5360916593471713,0.0474294390276502,0.2156862745098039,0.2003018998178165,0.0601741851077753,0.2156862745098039,0.5601895688828286,False,,,N100_drop0.50_s0.20_c0.05,1.0,0.0,0.0,False,False,1.0068271698186462,1.0170734897113791,-0.0865463796488441,-0.1149304575594595,False,,
2026-10-06,NIITLTD,INE161A01038,86.78,86.78,44517017.27015873,173.56,0.3953059025982868,0.0601371974734327,0.1956444598883883,0.3073800173423767,0.1978009928477435,0.1138263937104457,0.0449253626167839,0.059894377372209,0.076639748996559,0.0449253626167839,0.5405836925149415,0.0443087154352932,0.5405836925149415,0.5514597164688234,0.0509537459647209,0.2183449651046859,0.1956444598883883,0.0601371974734327,0.2183449651046859,0.5405836925149415,False,,,N100_drop0.50_s0.20_c0.05,1.0,0.0,0.0,False,False,1.0068271698186462,1.0170734897113791,-0.0865463796488441,-0.1149304575594595,False,,
2026-10-06,MUKKA,INE0CG401037,26.97,26.97,22912113.21333333,53.94,0.3950067531482586,0.0600528406847912,0.2177894257236852,0.2757380918988316,0.189750107452375,0.1048765131957571,0.0448684590632542,0.0598133957190421,0.0765217138327354,0.0448684590632542,0.553211649368862,0.041786350929243,0.553211649368862,0.5162274584476373,0.0126742003744252,0.1829411764705882,0.2177894257236852,0.0600528406847912,0.1829411764705882,0.553211649368862,False,,,N100_drop0.50_s0.20_c0.05,1.0,0.0,0.0,False,False,1.0068271698186462,1.0170734897113791,-0.0865463796488441,-0.1149304575594595,False,,
2026-10-06,SHREEPUSHK,INE712K01011,510.1,510.1,38564116.91428571,1020.2,0.3939707375598767,0.059761380312502,0.193770077059232,0.3084138749360879,0.197627665726379,0.0969568052186972,0.0446718090398222,0.0595419034236699,0.0761105863678557,0.0446718090398222,0.5360651330061965,0.0555494756159005,0.5360651330061965,0.4983882418502965,0.0429497440229408,0.1829411764705882,0.193770077059232,0.059761380312502,0.1829411764705882,0.5360651330061965,False,,,N100_drop0.50_s0.20_c0.05,1.0,0.0,0.0,False,False,1.0068271698186462,1.0170734897113791,-0.0865463796488441,-0.1149304575594595,False,,
2026-10-06,SPORTKING,INE885H01029,202.8,202.8,144779756.55809525,405.6,0.3937771393839155,0.059707033220799,0.1939407087124963,0.3078623029542014,0.1912764405474134,0.1720080184048208,0.0446351333165215,0.0594979288327835,0.0760337306103726,0.0446351333165215,0.5748511432194471,0.0724809799819714,0.5748511432194471,0.5574216035649971,0.0478351623796799,0.2183449651046859,0.1939407087124963,0.059707033220799,0.2183449651046859,0.5748511432194471,False,,,N100_drop0.50_s0.20_c0.05,1.0,0.0,0.0,False,False,1.0068271698186462,1.0170734897113791,-0.0865463796488441,-0.1149304575594595,False,,
2026-10-06,GVPIL,INE878A01011,734.85,734.85,163508073.31349206,1469.7,0.3936632825255151,0.0596750884493327,0.2573951105810187,0.2318423544045884,0.2061778807451625,0.1044241654700496,0.044613574536781,0.0594720777714886,0.0759885581382546,0.044613574536781,0.4929296939794353,0.0267559474157049,0.4929296939794353,0.5046775984785178,0.0527246423520754,0.1829411764705882,0.2573951105810187,0.0596750884493327,0.1829411764705882,0.4929296939794353,False,,,N100_drop0.50_s0.20_c0.05,1.0,0.0,0.0,False,False,1.0068271698186462,1.0170734897113791,-0.0865463796488441,-0.1149304575594595,False,,
2026-10-06,AVTNPL,INE488D01021,90.18,90.18,33623930.38539683,180.36,0.3927167576126587,0.0594100160759864,0.2254615174515735,0.263504019433148,0.1910528054049694,0.1319214935243812,0.0444346520722747,0.0592574794850889,0.075613802103383,0.0444346520722747,0.5482798270529089,0.0792188154755688,0.5482798270529089,0.5219906420926752,0.057529979893637,0.1919720767888307,0.2254615174515735,0.0594100160759864,0.1919720767888307,0.5482798270529089,False,,,N100_drop0.50_s0.20_c0.05,1.0,0.0,0.0,False,False,1.0068271698186462,1.0170734897113791,-0.0865463796488441,-0.1149304575594595,False,,
2026-10-06,EMUDHRA,INE01QM01018,607.9,607.9,588282448.9396826,1215.8,0.3925959462895386,0.059376246437315,0.2303395813822567,0.257777000726497,0.1977727257586388,0.070304036609944,0.0444118537159938,0.0592301285041581,0.0755660689846013,0.0444118537159938,0.5093873935924652,0.0157066166078667,0.5093873935924652,0.493051420567668,0.0202340793700302,0.1732057416267942,0.2303395813822567,0.059376246437315,0.1732057416267942,0.5093873935924652,False,,,N100_drop0.50_s0.20_c0.05,1.0,0.0,0.0,False,False,1.0068271698186462,1.0170734897113791,-0.0865463796488441,-0.1149304575594595,False,,
2026-10-06,MOREPENLAB,INE083A01026,143.96,143.96,2056011488.8490477,287.92,0.3917730743352768,0.0591466145015999,0.3873946416571209,0.1526779365057662,0.1985611176340892,0.0312313848003942,0.0442568017170478,0.0589899192638678,0.0752415461626434,0.0442568017170478,0.4730731113832835,0.0549252916670014,0.4730731113832835,0.470323516121249,0.054898909690376,0.1732057416267942,0.3873946416571209,0.0591466145015999,0.1732057416267942,0.4730731113832835,False,,,N100_drop0.50_s0.20_c0.05,1.0,0.0,0.0,False,False,1.0068271698186462,1.0170734897113791,-0.0865463796488441,-0.1149304575594595,False,,
2026-10-06,TATVA,INE0GK401011,1877.4,1877.4,270473448.64920634,3754.8,0.3907229087767561,0.0588545144238145,0.1984480453219518,0.2965739185202456,0.1961513148791882,0.1304242813950846,0.0440312987208808,0.0586560668113889,0.0748288937603673,0.0440312987208808,0.5530367264213641,0.0782539999192498,0.5530367264213641,0.5047609777976515,0.0328817240532519,0.1829411764705882,0.1984480453219518,0.0588545144238145,0.1829411764705882,0.5530367264213641,False,,,N100_drop0.50_s0.20_c0.05,1.0,0.0,0.0,False,False,1.0068271698186462,1.0170734897113791,-0.0865463796488441,-0.1149304575594595,False,,
2026-10-06,SHAHALLOYS,INE640C01011,81.03,81.03,8927248.273968253,162.06,0.3905993054658024,0.0588202052381302,0.2211974640657192,0.265917177154682,0.1851802053760645,0.1198834969675244,0.0440006458581824,0.0586168685838846,0.0747804361184224,0.0440006458581824,0.567818645503198,0.0532371012827537,0.567818645503198,0.5630842827891002,0.0557209632733724,0.2183449651046859,0.2211974640657192,0.0588202052381302,0.2183449651046859,0.567818645503198,False,,,N100_drop0.50_s0.20_c0.05,1.0,0.0,0.0,False,False,1.0068271698186462,1.0170734897113791,-0.0865463796488441,-0.1149304575594595,False,,
2026-10-06,APOLLOPIPE,INE126J01016,529.8,529.8,181849879.19603172,1059.6,0.3902919809266442,0.0587349640106185,0.2010322280437308,0.2921669056855991,0.1918858958043099,0.0912061371444116,0.0439400025229933,0.0585194942670137,0.0746600533095989,0.0439400025229933,0.5565482564697734,0.0468939703933815,0.5565482564697734,0.5506644750964859,0.0507636650486024,0.2183449651046859,0.2010322280437308,0.0587349640106185,0.2183449651046859,0.5565482564697734,False,,,N100_drop0.50_s0.20_c0.05,1.0,0.0,0.0,False,False,1.0068271698186462,1.0170734897113791,-0.0865463796488441,-0.1149304575594595,False,,
2026-10-06,DVL,INE477B01010,278.6,278.6,7758542.274761903,557.2,0.3894348219430689,0.0584977019748184,0.1992117192214863,0.2936458869158186,0.188235684352538,0.1714067599509046,0.0438118129731468,0.0582621467781809,0.0743250550055506,0.0438118129731468,0.5422386970661769,0.0568052413163482,0.5422386970661769,0.5415447380670008,0.036290014402514,0.2183449651046859,0.1992117192214863,0.0584977019748184,0.2183449651046859,0.5422386970661769,False,,,N100_drop0.50_s0.20_c0.05,1.0,0.0,0.0,False,False,1.0068271698186462,1.0170734897113791,-0.0865463796488441,-0.1149304575594595,False,,
2026-10-06,ALICON,INE062D01024,866.9,866.9,53216997.547619045,1733.8,0.3894015340286775,0.0584885022213577,0.2484174176484805,0.2354444498095581,0.2004194928210345,0.1091900880344147,0.0438053732327533,0.0582528207353273,0.0743120678651764,0.0438053732327533,0.492510119129686,0.0518986595195747,0.492510119129686,0.4466307087212738,0.0577197680883354,0.1648675171736997,0.2484174176484805,0.0584885022213577,0.1648675171736997,0.492510119129686,False,,,N100_drop0.50_s0.20_c0.05,1.0,0.0,0.0,False,False,1.0068271698186462,1.0170734897113791,-0.0865463796488441,-0.1149304575594595,False,,
2026-10-06,CHEMCON,INE03YM01018,217.4,217.4,6278457.062063493,434.8,0.3893980813418804,0.058487548066524,0.1889642300337374,0.3095165050871362,0.1903013649088128,0.1496712922158082,0.0438047053309903,0.0582518534843942,0.0743107209103846,0.0438047053309903,0.5426341646131555,0.0642137619286645,0.5426341646131555,0.5042554098161413,0.0221073460331154,0.1829411764705882,0.1889642300337374,0.058487548066524,0.1829411764705882,0.5426341646131555,False,,,N100_drop0.50_s0.20_c0.05,1.0,0.0,0.0,False,False,1.0068271698186462,1.0170734897113791,-0.0865463796488441,-0.1149304575594595,False,,
2026-10-06,GKSL,INE0V0W01025,193.62,193.62,224528071.34396824,387.24,0.3888791735739369,0.0583442782104762,0.196556306059512,0.2968323905762204,0.1941212120148767,0.0685579060387604,0.0437044122855991,0.058106621550692,0.0741084917681436,0.0437044122855991,0.5403259028300336,0.0503004246471784,0.5403259028300336,0.4934095432057394,0.0225043425764239,0.1732057416267942,0.196556306059512,0.0583442782104762,0.1732057416267942,0.5403259028300336,False,,,N100_drop0.50_s0.20_c0.05,1.0,0.0,0.0,False,False,1.0068271698186462,1.0170734897113791,-0.0865463796488441,-0.1149304575594595,False,,
2026-10-06,VIDHIING,INE632C01026,352.3,352.3,16753316.925396824,704.6,0.3874400454497854,0.0579482950212326,0.1677146553075835,0.3455171816378075,0.1917640989976508,0.1367651835835985,0.0434271591216738,0.0577047811454733,0.0735497700788852,0.0434271591216738,0.5136231079254339,0.0355262085395838,0.5136231079254339,0.4871125204775806,0.014361641975138,0.1732057416267942,0.1677146553075835,0.0579482950212326,0.1732057416267942,0.5136231079254339,False,,,N100_drop0.50_s0.20_c0.05,1.0,0.0,0.0,False,False,1.0068271698186462,1.0170734897113791,-0.0865463796488441,-0.1149304575594595,False,,
2026-10-06,SMSPHARMA,INE812G01025,472.2,472.2,277414230.85873014,944.4,0.3872136847306706,0.0578861919540215,0.2113791101240024,0.2738501071371881,0.1967155637945361,0.125680812984297,0.043383669614986,0.0576312858680118,0.0734621736512228,0.043383669614986,0.5113604205146173,0.052899257159219,0.5113604205146173,0.4792777013551945,0.0429313662131602,0.1732057416267942,0.2113791101240024,0.0578861919540215,0.1732057416267942,0.5113604205146173,False,,,N100_drop0.50_s0.20_c0.05,1.0,0.0,0.0,False,False,1.0068271698186462,1.0170734897113791,-0.0865463796488441,-0.1149304575594595,False,,
2026-10-06,KOTHARIPET,INE720A01015,127.53,127.53,13341606.55984127,255.06,0.3871451757367738,0.0578674058936926,0.2039762413728664,0.2836967948042126,0.1911678410999426,0.1282144770389653,0.0433705137359433,0.0576090565208562,0.0734356774721208,0.0433705137359433,0.5001929817137699,0.0027310616122059,0.5001929817137699,0.4868283171942316,0.0099429249606813,0.1732057416267942,0.2039762413728664,0.0578674058936926,0.1732057416267942,0.5001929817137699,False,,,N100_drop0.50_s0.20_c0.05,1.0,0.0,0.0,False,False,1.0068271698186462,1.0170734897113791,-0.0865463796488441,-0.1149304575594595,False,,
2026-10-06,SINGERIND,INE638A01035,74.93,74.93,11634108.397301586,149.86,0.3870151433790126,0.0578317616951798,0.2259559973483804,0.2559425833960692,0.1872164250778971,0.1218326389524827,0.0433455516088852,0.0575668827387976,0.0733854063006855,0.0433455516088852,0.5233843130337319,0.0464216607326885,0.5233843130337319,0.511763114960999,0.0139707220913135,0.1829411764705882,0.2259559973483804,0.0578317616951798,0.1829411764705882,0.5233843130337319,False,,,N100_drop0.50_s0.20_c0.05,1.0,0.0,0.0,False,False,1.0068271698186462,1.0170734897113791,-0.0865463796488441,-0.1149304575594595,False,,
2026-10-06,BORANA,INE16SF01016,269.6,269.6,11191195.68095238,539.2,0.3869268894376506,0.0578075789367567,0.2465341861122733,0.2344809855718376,0.1936319306317448,0.0493890033686803,0.043328615719483,0.0575382726956664,0.0733513013941753,0.043328615719483,0.5053585724753201,0.0132832922598249,0.5053585724753201,0.4827231556473643,0.0106064361976806,0.1732057416267942,0.2465341861122733,0.0578075789367567,0.1732057416267942,0.5053585724753201,False,,,N100_drop0.50_s0.20_c0.05,1.0,0.0,0.0,False,False,1.0068271698186462,1.0170734897113791,-0.0865463796488441,-0.1149304575594595,False,,
2026-10-06,REMSONSIND,INE474C01023,108.67,108.67,29047312.61015873,217.34,0.3865326514610488,0.0576996435033486,0.2551184060223021,0.2261680934863814,0.1884693221567764,0.1413607995978089,0.0432530217605412,0.057410603528567,0.073199095049367,0.0432530217605412,0.474898348530532,0.0418699825204358,0.474898348530532,0.4509117817157594,0.037812204612313,0.1648675171736997,0.2551184060223021,0.0576996435033486,0.1648675171736997,0.474898348530532,False,,,N100_drop0.50_s0.20_c0.05,1.0,0.0,0.0,False,False,1.0068271698186462,1.0170734897113791,-0.0865463796488441,-0.1149304575594595,False,,
2026-10-06,ANUHPHR,INE489G01022,87.57,87.57,11939301.353809524,175.14,0.3861581891527323,0.0575972598998494,0.1880811486898512,0.30623621931844,0.1888563461898362,0.1237625685439653,0.0431813105931742,0.0573181044305649,0.0730547401222294,0.0431813105931742,0.4986637898817272,0.0198049329528972,0.4986637898817272,0.4607599691673584,0.0332262579871034,0.1732057416267942,0.1880811486898512,0.0575972598998494,0.1732057416267942,0.4986637898817272,False,,,N100_drop0.50_s0.20_c0.05,1.0,0.0,0.0,False,False,1.0068271698186462,1.0170734897113791,-0.0865463796488441,-0.1149304575594595,False,,
2026-10-06,KRONOX,INE0ATZ01017,206.65,206.65,140015747.28015873,413.3,0.3861401470230932,0.0575923302928839,0.2120977387591458,0.2715367482455092,0.1893632553122167,0.0714466977142476,0.0431778576794557,0.0573140527093255,0.0730477902156138,0.0431778576794557,0.5698509903313234,0.064234883102855,0.5698509903313234,0.5540535807018877,0.0503735137842789,0.2183449651046859,0.2120977387591458,0.0575923302928839,0.2183449651046859,0.5698509903313234,False,,,N100_drop0.50_s0.20_c0.05,1.0,0.0,0.0,False,False,1.0068271698186462,1.0170734897113791,-0.0865463796488441,-0.1149304575594595,False,,
2026-10-06,TINNARUBR,INE015C01016,950.25,950.25,147805785.65238097,1900.5,0.3860484790864946,0.0575672888856918,0.2181416111549677,0.2638987058952088,0.1919893686693612,0.1338422285126865,0.0431603173829142,0.0572903493136265,0.0730124868793859,0.0431603173829142,0.522858157913174,0.038102295276165,0.522858157913174,0.5473976298360071,0.0563024474643705,0.2183449651046859,0.2181416111549677,0.0575672888856918,0.2183449651046859,0.522858157913174,False,,,N100_drop0.50_s0.20_c0.05,1.0,0.0,0.0,False,False,1.0068271698186462,1.0170734897113791,-0.0865463796488441,-0.1149304575594595,False,,
2026-10-06,KAVDEFENCE,INE641C01019,85.55,85.55,21024134.754444443,171.1,0.3856164597397227,0.0574493797912619,0.3032592916732582,0.1894398007536065,0.1932406315503628,0.1190208923978343,0.0430777234219799,0.05715555090034,0.0728462764780882,0.0430777234219799,0.4556167625689078,0.0805551912782683,0.4556167625689078,0.441384632374723,0.0556391465902531,0.1578542883492161,0.3032592916732582,0.0574493797912619,0.1578542883492161,0.4556167625689078,False,,,N100_drop0.50_s0.20_c0.05,1.0,0.0,0.0,False,False,1.0068271698186462,1.0170734897113791,-0.0865463796488441,-0.1149304575594595,False,,
2026-10-06,ONIDA,INE831A01028,31.11,31.11,14945745.544761904,62.22,0.3853911465147395,0.0573879566148485,0.2237847064496092,0.2564427101624612,0.1908933331531825,0.0778216799291783,0.0430346943559047,0.0570853449801232,0.0727597029375666,0.0430346943559047,0.4977768889486493,0.020693544734343,0.4977768889486493,0.4816781334579587,0.0127016604281736,0.1732057416267942,0.2237847064496092,0.0573879566148485,0.1732057416267942,0.4977768889486493,False,,,N100_drop0.50_s0.20_c0.05,1.0,0.0,0.0,False,False,1.0068271698186462,1.0170734897113791,-0.0865463796488441,-0.1149304575594595,False,,
2026-10-06,PANAMAPET,INE305C01029,504.1,504.1,284133161.9888889,1008.2,0.3853684578659451,0.0573817740858131,0.2006974615412245,0.2859118079778331,0.1947935517838543,0.1631349718610612,0.0430303631718377,0.0570782790166616,0.072750989346595,0.0430303631718377,0.5344552625945801,0.0739353884783748,0.5344552625945801,0.5299019353712923,0.0576429342217951,0.1960507757404795,0.2006974615412245,0.0573817740858131,0.1960507757404795,0.5344552625945801,False,,,N100_drop0.50_s0.20_c0.05,1.0,0.0,0.0,False,False,1.0068271698186462,1.0170734897113791,-0.0865463796488441,-0.1149304575594595,False,,
2026-10-06,SANATHAN,INE0JPD01013,525.65,525.65,47113246.52857144,1051.3,0.3849414761640296,0.0572655152607527,0.1819367130299645,0.3147551382404124,0.1958823431435683,0.1015058270408113,0.0429489141150773,0.0569454278317736,0.0725871503827755,0.0429489141150773,0.5165684809646769,0.0369903258873799,0.5165684809646769,0.4570415266390508,0.0424198255837574,0.1732057416267942,0.1819367130299645,0.0572655152607527,0.1732057416267942,0.5165684809646769,False,,,N100_drop0.50_s0.20_c0.05,1.0,0.0,0.0,False,False,1.0068271698186462,1.0170734897113791,-0.0865463796488441,-0.1149304575594595,False,,
2026-10-06,REGAAL,INE0MHO01029,85.94,85.94,42683242.7409524,171.88,0.3849023748182817,0.057254877382413,0.2407878498805874,0.2377814221556742,0.18955216520083,0.1043286748543264,0.0429414610390805,0.0569332736327382,0.0725721602652975,0.0429414610390805,0.4936572900248361,0.0218920411618766,0.4936572900248361,0.4949817964702376,0.0301692279564695,0.1732057416267942,0.2407878498805874,0.057254877382413,0.1732057416267942,0.4936572900248361,False,,,N100_drop0.50_s0.20_c0.05,1.0,0.0,0.0,False,False,1.0068271698186462,1.0170734897113791,-0.0865463796488441,-0.1149304575594595,False,,
2026-10-06,APEX,INE346W01013,339.8,339.8,123525817.05396828,679.6,0.3846190994270579,0.0571778530674229,0.233724658015225,0.2446376584865868,0.1928405212415642,0.0740231635475219,0.0428874947565484,0.0568452798463839,0.0724636303887227,0.0428874947565484,0.5220618482410782,0.025654968995541,0.5220618482410782,0.5165702975364549,0.015244696582453,0.1919720767888307,0.233724658015225,0.0571778530674229,0.1919720767888307,0.5220618482410782,False,,,N100_drop0.50_s0.20_c0.05,1.0,0.0,0.0,False,False,1.0068271698186462,1.0170734897113791,-0.0865463796488441,-0.1149304575594595,False,,
2026-10-06,PARAGMILK,INE883N01014,308.7,308.7,347284826.1260317,617.4,0.3844062409308147,0.0571200256237659,0.236774337149182,0.2412424687215022,0.2080092634805035,0.1371522861478728,0.0428469765305402,0.0567792279140219,0.0723821578088044,0.0428469765305402,0.5055609602552659,0.0743441275122543,0.5055609602552659,0.4560969765968827,0.0688263901154321,0.1732057416267942,0.236774337149182,0.0571200256237659,0.1732057416267942,0.5055609602552659,False,,,N100_drop0.50_s0.20_c0.05,1.0,0.0,0.0,False,False,1.0068271698186462,1.0170734897113791,-0.0865463796488441,-0.1149304575594595,False,,
2026-10-06,KRISHANA,INE506W01020,193.66,193.66,197442515.32587305,387.32,0.3842473556886137,0.057076889125912,0.1718388381504361,0.3321536024117211,0.1888079415308893,0.0595233400793775,0.0428167507415929,0.056729962518708,0.0723213877912415,0.0428167507415929,0.568250553015074,0.0673969830416628,0.568250553015074,0.5427789583213046,0.0538163197276418,0.2183449651046859,0.1718388381504361,0.057076889125912,0.2183449651046859,0.568250553015074,False,,,N100_drop0.50_s0.20_c0.05,1.0,0.0,0.0,False,False,1.0068271698186462,1.0170734897113791,-0.0865463796488441,-0.1149304575594595,False,,
2026-10-06,LAXMIINDIA,INE06WU01026,111.59,111.59,22634775.10206349,223.18,0.3836732501512349,0.0569212216657912,0.2672409420064121,0.212995887675121,0.189320534723484,0.0983139133764904,0.042707666287122,0.0565594423600266,0.0721021188214794,0.042707666287122,0.5289436881534704,0.0496349162615987,0.5289436881534704,0.5051378841617424,0.0215667126705368,0.1829411764705882,0.2672409420064121,0.0569212216657912,0.1829411764705882,0.5289436881534704,False,,,N100_drop0.50_s0.20_c0.05,1.0,0.0,0.0,False,False,1.0068271698186462,1.0170734897113791,-0.0865463796488441,-0.1149304575594595,False,,
2026-10-06,AEROFLEX,INE024001021,560.75,560.75,706883216.8571428,1121.5,0.3832540459324235,0.0568077520952453,0.2376356017968669,0.2390540460507475,0.2025857004997517,0.1340199232996052,0.0426281441077115,0.0564520381846079,0.0719423212141807,0.0426281441077115,0.504606104163136,0.0492200824259557,0.504606104163136,0.5024771895676879,0.0518009805153312,0.1829411764705882,0.2376356017968669,0.0568077520952453,0.1829411764705882,0.504606104163136,False,,,N100_drop0.50_s0.20_c0.05,1.0,0.0,0.0,False,False,1.0068271698186462,1.0170734897113791,-0.0865463796488441,-0.1149304575594595,False,,
2026-10-06,RAYMOND,INE301A01014,1294.3,1294.3,2439320762.8603177,2588.6,0.3830155550230613,0.0567432717156593,0.3584553964874236,0.1582993930952024,0.2077241751329402,0.1382548875295553,0.0425831889608021,0.056393970314844,0.0718515266715272,0.0425831889608021,0.5019519732170195,0.1141856874131776,0.5019519732170195,0.4714981031804212,0.0959281057872012,0.1732057416267942,0.3584553964874236,0.0567432717156593,0.1732057416267942,0.5019519732170195,False,,,N100_drop0.50_s0.20_c0.05,1.0,0.0,0.0,False,False,1.0068271698186462,1.0170734897113791,-0.0865463796488441,-0.1149304575594595,False,,
2026-10-06,TDPOWERSYS,INE419M01035,816.0,816.0,2029280811.7571428,1632.0,0.3827899169779909,0.0566823156780956,0.2095056520662584,0.2705526801738467,0.2028902254208735,0.0781001087808438,0.0425416976522702,0.056339071735532,0.0717657029371723,0.0425416976522702,0.5063927976396223,0.0336998253935388,0.5063927976396223,0.4946291720752158,0.0097167825813018,0.1732057416267942,0.2095056520662584,0.0566823156780956,0.1732057416267942,0.5063927976396223,False,,,N100_drop0.50_s0.20_c0.05,1.0,0.0,0.0,False,False,1.0068271698186462,1.0170734897113791,-0.0865463796488441,-0.1149304575594595,False,,
2026-10-06,UTLSOLAR,INE12UR01024,418.85,418.85,168892961.92698413,837.7,0.3827622309496966,0.0566748396091781,0.2068059175819382,0.2740484424809704,0.1880743187327808,0.1340146729260219,0.0425366086556736,0.0563323382896856,0.0717551774716052,0.0425366086556736,0.5475796569980749,0.0621655221122759,0.5475796569980749,0.543962318991103,0.0510340765914995,0.2183449651046859,0.2068059175819382,0.0566748396091781,0.2183449651046859,0.5475796569980749,False,,,N100_drop0.50_s0.20_c0.05,1.0,0.0,0.0,False,False,1.0068271698186462,1.0170734897113791,-0.0865463796488441,-0.1149304575594595,False,,
2026-10-06,JAYSREETEA,INE364A01020,85.74,85.74,7907481.671269841,171.48,0.3824111930664624,0.0565801112491323,0.1831577669427193,0.3089146160360603,0.1830223429468409,0.1294609466467129,0.0424721224984777,0.0562470138292227,0.0716218209877005,0.0424721224984777,0.5430680463458092,0.0393647352398452,0.5430680463458092,0.5122736035772056,0.021954286041834,0.1829411764705882,0.1831577669427193,0.0565801112491323,0.1829411764705882,0.5430680463458092,False,,,N100_drop0.50_s0.20_c0.05,1.0,0.0,0.0,False,False,1.0068271698186462,1.0170734897113791,-0.0865463796488441,-0.1149304575594595,False,,
2026-10-06,PRECWIRE,INE372C01037,515.15,515.15,360772718.0571429,1030.3,0.3817270665738177,0.0563958308075424,0.2362165677496772,0.2387462968613874,0.1967260463109374,0.1194421641144784,0.0423466520889961,0.0560809965206096,0.0713624505110811,0.0423466520889961,0.5233776151400229,0.0521483354837113,0.5233776151400229,0.4839841249318762,0.0300816155615531,0.1732057416267942,0.2362165677496772,0.0563958308075424,0.1732057416267942,0.5233776151400229,False,,,N100_drop0.50_s0.20_c0.05,1.0,0.0,0.0,False,False,1.0068271698186462,1.0170734897113791,-0.0865463796488441,-0.1149304575594595,False,,
2026-10-06,BOSCH-HCIL,INE782A01015,1976.9,1976.9,90354150.6063492,3953.8,0.381393057507909,0.0563060195341175,0.1915986972264407,0.2938747514946426,0.1880393803779837,0.0438954036196418,0.0422817234868011,0.0560000712096075,0.0712360698527321,0.0422817234868011,0.5512249326140198,0.0493001428667869,0.5512249326140198,0.5256624783144496,0.0553973781507585,0.1960507757404795,0.1915986972264407,0.0563060195341175,0.1960507757404795,0.5512249326140198,False,,,N100_drop0.50_s0.20_c0.05,1.0,0.0,0.0,False,False,1.0068271698186462,1.0170734897113791,-0.0865463796488441,-0.1149304575594595,False,,
2026-10-06,20MICRONS,INE144J01027,207.87,207.87,39003876.41,415.74,0.3811971541871178,0.0562533919250666,0.1711504988039374,0.3286779315175008,0.1877311013347116,0.1047057572717225,0.0422385643465471,0.0559526460796902,0.0711620214544556,0.0422385643465471,0.5542622795546458,0.0640390381140155,0.5542622795546458,0.5278259339678483,0.0426119927078845,0.1960507757404795,0.1711504988039374,0.0562533919250666,0.1960507757404795,0.5542622795546458,False,,,N100_drop0.50_s0.20_c0.05,1.0,0.0,0.0,False,False,1.0068271698186462,1.0170734897113791,-0.0865463796488441,-0.1149304575594595,False,,
2026-10-06,JASH,INE039O01029,594.95,594.95,248969955.15793648,1189.9,0.3811147152630972,0.056231256203472,0.1966076396602374,0.2860074832323234,0.1960204835791299,0.1169132093809081,0.0422204125040033,0.0559326975765345,0.0711308777250245,0.0422204125040033,0.5111742729124464,0.0751501072479792,0.5111742729124464,0.4764886409433053,0.0583980993169263,0.1732057416267942,0.1966076396602374,0.056231256203472,0.1732057416267942,0.5111742729124464,False,,,N100_drop0.50_s0.20_c0.05,1.0,0.0,0.0,False,False,1.0068271698186462,1.0170734897113791,-0.0865463796488441,-0.1149304575594595,False,,
2026-10-06,SYNCOMF,INE312C01025,23.22,23.22,327984681.4820635,46.44,0.3810131509632078,0.0562039938510175,0.2672042179893718,0.2103409679455476,0.1882809831441192,0.0598720847969713,0.0421980577892921,0.0559089934895379,0.0710925225769838,0.0421980577892921,0.5273581441128474,0.0346750417887317,0.5273581441128474,0.5216355934042717,0.0282364453239636,0.1919720767888307,0.2672042179893718,0.0562039938510175,0.1919720767888307,0.5273581441128474,False,,,N100_drop0.50_s0.20_c0.05,1.0,0.0,0.0,False,False,1.0068271698186462,1.0170734897113791,-0.0865463796488441,-0.1149304575594595,False,,
2026-10-06,IGPL,INE204A01010,589.5,589.5,48088306.96984127,1179.0,0.3807677405868341,0.056138159453484,0.196433650339174,0.2857868769253771,0.1897572058498773,0.1379694267058374,0.0421440795590993,0.0558607457291399,0.0709999074595879,0.0421440795590993,0.5317092299010094,0.066515620686857,0.5317092299010094,0.4991198853762724,0.0582861136238572,0.1829411764705882,0.196433650339174,0.056138159453484,0.1829411764705882,0.5317092299010094,False,,,N100_drop0.50_s0.20_c0.05,1.0,0.0,0.0,False,False,1.0068271698186462,1.0170734897113791,-0.0865463796488441,-0.1149304575594595,False,,
2026-10-06,SILVERTUC,INE625X01026,137.68,137.68,96664800.75507936,275.36,0.3802078972239263,0.0559881847978301,0.2416308312678879,0.2317096063612755,0.1877926292047411,0.0547089611984944,0.0420211402539515,0.0557455841537593,0.0707889600943638,0.0420211402539515,0.5321166273447909,0.0283366461506993,0.5321166273447909,0.5291834633533335,0.0242834622209126,0.1960507757404795,0.2416308312678879,0.0559881847978301,0.1960507757404795,0.5321166273447909,False,,,N100_drop0.50_s0.20_c0.05,1.0,0.0,0.0,False,False,1.0068271698186462,1.0170734897113791,-0.0865463796488441,-0.1149304575594595,False,,
2026-10-06,SIGACHI,INE0D0K01022,29.89,29.89,110586908.4636508,59.78,0.3800098553023647,0.0559352019035799,0.2531002734647343,0.2210001638397033,0.1816913266253238,0.034592329325138,0.0419777171280636,0.0556996631482916,0.0707144486009157,0.0419777171280636,0.5698040737891354,0.0480077097227224,0.5698040737891354,0.5512049069348622,0.0368784029202423,0.2183449651046859,0.2531002734647343,0.0559352019035799,0.2183449651046859,0.5698040737891354,False,,,N100_drop0.50_s0.20_c0.05,1.0,0.0,0.0,False,False,1.0068271698186462,1.0170734897113791,-0.0865463796488441,-0.1149304575594595,False,,
2026-10-06,SGMART,INE385F01024,742.85,742.85,411802097.2992063,1485.7,0.3799128302022933,0.0559092577385055,0.1854786073121204,0.3014323783681552,0.1877329727402794,0.1115564413595701,0.0419564557676161,0.055677175689306,0.0706779647618213,0.0419564557676161,0.5560123927780362,0.0484647441635211,0.5560123927780362,0.5368299293061022,0.0345754417705347,0.2156862745098039,0.1854786073121204,0.0559092577385055,0.2156862745098039,0.5560123927780362,False,,,N100_drop0.50_s0.20_c0.05,1.0,0.0,0.0,False,False,1.0068271698186462,1.0170734897113791,-0.0865463796488441,-0.1149304575594595,False,,
2026-10-06,SHAREINDIA,INE932X01026,211.4,211.4,984402018.213492,422.8,0.379749275678608,0.055865543662818,0.202752441689585,0.2755357380521633,0.1975227780488861,0.1068290861652975,0.0419206343656413,0.0556392839926444,0.0706164954306139,0.0419206343656413,0.5035589273920689,0.0522753462487208,0.5035589273920689,0.46543174913266,0.0454737927190361,0.1732057416267942,0.202752441689585,0.055865543662818,0.1732057416267942,0.5035589273920689,False,,,N100_drop0.50_s0.20_c0.05,1.0,0.0,0.0,False,False,1.0068271698186462,1.0170734897113791,-0.0865463796488441,-0.1149304575594595,False,,
2026-10-06,NELCAST,INE189I01024,124.48,124.48,38301945.50206349,248.96,0.379606502037021,0.0558274041300684,0.2326519034441612,0.2399610890932065,0.189411366994704,0.0883616532513872,0.0418893835546128,0.0556062223767821,0.0705628682776723,0.0418893835546128,0.485058408485224,0.0144213229628765,0.485058408485224,0.4935884680954784,0.0221652328589878,0.1732057416267942,0.2326519034441612,0.0558274041300684,0.1732057416267942,0.485058408485224,False,,,N100_drop0.50_s0.20_c0.05,1.0,0.0,0.0,False,False,1.0068271698186462,1.0170734897113791,-0.0865463796488441,-0.1149304575594595,False,,
2026-10-06,INDOTHAI,INE337M01021,38.78,38.78,225528305.6279365,77.56,0.3795489649613868,0.0558120394399585,0.3052101018130252,0.1828643256183884,0.2102992347490979,0.1099999889080733,0.041876794688652,0.0555929028285863,0.0705412652322827,0.041876794688652,0.5852247752709571,0.1286408362768061,0.5852247752709571,0.5814462080078429,0.0988206378402224,0.2401459854014598,0.3052101018130252,0.0558120394399585,0.2401459854014598,0.5852247752709571,False,,,N100_drop0.50_s0.20_c0.05,1.0,0.0,0.0,False,False,1.0068271698186462,1.0170734897113791,-0.0865463796488441,-0.1149304575594595,False,,
2026-10-06,ONEPOINT,INE840Y01029,78.65,78.65,143802137.93301585,157.3,0.3793699481421964,0.0557642544835765,0.1707043174763617,0.3266716115208892,0.1950775244859425,0.0603295834190248,0.0418376451456681,0.0555514764525778,0.0704740820048497,0.0418376451456681,0.5595058904579219,0.0531513386743281,0.5595058904579219,0.48895962664532,0.0329108117672125,0.1732057416267942,0.1707043174763617,0.0557642544835765,0.1732057416267942,0.5595058904579219,False,,,N100_drop0.50_s0.20_c0.05,1.0,0.0,0.0,False,False,1.0068271698186462,1.0170734897113791,-0.0865463796488441,-0.1149304575594595,False,,
2026-10-06,MATRIMONY,INE866R01028,509.6,509.6,23623910.71031746,1019.2,0.3793444876293262,0.0557574607256929,0.1762415122592844,0.3163696226327385,0.1836566905811358,0.1368468495978141,0.0418320794178491,0.05554558648149,0.0704645307345413,0.0418320794178491,0.5284190583218695,0.039027842798384,0.5284190583218695,0.5093524895029776,0.0134679115167697,0.1829411764705882,0.1762415122592844,0.0557574607256929,0.1829411764705882,0.5284190583218695,False,,,N100_drop0.50_s0.20_c0.05,1.0,0.0,0.0,False,False,1.0068271698186462,1.0170734897113791,-0.0865463796488441,-0.1149304575594595,False,,
2026-10-06,SUVEN,INE495B01038,309.15,309.15,287927348.09761906,618.3,0.3787921416014465,0.0556102234080786,0.2416398519949903,0.2301368046245598,0.1872305502158882,0.1080996297719137,0.0417114750269282,0.05541792201149,0.0702575564593602,0.0417114750269282,0.5237699184686587,0.0440242050878259,0.5237699184686587,0.5485075699511587,0.0506301976155349,0.2183449651046859,0.2416398519949903,0.0556102234080786,0.2183449651046859,0.5237699184686587,False,,,N100_drop0.50_s0.20_c0.05,1.0,0.0,0.0,False,False,1.0068271698186462,1.0170734897113791,-0.0865463796488441,-0.1149304575594595,False,,
2026-10-06,NRBBEARING,INE349A01021,536.95,536.95,311922174.95000005,1073.9,0.3787050674228311,0.0555870380823358,0.2264363857132659,0.2454863334231327,0.2008765351773889,0.1800701139979005,0.0416924867923387,0.0553978162878086,0.0702249687846848,0.0416924867923387,0.5049693923058863,0.0888450934527223,0.5049693923058863,0.4734221252092706,0.0735528834098179,0.1732057416267942,0.2264363857132659,0.0555870380823358,0.1732057416267942,0.5049693923058863,False,,,N100_drop0.50_s0.20_c0.05,1.0,0.0,0.0,False,False,1.0068271698186462,1.0170734897113791,-0.0865463796488441,-0.1149304575594595,False,,
2026-10-06,ADFFOODS,INE982B01027,293.1,293.1,45384234.76349206,586.2,0.3784112108006165,0.0555088443833514,0.1875433947353689,0.2959786691590849,0.1925173272327613,0.0805653948088256,0.0416284544820236,0.0553300036441518,0.0701150739811889,0.0416284544820236,0.5259333560489582,0.0606884098712511,0.5259333560489582,0.5140255328124022,0.0576273814886408,0.1829411764705882,0.1875433947353689,0.0555088443833514,0.1829411764705882,0.5259333560489582,False,,,N100_drop0.50_s0.20_c0.05,1.0,0.0,0.0,False,False,1.0068271698186462,1.0170734897113791,-0.0865463796488441,-0.1149304575594595,False,,
2026-10-06,GANESHBE,INE388A01029,112.28,112.28,76241855.43301588,224.56,0.3782715310746893,0.055471704340208,0.2121561187963545,0.261466436390904,0.1815419061793697,0.1385630176606949,0.0415980442483033,0.055297791603509,0.0700628814706562,0.0415980442483033,0.5489319562754034,0.062955695830585,0.5489319562754034,0.5439701083175827,0.0534075519083959,0.2183449651046859,0.2121561187963545,0.055471704340208,0.2183449651046859,0.5489319562754034,False,,,N100_drop0.50_s0.20_c0.05,1.0,0.0,0.0,False,False,1.0068271698186462,1.0170734897113791,-0.0865463796488441,-0.1149304575594595,False,,
2026-10-06,ORIENTHOT,INE750A01020,143.61,143.61,254146930.87571427,287.22,0.3776790996957764,0.0553143804484979,0.1872024864413268,0.295478876910295,0.1894269572734043,0.0956884790453243,0.0414692526528622,0.0551613229465926,0.0698418299625996,0.0414692526528622,0.5404240480371629,0.062375103796561,0.5404240480371629,0.5198362715844445,0.0347740142841487,0.1919720767888307,0.1872024864413268,0.0553143804484979,0.1919720767888307,0.5404240480371629,False,,,N100_drop0.50_s0.20_c0.05,1.0,0.0,0.0,False,False,1.0068271698186462,1.0170734897113791,-0.0865463796488441,-0.1149304575594595,False,,
2026-10-06,ASIANENE,INE276G01015,463.75,463.75,234345044.3198413,927.5,0.377161901100375,0.0551772995934801,0.2248006735398887,0.2454498855569016,0.1788310254431823,0.0643889311466517,0.0413570659207834,0.055020606432941,0.0696492665172575,0.0413570659207834,0.5827838147509901,0.0662866807530549,0.5827838147509901,0.5544691121828197,0.0460453262997781,0.2183449651046859,0.2248006735398887,0.0551772995934801,0.2183449651046859,0.5827838147509901,False,,,N100_drop0.50_s0.20_c0.05,1.0,0.0,0.0,False,False,1.0068271698186462,1.0170734897113791,-0.0865463796488441,-0.1149304575594595,False,,
2026-10-06,COFFEEDAY,INE335K01011,30.03,30.03,18722257.571746036,60.06,0.3765781207916375,0.0550228671271878,0.2601015561242108,0.2115437829249734,0.1825320883264241,0.0601462638605785,0.0412353260489312,0.0548596157624894,0.0694323790675223,0.0412353260489312,0.4944999804646078,0.0081132413918631,0.4944999804646078,0.5091112370439823,0.0211833268117478,0.1829411764705882,0.2601015561242108,0.0550228671271878,0.1829411764705882,0.4944999804646078,False,,,N100_drop0.50_s0.20_c0.05,1.0,0.0,0.0,False,False,1.0068271698186462,1.0170734897113791,-0.0865463796488441,-0.1149304575594595,False,,
2026-10-06,ATL,INE0NN701020,24.71,24.71,5369462.753968254,49.42,0.3763565175643615,0.054964326420598,0.2538969576282907,0.2164828083567143,0.1825208794817939,0.1554798413424916,0.0412045303186387,0.0548035098666024,0.0693501776039936,0.0412045303186387,0.4780035151165346,0.0295247542238413,0.4780035151165346,0.4765538810793709,0.0164827613754879,0.1732057416267942,0.2538969576282907,0.054964326420598,0.1732057416267942,0.4780035151165346,False,,,N100_drop0.50_s0.20_c0.05,1.0,0.0,0.0,False,False,1.0068271698186462,1.0170734897113791,-0.0865463796488441,-0.1149304575594595,False,,
2026-10-06,INDNIPPON,INE092B01025,1241.7,1241.7,171764954.76666668,2483.4,0.3762353693347232,0.0549323418462848,0.2154867846699001,0.2549220915353793,0.1876163466769623,0.0925282381494173,0.0411877010445513,0.0547728550560732,0.069305268898659,0.0411877010445513,0.5095447055802419,0.0652636928014981,0.5095447055802419,0.4994057538199285,0.0483472339187645,0.1829411764705882,0.2154867846699001,0.0549323418462848,0.1829411764705882,0.5095447055802419,False,,,N100_drop0.50_s0.20_c0.05,1.0,0.0,0.0,False,False,1.0068271698186462,1.0170734897113791,-0.0865463796488441,-0.1149304575594595,False,,
2026-10-06,UDS,INE851I01011,215.4,215.4,72336251.28492065,430.8,0.376151140944125,0.0549101124738068,0.1599872273845937,0.3432156014667861,0.1824668359253907,0.0412756648852681,0.0411760031604734,0.0547515496521109,0.0692740585803192,0.0411760031604734,0.5834337816233548,0.0645541434922798,0.5834337816233548,0.5670222418896086,0.0483553558004701,0.2183449651046859,0.1599872273845937,0.0549101124738068,0.2183449651046859,0.5834337816233548,False,,,N100_drop0.50_s0.20_c0.05,1.0,0.0,0.0,False,False,1.0068271698186462,1.0170734897113791,-0.0865463796488441,-0.1149304575594595,False,,
2026-10-06,MEDICAMEQ,INE646B01010,311.95,311.95,13840727.924920635,623.9,0.3757815754449454,0.0548126543272527,0.2333093025431513,0.2349355714914751,0.1859605950606333,0.1273229421716197,0.0411247027909043,0.0546581402293413,0.06913723932896,0.0411247027909043,0.488871416401529,0.019938138727232,0.488871416401529,0.479639158585798,0.0199923124259127,0.1732057416267942,0.2333093025431513,0.0548126543272527,0.1732057416267942,0.488871416401529,False,,,N100_drop0.50_s0.20_c0.05,1.0,0.0,0.0,False,False,1.0068271698186462,1.0170734897113791,-0.0865463796488441,-0.1149304575594595,False,,
2026-10-06,ESTER,INE778B01029,93.87,93.87,20599307.48206349,187.74,0.375725040231479,0.0547977564415676,0.2604989085261222,0.210356952171539,0.1913472899960528,0.1481292221801524,0.0411168587139913,0.054643860941398,0.0691163264280914,0.0411168587139913,0.4460011097596155,0.0410664516453308,0.4460011097596155,0.4426123555326122,0.0472835518407114,0.1648675171736997,0.2604989085261222,0.0547977564415676,0.1648675171736997,0.4460011097596155,False,,,N100_drop0.50_s0.20_c0.05,1.0,0.0,0.0,False,False,1.0068271698186462,1.0170734897113791,-0.0865463796488441,-0.1149304575594595,False,,
2026-10-06,PREMIERPOL,INE309M01020,97.23,97.23,78009299.39285715,194.46,0.3753601705109415,0.0547016780004904,0.3007219091984998,0.1819012061551627,0.1820088751697121,0.0072988725322567,0.0410662579827995,0.0545492656803317,0.068981468473299,0.0410662579827995,0.5317115971278934,0.0510967450092185,0.5317115971278934,0.5024082801484909,0.0165474639127504,0.1829411764705882,0.3007219091984998,0.0547016780004904,0.1829411764705882,0.5317115971278934,False,,,N100_drop0.50_s0.20_c0.05,1.0,0.0,0.0,False,False,1.0068271698186462,1.0170734897113791,-0.0865463796488441,-0.1149304575594595,False,,
2026-10-06,UGARSUGAR,INE071E01023,59.26,59.26,59202047.71555556,118.52,0.3750181438917637,0.0546117250310674,0.289607681476453,0.1885713968381317,0.1836769406977735,0.0115017082104744,0.0410188624802681,0.0544602574100293,0.0688552274290779,0.0410188624802681,0.5157462686452995,0.051202272952461,0.5157462686452995,0.5009498711015782,0.0519836187090833,0.1829411764705882,0.289607681476453,0.0546117250310674,0.1829411764705882,0.5157462686452995,False,,,N100_drop0.50_s0.20_c0.05,1.0,0.0,0.0,False,False,1.0068271698186462,1.0170734897113791,-0.0865463796488441,-0.1149304575594595,False,,
2026-10-06,RSL,INE313L01016,176.06,176.06,94257682.68015872,352.12,0.3742960756862969,0.0544221712139772,0.1789688161775052,0.304087451525634,0.1813181233859168,0.0657783553172203,0.0409189219492076,0.0542586164398469,0.0685892659487012,0.0409189219492076,0.5735120268313473,0.0554044777980189,0.5735120268313473,0.5514058073190138,0.0509724779308135,0.2183449651046859,0.1789688161775052,0.0544221712139772,0.2183449651046859,0.5735120268313473,False,,,N100_drop0.50_s0.20_c0.05,1.0,0.0,0.0,False,False,1.0068271698186462,1.0170734897113791,-0.0865463796488441,-0.1149304575594595,False,,
2026-10-06,RUBICON,INE506V01022,1596.8,1596.8,544413769.295238,3193.6,0.373959876530644,0.0543340756402329,0.2165604342203921,0.2508956718517543,0.1862745780070217,0.1658429940999722,0.0408724437196691,0.0541615563444247,0.0684656877935262,0.0408724437196691,0.5446432998836022,0.0465553062555928,0.5446432998836022,0.5167589651817597,0.0180078765579288,0.1919720767888307,0.2165604342203921,0.0543340756402329,0.1919720767888307,0.5446432998836022,False,,,N100_drop0.50_s0.20_c0.05,1.0,0.0,0.0,False,False,1.0068271698186462,1.0170734897113791,-0.0865463796488441,-0.1149304575594595,False,,
2026-10-06,JNKINDIA,INE0OAF01028,440.95,440.95,143046567.71666667,881.9,0.3739072501970495,0.0543202950478547,0.2107622524131513,0.2577325608637555,0.184969574070036,0.1152985169597252,0.040865171471536,0.0541450439684965,0.0684463583557499,0.040865171471536,0.5093822541420389,0.0363571601391139,0.5093822541420389,0.5331757765861226,0.0589917783904349,0.1960507757404795,0.2107622524131513,0.0543202950478547,0.1960507757404795,0.5093822541420389,False,,,N100_drop0.50_s0.20_c0.05,1.0,0.0,0.0,False,False,1.0068271698186462,1.0170734897113791,-0.0865463796488441,-0.1149304575594595,False,,
2026-10-06,RGL,INE722H01024,163.62,163.62,236352894.17063493,327.24,0.3737480862148247,0.0542786320827781,0.2167382359659967,0.2504340401261442,0.1847592020816253,0.1013900586770534,0.0408431823258143,0.0540986443019208,0.0683879221870336,0.0408431823258143,0.5474066603563815,0.0686632060787493,0.5474066603563815,0.5260671798361988,0.0525965490665625,0.1960507757404795,0.2167382359659967,0.0542786320827781,0.1960507757404795,0.5474066603563815,False,,,N100_drop0.50_s0.20_c0.05,1.0,0.0,0.0,False,False,1.0068271698186462,1.0170734897113791,-0.0865463796488441,-0.1149304575594595,False,,
2026-10-06,RAYMONDREL,INE1SY401010,707.8,707.8,809178596.7912699,1415.6,0.3733020783923756,0.0541620068604772,0.2608467915400357,0.2076391530089578,0.197616506953879,0.1161578091701055,0.0407716533161113,0.0539687810047931,0.0682243658088915,0.0407716533161113,0.4822400745436495,0.0770213136806017,0.4822400745436495,0.4618079876011367,0.0572884237399376,0.1732057416267942,0.2608467915400357,0.0541620068604772,0.1732057416267942,0.4822400745436495,False,,,N100_drop0.50_s0.20_c0.05,1.0,0.0,0.0,False,False,1.0068271698186462,1.0170734897113791,-0.0865463796488441,-0.1149304575594595,False,,
2026-10-06,PFOCUS,INE367G01038,292.7,292.7,536905167.8323809,585.4,0.3733019304916647,0.054161968216259,0.2538196881999479,0.2133875768281324,0.1878662787723416,0.1181731229922107,0.0407716222039298,0.0539687379792598,0.0682243116190639,0.0407716222039298,0.4930814221309124,0.0364271747073807,0.4930814221309124,0.4792217062610113,0.0373693727958789,0.1732057416267942,0.2538196881999479,0.054161968216259,0.1732057416267942,0.4930814221309124,False,,,N100_drop0.50_s0.20_c0.05,1.0,0.0,0.0,False,False,1.0068271698186462,1.0170734897113791,-0.0865463796488441,-0.1149304575594595,False,,
2026-10-06,PROZONER,INE195N01013,52.45,52.45,13956149.39888889,104.9,0.3731985437346129,0.0541349596652547,0.2292821583265776,0.2361062895619978,0.1850940995435531,0.1418392296258718,0.0407498782561839,0.0539386681538027,0.0681864390440556,0.0407498782561839,0.480868182682671,0.0416127981781809,0.480868182682671,0.4545291399239126,0.0438536421100319,0.1732057416267942,0.2292821583265776,0.0541349596652547,0.1732057416267942,0.480868182682671,False,,,N100_drop0.50_s0.20_c0.05,1.0,0.0,0.0,False,False,1.0068271698186462,1.0170734897113791,-0.0865463796488441,-0.1149304575594595,False,,
2026-10-06,KOTARISUG,INE419A01022,26.15,26.15,5895824.456190475,52.3,0.3726691472807284,0.0539968126685792,0.2313298445304405,0.2334191369824476,0.1902829174905493,0.1274717145133784,0.0406386731793045,0.0537848891638923,0.068023817602979,0.0406386731793045,0.5245736367839579,0.0511276312413798,0.5245736367839579,0.5169510642518288,0.0857390983229877,0.1919720767888307,0.2313298445304405,0.0539968126685792,0.1919720767888307,0.5245736367839579,False,,,N100_drop0.50_s0.20_c0.05,1.0,0.0,0.0,False,False,1.0068271698186462,1.0170734897113791,-0.0865463796488441,-0.1149304575594595,False,,
2026-10-06,GANDHAR,INE717W01049,282.5,282.5,733173248.9960318,565.0,0.372643529866298,0.0539901341797988,0.1879437756311538,0.2872674766615115,0.1851517658696171,0.1015940642666904,0.0406332977392114,0.0537774560853169,0.0680166335196744,0.0406332977392114,0.5179768776918133,0.0330593818395307,0.5179768776918133,0.5193615840668163,0.0131885783921295,0.1919720767888307,0.1879437756311538,0.0539901341797988,0.1919720767888307,0.5179768776918133,False,,,N100_drop0.50_s0.20_c0.05,1.0,0.0,0.0,False,False,1.0068271698186462,1.0170734897113791,-0.0865463796488441,-0.1149304575594595,False,,
2026-10-06,WELSPUNLIV,INE192B01031,237.86,237.86,1121426122.2055557,475.72,0.3726057220891421,0.0539802787322304,0.1411323473247675,0.3824798478552432,0.1908675111622617,0.0492853334121462,0.040625365299703,0.0537664872771256,0.0680060317230039,0.040625365299703,0.5431836165491571,0.0399696111147533,0.5431836165491571,0.5244416701697507,0.0146120176420352,0.1960507757404795,0.1411323473247675,0.0539802787322304,0.1960507757404795,0.5431836165491571,False,,,N100_drop0.50_s0.20_c0.05,1.0,0.0,0.0,False,False,1.0068271698186462,1.0170734897113791,-0.0865463796488441,-0.1149304575594595,False,,
2026-10-06,ATLANTAELE,INE0Z4F01028,1869.3,1869.3,257263412.368254,3738.6,0.3719805683934611,0.0538175052779928,0.2378361828117859,0.2262797217889335,0.1858282473800268,0.1082219690686434,0.0404943694657765,0.0535853578698516,0.067830889519808,0.0404943694657765,0.5555487071147637,0.0639149312521807,0.5555487071147637,0.5285889317861524,0.0468741960230048,0.1960507757404795,0.2378361828117859,0.0538175052779928,0.1960507757404795,0.5555487071147637,False,,,N100_drop0.50_s0.20_c0.05,1.0,0.0,0.0,False,False,1.0068271698186462,1.0170734897113791,-0.0865463796488441,-0.1149304575594595,False,,
2026-10-06,EMIL,INE02YR01019,201.42,201.42,1198767276.3503177,402.84,0.3717847354584888,0.0537665879976003,0.2235544588689184,0.2405077861995428,0.1911478304647943,0.1224377133701901,0.0404533991722986,0.0535287112192882,0.0677760868808811,0.0404533991722986,0.5174787343818531,0.0454790800110192,0.5174787343818531,0.473900663089037,0.0388504850131517,0.1732057416267942,0.2235544588689184,0.0537665879976003,0.1732057416267942,0.5174787343818531,False,,,N100_drop0.50_s0.20_c0.05,1.0,0.0,0.0,False,False,1.0068271698186462,1.0170734897113791,-0.0865463796488441,-0.1149304575594595,False,,
2026-10-06,NPST,INE0FFK01017,1835.5,1835.5,191254856.0253968,3671.0,0.3716723815021024,0.0537373911358454,0.2195588896164426,0.244751607323765,0.1878129846310102,0.1222353585275319,0.0404299075090385,0.0535010074491711,0.0677446585801992,0.0404299075090385,0.5208055839194584,0.0709328638243297,0.5208055839194584,0.4930376223104619,0.05229355147703,0.1732057416267942,0.2195588896164426,0.0537373911358454,0.1732057416267942,0.5208055839194584,False,,,N100_drop0.50_s0.20_c0.05,1.0,0.0,0.0,False,False,1.0068271698186462,1.0170734897113791,-0.0865463796488441,-0.1149304575594595,False,,
2026-10-06,RML,INE050H01012,1394.4,1394.4,133876260.75396824,2788.8,0.3715491004328757,0.0537053677616371,0.2220086931752873,0.2419065983115987,0.1933521695300559,0.0659185549976887,0.0404041428387396,0.0534708941428913,0.0677101848031669,0.0404041428387396,0.5038001784972425,0.0568000368644536,0.5038001784972425,0.4888111349853416,0.0521331863691753,0.1732057416267942,0.2220086931752873,0.0537053677616371,0.1732057416267942,0.5038001784972425,False,,,N100_drop0.50_s0.20_c0.05,1.0,0.0,0.0,False,False,1.0068271698186462,1.0170734897113791,-0.0865463796488441,-0.1149304575594595,False,,
2026-10-06,FAZE3Q,INE963C01033,445.75,445.75,16021311.463492062,891.5,0.3714804882097459,0.0536875510329517,0.2384792869893488,0.2251245871736844,0.1840806135149198,0.0964378199652676,0.0403898087826134,0.0534541398628624,0.0676910034198687,0.0403898087826134,0.4912760854463483,0.01058190480963,0.4912760854463483,0.4698245430834301,0.0231837942548353,0.1732057416267942,0.2384792869893488,0.0536875510329517,0.1732057416267942,0.4912760854463483,False,,,N100_drop0.50_s0.20_c0.05,1.0,0.0,0.0,False,False,1.0068271698186462,1.0170734897113791,-0.0865463796488441,-0.1149304575594595,False,,
2026-10-06,DSSL,INE417B01040,1013.05,1013.05,34289202.78809526,2026.1,0.3712143485760854,0.0536184818243657,0.2043829866049613,0.2623431759904824,0.1830316046670343,0.0253136273163782,0.0403342443262236,0.0533891877107735,0.0676166349085764,0.0403342443262236,0.5103241589637489,0.0682869184165916,0.5103241589637489,0.4937792385070167,0.0397222905240142,0.1732057416267942,0.2043829866049613,0.0536184818243657,0.1732057416267942,0.5103241589637489,False,,,N100_drop0.50_s0.20_c0.05,1.0,0.0,0.0,False,False,1.0068271698186462,1.0170734897113791,-0.0865463796488441,-0.1149304575594595,False,,
2026-10-06,SURAKSHA,INE877V01027,332.0,332.0,52417694.8047619,664.0,0.371037180419256,0.0535725379649821,0.1811360086729887,0.2957586310831135,0.1807381567612117,0.1437619010784709,0.040297286854224,0.0533377775929511,0.0675671580823093,0.040297286854224,0.5330573879478685,0.0603067303087143,0.5330573879478685,0.5125753769258016,0.0457053539774205,0.1829411764705882,0.1811360086729887,0.0535725379649821,0.1829411764705882,0.5330573879478685,False,,,N100_drop0.50_s0.20_c0.05,1.0,0.0,0.0,False,False,1.0068271698186462,1.0170734897113791,-0.0865463796488441,-0.1149304575594595,False,,
2026-10-06,ICIL,INE483B01026,473.15,473.15,435232546.27619046,946.3,0.3710074072973017,0.0535648198598098,0.1987328509139428,0.2695317840682767,0.1924172394520057,0.1410950514329675,0.0402910786238413,0.0533287013776607,0.0675588458509879,0.0402910786238413,0.5052542578284661,0.0579297740585586,0.5052542578284661,0.4841135486804906,0.0361928082776543,0.1732057416267942,0.1987328509139428,0.0535648198598098,0.1732057416267942,0.5052542578284661,False,,,N100_drop0.50_s0.20_c0.05,1.0,0.0,0.0,False,False,1.0068271698186462,1.0170734897113791,-0.0865463796488441,-0.1149304575594595,False,,
2026-10-06,LUXIND,INE150G01020,1177.0,1177.0,46606412.42698413,2354.0,0.3707349542534086,0.0534942285985394,0.234267669564452,0.2283466117966486,0.1861008623414646,0.057252415509441,0.0402343003345326,0.0532313246955447,0.0674825603486451,0.0402343003345326,0.483086445126573,0.0211327527050002,0.483086445126573,0.4747890830359975,0.0348409955194069,0.1732057416267942,0.234267669564452,0.0534942285985394,0.1732057416267942,0.483086445126573,False,,,N100_drop0.50_s0.20_c0.05,1.0,0.0,0.0,False,False,1.0068271698186462,1.0170734897113791,-0.0865463796488441,-0.1149304575594595,False,,
2026-10-06,MBAPL,INE900L01028,166.95,166.95,193425392.39142856,333.9,0.370685878367864,0.0534815203450906,0.1909902677371781,0.2800222282461355,0.1862609843459721,0.1380022192727578,0.0402240794188726,0.0532135243241736,0.0674688011861222,0.0402240794188726,0.5351150368799265,0.068387808785852,0.5351150368799265,0.5188462452443322,0.0703151370523796,0.1919720767888307,0.1909902677371781,0.0534815203450906,0.1919720767888307,0.5351150368799265,False,,,N100_drop0.50_s0.20_c0.05,1.0,0.0,0.0,False,False,1.0068271698186462,1.0170734897113791,-0.0865463796488441,-0.1149304575594595,False,,
2026-10-06,MANCREDIT,INE545L01039,231.9,231.9,61919013.25793651,463.8,0.3702537911374389,0.053369723952606,0.1804453501685536,0.2957666900407988,0.1835654931897508,0.1089987318892098,0.0401341729998178,0.053080790985733,0.0673477395142242,0.0401341729998178,0.4988754727600696,0.0218188255145006,0.4988754727600696,0.5027421832356054,0.0359229059261739,0.1829411764705882,0.1804453501685536,0.053369723952606,0.1829411764705882,0.4988754727600696,False,,,N100_drop0.50_s0.20_c0.05,1.0,0.0,0.0,False,False,1.0068271698186462,1.0170734897113791,-0.0865463796488441,-0.1149304575594595,False,,
2026-10-06,COASTCORP,INE377E01024,36.18,36.18,5746639.946349206,72.36,0.3699505404315346,0.0532913618774888,0.2403604268665531,0.2217143752497825,0.2070694587474908,0.0341907354434634,0.0400711634874039,0.0529945194602908,0.0672628613363081,0.0400711634874039,0.5254875475020125,0.0616996919462522,0.5254875475020125,0.494223597588629,0.109950790988013,0.1732057416267942,0.2403604268665531,0.0532913618774888,0.1732057416267942,0.5254875475020125,False,,,N100_drop0.50_s0.20_c0.05,1.0,0.0,0.0,False,False,1.0068271698186462,1.0170734897113791,-0.0865463796488441,-0.1149304575594595,False,,
2026-10-06,ASIANHOTNR,INE363A01022,328.65,328.65,21680316.16031746,657.3,0.3695921570127309,0.0531988589976995,0.2009607213724192,0.2647226713478587,0.175863842479114,0.1597111820986438,0.0399967932760757,0.0528926994543001,0.067162643388146,0.0399967932760757,0.5063716250776488,0.0112192183861455,0.5063716250776488,0.5011260434470525,0.0043135862230659,0.1829411764705882,0.2009607213724192,0.0531988589976995,0.1829411764705882,0.5063716250776488,False,,,N100_drop0.50_s0.20_c0.05,1.0,0.0,0.0,False,False,1.0068271698186462,1.0170734897113791,-0.0865463796488441,-0.1149304575594595,False,,
2026-10-06,5PAISA,INE618L01018,349.7,349.7,34524640.385714285,699.4,0.3694283827526755,0.0531566251172871,0.2101715852993897,0.2529201320985681,0.186265781710812,0.0903278155306022,0.0399628416790894,0.0528541009326285,0.067116878721338,0.0399628416790894,0.4932694066931014,0.0230063276628625,0.4932694066931014,0.4822451897519869,0.048420574936443,0.1732057416267942,0.2101715852993897,0.0531566251172871,0.1732057416267942,0.4932694066931014,False,,,N100_drop0.50_s0.20_c0.05,1.0,0.0,0.0,False,False,1.0068271698186462,1.0170734897113791,-0.0865463796488441,-0.1149304575594595,False,,
2026-10-06,KRYSTAL,INE0QN801017,656.65,656.65,24152974.978571422,1313.3,0.3693902813874293,0.0531468030175203,0.1670137120480996,0.3182182011631126,0.1843037068743897,0.1046588259245754,0.0399549460571999,0.0528455131703413,0.067106234736798,0.0399549460571999,0.5085995970564631,0.0308270940582086,0.5085995970564631,0.4744843366586438,0.026806563751882,0.1732057416267942,0.1670137120480996,0.0531468030175203,0.1732057416267942,0.5085995970564631,False,,,N100_drop0.50_s0.20_c0.05,1.0,0.0,0.0,False,False,1.0068271698186462,1.0170734897113791,-0.0865463796488441,-0.1149304575594595,False,,
2026-10-06,DCI,INE0A1101019,343.05,343.05,76930228.41746032,686.1,0.3693310001750959,0.0531315235652001,0.2585231817439329,0.2055193782112231,0.1812566254504568,0.1016236338121558,0.0399426637068073,0.0528321535405047,0.0670896761819371,0.0399426637068073,0.5104964536826334,0.0565468711164863,0.5104964536826334,0.4889462318154912,0.0372204117219815,0.1732057416267942,0.2585231817439329,0.0531315235652001,0.1732057416267942,0.5104964536826334,False,,,N100_drop0.50_s0.20_c0.05,1.0,0.0,0.0,False,False,1.0068271698186462,1.0170734897113791,-0.0865463796488441,-0.1149304575594595,False,,
2026-10-06,MAGADSUGAR,INE347W01011,552.45,552.45,30095822.186507937,1104.9,0.3690794383148643,0.0530667195035791,0.1937444948989516,0.2739005282769783,0.1813350620983012,0.132700250564351,0.0398905743000423,0.0527754873695206,0.0670194300328305,0.0398905743000423,0.5152503018332947,0.0325951146539452,0.5152503018332947,0.4829478730488299,0.0164530786034977,0.1732057416267942,0.1937444948989516,0.0530667195035791,0.1732057416267942,0.5152503018332947,False,,,N100_drop0.50_s0.20_c0.05,1.0,0.0,0.0,False,False,1.0068271698186462,1.0170734897113791,-0.0865463796488441,-0.1149304575594595,False,,
2026-10-06,MMFL,INE227C01017,579.15,579.15,93212888.0373016,1158.3,0.3690286697063168,0.053053647992772,0.2021532027769829,0.2624427773786066,0.1770821025108968,0.1285371845498004,0.0398800680633494,0.052764056441494,0.0670052340476243,0.0398800680633494,0.5547903203965309,0.0702359243633117,0.5547903203965309,0.5423838263076953,0.0605769586679272,0.2183449651046859,0.2021532027769829,0.053053647992772,0.2183449651046859,0.5547903203965309,False,,,N100_drop0.50_s0.20_c0.05,1.0,0.0,0.0,False,False,1.0068271698186462,1.0170734897113791,-0.0865463796488441,-0.1149304575594595,False,,
2026-10-06,TARSONS,INE144Z01023,331.65,331.65,195301273.2047619,663.3,0.368970075762006,0.0530385645252491,0.2201337276370835,0.2409379293875836,0.182045481510706,0.0983963515592158,0.0398679449753203,0.052750865699667,0.0669888524130576,0.0398679449753203,0.5448863473350817,0.0691663972731369,0.5448863473350817,0.5350763276231464,0.045405483755237,0.2156862745098039,0.2201337276370835,0.0530385645252491,0.2156862745098039,0.5448863473350817,False,,,N100_drop0.50_s0.20_c0.05,1.0,0.0,0.0,False,False,1.0068271698186462,1.0170734897113791,-0.0865463796488441,-0.1149304575594595,False,,
2026-10-06,GALAPREC,INE0RE001014,1161.0,1161.0,51379110.14285714,2322.0,0.3683992610369174,0.0528917829846249,0.2122619471903737,0.2491816535405063,0.1921367759465869,0.1273691581699653,0.039749986313524,0.0526124490325113,0.0668294036193999,0.039749986313524,0.5073381503153899,0.0750903007105322,0.5073381503153899,0.4852805688550557,0.0714294234305941,0.1732057416267942,0.2122619471903737,0.0528917829846249,0.1732057416267942,0.5073381503153899,False,,,N100_drop0.50_s0.20_c0.05,1.0,0.0,0.0,False,False,1.0068271698186462,1.0170734897113791,-0.0865463796488441,-0.1149304575594595,False,,
2026-10-06,DIFFNKG,INE184O01015,454.1,454.1,158694349.4063492,908.2,0.3683146629663367,0.052870053723082,0.2082138391724308,0.2539219003559991,0.1794258094861693,0.1370988367734309,0.0397325261848952,0.0525903516193645,0.0668057938103104,0.0397325261848952,0.5438720340362274,0.0723233327765391,0.5438720340362274,0.5429722014950403,0.0558606456558082,0.2183449651046859,0.2082138391724308,0.052870053723082,0.2183449651046859,0.5438720340362274,False,,,N100_drop0.50_s0.20_c0.05,1.0,0.0,0.0,False,False,1.0068271698186462,1.0170734897113791,-0.0865463796488441,-0.1149304575594595,False,,
2026-10-06,SOUTHWEST,INE980Y01015,199.72,199.72,62337205.45809524,399.44,0.3681192486805219,0.0528198852603612,0.2384252923742935,0.2215364181139038,0.1824706419639339,0.0827196896937169,0.0396922165020997,0.0525393340435794,0.0667512783038802,0.0396922165020997,0.5116697585535892,0.0313491741486782,0.5116697585535892,0.5011827744258067,0.0447438467814702,0.1829411764705882,0.2384252923742935,0.0528198852603612,0.1829411764705882,0.5116697585535892,False,,,N100_drop0.50_s0.20_c0.05,1.0,0.0,0.0,False,False,1.0068271698186462,1.0170734897113791,-0.0865463796488441,-0.1149304575594595,False,,
2026-10-06,SOTL,INE035D01020,775.5,775.5,600126769.9928572,1551.0,0.3678721035711033,0.0527564844821684,0.2342693515399775,0.2251958445924398,0.1894360475037902,0.17995061141054,0.0396412792603194,0.0524748619392635,0.0666823734447147,0.0396412792603194,0.5065559158997645,0.0996493462800479,0.5065559158997645,0.4988157754619176,0.0584190058950887,0.1829411764705882,0.2342693515399775,0.0527564844821684,0.1829411764705882,0.5065559158997645,False,,,N100_drop0.50_s0.20_c0.05,1.0,0.0,0.0,False,False,1.0068271698186462,1.0170734897113791,-0.0865463796488441,-0.1149304575594595,False,,
2026-10-06,MOBIKWIK,INE0HLU01028,242.14,242.14,667599764.6009524,484.28,0.3678487524698756,0.0527504969609334,0.2493225311755329,0.2115753306057807,0.2046202322549004,0.1357073697863457,0.0396364690415953,0.0524687733436836,0.066675865517545,0.0396364690415953,0.4842809277078818,0.0830977801174273,0.4842809277078818,0.4452278109873037,0.0750999327857715,0.1648675171736997,0.2493225311755329,0.0527504969609334,0.1648675171736997,0.4842809277078818,False,,,N100_drop0.50_s0.20_c0.05,1.0,0.0,0.0,False,False,1.0068271698186462,1.0170734897113791,-0.0865463796488441,-0.1149304575594595,False,,
2026-10-06,KAYA,INE587G01015,305.55,305.55,11266838.236666668,611.1,0.367444345197756,0.0526468783075607,0.2359024946602683,0.2231721982566542,0.1792076202785101,0.1468811283681672,0.0395532315049925,0.0523634082818246,0.0665632242883735,0.0395532315049925,0.5488467740381306,0.043912066784491,0.5488467740381306,0.5359163540973503,0.0324748140184018,0.2156862745098039,0.2359024946602683,0.0526468783075607,0.2156862745098039,0.5488467740381306,False,,,N100_drop0.50_s0.20_c0.05,1.0,0.0,0.0,False,False,1.0068271698186462,1.0170734897113791,-0.0865463796488441,-0.1149304575594595,False,,
2026-10-06,KWIL,INE2KCE01013,38.29,38.29,866780382.8119048,76.58,0.3673600325770738,0.0526252936521259,0.2260395965740929,0.2328144911322033,0.184401859784815,0.113859123513096,0.039535894076037,0.0523414604919555,0.0665397562107326,0.039535894076037,0.5145748177845139,0.0132171983120876,0.5145748177845139,0.5202398752839313,0.0231184580933386,0.1919720767888307,0.2260395965740929,0.0526252936521259,0.1919720767888307,0.5145748177845139,False,,,N100_drop0.50_s0.20_c0.05,1.0,0.0,0.0,False,False,1.0068271698186462,1.0170734897113791,-0.0865463796488441,-0.1149304575594595,False,,
2026-10-06,MAXESTATES,INE03EI01018,564.95,564.95,111135807.51984128,1129.9,0.3672872284198191,0.0526066603029008,0.1709519982830916,0.3077276711079196,0.1809976904187245,0.0484188465665315,0.0395209276848044,0.0523225138427555,0.0665194958684778,0.0395209276848044,0.5642448422895604,0.0557152166519311,0.5642448422895604,0.5309783567187568,0.0306676835603457,0.1960507757404795,0.1709519982830916,0.0526066603029008,0.1960507757404795,0.5642448422895604,False,,,N100_drop0.50_s0.20_c0.05,1.0,0.0,0.0,False,False,1.0068271698186462,1.0170734897113791,-0.0865463796488441,-0.1149304575594595,False,,
2026-10-06,GHCLTEXTIL,INE0PA801013,131.58,131.58,111772362.6757143,263.16,0.3672465274544013,0.0525962454206153,0.1694528581921936,0.3103886590154804,0.1766448501424698,0.0605254170533718,0.0395125625902882,0.0523119239189778,0.0665081711564317,0.0395125625902882,0.5619324823263943,0.0651960825804669,0.5619324823263943,0.5536549850273532,0.0529161678746594,0.2183449651046859,0.1694528581921936,0.0525962454206153,0.2183449651046859,0.5619324823263943,False,,,N100_drop0.50_s0.20_c0.05,1.0,0.0,0.0,False,False,1.0068271698186462,1.0170734897113791,-0.0865463796488441,-0.1149304575594595,False,,
2026-10-06,GAEL,INE036B01030,162.81,162.81,225606919.38873017,325.62,0.3671984816663771,0.0525839529706459,0.1764003949150286,0.2980943041310959,0.1837785636578723,0.1190470618274005,0.0395026896305754,0.0522994249395023,0.0664948044471068,0.0395026896305754,0.5450428990219668,0.0720846308493815,0.5450428990219668,0.5171556273594211,0.0456240467199797,0.1919720767888307,0.1764003949150286,0.0525839529706459,0.1919720767888307,0.5450428990219668,False,,,N100_drop0.50_s0.20_c0.05,1.0,0.0,0.0,False,False,1.0068271698186462,1.0170734897113791,-0.0865463796488441,-0.1149304575594595,False,,
2026-10-06,RITCO,INE01EG01016,285.55,285.55,39966213.5420635,571.1,0.3671618547146703,0.0525745833839713,0.1750445228402334,0.3003497769076564,0.1815226696161974,0.1254008565795294,0.0394951643599145,0.0522898979807725,0.0664846157387215,0.0394951643599145,0.5578256794638095,0.0898734224940793,0.5578256794638095,0.5141911574810093,0.05310009580089,0.1829411764705882,0.1750445228402334,0.0525745833839713,0.1829411764705882,0.5578256794638095,False,,,N100_drop0.50_s0.20_c0.05,1.0,0.0,0.0,False,False,1.0068271698186462,1.0170734897113791,-0.0865463796488441,-0.1149304575594595,False,,
2026-10-06,VIDYAWIRES,INE14UN01029,95.83,95.83,87476544.4609524,191.66,0.3667394061249999,0.0524666018558641,0.202400613625605,0.2592215552909115,0.1919226126588452,0.0788572454971536,0.0394080799434622,0.0521870021554951,0.0663671755534841,0.0394080799434622,0.5195186992830192,0.0395818145832722,0.5195186992830192,0.4999243801814492,0.062106660770406,0.1829411764705882,0.202400613625605,0.0524666018558641,0.1829411764705882,0.5195186992830192,False,,,N100_drop0.50_s0.20_c0.05,1.0,0.0,0.0,False,False,1.0068271698186462,1.0170734897113791,-0.0865463796488441,-0.1149304575594595,False,,
2026-10-06,ANTELOPUS,INE818A01017,1100.6,1100.6,1634249803.6555555,2201.2,0.3665911630865076,0.0524287469492386,0.2687767959012835,0.1950642605639764,0.194166018176694,0.0047852069335179,0.0393768366359635,0.0521526422805786,0.0663259966555253,0.0393768366359635,0.4924784243592921,0.0179913114256721,0.4924784243592921,0.4856346713006734,0.0400142266755247,0.1732057416267942,0.2687767959012835,0.0524287469492386,0.1732057416267942,0.4924784243592921,False,,,N100_drop0.50_s0.20_c0.05,1.0,0.0,0.0,False,False,1.0068271698186462,1.0170734897113791,-0.0865463796488441,-0.1149304575594595,False,,
2026-10-06,ROLEXRINGS,INE645S01024,188.18,188.18,626575829.3603175,376.36,0.3665178637978992,0.0524100366119954,0.1923997344314717,0.2724018136868202,0.185530950097392,0.128431335176551,0.0393613950868621,0.0521356586788519,0.0663056418353879,0.0393613950868621,0.5337608993744262,0.0486358994095695,0.5337608993744262,0.4968677593246546,0.0337453233226616,0.1829411764705882,0.1923997344314717,0.0524100366119954,0.1829411764705882,0.5337608993744262,False,,,N100_drop0.50_s0.20_c0.05,1.0,0.0,0.0,False,False,1.0068271698186462,1.0170734897113791,-0.0865463796488441,-0.1149304575594595,False,,
2026-10-06,PNGSREVA,INE1RDG01013,547.2,547.2,197462350.31984127,1094.4,0.3662869438165718,0.0523511230292673,0.2151100906526403,0.2433689785097247,0.1813039085084829,0.1398312090789246,0.0393127779284667,0.0520821789225993,0.0662415435277601,0.0393127779284667,0.5517465063856205,0.0816048995462221,0.5517465063856205,0.5180431314444761,0.0483425948983921,0.1919720767888307,0.2151100906526403,0.0523511230292673,0.1919720767888307,0.5517465063856205,False,,,N100_drop0.50_s0.20_c0.05,1.0,0.0,0.0,False,False,1.0068271698186462,1.0170734897113791,-0.0865463796488441,-0.1149304575594595,False,,
2026-10-06,KOTYARK,INE0J0B01017,29.98,29.98,7733047.566825397,59.96,0.3662562819635311,0.0523433039372875,0.2937201757776747,0.178208064184558,0.1791616504692171,0.0819501801908055,0.039306325840837,0.052075080652777,0.0662330355456955,0.039306325840837,0.4682323538369184,0.0360101631787956,0.4682323538369184,0.4550591414571648,0.0506310170545052,0.1732057416267942,0.2937201757776747,0.0523433039372875,0.1732057416267942,0.4682323538369184,False,,,N100_drop0.50_s0.20_c0.05,1.0,0.0,0.0,False,False,1.0068271698186462,1.0170734897113791,-0.0865463796488441,-0.1149304575594595,False,,
2026-10-06,HAPPYFORGE,INE330T01021,1989.4,1989.4,203717647.53174603,3978.8,0.36622962099852,0.0523365057857145,0.1977450136360395,0.2646666271041492,0.1788852496541716,0.1289753827560953,0.0393007162890639,0.0520689091363366,0.0662256383065516,0.0393007162890639,0.5650287924344181,0.0641708402944502,0.5650287924344181,0.5362854400826218,0.0658965472962233,0.2156862745098039,0.1977450136360395,0.0523365057857145,0.2156862745098039,0.5650287924344181,False,,,N100_drop0.50_s0.20_c0.05,1.0,0.0,0.0,False,False,1.0068271698186462,1.0170734897113791,-0.0865463796488441,-0.1149304575594595,False,,
2026-10-06,TMB,INE668A01016,878.95,878.95,300539022.4285714,1757.9,0.3657933808329389,0.0522253597692704,0.165174969336019,0.3161820461006245,0.1808307867139215,0.1260774117036983,0.0392111247167912,0.0519672347988101,0.0661046782613404,0.0392111247167912,0.5647534383441165,0.0794525010399738,0.5647534383441165,0.5500264514307004,0.0677966743019143,0.2183449651046859,0.165174969336019,0.0522253597692704,0.2183449651046859,0.5647534383441165,False,,,N100_drop0.50_s0.20_c0.05,1.0,0.0,0.0,False,False,1.0068271698186462,1.0170734897113791,-0.0865463796488441,-0.1149304575594595,False,,
2026-10-06,INDIANHUME,INE323C01030,341.2,341.2,55053370.29603175,682.4,0.3653222029695386,0.0521054999829624,0.1978333379334042,0.2633807857020663,0.1850390481117967,0.1209383231191621,0.0391145962850099,0.0518475196605728,0.0659741942433433,0.0391145962850099,0.4807130574005967,0.0060980998235325,0.4807130574005967,0.4836687363505002,0.0148729438185493,0.1732057416267942,0.1978333379334042,0.0521054999829624,0.1732057416267942,0.4807130574005967,False,,,N100_drop0.50_s0.20_c0.05,1.0,0.0,0.0,False,False,1.0068271698186462,1.0170734897113791,-0.0865463796488441,-0.1149304575594595,False,,
2026-10-06,IFGLEXPOR,INE133Y01011,180.65,180.65,12907516.453809522,361.3,0.3652961757568596,0.0520988847688662,0.2748572327624964,0.1895488950581294,0.1801325132613762,0.0661453538618101,0.0391092693719396,0.0518409126024319,0.0659669914296899,0.0391092693719396,0.4839070997400307,0.0204762885373353,0.4839070997400307,0.477130391650462,0.0195236039836198,0.1732057416267942,0.2748572327624964,0.0520988847688662,0.1732057416267942,0.4839070997400307,False,,,N100_drop0.50_s0.20_c0.05,1.0,0.0,0.0,False,False,1.0068271698186462,1.0170734897113791,-0.0865463796488441,-0.1149304575594595,False,,
2026-10-06,GREENPLY,INE461C01038,315.3,315.3,65684939.26190476,630.6,0.3648489243835858,0.0519853016939697,0.1781868608112612,0.2917459876518815,0.1937247046808412,0.1077759053644424,0.0390178164233825,0.0517417545639363,0.0658432991008201,0.0390178164233825,0.5174593668332623,0.053333512163987,0.5174593668332623,0.4914324999778758,0.0780345654921773,0.1732057416267942,0.1781868608112612,0.0519853016939697,0.1732057416267942,0.5174593668332623,False,,,N100_drop0.50_s0.20_c0.05,1.0,0.0,0.0,False,False,1.0068271698186462,1.0170734897113791,-0.0865463796488441,-0.1149304575594595,False,,
2026-10-06,GANDHITUBE,INE524B01027,981.5,981.5,13420340.099206349,1963.0,0.3648254971437338,0.0519793569842486,0.1617174117508845,0.3214209058967598,0.1833272011026436,0.1214228676194068,0.0390130304821132,0.0517365964858375,0.0658368242416595,0.0390130304821132,0.5316545575344019,0.0556471180411691,0.5316545575344019,0.4419063433935291,0.0441645258368581,0.1648675171736997,0.1617174117508845,0.0519793569842486,0.1648675171736997,0.5316545575344019,False,,,N100_drop0.50_s0.20_c0.05,1.0,0.0,0.0,False,False,1.0068271698186462,1.0170734897113791,-0.0865463796488441,-0.1149304575594595,False,,
2026-10-06,SCHNEIDER,INE839M01018,1274.0,1274.0,453217069.17142856,2548.0,0.3639939833326979,0.0517686692437635,0.206244141616144,0.2510067381216284,0.1889733822687596,0.1183041010315827,0.0388434444891794,0.0515531861383164,0.0656072796601189,0.0388434444891794,0.5088528641759279,0.0343310985415586,0.5088528641759279,0.4845789549681509,0.0362541441070538,0.1732057416267942,0.206244141616144,0.0517686692437635,0.1732057416267942,0.5088528641759279,False,,,N100_drop0.50_s0.20_c0.05,1.0,0.0,0.0,False,False,1.0068271698186462,1.0170734897113791,-0.0865463796488441,-0.1149304575594595,False,,
2026-10-06,EMKAY,INE296H01011,285.6,285.6,10534720.7531746,571.2,0.3638114487648951,0.0517224996590849,0.2102956725813052,0.2459513266450494,0.1836960828860825,0.1333619469586593,0.0388062905743593,0.0515112338789213,0.0655569602100057,0.0388062905743593,0.504350645938039,0.074258661169715,0.504350645938039,0.4757747646510427,0.0608047678778841,0.1732057416267942,0.2102956725813052,0.0517224996590849,0.1732057416267942,0.504350645938039,False,,,N100_drop0.50_s0.20_c0.05,1.0,0.0,0.0,False,False,1.0068271698186462,1.0170734897113791,-0.0865463796488441,-0.1149304575594595,False,,
2026-10-06,JAYKAY,INE903A01025,240.02,240.02,156879200.70841268,480.04,0.363668120087812,0.0516862670050892,0.3084127412098343,0.1675879757831518,0.2046164457740352,0.1015939839088175,0.0387771353786677,0.0514783087601249,0.0655174664059624,0.0387771353786677,0.506749172768556,0.0595332367931202,0.506749172768556,0.477749662942273,0.0374902223784039,0.1732057416267942,0.3084127412098343,0.0516862670050892,0.1732057416267942,0.506749172768556,False,,,N100_drop0.50_s0.20_c0.05,1.0,0.0,0.0,False,False,1.0068271698186462,1.0170734897113791,-0.0865463796488441,-0.1149304575594595,False,,
2026-10-06,DHAMPURSUG,INE041A01016,188.81,188.81,166336538.7268254,377.62,0.3634939194730004,0.0516422541837756,0.187970085970375,0.2747365567088939,0.1851612779359473,0.1237422689230257,0.038741722350656,0.0514383111974784,0.0654694869090699,0.038741722350656,0.5442564418324355,0.0666441595841341,0.5442564418324355,0.4892455826896588,0.0611977765218186,0.1732057416267942,0.187970085970375,0.0516422541837756,0.1732057416267942,0.5442564418324355,False,,,N100_drop0.50_s0.20_c0.05,1.0,0.0,0.0,False,False,1.0068271698186462,1.0170734897113791,-0.0865463796488441,-0.1149304575594595,False,,
2026-10-06,SKMEGGPROD,INE411D01023,210.05,210.05,153758718.07984126,420.1,0.3634107841268862,0.0516212588520369,0.2315426583716739,0.2229449174293149,0.1787613539734511,0.0753678456176716,0.0387248303654732,0.0514192302892427,0.0654465973272736,0.0387248303654732,0.5174131969775805,0.0328127892246911,0.5174131969775805,0.5365949389670096,0.0390052054595872,0.2156862745098039,0.2315426583716739,0.0516212588520369,0.2156862745098039,0.5174131969775805,False,,,N100_drop0.50_s0.20_c0.05,1.0,0.0,0.0,False,False,1.0068271698186462,1.0170734897113791,-0.0865463796488441,-0.1149304575594595,False,,
2026-10-06,YATHARTH,INE0JO301016,1058.8,1058.8,529915795.0301587,2117.6,0.3633865491021267,0.0516151395739595,0.1996072256285321,0.2585835227729432,0.1909961026472528,0.1066697770517485,0.038719907167139,0.0514136688696173,0.0654399257053321,0.038719907167139,0.5115218039908862,0.0350025669672019,0.5115218039908862,0.4686007578250018,0.0404227639250272,0.1732057416267942,0.1996072256285321,0.0516151395739595,0.1732057416267942,0.5115218039908862,False,,,N100_drop0.50_s0.20_c0.05,1.0,0.0,0.0,False,False,1.0068271698186462,1.0170734897113791,-0.0865463796488441,-0.1149304575594595,False,,
2026-10-06,PRABHA,INE0I0M01023,221.33,221.33,118389709.40523808,442.66,0.3632534898003744,0.051581551560369,0.2177266397018743,0.2369096938757603,0.1742095023085018,0.0930109446966671,0.0386928852827765,0.0513831419321375,0.0654033039481565,0.0386928852827765,0.5758351181345427,0.0808242532986457,0.5758351181345427,0.5354632189111205,0.0485336689072882,0.2156862745098039,0.2177266397018743,0.051581551560369,0.2156862745098039,0.5758351181345427,False,,,N100_drop0.50_s0.20_c0.05,1.0,0.0,0.0,False,False,1.0068271698186462,1.0170734897113791,-0.0865463796488441,-0.1149304575594595,False,,
2026-10-06,MANOMAY,INE784W01015,240.14,240.14,34051674.83047619,480.28,0.363219010929599,0.0515728506076594,0.1416716166228505,0.3640309317917466,0.1823410801189789,0.0704145600334233,0.0386858855533311,0.0513752336884108,0.0653938165565032,0.0386858855533311,0.5222820418927117,0.0281988374638147,0.5222820418927117,0.4895869957801214,0.0426371744392032,0.1732057416267942,0.1416716166228505,0.0515728506076594,0.1732057416267942,0.5222820418927117,False,,,N100_drop0.50_s0.20_c0.05,1.0,0.0,0.0,False,False,1.0068271698186462,1.0170734897113791,-0.0865463796488441,-0.1149304575594595,False,,
2026-10-06,IKIO,INE0LOJ01019,195.87,195.87,211393454.5834921,391.74,0.3626698926020076,0.0514344164175181,0.2314176400671106,0.2222579765423338,0.1794261973949654,0.0983797824233589,0.0385964520998137,0.0512493972272623,0.065242839470507,0.0385964520998137,0.5335269506110625,0.0569602710129826,0.5335269506110625,0.5316139264992547,0.0494509517900323,0.1960507757404795,0.2314176400671106,0.0514344164175181,0.1960507757404795,0.5335269506110625,False,,,N100_drop0.50_s0.20_c0.05,1.0,0.0,0.0,False,False,1.0068271698186462,1.0170734897113791,-0.0865463796488441,-0.1149304575594595,False,,
2026-10-06,RAMCOSYS,INE246B01019,563.5,563.5,336304877.28730154,1127.0,0.3625050909299411,0.0513929205176522,0.221934847740793,0.2315676021175195,0.1803691291510818,0.0950827225709261,0.0385631926007251,0.0512116722122232,0.0651854798603065,0.0385631926007251,0.5285373910175366,0.0265877510387888,0.5285373910175366,0.5444924978054059,0.0333090576379905,0.2183449651046859,0.221934847740793,0.0513929205176522,0.2183449651046859,0.5285373910175366,False,,,N100_drop0.50_s0.20_c0.05,1.0,0.0,0.0,False,False,1.0068271698186462,1.0170734897113791,-0.0865463796488441,-0.1149304575594595,False,,
2026-10-06,MAXIND,INE0CG601016,165.84,165.84,24449221.93238095,331.68,0.3624687397119754,0.0513837707059795,0.2211267891356178,0.2323724362246572,0.1803276506215164,0.1211490833993067,0.0385558591959009,0.0512030621628994,0.0651724134049226,0.0385558591959009,0.4733215711560843,0.0232864036629481,0.4733215711560843,0.4654603218049966,0.0253915330648051,0.1732057416267942,0.2211267891356178,0.0513837707059795,0.1732057416267942,0.4733215711560843,False,,,N100_drop0.50_s0.20_c0.05,1.0,0.0,0.0,False,False,1.0068271698186462,1.0170734897113791,-0.0865463796488441,-0.1149304575594595,False,,
2026-10-06,RISHABH,INE0N2P01017,688.4,688.4,205972888.76190475,1376.8,0.3624354516715305,0.0513753929181041,0.2157006316812898,0.2381791491181826,0.1792509989338821,0.1424351022702009,0.038549144644926,0.0511946703949261,0.0651604496580364,0.038549144644926,0.5306165869467931,0.0620467884230918,0.5306165869467931,0.5340326617872417,0.0709935320768942,0.1960507757404795,0.2157006316812898,0.0513753929181041,0.1960507757404795,0.5306165869467931,False,,,N100_drop0.50_s0.20_c0.05,1.0,0.0,0.0,False,False,1.0068271698186462,1.0170734897113791,-0.0865463796488441,-0.1149304575594595,False,,
2026-10-06,GNA,INE934S01014,615.8,615.8,413038141.1547619,1231.6,0.362402965675991,0.0513672179109552,0.215233219953643,0.2386584093385712,0.1911339320902472,0.1197685869198952,0.0385425927006677,0.0511864817555485,0.0651487756859709,0.0385425927006677,0.5057109417581446,0.0363320480910582,0.5057109417581446,0.461122795981952,0.049481821570271,0.1732057416267942,0.215233219953643,0.0513672179109552,0.1732057416267942,0.5057109417581446,False,,,N100_drop0.50_s0.20_c0.05,1.0,0.0,0.0,False,False,1.0068271698186462,1.0170734897113791,-0.0865463796488441,-0.1149304575594595,False,,
2026-10-06,WSTCSTPAPR,INE976A01021,753.05,753.05,187609031.0484127,1506.1,0.3622785898999028,0.0513359275544337,0.196219450962868,0.2616250698007937,0.1842228949076702,0.0971132916696511,0.0385175154859103,0.0511551393074083,0.0651040946233426,0.0385175154859103,0.5476546692389356,0.0594057259207154,0.5476546692389356,0.4945197498655864,0.0577458612711318,0.1732057416267942,0.196219450962868,0.0513359275544337,0.1732057416267942,0.5476546692389356,False,,,N100_drop0.50_s0.20_c0.05,1.0,0.0,0.0,False,False,1.0068271698186462,1.0170734897113791,-0.0865463796488441,-0.1149304575594595,False,,
2026-10-06,NILKAMAL,INE310A01015,1811.5,1811.5,219070828.03333333,3623.0,0.3621139759410198,0.0512945347015648,0.1878640116813507,0.2730407715798651,0.1729522399240365,0.0755220327359529,0.0384843436347833,0.0511136777555438,0.0650449920983745,0.0384843436347833,0.599795208463992,0.0768505499750017,0.599795208463992,0.5627319186449107,0.0469474005313947,0.2183449651046859,0.1878640116813507,0.0512945347015648,0.2183449651046859,0.599795208463992,False,,,N100_drop0.50_s0.20_c0.05,1.0,0.0,0.0,False,False,1.0068271698186462,1.0170734897113791,-0.0865463796488441,-0.1149304575594595,False,,
2026-10-06,LLOYDSENT,INE080I01025,78.83,78.83,336609105.5774603,157.66,0.3618693979624306,0.0512330778606836,0.1740096307290506,0.294426679983353,0.1867245336391392,0.0807713320839959,0.038435096612676,0.0510521193596097,0.0649572505832437,0.038435096612676,0.5404466497568764,0.061683043674894,0.5404466497568764,0.5097105993885094,0.0601011209424952,0.1829411764705882,0.1740096307290506,0.0512330778606836,0.1829411764705882,0.5404466497568764,False,,,N100_drop0.50_s0.20_c0.05,1.0,0.0,0.0,False,False,1.0068271698186462,1.0170734897113791,-0.0865463796488441,-0.1149304575594595,False,,
2026-10-06,CLSEL,INE419D01026,291.95,291.95,38021937.33968254,583.9,0.3618230214433684,0.0512214303376344,0.1623498400761885,0.3155003436627773,0.1766331114802199,0.0974897748574441,0.0384257636675974,0.0510404526493017,0.0649405132742922,0.0384257636675974,0.5146051539766486,0.0201857729025943,0.5146051539766486,0.5148865957357284,0.0333874683691823,0.1829411764705882,0.1623498400761885,0.0512214303376344,0.1829411764705882,0.5146051539766486,False,,,N100_drop0.50_s0.20_c0.05,1.0,0.0,0.0,False,False,1.0068271698186462,1.0170734897113791,-0.0865463796488441,-0.1149304575594595,False,,
2026-10-06,AARTIPHARM,INE0LRU01027,975.0,975.0,689275504.0206349,1950.0,0.3611534620948771,0.0510534766039156,0.2122861083758776,0.2404937232799023,0.190853933605596,0.0187782123280729,0.0382912041990663,0.0508699274960806,0.0646979920472907,0.0382912041990663,0.5133969012419662,0.0057873112236942,0.5133969012419662,0.4522727005349446,0.0365565449289994,0.1732057416267942,0.2122861083758776,0.0510534766039156,0.1732057416267942,0.5133969012419662,False,,,N100_drop0.50_s0.20_c0.05,1.0,0.0,0.0,False,False,1.0068271698186462,1.0170734897113791,-0.0865463796488441,-0.1149304575594595,False,,
2026-10-06,GUJALKALI,INE186A01019,613.1,613.1,85838960.13174604,1226.2,0.3610866907270598,0.0510367487331868,0.1909388970607804,0.2672936186330888,0.1781921815876575,0.092930232261687,0.0382778042558137,0.050851983613883,0.0646738423810776,0.0382778042558137,0.5092898048418215,0.0127691595572498,0.5092898048418215,0.5027640042422078,0.0302164144915594,0.1829411764705882,0.1909388970607804,0.0510367487331868,0.1829411764705882,0.5092898048418215,False,,,N100_drop0.50_s0.20_c0.05,1.0,0.0,0.0,False,False,1.0068271698186462,1.0170734897113791,-0.0865463796488441,-0.1149304575594595,False,,
2026-10-06,VISACHROME,INE286H01012,35.22,35.22,5223244.0357142845,70.44,0.3610725430010513,0.0510332048729508,0.2748779248498173,0.1856577056918392,0.1726024740288527,0.0636725641373985,0.0382749654738566,0.0508481822013459,0.0646687263025967,0.0382749654738566,0.4954459233480036,0.0099395188601148,0.4954459233480036,0.4892067529658588,0.020657620638319,0.1732057416267942,0.2748779248498173,0.0510332048729508,0.1732057416267942,0.4954459233480036,False,,,N100_drop0.50_s0.20_c0.05,1.0,0.0,0.0,False,False,1.0068271698186462,1.0170734897113791,-0.0865463796488441,-0.1149304575594595,False,,
2026-10-06,AURUM,INE898S01029,231.14,231.14,65291153.22952381,462.28,0.360993709685848,0.0510134610938009,0.1475812582761351,0.3456635462366848,0.1879812869278589,0.0827833831207364,0.0382591501579882,0.0508270039411337,0.0646402240247648,0.0382591501579882,0.5036880317202709,0.0309282892715521,0.5036880317202709,0.4853153739996426,0.0450567699029391,0.1732057416267942,0.1475812582761351,0.0510134610938009,0.1732057416267942,0.5036880317202709,False,,,N100_drop0.50_s0.20_c0.05,1.0,0.0,0.0,False,False,1.0068271698186462,1.0170734897113791,-0.0865463796488441,-0.1149304575594595,False,,
2026-10-06,VHLTD,INE048C01025,128.97,128.97,5023379.947142857,257.94,0.3609250075340422,0.0509962590268133,0.2016862655402019,0.2528494386577271,0.1824299485066025,0.124262188050909,0.0382453712201676,0.0508085526285666,0.0646153920109903,0.0382453712201676,0.460404492169107,0.0326952785990266,0.460404492169107,0.4189257115288633,0.0610952649558743,0.1578542883492161,0.2016862655402019,0.0509962590268133,0.1578542883492161,0.460404492169107,False,,,N100_drop0.50_s0.20_c0.05,1.0,0.0,0.0,False,False,1.0068271698186462,1.0170734897113791,-0.0865463796488441,-0.1149304575594595,False,,
2026-10-06,APCOTEXIND,INE116A01032,610.7,610.7,185962323.10714287,1221.4,0.3608933202983433,0.0509883263517189,0.1819125146685237,0.2802903716911865,0.1747099064651515,0.1394826366475475,0.0382390172337736,0.0508000440462749,0.0646039411343527,0.0382390172337736,0.5479245649700665,0.0680884609872241,0.5479245649700665,0.541133268078264,0.057884542378187,0.2183449651046859,0.1819125146685237,0.0509883263517189,0.2183449651046859,0.5479245649700665,False,,,N100_drop0.50_s0.20_c0.05,1.0,0.0,0.0,False,False,1.0068271698186462,1.0170734897113791,-0.0865463796488441,-0.1149304575594595,False,,
2026-10-06,NITINSPIN,INE229H01012,616.35,616.35,105422279.5,1232.7,0.3606870372343094,0.0509367059756894,0.1850898905147955,0.2751998276838232,0.1765562483156117,0.1269719380801632,0.0381976717907929,0.0507446788121447,0.0645414007372719,0.0381976717907929,0.5409618544331948,0.077703670368827,0.5409618544331948,0.5320136849879532,0.0733659579646761,0.1960507757404795,0.1850898905147955,0.0509367059756894,0.1960507757404795,0.5409618544331948,False,,,N100_drop0.50_s0.20_c0.05,1.0,0.0,0.0,False,False,1.0068271698186462,1.0170734897113791,-0.0865463796488441,-0.1149304575594595,False,,
2026-10-06,DHANBANK,INE680A01011,28.83,28.83,41248311.81507936,57.66,0.3604293975555276,0.0508722855055899,0.1851024844777045,0.274833077736012,0.1800298627898713,0.0917603888706982,0.0381460787492431,0.0506755915756692,0.0644860301649814,0.0381460787492431,0.4971706907149198,0.0085817962326239,0.4971706907149198,0.4994719039254051,0.0378068040948266,0.1829411764705882,0.1851024844777045,0.0508722855055899,0.1829411764705882,0.4971706907149198,False,,,N100_drop0.50_s0.20_c0.05,1.0,0.0,0.0,False,False,1.0068271698186462,1.0170734897113791,-0.0865463796488441,-0.1149304575594595,False,,
2026-10-06,UTTAMSUGAR,INE786F01031,302.8,302.8,102155784.22650792,605.6,0.3604212487509219,0.0508702489017462,0.2285412394057563,0.2225867376672017,0.1807968259165448,0.1124544914549083,0.0381444477591886,0.0506734075567763,0.0644842793220293,0.0381444477591886,0.5385090421867084,0.0644032309429901,0.5385090421867084,0.4981299886046941,0.0614208430323756,0.1829411764705882,0.2285412394057563,0.0508702489017462,0.1829411764705882,0.5385090421867084,False,,,N100_drop0.50_s0.20_c0.05,1.0,0.0,0.0,False,False,1.0068271698186462,1.0170734897113791,-0.0865463796488441,-0.1149304575594595,False,,
2026-10-06,KROSS,INE0O6601022,253.2,253.2,294933564.19984126,506.4,0.3603042286736043,0.0508410087529719,0.2110330077005377,0.240914960682913,0.1897979866583111,0.1231421629228235,0.0381210317034414,0.0506420517441491,0.0644591395991978,0.0381210317034414,0.5455355152083843,0.0655210191742085,0.5455355152083843,0.4747411859931547,0.0592856411642314,0.1732057416267942,0.2110330077005377,0.0508410087529719,0.1732057416267942,0.5455355152083843,False,,,N100_drop0.50_s0.20_c0.05,1.0,0.0,0.0,False,False,1.0068271698186462,1.0170734897113791,-0.0865463796488441,-0.1149304575594595,False,,
2026-10-06,PANACEABIO,INE922B01023,363.2,363.2,67913042.91746031,726.4,0.3600955070717866,0.0507888840738127,0.2518093499727166,0.2016957832555294,0.182656320790641,0.0561880734172215,0.03807929193801,0.050587123466218,0.0644045870362951,0.03807929193801,0.464365725316511,0.0360053318302912,0.464365725316511,0.4621050797124951,0.0256729947395569,0.1732057416267942,0.2518093499727166,0.0507888840738127,0.1732057416267942,0.464365725316511,False,,,N100_drop0.50_s0.20_c0.05,1.0,0.0,0.0,False,False,1.0068271698186462,1.0170734897113791,-0.0865463796488441,-0.1149304575594595,False,,
2026-10-06,UFLEX,INE516A01017,641.25,641.25,327319597.5698412,1282.5,0.3598082451212076,0.0507172064109597,0.2040818398278616,0.248514059133035,0.1738482594988587,0.1502979572976435,0.0380219003177303,0.0505187500388401,0.0643059188295195,0.0380219003177303,0.5714350326382354,0.0808500963063844,0.5714350326382354,0.5543372200024878,0.0585460075877945,0.2183449651046859,0.2040818398278616,0.0507172064109597,0.2183449651046859,0.5714350326382354,False,,,N100_drop0.50_s0.20_c0.05,1.0,0.0,0.0,False,False,1.0068271698186462,1.0170734897113791,-0.0865463796488441,-0.1149304575594595,False,,
2026-10-06,CLEANMAX,INE647U01026,1392.5,1392.5,704563606.6825396,2785.0,0.3594380887061126,0.0506249492021785,0.2143495417121352,0.2361794142306415,0.187748853386863,0.1091989128156026,0.0379480403112513,0.0504276444025106,0.0641789366998044,0.0379480403112513,0.4817887542205257,0.0363535049602353,0.4817887542205257,0.4520812045168487,0.0381037057789529,0.171875,0.2143495417121352,0.0506249492021785,0.171875,0.4817887542205257,False,,,N100_drop0.50_s0.20_c0.05,1.0,0.0,0.0,False,False,1.0068271698186462,1.0170734897113791,-0.0865463796488441,-0.1149304575594595,False,,
2026-10-06,WINDMACHIN,INE052A01021,294.85,294.85,41929311.12063492,589.7,0.3594055017993115,0.0506168329120771,0.1591924662277765,0.3179599770736216,0.1797899287670082,0.0914663971201228,0.0379415430174016,0.0504196293864843,0.0641677663053864,0.0379415430174016,0.5066958468755492,0.0186032391551564,0.5066958468755492,0.4981534148353503,0.0409222964836075,0.1829411764705882,0.1591924662277765,0.0506168329120771,0.1829411764705882,0.5066958468755492,False,,,N100_drop0.50_s0.20_c0.05,1.0,0.0,0.0,False,False,1.0068271698186462,1.0170734897113791,-0.0865463796488441,-0.1149304575594595,False,,
2026-10-06,VSSL,INE050M01012,389.75,389.75,126766501.70476192,779.5,0.359400405820688,0.0506155637593163,0.2013806901008187,0.2513426869973295,0.1799714991692457,0.1232468374391015,0.0379405270362349,0.0504183760695434,0.0641660195909464,0.0379405270362349,0.5254846961523183,0.0615461700082942,0.5254846961523183,0.4988390540176383,0.0605291760708658,0.1829411764705882,0.2013806901008187,0.0506155637593163,0.1829411764705882,0.5254846961523183,False,,,N100_drop0.50_s0.20_c0.05,1.0,0.0,0.0,False,False,1.0068271698186462,1.0170734897113791,-0.0865463796488441,-0.1149304575594595,False,,
2026-10-06,UNIPARTS,INE244O01017,824.7,824.7,145739652.28412697,1649.4,0.3593176821964484,0.0505949645609304,0.1909630199548935,0.2649463994279166,0.1756037085184956,0.1369142903439575,0.0379240372643222,0.0503980338777016,0.0641376696935137,0.0379240372643222,0.5502902569746144,0.0824992861219336,0.5502902569746144,0.5336384740363737,0.0697607395836973,0.1960507757404795,0.1909630199548935,0.0505949645609304,0.1960507757404795,0.5502902569746144,False,,,N100_drop0.50_s0.20_c0.05,1.0,0.0,0.0,False,False,1.0068271698186462,1.0170734897113791,-0.0865463796488441,-0.1149304575594595,False,,
2026-10-06,QUESS,INE615P01015,334.45,334.45,304501008.7777778,668.9,0.3588318207114371,0.0504740972040547,0.1873633775796794,0.2693914779722084,0.1769200307421367,0.1225136795477211,0.0378272929939484,0.0502735125970172,0.0639713414964912,0.0378272929939484,0.5539538440624735,0.0786580821940891,0.5539538440624735,0.5326612626894588,0.0534588482362337,0.1960507757404795,0.1873633775796794,0.0504740972040547,0.1960507757404795,0.5539538440624735,False,,,N100_drop0.50_s0.20_c0.05,1.0,0.0,0.0,False,False,1.0068271698186462,1.0170734897113791,-0.0865463796488441,-0.1149304575594595,False,,
2026-10-06,SHADOWFAX,INE12UN01015,288.0,288.0,2024371527.205397,576.0,0.3588272485617204,0.0504729607522209,0.1995688741117152,0.2529099839685773,0.1872195923609669,0.187538433503025,0.0378263834456826,0.0502722489229693,0.063969777738265,0.0378263834456826,0.5168695720875857,0.074941897009894,0.5168695720875857,0.485804169551795,0.049266225429428,0.1732057416267942,0.1995688741117152,0.0504729607522209,0.1732057416267942,0.5168695720875857,False,,,N100_drop0.50_s0.20_c0.05,1.0,0.0,0.0,False,False,1.0068271698186462,1.0170734897113791,-0.0865463796488441,-0.1149304575594595,False,,
2026-10-06,SHANTIGEAR,INE631A01022,602.3,602.3,212843086.64920637,1204.6,0.3586781729422531,0.0504359163496096,0.222567568044661,0.2266094597371393,0.1733731746872924,0.1395494686542994,0.0377967362028199,0.0502297196642208,0.0639188060324044,0.0377967362028199,0.5511879897465731,0.0775633615534606,0.5511879897465731,0.532503790949884,0.0515236453103918,0.1960507757404795,0.222567568044661,0.0504359163496096,0.1960507757404795,0.5511879897465731,False,,,N100_drop0.50_s0.20_c0.05,1.0,0.0,0.0,False,False,1.0068271698186462,1.0170734897113791,-0.0865463796488441,-0.1149304575594595,False,,
2026-10-06,SGIL,INE00QT01015,603.2,603.2,7593137.261111111,1206.4,0.3581242716048805,0.0502984412354501,0.1706116287424613,0.2948125025602783,0.1779935322641305,0.0607996661639281,0.0376867276811508,0.0500685930248204,0.0637296693786824,0.0376867276811508,0.5051023514252743,0.0214730933262974,0.5051023514252743,0.4875859601383732,0.0266848128129788,0.1732057416267942,0.1706116287424613,0.0502984412354501,0.1732057416267942,0.5051023514252743,False,,,N100_drop0.50_s0.20_c0.05,1.0,0.0,0.0,False,False,1.0068271698186462,1.0170734897113791,-0.0865463796488441,-0.1149304575594595,False,,
2026-10-06,ENTERO,INE010601016,1721.6,1721.6,413266315.3253968,3443.2,0.3580757872789507,0.0502864201493417,0.1871900215007809,0.26863835874463,0.1755132213342776,0.0883435976574259,0.0376771094557203,0.0500545075826784,0.0637131327055713,0.0376771094557203,0.5438069505677129,0.0300512562356291,0.5438069505677129,0.5084290532779651,0.0186019319775016,0.1829411764705882,0.1871900215007809,0.0502864201493417,0.1829411764705882,0.5438069505677129,False,,,N100_drop0.50_s0.20_c0.05,1.0,0.0,0.0,False,False,1.0068271698186462,1.0170734897113791,-0.0865463796488441,-0.1149304575594595,False,,
2026-10-06,KMSUGAR,INE157H01023,26.53,26.53,10594984.335873015,53.06,0.3579415812526104,0.0502531558688991,0.2462188982605495,0.2040995074867125,0.1716099365123863,0.1285426514927893,0.0376504952250894,0.0500155340675548,0.0636673745777678,0.0376504952250894,0.4742143867878061,0.0146149432273178,0.4742143867878061,0.4746681747513572,0.0244342186617418,0.1732057416267942,0.2462188982605495,0.0502531558688991,0.1732057416267942,0.4742143867878061,False,,,N100_drop0.50_s0.20_c0.05,1.0,0.0,0.0,False,False,1.0068271698186462,1.0170734897113791,-0.0865463796488441,-0.1149304575594595,False,,
2026-10-06,MSPL,INE752G01015,32.34,32.34,28968130.645079363,64.68,0.3579115856055682,0.0502457232493199,0.2331803316080602,0.2154801089046188,0.184997074118499,0.0956104503020296,0.0376445486926904,0.0500068264051187,0.0636571506177608,0.0376445486926904,0.4761920880523728,0.0182202590984662,0.4761920880523728,0.4457954723103217,0.0397865751407916,0.1648675171736997,0.2331803316080602,0.0502457232493199,0.1648675171736997,0.4761920880523728,False,,,N100_drop0.50_s0.20_c0.05,1.0,0.0,0.0,False,False,1.0068271698186462,1.0170734897113791,-0.0865463796488441,-0.1149304575594595,False,,
2026-10-06,RBZJEWEL,INE0PEQ01016,196.15,196.15,123913004.11888888,392.3,0.3571971763617969,0.0500689258604526,0.2068101658731242,0.2421008931019828,0.1729061954834496,0.1506821238319615,0.0375031209042989,0.049825683556192,0.0634112590211635,0.0375031209042989,0.5562985664747386,0.0853306520431231,0.5562985664747386,0.5487756510361746,0.0635445658592531,0.2183449651046859,0.2068101658731242,0.0500689258604526,0.2183449651046859,0.5562985664747386,False,,,N100_drop0.50_s0.20_c0.05,1.0,0.0,0.0,False,False,1.0068271698186462,1.0170734897113791,-0.0865463796488441,-0.1149304575594595,False,,
2026-10-06,ADVANCE,INE1B0W01010,117.76,117.76,44584170.75460318,235.52,0.3570852460269628,0.0500412653309609,0.1949869533184364,0.2566390441992175,0.1775360828411328,0.1283358517804875,0.0374809976291243,0.0497983692168445,0.0633725766341344,0.0374809976291243,0.4918961424657915,0.0284903906676114,0.4918961424657915,0.4927307185603521,0.0474294178772985,0.1732057416267942,0.1949869533184364,0.0500412653309609,0.1732057416267942,0.4918961424657915,False,,,N100_drop0.50_s0.20_c0.05,1.0,0.0,0.0,False,False,1.0068271698186462,1.0170734897113791,-0.0865463796488441,-0.1149304575594595,False,,
2026-10-06,VINCOFE,INE498Q01014,187.21,187.21,424518101.3912698,374.42,0.3569812703502582,0.0500155800971582,0.1666040015607877,0.3002063553612148,0.1965837048881726,0.0907842361473033,0.0374604550873681,0.0497730054022995,0.0633366582163917,0.0374604550873681,0.5031375474810239,0.031605861885321,0.5031375474810239,0.4308611286360162,0.0514045204690076,0.1578542883492161,0.1666040015607877,0.0500155800971582,0.1578542883492161,0.5031375474810239,False,,,N100_drop0.50_s0.20_c0.05,1.0,0.0,0.0,False,False,1.0068271698186462,1.0170734897113791,-0.0865463796488441,-0.1149304575594595,False,,
2026-10-06,SANGAMIND,INE495C01010,642.4,642.4,73224827.4531746,1284.8,0.3567792797644538,0.0499657083160894,0.1600476253716674,0.3121927501270795,0.1804442063854076,0.0853207209606173,0.0374205710022917,0.0497237575713082,0.0632669215047334,0.0374205710022917,0.5415543053402307,0.0784405999981216,0.5415543053402307,0.4894950892510996,0.0536520299459386,0.1732057416267942,0.1600476253716674,0.0499657083160894,0.1732057416267942,0.5415543053402307,False,,,N100_drop0.50_s0.20_c0.05,1.0,0.0,0.0,False,False,1.0068271698186462,1.0170734897113791,-0.0865463796488441,-0.1149304575594595,False,,
2026-10-06,EXICOM,INE777F01014,156.17,156.17,258892675.8614286,312.34,0.3567710609427962,0.0499636798084574,0.2349911633455071,0.2126193985217902,0.1762789840548339,0.1116022187284312,0.0374189488052536,0.0497217544387533,0.0632640851234564,0.0374189488052536,0.530065070158734,0.0523909791016429,0.530065070158734,0.5293401373624939,0.0492529547058555,0.1960507757404795,0.2349911633455071,0.0499636798084574,0.1960507757404795,0.530065070158734,False,,,N100_drop0.50_s0.20_c0.05,1.0,0.0,0.0,False,False,1.0068271698186462,1.0170734897113791,-0.0865463796488441,-0.1149304575594595,False,,
2026-10-06,ADOR,INE045A01017,1535.0,1535.0,90208099.97777778,3070.0,0.3564923583796697,0.0498949263943787,0.1799721125204587,0.2772369879733828,0.1717481617017208,0.1385560110713529,0.0373639697920595,0.0496538609034133,0.0631679555973425,0.0373639697920595,0.552752925384726,0.0837277615334018,0.552752925384726,0.5328168291674369,0.0648070989537567,0.1960507757404795,0.1799721125204587,0.0498949263943787,0.1960507757404795,0.552752925384726,False,,,N100_drop0.50_s0.20_c0.05,1.0,0.0,0.0,False,False,1.0068271698186462,1.0170734897113791,-0.0865463796488441,-0.1149304575594595,False,,
2026-10-06,MODIS,INE0L0L01012,380.85,380.85,29317316.888888888,761.7,0.3563505115529652,0.0498599592980853,0.163696038994597,0.3045886730327727,0.1755161305090007,0.1240905666403757,0.0373360104701565,0.0496193310005821,0.0631190695648593,0.0373360104701565,0.5180247755073812,0.0406143257627876,0.5180247755073812,0.4800224121604656,0.0195423001984275,0.1732057416267942,0.163696038994597,0.0498599592980853,0.1732057416267942,0.5180247755073812,False,,,N100_drop0.50_s0.20_c0.05,1.0,0.0,0.0,False,False,1.0068271698186462,1.0170734897113791,-0.0865463796488441,-0.1149304575594595,False,,
2026-10-06,OMNI,INE0UH301010,656.95,656.95,772258927.9063492,1313.9,0.3563203904154147,0.0498525362343678,0.2792492752801307,0.1785234220728342,0.191202213127143,0.0572822914409157,0.0373300752655824,0.0496120007361265,0.0631086920552648,0.0373300752655824,0.5470186317914104,0.0523467697749746,0.5470186317914104,0.5238450748612496,0.0360783120286077,0.1919720767888307,0.2792492752801307,0.0498525362343678,0.1919720767888307,0.5470186317914104,False,,,N100_drop0.50_s0.20_c0.05,1.0,0.0,0.0,False,False,1.0068271698186462,1.0170734897113791,-0.0865463796488441,-0.1149304575594595,False,,
2026-10-06,KRN,INE0Q3J01015,1462.3,1462.3,271010913.5253968,2924.6,0.3558922264848298,0.0497471022701185,0.2130561809815351,0.2334928845571954,0.1765720733209493,0.1248389137091252,0.0372457817343069,0.0495078844249871,0.0629613082456451,0.0372457817343069,0.5530338876465076,0.0602621036551362,0.5530338876465076,0.5177758643353277,0.0549529246148122,0.1919720767888307,0.2130561809815351,0.0497471022701185,0.1919720767888307,0.5530338876465076,False,,,N100_drop0.50_s0.20_c0.05,1.0,0.0,0.0,False,False,1.0068271698186462,1.0170734897113791,-0.0865463796488441,-0.1149304575594595,False,,
2026-10-06,AMBIKCO,INE540G01014,1532.7,1532.7,25628571.550793648,3065.4,0.3555823956962765,0.0496709039641563,0.1829959774053072,0.2714316711680667,0.1773578634597821,0.1164735174824471,0.0371848706211741,0.0494326379034609,0.062854808420306,0.0371848706211741,0.4893715144881523,0.0159583468904575,0.4893715144881523,0.4788654539390555,0.0275840542040519,0.1732057416267942,0.1829959774053072,0.0496709039641563,0.1732057416267942,0.4893715144881523,False,,,N100_drop0.50_s0.20_c0.05,1.0,0.0,0.0,False,False,1.0068271698186462,1.0170734897113791,-0.0865463796488441,-0.1149304575594595,False,,
2026-10-06,ASKAUTOLTD,INE491J01022,609.75,609.75,491870266.5587302,1219.5,0.3555287438748284,0.0496577173137286,0.1990821086164139,0.2494333501832039,0.1773606167054935,0.142862813635472,0.0371743302736548,0.0494196159234473,0.0628363792540308,0.0371743302736548,0.5301146718058323,0.0547732622214651,0.5301146718058323,0.4965035916035306,0.0238926559650756,0.1829411764705882,0.1990821086164139,0.0496577173137286,0.1829411764705882,0.5301146718058323,False,,,N100_drop0.50_s0.20_c0.05,1.0,0.0,0.0,False,False,1.0068271698186462,1.0170734897113791,-0.0865463796488441,-0.1149304575594595,False,,
2026-10-06,MOL,INE0CT101020,60.25,60.25,121058081.15936507,120.5,0.3555085257454806,0.0496527486914475,0.2233995764050097,0.2222598157546645,0.17546574570845,0.1457712124325242,0.03717035881392,0.049414709344374,0.0628294353998358,0.03717035881392,0.5572474228310694,0.0598986550571704,0.5572474228310694,0.5405348292320405,0.0420116631084733,0.2183449651046859,0.2233995764050097,0.0496527486914475,0.2183449651046859,0.5572474228310694,False,,,N100_drop0.50_s0.20_c0.05,1.0,0.0,0.0,False,False,1.0068271698186462,1.0170734897113791,-0.0865463796488441,-0.1149304575594595,False,,
2026-10-06,TPLPLASTEH,INE413G01022,69.18,69.18,12616715.623968253,138.36,0.3553329363460087,0.0496096119334413,0.215613090855391,0.2300862704422428,0.1787673278626233,0.1138953954475684,0.0371358805727103,0.0493721111601788,0.0627691524280073,0.0371358805727103,0.4883736740872148,0.0253304598743849,0.4883736740872148,0.4544850995117651,0.0376062020699766,0.1732057416267942,0.215613090855391,0.0496096119334413,0.1732057416267942,0.4883736740872148,False,,,N100_drop0.50_s0.20_c0.05,1.0,0.0,0.0,False,False,1.0068271698186462,1.0170734897113791,-0.0865463796488441,-0.1149304575594595,False,,
2026-10-06,LLOYDSENGG,INE093R01011,101.15,101.15,1079261358.016508,202.3,0.3552602603300043,0.0495917653350418,0.2217553731415454,0.2236327563679263,0.1967356744829403,0.1485003428002786,0.0371216168782492,0.0493544873418615,0.0627442133465332,0.0371216168782492,0.4837032562595353,0.0615510782183538,0.4837032562595353,0.4541542563845689,0.0707127486554594,0.1732057416267942,0.2217553731415454,0.0495917653350418,0.1732057416267942,0.4837032562595353,False,,,N100_drop0.50_s0.20_c0.05,1.0,0.0,0.0,False,False,1.0068271698186462,1.0170734897113791,-0.0865463796488441,-0.1149304575594595,False,,
2026-10-06,SPLPETRO,INE663A01033,819.6,819.6,211192887.99206352,1639.2,0.3550024458746892,0.0495284912975543,0.1815729338829539,0.2727746379285888,0.1887827393587639,0.1136838412320835,0.0370710490689855,0.0492920029715169,0.0626557993448181,0.0370710490689855,0.5343709617070734,0.0616600694060468,0.5343709617070734,0.4772606227006137,0.0674669308650194,0.1732057416267942,0.1815729338829539,0.0495284912975543,0.1732057416267942,0.5343709617070734,False,,,N100_drop0.50_s0.20_c0.05,1.0,0.0,0.0,False,False,1.0068271698186462,1.0170734897113791,-0.0865463796488441,-0.1149304575594595,False,,
2026-10-06,PGIL,INE940H01022,1266.7,1266.7,316865014.3714286,2533.4,0.354936506035676,0.0495123170116084,0.2009024224333698,0.2464495769234911,0.1835811152686609,0.1305698795452179,0.0370581236006805,0.0492760304958103,0.0626332002163758,0.0370581236006805,0.540867155053803,0.070201695538561,0.540867155053803,0.501207614975217,0.0696896055452631,0.1829411764705882,0.2009024224333698,0.0495123170116084,0.1829411764705882,0.540867155053803,False,,,N100_drop0.50_s0.20_c0.05,1.0,0.0,0.0,False,False,1.0068271698186462,1.0170734897113791,-0.0865463796488441,-0.1149304575594595,False,,
2026-10-06,SANGHVIMOV,INE989A01032,419.5,419.5,192532138.59841272,839.0,0.3549160308659791,0.0495072954313187,0.2125543465713312,0.2329159399932788,0.1780967051285366,0.1142549402194117,0.0370541107383323,0.0492710715670475,0.062626184059996,0.0370541107383323,0.5065989753806587,0.0313458984377249,0.5065989753806587,0.513046335747978,0.0519610026093752,0.1829411764705882,0.2125543465713312,0.0495072954313187,0.1829411764705882,0.5065989753806587,False,,,N100_drop0.50_s0.20_c0.05,1.0,0.0,0.0,False,False,1.0068271698186462,1.0170734897113791,-0.0865463796488441,-0.1149304575594595,False,,
2026-10-06,GOCLCORP,INE077F01035,372.45,372.45,106772559.57142857,744.9,0.3547603137074437,0.0494691169881804,0.2240192078619914,0.2208253366320992,0.1752191694802038,0.1027915929417337,0.037023602498968,0.0492333693955515,0.0625728430407496,0.037023602498968,0.53067582158701,0.0497230056115773,0.53067582158701,0.5128611256540131,0.0471662379260197,0.1829411764705882,0.2240192078619914,0.0494691169881804,0.1829411764705882,0.53067582158701,False,,,N100_drop0.50_s0.20_c0.05,1.0,0.0,0.0,False,False,1.0068271698186462,1.0170734897113791,-0.0865463796488441,-0.1149304575594595,False,,
2026-10-06,ARIS,INE0H9P01028,143.66,143.66,230879712.54206347,287.32,0.3544346578211587,0.0493893391286114,0.1851351747873879,0.266774475381736,0.183854063314656,0.0452456516513956,0.0369598583180951,0.0491545864123848,0.0624613924431908,0.0369598583180951,0.5581984354816125,0.0379836489852716,0.5581984354816125,0.5194704757913727,0.0319182289833875,0.1919720767888307,0.1851351747873879,0.0493893391286114,0.1919720767888307,0.5581984354816125,False,,,N100_drop0.50_s0.20_c0.05,1.0,0.0,0.0,False,False,1.0068271698186462,1.0170734897113791,-0.0865463796488441,-0.1149304575594595,False,,
2026-10-06,RMDRIP,INE219Y01026,23.55,23.55,15445330.75714286,47.1,0.3542645395222288,0.0493476996319036,0.2596957403060953,0.1900212131848563,0.2115164992522173,0.1152995626377982,0.0369265907051279,0.0491134659997016,0.0624031772373461,0.0369265907051279,0.4861383243687031,0.1382308068642695,0.4861383243687031,0.4665168765637533,0.1239573819241219,0.1732057416267942,0.2596957403060953,0.0493476996319036,0.1732057416267942,0.4861383243687031,False,,,N100_drop0.50_s0.20_c0.05,1.0,0.0,0.0,False,False,1.0068271698186462,1.0170734897113791,-0.0865463796488441,-0.1149304575594595,False,,
2026-10-06,CNL,INE985W01018,1070.0,1070.0,269208449.2071429,2140.0,0.3541020142753226,0.0493079413392883,0.1965032796764275,0.2509268110969004,0.1683292130440883,0.1840177144987288,0.0368948281290734,0.0490742032212051,0.0623475614009692,0.0368948281290734,0.5654487022761089,0.0656004690215909,0.5654487022761089,0.547791687277137,0.0485376282863256,0.2183449651046859,0.1965032796764275,0.0493079413392883,0.2183449651046859,0.5654487022761089,False,,,N100_drop0.50_s0.20_c0.05,1.0,0.0,0.0,False,False,1.0068271698186462,1.0170734897113791,-0.0865463796488441,-0.1149304575594595,False,,
2026-10-06,AEQUS,INE947N01017,286.1,286.1,1240440485.090476,572.2,0.3537177960178861,0.049214038637463,0.2051010399087237,0.2399502150713854,0.1933085524123036,0.1308740792413415,0.0368198180242285,0.0489850180294231,0.0622356961628675,0.0368198180242285,0.5080309460848067,0.0686453520042594,0.5080309460848067,0.4486132997229792,0.0576874085386678,0.1648675171736997,0.2051010399087237,0.049214038637463,0.1648675171736997,0.5080309460848067,False,,,N100_drop0.50_s0.20_c0.05,1.0,0.0,0.0,False,False,1.0068271698186462,1.0170734897113791,-0.0865463796488441,-0.1149304575594595,False,,
2026-10-06,LXCHEM,INE576O01020,188.86,188.86,293221205.31460315,377.72,0.3532778541468802,0.0491066688101883,0.1954853548824582,0.2512038246533365,0.1822518881352649,0.0955199140554516,0.0367340640766026,0.0488726000889188,0.06212534533177,0.0367340640766026,0.5413694938084266,0.0510723481218806,0.5413694938084266,0.5030783063142356,0.0448135102187678,0.1829411764705882,0.1954853548824582,0.0491066688101883,0.1829411764705882,0.5413694938084266,False,,,N100_drop0.50_s0.20_c0.05,1.0,0.0,0.0,False,False,1.0068271698186462,1.0170734897113791,-0.0865463796488441,-0.1149304575594595,False,,
2026-10-06,DIVGIITTS,INE753U01022,1119.2,1119.2,196781808.3452381,2238.4,0.3531076784824078,0.0490651800408263,0.2152588393998441,0.2279357269491156,0.1718214216094825,0.1488018289519799,0.0367009318425296,0.048827312885387,0.0620826926523647,0.0367009318425296,0.5445857440221519,0.0749866198124036,0.5445857440221519,0.5259226334203837,0.0598888098928452,0.1960507757404795,0.2152588393998441,0.0490651800408263,0.1960507757404795,0.5445857440221519,False,,,N100_drop0.50_s0.20_c0.05,1.0,0.0,0.0,False,False,1.0068271698186462,1.0170734897113791,-0.0865463796488441,-0.1149304575594595,False,,
2026-10-06,63MOONS,INE111B01023,792.95,792.95,697277523.1309524,1585.9,0.3527707478812586,0.0489831077729386,0.2099298931676996,0.2333307897880422,0.1741430362481229,0.1361822229867682,0.036635396791825,0.0487249616219233,0.0619982981846978,0.036635396791825,0.5273440222147215,0.025137646662992,0.5273440222147215,0.5002232835564077,0.0035214277806169,0.1829411764705882,0.2099298931676996,0.0489831077729386,0.1829411764705882,0.5273440222147215,False,,,N100_drop0.50_s0.20_c0.05,1.0,0.0,0.0,False,False,1.0068271698186462,1.0170734897113791,-0.0865463796488441,-0.1149304575594595,False,,
2026-10-06,MANINDS,INE993A01026,922.05,922.05,929613756.997619,1844.1,0.3526863756894174,0.0489625705369662,0.2839627164189554,0.1724260535130512,0.1823253067980154,0.1366786301141077,0.0366189990707562,0.0487005870733979,0.0619771757419743,0.0366189990707562,0.4707890766877478,0.0432943964341062,0.4707890766877478,0.4671192369317538,0.0447473967110853,0.1732057416267942,0.2839627164189554,0.0489625705369662,0.1732057416267942,0.4707890766877478,False,,,N100_drop0.50_s0.20_c0.05,1.0,0.0,0.0,False,False,1.0068271698186462,1.0170734897113791,-0.0865463796488441,-0.1149304575594595,False,,
2026-10-06,STOVEKRAFT,INE00IN01015,813.45,813.45,170524791.16666666,1626.9,0.352616934181292,0.0489456720650275,0.1615164445654462,0.3030383203191104,0.175432307403683,0.0797690777034808,0.0366055070841158,0.0486809227204289,0.0619597945131808,0.0366055070841158,0.5333670078587925,0.0578423937070771,0.5333670078587925,0.5252017545167375,0.0575035038876344,0.1960507757404795,0.1615164445654462,0.0489456720650275,0.1960507757404795,0.5333670078587925,False,,,N100_drop0.50_s0.20_c0.05,1.0,0.0,0.0,False,False,1.0068271698186462,1.0170734897113791,-0.0865463796488441,-0.1149304575594595,False,,
2026-10-06,STYL,INE04VU01023,369.7,369.7,76023285.52857143,739.4,0.3525479274801076,0.0489288833825257,0.211678175180428,0.2311475112671405,0.174440547327034,0.147952046178535,0.0365921031170609,0.0486613872886168,0.061942525104457,0.0365921031170609,0.5226578397783254,0.059342164325357,0.5226578397783254,0.5138891841668037,0.0555482144497525,0.1829411764705882,0.211678175180428,0.0489288833825257,0.1829411764705882,0.5226578397783254,False,,,N100_drop0.50_s0.20_c0.05,1.0,0.0,0.0,False,False,1.0068271698186462,1.0170734897113791,-0.0865463796488441,-0.1149304575594595,False,,
2026-10-06,PAISALO,INE420C01059,83.1,83.1,1181082397.8633332,166.2,0.3525463650695791,0.0489285033086358,0.2207113802022724,0.2216854575590756,0.2028315041206864,0.1441505228044545,0.0365917996728956,0.04866094504531,0.0619421341347894,0.0365917996728956,0.4872604658740278,0.0668421997685141,0.4872604658740278,0.4472084417860012,0.0707885389596771,0.1648675171736997,0.2207113802022724,0.0489285033086358,0.1648675171736997,0.4872604658740278,False,,,N100_drop0.50_s0.20_c0.05,1.0,0.0,0.0,False,False,1.0068271698186462,1.0170734897113791,-0.0865463796488441,-0.1149304575594595,False,,
2026-10-06,KCP,INE805C01028,154.41,154.41,29119423.165079366,308.82,0.352528442727874,0.0489241436433739,0.1964700908333418,0.2490157328062442,0.1781197203703504,0.0876554549912863,0.0365883190077096,0.0486558723036815,0.0619376494482916,0.0365883190077096,0.4701798789017868,0.0198451660489944,0.4701798789017868,0.4741102954262791,0.0379050554334982,0.1732057416267942,0.1964700908333418,0.0489241436433739,0.1732057416267942,0.4701798789017868,False,,,N100_drop0.50_s0.20_c0.05,1.0,0.0,0.0,False,False,1.0068271698186462,1.0170734897113791,-0.0865463796488441,-0.1149304575594595,False,,
2026-10-06,PVSL,INE772T01024,94.57,94.57,6156050.291428572,189.14,0.3524063281319251,0.0488944460090133,0.2438084878424946,0.2005444783390816,0.1691662548880527,0.1197594286757903,0.0365646096879438,0.0486280580188023,0.061907098201782,0.0365646096879438,0.4663472129481525,0.0221309676936963,0.4663472129481525,0.4751556413273334,0.016952116307986,0.1732057416267942,0.2438084878424946,0.0488944460090133,0.1732057416267942,0.4663472129481525,False,,,N100_drop0.50_s0.20_c0.05,1.0,0.0,0.0,False,False,1.0068271698186462,1.0170734897113791,-0.0865463796488441,-0.1149304575594595,False,,
2026-10-06,AETHER,INE0BWX01014,1799.8,1799.8,573110215.8555555,3599.6,0.3523438022948222,0.0488792448564289,0.1785322912038289,0.2737837761832336,0.1931940715624004,0.0733221400422984,0.0365524741758071,0.0486157951957845,0.0618914587797202,0.0365524741758071,0.5077643960901947,0.0190554428557636,0.5077643960901947,0.4474568525009143,0.04512374949967,0.1648675171736997,0.1785322912038289,0.0488792448564289,0.1648675171736997,0.5077643960901947,False,,,N100_drop0.50_s0.20_c0.05,1.0,0.0,0.0,False,False,1.0068271698186462,1.0170734897113791,-0.0865463796488441,-0.1149304575594595,False,,
2026-10-06,BHAGCHEM,INE414D01027,239.91,239.91,33660819.07380952,479.82,0.3521770911349393,0.0488387302837099,0.2042538973725838,0.2391079480584996,0.1751941033936961,0.1330599356802044,0.0365201316876303,0.0485807894812844,0.0618497716959028,0.0365201316876303,0.4872637675819051,0.0204567218195233,0.4872637675819051,0.4840482673034727,0.0456253496246359,0.1732057416267942,0.2042538973725838,0.0488387302837099,0.1732057416267942,0.4872637675819051,False,,,N100_drop0.50_s0.20_c0.05,1.0,0.0,0.0,False,False,1.0068271698186462,1.0170734897113791,-0.0865463796488441,-0.1149304575594595,False,,
2026-10-06,JTLIND,INE391J01032,84.53,84.53,252543337.99301583,169.06,0.3520301048408331,0.0488030284735494,0.1973188449167125,0.2473308035740278,0.1760548784106329,0.1257466262619615,0.0364916329373568,0.0485426293955468,0.061813031323697,0.0364916329373568,0.5485223063030252,0.0633776759942534,0.5485223063030252,0.5201275406513876,0.0520956340397724,0.1919720767888307,0.1973188449167125,0.0488030284735494,0.1919720767888307,0.5485223063030252,False,,,N100_drop0.50_s0.20_c0.05,1.0,0.0,0.0,False,False,1.0068271698186462,1.0170734897113791,-0.0865463796488441,-0.1149304575594595,False,,
2026-10-06,OMAXE,INE800H01010,107.71,107.71,402472066.1990476,215.42,0.351922987118822,0.048777021737904,0.2086753649222586,0.2337459515457216,0.1682833415063142,0.1102568947215511,0.0364708742500824,0.0485159216586657,0.0617862649057847,0.0364708742500824,0.5368941143576018,0.031541547094105,0.5368941143576018,0.5221123643503135,0.0178693899326199,0.1919720767888307,0.2086753649222586,0.048777021737904,0.1919720767888307,0.5368941143576018,False,,,N100_drop0.50_s0.20_c0.05,1.0,0.0,0.0,False,False,1.0068271698186462,1.0170734897113791,-0.0865463796488441,-0.1149304575594595,False,,
2026-10-06,WINDLAS,INE0H5O01029,1036.2,1036.2,150463116.34920636,2072.4,0.3517290427844215,0.0487299589281888,0.1805634939929424,0.2698771376793002,0.1704804327605736,0.1086602874320658,0.0364333107216561,0.0484725314753748,0.0617378205914375,0.0364333107216561,0.5534081089407562,0.0530175563291643,0.5534081089407562,0.5226410349629051,0.0348850654638216,0.1919720767888307,0.1805634939929424,0.0487299589281888,0.1919720767888307,0.5534081089407562,False,,,N100_drop0.50_s0.20_c0.05,1.0,0.0,0.0,False,False,1.0068271698186462,1.0170734897113791,-0.0865463796488441,-0.1149304575594595,False,,
2026-10-06,LUMAXTECH,INE872H01027,1856.9,1856.9,483904570.8619048,3713.8,0.3516382588529538,0.0487079399012473,0.2084859836274574,0.2336269280734159,0.1742844413145204,0.1386790303387875,0.0364157370496445,0.0484555349130583,0.0617151522174593,0.0364157370496445,0.5309313331471918,0.0527059153139232,0.5309313331471918,0.5028975414911819,0.0332324094564204,0.1829411764705882,0.2084859836274574,0.0487079399012473,0.1829411764705882,0.5309313331471918,False,,,N100_drop0.50_s0.20_c0.05,1.0,0.0,0.0,False,False,1.0068271698186462,1.0170734897113791,-0.0865463796488441,-0.1149304575594595,False,,
2026-10-06,SIGNPOST,INE0KGZ01021,262.1,262.1,56670998.27063491,524.2,0.3514617876272227,0.0486651575711671,0.2231392030827146,0.2180932659920257,0.1877134409155812,0.101272719251268,0.0363815936960064,0.0484186666751378,0.0616711027706615,0.0363815936960064,0.4478793375700482,0.0500692499578801,0.4478793375700482,0.4183308681434559,0.0646034425547131,0.1578542883492161,0.2231392030827146,0.0486651575711671,0.1578542883492161,0.4478793375700482,False,,,N100_drop0.50_s0.20_c0.05,1.0,0.0,0.0,False,False,1.0068271698186462,1.0170734897113791,-0.0865463796488441,-0.1149304575594595,False,,
2026-10-06,BUILDPRO,INE24OJ01011,1301.5,1301.5,139029505.6190476,2603.0,0.3513383251633042,0.0486352416356082,0.1588834658983113,0.3061063740058123,0.1791969791914463,0.1014397395134315,0.0363577200413769,0.0483880931030906,0.0616402965100019,0.0363577200413769,0.5416012178993957,0.042238711351222,0.5416012178993957,0.5093346904325501,0.0521822689127699,0.1829411764705882,0.1588834658983113,0.0486352416356082,0.1829411764705882,0.5416012178993957,False,,,N100_drop0.50_s0.20_c0.05,1.0,0.0,0.0,False,False,1.0068271698186462,1.0170734897113791,-0.0865463796488441,-0.1149304575594595,False,,
2026-10-06,PPAP,INE095I01015,239.81,239.81,40632421.209523804,479.62,0.3512653994593012,0.0486175770948266,0.2226624267728282,0.2183465697354893,0.1741933676102662,0.0935583065880793,0.0363436238423892,0.0483700407949796,0.0616221046004887,0.0363436238423892,0.4968554163164091,0.0368408509842375,0.4968554163164091,0.5055017364051718,0.0343848678688621,0.1829411764705882,0.2226624267728282,0.0486175770948266,0.1829411764705882,0.4968554163164091,False,,,N100_drop0.50_s0.20_c0.05,1.0,0.0,0.0,False,False,1.0068271698186462,1.0170734897113791,-0.0865463796488441,-0.1149304575594595,False,,
2026-10-06,AVANTIFEED,INE871C01038,714.1,714.1,369729330.8452381,1428.2,0.3512531814607775,0.0486146180024368,0.1963885319573025,0.247543059250559,0.1783311656091807,0.0767144268607667,0.0363412625434209,0.0483670167852477,0.0616190438756235,0.0363412625434209,0.5375090569658977,0.1026494073707618,0.5375090569658977,0.4870768208926478,0.0878765403083112,0.1732057416267942,0.1963885319573025,0.0486146180024368,0.1732057416267942,0.5375090569658977,False,,,N100_drop0.50_s0.20_c0.05,1.0,0.0,0.0,False,False,1.0068271698186462,1.0170734897113791,-0.0865463796488441,-0.1149304575594595,False,,
2026-10-06,ACE,INE731H01025,1252.2,1252.2,543721098.384127,2504.4,0.3510919101994628,0.0485755711038745,0.1568397580483398,0.3097146521285949,0.1858139087682821,0.0695670324310099,0.0363101049223608,0.0483271143375044,0.0615783864801199,0.0363101049223608,0.5335108653668117,0.0407995694168605,0.5335108653668117,0.4662337696725063,0.0339034136649542,0.1732057416267942,0.1568397580483398,0.0485755711038745,0.1732057416267942,0.5335108653668117,False,,,N100_drop0.50_s0.20_c0.05,1.0,0.0,0.0,False,False,1.0068271698186462,1.0170734897113791,-0.0865463796488441,-0.1149304575594595,False,,
2026-10-06,MUNJALAU,INE672B01032,105.33,105.33,216569453.9606349,210.66,0.3510447757321453,0.0485641630037904,0.204877884567766,0.2370395570329466,0.1722531854806337,0.1193611194654504,0.036301002155886,0.0483154566529456,0.0615665067943204,0.036301002155886,0.5344415938826687,0.0656520377503815,0.5344415938826687,0.5213595926689821,0.0425490133406671,0.1919720767888307,0.204877884567766,0.0485641630037904,0.1919720767888307,0.5344415938826687,False,,,N100_drop0.50_s0.20_c0.05,1.0,0.0,0.0,False,False,1.0068271698186462,1.0170734897113791,-0.0865463796488441,-0.1149304575594595,False,,
2026-10-06,HIKAL,INE475B01022,226.43,226.43,395863286.4614286,452.86,0.3510228107635032,0.0485588473832568,0.2479066134243855,0.1958755626261978,0.1881167991791504,0.0745640988846098,0.0362967607660511,0.0483099489417334,0.0615609712745168,0.0362967607660511,0.4737852813170364,0.0479483526099785,0.4737852813170364,0.4545456608130802,0.0485509327442267,0.1732057416267942,0.2479066134243855,0.0485588473832568,0.1732057416267942,0.4737852813170364,False,,,N100_drop0.50_s0.20_c0.05,1.0,0.0,0.0,False,False,1.0068271698186462,1.0170734897113791,-0.0865463796488441,-0.1149304575594595,False,,
2026-10-06,EXCELINDUS,INE369A01029,924.1,924.1,30759679.472222224,1848.2,0.3509270093704516,0.0485356676881586,0.1914971364248202,0.2534537518121749,0.1717309704350986,0.1285457987625029,0.0362782658673637,0.0482825398267292,0.0615368314568628,0.0362782658673637,0.4840468531550551,0.0055024520806322,0.4840468531550551,0.4679562422206729,0.0209937459634215,0.1732057416267942,0.1914971364248202,0.0485356676881586,0.1732057416267942,0.4840468531550551,False,,,N100_drop0.50_s0.20_c0.05,1.0,0.0,0.0,False,False,1.0068271698186462,1.0170734897113791,-0.0865463796488441,-0.1149304575594595,False,,
2026-10-06,WAAREEINDO,INE866K01023,208.05,208.05,30366316.85619048,416.1,0.3509085361806267,0.0485311988678488,0.2961775213846281,0.1638584813626834,0.1719444976079504,0.0860740606644037,0.0362747003098879,0.0482772558867293,0.0615321773072256,0.0362747003098879,0.5229256337381897,0.0240667522319957,0.5229256337381897,0.4938164181928968,0.0091974048315641,0.1732057416267942,0.2961775213846281,0.0485311988678488,0.1732057416267942,0.5229256337381897,False,,,N100_drop0.50_s0.20_c0.05,1.0,0.0,0.0,False,False,1.0068271698186462,1.0170734897113791,-0.0865463796488441,-0.1149304575594595,False,,
2026-10-06,KRISHIVAL,INE0GGO01015,404.45,404.45,11757203.955555554,808.9,0.3508130469319557,0.048508103716189,0.1863544906785062,0.260300159870437,0.1747346982426484,0.1203835983905835,0.036256273688737,0.0482499495428934,0.0615081231915018,0.036256273688737,0.4876932888461634,0.0339235056168088,0.4876932888461634,0.4676838972955607,0.0301520065247802,0.1732057416267942,0.1863544906785062,0.048508103716189,0.1732057416267942,0.4876932888461634,False,,,N100_drop0.50_s0.20_c0.05,1.0,0.0,0.0,False,False,1.0068271698186462,1.0170734897113791,-0.0865463796488441,-0.1149304575594595,False,,
2026-10-06,PARACABLES,INE074B01023,58.22,58.22,107536297.01380952,116.44,0.3507777133526396,0.048499559803664,0.2331318200728477,0.2080349211382177,0.1752601356263612,0.1074120949587424,0.0362494570451017,0.0482398483193377,0.0614992240189465,0.0362494570451017,0.5142140826910073,0.0472697684177139,0.5142140826910073,0.5109438638425096,0.0621021095069148,0.1829411764705882,0.2331318200728477,0.048499559803664,0.1829411764705882,0.5142140826910073,False,,,N100_drop0.50_s0.20_c0.05,1.0,0.0,0.0,False,False,1.0068271698186462,1.0170734897113791,-0.0865463796488441,-0.1149304575594595,False,,
2026-10-06,BLSE,INE0NLT01028,160.9,160.9,178628399.16746032,321.8,0.350755948931263,0.0484942975246566,0.1697350397532875,0.2857058718997787,0.1768174093208646,0.1409771734670176,0.0362452586546374,0.0482336270370246,0.0614937427981962,0.0362452586546374,0.5346390989325397,0.0918743596635773,0.5346390989325397,0.5156890791614351,0.0784074945255222,0.1829411764705882,0.1697350397532875,0.0484942975246566,0.1829411764705882,0.5346390989325397,False,,,N100_drop0.50_s0.20_c0.05,1.0,0.0,0.0,False,False,1.0068271698186462,1.0170734897113791,-0.0865463796488441,-0.1149304575594595,False,,
2026-10-06,AYE,INE501X01029,165.56,165.56,287151895.0290476,331.12,0.3507123713727814,0.0484837623654529,0.2043926022527622,0.2372089881486783,0.1736277091998495,0.1482640990943908,0.0362368535230027,0.0482212461372751,0.0614827690082634,0.0362368535230027,0.5349559218851702,0.0635483414781773,0.5349559218851702,0.5298202570690335,0.0511159539635745,0.1960507757404795,0.2043926022527622,0.0484837623654529,0.1960507757404795,0.5349559218851702,False,,,N100_drop0.50_s0.20_c0.05,1.0,0.0,0.0,False,False,1.0068271698186462,1.0170734897113791,-0.0865463796488441,-0.1149304575594595,False,,
2026-10-06,WESTLIFE,INE274F01020,594.6,594.6,166416367.92142856,1189.2,0.3503438738092415,0.0483947384308256,0.2179581412124343,0.2220368468992281,0.1902787735820725,0.1317347714862216,0.0361658344055656,0.0481236527141022,0.0613900222476271,0.0361658344055656,0.4760265019200114,0.0600584840927821,0.4760265019200114,0.4438582361016505,0.0766076500114553,0.1648675171736997,0.2179581412124343,0.0483947384308256,0.1648675171736997,0.4760265019200114,False,,,N100_drop0.50_s0.20_c0.05,1.0,0.0,0.0,False,False,1.0068271698186462,1.0170734897113791,-0.0865463796488441,-0.1149304575594595,False,,
2026-10-06,HIRECT,INE835D01023,1146.8,1146.8,200987706.08571428,2293.6,0.350257191571596,0.0483738134922853,0.2098797740779327,0.230483445605021,0.1697272609197514,0.154400535010744,0.0361491429551517,0.0481007161248226,0.0613682180239651,0.0361491429551517,0.5417536864444209,0.0780797509793423,0.5417536864444209,0.5300422188406143,0.0508680027937589,0.1960507757404795,0.2098797740779327,0.0483738134922853,0.1960507757404795,0.5417536864444209,False,,,N100_drop0.50_s0.20_c0.05,1.0,0.0,0.0,False,False,1.0068271698186462,1.0170734897113791,-0.0865463796488441,-0.1149304575594595,False,,
2026-10-06,TALBROAUTO,INE187D01029,429.45,429.45,106660453.11825396,858.9,0.3497487868224552,0.0482512102843665,0.1950075347167866,0.2474325433345059,0.1807653294970938,0.090682086789329,0.036051355921709,0.0479663461477272,0.0612404304172549,0.036051355921709,0.5210031851819958,0.0672085756438689,0.5210031851819958,0.496969979574942,0.0762723735952102,0.1829411764705882,0.1950075347167866,0.0482512102843665,0.1829411764705882,0.5210031851819958,False,,,N100_drop0.50_s0.20_c0.05,1.0,0.0,0.0,False,False,1.0068271698186462,1.0170734897113791,-0.0865463796488441,-0.1149304575594595,False,,
2026-10-06,BLKASHYAP,INE350H01032,54.79,54.79,39480719.32857143,109.58,0.3494432140760908,0.0481776230514125,0.1972762603133731,0.2442139919668106,0.1713927704850396,0.118350576908827,0.0359926728451839,0.0478857127570883,0.0611520812521734,0.0359926728451839,0.4939107232853001,0.0122575195317379,0.4939107232853001,0.4875897325080968,0.0219517923774656,0.1732057416267942,0.1972762603133731,0.0481776230514125,0.1732057416267942,0.4939107232853001,False,,,N100_drop0.50_s0.20_c0.05,1.0,0.0,0.0,False,False,1.0068271698186462,1.0170734897113791,-0.0865463796488441,-0.1149304575594595,False,,
2026-10-06,IMAGICAA,INE172N01012,49.92,49.92,85871819.72444443,99.84,0.3494158525387695,0.0481710376663234,0.2080816433822735,0.2315006594686822,0.1694810988688226,0.144454877144213,0.0359874215874215,0.0478784974034244,0.0611419568221666,0.0359874215874215,0.5157162269793073,0.0300677039733137,0.5157162269793073,0.4925070781580092,0.0112234705179439,0.1732057416267942,0.2080816433822735,0.0481710376663234,0.1732057416267942,0.5157162269793073,False,,,N100_drop0.50_s0.20_c0.05,1.0,0.0,0.0,False,False,1.0068271698186462,1.0170734897113791,-0.0865463796488441,-0.1149304575594595,False,,
2026-10-06,RBA,INE07T201019,95.1,95.1,863650264.662381,190.2,0.3493898654221745,0.0481647836476294,0.1970222047821948,0.2444637329121097,0.1759716984323028,0.1260240042981148,0.0359824346167865,0.0478716452062316,0.0611323420810896,0.0359824346167865,0.518317298870037,0.0344276375540057,0.518317298870037,0.5028015818560946,0.0218342382194865,0.1829411764705882,0.1970222047821948,0.0481647836476294,0.1829411764705882,0.518317298870037,False,,,N100_drop0.50_s0.20_c0.05,1.0,0.0,0.0,False,False,1.0068271698186462,1.0170734897113791,-0.0865463796488441,-0.1149304575594595,False,,
2026-10-06,TTKHLTCARE,INE910C01018,1033.7,1033.7,42787078.2984127,2067.4,0.3493711511398514,0.0481602802419081,0.2034890002783322,0.2366726465609173,0.173018792543838,0.1269252469183872,0.0359788436207992,0.0478667111179223,0.0611254188267668,0.0359788436207992,0.5200083327510985,0.0372029409372338,0.5200083327510985,0.4906485867336315,0.0439904402275136,0.1732057416267942,0.2034890002783322,0.0481602802419081,0.1732057416267942,0.5200083327510985,False,,,N100_drop0.50_s0.20_c0.05,1.0,0.0,0.0,False,False,1.0068271698186462,1.0170734897113791,-0.0865463796488441,-0.1149304575594595,False,,
2026-10-06,JAYBARMARU,INE571B01036,134.37,134.37,81633806.26857144,268.74,0.3492709970740697,0.0481361840590042,0.2582751801018746,0.1863755705833496,0.179733625887069,0.1185902212767666,0.0359596298761598,0.0478403112814286,0.061088376950804,0.0359596298761598,0.4763936257373897,0.0572264641924031,0.4763936257373897,0.49266234009368,0.0653517295267371,0.1732057416267942,0.2582751801018746,0.0481361840590042,0.1732057416267942,0.4763936257373897,False,,,N100_drop0.50_s0.20_c0.05,1.0,0.0,0.0,False,False,1.0068271698186462,1.0170734897113791,-0.0865463796488441,-0.1149304575594595,False,,
2026-10-06,BBOX,INE676A01027,839.95,839.95,391392319.9666666,1679.9,0.3492255178875292,0.0481252448919233,0.2648017861359684,0.1817406354925883,0.1959308745742766,0.1117525324114414,0.0359509074828382,0.0478283267381913,0.061071561869677,0.0359509074828382,0.4736304389487558,0.0831251327903013,0.4736304389487558,0.4558620737818352,0.0796848959811251,0.1732057416267942,0.2648017861359684,0.0481252448919233,0.1732057416267942,0.4736304389487558,False,,,N100_drop0.50_s0.20_c0.05,1.0,0.0,0.0,False,False,1.0068271698186462,1.0170734897113791,-0.0865463796488441,-0.1149304575594595,False,,
2026-10-06,CARBORUNIV,INE120A01034,1269.6,1269.6,406910710.0174603,2539.2,0.3490844937620589,0.0480913349879833,0.1810450730384079,0.2656318351053994,0.1879507395683396,0.0960222260512234,0.0359238702555184,0.047791178038973,0.0610194420591292,0.0359238702555184,0.505138295183705,0.0467851475394716,0.505138295183705,0.4399029498382101,0.0542870809370551,0.1578542883492161,0.1810450730384079,0.0480913349879833,0.1578542883492161,0.505138295183705,False,,,N100_drop0.50_s0.20_c0.05,1.0,0.0,0.0,False,False,1.0068271698186462,1.0170734897113791,-0.0865463796488441,-0.1149304575594595,False,,
2026-10-06,PDMJEPAPER,INE865T01018,96.16,96.16,32736730.698412698,192.32,0.3490596856453528,0.0480853714518301,0.219530365872921,0.2190374496057879,0.1766886781258265,0.1705140163321852,0.0359191155307494,0.0477846451848526,0.0610102767750559,0.0359191155307494,0.4733275301939141,0.0473415626590378,0.4733275301939141,0.4582583123158573,0.053414845473023,0.1732057416267942,0.219530365872921,0.0480853714518301,0.1732057416267942,0.4733275301939141,False,,,N100_drop0.50_s0.20_c0.05,1.0,0.0,0.0,False,False,1.0068271698186462,1.0170734897113791,-0.0865463796488441,-0.1149304575594595,False,,
2026-10-06,GANECOS,INE845D01014,990.1,990.1,136947918.0420635,1980.2,0.349052585686094,0.0480836648105924,0.1914043745735337,0.2512150775954165,0.1789241000519161,0.0900995118676053,0.0359177548349161,0.0477827756314041,0.0610076538992409,0.0359177548349161,0.4780896490257349,0.0150650762036368,0.4780896490257349,0.4699587693836775,0.0396106405246134,0.1732057416267942,0.1914043745735337,0.0480836648105924,0.1732057416267942,0.4780896490257349,False,,,N100_drop0.50_s0.20_c0.05,1.0,0.0,0.0,False,False,1.0068271698186462,1.0170734897113791,-0.0865463796488441,-0.1149304575594595,False,,
2026-10-06,ELLEN,INE236E01022,348.2,348.2,318959948.53968257,696.4,0.3489332561150098,0.0480549873540102,0.273240724948918,0.1758705162379949,0.1817733420278406,0.0792858988997816,0.0358948910183534,0.0477513616779093,0.0609635831891983,0.0358948910183534,0.4841753840328544,0.0473165444342126,0.4841753840328544,0.4692557991363036,0.0444485908514773,0.1732057416267942,0.273240724948918,0.0480549873540102,0.1732057416267942,0.4841753840328544,False,,,N100_drop0.50_s0.20_c0.05,1.0,0.0,0.0,False,False,1.0068271698186462,1.0170734897113791,-0.0865463796488441,-0.1149304575594595,False,,
2026-10-06,ABDL,INE552Z01027,714.65,714.65,412548462.6904762,1429.3,0.3483545698254168,0.0479160823672006,0.1881324796476984,0.2546933015337356,0.1908981153195052,0.102805694026566,0.035784160651579,0.0476169412693054,0.0607501887019685,0.035784160651579,0.482758074000415,0.047828072797152,0.482758074000415,0.4343243777167442,0.057764575008574,0.1578542883492161,0.1881324796476984,0.0479160823672006,0.1578542883492161,0.482758074000415,False,,,N100_drop0.50_s0.20_c0.05,1.0,0.0,0.0,False,False,1.0068271698186462,1.0170734897113791,-0.0865463796488441,-0.1149304575594595,False,,
2026-10-06,SPAL,INE212I01016,949.65,949.65,103473719.23015872,1899.3,0.3479260576815813,0.0478134012749173,0.2048472519664653,0.2334100204709832,0.1729538227916261,0.1518864810442785,0.0357023228556754,0.0475275053201941,0.0605908565678182,0.0357023228556754,0.5141876203594081,0.0602991148604508,0.5141876203594081,0.5124986768719122,0.0561831637246647,0.1829411764705882,0.2048472519664653,0.0478134012749173,0.1829411764705882,0.5141876203594081,False,,,N100_drop0.50_s0.20_c0.05,1.0,0.0,0.0,False,False,1.0068271698186462,1.0170734897113791,-0.0865463796488441,-0.1149304575594595,False,,
2026-10-06,ORCHPHARMA,INE191A01027,1006.55,1006.55,181287820.45079365,2013.1,0.3478038287416198,0.0477841400283391,0.2196642420757772,0.2175326287828638,0.1805308810094651,0.0945498102842773,0.0356791170156885,0.0474964155101092,0.0605454621123022,0.0356791170156885,0.5141504153798296,0.0667152065481323,0.5141504153798296,0.4981125339216928,0.0700264926852571,0.1829411764705882,0.2196642420757772,0.0477841400283391,0.1829411764705882,0.5141504153798296,False,,,N100_drop0.50_s0.20_c0.05,1.0,0.0,0.0,False,False,1.0068271698186462,1.0170734897113791,-0.0865463796488441,-0.1149304575594595,False,,
2026-10-06,GNFC,INE113A01013,629.5,629.5,456813721.85,1259.0,0.3477864321333224,0.0477799763248145,0.1592119015737037,0.300103044135151,0.1850097290207591,0.0476411600217471,0.0356758613509384,0.0474919660639738,0.0605390031922135,0.0356758613509384,0.5145693119579781,0.0266917863844094,0.5145693119579781,0.4571177901451226,0.0355858729320085,0.1732057416267942,0.1592119015737037,0.0477799763248145,0.1732057416267942,0.5145693119579781,False,,,N100_drop0.50_s0.20_c0.05,1.0,0.0,0.0,False,False,1.0068271698186462,1.0170734897113791,-0.0865463796488441,-0.1149304575594595,False,,
2026-10-06,PITTIENG,INE450D01021,1122.0,1122.0,141877486.6111111,2244.0,0.3475477752054303,0.0477228811556097,0.176653690487703,0.2701493584643328,0.1833256799634606,0.0997049266482079,0.0356312195974938,0.0474309554453654,0.0604504458286559,0.0356312195974938,0.5286871492599782,0.0693743245178698,0.5286871492599782,0.4815981633158261,0.0729794302467179,0.1732057416267942,0.176653690487703,0.0477228811556097,0.1732057416267942,0.5286871492599782,False,,,N100_drop0.50_s0.20_c0.05,1.0,0.0,0.0,False,False,1.0068271698186462,1.0170734897113791,-0.0865463796488441,-0.1149304575594595,False,,
2026-10-06,SOLARA,INE624Z01016,682.65,682.65,319798169.4325397,1365.3,0.3470115150167712,0.0475947584005439,0.2272839002699506,0.209406642283129,0.1845063074704564,0.0974609595202208,0.0355206919393756,0.0472940655177956,0.0602517971927951,0.0355206919393756,0.5218800086903647,0.0610797416051832,0.5218800086903647,0.4683753888842303,0.0513620163539543,0.1732057416267942,0.2272839002699506,0.0475947584005439,0.1732057416267942,0.5218800086903647,False,,,N100_drop0.50_s0.20_c0.05,1.0,0.0,0.0,False,False,1.0068271698186462,1.0170734897113791,-0.0865463796488441,-0.1149304575594595,False,,
2026-10-06,PROTEAN,INE004A01022,689.25,689.25,491321518.1873016,1378.5,0.3469329187341069,0.0475759999585451,0.2732475935293991,0.1741131526321249,0.187162652831068,0.1586566926847484,0.0355039039077938,0.0472740257048922,0.0602227218950661,0.0355039039077938,0.4695444129900477,0.086420475540283,0.4695444129900477,0.4457518521706478,0.0765658930640852,0.1648675171736997,0.2732475935293991,0.0475759999585451,0.1648675171736997,0.4695444129900477,False,,,N100_drop0.50_s0.20_c0.05,1.0,0.0,0.0,False,False,1.0068271698186462,1.0170734897113791,-0.0865463796488441,-0.1149304575594595,False,,
2026-10-06,FINKURVE,INE734I01027,69.31,69.31,10188860.458888888,138.62,0.3468008773291207,0.0475444971889267,0.279467144470054,0.1701255340018022,0.1749694021311126,0.1445856307695702,0.035475713442435,0.0472403722950599,0.0601738981683588,0.035475713442435,0.4446280409663217,0.0649103026806817,0.4446280409663217,0.4567205004262389,0.0544728457901694,0.1732057416267942,0.279467144470054,0.0475444971889267,0.1732057416267942,0.4446280409663217,False,,,N100_drop0.50_s0.20_c0.05,1.0,0.0,0.0,False,False,1.0068271698186462,1.0170734897113791,-0.0865463796488441,-0.1149304575594595,False,,
2026-10-06,AKUMS,INE09XN01023,814.65,814.65,262386605.48253968,1629.3,0.3467782607789031,0.0475391027000322,0.1585814118475332,0.2997772698967919,0.1898480313798718,0.1104923752306729,0.0354708865518412,0.0472346096950217,0.0601655383030725,0.0354708865518412,0.5269120204662975,0.0740671697827994,0.5269120204662975,0.4754560532048608,0.0719097715287478,0.1732057416267942,0.1585814118475332,0.0475391027000322,0.1732057416267942,0.5269120204662975,False,,,N100_drop0.50_s0.20_c0.05,1.0,0.0,0.0,False,False,1.0068271698186462,1.0170734897113791,-0.0865463796488441,-0.1149304575594595,False,,
2026-10-06,THYROCARE,INE594H01019,529.8,529.8,426956247.8380953,1059.6,0.3467502424948792,0.047532420369724,0.1840500998872118,0.2582580525566271,0.1782076314237402,0.0898560385551315,0.0354649074880376,0.0472274714388236,0.0601551829230978,0.0354649074880376,0.5006909163593698,0.0123459325782941,0.5006909163593698,0.4880785906672919,0.0201448116457396,0.1732057416267942,0.1840500998872118,0.047532420369724,0.1732057416267942,0.5006909163593698,False,,,N100_drop0.50_s0.20_c0.05,1.0,0.0,0.0,False,False,1.0068271698186462,1.0170734897113791,-0.0865463796488441,-0.1149304575594595,False,,
2026-10-06,ANDREWYU,INE449C01025,24.95,24.95,53914278.28079365,49.9,0.3464957590310515,0.0474717555973106,0.2240698889476123,0.2118613786987218,0.1703449372840475,0.1285284068805337,0.0354194634066574,0.0471626709109309,0.0600611859254207,0.0354194634066574,0.4930456658865154,0.0227992907366595,0.4930456658865154,0.4913470352288945,0.0299577802831037,0.1732057416267942,0.2240698889476123,0.0474717555973106,0.1732057416267942,0.4930456658865154,False,,,N100_drop0.50_s0.20_c0.05,1.0,0.0,0.0,False,False,1.0068271698186462,1.0170734897113791,-0.0865463796488441,-0.1149304575594595,False,,
2026-10-06,TIPSFILMS,INE0LQS01015,334.55,334.55,8022930.003968254,669.1,0.3464248801630012,0.0474548685937771,0.2628608403953854,0.1805322866745665,0.1757527149672602,0.1021764760586262,0.0354103789661981,0.0471446337176178,0.0600350245811352,0.0354103789661981,0.4776588460228728,0.0211842892218643,0.4776588460228728,0.4783042217194388,0.0193664286996025,0.1732057416267942,0.2628608403953854,0.0474548685937771,0.1732057416267942,0.4776588460228728,False,,,N100_drop0.50_s0.20_c0.05,1.0,0.0,0.0,False,False,1.0068271698186462,1.0170734897113791,-0.0865463796488441,-0.1149304575594595,False,,
2026-10-06,SUNTV,INE424H01027,632.1,632.1,750011283.4992063,1264.2,0.3463774752942919,0.0474435765878514,0.1820290320471768,0.2606374162092747,0.1873982613559567,0.1510182210146439,0.0354043039513532,0.0471325728610593,0.0600210982142751,0.0354043039513532,0.4854274693520414,0.0419979963616498,0.4854274693520414,0.442283448174997,0.0695259089887919,0.1648675171736997,0.1820290320471768,0.0474435765878514,0.1648675171736997,0.4854274693520414,False,,,N100_drop0.50_s0.20_c0.05,1.0,0.0,0.0,False,False,1.0068271698186462,1.0170734897113791,-0.0865463796488441,-0.1149304575594595,False,,
2026-10-06,RACLGEAR,INE704B01017,1593.4,1593.4,110751421.78253968,3186.8,0.3463739832465317,0.0474427448420832,0.2182938379848068,0.2173343291778361,0.1742143610713055,0.1664522855567733,0.0354038564647484,0.0471316844915419,0.0600200980544347,0.0354038564647484,0.5125264847411185,0.0706783457694135,0.5125264847411185,0.4937038128211137,0.0729218964132757,0.1732057416267942,0.2182938379848068,0.0474427448420832,0.1732057416267942,0.5125264847411185,False,,,N100_drop0.50_s0.20_c0.05,1.0,0.0,0.0,False,False,1.0068271698186462,1.0170734897113791,-0.0865463796488441,-0.1149304575594595,False,,
2026-10-06,ADSL,INE102I01027,103.82,103.82,29546814.296031743,207.64,0.3462882851840745,0.0474223361428561,0.3217411286958074,0.1473928320419736,0.206628137902837,0.1415023499289872,0.0353928758188507,0.0471098867573656,0.0599955566194537,0.0353928758188507,0.3811332877605326,0.1016966840905994,0.3811332877605326,0.412764952534357,0.1227394382720156,0.1578542883492161,0.3217411286958074,0.0474223361428561,0.1578542883492161,0.3811332877605326,False,,,N100_drop0.50_s0.20_c0.05,1.0,0.0,0.0,False,False,1.0068271698186462,1.0170734897113791,-0.0865463796488441,-0.1149304575594595,False,,
2026-10-06,PPL,INE050001010,252.65,252.65,7853939.541269841,505.3,0.3459833789403287,0.0473497721493925,0.1922714344415988,0.2462652462489157,0.1761632930861018,0.0930098583783164,0.0353366729514132,0.0470323894800511,0.0599082933922883,0.0353366729514132,0.546939913737126,0.041060968121224,0.546939913737126,0.5132953594742169,0.0205912393626891,0.1829411764705882,0.1922714344415988,0.0473497721493925,0.1829411764705882,0.546939913737126,False,,,N100_drop0.50_s0.20_c0.05,1.0,0.0,0.0,False,False,1.0068271698186462,1.0170734897113791,-0.0865463796488441,-0.1149304575594595,False,,
2026-10-06,ISGEC,INE858B01029,905.0,905.0,60936877.07222223,1810.0,0.3453349555812213,0.0471957060196599,0.2010920850685622,0.2346969847349714,0.1854459481458906,0.1314185812490178,0.035213249100758,0.0468746122557746,0.0597229916853455,0.035213249100758,0.4685777456977273,0.0383657540063795,0.4685777456977273,0.4349983857450961,0.0671606459488074,0.1578542883492161,0.2010920850685622,0.0471957060196599,0.1578542883492161,0.4685777456977273,False,,,N100_drop0.50_s0.20_c0.05,1.0,0.0,0.0,False,False,1.0068271698186462,1.0170734897113791,-0.0865463796488441,-0.1149304575594595,False,,
2026-10-06,CEINSYS,INE016Q01014,718.45,718.45,54241945.71825397,1436.9,0.3453224412726132,0.047192735956915,0.3056075805893551,0.1544226614598541,0.2007134374364722,0.1666960922944503,0.0352108700912812,0.0468717045966297,0.0597194191133863,0.0352108700912812,0.4016883416302182,0.071907685927136,0.4016883416302182,0.3585036186542207,0.1036221371631826,0.1428571428571428,0.3056075805893551,0.047192735956915,0.1428571428571428,0.4016883416302182,False,,,N100_drop0.50_s0.20_c0.05,1.0,0.0,0.0,False,False,1.0068271698186462,1.0170734897113791,-0.0865463796488441,-0.1149304575594595,False,,
2026-10-06,RAJRATAN,INE451D01029,467.3,467.3,97401799.10317458,934.6,0.3451374860948447,0.04714885470741,0.1874508607937321,0.2515264774339545,0.1719242476377388,0.1074195412482909,0.0351757228531225,0.0468287453070965,0.059666634514916,0.0351757228531225,0.5016630998586699,0.0314162527794895,0.5016630998586699,0.4966012862875241,0.0485770100246409,0.1829411764705882,0.1874508607937321,0.04714885470741,0.1829411764705882,0.5016630998586699,False,,,N100_drop0.50_s0.20_c0.05,1.0,0.0,0.0,False,False,1.0068271698186462,1.0170734897113791,-0.0865463796488441,-0.1149304575594595,False,,
2026-10-06,KRISHNADEF,INE0J5601015,1312.3,1312.3,170938247.92698413,2624.6,0.3450971546924865,0.0471392896203036,0.2624105639731819,0.1796394508916234,0.1876526514469581,0.1259961548539507,0.0351680619453816,0.0468193811799221,0.059655128316513,0.0351680619453816,0.487976785020664,0.080558797834005,0.487976785020664,0.4655716079945675,0.0832078780326221,0.1732057416267942,0.2624105639731819,0.0471392896203036,0.1732057416267942,0.487976785020664,False,,,N100_drop0.50_s0.20_c0.05,1.0,0.0,0.0,False,False,1.0068271698186462,1.0170734897113791,-0.0865463796488441,-0.1149304575594595,False,,
2026-10-06,RELINFRA,INE036A01016,51.24,51.24,33913044.23174603,102.48,0.3446165151091682,0.0470254012627004,0.2854059842267716,0.1647666967814383,0.2040329720028678,0.0883978766457645,0.0350768561830753,0.0467078854247617,0.0595181170678703,0.0350768561830753,0.5769931558296904,0.1108903034851833,0.5769931558296904,0.5722842607867594,0.0900412712739605,0.221311475409836,0.2854059842267716,0.0470254012627004,0.221311475409836,0.5769931558296904,False,,,N100_drop0.50_s0.20_c0.05,1.0,0.0,0.0,False,False,1.0068271698186462,1.0170734897113791,-0.0865463796488441,-0.1149304575594595,False,,
2026-10-06,WEBELSOLAR,INE855C01023,70.89,70.89,168700052.22015873,141.78,0.3445289782916907,0.0470046793556463,0.2646017086528774,0.1776431437081544,0.1756812173000941,0.0654562895557903,0.0350602633745725,0.0466875988176289,0.0594931858395544,0.0350602633745725,0.4766419853001595,0.033716945365682,0.4766419853001595,0.4931614122746397,0.0448046237246002,0.1732057416267942,0.2646017086528774,0.0470046793556463,0.1732057416267942,0.4766419853001595,False,,,N100_drop0.50_s0.20_c0.05,1.0,0.0,0.0,False,False,1.0068271698186462,1.0170734897113791,-0.0865463796488441,-0.1149304575594595,False,,
2026-10-06,SUYOG,INE442P01014,667.25,667.25,21897299.436507937,1334.5,0.3444640539023336,0.0469893143068826,0.2052962016889276,0.2288854538969139,0.1773092834628798,0.1206430804039407,0.0350479604045732,0.0466725565320846,0.0594746992056807,0.0350479604045732,0.4710662525379643,0.0187096016699426,0.4710662525379643,0.4377741604000231,0.0478248723105701,0.1578542883492161,0.2052962016889276,0.0469893143068826,0.1578542883492161,0.4710662525379643,False,,,N100_drop0.50_s0.20_c0.05,1.0,0.0,0.0,False,False,1.0068271698186462,1.0170734897113791,-0.0865463796488441,-0.1149304575594595,False,,
2026-10-06,MIDHANI,INE099Z01011,462.35,462.35,793544058.7174603,924.7,0.3442889385562551,0.0469478883507776,0.2067523826603885,0.2270730220695655,0.1886261788633566,0.1067422218809916,0.0350147918708351,0.0466320007552848,0.0594248552970759,0.0350147918708351,0.4802514339678865,0.0377181713584235,0.4802514339678865,0.4385835388172219,0.0567675262715709,0.1578542883492161,0.2067523826603885,0.0469478883507776,0.1578542883492161,0.4802514339678865,False,,,N100_drop0.50_s0.20_c0.05,1.0,0.0,0.0,False,False,1.0068271698186462,1.0170734897113791,-0.0865463796488441,-0.1149304575594595,False,,
2026-10-06,SIGMA,INE0A0S01028,45.24,45.24,14785263.712063495,90.48,0.3442052640102024,0.0469281027118598,0.2272448502537876,0.2065089820933252,0.1636191108540994,0.1769885441040651,0.0349989509735765,0.046612630712248,0.0594010481964691,0.0349989509735765,0.4912192982279064,0.0382707355374954,0.4912192982279064,0.4965886237415054,0.0202718965502741,0.1829411764705882,0.2272448502537876,0.0469281027118598,0.1829411764705882,0.4912192982279064,False,,,N100_drop0.50_s0.20_c0.05,1.0,0.0,0.0,False,False,1.0068271698186462,1.0170734897113791,-0.0865463796488441,-0.1149304575594595,False,,
2026-10-06,NITCO,INE858F01012,83.77,83.77,93494656.84984128,167.54,0.3441919577640477,0.046924956844104,0.237523616015326,0.1975591211994524,0.1711257384586474,0.0584352705792852,0.0349964323622443,0.0466088799659826,0.0593972628711024,0.0349964323622443,0.4831944439175779,0.0056427065174248,0.4831944439175779,0.4737211333014271,0.0160103779221197,0.1732057416267942,0.237523616015326,0.046924956844104,0.1732057416267942,0.4831944439175779,False,,,N100_drop0.50_s0.20_c0.05,1.0,0.0,0.0,False,False,1.0068271698186462,1.0170734897113791,-0.0865463796488441,-0.1149304575594595,False,,
2026-10-06,BAJAJCON,INE933K01021,493.5,493.5,497135408.0674603,987.0,0.344131514824971,0.0469106686980314,0.2155405723142774,0.2176419418133098,0.1751245647482035,0.1126918707278225,0.0349849933184314,0.0465911803621936,0.0593800701964803,0.0349849933184314,0.5074424418040273,0.0337196044843564,0.5074424418040273,0.5030478088031664,0.0408945808614465,0.1829411764705882,0.2155405723142774,0.0469106686980314,0.1829411764705882,0.5074424418040273,False,,,N100_drop0.50_s0.20_c0.05,1.0,0.0,0.0,False,False,1.0068271698186462,1.0170734897113791,-0.0865463796488441,-0.1149304575594595,False,,
2026-10-06,AGI,INE415A01038,786.4,786.4,126352434.8690476,1572.8,0.3440106997649185,0.0468821179698527,0.202048599776301,0.2320338672069911,0.1816626915175522,0.1023450811560164,0.0349621365832141,0.0465558168990916,0.0593457146728358,0.0349621365832141,0.5259397425446567,0.0701567659331166,0.5259397425446567,0.477706602350133,0.0680191856767014,0.1732057416267942,0.202048599776301,0.0468821179698527,0.1732057416267942,0.5259397425446567,False,,,N100_drop0.50_s0.20_c0.05,1.0,0.0,0.0,False,False,1.0068271698186462,1.0170734897113791,-0.0865463796488441,-0.1149304575594595,False,,
2026-10-06,THELEELA,INE0AQ201015,582.7,582.7,264833383.04841268,1165.4,0.343642764818966,0.0467952408600694,0.141299081315975,0.331178663189078,0.1929150481690833,0.0716625959729083,0.0348925930130477,0.0464482427468833,0.0592411664588279,0.0348925930130477,0.5039179348900823,0.0406629337850543,0.5039179348900823,0.4443048866249532,0.0516416298564548,0.1648675171736997,0.141299081315975,0.0467952408600694,0.1648675171736997,0.5039179348900823,False,,,N100_drop0.50_s0.20_c0.05,1.0,0.0,0.0,False,False,1.0068271698186462,1.0170734897113791,-0.0865463796488441,-0.1149304575594595,False,,
2026-10-06,NACLIND,INE295D01020,136.63,136.63,199980942.0169841,273.26,0.3428812692507252,0.0466157816026286,0.2460404199088479,0.1894639166194669,0.1743885360517423,0.0164047608936124,0.0347489737862115,0.0462489830477848,0.0590251679437532,0.0347489737862115,0.4974723674385121,0.0514922110005228,0.4974723674385121,0.4871876012391765,0.0463678356428676,0.1732057416267942,0.2460404199088479,0.0466157816026286,0.1732057416267942,0.4974723674385121,False,,,N100_drop0.50_s0.20_c0.05,1.0,0.0,0.0,False,False,1.0068271698186462,1.0170734897113791,-0.0865463796488441,-0.1149304575594595,False,,
2026-10-06,CEMPRO,INE686A01026,1159.8,1159.8,573609413.847619,2319.6,0.3426328172576356,0.0465573303896567,0.22081353254003,0.2108445522070377,0.1756765116045901,0.1189590211433295,0.0347023383550401,0.046186634781438,0.0589548049487739,0.0347023383550401,0.4882615304637257,0.0249605008387254,0.4882615304637257,0.4984634059755597,0.029445782994285,0.1829411764705882,0.22081353254003,0.0465573303896567,0.1829411764705882,0.4882615304637257,False,,,N100_drop0.50_s0.20_c0.05,1.0,0.0,0.0,False,False,1.0068271698186462,1.0170734897113791,-0.0865463796488441,-0.1149304575594595,False,,
2026-10-06,ALKYLAMINE,INE150B01039,1962.2,1962.2,330728777.1285714,3924.4,0.3426300108157029,0.0465566704242128,0.1942743806578416,0.2396439008919502,0.1819784028883262,0.1034568960077533,0.0347018134883727,0.0461859308471897,0.0589540104588831,0.0347018134883727,0.5163772595995165,0.0546957647523821,0.5163772595995165,0.4760402418053702,0.0563556883583449,0.1732057416267942,0.1942743806578416,0.0465566704242128,0.1732057416267942,0.5163772595995165,False,,,N100_drop0.50_s0.20_c0.05,1.0,0.0,0.0,False,False,1.0068271698186462,1.0170734897113791,-0.0865463796488441,-0.1149304575594595,False,,
2026-10-06,SAKSOFT,INE667G01023,142.74,142.74,145480062.19809526,285.48,0.342554335973306,0.0465388770382112,0.2218924634946487,0.2097361771790576,0.1728901792566357,0.0250990991942906,0.0346876627296501,0.0461669522868126,0.0589325898950468,0.0346876627296501,0.4766053717285583,0.0286920951199562,0.4766053717285583,0.4726997764881954,0.0173704607543456,0.1732057416267942,0.2218924634946487,0.0465388770382112,0.1732057416267942,0.4766053717285583,False,,,N100_drop0.50_s0.20_c0.05,1.0,0.0,0.0,False,False,1.0068271698186462,1.0170734897113791,-0.0865463796488441,-0.1149304575594595,False,,
2026-10-06,JINDWORLD,INE247D01039,45.39,45.39,1027342643.2522222,90.78,0.3425101211551493,0.0465284829541922,0.2527832244628541,0.1840647576715657,0.1624998058434375,0.0636668332617918,0.0346793966962134,0.0461558661211301,0.0589200767539669,0.0346793966962134,0.5173278989659081,0.0368742908803296,0.5173278989659081,0.5298208340534218,0.0213639641105211,0.1960507757404795,0.2527832244628541,0.0465284829541922,0.1960507757404795,0.5173278989659081,False,,,N100_drop0.50_s0.20_c0.05,1.0,0.0,0.0,False,False,1.0068271698186462,1.0170734897113791,-0.0865463796488441,-0.1149304575594595,False,,
2026-10-06,FINCABLES,INE235A01022,1474.0,1474.0,1518160779.2730155,2948.0,0.3420926319943614,0.0464304161369135,0.1750561074310087,0.2652316266955282,0.1856616135203152,0.0666877775700627,0.0346014148028994,0.0460535211961464,0.0588020087263776,0.0346014148028994,0.5348331206054241,0.0354006130048241,0.5348331206054241,0.5108503446473737,0.0070360079711786,0.1829411764705882,0.1750561074310087,0.0464304161369135,0.1829411764705882,0.5348331206054241,False,,,N100_drop0.50_s0.20_c0.05,1.0,0.0,0.0,False,False,1.0068271698186462,1.0170734897113791,-0.0865463796488441,-0.1149304575594595,False,,
2026-10-06,ARFIN,INE784R01023,96.36,96.36,144828265.35174602,192.72,0.3419865343949029,0.0464055163793953,0.1961436466033387,0.2365894444352878,0.1806314087387247,0.1239031131759705,0.0345816167586142,0.0460310439532484,0.0587720281827394,0.0345816167586142,0.5258836978179289,0.059805344624067,0.5258836978179289,0.4835339424554639,0.0691875925572641,0.1732057416267942,0.1961436466033387,0.0464055163793953,0.1732057416267942,0.5258836978179289,False,,,N100_drop0.50_s0.20_c0.05,1.0,0.0,0.0,False,False,1.0068271698186462,1.0170734897113791,-0.0865463796488441,-0.1149304575594595,False,,
2026-10-06,ADVAIT,INE0ALI01010,1946.9,1946.9,110588525.23968254,3893.8,0.3419617523663936,0.0463997016486316,0.2103578749942948,0.2205750635667435,0.1710405354906295,0.0899079370684228,0.0345769935269473,0.0460257948578939,0.0587650268207237,0.0345769935269473,0.4871112027160774,0.0070134875416968,0.4871112027160774,0.4935566901946333,0.0441511922759906,0.1732057416267942,0.2103578749942948,0.0463997016486316,0.1732057416267942,0.4871112027160774,False,,,N100_drop0.50_s0.20_c0.05,1.0,0.0,0.0,False,False,1.0068271698186462,1.0170734897113791,-0.0865463796488441,-0.1149304575594595,False,,
2026-10-06,NELCO,INE045B01015,924.15,924.15,392221877.623016,1848.3,0.3417883817777498,0.0463590365677592,0.2202838520689374,0.2104513614245824,0.1766286629001088,0.0972475852306611,0.0345446624002325,0.0459896572643708,0.0587160616257371,0.0345446624002325,0.5022815017881407,0.0249190344866197,0.5022815017881407,0.4776331649490897,0.0275171262232153,0.1732057416267942,0.2202838520689374,0.0463590365677592,0.1732057416267942,0.5022815017881407,False,,,N100_drop0.50_s0.20_c0.05,1.0,0.0,0.0,False,False,1.0068271698186462,1.0170734897113791,-0.0865463796488441,-0.1149304575594595,False,,
2026-10-06,BHARATSE,INE415D01024,206.14,206.14,84037197.81031746,412.28,0.3417870507205915,0.0463587244534244,0.1982497316807588,0.2338400363036848,0.1695502643306903,0.0959143118019586,0.0345444142595005,0.0459893825699071,0.0587156857961556,0.0345444142595005,0.4915099831349429,0.0306799330063718,0.4915099831349429,0.4902691204738788,0.0381642880110108,0.1732057416267942,0.1982497316807588,0.0463587244534244,0.1732057416267942,0.4915099831349429,False,,,N100_drop0.50_s0.20_c0.05,1.0,0.0,0.0,False,False,1.0068271698186462,1.0170734897113791,-0.0865463796488441,-0.1149304575594595,False,,
2026-10-06,BEPL,INE922A01025,128.63,128.63,606494104.7446032,257.26,0.3416730043314823,0.0463319874193883,0.1851356906176098,0.2502596191194985,0.1734831402317119,0.1448733646847138,0.0345231579549989,0.0459658505465516,0.0586834900866949,0.0345231579549989,0.5200575096681815,0.0560562519368519,0.5200575096681815,0.4867012847413473,0.0301134604751744,0.1732057416267942,0.1851356906176098,0.0463319874193883,0.1732057416267942,0.5200575096681815,False,,,N100_drop0.50_s0.20_c0.05,1.0,0.0,0.0,False,False,1.0068271698186462,1.0170734897113791,-0.0865463796488441,-0.1149304575594595,False,,
2026-10-06,SARLAPOLY,INE453D01025,96.44,96.44,6407453.206190476,192.88,0.3413648291467378,0.0462597907515277,0.1510637986818457,0.3062268469029772,0.1796963421548152,0.0619993216405012,0.0344657653696301,0.0459011289423524,0.058596548119189,0.0344657653696301,0.5488148695534686,0.0398060462545674,0.5488148695534686,0.5320759065552586,0.0258437980281574,0.1960507757404795,0.1510637986818457,0.0462597907515277,0.1960507757404795,0.5488148695534686,False,,,N100_drop0.50_s0.20_c0.05,1.0,0.0,0.0,False,False,1.0068271698186462,1.0170734897113791,-0.0865463796488441,-0.1149304575594595,False,,
2026-10-06,RAJOOENG,INE535F01024,56.95,56.95,11329133.366190474,113.9,0.341169004358622,0.0462139539306789,0.230121981728227,0.200823726545417,0.1793843992229709,0.108406366444567,0.0344293310838703,0.0458529217205933,0.0585413455007162,0.0344293310838703,0.5055075897535856,0.0726848165315217,0.5055075897535856,0.4361619105399832,0.0634503525529633,0.1578542883492161,0.230121981728227,0.0462139539306789,0.1578542883492161,0.5055075897535856,False,,,N100_drop0.50_s0.20_c0.05,1.0,0.0,0.0,False,False,1.0068271698186462,1.0170734897113791,-0.0865463796488441,-0.1149304575594595,False,,
2026-10-06,VARROC,INE665L01035,814.45,814.45,455967356.17777777,1628.9,0.3411685913038197,0.0462138572789993,0.1804975290156095,0.2560359553454207,0.1746357551005647,0.1368205140884609,0.0344292542613615,0.0458528200735833,0.0585412290968517,0.0344292542613615,0.5227045237764749,0.0622310945344803,0.5227045237764749,0.4849022980835498,0.0370268711102838,0.1732057416267942,0.1804975290156095,0.0462138572789993,0.1732057416267942,0.5227045237764749,False,,,N100_drop0.50_s0.20_c0.05,1.0,0.0,0.0,False,False,1.0068271698186462,1.0170734897113791,-0.0865463796488441,-0.1149304575594595,False,,
2026-10-06,KSL,INE907A01026,942.8,942.8,100020048.00714286,1885.6,0.3409759202605421,0.0461687885364296,0.1866324477721432,0.247378143980603,0.179769889704719,0.099531644291227,0.0343934332286414,0.0458054233380721,0.0584869483231478,0.0343934332286414,0.4995514866335495,0.0572992799828154,0.4995514866335495,0.477377337070241,0.0700640105847854,0.1732057416267942,0.1866324477721432,0.0461687885364296,0.1732057416267942,0.4995514866335495,False,,,N100_drop0.50_s0.20_c0.05,1.0,0.0,0.0,False,False,1.0068271698186462,1.0170734897113791,-0.0865463796488441,-0.1149304575594595,False,,
2026-10-06,DCBBANK,INE503A01015,200.78,200.78,411936683.245873,401.56,0.3406704723482666,0.0460974000885034,0.1666134692820025,0.276672710118538,0.1726119906635492,0.1081756675277363,0.0343366985974084,0.0457297500975125,0.0584009616745861,0.0343366985974084,0.5281561237134055,0.0385106638009509,0.5281561237134055,0.4940207903609291,0.0339360541624907,0.1732057416267942,0.1666134692820025,0.0460974000885034,0.1732057416267942,0.5281561237134055,False,,,N100_drop0.50_s0.20_c0.05,1.0,0.0,0.0,False,False,1.0068271698186462,1.0170734897113791,-0.0865463796488441,-0.1149304575594595,False,,
2026-10-06,AMAGI,INE121R01077,564.15,564.15,488241625.30793655,1128.3,0.3404516624071141,0.046046306040206,0.2029505489070722,0.2268843631523748,0.1747312725820802,0.1325695753721593,0.0342960967295574,0.0456624372129535,0.0583394145737689,0.0342960967295574,0.4992800955479277,0.0341865724410236,0.4992800955479277,0.4895599487934656,0.0291281498709604,0.1732057416267942,0.2029505489070722,0.046046306040206,0.1732057416267942,0.4992800955479277,False,,,N100_drop0.50_s0.20_c0.05,1.0,0.0,0.0,False,False,1.0068271698186462,1.0170734897113791,-0.0865463796488441,-0.1149304575594595,False,,
2026-10-06,DJML,INE0B1K01014,73.87,73.87,32066617.90095238,147.74,0.3404060292904504,0.0460356551001307,0.2439138109386556,0.1887373860585071,0.1878530228092743,0.1362796785366881,0.0342876334021491,0.0456484087898067,0.0583265841062522,0.0342876334021491,0.4960435130591267,0.0214455457227059,0.4960435130591267,0.5049447616702176,0.0421709954497126,0.1829411764705882,0.2439138109386556,0.0460356551001307,0.1829411764705882,0.4960435130591267,False,,,N100_drop0.50_s0.20_c0.05,1.0,0.0,0.0,False,False,1.0068271698186462,1.0170734897113791,-0.0865463796488441,-0.1149304575594595,False,,
2026-10-06,AEROENTER,INE065D01027,132.56,132.56,102492448.55095236,265.12,0.3402195390420696,0.0459921447680705,0.2661708709809838,0.1727918032449026,0.1695260439201608,0.1008196868720853,0.0342530612948223,0.0455911134351838,0.0582741683228533,0.0342530612948223,0.5166626011997499,0.072881092806965,0.5166626011997499,0.5093792412690696,0.0680445220418853,0.1829411764705882,0.2661708709809838,0.0459921447680705,0.1829411764705882,0.5166626011997499,False,,,N100_drop0.50_s0.20_c0.05,1.0,0.0,0.0,False,False,1.0068271698186462,1.0170734897113791,-0.0865463796488441,-0.1149304575594595,False,,
2026-10-06,RKFORGE,INE399G01023,732.65,732.65,948484239.5968254,1465.3,0.3401091296752626,0.045966397996584,0.1662312155742384,0.276520855832012,0.1854231590810723,0.1024575371859672,0.0342326048116698,0.0455572189031111,0.0582431504627186,0.0342326048116698,0.5080449479559064,0.0507868549038534,0.5080449479559064,0.4519263329765788,0.0463035196318015,0.171875,0.1662312155742384,0.045966397996584,0.171875,0.5080449479559064,False,,,N100_drop0.50_s0.20_c0.05,1.0,0.0,0.0,False,False,1.0068271698186462,1.0170734897113791,-0.0865463796488441,-0.1149304575594595,False,,
2026-10-06,DREDGECORP,INE506A01018,909.0,909.0,141829012.85634923,1818.0,0.3400035088152134,0.0459417769265211,0.2145987477267145,0.2140822228143972,0.1659226650526289,0.0571513426359504,0.0342130435556313,0.0455303868233219,0.0582134878040961,0.0342130435556313,0.5064609794972674,0.0244344144259998,0.5064609794972674,0.4955830513076248,0.0213846763965548,0.1732057416267942,0.2145987477267145,0.0459417769265211,0.1732057416267942,0.5064609794972674,False,,,N100_drop0.50_s0.20_c0.05,1.0,0.0,0.0,False,False,1.0068271698186462,1.0170734897113791,-0.0865463796488441,-0.1149304575594595,False,,
2026-10-06,KOLTEPATIL,INE094I01018,433.55,433.55,169243298.7230159,867.1,0.3399689441777505,0.0459337215537436,0.1831004906649658,0.2508661849398994,0.169459548273736,0.1220948038650431,0.0342066437979776,0.0455218031133403,0.0582037827504707,0.0342066437979776,0.5086415318577062,0.0271889704081729,0.5086415318577062,0.496973131045695,0.0324567871109317,0.1829411764705882,0.1831004906649658,0.0459337215537436,0.1829411764705882,0.5086415318577062,False,,,N100_drop0.50_s0.20_c0.05,1.0,0.0,0.0,False,False,1.0068271698186462,1.0170734897113791,-0.0865463796488441,-0.1149304575594595,False,,
2026-10-06,COMSYN,INE073V01015,263.0,263.0,230894411.4852381,526.0,0.3398245442570461,0.045900079045949,0.2380424612489484,0.1928230736866145,0.1665949297236723,0.0677415060548528,0.0341799167483362,0.0454859552356026,0.0581632494158385,0.0341799167483362,0.5591303652551664,0.0530195167252379,0.5591303652551664,0.543930347623068,0.0464936796287176,0.2183449651046859,0.2380424612489484,0.045900079045949,0.2183449651046859,0.5591303652551664,False,,,N100_drop0.50_s0.20_c0.05,1.0,0.0,0.0,False,False,1.0068271698186462,1.0170734897113791,-0.0865463796488441,-0.1149304575594595,False,,
2026-10-06,JAMNAAUTO,INE039C01032,144.21,144.21,325973881.7977778,288.42,0.3395579023477729,0.0458379998424004,0.1898629146831997,0.2414268206030886,0.1896476217606034,0.1006265950636385,0.0341306023407115,0.0454198115548992,0.0580884502204068,0.0341306023407115,0.5057388815240061,0.065154225878834,0.5057388815240061,0.4419661592175446,0.0657767850379525,0.1648675171736997,0.1898629146831997,0.0458379998424004,0.1648675171736997,0.5057388815240061,False,,,N100_drop0.50_s0.20_c0.05,1.0,0.0,0.0,False,False,1.0068271698186462,1.0170734897113791,-0.0865463796488441,-0.1149304575594595,False,,
2026-10-06,ENGINERSIN,INE510A01028,313.3,313.3,1264609603.919524,626.6,0.3395161156854646,0.0458282762323556,0.192103458028746,0.2385603918982968,0.1944644994151251,0.0929159654400844,0.0341228785772095,0.0454094519049635,0.0580767337054692,0.0341228785772095,0.4871449258240518,0.0345478030849882,0.4871449258240518,0.4259433757667361,0.0694058796989533,0.1578542883492161,0.192103458028746,0.0458282762323556,0.1578542883492161,0.4871449258240518,False,,,N100_drop0.50_s0.20_c0.05,1.0,0.0,0.0,False,False,1.0068271698186462,1.0170734897113791,-0.0865463796488441,-0.1149304575594595,False,,
2026-10-06,STYLEBAAZA,INE01FR01028,375.45,375.45,413689221.24365085,750.9,0.339451131254485,0.0458131573288514,0.219506092835778,0.2087101853848143,0.1720450364517222,0.1286830953883433,0.0341108694168894,0.0453933443619912,0.0580585158111332,0.0341108694168894,0.5283930703639569,0.0366376805122781,0.5283930703639569,0.486553079820491,0.0389648084467757,0.1732057416267942,0.219506092835778,0.0458131573288514,0.1732057416267942,0.5283930703639569,False,,,N100_drop0.50_s0.20_c0.05,1.0,0.0,0.0,False,False,1.0068271698186462,1.0170734897113791,-0.0865463796488441,-0.1149304575594595,False,,
2026-10-06,WANBURY,INE107F01022,197.87,197.87,141446791.03460318,395.74,0.3394473509255417,0.045812277922158,0.2752945804491588,0.1664118408993476,0.1701629590105611,0.0922903956420276,0.0341101709010446,0.04539240746193,0.0580574561374776,0.0341101709010446,0.4923303952989047,0.0070498308501856,0.4923303952989047,0.4898444968750402,0.0074251910268446,0.1732057416267942,0.2752945804491588,0.045812277922158,0.1732057416267942,0.4923303952989047,False,,,N100_drop0.50_s0.20_c0.05,1.0,0.0,0.0,False,False,1.0068271698186462,1.0170734897113791,-0.0865463796488441,-0.1149304575594595,False,,
2026-10-06,TERASOFT,INE482B01010,237.77,237.77,8698017.40952381,475.54,0.3392930896199196,0.0457764022177001,0.3293965543715728,0.1389704950163578,0.172962698543879,0.0979177052289875,0.0340816755846445,0.04535418740848,0.0580142253526599,0.0340816755846445,0.5048388702253861,0.013275483046092,0.5048388702253861,0.4732717920638862,0.0181317277997225,0.1732057416267942,0.3293965543715728,0.0457764022177001,0.1732057416267942,0.5048388702253861,False,,,N100_drop0.50_s0.20_c0.05,1.0,0.0,0.0,False,False,1.0068271698186462,1.0170734897113791,-0.0865463796488441,-0.1149304575594595,False,,
2026-10-06,ASHIANA,INE365D01021,382.95,382.95,74286914.9063492,765.9,0.3392547357524731,0.0457674853912818,0.1601509718453478,0.285777131814585,0.1724705365753479,0.0866472865742269,0.0340745934045894,0.0453446882366221,0.0580034801264247,0.0340745934045894,0.5002000421454192,0.0319082873094711,0.5002000421454192,0.4841833319253606,0.0515497010578234,0.1732057416267942,0.1601509718453478,0.0457674853912818,0.1732057416267942,0.5002000421454192,False,,,N100_drop0.50_s0.20_c0.05,1.0,0.0,0.0,False,False,1.0068271698186462,1.0170734897113791,-0.0865463796488441,-0.1149304575594595,False,,
2026-10-06,SGFIN,INE618R01015,662.15,662.15,334820246.45873016,1324.3,0.339007422468992,0.0457100158668404,0.1806899873331756,0.2529748136102049,0.1744194786241505,0.1110877056545437,0.0340289508499946,0.0452834686823631,0.0579342234744157,0.0340289508499946,0.5265515919805005,0.0595197266408778,0.5265515919805005,0.5058963229975509,0.0656935443712582,0.1829411764705882,0.1806899873331756,0.0457100158668404,0.1829411764705882,0.5265515919805005,False,,,N100_drop0.50_s0.20_c0.05,1.0,0.0,0.0,False,False,1.0068271698186462,1.0170734897113791,-0.0865463796488441,-0.1149304575594595,False,,
2026-10-06,MSTCLTD,INE255X01014,714.3,714.3,236358589.7230159,1428.6,0.3389059638339182,0.0456864533560189,0.2026811500045502,0.2254104703619119,0.1739650303718815,0.1325168698982761,0.0340102386772587,0.045258370273672,0.0579058267519264,0.0340102386772587,0.5227573608580917,0.0726204414750579,0.5227573608580917,0.4994274208916818,0.058381980430395,0.1829411764705882,0.2026811500045502,0.0456864533560189,0.1829411764705882,0.5227573608580917,False,,,N100_drop0.50_s0.20_c0.05,1.0,0.0,0.0,False,False,1.0068271698186462,1.0170734897113791,-0.0865463796488441,-0.1149304575594595,False,,
2026-10-06,GOODLUCK,INE127I01024,491.3,491.3,352346157.22619045,982.6,0.338729051168146,0.0456453870254943,0.188827735313691,0.2417303101669132,0.1816732761155796,0.0978335559253663,0.0339776276218713,0.0452146293236262,0.0578552446758847,0.0339776276218713,0.5127100791333538,0.0630973016581104,0.5127100791333538,0.4743544915760379,0.0603285049711093,0.1732057416267942,0.188827735313691,0.0456453870254943,0.1732057416267942,0.5127100791333538,False,,,N100_drop0.50_s0.20_c0.05,1.0,0.0,0.0,False,False,1.0068271698186462,1.0170734897113791,-0.0865463796488441,-0.1149304575594595,False,,
2026-10-06,GUJTHEM,INE942C01045,390.0,390.0,145929213.10000002,780.0,0.3386454861972572,0.0456259978708704,0.2165712248436408,0.2106743308295519,0.1733844468974279,0.135254718767584,0.0339622313470526,0.0451939783607206,0.0578294173689161,0.0339622313470526,0.5108589479376419,0.057556389982439,0.5108589479376419,0.4951077572340048,0.0707553950580691,0.1732057416267942,0.2165712248436408,0.0456259978708704,0.1732057416267942,0.5108589479376419,False,,,N100_drop0.50_s0.20_c0.05,1.0,0.0,0.0,False,False,1.0068271698186462,1.0170734897113791,-0.0865463796488441,-0.1149304575594595,False,,
2026-10-06,SAREGAMA,INE979A01025,503.7,503.7,322575632.30079365,1007.4,0.3384651403979525,0.0455841719257541,0.1572237174842302,0.2899319050277914,0.177326949560564,0.0600380113644777,0.0339290204904584,0.0451494326354014,0.0577737044542535,0.0339290204904584,0.5400084087591122,0.0607978501232904,0.5400084087591122,0.5030767824730668,0.0475926522561379,0.1829411764705882,0.1572237174842302,0.0455841719257541,0.1829411764705882,0.5400084087591122,False,,,N100_drop0.50_s0.20_c0.05,1.0,0.0,0.0,False,False,1.0068271698186462,1.0170734897113791,-0.0865463796488441,-0.1149304575594595,False,,
2026-10-06,ALEMBICLTD,INE426A01027,104.99,104.99,131293636.40492064,209.98,0.3383739771523181,0.0455630390293042,0.1666301690380491,0.2734381132320652,0.1692537404722615,0.1062545299688501,0.0339122413301936,0.0451269266766947,0.0577455557307326,0.0339122413301936,0.5245665203430635,0.03886127517166,0.5245665203430635,0.4910430304168172,0.0379996668788133,0.1732057416267942,0.1666301690380491,0.0455630390293042,0.1732057416267942,0.5245665203430635,False,,,N100_drop0.50_s0.20_c0.05,1.0,0.0,0.0,False,False,1.0068271698186462,1.0170734897113791,-0.0865463796488441,-0.1149304575594595,False,,
2026-10-06,SURAJEST,INE843S01025,205.53,205.53,35117768.94269842,411.06,0.3383268227547662,0.0455521105604826,0.254038334656327,0.1793119555050906,0.178180988757339,0.1028253114172387,0.0339035645471601,0.0451152884526688,0.0577309993409102,0.0339035645471601,0.4290989398042595,0.0579759960350897,0.4290989398042595,0.4187495278797771,0.0669671493061125,0.1578542883492161,0.254038334656327,0.0455521105604826,0.1578542883492161,0.4290989398042595,False,,,N100_drop0.50_s0.20_c0.05,1.0,0.0,0.0,False,False,1.0068271698186462,1.0170734897113791,-0.0865463796488441,-0.1149304575594595,False,,
2026-10-06,DWARKESH,INE366A01041,46.86,46.86,176068845.17031744,93.72,0.3382411592875255,0.0455322617400576,0.2302712227757776,0.1977331825974358,0.1705948921567317,0.1250390236040257,0.0338878057591079,0.0450941510587942,0.0577045616238004,0.0338878057591079,0.4914388587803359,0.0426434746221826,0.4914388587803359,0.4764027011440917,0.0454799370381712,0.1732057416267942,0.2302712227757776,0.0455322617400576,0.1732057416267942,0.4914388587803359,False,,,N100_drop0.50_s0.20_c0.05,1.0,0.0,0.0,False,False,1.0068271698186462,1.0170734897113791,-0.0865463796488441,-0.1149304575594595,False,,
2026-10-06,SUDARSCHEM,INE659A01023,1238.6,1238.6,453125978.8317461,2477.2,0.3380426192581238,0.0454862808560928,0.1594867255871343,0.2852041804020969,0.1719733245956672,0.0672762042494626,0.0338513016940033,0.0450451876953213,0.0576433187418847,0.0338513016940033,0.5118836535776227,0.022563174355287,0.5118836535776227,0.4982742482322375,0.0144161496637157,0.1829411764705882,0.1594867255871343,0.0454862808560928,0.1829411764705882,0.5118836535776227,False,,,N100_drop0.50_s0.20_c0.05,1.0,0.0,0.0,False,False,1.0068271698186462,1.0170734897113791,-0.0865463796488441,-0.1149304575594595,False,,
2026-10-06,BALUFORGE,INE011E01029,526.95,526.95,776727565.4960318,1053.9,0.3379554257686485,0.0454660970836177,0.2168331215939819,0.2096824357339309,0.1701860512210481,0.1514909303408243,0.0338352787644403,0.0450236958688032,0.0576164362434549,0.0338352787644403,0.4814002105569767,0.0175227488713507,0.4814002105569767,0.4732493341721693,0.0176503011787965,0.1732057416267942,0.2168331215939819,0.0454660970836177,0.1732057416267942,0.4814002105569767,False,,,N100_drop0.50_s0.20_c0.05,1.0,0.0,0.0,False,False,1.0068271698186462,1.0170734897113791,-0.0865463796488441,-0.1149304575594595,False,,
2026-10-06,ARTEMISMED,INE025R01021,318.35,318.35,249495661.65079364,636.7,0.3375148747606838,0.0453642086338442,0.2021695293277815,0.2243869725802959,0.1766890408893268,0.1337600858694653,0.033754402775828,0.0449161337200457,0.0574951448351646,0.033754402775828,0.5078647219287479,0.076556672924236,0.5078647219287479,0.4628965889493409,0.0581398955809978,0.1732057416267942,0.2021695293277815,0.0453642086338442,0.1732057416267942,0.5078647219287479,False,,,N100_drop0.50_s0.20_c0.05,1.0,0.0,0.0,False,False,1.0068271698186462,1.0170734897113791,-0.0865463796488441,-0.1149304575594595,False,,
2026-10-06,AJAXENGG,INE274Y01021,585.85,585.85,61528569.84841269,1171.7,0.3374793548892196,0.0453560004191484,0.1840234289921719,0.2464686190641402,0.1800631299072883,0.1240477292188124,0.0337478879501478,0.0449077250852865,0.0574871732112778,0.0337478879501478,0.4880009005112044,0.0513923482531646,0.4880009005112044,0.455791048084722,0.0710412144624285,0.1732057416267942,0.1840234289921719,0.0453560004191484,0.1732057416267942,0.4880009005112044,False,,,N100_drop0.50_s0.20_c0.05,1.0,0.0,0.0,False,False,1.0068271698186462,1.0170734897113791,-0.0865463796488441,-0.1149304575594595,False,,
2026-10-06,FOODSIN,INE976E01023,50.78,50.78,5388459.750952381,101.56,0.3371156421821155,0.045272007788602,0.2801556619068295,0.1615959052209267,0.167664949123451,0.122602839826917,0.0336812285691931,0.0448178733059975,0.0574055823973575,0.0336812285691931,0.4383796396316183,0.0464684302189548,0.4383796396316183,0.4375619979184739,0.0464739790331575,0.1578542883492161,0.2801556619068295,0.045272007788602,0.1578542883492161,0.4383796396316183,False,,,N100_drop0.50_s0.20_c0.05,1.0,0.0,0.0,False,False,1.0068271698186462,1.0170734897113791,-0.0865463796488441,-0.1149304575594595,False,,
2026-10-06,INDIQUBE,INE06ST01018,197.32,197.32,16902140.51793651,394.64,0.3368534016734542,0.0452115126389193,0.1701022115841248,0.2657902693790653,0.1691244435120477,0.1252188279905545,0.0336332234753277,0.044753058505306,0.0573369122163704,0.0336332234753277,0.5143328526484549,0.0437309715657803,0.5143328526484549,0.4939886411371874,0.0395094440306308,0.1732057416267942,0.1701022115841248,0.0452115126389193,0.1732057416267942,0.5143328526484549,False,,,N100_drop0.50_s0.20_c0.05,1.0,0.0,0.0,False,False,1.0068271698186462,1.0170734897113791,-0.0865463796488441,-0.1149304575594595,False,,
2026-10-06,HFCL,INE548A01028,262.78,262.78,3706074364.00254,525.56,0.3366467482888038,0.0451638786095495,0.2576917648488684,0.1752631817164875,0.2068920936352508,0.2179812383926552,0.0335954276234335,0.044702028220535,0.0572803686812705,0.0335954276234335,0.4450400516138724,0.1460720669420065,0.4450400516138724,0.4574025238318168,0.1339842576649847,0.1732057416267942,0.2576917648488684,0.0451638786095495,0.1732057416267942,0.4450400516138724,False,,,N100_drop0.50_s0.20_c0.05,1.0,0.0,0.0,False,False,1.0068271698186462,1.0170734897113791,-0.0865463796488441,-0.1149304575594595,False,,
2026-10-06,HMAAGRO,INE0ECP01024,24.56,24.56,61382608.26492064,49.12,0.3363629508537336,0.0450985171965903,0.233980831792137,0.1927444947142285,0.1808535901343547,0.1667614289307281,0.0335435707339025,0.0446320138570822,0.0572027750403194,0.0335435707339025,0.4449959054259869,0.0642312648646067,0.4449959054259869,0.4229662561368927,0.0834986017085053,0.1578542883492161,0.233980831792137,0.0450985171965903,0.1578542883492161,0.4449959054259869,False,,,N100_drop0.50_s0.20_c0.05,1.0,0.0,0.0,False,False,1.0068271698186462,1.0170734897113791,-0.0865463796488441,-0.1149304575594595,False,,
2026-10-06,QUADFUTURE,INE0LRY01011,547.4,547.4,584407652.7761905,1094.8,0.336171081395441,0.0450543634145113,0.2750469786509271,0.1638060655510475,0.1857645749708663,0.0625078876950813,0.0335049652342379,0.0445880128308714,0.0571503534125532,0.0335049652342379,0.5076833973688494,0.0414067136149796,0.5076833973688494,0.4704505207564777,0.042942324357664,0.1732057416267942,0.2750469786509271,0.0450543634145113,0.1732057416267942,0.5076833973688494,False,,,N100_drop0.50_s0.20_c0.05,1.0,0.0,0.0,False,False,1.0068271698186462,1.0170734897113791,-0.0865463796488441,-0.1149304575594595,False,,
2026-10-06,JINDALSAW,INE324A01032,282.4,282.4,623548949.3031747,564.8,0.3361497981891627,0.0450494674092324,0.1882214389241311,0.2393429126178932,0.1731775451149005,0.1088511176759515,0.0335006738817748,0.0445833059802579,0.057144540397427,0.0335006738817748,0.5112360600204363,0.0259495749527871,0.5112360600204363,0.4796688596837362,0.024203258004208,0.1732057416267942,0.1882214389241311,0.0450494674092324,0.1732057416267942,0.5112360600204363,False,,,N100_drop0.50_s0.20_c0.05,1.0,0.0,0.0,False,False,1.0068271698186462,1.0170734897113791,-0.0865463796488441,-0.1149304575594595,False,,
2026-10-06,ASTRAMICRO,INE386C01029,1705.9,1705.9,768207569.7920634,3411.8,0.3358941371872617,0.044990682608201,0.1832646136444707,0.2454957436326576,0.1772441097524951,0.1007170060244492,0.03344915570615,0.0445286101080903,0.0570747418006565,0.03344915570615,0.5003130268807621,0.0347440324051517,0.5003130268807621,0.4749107793922889,0.039299172936745,0.1732057416267942,0.1832646136444707,0.044990682608201,0.1732057416267942,0.5003130268807621,False,,,N100_drop0.50_s0.20_c0.05,1.0,0.0,0.0,False,False,1.0068271698186462,1.0170734897113791,-0.0865463796488441,-0.1149304575594595,False,,
2026-10-06,MANORAMA,INE00VM01036,1985.6,1985.6,822021689.4206349,3971.2,0.3358066182550033,0.0449705708771355,0.1847784302821508,0.2433756516302627,0.1708947200779319,0.1462520379471085,0.0334315329288442,0.0445105765722546,0.0570508604744736,0.0334315329288442,0.513734805464001,0.0486501267998547,0.513734805464001,0.4792001544872834,0.0262999292625851,0.1732057416267942,0.1847784302821508,0.0449705708771355,0.1732057416267942,0.513734805464001,False,,,N100_drop0.50_s0.20_c0.05,1.0,0.0,0.0,False,False,1.0068271698186462,1.0170734897113791,-0.0865463796488441,-0.1149304575594595,False,,
2026-10-06,ACMESOLAR,INE622W01025,448.2,448.2,902011369.2722222,896.4,0.3355884236279058,0.044920456072312,0.1616651941122436,0.277861022089417,0.18842177835751,0.1024765562581823,0.0333876265000425,0.0444616200552307,0.0569910198818425,0.0333876265000425,0.4955875875595201,0.0177434588893831,0.4955875875595201,0.4460220252027134,0.054702696738407,0.1648675171736997,0.1616651941122436,0.044920456072312,0.1648675171736997,0.4955875875595201,False,,,N100_drop0.50_s0.20_c0.05,1.0,0.0,0.0,False,False,1.0068271698186462,1.0170734897113791,-0.0865463796488441,-0.1149304575594595,False,,
2026-10-06,INDOCO,INE873D01024,247.15,247.15,283373601.8674603,494.3,0.3353568931396612,0.0448673188877191,0.2550845208387737,0.1758919700034545,0.1743294644683949,0.0915388462742312,0.0333410820231662,0.0444072044311936,0.0569270135882294,0.0333410820231662,0.4773876411155774,0.0391484436535051,0.4773876411155774,0.4672842186149132,0.0485832367546252,0.1732057416267942,0.2550845208387737,0.0448673188877191,0.1732057416267942,0.4773876411155774,False,,,N100_drop0.50_s0.20_c0.05,1.0,0.0,0.0,False,False,1.0068271698186462,1.0170734897113791,-0.0865463796488441,-0.1149304575594595,False,,
2026-10-06,KCPSUGIND,INE790B01024,24.43,24.43,12675319.85079365,48.86,0.3351088807900476,0.0448104453728592,0.2205107767942241,0.2032120426235468,0.1695779597321114,0.1107071067996969,0.0332912760924853,0.0443489649994685,0.0568585016119023,0.0332912760924853,0.5351664735751939,0.0357844198079626,0.5351664735751939,0.511440864467865,0.0569714729340291,0.1829411764705882,0.2205107767942241,0.0448104453728592,0.1829411764705882,0.5351664735751939,False,,,N100_drop0.50_s0.20_c0.05,1.0,0.0,0.0,False,False,1.0068271698186462,1.0170734897113791,-0.0865463796488441,-0.1149304575594595,False,,
2026-10-06,RICOAUTO,INE209B01025,121.83,121.83,237819840.7526984,243.66,0.33439458312079,0.0446469119028894,0.2120206181071301,0.2105781612254812,0.1684630211292524,0.124818944451336,0.0331481299425804,0.0441739569550245,0.0566771147564845,0.0331481299425804,0.493302474327206,0.0311190154553844,0.493302474327206,0.4844497668384874,0.0369937279225426,0.1732057416267942,0.2120206181071301,0.0446469119028894,0.1732057416267942,0.493302474327206,False,,,N100_drop0.50_s0.20_c0.05,1.0,0.0,0.0,False,False,1.0068271698186462,1.0170734897113791,-0.0865463796488441,-0.1149304575594595,False,,
2026-10-06,BFINVEST,INE878K01010,441.35,441.35,79390558.22619049,882.7,0.3342483120844545,0.0446134730533267,0.1687167154125234,0.2644282929776332,0.1658347873863469,0.1189904245780493,0.0331188717773274,0.0441381492094158,0.0566442906337262,0.0331188717773274,0.508726811174996,0.0267811609430418,0.508726811174996,0.4990746261434344,0.038386590237969,0.1829411764705882,0.1687167154125234,0.0446134730533267,0.1829411764705882,0.508726811174996,False,,,N100_drop0.50_s0.20_c0.05,1.0,0.0,0.0,False,False,1.0068271698186462,1.0170734897113791,-0.0865463796488441,-0.1149304575594595,False,,
2026-10-06,STERTOOLS,INE334A01023,218.45,218.45,5562112.750634921,436.9,0.3342045005250161,0.0446034605746355,0.2332639284723598,0.1912145648353888,0.1770190587784721,0.0758377670116023,0.0331101118963237,0.0441274278528166,0.0566344611557159,0.0331101118963237,0.4911720618584741,0.0098972835108972,0.4911720618584741,0.4685553926740518,0.0227407922320756,0.1732057416267942,0.2332639284723598,0.0446034605746355,0.1732057416267942,0.4911720618584741,False,,,N100_drop0.50_s0.20_c0.05,1.0,0.0,0.0,False,False,1.0068271698186462,1.0170734897113791,-0.0865463796488441,-0.1149304575594595,False,,
2026-10-06,TVSSCS,INE395N01027,130.67,130.67,191737807.42253965,261.34,0.3341871820431917,0.0445995031043838,0.1520013054334839,0.2934152636202239,0.1727265414303028,0.085453403663723,0.0331066496204728,0.0441231902508478,0.0566305758818011,0.0331066496204728,0.4993931757967016,0.0264863863432985,0.4993931757967016,0.4828572521487133,0.0479385695699297,0.1732057416267942,0.1520013054334839,0.0445995031043838,0.1732057416267942,0.4993931757967016,False,,,N100_drop0.50_s0.20_c0.05,1.0,0.0,0.0,False,False,1.0068271698186462,1.0170734897113791,-0.0865463796488441,-0.1149304575594595,False,,
2026-10-06,PATELRMART,INE0R8B01010,227.01,227.01,22296410.7068254,454.02,0.3340840396287547,0.0445759387057586,0.1587654836546945,0.2807659302239057,0.1718633063416172,0.0676343944068869,0.0330860349901828,0.0440979584782691,0.0566074397810947,0.0330860349901828,0.5075226860234742,0.0158016784836874,0.5075226860234742,0.4945821988837589,0.0384242413821286,0.1732057416267942,0.1587654836546945,0.0445759387057586,0.1732057416267942,0.5075226860234742,False,,,N100_drop0.50_s0.20_c0.05,1.0,0.0,0.0,False,False,1.0068271698186462,1.0170734897113791,-0.0865463796488441,-0.1149304575594595,False,,
2026-10-06,BAJAJHIND,INE306A01021,21.33,21.33,657186067.2331747,42.66,0.3337109244436508,0.0444907639184231,0.2106307874802016,0.2112263095565033,0.1697757299323088,0.1246014209962532,0.0330115391344813,0.0440152916434991,0.0565034241990431,0.0330115391344813,0.5003396569996764,0.0255594925005551,0.5003396569996764,0.4854117808934948,0.034758578579458,0.1732057416267942,0.2106307874802016,0.0444907639184231,0.1732057416267942,0.5003396569996764,False,,,N100_drop0.50_s0.20_c0.05,1.0,0.0,0.0,False,False,1.0068271698186462,1.0170734897113791,-0.0865463796488441,-0.1149304575594595,False,,
2026-10-06,SERVOTECH,INE782X01033,72.06,72.06,55742894.67301588,144.12,0.3334897034359498,0.0444403144550715,0.2357797288929552,0.1884823375772374,0.1707131969634016,0.0772712232821667,0.0329674273055946,0.0439689129271031,0.0564386590414186,0.0329674273055946,0.4771106461001769,0.0118813862809523,0.4771106461001769,0.4634919246816418,0.0392125745059334,0.1732057416267942,0.2357797288929552,0.0444403144550715,0.1732057416267942,0.4771106461001769,False,,,N100_drop0.50_s0.20_c0.05,1.0,0.0,0.0,False,False,1.0068271698186462,1.0170734897113791,-0.0865463796488441,-0.1149304575594595,False,,
2026-10-06,GULPOLY,INE255D01024,167.92,167.92,107622526.22349206,335.84,0.3332573272685677,0.0443873618193596,0.1779861631979395,0.2493865872595735,0.1698824215993364,0.1489854651471444,0.032921136734217,0.0439157990958368,0.0563706804015901,0.032921136734217,0.4693774721904702,0.0149706721617383,0.4693774721904702,0.4706015287960133,0.0403001809237898,0.1732057416267942,0.1779861631979395,0.0443873618193596,0.1732057416267942,0.4693774721904702,False,,,N100_drop0.50_s0.20_c0.05,1.0,0.0,0.0,False,False,1.0068271698186462,1.0170734897113791,-0.0865463796488441,-0.1149304575594595,False,,
2026-10-06,PYRAMID,INE0MIS01010,159.71,159.71,25843891.55650793,319.42,0.3327890656340811,0.0442807835947887,0.1972628176644903,0.2244760777477215,0.1666471106494387,0.1314124691423611,0.0328279983096038,0.0438067030375556,0.0562338592142165,0.0328279983096038,0.4798169579828436,0.0322649764555116,0.4798169579828436,0.4635919505099641,0.0373510177831696,0.1732057416267942,0.1972628176644903,0.0442807835947887,0.1732057416267942,0.4798169579828436,False,,,N100_drop0.50_s0.20_c0.05,1.0,0.0,0.0,False,False,1.0068271698186462,1.0170734897113791,-0.0865463796488441,-0.1149304575594595,False,,
2026-10-06,CENTENKA,INE485A01015,566.6,566.6,209819952.8047619,1133.2,0.3327210414887227,0.0442653151040811,0.1581984991937892,0.2798086917996437,0.1692222239921738,0.122643600231105,0.032814483883321,0.0437908698536654,0.0562140013388305,0.032814483883321,0.537381637109548,0.0627853081555824,0.537381637109548,0.497039528780786,0.0422084277093859,0.1829411764705882,0.1581984991937892,0.0442653151040811,0.1829411764705882,0.537381637109548,False,,,N100_drop0.50_s0.20_c0.05,1.0,0.0,0.0,False,False,1.0068271698186462,1.0170734897113791,-0.0865463796488441,-0.1149304575594595,False,,
2026-10-06,WELENT,INE625G01013,718.3,718.3,433984387.1849206,1436.6,0.3327202360675052,0.0442651319750415,0.2021940847063473,0.2189239711900035,0.1692932820711609,0.1134416321178658,0.0328143238933801,0.0437906824082031,0.0562137662445563,0.0328143238933801,0.5276018349795956,0.0345072264863334,0.5276018349795956,0.4754681196575324,0.0255379484515256,0.1732057416267942,0.2021940847063473,0.0442651319750415,0.1732057416267942,0.5276018349795956,False,,,N100_drop0.50_s0.20_c0.05,1.0,0.0,0.0,False,False,1.0068271698186462,1.0170734897113791,-0.0865463796488441,-0.1149304575594595,False,,
2026-10-06,VENKEYS,INE398A01010,1694.8,1694.8,147284442.57619047,3389.6,0.3324402306438425,0.0442014973044457,0.1548241471223185,0.2854948541684809,0.1781159789228511,0.1124314618948652,0.0327587371441636,0.0437255494353806,0.0561320744185783,0.0327587371441636,0.5046601366929316,0.0470803000474457,0.5046601366929316,0.4621804875678383,0.0622112250471099,0.1732057416267942,0.1548241471223185,0.0442014973044457,0.1732057416267942,0.5046601366929316,False,,,N100_drop0.50_s0.20_c0.05,1.0,0.0,0.0,False,False,1.0068271698186462,1.0170734897113791,-0.0865463796488441,-0.1149304575594595,False,,
2026-10-06,MANINFRA,INE949H01023,123.24,123.24,248813299.60952383,246.48,0.3320371542540531,0.0441099992819686,0.2040746079743179,0.216146436442106,0.1747597540604783,0.1432311966833417,0.0326788369061006,0.0436319026281162,0.0560217726608581,0.0326788369061006,0.5059939819382567,0.0525906830679273,0.5059939819382567,0.479693224595888,0.0682713527847188,0.1732057416267942,0.2040746079743179,0.0441099992819686,0.1732057416267942,0.5059939819382567,False,,,N100_drop0.50_s0.20_c0.05,1.0,0.0,0.0,False,False,1.0068271698186462,1.0170734897113791,-0.0865463796488441,-0.1149304575594595,False,,
2026-10-06,KIRIINDUS,INE415I01015,564.1,564.1,496682710.90952384,1128.2,0.3320297167910759,0.0441083121585447,0.2366629963989939,0.1863760403176078,0.1723332237572379,0.0920347755160899,0.0326773639209858,0.0436301759452289,0.0560197663494761,0.0326773639209858,0.4828642683394599,0.0223721622516726,0.4828642683394599,0.4707567734295942,0.0446591581228893,0.1732057416267942,0.2366629963989939,0.0441083121585447,0.1732057416267942,0.4828642683394599,False,,,N100_drop0.50_s0.20_c0.05,1.0,0.0,0.0,False,False,1.0068271698186462,1.0170734897113791,-0.0865463796488441,-0.1149304575594595,False,,
2026-10-06,TNPETRO,INE148A01019,126.03,126.03,193802362.64412695,252.06,0.3319631845594053,0.0440932217962183,0.1986426055835727,0.2219726310308968,0.1699716991503026,0.1361689681023124,0.0326641893682586,0.0436147318455069,0.0560018207880334,0.0326641893682586,0.5387807335567258,0.0730801833578878,0.5387807335567258,0.4921751790933681,0.0702200824170612,0.1732057416267942,0.1986426055835727,0.0440932217962183,0.1732057416267942,0.5387807335567258,False,,,N100_drop0.50_s0.20_c0.05,1.0,0.0,0.0,False,False,1.0068271698186462,1.0170734897113791,-0.0865463796488441,-0.1149304575594595,False,,
2026-10-06,IFBAGRO,INE076C01018,874.15,874.15,5137423.439682541,1748.3,0.3318697550080304,0.0440720365231568,0.2336073117245165,0.1886586348595507,0.1670313882728146,0.0766954746892372,0.0326456950976136,0.0435930502648869,0.0559766263770046,0.0326456950976136,0.4736873745072998,0.0792958853803856,0.4736873745072998,0.440520772611945,0.0478287782246642,0.1578542883492161,0.2336073117245165,0.0440720365231568,0.1578542883492161,0.4736873745072998,False,,,N100_drop0.50_s0.20_c0.05,1.0,0.0,0.0,False,False,1.0068271698186462,1.0170734897113791,-0.0865463796488441,-0.1149304575594595,False,,
2026-10-06,NIBE,INE149O01018,1240.9,1240.9,94420972.7920635,2481.8,0.3317307971279414,0.0440405400524199,0.2543512641207082,0.173148500773794,0.1701786925701673,0.137913996149037,0.0326182024233918,0.0435608165792259,0.0559391678601694,0.0326182024233918,0.4736018193464777,0.0321312343243087,0.4736018193464777,0.4623665034164192,0.0642514915951395,0.1732057416267942,0.2543512641207082,0.0440405400524199,0.1732057416267942,0.4736018193464777,False,,,N100_drop0.50_s0.20_c0.05,1.0,0.0,0.0,False,False,1.0068271698186462,1.0170734897113791,-0.0865463796488441,-0.1149304575594595,False,,
2026-10-06,INNOVACAP,INE0DUT01020,1141.8,1141.8,111847997.3690476,2283.6,0.3316138619985709,0.0440140467971854,0.2016695732528146,0.2182483261468949,0.1729668364186027,0.1370312872012742,0.0325950797792637,0.0435337038208189,0.0559076581486683,0.0325950797792637,0.5182203369472327,0.0783219858913213,0.5182203369472327,0.4861052167306884,0.0747121943376391,0.1732057416267942,0.2016695732528146,0.0440140467971854,0.1732057416267942,0.5182203369472327,False,,,N100_drop0.50_s0.20_c0.05,1.0,0.0,0.0,False,False,1.0068271698186462,1.0170734897113791,-0.0865463796488441,-0.1149304575594595,False,,
2026-10-06,JYOTICNC,INE980O01024,1073.1,1073.1,1108809404.2238097,2146.2,0.3315343486566297,0.0439960379584076,0.2032354219699039,0.2164781981997349,0.1773710153153835,0.1072660568433057,0.0325793635901291,0.0435152741894886,0.0558862385913916,0.0325793635901291,0.4964530546243922,0.0194464447465072,0.4964530546243922,0.4491830896364626,0.0449645480520988,0.1648675171736997,0.2032354219699039,0.0439960379584076,0.1648675171736997,0.4964530546243922,False,,,N100_drop0.50_s0.20_c0.05,1.0,0.0,0.0,False,False,1.0068271698186462,1.0170734897113791,-0.0865463796488441,-0.1149304575594595,False,,
2026-10-06,HUHTAMAKI,INE275B01026,233.45,233.45,341578090.00666666,466.9,0.3311967304501159,0.0439196254372498,0.2076545215491939,0.21150334271361,0.1622889347249684,0.1414082919715333,0.0325126921594128,0.0434327073401257,0.0557953472327696,0.0325126921594128,0.5386483160647896,0.0457223899890299,0.5386483160647896,0.509961603594297,0.0211037680813918,0.1829411764705882,0.2076545215491939,0.0439196254372498,0.1829411764705882,0.5386483160647896,False,,,N100_drop0.50_s0.20_c0.05,1.0,0.0,0.0,False,False,1.0068271698186462,1.0170734897113791,-0.0865463796488441,-0.1149304575594595,False,,
2026-10-06,UNICHEMLAB,INE351A01035,548.1,548.1,285821621.6365079,1096.2,0.3311902375708979,0.0439181567724623,0.2502006169987959,0.1755317684635196,0.1743926951606711,0.0621738976688973,0.0325114109305894,0.0434310170072153,0.0557936001711649,0.0325114109305894,0.506417040151858,0.061522282699768,0.506417040151858,0.4904771392495822,0.0596706393733603,0.1732057416267942,0.2502006169987959,0.0439181567724623,0.1732057416267942,0.506417040151858,False,,,N100_drop0.50_s0.20_c0.05,1.0,0.0,0.0,False,False,1.0068271698186462,1.0170734897113791,-0.0865463796488441,-0.1149304575594595,False,,
2026-10-06,CYIENT,INE136B01020,1119.4,1119.4,912816956.8087302,2238.8,0.3309662553248987,0.0438675126170863,0.1776302017668463,0.246959763490366,0.1770266984799257,0.1324278843995026,0.0324672350061005,0.0433730287699914,0.0557333534708733,0.0324672350061005,0.4899364164370345,0.0308135145477789,0.4899364164370345,0.4558507215417959,0.0482682464477261,0.1732057416267942,0.1776302017668463,0.0438675126170863,0.1732057416267942,0.4899364164370345,False,,,N100_drop0.50_s0.20_c0.05,1.0,0.0,0.0,False,False,1.0068271698186462,1.0170734897113791,-0.0865463796488441,-0.1149304575594595,False,,
2026-10-06,ALIVUS,INE03Q201024,1384.0,1384.0,215305312.4968254,2768.0,0.3306354022126483,0.043792774415562,0.1697439568420318,0.2579931281813865,0.1750840990242314,0.1221201080313023,0.032402059550398,0.0433027042184539,0.0556444352282372,0.032402059550398,0.5246585729114522,0.0766543571214795,0.5246585729114522,0.4758324452749821,0.0689291028068827,0.1732057416267942,0.1697439568420318,0.043792774415562,0.1732057416267942,0.5246585729114522,False,,,N100_drop0.50_s0.20_c0.05,1.0,0.0,0.0,False,False,1.0068271698186462,1.0170734897113791,-0.0865463796488441,-0.1149304575594595,False,,
2026-10-06,EXPLEOSOL,INE201K01015,878.85,878.85,151947229.17063493,1757.7,0.3306331316654794,0.0437922617988259,0.190675929809793,0.2296685367812837,0.1664794806078832,0.1932083711513939,0.0324016125939565,0.0433022218595196,0.055643825315626,0.0324016125939565,0.4697039957988771,0.0223023591169095,0.4697039957988771,0.4748327368259996,0.0335587700473785,0.1732057416267942,0.190675929809793,0.0437922617988259,0.1732057416267942,0.4697039957988771,False,,,N100_drop0.50_s0.20_c0.05,1.0,0.0,0.0,False,False,1.0068271698186462,1.0170734897113791,-0.0865463796488441,-0.1149304575594595,False,,
2026-10-06,SOMANYCERA,INE355A01028,625.0,625.0,92122496.14920634,1250.0,0.3306316149664327,0.0437919193790177,0.1384784031887284,0.3162364554372784,0.1744713031681824,0.0178528622563049,0.0324013140347179,0.0433018996513291,0.0556434179034406,0.0324013140347179,0.5581533802912417,0.0604982457789019,0.5581533802912417,0.4944531455141521,0.0384973291533529,0.1732057416267942,0.1384784031887284,0.0437919193790177,0.1732057416267942,0.5581533802912417,False,,,N100_drop0.50_s0.20_c0.05,1.0,0.0,0.0,False,False,1.0068271698186462,1.0170734897113791,-0.0865463796488441,-0.1149304575594595,False,,
2026-10-06,WALCHANNAG,INE711A01022,204.17,204.17,173557987.21396825,408.34,0.3305737523853536,0.0437788572618689,0.2461517919278343,0.1778530918625359,0.1724155012068295,0.0415635540267519,0.0323899253673607,0.0432896084699533,0.0556278763848987,0.0323899253673607,0.4918188409504814,0.0167329531702681,0.4918188409504814,0.4543618944053433,0.0427548995781878,0.1732057416267942,0.2461517919278343,0.0437788572618689,0.1732057416267942,0.4918188409504814,False,,,N100_drop0.50_s0.20_c0.05,1.0,0.0,0.0,False,False,1.0068271698186462,1.0170734897113791,-0.0865463796488441,-0.1149304575594595,False,,
2026-10-06,STALLION,INE0RYC01010,225.72,225.72,456583110.102381,451.44,0.330409161287572,0.0437417158480874,0.2458893685284301,0.177891854820189,0.1816718945898432,0.1821254630451883,0.0323575457526606,0.0432546584590652,0.0555836831215732,0.0323575457526606,0.4607340017500349,0.0761481862214488,0.4607340017500349,0.4430688090246373,0.0572291453898699,0.1648675171736997,0.2458893685284301,0.0437417158480874,0.1648675171736997,0.4607340017500349,False,,,N100_drop0.50_s0.20_c0.05,1.0,0.0,0.0,False,False,1.0068271698186462,1.0170734897113791,-0.0865463796488441,-0.1149304575594595,False,,
2026-10-06,TEXRAIL,INE621L01012,117.38,117.38,295590111.274127,234.76,0.3303335443430395,0.0437246591695386,0.2072702602465436,0.2109548138624861,0.1820646915873204,0.1239918484516778,0.0323426775685681,0.0432375854252964,0.0555633870824487,0.0323426775685681,0.4557709342202805,0.0397358992352749,0.4557709342202805,0.4512016520913719,0.0687713695552827,0.1648675171736997,0.2072702602465436,0.0437246591695386,0.1648675171736997,0.4557709342202805,False,,,N100_drop0.50_s0.20_c0.05,1.0,0.0,0.0,False,False,1.0068271698186462,1.0170734897113791,-0.0865463796488441,-0.1149304575594595,False,,
2026-10-06,RATEGAIN,INE0CLI01024,854.45,854.45,410536624.2563492,1708.9,0.3302888332356488,0.0437145758801387,0.1749500784247296,0.249868855582974,0.1735918799324481,0.076096985445249,0.032333888542401,0.0432272688080366,0.0555513885350977,0.032333888542401,0.5054171794939265,0.0365118412258232,0.5054171794939265,0.4783646029921662,0.0312611326067701,0.1732057416267942,0.1749500784247296,0.0437145758801387,0.1732057416267942,0.5054171794939265,False,,,N100_drop0.50_s0.20_c0.05,1.0,0.0,0.0,False,False,1.0068271698186462,1.0170734897113791,-0.0865463796488441,-0.1149304575594595,False,,
2026-10-06,ELECTHERM,INE822G01016,735.25,735.25,21953785.40714285,1470.5,0.3296041029134253,0.0435603455379972,0.2526614676801667,0.1724059704788003,0.1615838615635144,0.1240887196531514,0.0321995015719906,0.0430668724235698,0.0554265304599219,0.0321995015719906,0.490468777389228,0.0028970398084252,0.490468777389228,0.4702638346139301,0.0218124362674368,0.1732057416267942,0.2526614676801667,0.0435603455379972,0.1732057416267942,0.490468777389228,False,,,N100_drop0.50_s0.20_c0.05,1.0,0.0,0.0,False,False,1.0068271698186462,1.0170734897113791,-0.0865463796488441,-0.1149304575594595,False,,
2026-10-06,BIRLANU,INE557A01011,1406.5,1406.5,31896670.196825396,2813.0,0.3291877684760729,0.0434667440777408,0.2075997359609365,0.2093776462505705,0.1641086089944182,0.1126921906919977,0.0321179858295866,0.0429687750856951,0.0553520900910719,0.0321179858295866,0.4727130909432522,0.0349479357114252,0.4727130909432522,0.4547916257983296,0.0396594385127458,0.1732057416267942,0.2075997359609365,0.0434667440777408,0.1732057416267942,0.4727130909432522,False,,,N100_drop0.50_s0.20_c0.05,1.0,0.0,0.0,False,False,1.0068271698186462,1.0170734897113791,-0.0865463796488441,-0.1149304575594595,False,,
2026-10-06,DEEPAKFERT,INE501A01019,1385.6,1385.6,512207944.39047617,2771.2,0.329082588741068,0.043443118154957,0.1700438606493063,0.2554818385625393,0.1813166505905897,0.1045259960449113,0.0320974155897326,0.042944016295138,0.0553330453397936,0.0320974155897326,0.499432710211811,0.0397373970800373,0.499432710211811,0.4560568052008347,0.0487309774362731,0.1732057416267942,0.1700438606493063,0.043443118154957,0.1732057416267942,0.499432710211811,False,,,N100_drop0.50_s0.20_c0.05,1.0,0.0,0.0,False,False,1.0068271698186462,1.0170734897113791,-0.0865463796488441,-0.1149304575594595,False,,
2026-10-06,MANGLMCEM,INE347A01017,988.1,988.1,129496726.19603172,1976.2,0.3285623554756955,0.0433263847948414,0.1530265366532881,0.2831298789242413,0.1651001143502608,0.1038763084317383,0.0319958104472237,0.0428216970198369,0.0552376705844419,0.0319958104472237,0.514273246673955,0.0332378307322932,0.514273246673955,0.492186756950364,0.0447562684644067,0.1732057416267942,0.1530265366532881,0.0433263847948414,0.1732057416267942,0.514273246673955,False,,,N100_drop0.50_s0.20_c0.05,1.0,0.0,0.0,False,False,1.0068271698186462,1.0170734897113791,-0.0865463796488441,-0.1149304575594595,False,,
2026-10-06,KUANTUM,INE529I01021,75.31,75.31,11559128.846825397,150.62,0.3282154508743391,0.0432486582547249,0.2275813485074598,0.1900360400285936,0.1722091591516282,0.0949999897750571,0.0319281850531251,0.0427335229822339,0.0551741177683519,0.0319281850531251,0.4555036240954699,0.0459580261593094,0.4555036240954699,0.4125570271134607,0.0642600077679828,0.1578542883492161,0.2275813485074598,0.0432486582547249,0.1578542883492161,0.4555036240954699,False,,,N100_drop0.50_s0.20_c0.05,1.0,0.0,0.0,False,False,1.0068271698186462,1.0170734897113791,-0.0865463796488441,-0.1149304575594595,False,,
2026-10-06,GOKUL,INE020J01029,38.78,38.78,7267266.536507937,77.56,0.3280438772319005,0.0432102496375005,0.1673963394260293,0.2581313891669337,0.1672075697830738,0.0815340281907453,0.0318947762187865,0.0426908771341572,0.055142698951724,0.0318947762187865,0.5300029962877585,0.0309109380073685,0.5300029962877585,0.490133384322104,0.0090819562418784,0.1732057416267942,0.1673963394260293,0.0432102496375005,0.1732057416267942,0.5300029962877585,False,,,N100_drop0.50_s0.20_c0.05,1.0,0.0,0.0,False,False,1.0068271698186462,1.0170734897113791,-0.0865463796488441,-0.1149304575594595,False,,
2026-10-06,JAYNECOIND,INE854B01010,94.45,94.45,474341798.3790476,188.9,0.32800532238177,0.0432016217862041,0.1841512737069196,0.2345985499669168,0.1782327123916967,0.0921597515972007,0.0318872722400885,0.0426821351268219,0.0551356399523279,0.0318872722400885,0.4722239388573251,0.024114155796456,0.4722239388573251,0.4466993419210777,0.0446256538709461,0.1648675171736997,0.1841512737069196,0.0432016217862041,0.1648675171736997,0.4722239388573251,False,,,N100_drop0.50_s0.20_c0.05,1.0,0.0,0.0,False,False,1.0068271698186462,1.0170734897113791,-0.0865463796488441,-0.1149304575594595,False,,
2026-10-06,RATNAVEER,INE05CZ01011,335.25,335.25,1966619834.369524,670.5,0.3279721772558797,0.0431942054296565,0.2647047092072198,0.1631788325905555,0.1719771667659751,0.139222669987391,0.0318808221671367,0.0426746206794632,0.0551295717762929,0.0318808221671367,0.480211872919337,0.0488942909057204,0.480211872919337,0.4279864637593341,0.0544311718946672,0.1578542883492161,0.2647047092072198,0.0431942054296565,0.1578542883492161,0.480211872919337,False,,,N100_drop0.50_s0.20_c0.05,1.0,0.0,0.0,False,False,1.0068271698186462,1.0170734897113791,-0.0865463796488441,-0.1149304575594595,False,,
2026-10-06,ANDHRSUGAR,INE715B01021,94.42,94.42,74273823.21285714,188.84,0.3279028594133428,0.0431786979703451,0.1711563944292428,0.2522762769941119,0.161567010172039,0.133571950470285,0.0318673358502353,0.0426589082211562,0.0551168822059236,0.0318673358502353,0.5110323640184392,0.0441221242266472,0.5110323640184392,0.4954727382667361,0.0469563807494035,0.1732057416267942,0.1711563944292428,0.0431786979703451,0.1732057416267942,0.5110323640184392,False,,,N100_drop0.50_s0.20_c0.05,1.0,0.0,0.0,False,False,1.0068271698186462,1.0170734897113791,-0.0865463796488441,-0.1149304575594595,False,,
2026-10-06,NSLNISP,INE0NNS01018,40.9,40.9,292456906.45603174,81.8,0.3276276638144521,0.0431171683989229,0.2021542416936769,0.2132884674478318,0.1727814238394123,0.1039718626157361,0.0318138344777365,0.0425965666947773,0.0550536267558109,0.0318138344777365,0.4645718930219335,0.0202048535378736,0.4645718930219335,0.45599338581367,0.0396400466792981,0.1732057416267942,0.2021542416936769,0.0431171683989229,0.1732057416267942,0.4645718930219335,False,,,N100_drop0.50_s0.20_c0.05,1.0,0.0,0.0,False,False,1.0068271698186462,1.0170734897113791,-0.0865463796488441,-0.1149304575594595,False,,
2026-10-06,MOTILALOFS,INE338I01027,1081.15,1081.15,1127357368.3960316,2162.3,0.3275167335701746,0.043092382277553,0.1573879263214321,0.2737972555121274,0.1890910743451354,0.0957481666169633,0.0317922863653364,0.0425714541364068,0.0550199579673448,0.0317922863653364,0.4905057662820842,0.0418908949861284,0.4905057662820842,0.4212197319359119,0.0618698568641278,0.1578542883492161,0.1573879263214321,0.043092382277553,0.1578542883492161,0.4905057662820842,False,,,N100_drop0.50_s0.20_c0.05,1.0,0.0,0.0,False,False,1.0068271698186462,1.0170734897113791,-0.0865463796488441,-0.1149304575594595,False,,
2026-10-06,ECLERX,INE738I01010,1917.2,1917.2,604530161.2253969,3834.4,0.3269500423562984,0.0429659065520793,0.1998901942350508,0.2149475451584972,0.1761697856147473,0.1756878620862494,0.0316823688820371,0.0424433184837314,0.0548481737891088,0.0316823688820371,0.4534566885466841,0.0421617544148064,0.4534566885466841,0.448254489441189,0.0544701080321746,0.1648675171736997,0.1998901942350508,0.0429659065520793,0.1648675171736997,0.4534566885466841,False,,,N100_drop0.50_s0.20_c0.05,1.0,0.0,0.0,False,False,1.0068271698186462,1.0170734897113791,-0.0865463796488441,-0.1149304575594595,False,,
2026-10-06,TEXINFRA,INE435C01024,125.42,125.42,25427832.524761904,250.84,0.3269472643402301,0.0429652871438993,0.1508038815980718,0.284908363687959,0.176349234252672,0.0749390762823371,0.0316818307140457,0.0424426909699489,0.054847332555195,0.0316818307140457,0.4944373963387549,0.0361974873225683,0.4944373963387549,0.4346512934104631,0.0549551559885605,0.1578542883492161,0.1508038815980718,0.0429652871438993,0.1578542883492161,0.4944373963387549,False,,,N100_drop0.50_s0.20_c0.05,1.0,0.0,0.0,False,False,1.0068271698186462,1.0170734897113791,-0.0865463796488441,-0.1149304575594595,False,,
2026-10-06,PIGL,INE557Z01018,98.42,98.42,7558655.261746032,196.84,0.3269011682013518,0.0429550100382134,0.2663517896290457,0.1612717154934,0.1726580355094213,0.1025520883373988,0.0316729017398915,0.0424327406689741,0.0548333750578296,0.0316729017398915,0.4058780521045857,0.0672909792612743,0.4058780521045857,0.4013446914841581,0.0724282146750326,0.1578542883492161,0.2663517896290457,0.0429550100382134,0.1578542883492161,0.4058780521045857,False,,,N100_drop0.50_s0.20_c0.05,1.0,0.0,0.0,False,False,1.0068271698186462,1.0170734897113791,-0.0865463796488441,-0.1149304575594595,False,,
2026-10-06,SINDHUTRAD,INE325D01025,22.0,22.0,44816726.92555556,44.0,0.3266822106830978,0.0429062154784358,0.2455552830591467,0.1747313881579205,0.1826810038070263,0.1920732695467221,0.0316305133506163,0.0423852549677795,0.0547671089758003,0.0316305133506163,0.4429929711278996,0.0616666298391901,0.4429929711278996,0.4187977872249213,0.0882697140585956,0.1578542883492161,0.2455552830591467,0.0429062154784358,0.1578542883492161,0.4429929711278996,False,,,N100_drop0.50_s0.20_c0.05,1.0,0.0,0.0,False,False,1.0068271698186462,1.0170734897113791,-0.0865463796488441,-0.1149304575594595,False,,
2026-10-06,EMMVEE,INE1C6T01020,296.5,296.5,837679857.3492063,593.0,0.3266208646214751,0.0428925510244206,0.2025111798517619,0.2118033733042193,0.1743060639637026,0.1173318494456703,0.0316186444809844,0.0423713082636111,0.0547485525491945,0.0316186444809844,0.4911002043059385,0.008178933589789,0.4911002043059385,0.4651345502776409,0.0400205739373057,0.1732057416267942,0.2025111798517619,0.0428925510244206,0.1732057416267942,0.4911002043059385,False,,,N100_drop0.50_s0.20_c0.05,1.0,0.0,0.0,False,False,1.0068271698186462,1.0170734897113791,-0.0865463796488441,-0.1149304575594595,False,,
2026-10-06,XPROINDIA,INE445C01015,1136.1,1136.1,124611287.78412698,2272.2,0.3265389429437647,0.0428743079015541,0.2445054102768197,0.1753511623853782,0.1613039965677882,0.1055826133656563,0.0316027996945306,0.0423524348141888,0.0547237787774085,0.0316027996945306,0.4783113525258768,0.028184755765287,0.4783113525258768,0.4907230747254782,0.0353555072208714,0.1732057416267942,0.2445054102768197,0.0428743079015541,0.1732057416267942,0.4783113525258768,False,,,N100_drop0.50_s0.20_c0.05,1.0,0.0,0.0,False,False,1.0068271698186462,1.0170734897113791,-0.0865463796488441,-0.1149304575594595,False,,
2026-10-06,RELAXO,INE131B01039,290.5,290.5,440818631.26666665,581.0,0.3264755980983655,0.042860205115826,0.2339076400622252,0.1832355929221643,0.16448703053343,0.105288959331799,0.0315905517890776,0.0423386742627982,0.0547046279028759,0.0315905517890776,0.484636374162944,0.0116999113578343,0.484636374162944,0.5172228368728679,0.0343510402990103,0.1919720767888307,0.2339076400622252,0.042860205115826,0.1919720767888307,0.484636374162944,False,,,N100_drop0.50_s0.20_c0.05,1.0,0.0,0.0,False,False,1.0068271698186462,1.0170734897113791,-0.0865463796488441,-0.1149304575594595,False,,
2026-10-06,CAPILLARY,INE0ILV01024,587.2,587.2,386971753.3920635,1174.4,0.3263974422139868,0.0428428090372406,0.2213178341464503,0.1935804640528459,0.1751651907707535,0.1190911989993393,0.0315754447702194,0.0423222820186995,0.0546810053921507,0.0315754447702194,0.451346700311986,0.0418538957504821,0.451346700311986,0.4434332915898115,0.063362375271777,0.1648675171736997,0.2213178341464503,0.0428428090372406,0.1648675171736997,0.451346700311986,False,,,N100_drop0.50_s0.20_c0.05,1.0,0.0,0.0,False,False,1.0068271698186462,1.0170734897113791,-0.0865463796488441,-0.1149304575594595,False,,
2026-10-06,ARKADE,INE0QRL01017,121.24,121.24,55100997.1336508,242.48,0.3263321717890781,0.0428282845516914,0.2109862368652753,0.2029908926194051,0.1659656857484029,0.0663570380484132,0.031562832355096,0.042309482284332,0.0546612826944929,0.031562832355096,0.4504997540225592,0.0324709086073444,0.4504997540225592,0.4636596276755669,0.046744393790033,0.1732057416267942,0.2109862368652753,0.0428282845516914,0.1732057416267942,0.4504997540225592,False,,,N100_drop0.50_s0.20_c0.05,1.0,0.0,0.0,False,False,1.0068271698186462,1.0170734897113791,-0.0865463796488441,-0.1149304575594595,False,,
2026-10-06,MEIL,INE0PKD01011,263.45,263.45,16441676.99126984,526.9,0.3262728127999549,0.0428150783092548,0.2522609988621216,0.1697253182314414,0.1669435082410394,0.1033453315787301,0.0315513653298576,0.0422978439138543,0.0546433503578612,0.0315513653298576,0.4596401115122332,0.0551578206767883,0.4596401115122332,0.4570239507107663,0.063985296601367,0.1732057416267942,0.2522609988621216,0.0428150783092548,0.1732057416267942,0.4596401115122332,False,,,N100_drop0.50_s0.20_c0.05,1.0,0.0,0.0,False,False,1.0068271698186462,1.0170734897113791,-0.0865463796488441,-0.1149304575594595,False,,
2026-10-06,MANYAVAR,INE825V01034,505.4,505.4,595387140.1126984,1010.8,0.3259337150127696,0.0427396863429276,0.2008515544104493,0.2127924101378231,0.1599536842532242,0.0805158320860746,0.0314859147560981,0.0422313964140771,0.0545409839925596,0.0314859147560981,0.5110905845523601,0.0353861588486122,0.5110905845523601,0.4931384913371845,0.0117503387358116,0.1732057416267942,0.2008515544104493,0.0427396863429276,0.1732057416267942,0.5110905845523601,False,,,N100_drop0.50_s0.20_c0.05,1.0,0.0,0.0,False,False,1.0068271698186462,1.0170734897113791,-0.0865463796488441,-0.1149304575594595,False,,
2026-10-06,HINDOILEXP,INE345A01011,166.35,166.35,225128337.28761905,332.7,0.3255645326480398,0.0426577038977769,0.1886316618218485,0.2261428621567498,0.1634051284650482,0.1198620984803637,0.0314161725670838,0.0421564987707812,0.0544273982315014,0.0314161725670838,0.5172168240856433,0.0309515002135572,0.5172168240856433,0.4854563596326405,0.0357744071814389,0.1732057416267942,0.1886316618218485,0.0426577038977769,0.1732057416267942,0.5172168240856433,False,,,N100_drop0.50_s0.20_c0.05,1.0,0.0,0.0,False,False,1.0068271698186462,1.0170734897113791,-0.0865463796488441,-0.1149304575594595,False,,
2026-10-06,GABRIEL,INE524A01029,1352.9,1352.9,865638201.6126984,2705.8,0.3255233845303164,0.0426485726836662,0.2286510388822458,0.1865225406022758,0.1755630796533979,0.0858997582911793,0.0314090237022226,0.0421475430968621,0.0544147257897938,0.0314090237022226,0.489928907558067,0.0347099327887683,0.489928907558067,0.4619075057680281,0.0493475844400891,0.1732057416267942,0.2286510388822458,0.0426485726836662,0.1732057416267942,0.489928907558067,False,,,N100_drop0.50_s0.20_c0.05,1.0,0.0,0.0,False,False,1.0068271698186462,1.0170734897113791,-0.0865463796488441,-0.1149304575594595,False,,
2026-10-06,HCC,INE549A01026,20.26,20.26,587357538.7996825,40.52,0.3249859027908868,0.0425294162645929,0.2366220218790759,0.1797356641907461,0.1653484834949909,0.0449266927649893,0.0313362494079354,0.0420288737740715,0.0542493760003058,0.0313362494079354,0.4651782301832878,0.0361824893517916,0.4651782301832878,0.4664229820447267,0.0227305613336748,0.1732057416267942,0.2366220218790759,0.0425294162645929,0.1732057416267942,0.4651782301832878,False,,,N100_drop0.50_s0.20_c0.05,1.0,0.0,0.0,False,False,1.0068271698186462,1.0170734897113791,-0.0865463796488441,-0.1149304575594595,False,,
2026-10-06,IZMO,INE848A01014,864.3,864.3,121902679.31984128,1728.6,0.3249581139270772,0.0425232615287319,0.2509211508244541,0.1694686214733705,0.170244658739484,0.0419414029400905,0.0313324896042253,0.0420227442705786,0.0542408361348323,0.0313324896042253,0.4556085344108223,0.0364914020833528,0.4556085344108223,0.4493694171164116,0.0551769668318982,0.1648675171736997,0.2509211508244541,0.0425232615287319,0.1648675171736997,0.4556085344108223,False,,,N100_drop0.50_s0.20_c0.05,1.0,0.0,0.0,False,False,1.0068271698186462,1.0170734897113791,-0.0865463796488441,-0.1149304575594595,False,,
2026-10-06,MARKSANS,INE750C01026,324.4,324.4,1060222207.752381,648.8,0.3248529244528606,0.0424999691798369,0.2033608666391371,0.2089879428732614,0.1714160703928734,0.1606037472754136,0.0313182600451393,0.0419995474771897,0.0542085181406712,0.0313182600451393,0.4835307861203475,0.0477805321257512,0.4835307861203475,0.4765294502725809,0.0484958836967928,0.1732057416267942,0.2033608666391371,0.0424999691798369,0.1732057416267942,0.4835307861203475,False,,,N100_drop0.50_s0.20_c0.05,1.0,0.0,0.0,False,False,1.0068271698186462,1.0170734897113791,-0.0865463796488441,-0.1149304575594595,False,,
2026-10-06,QUICKHEAL,INE306L01010,140.42,140.42,17744301.475079365,280.84,0.3248506590806168,0.0424994676443281,0.2670339869202844,0.1591537771445371,0.1788897334853602,0.0285308443824857,0.0313179536386555,0.0419990480003259,0.0542078222767637,0.0313179536386555,0.3968198286438034,0.0755295839312649,0.3968198286438034,0.4066091234736576,0.0729886521891173,0.1578542883492161,0.2670339869202844,0.0424994676443281,0.1578542883492161,0.3968198286438034,False,,,N100_drop0.50_s0.20_c0.05,1.0,0.0,0.0,False,False,1.0068271698186462,1.0170734897113791,-0.0865463796488441,-0.1149304575594595,False,,
2026-10-06,ARVIND,INE034A01011,534.65,534.65,356751413.4857143,1069.3,0.3247590405021323,0.0424791872339604,0.1707165316288229,0.2488287855233611,0.1745537875778121,0.1002953155938098,0.0313055631388244,0.0419787580945056,0.0541796843595747,0.0313055631388244,0.5211492612710071,0.0535703693152184,0.5211492612710071,0.4895470633592033,0.0726536200134955,0.1732057416267942,0.1707165316288229,0.0424791872339604,0.1732057416267942,0.5211492612710071,False,,,N100_drop0.50_s0.20_c0.05,1.0,0.0,0.0,False,False,1.0068271698186462,1.0170734897113791,-0.0865463796488441,-0.1149304575594595,False,,
2026-10-06,GARFIBRES,INE276A01018,770.05,770.05,45929266.90079365,1540.1,0.3243873296229161,0.0423969708520143,0.1532815079274195,0.2765954708123683,0.1663834687370047,0.1108327438225722,0.0312553232615974,0.041890872604243,0.0540656234201082,0.0312553232615974,0.4974462068191173,0.0309879977987061,0.4974462068191173,0.4632663740303396,0.043185921082559,0.1732057416267942,0.1532815079274195,0.0423969708520143,0.1732057416267942,0.4974462068191173,False,,,N100_drop0.50_s0.20_c0.05,1.0,0.0,0.0,False,False,1.0068271698186462,1.0170734897113791,-0.0865463796488441,-0.1149304575594595,False,,
2026-10-06,GIPCL,INE162A01010,174.06,174.06,124293710.85238096,348.12,0.3239126025339612,0.0422921190663497,0.167375486327951,0.2526780951870315,0.1581721999525669,0.0773420961303244,0.0311912305103999,0.0417788119060076,0.0539201822394599,0.0311912305103999,0.539194499925484,0.0364152417971966,0.539194499925484,0.5064827002466833,0.018818984092384,0.1829411764705882,0.167375486327951,0.0422921190663497,0.1829411764705882,0.539194499925484,False,,,N100_drop0.50_s0.20_c0.05,1.0,0.0,0.0,False,False,1.0068271698186462,1.0170734897113791,-0.0865463796488441,-0.1149304575594595,False,,
2026-10-06,SPANDANA,INE572J01011,218.12,218.12,59208614.64095238,436.24,0.3238994454327796,0.0422892154855586,0.2059611771102835,0.2053261497088576,0.1625412953256607,0.0254933235227353,0.0311894553015637,0.041775709029532,0.0539161550063031,0.0311894553015637,0.4815031011703,0.0089969035428456,0.4815031011703,0.4568217970509701,0.0287776831922169,0.1732057416267942,0.2059611771102835,0.0422892154855586,0.1732057416267942,0.4815031011703,False,,,N100_drop0.50_s0.20_c0.05,1.0,0.0,0.0,False,False,1.0068271698186462,1.0170734897113791,-0.0865463796488441,-0.1149304575594595,False,,
2026-10-06,CUPID,INE509F01029,324.2,324.2,7954889593.01619,648.4,0.3236734553843518,0.0422393629185605,0.2787101528429324,0.1515530112114881,0.2008181523915101,0.1180982133512262,0.0311534278565979,0.0417224375086263,0.0538698845443098,0.0311534278565979,0.4377379741795469,0.0872999430318859,0.4377379741795469,0.4527664687527095,0.1168777581005779,0.1732057416267942,0.2787101528429324,0.0422393629185605,0.1732057416267942,0.4377379741795469,False,,,N100_drop0.50_s0.20_c0.05,1.0,0.0,0.0,False,False,1.0068271698186462,1.0170734897113791,-0.0865463796488441,-0.1149304575594595,False,,
2026-10-06,KHADIM,INE834I01025,114.7,114.7,5045215.506190476,229.4,0.3236080964796672,0.0422249520828854,0.2757820917792144,0.1531098404920717,0.170522202520097,0.1280731631673926,0.0311396994052422,0.0417070393531312,0.0538572602585067,0.0311396994052422,0.4783896708596972,0.1151641209826026,0.4783896708596972,0.4654764596513503,0.0864230604764008,0.1732057416267942,0.2757820917792144,0.0422249520828854,0.1732057416267942,0.4783896708596972,False,,,N100_drop0.50_s0.20_c0.05,1.0,0.0,0.0,False,False,1.0068271698186462,1.0170734897113791,-0.0865463796488441,-0.1149304575594595,False,,
2026-10-06,AEGISVOPAK,INE0INX01018,293.35,293.35,493778572.4031746,586.7,0.3234929109586463,0.0421995628364186,0.2009572762081541,0.209992709060745,0.1786902092162187,0.1127261001762332,0.0311155157663854,0.041679911715815,0.0538350154779228,0.0311155157663854,0.4865805485390589,0.0352948893984029,0.4865805485390589,0.4485846001658193,0.0521297958634692,0.1648675171736997,0.2009572762081541,0.0421995628364186,0.1648675171736997,0.4865805485390589,False,,,N100_drop0.50_s0.20_c0.05,1.0,0.0,0.0,False,False,1.0068271698186462,1.0170734897113791,-0.0865463796488441,-0.1149304575594595,False,,
2026-10-06,INDOBORAX,INE803D01021,491.75,491.75,325160019.74206346,983.5,0.3233332032727638,0.0421643763392872,0.2676779618935593,0.1575190428118009,0.1659295187022903,0.0438602116699242,0.0310820072140929,0.0416423183050259,0.0538041802801691,0.0310820072140929,0.5092172916047738,0.0774472320309716,0.5092172916047738,0.5277950787769762,0.0772508475555277,0.1960507757404795,0.2676779618935593,0.0421643763392872,0.1960507757404795,0.5092172916047738,False,,,N100_drop0.50_s0.20_c0.05,1.0,0.0,0.0,False,False,1.0068271698186462,1.0170734897113791,-0.0865463796488441,-0.1149304575594595,False,,
2026-10-06,ZUARIIND,INE217A01012,288.45,288.45,18680712.41904762,576.9,0.323131480308215,0.0421199602440917,0.1946275404590346,0.2164131558398706,0.1845337044379935,0.1418614781524461,0.0310397210067527,0.0415948677534001,0.0537652459598121,0.0310397210067527,0.4422333294322615,0.0680910774406001,0.4422333294322615,0.3911268660187435,0.0860615170460225,0.1578542883492161,0.1946275404590346,0.0421199602440917,0.1578542883492161,0.4422333294322615,False,,,N100_drop0.50_s0.20_c0.05,1.0,0.0,0.0,False,False,1.0068271698186462,1.0170734897113791,-0.0865463796488441,-0.1149304575594595,False,,
2026-10-06,VIMTALABS,INE579C01029,577.4,577.4,238501985.9873016,1154.8,0.3231226468091743,0.0421180159439413,0.2121979042386021,0.1984845990589168,0.1624017888836814,0.1233597309042048,0.0310378702429666,0.0415927907179199,0.0537635413446265,0.0310378702429666,0.4844946527288012,0.0202598333223752,0.4844946527288012,0.4842343038400425,0.0293668394570338,0.1732057416267942,0.2121979042386021,0.0421180159439413,0.1732057416267942,0.4844946527288012,False,,,N100_drop0.50_s0.20_c0.05,1.0,0.0,0.0,False,False,1.0068271698186462,1.0170734897113791,-0.0865463796488441,-0.1149304575594595,False,,
2026-10-06,GREAVESCOT,INE224A01026,222.78,222.78,529512971.125873,445.56,0.3227567234704299,0.0420375252356613,0.2472190467948461,0.1700416120063193,0.1800913299728851,0.1118746637682895,0.0309612739695328,0.0415068121420046,0.053692952695825,0.0309612739695328,0.4865329906329049,0.0733450436216153,0.4865329906329049,0.4494985975818041,0.0662300207438469,0.1648675171736997,0.2472190467948461,0.0420375252356613,0.1648675171736997,0.4865329906329049,False,,,N100_drop0.50_s0.20_c0.05,1.0,0.0,0.0,False,False,1.0068271698186462,1.0170734897113791,-0.0865463796488441,-0.1149304575594595,False,,
2026-10-06,MICEL,INE287C01037,34.6,34.6,6266544.863015873,69.2,0.3226939460125532,0.0420237263235648,0.2294877726254965,0.1831196749298873,0.181786311211846,0.0112126177895022,0.0309481470526553,0.0414920738209533,0.0536808473198235,0.0309481470526553,0.520106747870724,0.0334399399622972,0.520106747870724,0.5054983340837419,0.0396128427655422,0.1829411764705882,0.2294877726254965,0.0420237263235648,0.1829411764705882,0.520106747870724,False,,,N100_drop0.50_s0.20_c0.05,1.0,0.0,0.0,False,False,1.0068271698186462,1.0170734897113791,-0.0865463796488441,-0.1149304575594595,False,,
2026-10-06,NOCIL,INE163A01018,171.83,171.83,233279978.7884127,343.66,0.3226711681345117,0.0420187203145589,0.2045480129638024,0.205422285485583,0.172804782263943,0.1103824282006072,0.0309433851471645,0.041486727112039,0.0536764554053939,0.0309433851471645,0.4579180191078855,0.036414018970981,0.4579180191078855,0.438420749417814,0.0567648626714586,0.1578542883492161,0.2045480129638024,0.0420187203145589,0.1578542883492161,0.4579180191078855,False,,,N100_drop0.50_s0.20_c0.05,1.0,0.0,0.0,False,False,1.0068271698186462,1.0170734897113791,-0.0865463796488441,-0.1149304575594595,False,,
2026-10-06,SUPRIYA,INE07RO01027,915.35,915.35,277376886.12539685,1830.7,0.3224318662200149,0.0419661510007258,0.2042575129651536,0.2054570742173156,0.18037839032567,0.1109022805968196,0.03089338936052,0.0414307849046443,0.0536303254737392,0.03089338936052,0.5135506322851139,0.0715804377475926,0.5135506322851139,0.4617757454904778,0.0743798142136392,0.1732057416267942,0.2042575129651536,0.0419661510007258,0.1732057416267942,0.5135506322851139,False,,,N100_drop0.50_s0.20_c0.05,1.0,0.0,0.0,False,False,1.0068271698186462,1.0170734897113791,-0.0865463796488441,-0.1149304575594595,False,,
2026-10-06,ASTEC,INE563J01010,704.7,704.7,162879034.89682537,1409.4,0.3222979312840587,0.0419367470125254,0.2838880371198383,0.1477228397434113,0.1783712353106127,0.1201449344273369,0.0308654329193015,0.0414010144121211,0.0536045158012941,0.0308654329193015,0.4090099834898978,0.0766952417346775,0.4090099834898978,0.4172099274158626,0.0648767854410207,0.1578542883492161,0.2838880371198383,0.0419367470125254,0.1578542883492161,0.4090099834898978,False,,,N100_drop0.50_s0.20_c0.05,1.0,0.0,0.0,False,False,1.0068271698186462,1.0170734897113791,-0.0865463796488441,-0.1149304575594595,False,,
2026-10-06,EPACKPEB,INE0MLS01022,247.82,247.82,261463233.08571428,495.64,0.3222776950537932,0.0419323055203792,0.2259248011246565,0.1856029320890832,0.1711453097238501,0.1499444916206619,0.0308612105840642,0.0413965176059055,0.0536006167664976,0.0308612105840642,0.4882128004383627,0.0606539548653635,0.4882128004383627,0.4913432545780008,0.0672571991999681,0.1732057416267942,0.2259248011246565,0.0419323055203792,0.1732057416267942,0.4882128004383627,False,,,N100_drop0.50_s0.20_c0.05,1.0,0.0,0.0,False,False,1.0068271698186462,1.0170734897113791,-0.0865463796488441,-0.1149304575594595,False,,
2026-10-06,BFUTILITIE,INE243D01012,498.9,498.9,132218310.09603174,997.8,0.3222356103670363,0.0419230696532266,0.2893653026853294,0.1448793938463863,0.1804050980555895,0.1879852110733919,0.0308524308666599,0.041387166755052,0.0535925085208863,0.0308524308666599,0.4145017616870203,0.0710589947587159,0.4145017616870203,0.4525898726548127,0.110224126304743,0.1732057416267942,0.2893653026853294,0.0419230696532266,0.1732057416267942,0.4145017616870203,False,,,N100_drop0.50_s0.20_c0.05,1.0,0.0,0.0,False,False,1.0068271698186462,1.0170734897113791,-0.0865463796488441,-0.1149304575594595,False,,
2026-10-06,NEPHROPLUS,INE428V01029,634.55,634.55,254675455.77222225,1269.1,0.3221354186389107,0.041901086949812,0.1829068602814952,0.2290842830352341,0.1685038282041133,0.1241012355660356,0.0308315361675747,0.0413649105868799,0.0535732075889407,0.0308315361675747,0.4881087429871493,0.0316021175471266,0.4881087429871493,0.4749634976599011,0.0615180727279878,0.1732057416267942,0.1829068602814952,0.041901086949812,0.1732057416267942,0.4881087429871493,False,,,N100_drop0.50_s0.20_c0.05,1.0,0.0,0.0,False,False,1.0068271698186462,1.0170734897113791,-0.0865463796488441,-0.1149304575594595,False,,
2026-10-06,BOROLTD,INE02PY01013,286.85,286.85,150338592.1352381,573.7,0.321836767365633,0.0418356050727262,0.1977768357369653,0.2115293477966542,0.1753620443924864,0.1574711329086978,0.0307693144482332,0.0412986158955736,0.0535110787285283,0.0307693144482332,0.4647872624787859,0.0518943110915769,0.4647872624787859,0.4272582843915193,0.0727327091464912,0.1578542883492161,0.1977768357369653,0.0418356050727262,0.1578542883492161,0.4647872624787859,False,,,N100_drop0.50_s0.20_c0.05,1.0,0.0,0.0,False,False,1.0068271698186462,1.0170734897113791,-0.0865463796488441,-0.1149304575594595,False,,
2026-10-06,BIRLAMONEY,INE865C01022,116.45,116.45,10022948.0015873,232.9,0.3218245080417277,0.0418329185207335,0.2281430397517503,0.1833626770566976,0.1587987161784446,0.1110566757348482,0.0307667622669859,0.0412958960528799,0.0535074040377791,0.0307667622669859,0.4903316609210238,0.0490435415053304,0.4903316609210238,0.470824690626306,0.0449312316750755,0.1732057416267942,0.2281430397517503,0.0418329185207335,0.1732057416267942,0.4903316609210238,False,,,N100_drop0.50_s0.20_c0.05,1.0,0.0,0.0,False,False,1.0068271698186462,1.0170734897113791,-0.0865463796488441,-0.1149304575594595,False,,
2026-10-06,TBOTEK,INE673O01025,1693.2,1693.2,372156763.54761904,3386.4,0.3216407666240949,0.0417926660933895,0.1584683418277607,0.2637288029353773,0.173249212690468,0.1110614673659993,0.0307285289143753,0.0412551453712957,0.0534523480946014,0.0307285289143753,0.5194310282903346,0.0653792657904378,0.5194310282903346,0.4550174359569383,0.0466629177132664,0.1732057416267942,0.1584683418277607,0.0417926660933895,0.1732057416267942,0.5194310282903346,False,,,N100_drop0.50_s0.20_c0.05,1.0,0.0,0.0,False,False,1.0068271698186462,1.0170734897113791,-0.0865463796488441,-0.1149304575594595,False,,
2026-10-06,SWELECTES,INE409B01013,613.8,613.8,15965804.180952383,1227.6,0.3214453679101589,0.0417498872825211,0.2152542728946791,0.1939561371817636,0.1733407725466193,0.1115242127062119,0.0306879078419306,0.0412118381405946,0.0533938401457267,0.0306879078419306,0.441059278976169,0.0488815085093497,0.441059278976169,0.4319236178992559,0.0688138666272957,0.1578542883492161,0.2152542728946791,0.0417498872825211,0.1578542883492161,0.441059278976169,False,,,N100_drop0.50_s0.20_c0.05,1.0,0.0,0.0,False,False,1.0068271698186462,1.0170734897113791,-0.0865463796488441,-0.1149304575594595,False,,
2026-10-06,CONTROLPR,INE663B01015,622.65,622.65,26734657.48492064,1245.3,0.3212235449900685,0.0417013575920613,0.1935486698502546,0.21545669946647,0.1708727032640172,0.1144669043126395,0.0306450733778844,0.0411627103752968,0.0533274711750931,0.0306450733778844,0.454211011911007,0.0464325544562615,0.454211011911007,0.4341795874666199,0.0652031890269435,0.1578542883492161,0.1935486698502546,0.0417013575920613,0.1578542883492161,0.454211011911007,False,,,N100_drop0.50_s0.20_c0.05,1.0,0.0,0.0,False,False,1.0068271698186462,1.0170734897113791,-0.0865463796488441,-0.1149304575594595,False,,
2026-10-06,IITL,INE886A01014,132.25,132.25,16801782.38269841,264.5,0.3212073901573745,0.041697824710468,0.2777563077752036,0.1501237723256868,0.1582045020127427,0.0892066267279294,0.0306422018588734,0.0411591340122497,0.0533226398049299,0.0306422018588734,0.4546096784121098,0.0299617219656727,0.4546096784121098,0.4486828073341602,0.0353487404529831,0.1648675171736997,0.2777563077752036,0.041697824710468,0.1648675171736997,0.4546096784121098,False,,,N100_drop0.50_s0.20_c0.05,1.0,0.0,0.0,False,False,1.0068271698186462,1.0170734897113791,-0.0865463796488441,-0.1149304575594595,False,,
2026-10-06,VMART,INE665J01013,793.0,793.0,95278874.52301589,1586.0,0.3211714474071485,0.0416899651234267,0.1542460452753042,0.2702822302446517,0.166387206536742,0.0809641990556001,0.0306358137039807,0.04115117772016,0.0533118915642508,0.0306358137039807,0.5395428452711309,0.0511851718187479,0.5395428452711309,0.5160648074803255,0.0516198588292821,0.1829411764705882,0.1542460452753042,0.0416899651234267,0.1829411764705882,0.5395428452711309,False,,,N100_drop0.50_s0.20_c0.05,1.0,0.0,0.0,False,False,1.0068271698186462,1.0170734897113791,-0.0865463796488441,-0.1149304575594595,False,,
2026-10-06,SENORES,INE0RB801010,1388.6,1388.6,373885692.66507936,2777.2,0.3207902793270929,0.041606673908873,0.194666440866477,0.2137331618314802,0.1745169414167184,0.1156218628415078,0.0305681244649047,0.0410668640559369,0.0532272089783291,0.0305681244649047,0.4960263802567068,0.0511487572810999,0.4960263802567068,0.468852930836297,0.060707722347286,0.1732057416267942,0.194666440866477,0.041606673908873,0.1732057416267942,0.4960263802567068,False,,,N100_drop0.50_s0.20_c0.05,1.0,0.0,0.0,False,False,1.0068271698186462,1.0170734897113791,-0.0865463796488441,-0.1149304575594595,False,,
2026-10-06,MAYURUNIQ,INE040D01038,761.15,761.15,85523132.50555554,1522.3,0.3206572154696545,0.0415776225937501,0.1973166674510831,0.2107152078475971,0.1781300011396212,0.104083505124353,0.0305443032778511,0.0410374571394986,0.0532019899208382,0.0305443032778511,0.4974690210942696,0.0738501870594377,0.4974690210942696,0.4576778842874852,0.0854597504550093,0.1732057416267942,0.1973166674510831,0.0415776225937501,0.1732057416267942,0.4974690210942696,False,,,N100_drop0.50_s0.20_c0.05,1.0,0.0,0.0,False,False,1.0068271698186462,1.0170734897113791,-0.0865463796488441,-0.1149304575594595,False,,
2026-10-06,MEDICO,INE630Y01024,22.17,22.17,18080761.518412694,44.34,0.3206308195179835,0.0415718612189962,0.2488572520685343,0.1670510337691403,0.1840375139493648,0.0785763904027988,0.0305382682179801,0.0410316253057042,0.0531969878865393,0.0305382682179801,0.5390540752132306,0.0756856570712549,0.5390540752132306,0.5130903391478975,0.0936606564480088,0.1829411764705882,0.2488572520685343,0.0415718612189962,0.1829411764705882,0.5390540752132306,False,,,N100_drop0.50_s0.20_c0.05,1.0,0.0,0.0,False,False,1.0068271698186462,1.0170734897113791,-0.0865463796488441,-0.1149304575594595,False,,
2026-10-06,TRUALT,INE0MWH01014,444.35,444.35,143805113.46349207,888.7,0.3205417642661514,0.0415524271511175,0.1724479750206829,0.2409563066550006,0.1720210336664334,0.0958246363679707,0.0305180015314724,0.0410119537212567,0.0531801135820871,0.0305180015314724,0.4875821064124641,0.0183965652663026,0.4875821064124641,0.4637979799324258,0.0623520295728789,0.1732057416267942,0.1724479750206829,0.0415524271511175,0.1732057416267942,0.4875821064124641,False,,,N100_drop0.50_s0.20_c0.05,1.0,0.0,0.0,False,False,1.0068271698186462,1.0170734897113791,-0.0865463796488441,-0.1149304575594595,False,,
2026-10-06,IDEAFORGE,INE349Y01013,723.4,723.4,248811114.74761903,1446.8,0.3201634401401442,0.0414699325195956,0.2119886925581763,0.1956233232025573,0.1657458303729939,0.1106364803446807,0.0304416440553822,0.0409284535050931,0.053108456947333,0.0304416440553822,0.5071848687112476,0.0552211485973623,0.5071848687112476,0.5004011318324529,0.0673050093704408,0.1829411764705882,0.2119886925581763,0.0414699325195956,0.1829411764705882,0.5071848687112476,False,,,N100_drop0.50_s0.20_c0.05,1.0,0.0,0.0,False,False,1.0068271698186462,1.0170734897113791,-0.0865463796488441,-0.1149304575594595,False,,
2026-10-06,NAZARA,INE418L01047,379.55,379.55,794499212.7119048,759.1,0.3200830844397777,0.0414524242932284,0.133484404960173,0.3105413273228162,0.1712565398452668,0.0535233922631479,0.0304288526654616,0.040910732408306,0.0530932431228512,0.0304288526654616,0.5244774865132981,0.031336726284365,0.5244774865132981,0.4743981953884611,0.025538749978774,0.1732057416267942,0.133484404960173,0.0414524242932284,0.1732057416267942,0.5244774865132981,False,,,N100_drop0.50_s0.20_c0.05,1.0,0.0,0.0,False,False,1.0068271698186462,1.0170734897113791,-0.0865463796488441,-0.1149304575594595,False,,
2026-10-06,ITDC,INE353K01014,675.25,675.25,1359174540.320635,1350.5,0.3196695526460339,0.0413623973555826,0.2394195099254731,0.1727611812774071,0.1763185494290138,0.0328337240322792,0.0303630810577127,0.0408180233850803,0.0530148790515342,0.0303630810577127,0.4773776830309771,0.0324775909963377,0.4773776830309771,0.456616687930081,0.0547717822180698,0.1732057416267942,0.2394195099254731,0.0413623973555826,0.1732057416267942,0.4773776830309771,False,,,N100_drop0.50_s0.20_c0.05,1.0,0.0,0.0,False,False,1.0068271698186462,1.0170734897113791,-0.0865463796488441,-0.1149304575594595,False,,
2026-10-06,VASCONEQ,INE893I01013,32.31,32.31,16015220.61936508,64.62,0.3195501790318485,0.0413364327700202,0.2721682292147679,0.1518782441627367,0.1907676840437625,0.0811276133911998,0.0303441680169551,0.0407904158524354,0.0529916999978076,0.0303441680169551,0.4080163120317559,0.0871077971083236,0.4080163120317559,0.4014642557666557,0.100168020007942,0.1578542883492161,0.2721682292147679,0.0413364327700202,0.1578542883492161,0.4080163120317559,False,,,N100_drop0.50_s0.20_c0.05,1.0,0.0,0.0,False,False,1.0068271698186462,1.0170734897113791,-0.0865463796488441,-0.1149304575594595,False,,
2026-10-06,VISHNU,INE270I01022,695.55,695.55,91480935.37619048,1391.1,0.3189416380977977,0.0412042333305716,0.1491105904997064,0.2763333790878708,0.1677011933626292,0.0842343903730098,0.0302412908838491,0.0406524560084254,0.0528716286327159,0.0302412908838491,0.52266598662337,0.0528237568694059,0.52266598662337,0.4765543180655737,0.0507253063564237,0.1732057416267942,0.1491105904997064,0.0412042333305716,0.1732057416267942,0.52266598662337,False,,,N100_drop0.50_s0.20_c0.05,1.0,0.0,0.0,False,False,1.0068271698186462,1.0170734897113791,-0.0865463796488441,-0.1149304575594595,False,,
2026-10-06,SPARC,INE232I01014,196.89,196.89,280438111.81238097,393.78,0.3186697778571007,0.0411452620577706,0.2395785618710312,0.1717401663005212,0.1682021201245403,0.0509560236421254,0.0301934296846976,0.0405909237685285,0.0527748133303273,0.0301934296846976,0.4829670155312131,0.0320476704963005,0.4829670155312131,0.4751788831172587,0.0477231312017722,0.1732057416267942,0.2395785618710312,0.0411452620577706,0.1732057416267942,0.4829670155312131,False,,,N100_drop0.50_s0.20_c0.05,1.0,0.0,0.0,False,False,1.0068271698186462,1.0170734897113791,-0.0865463796488441,-0.1149304575594595,False,,
2026-10-06,SBCL,INE386D01027,1099.6,1099.6,570494401.9650793,2199.2,0.3181054396435601,0.0410230196632782,0.2601144445595389,0.1577114248028169,0.1753960467623877,0.0546786467577388,0.0300943577136943,0.0404633896952359,0.0526194985216214,0.0300943577136943,0.5272962255839688,0.0658061421989506,0.5272962255839688,0.544179808941705,0.0490641631485644,0.2183449651046859,0.2601144445595389,0.0410230196632782,0.2183449651046859,0.5272962255839688,False,,,N100_drop0.50_s0.20_c0.05,1.0,0.0,0.0,False,False,1.0068271698186462,1.0170734897113791,-0.0865463796488441,-0.1149304575594595,False,,
2026-10-06,AARVI,INE754X01016,138.82,138.82,5786459.10063492,277.64,0.3179061244343765,0.040979901176691,0.1539087604927666,0.2662610045424738,0.1675395858221246,0.073886066071347,0.0300601368222679,0.0404184101552647,0.0525767554597474,0.0300601368222679,0.523105929040898,0.0359355088899608,0.523105929040898,0.4718933953897745,0.0314866573517947,0.1732057416267942,0.1539087604927666,0.040979901176691,0.1732057416267942,0.523105929040898,False,,,N100_drop0.50_s0.20_c0.05,1.0,0.0,0.0,False,False,1.0068271698186462,1.0170734897113791,-0.0865463796488441,-0.1149304575594595,False,,
2026-10-06,SANSTAR,INE08NE01025,104.07,104.07,26963047.13809524,208.14,0.3178511590302031,0.0409680154351329,0.168797866651069,0.2427045806202049,0.158353323055247,0.0743554578214853,0.0300507043265603,0.0404060119116316,0.0525649714394795,0.0300507043265603,0.51021964880646,0.0324661674626166,0.51021964880646,0.4988823551029512,0.0428063132690084,0.1829411764705882,0.168797866651069,0.0409680154351329,0.1829411764705882,0.51021964880646,False,,,N100_drop0.50_s0.20_c0.05,1.0,0.0,0.0,False,False,1.0068271698186462,1.0170734897113791,-0.0865463796488441,-0.1149304575594595,False,,
2026-10-06,ANDHRAPAP,INE435A01051,70.48,70.48,96270182.86523809,140.96,0.317743110040215,0.0409446572980402,0.1921528838496305,0.2130837512180226,0.1733313379425405,0.1027034574312309,0.0300321681173442,0.0403816472271814,0.0525418109822744,0.0300321681173442,0.4461160526181187,0.0567804077444444,0.4461160526181187,0.4169668145880483,0.0675290498391432,0.1578542883492161,0.1921528838496305,0.0409446572980402,0.1578542883492161,0.4461160526181187,False,,,N100_drop0.50_s0.20_c0.05,1.0,0.0,0.0,False,False,1.0068271698186462,1.0170734897113791,-0.0865463796488441,-0.1149304575594595,False,,
2026-10-06,GEOJITFSL,INE007B01023,78.68,78.68,30243175.53619049,157.36,0.3176308907469777,0.0409204066284478,0.1550136110647959,0.26397944249775,0.1628950732157018,0.0985059369434949,0.0300129246799465,0.0403563524384354,0.0525177624234377,0.0300129246799465,0.5043381414000462,0.0195811068205273,0.5043381414000462,0.4949562917117309,0.0444997638267816,0.1732057416267942,0.1550136110647959,0.0409204066284478,0.1732057416267942,0.5043381414000462,False,,,N100_drop0.50_s0.20_c0.05,1.0,0.0,0.0,False,False,1.0068271698186462,1.0170734897113791,-0.0865463796488441,-0.1149304575594595,False,,
2026-10-06,MIDWESTLTD,INE0XAD01024,1006.2,1006.2,27247086.863492064,2012.4,0.3174886546721142,0.0408896824941469,0.2445063310790702,0.1672336348661815,0.1784197236159388,0.0780685484987488,0.0299885459502464,0.0403243067698226,0.0524872897792493,0.0299885459502464,0.4222126930555211,0.0663981444094341,0.4222126930555211,0.3858658042231633,0.087121787651748,0.1578542883492161,0.2445063310790702,0.0408896824941469,0.1578542883492161,0.4222126930555211,False,,,N100_drop0.50_s0.20_c0.05,1.0,0.0,0.0,False,False,1.0068271698186462,1.0170734897113791,-0.0865463796488441,-0.1149304575594595,False,,
2026-10-06,TNPL,INE107A01015,145.94,145.94,48185880.38936508,291.88,0.3174165232644443,0.0408741071609054,0.1767587066306741,0.2312423978430054,0.165574866965472,0.1199298853344406,0.0299761880241414,0.0403080620522632,0.0524684156290099,0.0299761880241414,0.4846378401694012,0.0270962287228827,0.4846378401694012,0.4459181501131351,0.0521907132624004,0.1648675171736997,0.1767587066306741,0.0408741071609054,0.1648675171736997,0.4846378401694012,False,,,N100_drop0.50_s0.20_c0.05,1.0,0.0,0.0,False,False,1.0068271698186462,1.0170734897113791,-0.0865463796488441,-0.1149304575594595,False,,
2026-10-06,BGRENERGY,INE661I01014,244.11,244.11,13972926.550634922,488.22,0.3173840354270718,0.0408670933000698,0.2927736857015676,0.1395859508416572,0.1683811331575877,0.0774552037641639,0.0299706231661959,0.0403007468774966,0.0524593124669681,0.0299706231661959,0.4073895162460159,0.0675608132564823,0.4073895162460159,0.4005627146874537,0.0736838049686334,0.1578542883492161,0.2927736857015676,0.0408670933000698,0.1578542883492161,0.4073895162460159,False,,,N100_drop0.50_s0.20_c0.05,1.0,0.0,0.0,False,False,1.0068271698186462,1.0170734897113791,-0.0865463796488441,-0.1149304575594595,False,,
2026-10-06,RAIN,INE855B01025,212.63,212.63,1083097618.05,425.26,0.3166436421372119,0.0407074564604824,0.2038952869867102,0.1996488347625992,0.1716277049264486,0.1268455292576257,0.0298439902720071,0.0401342726258905,0.0522521230882126,0.0298439902720071,0.4786310996189189,0.0367856516475249,0.4786310996189189,0.4657547990148547,0.0420544274391179,0.1732057416267942,0.2038952869867102,0.0407074564604824,0.1732057416267942,0.4786310996189189,False,,,N100_drop0.50_s0.20_c0.05,1.0,0.0,0.0,False,False,1.0068271698186462,1.0170734897113791,-0.0865463796488441,-0.1149304575594595,False,,
2026-10-06,HONASA,INE0J5401028,478.3,478.3,927252669.1690476,956.6,0.3165934055095715,0.0406966393250692,0.1789649663309549,0.22740003342224,0.1854720926520976,0.0893843365188662,0.0298354112033944,0.0401229936077309,0.0522380837764625,0.0298354112033944,0.475987026237507,0.0453592127349731,0.475987026237507,0.4340892137901008,0.0743593252216044,0.1578542883492161,0.1789649663309549,0.0406966393250692,0.1578542883492161,0.475987026237507,False,,,N100_drop0.50_s0.20_c0.05,1.0,0.0,0.0,False,False,1.0068271698186462,1.0170734897113791,-0.0865463796488441,-0.1149304575594595,False,,
2026-10-06,SATIN,INE836B01017,228.35,228.35,116565984.24920636,456.7,0.3165922802185202,0.0406963970442354,0.1939985437507444,0.2097768171730377,0.1774559532107832,0.1020540477405591,0.0298352190529565,0.0401227409837814,0.0522377693257698,0.0298352190529565,0.4934730083598349,0.0729767278226165,0.4934730083598349,0.4559949383159602,0.0831137677001228,0.1732057416267942,0.1939985437507444,0.0406963970442354,0.1732057416267942,0.4934730083598349,False,,,N100_drop0.50_s0.20_c0.05,1.0,0.0,0.0,False,False,1.0068271698186462,1.0170734897113791,-0.0865463796488441,-0.1149304575594595,False,,
2026-10-06,JSFB,INE953L01027,499.85,499.85,576453537.0960318,999.7,0.3165868557099403,0.0406952291330959,0.2016439360415057,0.2018172722274145,0.1671920988927865,0.1393344727861329,0.0298342927961526,0.0401215232150832,0.0522362535209279,0.0298342927961526,0.4808490465662807,0.0201249340710628,0.4808490465662807,0.4525717520678567,0.0400872656943044,0.1732057416267942,0.2016439360415057,0.0406952291330959,0.1732057416267942,0.4808490465662807,False,,,N100_drop0.50_s0.20_c0.05,1.0,0.0,0.0,False,False,1.0068271698186462,1.0170734897113791,-0.0865463796488441,-0.1149304575594595,False,,
2026-10-06,ARMANFIN,INE109C01017,1743.7,1743.7,96605938.66507936,3487.4,0.3162846271309364,0.0406301922418261,0.1869347113427964,0.2173496401496001,0.1569049900470409,0.0961505334505039,0.0297827167425191,0.0400537132682726,0.0521518437101521,0.0297827167425191,0.4957121538293187,0.0202197674944643,0.4957121538293187,0.467382856946061,0.0311586553105028,0.1732057416267942,0.1869347113427964,0.0406301922418261,0.1732057416267942,0.4957121538293187,False,,,N100_drop0.50_s0.20_c0.05,1.0,0.0,0.0,False,False,1.0068271698186462,1.0170734897113791,-0.0865463796488441,-0.1149304575594595,False,,
2026-10-06,MUTHOOTMF,INE046W01019,176.76,176.76,188156115.30603176,353.52,0.3160664872931897,0.0405832916436577,0.1986973868416399,0.2042467306125281,0.1659796731099179,0.0627370038589247,0.0297455280925992,0.0400048169866816,0.0520909726381619,0.0297455280925992,0.4656102951613352,0.0171969098628592,0.4656102951613352,0.4455388202462852,0.0363090852264864,0.1648675171736997,0.1986973868416399,0.0405832916436577,0.1648675171736997,0.4656102951613352,False,,,N100_drop0.50_s0.20_c0.05,1.0,0.0,0.0,False,False,1.0068271698186462,1.0170734897113791,-0.0865463796488441,-0.1149304575594595,False,,
2026-10-06,URBANCO,INE0CAZ01013,173.54,173.54,1500752178.5892062,347.08,0.3160234857466,0.0405740502737559,0.1799989783555387,0.225412669807564,0.1639855467903702,0.1242407522282001,0.0297382008575639,0.039995182787028,0.0520789785117681,0.0297382008575639,0.5122151073912895,0.0264836969397171,0.5122151073912895,0.475598071370717,0.027679562768487,0.1732057416267942,0.1799989783555387,0.0405740502737559,0.1732057416267942,0.5122151073912895,False,,,N100_drop0.50_s0.20_c0.05,1.0,0.0,0.0,False,False,1.0068271698186462,1.0170734897113791,-0.0865463796488441,-0.1149304575594595,False,,
2026-10-06,SYRMA,INE0DYJ01015,1685.1,1685.1,2832229708.315873,3370.2,0.3156233501264991,0.0404881221650672,0.2152322692089827,0.1881136240112525,0.1867012110407503,0.1437136129594319,0.0296747907237418,0.0399056084270922,0.0519674548570833,0.0296747907237418,0.4737909164797904,0.0739667142028,0.4737909164797904,0.4262233426542548,0.0828575123335668,0.1578542883492161,0.2152322692089827,0.0404881221650672,0.1578542883492161,0.4737909164797904,False,,,N100_drop0.50_s0.20_c0.05,1.0,0.0,0.0,False,False,1.0068271698186462,1.0170734897113791,-0.0865463796488441,-0.1149304575594595,False,,
2026-10-06,RANEHOLDIN,INE384A01010,1547.4,1547.4,30976074.615873013,3094.8,0.3154918726674626,0.0404599129941978,0.1689866678177463,0.2394266572427727,0.1624396925363007,0.0711088666901926,0.0296575292298605,0.0398762047414712,0.0519308430291603,0.0296575292298605,0.5441316258006005,0.069111132754924,0.5441316258006005,0.5100897805005534,0.0417362589240004,0.1829411764705882,0.1689866678177463,0.0404599129941978,0.1829411764705882,0.5441316258006005,False,,,N100_drop0.50_s0.20_c0.05,1.0,0.0,0.0,False,False,1.0068271698186462,1.0170734897113791,-0.0865463796488441,-0.1149304575594595,False,,
2026-10-06,SKIPPER,INE439E01022,551.5,551.5,541972818.8928572,1103.0,0.3151996761387496,0.0403972654422825,0.1979712070027009,0.2040562668374869,0.169271660834238,0.1184060386009566,0.0296191883049931,0.0398109088211714,0.0518495347706004,0.0296191883049931,0.4957293499196264,0.026417547788226,0.4957293499196264,0.4547183667233152,0.0406449871818513,0.1732057416267942,0.1979712070027009,0.0403972654422825,0.1732057416267942,0.4957293499196264,False,,,N100_drop0.50_s0.20_c0.05,1.0,0.0,0.0,False,False,1.0068271698186462,1.0170734897113791,-0.0865463796488441,-0.1149304575594595,False,,
2026-10-06,PASHUPATI,INE124Y01028,69.91,69.91,14660859.56063492,139.82,0.3150256392617002,0.040359980864772,0.2821423448379974,0.1430482931867113,0.1560770268758998,0.0654098976525338,0.0295963656972308,0.0397720509790918,0.0518011443746378,0.0295963656972308,0.4282264461515948,0.0481991100723858,0.4282264461515948,0.4184086720138809,0.0566018427388467,0.1578542883492161,0.2821423448379974,0.040359980864772,0.1578542883492161,0.4282264461515948,False,,,N100_drop0.50_s0.20_c0.05,1.0,0.0,0.0,False,False,1.0068271698186462,1.0170734897113791,-0.0865463796488441,-0.1149304575594595,False,,
2026-10-06,KERNEX,INE202H01019,1749.7,1749.7,605050853.915873,3499.4,0.3148861793940221,0.0403301196237862,0.2476962937045653,0.1628208441095576,0.1657456029724325,0.1025692975707807,0.029578084860183,0.0397409312756093,0.051762049348009,0.029578084860183,0.4716079434029245,0.0215011666429025,0.4716079434029245,0.513162500650362,0.0238795538270874,0.1829411764705882,0.2476962937045653,0.0403301196237862,0.1829411764705882,0.4716079434029245,False,,,N100_drop0.50_s0.20_c0.05,1.0,0.0,0.0,False,False,1.0068271698186462,1.0170734897113791,-0.0865463796488441,-0.1149304575594595,False,,
2026-10-06,GRAPHITE,INE371A01025,851.2,851.2,1760258567.8619049,1702.4,0.3145003357484655,0.040247575582847,0.1899891795145928,0.2118414095248812,0.1822113528840786,0.0968063688156947,0.0295046661486426,0.039655432873207,0.0516525279425329,0.0295046661486426,0.4710001153528547,0.0322642267516556,0.4710001153528547,0.3983043455951445,0.0765401914438576,0.1578542883492161,0.1899891795145928,0.040247575582847,0.1578542883492161,0.4710001153528547,False,,,N100_drop0.50_s0.20_c0.05,1.0,0.0,0.0,False,False,1.0068271698186462,1.0170734897113791,-0.0865463796488441,-0.1149304575594595,False,,
2026-10-06,INFOBEAN,INE344S01016,149.46,149.46,85239307.8152381,298.92,0.3144782169984866,0.0402428469399391,0.208215673491776,0.1932748205985975,0.1739813546822983,0.0563791513744345,0.029500332375802,0.0396506843671607,0.0516462540084817,0.029500332375802,0.4488881184233182,0.0441254122271965,0.4488881184233182,0.4445452624061257,0.0655135169749409,0.1648675171736997,0.208215673491776,0.0402428469399391,0.1648675171736997,0.4488881184233182,False,,,N100_drop0.50_s0.20_c0.05,1.0,0.0,0.0,False,False,1.0068271698186462,1.0170734897113791,-0.0865463796488441,-0.1149304575594595,False,,
2026-10-06,SAPPHIRE,INE806T01020,215.16,215.16,395646878.11761904,430.32,0.3144051410281362,0.0402272269444334,0.2228293662596223,0.1805292884850911,0.1615939468488339,0.1465174176364389,0.0294860176670917,0.0396349988380035,0.0516255296052716,0.0294860176670917,0.4651607952655803,0.0250225203528672,0.4651607952655803,0.4635341999144367,0.0369641613386797,0.1732057416267942,0.2228293662596223,0.0402272269444334,0.1732057416267942,0.4651607952655803,False,,,N100_drop0.50_s0.20_c0.05,1.0,0.0,0.0,False,False,1.0068271698186462,1.0170734897113791,-0.0865463796488441,-0.1149304575594595,False,,
2026-10-06,BANSALWIRE,INE0B9K01025,325.7,325.7,47828117.00079365,651.4,0.3142730627250456,0.0401990049469765,0.1557474489995483,0.2581037776554086,0.1685656737535324,0.0680776897613701,0.0294601576399531,0.0396108373613142,0.0515880854607662,0.0294601576399531,0.5083156743332714,0.015819030817697,0.5083156743332714,0.485416703127983,0.0402921197935248,0.1732057416267942,0.1557474489995483,0.0401990049469765,0.1732057416267942,0.5083156743332714,False,,,N100_drop0.50_s0.20_c0.05,1.0,0.0,0.0,False,False,1.0068271698186462,1.0170734897113791,-0.0865463796488441,-0.1149304575594595,False,,
2026-10-06,INDOFARM,INE622H01018,134.32,134.32,32570800.22015873,268.64,0.3141384657474706,0.0401702576815675,0.2719680046351249,0.1477021450940906,0.184721030965639,0.0860352075063995,0.0294338210673157,0.039586856418039,0.0515499449730354,0.0294338210673157,0.4290387602282192,0.0861488404550565,0.4290387602282192,0.4147980087076312,0.100396428037872,0.1578542883492161,0.2719680046351249,0.0401702576815675,0.1578542883492161,0.4290387602282192,False,,,N100_drop0.50_s0.20_c0.05,1.0,0.0,0.0,False,False,1.0068271698186462,1.0170734897113791,-0.0865463796488441,-0.1149304575594595,False,,
2026-10-06,CGCL,INE180C01042,246.88,246.88,1289124440.7715874,493.76,0.3140899086367745,0.0401598900366017,0.1859836097761801,0.2159324151463222,0.1667463577813181,0.1132566954780753,0.0294243240134952,0.0395782072136485,0.05153618982152,0.0294243240134952,0.4997778193421478,0.0358199431261867,0.4997778193421478,0.4679442967938059,0.0416294610434941,0.1732057416267942,0.1859836097761801,0.0401598900366017,0.1732057416267942,0.4997778193421478,False,,,N100_drop0.50_s0.20_c0.05,1.0,0.0,0.0,False,False,1.0068271698186462,1.0170734897113791,-0.0865463796488441,-0.1149304575594595,False,,
2026-10-06,GSPCROP,INE713R01022,476.65,476.65,211115601.12222224,953.3,0.3140406896815256,0.0401493828083945,0.2194953740711571,0.1829167606756883,0.1583280125709759,0.0515448658238751,0.0294146997356641,0.0395694412783196,0.0515222495557412,0.0294146997356641,0.5162089323687705,0.0226239580032702,0.5162089323687705,0.4857462573579196,0.0189113882983863,0.1732057416267942,0.2194953740711571,0.0401493828083945,0.1732057416267942,0.5162089323687705,False,,,N100_drop0.50_s0.20_c0.05,1.0,0.0,0.0,False,False,1.0068271698186462,1.0170734897113791,-0.0865463796488441,-0.1149304575594595,False,,
2026-10-06,DYCL,INE600Y01019,446.05,446.05,619448599.6484127,892.1,0.3139158851079349,0.0401227474212632,0.2180878139992814,0.1839751918527433,0.1655161953866589,0.1566872661501112,0.0293903054702819,0.0395472187161629,0.0514869119048188,0.0293903054702819,0.5374237711512891,0.0381094745129945,0.5374237711512891,0.5292844080201231,0.0266684867328355,0.1960507757404795,0.2180878139992814,0.0401227474212632,0.1960507757404795,0.5374237711512891,False,,,N100_drop0.50_s0.20_c0.05,1.0,0.0,0.0,False,False,1.0068271698186462,1.0170734897113791,-0.0865463796488441,-0.1149304575594595,False,,
2026-10-06,ALGOQUANT,INE598D01035,70.56,70.56,93633337.67746031,141.12,0.3136857469325724,0.0400736614231594,0.1652295519872609,0.2425332571636402,0.175260681412716,0.0779345582660545,0.0293453604284845,0.0395062602397459,0.0514217899155611,0.0293453604284845,0.5020768382983759,0.0202276090537025,0.5020768382983759,0.4584688371396503,0.0612285235788815,0.1732057416267942,0.1652295519872609,0.0400736614231594,0.1732057416267942,0.5020768382983759,False,,,N100_drop0.50_s0.20_c0.05,1.0,0.0,0.0,False,False,1.0068271698186462,1.0170734897113791,-0.0865463796488441,-0.1149304575594595,False,,
2026-10-06,DEVYANI,INE872J01023,129.53,129.53,538291839.7844445,259.06,0.3135850460306149,0.0400521949651486,0.194982784499892,0.2054140065128203,0.1599973489727545,0.0940888808388938,0.0293257093204975,0.0394883461736629,0.0513933110709654,0.0293257093204975,0.475998229022001,0.0151875257263002,0.475998229022001,0.4579203700111273,0.0281651385039371,0.1732057416267942,0.194982784499892,0.0400521949651486,0.1732057416267942,0.475998229022001,False,,,N100_drop0.50_s0.20_c0.05,1.0,0.0,0.0,False,False,1.0068271698186462,1.0170734897113791,-0.0865463796488441,-0.1149304575594595,False,,
2026-10-06,DDEVPLSTIK,INE0HR601026,249.79,249.79,38927780.99825397,499.58,0.313580333012511,0.040051190467193,0.2072565910811605,0.1932444717838154,0.1575385366146864,0.1034072119022566,0.0293247898355323,0.0394875078764657,0.0513919784444152,0.0293247898355323,0.4720397458755976,0.0196055186433627,0.4720397458755976,0.4572081222221413,0.0327966716966957,0.1732057416267942,0.2072565910811605,0.040051190467193,0.1732057416267942,0.4720397458755976,False,,,N100_drop0.50_s0.20_c0.05,1.0,0.0,0.0,False,False,1.0068271698186462,1.0170734897113791,-0.0865463796488441,-0.1149304575594595,False,,
2026-10-06,PVRINOX,INE191H01014,1249.4,1249.4,653486380.1246033,2498.8,0.3133689713679246,0.0400061587873878,0.1865385837920097,0.214465865313927,0.182461159769103,0.1302245900966532,0.0292835753365741,0.0394499242901835,0.0513322374730893,0.0292835753365741,0.4666103053725163,0.0394057206872642,0.4666103053725163,0.4081805415064677,0.0727958607483386,0.1578542883492161,0.1865385837920097,0.0400061587873878,0.1578542883492161,0.4666103053725163,False,,,N100_drop0.50_s0.20_c0.05,1.0,0.0,0.0,False,False,1.0068271698186462,1.0170734897113791,-0.0865463796488441,-0.1149304575594595,False,,
2026-10-06,JSWINFRA,INE880J01026,363.05,363.05,1250959678.9992063,726.1,0.3133199587248225,0.0399957209697017,0.1561603674369697,0.2561195367694367,0.1966185804047984,0.0858876404685421,0.0292747508860111,0.0394412121011657,0.0513183904161334,0.0292747508860111,0.4759538015167302,0.0460013254027339,0.4759538015167302,0.3974170834871773,0.0825944423599547,0.1578542883492161,0.1561603674369697,0.0399957209697017,0.1578542883492161,0.4759538015167302,False,,,N100_drop0.50_s0.20_c0.05,1.0,0.0,0.0,False,False,1.0068271698186462,1.0170734897113791,-0.0865463796488441,-0.1149304575594595,False,,
2026-10-06,INDOSTAR,INE896L01010,199.55,199.55,36917000.90079365,399.1,0.3132769691281732,0.0399865672483599,0.2154755566407828,0.1855735651492999,0.1549438668182921,0.0541133275419906,0.0292673575689976,0.0394335714824561,0.0513062469347943,0.0292673575689976,0.4545175082718538,0.0229976862077421,0.4545175082718538,0.4574121334984153,0.0287127764067147,0.1732057416267942,0.2154755566407828,0.0399865672483599,0.1732057416267942,0.4545175082718538,False,,,N100_drop0.50_s0.20_c0.05,1.0,0.0,0.0,False,False,1.0068271698186462,1.0170734897113791,-0.0865463796488441,-0.1149304575594595,False,,
2026-10-06,NORTHARC,INE850M01015,298.2,298.2,443392461.2309524,596.4,0.3128581412283212,0.0398974560420302,0.1634605473845654,0.2440800344817487,0.1707535921852948,0.08824398936614,0.0291953938427567,0.0393501490791671,0.0512008518219061,0.0291953938427567,0.4753462623879774,0.0239356147995371,0.4753462623879774,0.4465469732061344,0.0477022770870693,0.1648675171736997,0.1634605473845654,0.0398974560420302,0.1648675171736997,0.4753462623879774,False,,,N100_drop0.50_s0.20_c0.05,1.0,0.0,0.0,False,False,1.0068271698186462,1.0170734897113791,-0.0865463796488441,-0.1149304575594595,False,,
2026-10-06,BCLIND,INE412G01024,32.03,32.03,71791249.21396825,64.06,0.3124026708531247,0.0398006911703193,0.190955584091385,0.2084290509738226,0.1554410777120022,0.1079611167008894,0.0291172697871111,0.0392469619041324,0.0511015531697366,0.0291172697871111,0.4720747435606554,0.0136070898359484,0.4720747435606554,0.464511651732804,0.0317843112216934,0.1732057416267942,0.190955584091385,0.0398006911703193,0.1732057416267942,0.4720747435606554,False,,,N100_drop0.50_s0.20_c0.05,1.0,0.0,0.0,False,False,1.0068271698186462,1.0170734897113791,-0.0865463796488441,-0.1149304575594595,False,,
2026-10-06,ROTO,INE535D01037,62.24,62.24,32399948.57888889,124.48,0.3121452445713056,0.0397460664329119,0.1929093487653636,0.2060349417344998,0.1638383615253958,0.1048892783705984,0.029073177442713,0.0391887213097008,0.0510264147547884,0.029073177442713,0.4618982797945914,0.0271922301293746,0.4618982797945914,0.4452830413585598,0.0509345896526041,0.1648675171736997,0.1929093487653636,0.0397460664329119,0.1648675171736997,0.4618982797945914,False,,,N100_drop0.50_s0.20_c0.05,1.0,0.0,0.0,False,False,1.0068271698186462,1.0170734897113791,-0.0865463796488441,-0.1149304575594595,False,,
2026-10-06,JAIBALAJI,INE091G01026,64.17,64.17,44045856.08111111,128.34,0.3119467974353869,0.0397039891076407,0.2530874098820483,0.1568785627311326,0.1613907235211881,0.0475585504379357,0.029039217861856,0.0391502997792227,0.0509622136943786,0.029039217861856,0.459124473980621,0.0275424109919649,0.459124473980621,0.4430187958187618,0.0498460724653675,0.1648675171736997,0.2530874098820483,0.0397039891076407,0.1648675171736997,0.459124473980621,False,,,N100_drop0.50_s0.20_c0.05,1.0,0.0,0.0,False,False,1.0068271698186462,1.0170734897113791,-0.0865463796488441,-0.1149304575594595,False,,
2026-10-06,MOLDTKPAC,INE893J01029,678.0,678.0,57833940.73650794,1356.0,0.31176817119913,0.0396661384905973,0.1645641144553114,0.2410375957230272,0.160396817226451,0.1002272424327647,0.0290086730240424,0.0391176145232656,0.0509044717602564,0.0290086730240424,0.4918013578640669,0.0204792482014534,0.4918013578640669,0.476516497042295,0.0351785309605517,0.1732057416267942,0.1645641144553114,0.0396661384905973,0.1732057416267942,0.4918013578640669,False,,,N100_drop0.50_s0.20_c0.05,1.0,0.0,0.0,False,False,1.0068271698186462,1.0170734897113791,-0.0865463796488441,-0.1149304575594595,False,,
2026-10-06,SHREDIGCEM,INE232A01011,65.12,65.12,6723445.436349207,130.24,0.3117312017124907,0.0396583075563832,0.203721884360138,0.1946688628025626,0.1600312144590043,0.1087588872683618,0.0290023539969162,0.0391108518431827,0.0508925266923529,0.0290023539969162,0.4925334581076785,0.0175824352236198,0.4925334581076785,0.454429567973615,0.0348901286742349,0.1732057416267942,0.203721884360138,0.0396583075563832,0.1732057416267942,0.4925334581076785,False,,,N100_drop0.50_s0.20_c0.05,1.0,0.0,0.0,False,False,1.0068271698186462,1.0170734897113791,-0.0865463796488441,-0.1149304575594595,False,,
2026-10-06,EKC,INE184H01027,106.54,106.54,63780954.05888889,213.08,0.3116398939931268,0.0396389707872475,0.2185015809255366,0.1814127413602382,0.1675833401531735,0.0781133901114556,0.0289867511528499,0.0390941522898233,0.0508630327260133,0.0289867511528499,0.4041091818163037,0.0709454734510823,0.4041091818163037,0.3885621576574762,0.0801503689899522,0.1578542883492161,0.2185015809255366,0.0396389707872475,0.1578542883492161,0.4041091818163037,False,,,N100_drop0.50_s0.20_c0.05,1.0,0.0,0.0,False,False,1.0068271698186462,1.0170734897113791,-0.0865463796488441,-0.1149304575594595,False,,
2026-10-06,KRBL,INE001B01026,389.15,389.15,248639656.77222225,778.3,0.3114219199062164,0.0395928331565457,0.1781040198055773,0.2223017380504167,0.1615174544719517,0.1126310361667416,0.0289495261565021,0.0390543036005829,0.0507926700452361,0.0289495261565021,0.50913027710259,0.0374998667165742,0.50913027710259,0.4809116546637146,0.052091306600173,0.1732057416267942,0.1781040198055773,0.0395928331565457,0.1732057416267942,0.50913027710259,False,,,N100_drop0.50_s0.20_c0.05,1.0,0.0,0.0,False,False,1.0068271698186462,1.0170734897113791,-0.0865463796488441,-0.1149304575594595,False,,
2026-10-06,SUPREMEINF,INE550H01011,61.4,61.4,10240720.285714284,122.8,0.3113342658301606,0.0395742893364526,0.2707036061140668,0.1461904771219677,0.1596833548432137,0.0700271838703312,0.0289345659163498,0.0390382860781946,0.0507651873575333,0.0289345659163498,0.4646186166472051,0.0178965101942705,0.4646186166472051,0.5238661237319572,0.0283852230684268,0.1919720767888307,0.2707036061140668,0.0395742893364526,0.1919720767888307,0.4646186166472051,False,,,N100_drop0.50_s0.20_c0.05,1.0,0.0,0.0,False,False,1.0068271698186462,1.0170734897113791,-0.0865463796488441,-0.1149304575594595,False,,
2026-10-06,PCBL,INE602A01031,327.7,327.7,685922641.3380953,655.4,0.3113262052182532,0.039572584333395,0.2028522109187418,0.1950808628319411,0.1725860986242908,0.1354604747221771,0.0289331904436053,0.0390368133147115,0.0507629730761374,0.0289331904436053,0.455982016755906,0.0342648522440159,0.455982016755906,0.4421610760762181,0.0575044468674225,0.1648675171736997,0.2028522109187418,0.039572584333395,0.1648675171736997,0.455982016755906,False,,,N100_drop0.50_s0.20_c0.05,1.0,0.0,0.0,False,False,1.0068271698186462,1.0170734897113791,-0.0865463796488441,-0.1149304575594595,False,,
2026-10-06,GUFICBIO,INE742B01025,427.8,427.8,46198548.86666668,855.6,0.3112911357821836,0.0395651668869555,0.15438303027087,0.2562792479039772,0.163893644261247,0.0878258512970694,0.0289272066638715,0.0390304061256133,0.0507533400673034,0.0289272066638715,0.5323910435823949,0.0673793490558442,0.5323910435823949,0.4773156404137164,0.0478714928292031,0.1732057416267942,0.15438303027087,0.0395651668869555,0.1732057416267942,0.5323910435823949,False,,,N100_drop0.50_s0.20_c0.05,1.0,0.0,0.0,False,False,1.0068271698186462,1.0170734897113791,-0.0865463796488441,-0.1149304575594595,False,,
2026-10-06,SUNDRMFAST,INE387A01021,1140.3,1140.3,248317450.2119048,2280.6,0.3112456524644095,0.0395555481307692,0.1644569146485167,0.2405222560286309,0.1704751850449356,0.1173463186050344,0.0289194472387247,0.0390220972569018,0.0507408482319574,0.0289194472387247,0.5312070532407552,0.0691561304439174,0.5312070532407552,0.4657693821928448,0.0663409646802409,0.1732057416267942,0.1644569146485167,0.0395555481307692,0.1732057416267942,0.5312070532407552,False,,,N100_drop0.50_s0.20_c0.05,1.0,0.0,0.0,False,False,1.0068271698186462,1.0170734897113791,-0.0865463796488441,-0.1149304575594595,False,,
2026-10-06,PARADEEP,INE088F01024,156.76,156.76,1090346874.0014286,313.52,0.3111905909986886,0.0395439057691552,0.1776496851093056,0.2225948542764056,0.1707353799185006,0.114551270784408,0.0289100556611696,0.0390120400734872,0.0507257283582826,0.0289100556611696,0.4623556048108854,0.0303592359418892,0.4623556048108854,0.4365301208149024,0.0474801058324755,0.1578542883492161,0.1776496851093056,0.0395439057691552,0.1578542883492161,0.4623556048108854,False,,,N100_drop0.50_s0.20_c0.05,1.0,0.0,0.0,False,False,1.0068271698186462,1.0170734897113791,-0.0865463796488441,-0.1149304575594595,False,,
2026-10-06,APTECHT,INE266F01018,88.19,88.19,5992187.170952382,176.38,0.3111730899134792,0.0395402057388803,0.1983940468095527,0.1993013720660515,0.1706548125686294,0.0359448463556487,0.0289070710123433,0.0390088437594206,0.0507209231505162,0.0289070710123433,0.5086387595657034,0.0086546849777723,0.5086387595657034,0.4410891303453099,0.0529224082104276,0.1578542883492161,0.1983940468095527,0.0395402057388803,0.1578542883492161,0.5086387595657034,False,,,N100_drop0.50_s0.20_c0.05,1.0,0.0,0.0,False,False,1.0068271698186462,1.0170734897113791,-0.0865463796488441,-0.1149304575594595,False,,
2026-10-06,MARATHON,INE182D01020,374.6,374.6,83979227.46746032,749.2,0.3108787765918556,0.0394780154722309,0.2576167423260631,0.153243205840496,0.1601514993010533,0.110720368688909,0.0288569096242485,0.0389551152533342,0.0506401571628932,0.0288569096242485,0.4143213674509169,0.051153131877266,0.4143213674509169,0.4738671522906814,0.068610356423193,0.1732057416267942,0.2576167423260631,0.0394780154722309,0.1732057416267942,0.4143213674509169,False,,,N100_drop0.50_s0.20_c0.05,1.0,0.0,0.0,False,False,1.0068271698186462,1.0170734897113791,-0.0865463796488441,-0.1149304575594595,False,,
2026-10-06,JINDRILL,INE742C01031,590.7,590.7,835137386.018254,1181.4,0.3104637414750872,0.0393904205085421,0.1950203302326548,0.2019810983888205,0.1671306397278984,0.1175757758081912,0.0287862724476107,0.0388735291315251,0.0505263987905779,0.0287862724476107,0.4621333416228512,0.0254308817191087,0.4621333416228512,0.4271442326619527,0.0508795277222068,0.1578542883492161,0.1950203302326548,0.0393904205085421,0.1578542883492161,0.4621333416228512,False,,,N100_drop0.50_s0.20_c0.05,1.0,0.0,0.0,False,False,1.0068271698186462,1.0170734897113791,-0.0865463796488441,-0.1149304575594595,False,,
2026-10-06,PSPPROJECT,INE488V01015,761.75,761.75,73403639.0095238,1523.5,0.3098190560231136,0.0392545991322487,0.195893808434923,0.2003871354887123,0.1559134245763385,0.0490796210910936,0.0286778226127027,0.0387393065921606,0.0503500105994892,0.0286778226127027,0.4867829166183772,0.0072538649842875,0.4867829166183772,0.4593815635323483,0.0270525737335429,0.1732057416267942,0.195893808434923,0.0392545991322487,0.1732057416267942,0.4867829166183772,False,,,N100_drop0.50_s0.20_c0.05,1.0,0.0,0.0,False,False,1.0068271698186462,1.0170734897113791,-0.0865463796488441,-0.1149304575594595,False,,
2026-10-06,RELIABLE,INE375Y01018,139.3,139.3,5299992.985714288,278.6,0.3096910330688202,0.0392276624778288,0.15476724206752,0.2534623086500116,0.1679814735024403,0.0797721097177449,0.0286564015977824,0.038712687141696,0.0503150287391026,0.0286564015977824,0.5145960508879251,0.0294257549385939,0.5145960508879251,0.4757359388962348,0.0178798286375203,0.1732057416267942,0.15476724206752,0.0392276624778288,0.1732057416267942,0.5145960508879251,False,,,N100_drop0.50_s0.20_c0.05,1.0,0.0,0.0,False,False,1.0068271698186462,1.0170734897113791,-0.0865463796488441,-0.1149304575594595,False,,
2026-10-06,VRLLOG,INE366I01010,284.95,284.95,102659887.37428571,569.9,0.309358932658986,0.0391578409711294,0.1389988453891792,0.2817134261906451,0.1568093685650671,0.0881354727795019,0.0286008836897578,0.0386436880266143,0.0502243538220836,0.0286008836897578,0.5196258663767309,0.0414261574987706,0.5196258663767309,0.4820883624018905,0.0461927446137682,0.1732057416267942,0.1389988453891792,0.0391578409711294,0.1732057416267942,0.5196258663767309,False,,,N100_drop0.50_s0.20_c0.05,1.0,0.0,0.0,False,False,1.0068271698186462,1.0170734897113791,-0.0865463796488441,-0.1149304575594595,False,,
2026-10-06,RPSGVENT,INE425Y01011,833.1,833.1,25701654.78650793,1666.2,0.3093436976969322,0.0391546398101439,0.1894602867480759,0.2066641008635629,0.1719023296225993,0.0502070547973388,0.028598338549431,0.0386405245766524,0.0502201965880203,0.028598338549431,0.4872113526973938,0.0150392618876577,0.4872113526973938,0.4746954439861565,0.0468704474511259,0.1732057416267942,0.1894602867480759,0.0391546398101439,0.1732057416267942,0.4872113526973938,False,,,N100_drop0.50_s0.20_c0.05,1.0,0.0,0.0,False,False,1.0068271698186462,1.0170734897113791,-0.0865463796488441,-0.1149304575594595,False,,
2026-10-06,AEGISLOG,INE208C01025,1395.9,1395.9,1644759841.9698417,2791.8,0.3090793406726627,0.0390991193769588,0.2294243086815164,0.1704227403000946,0.1758703882092571,0.1431564451461119,0.0285541992798635,0.0385856582839779,0.0501480943072322,0.0285541992798635,0.4657028147418967,0.0685627029088541,0.4657028147418967,0.4523909577006474,0.0711889274015724,0.1732057416267942,0.2294243086815164,0.0390991193769588,0.1732057416267942,0.4657028147418967,False,,,N100_drop0.50_s0.20_c0.05,1.0,0.0,0.0,False,False,1.0068271698186462,1.0170734897113791,-0.0865463796488441,-0.1149304575594595,False,,
2026-10-06,J&KBANK,INE168A01041,139.5,139.5,689559034.8715873,279.0,0.3088337262845664,0.0390475794942228,0.2016996723827613,0.19359267683947,0.1622710916543139,0.053681113799512,0.0285132300803792,0.0385347257893588,0.050081161644942,0.0285132300803792,0.4786105114353299,0.0178363334530431,0.4786105114353299,0.4525183324320981,0.0342491888513688,0.1732057416267942,0.2016996723827613,0.0390475794942228,0.1732057416267942,0.4786105114353299,False,,,N100_drop0.50_s0.20_c0.05,1.0,0.0,0.0,False,False,1.0068271698186462,1.0170734897113791,-0.0865463796488441,-0.1149304575594595,False,,
2026-10-06,SHOPERSTOP,INE498B01024,398.15,398.15,99429903.90238094,796.3,0.3088282951937309,0.0390464403115287,0.2199519330147643,0.1775226058545606,0.1714080185511829,0.0939911216773919,0.0285123246006141,0.0385336000333174,0.0500796822391492,0.0285123246006141,0.4535930633984584,0.0565331699580487,0.4535930633984584,0.4246195884369348,0.0657448949341999,0.1578542883492161,0.2199519330147643,0.0390464403115287,0.1578542883492161,0.4535930633984584,False,,,N100_drop0.50_s0.20_c0.05,1.0,0.0,0.0,False,False,1.0068271698186462,1.0170734897113791,-0.0865463796488441,-0.1149304575594595,False,,
2026-10-06,AIIL,INE206F01022,550.15,550.15,281090075.1595238,1100.3,0.3087845156620503,0.0390372582225953,0.1981165091567777,0.1970419244148075,0.1719063136067954,0.1152085488994129,0.0285050263084719,0.0385245261689784,0.0500677578734766,0.0285050263084719,0.4745759421277484,0.0352795110218961,0.4745759421277484,0.431712120590883,0.0600096402805372,0.1578542883492161,0.1981165091567777,0.0390372582225953,0.1578542883492161,0.4745759421277484,False,,,N100_drop0.50_s0.20_c0.05,1.0,0.0,0.0,False,False,1.0068271698186462,1.0170734897113791,-0.0865463796488441,-0.1149304575594595,False,,
2026-10-06,PIXTRANS,INE751B01018,1796.7,1796.7,122999086.62539682,3593.4,0.3083816983616169,0.0389528368364729,0.1912117912886271,0.2037156630036224,0.1680528419741264,0.1021143988785856,0.0284375314908586,0.0384470905369036,0.0499572859309371,0.0284375314908586,0.4795693434385478,0.0319812287882887,0.4795693434385478,0.4575115576780262,0.0661179459611041,0.1732057416267942,0.1912117912886271,0.0389528368364729,0.1732057416267942,0.4795693434385478,False,,,N100_drop0.50_s0.20_c0.05,1.0,0.0,0.0,False,False,1.0068271698186462,1.0170734897113791,-0.0865463796488441,-0.1149304575594595,False,,
2026-10-06,EXCELSOFT,INE606N01019,82.1,82.1,82444072.614127,164.2,0.3083307828422931,0.038942174232884,0.251078057915537,0.1550998703597757,0.1729016248524216,0.1041399104125622,0.0284263326928276,0.0384375584860763,0.0499432558363215,0.0284263326928276,0.416974955303006,0.0756067505454051,0.416974955303006,0.4009526804563272,0.0868716562763729,0.1578542883492161,0.251078057915537,0.038942174232884,0.1578542883492161,0.416974955303006,False,,,N100_drop0.50_s0.20_c0.05,1.0,0.0,0.0,False,False,1.0068271698186462,1.0170734897113791,-0.0865463796488441,-0.1149304575594595,False,,
2026-10-06,SUNDROP,INE209A01019,746.8,746.8,21578674.687301587,1493.6,0.3077624129678505,0.0388232714167475,0.1567626889676143,0.2476563248080546,0.1747214303236202,0.0985576560227973,0.0283106129459014,0.0383312492922461,0.0497868041107452,0.0283106129459014,0.4972761400802993,0.0441910912540259,0.4972761400802993,0.4249940393133546,0.0693466699457128,0.1578542883492161,0.1567626889676143,0.0388232714167475,0.1578542883492161,0.4972761400802993,False,,,N100_drop0.50_s0.20_c0.05,1.0,0.0,0.0,False,False,1.0068271698186462,1.0170734897113791,-0.0865463796488441,-0.1149304575594595,False,,
2026-10-06,PURVA,INE323I01011,210.75,210.75,260668586.56174603,421.5,0.3074874476598815,0.0387658302325467,0.1979017659935129,0.1958842056710978,0.1578138993618094,0.1082999145223611,0.0282692344904514,0.0382798830386027,0.0497112254619164,0.0282692344904514,0.4625269922759022,0.0207392334818272,0.4625269922759022,0.4699052790887448,0.0367883657347789,0.1732057416267942,0.1979017659935129,0.0387658302325467,0.1732057416267942,0.4625269922759022,False,,,N100_drop0.50_s0.20_c0.05,1.0,0.0,0.0,False,False,1.0068271698186462,1.0170734897113791,-0.0865463796488441,-0.1149304575594595,False,,
2026-10-06,PRICOLLTD,INE726V01018,677.65,677.65,372404321.984127,1355.3,0.3074655578729525,0.0387612596627873,0.173172046479858,0.2238309268193338,0.1600907527656011,0.0773008668840742,0.0282659420542914,0.0382757955969612,0.0497052117631462,0.0282659420542914,0.4916444179080413,0.0027662783475037,0.4916444179080413,0.4472047101906652,0.0373772954048129,0.1648675171736997,0.173172046479858,0.0387612596627873,0.1648675171736997,0.4916444179080413,False,,,N100_drop0.50_s0.20_c0.05,1.0,0.0,0.0,False,False,1.0068271698186462,1.0170734897113791,-0.0865463796488441,-0.1149304575594595,False,,
2026-10-06,KPEL,INE127T01021,215.47,215.47,83108129.90444446,430.94,0.3070300492304069,0.038670395670008,0.2755770310486442,0.1403251770398166,0.1587635806671505,0.0062420203178525,0.0282004885502949,0.0381871177442825,0.0495856599055779,0.0282004885502949,0.4773803033791773,0.0280160473057959,0.4773803033791773,0.4509655119962061,0.0402907345911071,0.1648675171736997,0.2755770310486442,0.038670395670008,0.1648675171736997,0.4773803033791773,False,,,N100_drop0.50_s0.20_c0.05,1.0,0.0,0.0,False,False,1.0068271698186462,1.0170734897113791,-0.0865463796488441,-0.1149304575594595,False,,
2026-10-06,HARSHA,INE0JUS01029,464.65,464.65,76711494.52460317,929.3,0.3062921103503684,0.0385167362372545,0.1180814819652836,0.3261877781020614,0.1745097983913499,0.0172334033689469,0.0280863043974008,0.0380457113022632,0.0493905203810177,0.0280863043974008,0.5283283543160748,0.0248968012572614,0.5283283543160748,0.4922478843918603,0.0087048838377763,0.1732057416267942,0.1180814819652836,0.0385167362372545,0.1732057416267942,0.5283283543160748,False,,,N100_drop0.50_s0.20_c0.05,1.0,0.0,0.0,False,False,1.0068271698186462,1.0170734897113791,-0.0865463796488441,-0.1149304575594595,False,,
2026-10-06,KPIGREEN,INE542W01025,326.8,326.8,592110513.9396825,653.6,0.3062592533814762,0.0385099033567746,0.281155164454441,0.1369702862527885,0.1721243750399743,0.0569165240992778,0.0280808977845325,0.0380397231142259,0.0493835114269882,0.0280808977845325,0.4124515780953912,0.063842076106209,0.4124515780953912,0.4004057286790774,0.0739020891523215,0.1578542883492161,0.281155164454441,0.0385099033567746,0.1578542883492161,0.4124515780953912,False,,,N100_drop0.50_s0.20_c0.05,1.0,0.0,0.0,False,False,1.0068271698186462,1.0170734897113791,-0.0865463796488441,-0.1149304575594595,False,,
2026-10-06,EPIGRAL,INE071N01016,1036.2,1036.2,102996531.82539682,2072.4,0.3062073995926545,0.0384991214637135,0.2333846941848693,0.1649599242065869,0.151837954677164,0.0917802669075754,0.0280723666461709,0.0380302738933525,0.0493724511995442,0.0280723666461709,0.4882169808118375,0.0256382917020031,0.4882169808118375,0.4953138787106332,0.0613842380013551,0.1732057416267942,0.2333846941848693,0.0384991214637135,0.1732057416267942,0.4882169808118375,False,,,N100_drop0.50_s0.20_c0.05,1.0,0.0,0.0,False,False,1.0068271698186462,1.0170734897113791,-0.0865463796488441,-0.1149304575594595,False,,
2026-10-06,KARURVYSYA,INE036D01028,325.2,325.2,1154277644.2539685,650.4,0.3060998563584777,0.0384767661210676,0.1528527914386923,0.2517243274323861,0.1642170696514878,0.1103278746118491,0.0280521077261071,0.0380106809376634,0.0493495168013204,0.0280521077261071,0.506020876602979,0.0384203327512023,0.506020876602979,0.4547702456179417,0.0413927268267289,0.1732057416267942,0.1528527914386923,0.0384767661210676,0.1732057416267942,0.506020876602979,False,,,N100_drop0.50_s0.20_c0.05,1.0,0.0,0.0,False,False,1.0068271698186462,1.0170734897113791,-0.0865463796488441,-0.1149304575594595,False,,
2026-10-06,COSMOFIRST,INE757A01017,829.15,829.15,90999144.57777776,1658.3,0.3060034874405192,0.0384567404786114,0.1525154259988589,0.2521498414127573,0.1544054369103996,0.0787953089137647,0.0280328815624121,0.0379931288951105,0.0493289702094246,0.0280328815624121,0.5113305847332458,0.0147415290743401,0.5113305847332458,0.4935640013306912,0.0273045698840931,0.1732057416267942,0.1525154259988589,0.0384567404786114,0.1732057416267942,0.5113305847332458,False,,,N100_drop0.50_s0.20_c0.05,1.0,0.0,0.0,False,False,1.0068271698186462,1.0170734897113791,-0.0865463796488441,-0.1149304575594595,False,,
2026-10-06,GANESHHOU,INE460C01014,713.65,713.65,35155294.20555555,1427.3,0.305553223731259,0.0383632606961131,0.1748852200798251,0.2193625091851817,0.1642577806293922,0.0808401760963444,0.0279431769153877,0.0378991143574782,0.0492330306058629,0.0279431769153877,0.5159478373166174,0.0301406672834387,0.5159478373166174,0.4933254300527475,0.0328089539423198,0.1732057416267942,0.1748852200798251,0.0383632606961131,0.1732057416267942,0.5159478373166174,False,,,N100_drop0.50_s0.20_c0.05,1.0,0.0,0.0,False,False,1.0068271698186462,1.0170734897113791,-0.0865463796488441,-0.1149304575594595,False,,
2026-10-06,KTKBANK,INE614B01018,324.25,324.25,815884843.7095238,648.5,0.3055357863612002,0.0383596433461785,0.1445963260264296,0.2652878147067657,0.1635765094519078,0.0741568569302635,0.0279397070802426,0.0378952913832765,0.049229317140278,0.0279397070802426,0.5205722637024457,0.0260046798951827,0.5205722637024457,0.4693883028705909,0.024881553846031,0.1732057416267942,0.1445963260264296,0.0383596433461785,0.1732057416267942,0.5205722637024457,False,,,N100_drop0.50_s0.20_c0.05,1.0,0.0,0.0,False,False,1.0068271698186462,1.0170734897113791,-0.0865463796488441,-0.1149304575594595,False,,
2026-10-06,MONARCH,INE903D01011,344.65,344.65,80579038.64206348,689.3,0.3054064749322009,0.0383328245417952,0.1580311995732349,0.2425649153161747,0.1574454993976329,0.079634581141984,0.0279139852666471,0.0378746314250519,0.049201783578818,0.0279139852666471,0.5157061257303103,0.0238645738171392,0.5157061257303103,0.5078329202060444,0.0410866432810024,0.1829411764705882,0.1580311995732349,0.0383328245417952,0.1829411764705882,0.5157061257303103,False,,,N100_drop0.50_s0.20_c0.05,1.0,0.0,0.0,False,False,1.0068271698186462,1.0170734897113791,-0.0865463796488441,-0.1149304575594595,False,,
2026-10-06,BECTORFOOD,INE495P01020,212.16,212.16,1201069428.534921,424.32,0.3049228437785737,0.0382326240738126,0.2048193498773718,0.1866650982766179,0.1628121410446296,0.1492523554112456,0.0278179352690998,0.0377725372817281,0.0490988788806481,0.0278179352690998,0.463756307160595,0.0237282835673673,0.463756307160595,0.4478404843516336,0.0402499244832111,0.1648675171736997,0.2048193498773718,0.0382326240738126,0.1648675171736997,0.463756307160595,False,,,N100_drop0.50_s0.20_c0.05,1.0,0.0,0.0,False,False,1.0068271698186462,1.0170734897113791,-0.0865463796488441,-0.1149304575594595,False,,
2026-10-06,ATULAUTO,INE951D01028,427.5,427.5,108203904.04206347,855.0,0.3047964992776939,0.0382064743617866,0.2118930176741936,0.1803102092799151,0.1556069821450931,0.0546256495824951,0.0277928822049413,0.0377438539824023,0.0490720146581277,0.0277928822049413,0.4480829385848168,0.0335683979350475,0.4480829385848168,0.4272636312475473,0.0495612905809511,0.1578542883492161,0.2118930176741936,0.0382064743617866,0.1578542883492161,0.4480829385848168,False,,,N100_drop0.50_s0.20_c0.05,1.0,0.0,0.0,False,False,1.0068271698186462,1.0170734897113791,-0.0865463796488441,-0.1149304575594595,False,,
2026-10-06,SAILIFE,INE570L01029,1558.1,1558.1,895690353.3206348,3116.2,0.3044675682533896,0.0381384470346186,0.171437721601642,0.2224624002134041,0.1725800955551404,0.1338829581023229,0.0277429818242703,0.0376692464269476,0.0490021115088877,0.0277429818242703,0.499986924400718,0.0480219455202916,0.499986924400718,0.4545530335521392,0.0658787684802602,0.1732057416267942,0.171437721601642,0.0381384470346186,0.1732057416267942,0.499986924400718,False,,,N100_drop0.50_s0.20_c0.05,1.0,0.0,0.0,False,False,1.0068271698186462,1.0170734897113791,-0.0865463796488441,-0.1149304575594595,False,,
2026-10-06,TATATECH,INE142M01025,703.1,703.1,1110641132.0777776,1406.2,0.3042289679089745,0.0380891482998975,0.1895137138301285,0.2009835991818455,0.1611512334247522,0.0703368600626739,0.0277100224457669,0.0376151888161706,0.0489514379633619,0.0277100224457669,0.4672756045807385,0.0244718600793528,0.4672756045807385,0.4604623530842844,0.0360766552837891,0.1732057416267942,0.1895137138301285,0.0380891482998975,0.1732057416267942,0.4672756045807385,False,,,N100_drop0.50_s0.20_c0.05,1.0,0.0,0.0,False,False,1.0068271698186462,1.0170734897113791,-0.0865463796488441,-0.1149304575594595,False,,
2026-10-06,ONWARDTEC,INE229A01017,294.6,294.6,42832420.27698413,589.2,0.3042277438092368,0.0380888954826927,0.1452212564820945,0.2622818202057704,0.1628355384183979,0.1201853707456149,0.0277098534148392,0.0376149116153049,0.0489511780623142,0.0277098534148392,0.4824029793546994,0.044584137537799,0.4824029793546994,0.4528740748174822,0.0586143523231123,0.1732057416267942,0.1452212564820945,0.0380888954826927,0.1732057416267942,0.4824029793546994,False,,,N100_drop0.50_s0.20_c0.05,1.0,0.0,0.0,False,False,1.0068271698186462,1.0170734897113791,-0.0865463796488441,-0.1149304575594595,False,,
2026-10-06,CUB,INE491A01021,223.75,223.75,671617053.8746032,447.5,0.303890943373514,0.0380193744810291,0.1766640223941743,0.2152072276278188,0.1688422990954466,0.1104778684303851,0.0276633699410639,0.0375528158692772,0.0488796961423632,0.0276633699410639,0.4619241369481245,0.0302070199362042,0.4619241369481245,0.437828484115129,0.0577921306075233,0.1578542883492161,0.1766640223941743,0.0380193744810291,0.1578542883492161,0.4619241369481245,False,,,N100_drop0.50_s0.20_c0.05,1.0,0.0,0.0,False,False,1.0068271698186462,1.0170734897113791,-0.0865463796488441,-0.1149304575594595,False,,
2026-10-06,CONCORDBIO,INE338H01029,1368.8,1368.8,233596740.76031744,2737.6,0.303641338523391,0.0379679027426172,0.200914104914111,0.1889757951978942,0.1689561738692645,0.1273384483826421,0.0276295404577127,0.037508313795562,0.0488267559170324,0.0276295404577127,0.4499938127802809,0.0371150259217687,0.4499938127802809,0.4403163954989774,0.0635660984888918,0.1578542883492161,0.200914104914111,0.0379679027426172,0.1578542883492161,0.4499938127802809,False,,,N100_drop0.50_s0.20_c0.05,1.0,0.0,0.0,False,False,1.0068271698186462,1.0170734897113791,-0.0865463796488441,-0.1149304575594595,False,,
2026-10-06,SONATSOFTW,INE269A01021,252.05,252.05,613862157.1333333,504.1,0.3035707285155397,0.0379533498739869,0.2525634091126293,0.1502725593043521,0.1576652359026558,0.0521365784794677,0.0276200914125373,0.037495730372906,0.0488117852800648,0.0276200914125373,0.4562241214204591,0.026086407606153,0.4562241214204591,0.4756240317941206,0.0416156597952339,0.1732057416267942,0.2525634091126293,0.0379533498739869,0.1732057416267942,0.4562241214204591,False,,,N100_drop0.50_s0.20_c0.05,1.0,0.0,0.0,False,False,1.0068271698186462,1.0170734897113791,-0.0865463796488441,-0.1149304575594595,False,,
2026-10-06,DHARMAJ,INE00OQ01016,266.55,266.55,15680583.718253968,533.1,0.303224645256882,0.0378820712695801,0.1696253410071372,0.2233279004461145,0.1630485847827419,0.119942625054032,0.02757380598143,0.0374340907701557,0.0487384440616606,0.02757380598143,0.4706345222891053,0.0223685095938393,0.4706345222891053,0.4530836201359507,0.0470397893775896,0.1732057416267942,0.1696253410071372,0.0378820712695801,0.1732057416267942,0.4706345222891053,False,,,N100_drop0.50_s0.20_c0.05,1.0,0.0,0.0,False,False,1.0068271698186462,1.0170734897113791,-0.0865463796488441,-0.1149304575594595,False,,
2026-10-06,RADHIKAJWE,INE583V01021,67.39,67.39,187726352.13031745,134.78,0.3030300190958058,0.0378420228269965,0.2687273715326939,0.1408193836421035,0.1581289467968979,0.0794709438989882,0.0275477965858952,0.0373976592176789,0.0486972247382663,0.0275477965858952,0.4984759140932486,0.0028014512232865,0.4984759140932486,0.4567700150134992,0.033264490877796,0.1732057416267942,0.2687273715326939,0.0378420228269965,0.1732057416267942,0.4984759140932486,False,,,N100_drop0.50_s0.20_c0.05,1.0,0.0,0.0,False,False,1.0068271698186462,1.0170734897113791,-0.0865463796488441,-0.1149304575594595,False,,
2026-10-06,HATSUN,INE473B01035,1150.0,1150.0,85268929.23730159,2300.0,0.3025229658742958,0.0377378087118027,0.1776435964151732,0.2124355139917637,0.1642147815590248,0.1078231449107923,0.0274683696982829,0.0372866468299774,0.0485899232463358,0.0274683696982829,0.4902194183954622,0.0282109438545582,0.4902194183954622,0.4514739533183117,0.0500193079339184,0.1648675171736997,0.1776435964151732,0.0377378087118027,0.1648675171736997,0.4902194183954622,False,,,N100_drop0.50_s0.20_c0.05,1.0,0.0,0.0,False,False,1.0068271698186462,1.0170734897113791,-0.0865463796488441,-0.1149304575594595,False,,
2026-10-06,GODREJAGRO,INE850D01014,648.1,648.1,289338408.49206346,1296.2,0.3023706993451295,0.0377065481447708,0.1475624677686727,0.2555293952109948,0.1688493161865401,0.105727279393349,0.027443791303105,0.0372533518641504,0.0485576630752865,0.027443791303105,0.4822581007181228,0.0439126865892306,0.4822581007181228,0.4337177227270691,0.0576979841081013,0.1578542883492161,0.1475624677686727,0.0377065481447708,0.1578542883492161,0.4822581007181228,False,,,N100_drop0.50_s0.20_c0.05,1.0,0.0,0.0,False,False,1.0068271698186462,1.0170734897113791,-0.0865463796488441,-0.1149304575594595,False,,
2026-10-06,TCC,INE887D01024,47.09,47.09,147913842.27714288,94.18,0.30225981523248,0.0376837935062702,0.2877839606738812,0.1309447316592248,0.167361493446781,0.0630393758696159,0.0274259018187605,0.0372291177897552,0.0485274208451325,0.0274259018187605,0.4207577526436502,0.058173911421377,0.4207577526436502,0.409919749672636,0.0657157699219379,0.1578542883492161,0.2877839606738812,0.0376837935062702,0.1578542883492161,0.4207577526436502,False,,,N100_drop0.50_s0.20_c0.05,1.0,0.0,0.0,False,False,1.0068271698186462,1.0170734897113791,-0.0865463796488441,-0.1149304575594595,False,,
2026-10-06,SEAMECLTD,INE497B01018,1584.9,1584.9,135337993.13492063,3169.8,0.3022348045403092,0.0376786622077032,0.1432008401951024,0.2631176057093543,0.1698156459914745,0.0367537340713101,0.0274218677778507,0.0372236530340609,0.0485206011068896,0.0274218677778507,0.5704331217413067,0.0543901338200552,0.5704331217413067,0.5083547021976104,0.0071821973677357,0.1829411764705882,0.1432008401951024,0.0376786622077032,0.1829411764705882,0.5704331217413067,False,,,N100_drop0.50_s0.20_c0.05,1.0,0.0,0.0,False,False,1.0068271698186462,1.0170734897113791,-0.0865463796488441,-0.1149304575594595,False,,
2026-10-06,MASTEK,INE759A01021,1616.3,1616.3,384470632.8746032,3232.6,0.3020828667341617,0.0376474992640015,0.2427694734592999,0.1550750954292163,0.1597761621700237,0.1229871270943855,0.027397369693372,0.0371904662650098,0.0484791845114234,0.027397369693372,0.4269606541304254,0.0455105841074728,0.4269606541304254,0.4472590259578357,0.0509587679894883,0.1648675171736997,0.2427694734592999,0.0376474992640015,0.1648675171736997,0.4269606541304254,False,,,N100_drop0.50_s0.20_c0.05,1.0,0.0,0.0,False,False,1.0068271698186462,1.0170734897113791,-0.0865463796488441,-0.1149304575594595,False,,
2026-10-06,ASIANTILES,INE022I01019,48.1,48.1,508672933.24968255,96.2,0.3020612291358195,0.0376430626138968,0.2376485354070613,0.1583980416686311,0.1583704562850492,0.0826609311274309,0.0273938820679318,0.0371857416652067,0.0484732881148763,0.0273938820679318,0.4472441255973118,0.0715664126313366,0.4472441255973118,0.4605036861165459,0.0346190077343705,0.1732057416267942,0.2376485354070613,0.0376430626138968,0.1732057416267942,0.4472441255973118,False,,,N100_drop0.50_s0.20_c0.05,1.0,0.0,0.0,False,False,1.0068271698186462,1.0170734897113791,-0.0865463796488441,-0.1149304575594595,False,,
2026-10-06,TIPSMUSIC,INE716B01029,653.1,653.1,379922895.4063493,1306.2,0.3012953376814814,0.0374862288388415,0.1730888595331902,0.2165721638003713,0.1641470338482175,0.1074860090544813,0.0272903967513162,0.0370222285213088,0.0482648625389553,0.0272903967513162,0.4624607743028135,0.0310474743992622,0.4624607743028135,0.4315608039862369,0.0501542836984079,0.1578542883492161,0.1730888595331902,0.0374862288388415,0.1578542883492161,0.4624607743028135,False,,,N100_drop0.50_s0.20_c0.05,1.0,0.0,0.0,False,False,1.0068271698186462,1.0170734897113791,-0.0865463796488441,-0.1149304575594595,False,,
2026-10-06,JPOLYINVST,INE147P01019,923.9,923.9,13052047.849206349,1847.8,0.3011081447900728,0.0374479580725361,0.2117298296475112,0.1768667085543857,0.1505755647296062,0.0610046031813706,0.0272676150703214,0.0369847275055414,0.0482140051372589,0.0272676150703214,0.4666706518231922,0.0486873137893439,0.4666706518231922,0.4388259298072967,0.0452728977067802,0.1578542883492161,0.2117298296475112,0.0374479580725361,0.1578542883492161,0.4666706518231922,False,,,N100_drop0.50_s0.20_c0.05,1.0,0.0,0.0,False,False,1.0068271698186462,1.0170734897113791,-0.0865463796488441,-0.1149304575594595,False,,
2026-10-06,FMGOETZE,INE529A01010,448.5,448.5,731908914.6444445,897.0,0.3007003016022346,0.0373646595058582,0.2267792285413066,0.1647622656898334,0.1551899365704451,0.1420393312307485,0.0272180163891655,0.0369004794611657,0.0481033149184213,0.0272180163891655,0.4562366834592877,0.0334133132305024,0.4562366834592877,0.4405848580830436,0.0425649198322024,0.1578542883492161,0.2267792285413066,0.0373646595058582,0.1578542883492161,0.4562366834592877,False,,,N100_drop0.50_s0.20_c0.05,1.0,0.0,0.0,False,False,1.0068271698186462,1.0170734897113791,-0.0865463796488441,-0.1149304575594595,False,,
2026-10-06,SHARDAMOTR,INE597I01028,928.55,928.55,64655908.38015873,1857.1,0.3006572079612818,0.0373558646453377,0.1660371898082935,0.2249849246934908,0.1751892617742655,0.0815441049430435,0.0272127785997929,0.0368909589175666,0.0480916282947767,0.0272127785997929,0.4578128280406106,0.0386958129111371,0.4578128280406106,0.4175218917196205,0.0713905836888051,0.1578542883492161,0.1660371898082935,0.0373558646453377,0.1578542883492161,0.4578128280406106,False,,,N100_drop0.50_s0.20_c0.05,1.0,0.0,0.0,False,False,1.0068271698186462,1.0170734897113791,-0.0865463796488441,-0.1149304575594595,False,,
2026-10-06,MUFTI,INE220Q01020,69.61,69.61,7111222.713650794,139.22,0.3005668288734329,0.0373374235594783,0.2548154732116063,0.1465273010657099,0.1549579243019736,0.1179440368608709,0.0272017953421915,0.0368709969718419,0.0480671239469221,0.0272017953421915,0.4341690638302513,0.054689918302823,0.4341690638302513,0.4231437220597902,0.0687214143129234,0.1578542883492161,0.2548154732116063,0.0373374235594783,0.1578542883492161,0.4341690638302513,False,,,N100_drop0.50_s0.20_c0.05,1.0,0.0,0.0,False,False,1.0068271698186462,1.0170734897113791,-0.0865463796488441,-0.1149304575594595,False,,
2026-10-06,VIJAYA,INE043W01024,1466.7,1466.7,268860193.8428571,2933.4,0.300518618112997,0.0373275888494931,0.1548598778322717,0.2410410583554929,0.164394637531786,0.0962965642188946,0.0271959375652299,0.0368603515985158,0.0480540557810112,0.0271959375652299,0.5323573301614397,0.0720506643680351,0.5323573301614397,0.4964465128054067,0.0718812987909991,0.1829411764705882,0.1548598778322717,0.0373275888494931,0.1829411764705882,0.5323573301614397,False,,,N100_drop0.50_s0.20_c0.05,1.0,0.0,0.0,False,False,1.0068271698186462,1.0170734897113791,-0.0865463796488441,-0.1149304575594595,False,,
2026-10-06,MANAKCOAT,INE830Q01018,129.32,129.32,68259387.49095239,258.64,0.3004752157074832,0.0373187363759114,0.2005166629287026,0.1861128937158746,0.1739618585534818,0.1090407691704011,0.0271906646171319,0.0368507696747386,0.0480422928552656,0.0271906646171319,0.4385336068896188,0.0608070479794776,0.4385336068896188,0.3961409365871817,0.085294123066098,0.1578542883492161,0.2005166629287026,0.0373187363759114,0.1578542883492161,0.4385336068896188,False,,,N100_drop0.50_s0.20_c0.05,1.0,0.0,0.0,False,False,1.0068271698186462,1.0170734897113791,-0.0865463796488441,-0.1149304575594595,False,,
2026-10-06,KSOLVES,INE0D6I01023,248.96,248.96,24107664.11333333,497.92,0.3001558062527482,0.0372536283779466,0.1963346431117076,0.1897455680134384,0.1520856857791499,0.0643636732851075,0.0271518770218808,0.0367803039716493,0.0479557809896037,0.0271518770218808,0.4612233442166998,0.0211314906048557,0.4612233442166998,0.4324148617355809,0.0457319293334201,0.1578542883492161,0.1963346431117076,0.0372536283779466,0.1578542883492161,0.4612233442166998,False,,,N100_drop0.50_s0.20_c0.05,1.0,0.0,0.0,False,False,1.0068271698186462,1.0170734897113791,-0.0865463796488441,-0.1149304575594595,False,,
2026-10-06,PARAS,INE045601023,1323.3,1323.3,1650902196.0825396,2646.6,0.2997947097801227,0.0371801069134491,0.2076400298631161,0.1790604005304739,0.1647000967837875,0.1672368804745858,0.0271080639769981,0.0367007478062469,0.0478580937467098,0.0271080639769981,0.4796117073398416,0.0558632634285402,0.4796117073398416,0.4585244540279682,0.0560359408866147,0.1732057416267942,0.2076400298631161,0.0371801069134491,0.1732057416267942,0.4796117073398416,False,,,N100_drop0.50_s0.20_c0.05,1.0,0.0,0.0,False,False,1.0068271698186462,1.0170734897113791,-0.0865463796488441,-0.1149304575594595,False,,
2026-10-06,TIL,INE806C01018,242.25,242.25,243019493.2609524,484.5,0.2994944437167505,0.0371190386667433,0.2112779048062584,0.1756882183244929,0.1566025701307452,0.1976599612207724,0.0270726785419544,0.0366346794228355,0.0477769561826477,0.0270726785419544,0.471973406859201,0.0285380377333929,0.471973406859201,0.4721750893385487,0.0297794981360467,0.1732057416267942,0.2112779048062584,0.0371190386667433,0.1732057416267942,0.471973406859201,False,,,N100_drop0.50_s0.20_c0.05,1.0,0.0,0.0,False,False,1.0068271698186462,1.0170734897113791,-0.0865463796488441,-0.1149304575594595,False,,
2026-10-06,BAJEL,INE0KQN01018,164.08,164.08,47927909.78285712,328.16,0.2994344679743451,0.037106848140478,0.2010789192066258,0.1845387288080039,0.1550721853294282,0.0887571047578919,0.0270656166669372,0.0366214921108132,0.0477607597420015,0.0270656166669372,0.4664042177032931,0.0303488559174869,0.4664042177032931,0.441161376501569,0.0466256081417697,0.1578542883492161,0.2010789192066258,0.037106848140478,0.1578542883492161,0.4664042177032931,False,,,N100_drop0.50_s0.20_c0.05,1.0,0.0,0.0,False,False,1.0068271698186462,1.0170734897113791,-0.0865463796488441,-0.1149304575594595,False,,
2026-10-06,TANLA,INE483C01032,492.15,492.15,656968783.2920635,984.3,0.2993325751011204,0.0370861432589991,0.2313775330604597,0.1602841156116415,0.1618115085816867,0.0145901814251036,0.0270526645484189,0.0365990952772911,0.0477332513213884,0.0270526645484189,0.4413433660810801,0.038692700575167,0.4413433660810801,0.4386212634351427,0.0458160835365562,0.1578542883492161,0.2313775330604597,0.0370861432589991,0.1578542883492161,0.4413433660810801,False,,,N100_drop0.50_s0.20_c0.05,1.0,0.0,0.0,False,False,1.0068271698186462,1.0170734897113791,-0.0865463796488441,-0.1149304575594595,False,,
2026-10-06,ZYDUSWELL,INE768C01028,502.4,502.4,235170416.3333333,1004.8,0.2992821582185606,0.0370759010412055,0.2024150260543226,0.1831677309927346,0.169228336127044,0.1180960848394018,0.0270460653629121,0.0365880165697093,0.0477196436773937,0.0270460653629121,0.4574210103636236,0.0420783584048729,0.4574210103636236,0.4194796674533418,0.0726139396947371,0.1578542883492161,0.2024150260543226,0.0370759010412055,0.1578542883492161,0.4574210103636236,False,,,N100_drop0.50_s0.20_c0.05,1.0,0.0,0.0,False,False,1.0068271698186462,1.0170734897113791,-0.0865463796488441,-0.1149304575594595,False,,
2026-10-06,PPLPHARMA,INE0DK501011,200.52,200.52,1078081976.1620634,401.04,0.2991798203535051,0.0370551163713506,0.1500617640983032,0.2469324320822753,0.1669441383010664,0.0824835846257841,0.0270326729921779,0.0365658524050365,0.0476920297567215,0.0270326729921779,0.4873125095160507,0.0120758198670116,0.4873125095160507,0.4340856470396685,0.0470308734356279,0.1578542883492161,0.1500617640983032,0.0370551163713506,0.1578542883492161,0.4873125095160507,False,,,N100_drop0.50_s0.20_c0.05,1.0,0.0,0.0,False,False,1.0068271698186462,1.0170734897113791,-0.0865463796488441,-0.1149304575594595,False,,
2026-10-06,BALAJITELE,INE794B01026,90.56,90.56,23861488.27571429,181.12,0.2991054816831118,0.0370400227689435,0.2090734971551794,0.1771626881117864,0.1606750098927152,0.0758335164721607,0.0270229471309876,0.0365509383202321,0.0476719770394714,0.0270229471309876,0.46091205825597,0.0289659534905289,0.46091205825597,0.4369459478478608,0.050743355483347,0.1578542883492161,0.2090734971551794,0.0370400227689435,0.1578542883492161,0.46091205825597,False,,,N100_drop0.50_s0.20_c0.05,1.0,0.0,0.0,False,False,1.0068271698186462,1.0170734897113791,-0.0865463796488441,-0.1149304575594595,False,,
2026-10-06,MAHSEAMLES,INE271B01025,685.7,685.7,190642816.86666667,1371.4,0.299030163921567,0.0370247342104419,0.1536566539647002,0.2409575716711079,0.1721456281935167,0.1023791193434527,0.0270130952456347,0.036535831610696,0.0476516654949393,0.0270130952456347,0.4779599068420222,0.0389936365130694,0.4779599068420222,0.4220314094562001,0.0673198229193925,0.1578542883492161,0.1536566539647002,0.0370247342104419,0.1578542883492161,0.4779599068420222,False,,,N100_drop0.50_s0.20_c0.05,1.0,0.0,0.0,False,False,1.0068271698186462,1.0170734897113791,-0.0865463796488441,-0.1149304575594595,False,,
2026-10-06,IRIS,INE864K01010,221.57,221.57,6509479.363015873,443.14,0.2990203949327433,0.0370227515114467,0.2539877092976602,0.1457659176257935,0.149311745989478,0.0854330448795867,0.0270118175728831,0.0365338724957422,0.0476490314027556,0.0270118175728831,0.4490064150433525,0.0359387146495646,0.4490064150433525,0.4430763168161979,0.0372340914363306,0.1648675171736997,0.2539877092976602,0.0370227515114467,0.1648675171736997,0.4490064150433525,False,,,N100_drop0.50_s0.20_c0.05,1.0,0.0,0.0,False,False,1.0068271698186462,1.0170734897113791,-0.0865463796488441,-0.1149304575594595,False,,
2026-10-06,SHK,INE500L01026,142.32,142.32,125538283.25380953,284.64,0.2988107641286323,0.0369802208125576,0.233087477470438,0.1586538290854677,0.1566994855342697,0.1498606652880592,0.0269844086952754,0.0364918477475083,0.0475925284743904,0.0269844086952754,0.4648752567886318,0.0626672556229306,0.4648752567886318,0.4874693771555256,0.0974869915742502,0.1732057416267942,0.233087477470438,0.0369802208125576,0.1732057416267942,0.4648752567886318,False,,,N100_drop0.50_s0.20_c0.05,1.0,0.0,0.0,False,False,1.0068271698186462,1.0170734897113791,-0.0865463796488441,-0.1149304575594595,False,,
2026-10-06,NAVKARCORP,INE278M01019,85.96,85.96,65254113.30920635,171.92,0.298667295820306,0.0369511306413058,0.2194120426494608,0.1684097654582254,0.1557618818782722,0.0427551029075229,0.0269656597562921,0.0364631036933524,0.0475538823937228,0.0269656597562921,0.4456028526826475,0.0329106462041477,0.4456028526826475,0.4202822975841124,0.0550213403085873,0.1578542883492161,0.2194120426494608,0.0369511306413058,0.1578542883492161,0.4456028526826475,False,,,N100_drop0.50_s0.20_c0.05,1.0,0.0,0.0,False,False,1.0068271698186462,1.0170734897113791,-0.0865463796488441,-0.1149304575594595,False,,
2026-10-06,TI,INE133E01013,547.8,547.8,501209297.77936506,1095.6,0.2985574240903099,0.0369288620986847,0.1520596850996865,0.2428576783811902,0.1738443544934957,0.1102819683448468,0.0269513064438434,0.036443293495382,0.0475242992501499,0.0269513064438434,0.4890152122326099,0.0301507883637332,0.4890152122326099,0.4281765522455737,0.0608841265524892,0.1578542883492161,0.1520596850996865,0.0369288620986847,0.1578542883492161,0.4890152122326099,False,,,N100_drop0.50_s0.20_c0.05,1.0,0.0,0.0,False,False,1.0068271698186462,1.0170734897113791,-0.0865463796488441,-0.1149304575594595,False,,
2026-10-06,TRANSRAILL,INE454P01035,482.4,482.4,498731428.8761905,964.8,0.298513765054392,0.036920015665882,0.2691102028324931,0.1371929242268929,0.1744475450543371,0.0687967790341579,0.0269456041883848,0.0364360162438489,0.0475125471177965,0.0269456041883848,0.3796593272773568,0.0898488112600411,0.3796593272773568,0.4064889772855436,0.0909565117492649,0.1578542883492161,0.2691102028324931,0.036920015665882,0.1578542883492161,0.3796593272773568,False,,,N100_drop0.50_s0.20_c0.05,1.0,0.0,0.0,False,False,1.0068271698186462,1.0170734897113791,-0.0865463796488441,-0.1149304575594595,False,,
2026-10-06,WAKEFIT,INE0E7301029,135.98,135.98,474221235.8526985,271.96,0.2984999666537933,0.0369172200277518,0.2142753468416333,0.1722886956987949,0.1612827542674656,0.1500669654756199,0.0269438021408898,0.036433716448159,0.0475088332372124,0.0269438021408898,0.4267847398651449,0.0438409801472929,0.4267847398651449,0.4290222657112072,0.0594609345457488,0.1578542883492161,0.2142753468416333,0.0369172200277518,0.1578542883492161,0.4267847398651449,False,,,N100_drop0.50_s0.20_c0.05,1.0,0.0,0.0,False,False,1.0068271698186462,1.0170734897113791,-0.0865463796488441,-0.1149304575594595,False,,
2026-10-06,CAPITALSFB,INE646H01017,263.8,263.8,12310971.918253968,527.6,0.2980990480505667,0.0368360479807265,0.1562704701015945,0.2357198257404528,0.1602667090232125,0.0530342714501746,0.0268914733364585,0.0363665570587515,0.0474010025032376,0.0268914733364585,0.5185458884896227,0.0374160306145162,0.5185458884896227,0.4537429362925091,0.0348663595130821,0.1732057416267942,0.1562704701015945,0.0368360479807265,0.1732057416267942,0.5185458884896227,False,,,N100_drop0.50_s0.20_c0.05,1.0,0.0,0.0,False,False,1.0068271698186462,1.0170734897113791,-0.0865463796488441,-0.1149304575594595,False,,
2026-10-06,EMBDL,INE069I01010,57.33,57.33,165299588.74920636,114.66,0.2978990179775072,0.0367955896427179,0.2809945889478582,0.1309476804535398,0.1734208003647775,0.0877148349234087,0.0268653869762527,0.0363306097813808,0.0473472587184145,0.0268653869762527,0.4285608590100434,0.0714260119262288,0.4285608590100434,0.4197446174053428,0.1014427372462087,0.1578542883492161,0.2809945889478582,0.0367955896427179,0.1578542883492161,0.4285608590100434,False,,,N100_drop0.50_s0.20_c0.05,1.0,0.0,0.0,False,False,1.0068271698186462,1.0170734897113791,-0.0865463796488441,-0.1149304575594595,False,,
2026-10-06,MUNJALSHOW,INE577A01027,124.82,124.82,7669324.175873016,249.64,0.2978530750454259,0.0367863009975248,0.1566057107963492,0.2348975705321624,0.1619031468184941,0.0650387451427742,0.0268593975260019,0.036321092225502,0.0473349201128254,0.0268593975260019,0.5025385079444408,0.0225171504213722,0.5025385079444408,0.4523540750299686,0.0345208147173721,0.1732057416267942,0.1566057107963492,0.0367863009975248,0.1732057416267942,0.5025385079444408,False,,,N100_drop0.50_s0.20_c0.05,1.0,0.0,0.0,False,False,1.0068271698186462,1.0170734897113791,-0.0865463796488441,-0.1149304575594595,False,,
2026-10-06,MASTERTR,INE677D01037,82.62,82.62,125491937.54936507,165.24,0.2975703333543382,0.0367291683623599,0.3009763824433622,0.1220333903417542,0.1798976451213409,0.1447508594583318,0.0268225542872443,0.0362625536861472,0.0472590292895065,0.0268225542872443,0.4152954357111245,0.1007388379222853,0.4152954357111245,0.430544404407424,0.1393470807813201,0.1578542883492161,0.3009763824433622,0.0367291683623599,0.1578542883492161,0.4152954357111245,False,,,N100_drop0.50_s0.20_c0.05,1.0,0.0,0.0,False,False,1.0068271698186462,1.0170734897113791,-0.0865463796488441,-0.1149304575594595,False,,
2026-10-06,SCI,INE109A01011,289.0,289.0,771120095.9603175,578.0,0.2975456930345769,0.0367241919430681,0.1680502766851041,0.2185309817244911,0.1736557223161862,0.0887803387227255,0.0268193448641928,0.0362574549780628,0.047252419101264,0.0268193448641928,0.4604387613721893,0.0302240127346292,0.4604387613721893,0.4240602874945858,0.0665567852884115,0.1578542883492161,0.1680502766851041,0.0367241919430681,0.1578542883492161,0.4604387613721893,False,,,N100_drop0.50_s0.20_c0.05,1.0,0.0,0.0,False,False,1.0068271698186462,1.0170734897113791,-0.0865463796488441,-0.1149304575594595,False,,
2026-10-06,LANDMARK,INE559R01029,480.6,480.6,650039926.0222222,961.2,0.2974423814801362,0.0367033313629192,0.238044864488586,0.1541866128545661,0.1586097648552931,0.1283876198587071,0.026806957286415,0.0362360820732012,0.0472247101652252,0.026806957286415,0.4633450575478285,0.0256881825149248,0.4633450575478285,0.4530847690916511,0.0419674186468823,0.1732057416267942,0.238044864488586,0.0367033313629192,0.1732057416267942,0.4633450575478285,False,,,N100_drop0.50_s0.20_c0.05,1.0,0.0,0.0,False,False,1.0068271698186462,1.0170734897113791,-0.0865463796488441,-0.1149304575594595,False,,
2026-10-06,THOMASCOTT,INE480M01011,280.8,280.8,27653619.95952381,561.6,0.2971418802031166,0.0366426954553486,0.2938872655125137,0.1246828282656174,0.1674476708593673,0.0784574066765173,0.0267783333973618,0.0361739596953053,0.0471441699799516,0.0267783333973618,0.4207379748531323,0.0753497333613316,0.4207379748531323,0.4067151981996031,0.0809459506124975,0.1578542883492161,0.2938872655125137,0.0366426954553486,0.1578542883492161,0.4207379748531323,False,,,N100_drop0.50_s0.20_c0.05,1.0,0.0,0.0,False,False,1.0068271698186462,1.0170734897113791,-0.0865463796488441,-0.1149304575594595,False,,
2026-10-06,HEXT,INE093A01041,500.3,500.3,319846291.89285713,1000.6,0.2971396878433817,0.03664225329985,0.2060201021457638,0.1778576600934062,0.1663578801558154,0.0698293635298995,0.0267780235594011,0.0361735067153525,0.0471435826938538,0.0267780235594011,0.4403505563660465,0.0411219597730471,0.4403505563660465,0.4389366886401238,0.0671365123175285,0.1578542883492161,0.2060201021457638,0.03664225329985,0.1578542883492161,0.4403505563660465,False,,,N100_drop0.50_s0.20_c0.05,1.0,0.0,0.0,False,False,1.0068271698186462,1.0170734897113791,-0.0865463796488441,-0.1149304575594595,False,,
2026-10-06,ALLDIGI,INE835G01018,768.1,768.1,8195381.249206349,1536.2,0.2969094230823123,0.0365958315500522,0.1641209015450508,0.2229809317736825,0.1574394590936413,0.0500418684211153,0.0267454931720465,0.0361259497073135,0.0470819246126685,0.0267454931720465,0.4828190685365301,0.0150599476604866,0.4828190685365301,0.434047676250567,0.0503690005020718,0.1578542883492161,0.1641209015450508,0.0365958315500522,0.1578542883492161,0.4828190685365301,False,,,N100_drop0.50_s0.20_c0.05,1.0,0.0,0.0,False,False,1.0068271698186462,1.0170734897113791,-0.0865463796488441,-0.1149304575594595,False,,
2026-10-06,FIVESTAR,INE128S01021,514.35,514.35,352080211.74682546,1028.7,0.2968637902890028,0.036586636157839,0.1805348519940908,0.2026569150151492,0.1755730906740593,0.1372746092917592,0.0267390492890361,0.0361165297205698,0.04706971135835,0.0267390492890361,0.4495834605086146,0.043946336352255,0.4495834605086146,0.4403174144624796,0.0850934532203854,0.1578542883492161,0.1805348519940908,0.036586636157839,0.1578542883492161,0.4495834605086146,False,,,N100_drop0.50_s0.20_c0.05,1.0,0.0,0.0,False,False,1.0068271698186462,1.0170734897113791,-0.0865463796488441,-0.1149304575594595,False,,
2026-10-06,EIEL,INE0LLY01014,185.54,185.54,294677277.4003175,371.08,0.2964450354018024,0.0365023191587803,0.2130730334063527,0.1713136504194155,0.1671587814458719,0.0789892664454996,0.0266799599935583,0.0360301576530601,0.0469577253202317,0.0266799599935583,0.4475376177750537,0.0371157563597936,0.4475376177750537,0.4216538934639901,0.0641626664853498,0.1578542883492161,0.2130730334063527,0.0365023191587803,0.1578542883492161,0.4475376177750537,False,,,N100_drop0.50_s0.20_c0.05,1.0,0.0,0.0,False,False,1.0068271698186462,1.0170734897113791,-0.0865463796488441,-0.1149304575594595,False,,
2026-10-06,IGARASHI,INE188B01013,401.4,401.4,192254265.8920635,802.8,0.2963579797781139,0.0364848052158639,0.2006360895424782,0.1818456754169317,0.1669697551065517,0.1038783140336448,0.0266676857322852,0.0360122178250389,0.0469344648156227,0.0266676857322852,0.4542643145246486,0.0375321558815523,0.4542643145246486,0.4418599208100895,0.0684229672803636,0.1648675171736997,0.2006360895424782,0.0364848052158639,0.1648675171736997,0.4542643145246486,False,,,N100_drop0.50_s0.20_c0.05,1.0,0.0,0.0,False,False,1.0068271698186462,1.0170734897113791,-0.0865463796488441,-0.1149304575594595,False,,
2026-10-06,TTKPRESTIG,INE690A01028,522.85,522.85,197909078.82936507,1045.7,0.2962610250575225,0.0364653057756144,0.1885729360151939,0.193375075693133,0.1564755724817958,0.0351739811779776,0.0266540197753463,0.0359922446173014,0.0469085676392624,0.0266540197753463,0.4709124165371858,0.0155707190784673,0.4709124165371858,0.4419938045383069,0.0412183972845346,0.1648675171736997,0.1885729360151939,0.0364653057756144,0.1648675171736997,0.4709124165371858,False,,,N100_drop0.50_s0.20_c0.05,1.0,0.0,0.0,False,False,1.0068271698186462,1.0170734897113791,-0.0865463796488441,-0.1149304575594595,False,,
2026-10-06,MAANALU,INE215I01027,105.03,105.03,7791979.817301587,210.06,0.2960122394963379,0.0364152992405463,0.2246654230273741,0.1620867988934342,0.1714713771256851,0.051809903411218,0.0266189722923749,0.0359417852665469,0.0468421554564936,0.0266189722923749,0.4952502897002551,0.0231899263177806,0.4952502897002551,0.4532535512499079,0.0491553682558556,0.1732057416267942,0.2246654230273741,0.0364152992405463,0.1732057416267942,0.4952502897002551,False,,,N100_drop0.50_s0.20_c0.05,1.0,0.0,0.0,False,False,1.0068271698186462,1.0170734897113791,-0.0865463796488441,-0.1149304575594595,False,,
2026-10-06,MIRZAINT,INE771A01026,27.72,27.72,11255731.127936509,55.44,0.2959084884310304,0.0363944573263007,0.2247775636561517,0.1619132120409236,0.1507448248442324,0.0912959298576562,0.0266034098736587,0.0359217629869868,0.0468144765377734,0.0266034098736587,0.4729170837051883,0.036583684411731,0.4729170837051883,0.4147623873972699,0.0578696428646939,0.1578542883492161,0.2247775636561517,0.0363944573263007,0.1578542883492161,0.4729170837051883,False,,,N100_drop0.50_s0.20_c0.05,1.0,0.0,0.0,False,False,1.0068271698186462,1.0170734897113791,-0.0865463796488441,-0.1149304575594595,False,,
2026-10-06,PARKHOSPS,INE119201023,274.85,274.85,200777780.53174603,549.7,0.2957009450963742,0.0363527869601477,0.1585077223363831,0.2293439488266718,0.1665810537423561,0.0753970850192192,0.0265743226896984,0.0358817316885997,0.0467591376465916,0.0265743226896984,0.5363186874829642,0.0492900796220309,0.5363186874829642,0.4974993449956748,0.0513834951167664,0.1829411764705882,0.1585077223363831,0.0363527869601477,0.1829411764705882,0.5363186874829642,False,,,N100_drop0.50_s0.20_c0.05,1.0,0.0,0.0,False,False,1.0068271698186462,1.0170734897113791,-0.0865463796488441,-0.1149304575594595,False,,
2026-10-06,ELECON,INE205B01031,446.3,446.3,547553225.9365079,892.6,0.2956011022210462,0.036332750918338,0.2348547189170414,0.1547030908549554,0.1726497085569953,0.0613201554269743,0.0265599324867672,0.0358624839024948,0.0467325299805711,0.0265599324867672,0.4196298338283097,0.061327574389912,0.4196298338283097,0.3883318494334898,0.0810561825623707,0.1578542883492161,0.2348547189170414,0.036332750918338,0.1578542883492161,0.4196298338283097,False,,,N100_drop0.50_s0.20_c0.05,1.0,0.0,0.0,False,False,1.0068271698186462,1.0170734897113791,-0.0865463796488441,-0.1149304575594595,False,,
2026-10-06,GOLDIAM,INE025B01025,317.5,317.5,366834648.8968253,635.0,0.2954912376533521,0.0363107115109777,0.1656025760146958,0.2192641707925813,0.1566985984955459,0.0836812513578118,0.0265441034462097,0.0358413116833593,0.0467032622462047,0.0265441034462097,0.5236298056027532,0.0487567838027127,0.5236298056027532,0.4841696559102464,0.0353301294631286,0.1732057416267942,0.1656025760146958,0.0363107115109777,0.1732057416267942,0.5236298056027532,False,,,N100_drop0.50_s0.20_c0.05,1.0,0.0,0.0,False,False,1.0068271698186462,1.0170734897113791,-0.0865463796488441,-0.1149304575594595,False,,
2026-10-06,SURYODAY,INE428Q01011,151.47,151.47,382355665.1930159,302.94,0.2951673898853929,0.0362457931392109,0.1809775285568483,0.2002778655905087,0.161968952413161,0.1233449058802558,0.0264974781424415,0.0357789483723525,0.0466170547382467,0.0264974781424415,0.4443011026012541,0.0373568977888816,0.4443011026012541,0.4270957100389599,0.053219639545836,0.1578542883492161,0.1809775285568483,0.0362457931392109,0.1578542883492161,0.4443011026012541,False,,,N100_drop0.50_s0.20_c0.05,1.0,0.0,0.0,False,False,1.0068271698186462,1.0170734897113791,-0.0865463796488441,-0.1149304575594595,False,,
2026-10-06,WEWORK,INE085001019,664.9,664.9,224637579.21666667,1329.8,0.295103118427922,0.0362329176881401,0.1580149080052897,0.2293006283111412,0.1628511961064897,0.0706678812717749,0.0264882308208098,0.0357654904321529,0.046599957363975,0.0264882308208098,0.5252832893128052,0.0653153993173732,0.5252832893128052,0.4762310409765312,0.0462528093014862,0.1732057416267942,0.1580149080052897,0.0362329176881401,0.1732057416267942,0.5252832893128052,False,,,N100_drop0.50_s0.20_c0.05,1.0,0.0,0.0,False,False,1.0068271698186462,1.0170734897113791,-0.0865463796488441,-0.1149304575594595,False,,
2026-10-06,XCHANGING,INE692G01013,61.86,61.86,6553018.93126984,123.72,0.2948141654590881,0.0361750662050946,0.2107758192660083,0.1716281608159242,0.1680872334745166,0.1042824247114294,0.0264466811557366,0.0357042116893351,0.0465231377916894,0.0264466811557366,0.4730975407294251,0.0392353266496355,0.4730975407294251,0.4386572925164988,0.0504049159727304,0.1578542883492161,0.2107758192660083,0.0361750662050946,0.1578542883492161,0.4730975407294251,False,,,N100_drop0.50_s0.20_c0.05,1.0,0.0,0.0,False,False,1.0068271698186462,1.0170734897113791,-0.0865463796488441,-0.1149304575594595,False,,
2026-10-06,DCW,INE500A01029,46.37,46.37,64615813.956984125,92.74,0.2948137003158479,0.0361749731235729,0.2358456766936011,0.1533840841635169,0.1782876591076621,0.1053704838581633,0.0264466143034727,0.0357041130995831,0.046523014193245,0.0264466143034727,0.4226541316029499,0.0761363059495613,0.4226541316029499,0.4029723668435802,0.1002093021084192,0.1578542883492161,0.2358456766936011,0.0361749731235729,0.1578542883492161,0.4226541316029499,False,,,N100_drop0.50_s0.20_c0.05,1.0,0.0,0.0,False,False,1.0068271698186462,1.0170734897113791,-0.0865463796488441,-0.1149304575594595,False,,
2026-10-06,NIACL,INE470Y01017,160.72,160.72,1168249521.1650794,321.44,0.294620722352972,0.0361363681057779,0.2631326184346468,0.1373313894748209,0.1602521910816594,0.0348662146306891,0.0264188877333039,0.0356632252778506,0.0464717530805802,0.0264188877333039,0.4376761597121246,0.0519465057713888,0.4376761597121246,0.4450646201049725,0.0404945173700138,0.1648675171736997,0.2631326184346468,0.0361363681057779,0.1648675171736997,0.4376761597121246,False,,,N100_drop0.50_s0.20_c0.05,1.0,0.0,0.0,False,False,1.0068271698186462,1.0170734897113791,-0.0865463796488441,-0.1149304575594595,False,,
2026-10-06,PROSTARM,INE0BX301013,132.91,132.91,38060188.70507937,265.82,0.2945947716900428,0.036131178609302,0.2614049872969516,0.1382191632337054,0.1663843245196804,0.0824657604732571,0.0264151605793449,0.0356577291735366,0.0464648623774923,0.0264151605793449,0.4196260204308654,0.0602729558380263,0.4196260204308654,0.398900691384821,0.0795056700546445,0.1578542883492161,0.2614049872969516,0.036131178609302,0.1578542883492161,0.4196260204308654,False,,,N100_drop0.50_s0.20_c0.05,1.0,0.0,0.0,False,False,1.0068271698186462,1.0170734897113791,-0.0865463796488441,-0.1149304575594595,False,,
2026-10-06,WHIRLPOOL,INE716A01013,867.8,867.8,1102391320.311111,1735.6,0.2944127546597267,0.0360947923419268,0.2726896152632596,0.1323658486483992,0.1760872542566476,0.0947671201988517,0.026389027574066,0.0356191948443855,0.0464165486929944,0.026389027574066,0.3773575234900878,0.0915056532501642,0.3773575234900878,0.3760810222347057,0.0981980469999339,0.1578542883492161,0.2726896152632596,0.0360947923419268,0.1578542883492161,0.3773575234900878,False,,,N100_drop0.50_s0.20_c0.05,1.0,0.0,0.0,False,False,1.0068271698186462,1.0170734897113791,-0.0865463796488441,-0.1149304575594595,False,,
2026-10-06,GENESYS,INE727B01026,301.05,301.05,341743343.8709524,602.1,0.2943225685899348,0.0360767718382978,0.3439213786927719,0.1048983112809789,0.1955222183071565,0.1222110459540188,0.026376085066216,0.0356001116201171,0.0463926214777355,0.026376085066216,0.3979264867436689,0.1112053958123617,0.3979264867436689,0.4585796908524681,0.1413240851589018,0.1732057416267942,0.3439213786927719,0.0360767718382978,0.1732057416267942,0.3979264867436689,False,,,N100_drop0.50_s0.20_c0.05,1.0,0.0,0.0,False,False,1.0068271698186462,1.0170734897113791,-0.0865463796488441,-0.1149304575594595,False,,
2026-10-06,GPTHEALTH,INE486R01017,148.01,148.01,24614124.55793651,296.02,0.2942931059906325,0.0360708859572034,0.1537073622576774,0.2346724673912083,0.1567318092009496,0.0654712504745499,0.0263718577683392,0.0355938787924671,0.0463848063972976,0.0263718577683392,0.4963928003058254,0.0189543047649759,0.4963928003058254,0.4561364938553494,0.037360552591953,0.1732057416267942,0.1537073622576774,0.0360708859572034,0.1732057416267942,0.4963928003058254,False,,,N100_drop0.50_s0.20_c0.05,1.0,0.0,0.0,False,False,1.0068271698186462,1.0170734897113791,-0.0865463796488441,-0.1149304575594595,False,,
2026-10-06,GALLANTT,INE297H01019,530.05,530.05,69915330.8142857,1060.1,0.294134910026154,0.0360392923420314,0.2228930078137482,0.1616887523548797,0.1606391386259162,0.0296540789589463,0.0263491669339379,0.0355621379541493,0.0463428579231083,0.0263491669339379,0.4698719933378785,0.0667451388130206,0.4698719933378785,0.4435103671146883,0.0590215877619442,0.1648675171736997,0.2228930078137482,0.0360392923420314,0.1648675171736997,0.4698719933378785,False,,,N100_drop0.50_s0.20_c0.05,1.0,0.0,0.0,False,False,1.0068271698186462,1.0170734897113791,-0.0865463796488441,-0.1149304575594595,False,,
2026-10-06,PNCINFRA,INE195J01029,138.74,138.74,196212167.73174605,277.48,0.293930362601733,0.0359984666004339,0.2892621023247698,0.1244493015542581,0.1538707615622974,0.0024795069778598,0.0263198455273492,0.0355218000765859,0.0462886527155056,0.0263198455273492,0.4500906473151357,0.0407785687560174,0.4500906473151357,0.4509025433277585,0.0322967316251199,0.1648675171736997,0.2892621023247698,0.0359984666004339,0.1648675171736997,0.4500906473151357,False,,,N100_drop0.50_s0.20_c0.05,1.0,0.0,0.0,False,False,1.0068271698186462,1.0170734897113791,-0.0865463796488441,-0.1149304575594595,False,,
2026-10-06,IKS,INE115Q01022,1761.0,1761.0,323313508.379365,3522.0,0.2937587640999198,0.0359642387238263,0.1563243134557319,0.2300617090764373,0.1735126624290927,0.0888257215938591,0.0262952627895534,0.0354879812908624,0.0462432087114889,0.0262952627895534,0.4793820910709299,0.041337941086116,0.4793820910709299,0.4422638214528137,0.0800271867020483,0.1648675171736997,0.1563243134557319,0.0359642387238263,0.1648675171736997,0.4793820910709299,False,,,N100_drop0.50_s0.20_c0.05,1.0,0.0,0.0,False,False,1.0068271698186462,1.0170734897113791,-0.0865463796488441,-0.1149304575594595,False,,
2026-10-06,TARACHAND,INE555Z01020,46.42,46.42,5063145.586666667,92.84,0.2935646886929648,0.0359255511939375,0.2600646247244025,0.138140861072546,0.1493112616534471,0.0490187853610765,0.0262674771183124,0.0354476776259561,0.0461918448570542,0.0262674771183124,0.418306545492271,0.052275032057226,0.418306545492271,0.4394325055730593,0.044608811128021,0.1578542883492161,0.2600646247244025,0.0359255511939375,0.1578542883492161,0.418306545492271,False,,,N100_drop0.50_s0.20_c0.05,1.0,0.0,0.0,False,False,1.0068271698186462,1.0170734897113791,-0.0865463796488441,-0.1149304575594595,False,,
2026-10-06,IRMENERGY,INE07U701015,262.1,262.1,27894667.22380952,524.2,0.2934711580212845,0.0359069155089192,0.1873336805342176,0.1916735709591774,0.1601316911418537,0.0377852500707179,0.0262540928403748,0.0354281444840031,0.0461671034685745,0.0262540928403748,0.5148396684061444,0.0120229428345094,0.5148396684061444,0.4898388510283005,0.0082179077036692,0.1732057416267942,0.1873336805342176,0.0359069155089192,0.1732057416267942,0.5148396684061444,False,,,N100_drop0.50_s0.20_c0.05,1.0,0.0,0.0,False,False,1.0068271698186462,1.0170734897113791,-0.0865463796488441,-0.1149304575594595,False,,
2026-10-06,RADIANTCMS,INE855R01021,34.82,34.82,10415491.227301588,69.64,0.2934634159507377,0.0359053731879107,0.2707132446122268,0.13263249546339,0.151441612452005,0.0689991740545566,0.0262529851350231,0.0354265279162669,0.0461650558422788,0.0262529851350231,0.4288967711957862,0.0463530402062211,0.4288967711957862,0.4266262573434636,0.050172824187775,0.1578542883492161,0.2707132446122268,0.0359053731879107,0.1578542883492161,0.4288967711957862,False,,,N100_drop0.50_s0.20_c0.05,1.0,0.0,0.0,False,False,1.0068271698186462,1.0170734897113791,-0.0865463796488441,-0.1149304575594595,False,,
2026-10-06,CARYSIL,INE482D01024,1033.1,1033.1,133024878.73492064,2066.2,0.2933585944786658,0.0358844953251029,0.1802522913804852,0.1990792741122841,0.1614179707801468,0.1102071262320245,0.0262379905171233,0.0354048804848293,0.046137338035164,0.0262379905171233,0.4839417350494264,0.0374904112703735,0.4839417350494264,0.4596412386170213,0.0725738901773742,0.1732057416267942,0.1802522913804852,0.0358844953251029,0.1732057416267942,0.4839417350494264,False,,,N100_drop0.50_s0.20_c0.05,1.0,0.0,0.0,False,False,1.0068271698186462,1.0170734897113791,-0.0865463796488441,-0.1149304575594595,False,,
2026-10-06,SMARTWORKS,INE0NAZ01010,503.9,503.9,66014984.421428576,1007.8,0.2932000417928053,0.0358529294493142,0.1650121889411055,0.2172744309337688,0.1544079910271169,0.106591238875374,0.0262153197121334,0.0353740647205128,0.0460954313388895,0.0262153197121334,0.4980788465908365,0.0343957558468512,0.4980788465908365,0.462999963869924,0.0398752402218529,0.1732057416267942,0.1650121889411055,0.0358529294493142,0.1732057416267942,0.4980788465908365,False,,,N100_drop0.50_s0.20_c0.05,1.0,0.0,0.0,False,False,1.0068271698186462,1.0170734897113791,-0.0865463796488441,-0.1149304575594595,False,,
2026-10-06,MANBA,INE939X01013,141.35,141.35,25238213.6868254,282.7,0.293119819290948,0.0358369645279164,0.1485906317004556,0.2411791653201951,0.1722275603835305,0.0696998432992412,0.0262038536141892,0.0353584792203251,0.0460742367113854,0.0262038536141892,0.4947551173069647,0.0329601645665668,0.4947551173069647,0.4470437904260698,0.0637623490319213,0.1648675171736997,0.1485906317004556,0.0358369645279164,0.1648675171736997,0.4947551173069647,False,,,N100_drop0.50_s0.20_c0.05,1.0,0.0,0.0,False,False,1.0068271698186462,1.0170734897113791,-0.0865463796488441,-0.1149304575594595,False,,
2026-10-06,ZENTEC,INE251B01027,1614.3,1614.3,743358392.0063492,3228.6,0.2929193134310974,0.0357970810061153,0.1716404910147919,0.208558486371554,0.1588827089434451,0.0953391358627315,0.0261752090581981,0.035319543687471,0.0460212892963853,0.0261752090581981,0.4521714974330377,0.0323919050533949,0.4521714974330377,0.431662367743485,0.0484236389297429,0.1578542883492161,0.1716404910147919,0.0357970810061153,0.1578542883492161,0.4521714974330377,False,,,N100_drop0.50_s0.20_c0.05,1.0,0.0,0.0,False,False,1.0068271698186462,1.0170734897113791,-0.0865463796488441,-0.1149304575594595,False,,
2026-10-06,RAMCOIND,INE614A01028,297.75,297.75,203939056.67142856,595.5,0.29288180943872,0.0357896238911821,0.1853677543554819,0.1930736228402917,0.1556419668984736,0.152844637295884,0.026169853321611,0.0353122638392246,0.0460113897447112,0.026169853321611,0.4561030438603438,0.0279499388479788,0.4561030438603438,0.4419367798249016,0.0548827850074331,0.1648675171736997,0.1853677543554819,0.0357896238911821,0.1648675171736997,0.4561030438603438,False,,,N100_drop0.50_s0.20_c0.05,1.0,0.0,0.0,False,False,1.0068271698186462,1.0170734897113791,-0.0865463796488441,-0.1149304575594595,False,,
2026-10-06,ARVSMART,INE034S01021,603.8,603.8,194756111.69682536,1207.6,0.2925627259021817,0.0357262167109119,0.1901582487736626,0.1878762396125944,0.164736749352632,0.1035956610871511,0.0261243140066399,0.0352503641828308,0.0459272166543089,0.0261243140066399,0.4703524431025412,0.0370787157688022,0.4703524431025412,0.4293238600422606,0.0692707254823857,0.1578542883492161,0.1901582487736626,0.0357262167109119,0.1578542883492161,0.4703524431025412,False,,,N100_drop0.50_s0.20_c0.05,1.0,0.0,0.0,False,False,1.0068271698186462,1.0170734897113791,-0.0865463796488441,-0.1149304575594595,False,,
2026-10-06,BALRAMCHIN,INE119A01028,691.3,691.3,2198218256.615873,1382.6,0.292549194250753,0.0357235292450774,0.2073312812859463,0.1723016856091696,0.160493938709665,0.1178769510666303,0.026122383858176,0.035247740621784,0.0459236491165724,0.026122383858176,0.486309906523777,0.0391999823422565,0.486309906523777,0.4415000497186341,0.0432094728392066,0.1578542883492161,0.2073312812859463,0.0357235292450774,0.1578542883492161,0.486309906523777,False,,,N100_drop0.50_s0.20_c0.05,1.0,0.0,0.0,False,False,1.0068271698186462,1.0170734897113791,-0.0865463796488441,-0.1149304575594595,False,,
2026-10-06,UJJIVANSFB,INE551W01018,65.19,65.19,1250558020.5725398,130.38,0.292332531696751,0.035680515364038,0.1524790835145161,0.2340026877236653,0.1706280692134533,0.0996825228366227,0.0260914911343471,0.0352057496655208,0.0458665501993677,0.0260914911343471,0.4588161441477217,0.0331607822852499,0.4588161441477217,0.4222234329355939,0.0664941823138241,0.1578542883492161,0.1524790835145161,0.035680515364038,0.1578542883492161,0.4588161441477217,False,,,N100_drop0.50_s0.20_c0.05,1.0,0.0,0.0,False,False,1.0068271698186462,1.0170734897113791,-0.0865463796488441,-0.1149304575594595,False,,
2026-10-06,MAMATA,INE0TO701015,395.65,395.65,30089108.12539682,791.3,0.2919183023894207,0.0355983654942345,0.1831116727097408,0.1944079531765471,0.1625330147181299,0.1473586100766264,0.0260324908702869,0.0351255539723476,0.0457604513292704,0.0260324908702869,0.4535132042816616,0.0355300144949005,0.4535132042816616,0.434058969281906,0.062389582005361,0.1578542883492161,0.1831116727097408,0.0355983654942345,0.1578542883492161,0.4535132042816616,False,,,N100_drop0.50_s0.20_c0.05,1.0,0.0,0.0,False,False,1.0068271698186462,1.0170734897113791,-0.0865463796488441,-0.1149304575594595,False,,
2026-10-06,GREENLAM,INE544R01021,212.02,212.02,31724524.86412698,424.04,0.2919122545684206,0.0355971669353717,0.1939420138538047,0.1835454125077058,0.1474141859225343,0.0954272974134209,0.0260316300626104,0.0351243839300509,0.0457590040315449,0.0260316300626104,0.4603397018027804,0.0221676837485388,0.4603397018027804,0.4481297114377203,0.0371627694802314,0.1648675171736997,0.1939420138538047,0.0355971669353717,0.1648675171736997,0.4603397018027804,False,,,N100_drop0.50_s0.20_c0.05,1.0,0.0,0.0,False,False,1.0068271698186462,1.0170734897113791,-0.0865463796488441,-0.1149304575594595,False,,
2026-10-06,ABSLAMC,INE404A01024,1009.65,1009.65,265058139.6698413,2019.3,0.2918043596467393,0.0355757883679096,0.1845857578194455,0.1927331165100423,0.1627713738915016,0.1082498398409711,0.026016275930122,0.035103514035172,0.045733188182687,0.026016275930122,0.4727482991618321,0.0384620100347248,0.4727482991618321,0.4531243450239834,0.0717079682410494,0.1732057416267942,0.1845857578194455,0.0355757883679096,0.1732057416267942,0.4727482991618321,False,,,N100_drop0.50_s0.20_c0.05,1.0,0.0,0.0,False,False,1.0068271698186462,1.0170734897113791,-0.0865463796488441,-0.1149304575594595,False,,
2026-10-06,PDSL,INE111Q01021,347.4,347.4,116107097.41825396,694.8,0.2916086836495963,0.0355370363391946,0.1531847537880884,0.2319880762308473,0.156860734181744,0.0833201680598057,0.0259884441542397,0.0350656841793262,0.0456863902115011,0.0259884441542397,0.4821205665709713,0.0186352096497785,0.4821205665709713,0.4563770496160051,0.0387457821293422,0.1732057416267942,0.1531847537880884,0.0355370363391946,0.1732057416267942,0.4821205665709713,False,,,N100_drop0.50_s0.20_c0.05,1.0,0.0,0.0,False,False,1.0068271698186462,1.0170734897113791,-0.0865463796488441,-0.1149304575594595,False,,
2026-10-06,LINCOLN,INE405C01035,577.8,577.8,28882596.81746032,1155.6,0.2915124644506091,0.0355179902243354,0.1709830255929054,0.2077281654197677,0.1539797613680042,0.0512093265530457,0.0259747652067457,0.0350470913586108,0.0456633883593311,0.0259747652067457,0.4804045151587923,0.0158037136250197,0.4804045151587923,0.4635896892186378,0.0494528517093258,0.1732057416267942,0.1709830255929054,0.0355179902243354,0.1732057416267942,0.4804045151587923,False,,,N100_drop0.50_s0.20_c0.05,1.0,0.0,0.0,False,False,1.0068271698186462,1.0170734897113791,-0.0865463796488441,-0.1149304575594595,False,,
2026-10-06,SAATVIKGL,INE13B501022,402.5,402.5,65136273.37619048,805.0,0.2910817751940424,0.0354328125712792,0.2003188951797593,0.1768820287246644,0.1703860116183736,0.114631432067826,0.0258992794769995,0.034952503130937,0.0455605097486304,0.0258992794769995,0.4337029436038086,0.0552042826912681,0.4337029436038086,0.4040459720924093,0.0873167445147871,0.1578542883492161,0.2003188951797593,0.0354328125712792,0.1578542883492161,0.4337029436038086,False,,,N100_drop0.50_s0.20_c0.05,1.0,0.0,0.0,False,False,1.0068271698186462,1.0170734897113791,-0.0865463796488441,-0.1149304575594595,False,,
2026-10-06,AFFLE,INE00WC01027,1450.2,1450.2,579444256.668254,2900.4,0.2910242193702885,0.0354214390243708,0.2175738956812124,0.1628018789362034,0.15742167559868,0.0708719330715899,0.0258879950222484,0.0349394965577786,0.0455467713781236,0.0258879950222484,0.427117815530196,0.0466377160854471,0.427117815530196,0.4251349381729175,0.0530170116895139,0.1578542883492161,0.2175738956812124,0.0354214390243708,0.1578542883492161,0.427117815530196,False,,,N100_drop0.50_s0.20_c0.05,1.0,0.0,0.0,False,False,1.0068271698186462,1.0170734897113791,-0.0865463796488441,-0.1149304575594595,False,,
2026-10-06,KALPATARU,INE227J01012,269.8,269.8,37669993.9047619,539.6,0.2909287816565118,0.0354025845053457,0.2135008047715433,0.1658194428973152,0.1548711252810053,0.0262531119415004,0.0258694126023958,0.0349179363243616,0.0455239959129255,0.0258694126023958,0.451972209715385,0.0347666122880188,0.451972209715385,0.4452685164687386,0.0403159154133524,0.1648675171736997,0.2135008047715433,0.0354025845053457,0.1648675171736997,0.451972209715385,False,,,N100_drop0.50_s0.20_c0.05,1.0,0.0,0.0,False,False,1.0068271698186462,1.0170734897113791,-0.0865463796488441,-0.1149304575594595,False,,
2026-10-06,KPIL,INE220B01022,1451.5,1451.5,298014631.40793645,2903.0,0.2907802159490162,0.0353732460913289,0.1348158027076868,0.2623820455827917,0.17324202098204,0.0701593550843379,0.0258406086958196,0.0348843912757298,0.0454885547173413,0.0258406086958196,0.4896278226257268,0.0442160313352739,0.4896278226257268,0.4155308527264353,0.0688594718573461,0.1578542883492161,0.1348158027076868,0.0353732460913289,0.1578542883492161,0.4896278226257268,False,,,N100_drop0.50_s0.20_c0.05,1.0,0.0,0.0,False,False,1.0068271698186462,1.0170734897113791,-0.0865463796488441,-0.1149304575594595,False,,
2026-10-06,TEMBO,INE869Y01028,58.25,58.25,125427646.02412698,116.5,0.2907688903711065,0.0353710101407748,0.2098175124417459,0.1685798755744726,0.159352301079568,0.1033537852786541,0.0258384138213473,0.0348818349058114,0.0454858535779849,0.0258384138213473,0.4431237895999877,0.0469740967737093,0.4431237895999877,0.426484000708244,0.0643881769993454,0.1578542883492161,0.2098175124417459,0.0353710101407748,0.1578542883492161,0.4431237895999877,False,,,N100_drop0.50_s0.20_c0.05,1.0,0.0,0.0,False,False,1.0068271698186462,1.0170734897113791,-0.0865463796488441,-0.1149304575594595,False,,
2026-10-06,TVSELECT,INE236G01019,404.2,404.2,47701227.82698412,808.4,0.2904745167883266,0.0353129232060682,0.2472786646139488,0.1428061869437815,0.1668382702391867,0.0652955015041119,0.0257814108713028,0.0348154327711171,0.0454156776391676,0.0257814108713028,0.4181260904854194,0.0711515411254457,0.4181260904854194,0.3781118230997194,0.0912780946775207,0.1578542883492161,0.2472786646139488,0.0353129232060682,0.1578542883492161,0.4181260904854194,False,,,N100_drop0.50_s0.20_c0.05,1.0,0.0,0.0,False,False,1.0068271698186462,1.0170734897113791,-0.0865463796488441,-0.1149304575594595,False,,
2026-10-06,SENCO,INE602W01027,318.75,318.75,678975759.2706349,637.5,0.2904451097663491,0.0353071236426752,0.2176474875681972,0.1622215998777023,0.152652687440516,0.1065004588567727,0.0257757213221106,0.0348088039317532,0.0454086706485232,0.0257757213221106,0.4386814430789803,0.0381184853840884,0.4386814430789803,0.4300015651576529,0.0469682806255576,0.1578542883492161,0.2176474875681972,0.0353071236426752,0.1578542883492161,0.4386814430789803,False,,,N100_drop0.50_s0.20_c0.05,1.0,0.0,0.0,False,False,1.0068271698186462,1.0170734897113791,-0.0865463796488441,-0.1149304575594595,False,,
2026-10-06,GPTINFRA,INE390G01014,121.62,121.62,25117702.71555556,243.24,0.290223744887225,0.0352634850532918,0.1515888319213783,0.2326258775552888,0.1736947086619898,0.0787838288382,0.0257329209375401,0.0347589309490016,0.0453559443312563,0.0257329209375401,0.4770346003890877,0.0322524132865054,0.4770346003890877,0.4326761431623484,0.0624927248687647,0.1578542883492161,0.1515888319213783,0.0352634850532918,0.1578542883492161,0.4770346003890877,False,,,N100_drop0.50_s0.20_c0.05,1.0,0.0,0.0,False,False,1.0068271698186462,1.0170734897113791,-0.0865463796488441,-0.1149304575594595,False,,
2026-10-06,EMSLIMITED,INE0OV601013,334.25,334.25,218562196.3873016,668.5,0.2900592696299217,0.0352310822856459,0.2390700275882527,0.1473672071779905,0.1553768742898665,0.1050329289356299,0.0257011524505518,0.0347219052269988,0.045316790849491,0.0257011524505518,0.4546413516318132,0.0471369898318088,0.4546413516318132,0.4701716850893407,0.0830660105207923,0.1732057416267942,0.2390700275882527,0.0352310822856459,0.1732057416267942,0.4546413516318132,False,,,N100_drop0.50_s0.20_c0.05,1.0,0.0,0.0,False,False,1.0068271698186462,1.0170734897113791,-0.0865463796488441,-0.1149304575594595,False,,
2026-10-06,INDIGOPNTS,INE09VQ01012,1062.4,1062.4,115954958.24761902,2124.8,0.2898942618769389,0.0351985925329848,0.1675417768614108,0.2100884519214623,0.1522516661065972,0.0990641717528999,0.025669308864153,0.0346861820805488,0.0452775298247539,0.025669308864153,0.4839558496957734,0.0111975997749063,0.4839558496957734,0.4734272196433073,0.0374850511306679,0.1732057416267942,0.1675417768614108,0.0351985925329848,0.1732057416267942,0.4839558496957734,False,,,N100_drop0.50_s0.20_c0.05,1.0,0.0,0.0,False,False,1.0068271698186462,1.0170734897113791,-0.0865463796488441,-0.1149304575594595,False,,
2026-10-06,GOKULAGRO,INE314T01033,210.95,210.95,130441870.18539684,421.9,0.2897332929894196,0.0351669153119157,0.1647084963112799,0.2135100258911621,0.1530676180249465,0.0677346026856983,0.0256382714727361,0.0346535959487608,0.0452392483232517,0.0256382714727361,0.5031621755275132,0.023314995526176,0.5031621755275132,0.4802178034257058,0.0439274624404806,0.1732057416267942,0.1647084963112799,0.0351669153119157,0.1732057416267942,0.5031621755275132,False,,,N100_drop0.50_s0.20_c0.05,1.0,0.0,0.0,False,False,1.0068271698186462,1.0170734897113791,-0.0865463796488441,-0.1149304575594595,False,,
2026-10-06,VPRPL,INE0AE001013,28.77,28.77,21538899.766984127,57.54,0.2896393839757998,0.0351484427484967,0.3483923473507579,0.1008875281439798,0.1589937946719095,0.0359890275904919,0.0256201765052482,0.0346359671878896,0.0452169234035359,0.0256201765052482,0.4547813463964143,0.0441184129505774,0.4547813463964143,0.4282541396133327,0.0555006043279412,0.1578542883492161,0.3483923473507579,0.0351484427484967,0.1578542883492161,0.4547813463964143,False,,,N100_drop0.50_s0.20_c0.05,1.0,0.0,0.0,False,False,1.0068271698186462,1.0170734897113791,-0.0865463796488441,-0.1149304575594595,False,,
2026-10-06,ZOTA,INE358U01012,1278.6,1278.6,113282912.0936508,2557.2,0.2896228798856099,0.0351451968777023,0.2308963695738436,0.1522119942490584,0.1712036603357797,0.1419789665396825,0.0256169973239779,0.0346328695578873,0.0452130005417977,0.0256169973239779,0.4228648875749736,0.0704617518198116,0.4228648875749736,0.4051610513875681,0.0868425464447278,0.1578542883492161,0.2308963695738436,0.0351451968777023,0.1578542883492161,0.4228648875749736,False,,,N100_drop0.50_s0.20_c0.05,1.0,0.0,0.0,False,False,1.0068271698186462,1.0170734897113791,-0.0865463796488441,-0.1149304575594595,False,,
2026-10-06,EVEREADY,INE128A01029,320.1,320.1,43963700.40158731,640.2,0.2895521506972306,0.035131288549925,0.1958767623291795,0.1793540394081325,0.1667749996950404,0.1283808426996935,0.0256033759104163,0.0346195963422723,0.0451961910792504,0.0256033759104163,0.4330097303749716,0.0523330534027248,0.4330097303749716,0.3991101974041032,0.0811621396923446,0.1578542883492161,0.1958767623291795,0.035131288549925,0.1578542883492161,0.4330097303749716,False,,,N100_drop0.50_s0.20_c0.05,1.0,0.0,0.0,False,False,1.0068271698186462,1.0170734897113791,-0.0865463796488441,-0.1149304575594595,False,,
2026-10-06,POLYPLEX,INE633B01018,1034.3,1034.3,101472536.23888887,2068.6,0.2890113456932145,0.0350250523383533,0.1601967596691866,0.2186377078455367,0.1520753041014765,0.0751798310944356,0.0254993930411773,0.0345136425574156,0.0450677802878056,0.0254993930411773,0.5160800532645532,0.0237858882936245,0.5160800532645532,0.4978419485319228,0.0352558077904873,0.1829411764705882,0.1601967596691866,0.0350250523383533,0.1829411764705882,0.5160800532645532,False,,,N100_drop0.50_s0.20_c0.05,1.0,0.0,0.0,False,False,1.0068271698186462,1.0170734897113791,-0.0865463796488441,-0.1149304575594595,False,,
2026-10-06,RESPONIND,INE688D01026,156.31,156.31,367283083.4312699,312.62,0.2888287248394472,0.0349892215411412,0.2460032658350213,0.14223071967104,0.1614640848666972,0.0647986818115551,0.0254643469113283,0.0344744067932477,0.0450244646558066,0.0254643469113283,0.4382987350647185,0.0444917642286186,0.4382987350647185,0.4370405497566707,0.0451227790979146,0.1578542883492161,0.2460032658350213,0.0349892215411412,0.1578542883492161,0.4382987350647185,False,,,N100_drop0.50_s0.20_c0.05,1.0,0.0,0.0,False,False,1.0068271698186462,1.0170734897113791,-0.0865463796488441,-0.1149304575594595,False,,
2026-10-06,EDELWEISS,INE532F01054,135.53,135.53,783929002.1971428,271.06,0.2887678012955432,0.0349772730166826,0.1728647598978175,0.202338944255371,0.1740321885406169,0.0942700743399417,0.0254526628202256,0.0344613238444005,0.0450100194941165,0.0254526628202256,0.4432993402044778,0.0451104940976772,0.4432993402044778,0.3899714571176573,0.0797262122360151,0.1578542883492161,0.1728647598978175,0.0349772730166826,0.1578542883492161,0.4432993402044778,False,,,N100_drop0.50_s0.20_c0.05,1.0,0.0,0.0,False,False,1.0068271698186462,1.0170734897113791,-0.0865463796488441,-0.1149304575594595,False,,
2026-10-06,NUVAMA,INE531F01023,1838.8,1838.8,841344589.7238095,3677.6,0.2886876284423232,0.0349615529664399,0.1725607095545378,0.2026043649026047,0.1783771381000371,0.100728403892107,0.0254372927821963,0.0344441120783748,0.04499101424281,0.0254372927821963,0.4687517999610121,0.0498129421928226,0.4687517999610121,0.4145630826578137,0.0765254258811343,0.1578542883492161,0.1725607095545378,0.0349615529664399,0.1578542883492161,0.4687517999610121,False,,,N100_drop0.50_s0.20_c0.05,1.0,0.0,0.0,False,False,1.0068271698186462,1.0170734897113791,-0.0865463796488441,-0.1149304575594595,False,,
2026-10-06,STAR,INE939A01011,1088.7,1088.7,394101961.3857143,2177.4,0.2885178049464826,0.0349282684147433,0.1871213287930316,0.1866610751432633,0.1730221838735293,0.1057318193855046,0.0254047572419025,0.0344076720240591,0.0449507719352054,0.0254047572419025,0.4535983490187723,0.0420308228376896,0.4535983490187723,0.4105792763187741,0.074844412759602,0.1578542883492161,0.1871213287930316,0.0349282684147433,0.1578542883492161,0.4535983490187723,False,,,N100_drop0.50_s0.20_c0.05,1.0,0.0,0.0,False,False,1.0068271698186462,1.0170734897113791,-0.0865463796488441,-0.1149304575594595,False,,
2026-10-06,LLOYDSME,INE281B01032,1858.2,1858.2,946988081.531746,3716.4,0.2883733124763452,0.0348999635061186,0.1488470654337788,0.2344686030887548,0.1710596767323457,0.0784574840357998,0.0253770977549777,0.0343766868609537,0.044916548178999,0.0253770977549777,0.4969617293945779,0.0235302321524186,0.4969617293945779,0.442833043052405,0.0544149863013205,0.1648675171736997,0.1488470654337788,0.0348999635061186,0.1648675171736997,0.4969617293945779,False,,,N100_drop0.50_s0.20_c0.05,1.0,0.0,0.0,False,False,1.0068271698186462,1.0170734897113791,-0.0865463796488441,-0.1149304575594595,False,,
2026-10-06,EPL,INE255A01020,237.23,237.23,1024357954.0553968,474.46,0.2877913320099515,0.0347860966938168,0.1622889212304241,0.2143467122098013,0.1613700587263208,0.0875680090441321,0.0252659061171336,0.0342590891718092,0.0447788517726308,0.0252659061171336,0.4562829030062483,0.0289184408928888,0.4562829030062483,0.4369942625386014,0.0558647343684755,0.1578542883492161,0.1622889212304241,0.0347860966938168,0.1578542883492161,0.4562829030062483,False,,,N100_drop0.50_s0.20_c0.05,1.0,0.0,0.0,False,False,1.0068271698186462,1.0170734897113791,-0.0865463796488441,-0.1149304575594595,False,,
2026-10-06,DCMSHRIRAM,INE499A01024,988.85,988.85,151968915.83095238,1977.7,0.2876995008538544,0.034768149804941,0.2197073038451766,0.1582475830181844,0.1604721532730846,0.0813447830318685,0.025248392387245,0.0342431089570078,0.044757146268634,0.025248392387245,0.4201970876824475,0.0557285064140516,0.4201970876824475,0.4041831262038618,0.0732929668406023,0.1578542883492161,0.2197073038451766,0.034768149804941,0.1578542883492161,0.4201970876824475,False,,,N100_drop0.50_s0.20_c0.05,1.0,0.0,0.0,False,False,1.0068271698186462,1.0170734897113791,-0.0865463796488441,-0.1149304575594595,False,,
2026-10-06,HCG,INE075I01017,680.55,680.55,127476550.4079365,1361.1,0.2876920789993907,0.0347666995663972,0.1571554735285694,0.2212248723241383,0.1600588608393564,0.1071404417648683,0.0252469772881491,0.0342418176117456,0.0447553922739039,0.0252469772881491,0.4748878173433715,0.0361810246892049,0.4748878173433715,0.4373465907088528,0.0573615642786078,0.1578542883492161,0.1571554735285694,0.0347666995663972,0.1578542883492161,0.4748878173433715,False,,,N100_drop0.50_s0.20_c0.05,1.0,0.0,0.0,False,False,1.0068271698186462,1.0170734897113791,-0.0865463796488441,-0.1149304575594595,False,,
2026-10-06,NCLIND,INE732C01016,166.8,166.8,8612234.128253968,333.6,0.2876407708600915,0.0347566748843695,0.1576019393624137,0.2205345633751672,0.1569818651407309,0.0913451667247384,0.0252371960659306,0.0342328911540106,0.0447432677620207,0.0252371960659306,0.4550798211843978,0.0337766035738611,0.4550798211843978,0.4146907659213588,0.0648899827978629,0.1578542883492161,0.1576019393624137,0.0347566748843695,0.1578542883492161,0.4550798211843978,False,,,N100_drop0.50_s0.20_c0.05,1.0,0.0,0.0,False,False,1.0068271698186462,1.0170734897113791,-0.0865463796488441,-0.1149304575594595,False,,
2026-10-06,TECHNOE,INE285K01026,996.2,996.2,173081633.49126986,1992.4,0.2875248405172271,0.0347340305290374,0.203662593058769,0.1705469325877364,0.169946432400654,0.0648442939763172,0.0252151052582847,0.0342127267910787,0.0447158793195815,0.0252151052582847,0.414286471404667,0.0669700734894303,0.414286471404667,0.3982936883087542,0.0784583834801585,0.1578542883492161,0.203662593058769,0.0347340305290374,0.1578542883492161,0.414286471404667,False,,,N100_drop0.50_s0.20_c0.05,1.0,0.0,0.0,False,False,1.0068271698186462,1.0170734897113791,-0.0865463796488441,-0.1149304575594595,False,,
2026-10-06,SANDHAR,INE278H01035,558.1,558.1,131116884.60555556,1116.2,0.2874834986116569,0.0347259574525197,0.184462808982589,0.1882545194017804,0.1539010848057047,0.0857274336975866,0.0252072307395296,0.0342055376225843,0.0447061146097188,0.0252072307395296,0.465539953575441,0.0314851464772199,0.465539953575441,0.4455064827882156,0.0537969541050467,0.1648675171736997,0.184462808982589,0.0347259574525197,0.1648675171736997,0.465539953575441,False,,,N100_drop0.50_s0.20_c0.05,1.0,0.0,0.0,False,False,1.0068271698186462,1.0170734897113791,-0.0865463796488441,-0.1149304575594595,False,,
2026-10-06,MAHLOG,INE766P01016,415.05,415.05,117935406.52380952,830.1,0.2873614107634402,0.0347021231587362,0.1441905008893635,0.2406685804175339,0.1654154116888918,0.0724083884644234,0.0251839863608103,0.0341843121423873,0.0446772851854359,0.0251839863608103,0.5029883878563399,0.0385301325057737,0.5029883878563399,0.4460019723266785,0.0548986884367919,0.1648675171736997,0.1441905008893635,0.0347021231587362,0.1648675171736997,0.5029883878563399,False,,,N100_drop0.50_s0.20_c0.05,1.0,0.0,0.0,False,False,1.0068271698186462,1.0170734897113791,-0.0865463796488441,-0.1149304575594595,False,,
2026-10-06,KKCL,INE401H01017,474.55,474.55,22540903.787301585,949.1,0.2872794639395827,0.0346861307550787,0.1690071368358457,0.2052347102286507,0.1528962125591122,0.0937994805352982,0.0251683928876401,0.0341700695673758,0.0446579403889583,0.0251683928876401,0.463481410311518,0.0239058314041806,0.463481410311518,0.4292001371742782,0.0502469699343465,0.1578542883492161,0.1690071368358457,0.0346861307550787,0.1578542883492161,0.463481410311518,False,,,N100_drop0.50_s0.20_c0.05,1.0,0.0,0.0,False,False,1.0068271698186462,1.0170734897113791,-0.0865463796488441,-0.1149304575594595,False,,
2026-10-06,SNOWMAN,INE734N01019,34.24,34.24,7472426.003333333,68.48,0.2868743086446035,0.034607126714362,0.2089482937706251,0.1656253137551454,0.1508499217283667,0.0454410391373869,0.0250913962482518,0.0340988385819399,0.044562366404172,0.0250913962482518,0.4729610679654439,0.0301749599374175,0.4729610679654439,0.4633688864594698,0.0398709126342569,0.1732057416267942,0.2089482937706251,0.034607126714362,0.1732057416267942,0.4729610679654439,False,,,N100_drop0.50_s0.20_c0.05,1.0,0.0,0.0,False,False,1.0068271698186462,1.0170734897113791,-0.0865463796488441,-0.1149304575594595,False,,
2026-10-06,PWL,INE0LP301011,131.86,131.86,1760388445.9046032,263.72,0.2866505165283976,0.0345635338253327,0.2117144531918182,0.1632554287355026,0.1716260031629911,0.099085416748616,0.0250489371227515,0.034053756355578,0.0445096242727763,0.0250489371227515,0.4683881468210895,0.0447638017927222,0.4683881468210895,0.4169916150101586,0.0669979365782312,0.1578542883492161,0.2117144531918182,0.0345635338253327,0.1578542883492161,0.4683881468210895,False,,,N100_drop0.50_s0.20_c0.05,1.0,0.0,0.0,False,False,1.0068271698186462,1.0170734897113791,-0.0865463796488441,-0.1149304575594595,False,,
2026-10-06,REFEX,INE056I01025,265.15,265.15,162637747.2809524,530.3,0.2865645546720309,0.0345467978265166,0.2332458916954888,0.1481132103780792,0.1618898335571144,0.0748173781518817,0.0250326413324919,0.0340364493224813,0.0444893745492581,0.0250326413324919,0.4530520619538253,0.0343959806444721,0.4530520619538253,0.4373236682239148,0.068281084053375,0.1578542883492161,0.2332458916954888,0.0345467978265166,0.1578542883492161,0.4530520619538253,False,,,N100_drop0.50_s0.20_c0.05,1.0,0.0,0.0,False,False,1.0068271698186462,1.0170734897113791,-0.0865463796488441,-0.1149304575594595,False,,
2026-10-06,MARSONS,INE415B01044,119.24,119.24,313335723.8177778,238.48,0.2864718989483624,0.0345287639805441,0.2538750143740982,0.136006940524144,0.155266304527754,0.0744447526362334,0.0250150849012003,0.0340178006230841,0.0444675537583954,0.0250150849012003,0.4384387937681985,0.0506316456027677,0.4384387937681985,0.4081983164962923,0.06471032860919,0.1578542883492161,0.2538750143740982,0.0345287639805441,0.1578542883492161,0.4384387937681985,False,,,N100_drop0.50_s0.20_c0.05,1.0,0.0,0.0,False,False,1.0068271698186462,1.0170734897113791,-0.0865463796488441,-0.1149304575594595,False,,
2026-10-06,DCAL,INE385W01011,153.57,153.57,52341199.75380953,307.14,0.2861321560744307,0.0344626866641584,0.2580572508588792,0.1335466705525924,0.1585319100023206,0.042133788380132,0.024950784084819,0.0339494745521751,0.0443875942634114,0.024950784084819,0.4270457786336354,0.0546216478534944,0.4270457786336354,0.4299343580258763,0.0744207803279891,0.1578542883492161,0.2580572508588792,0.0344626866641584,0.1578542883492161,0.4270457786336354,False,,,N100_drop0.50_s0.20_c0.05,1.0,0.0,0.0,False,False,1.0068271698186462,1.0170734897113791,-0.0865463796488441,-0.1149304575594595,False,,
2026-10-06,SIYSIL,INE076B01028,553.45,553.45,28219574.237301584,1106.9,0.2857448211953123,0.0343874446274707,0.1955718198328661,0.1758302635668981,0.1574166804428479,0.0511474915623108,0.0248776170702339,0.0338716797467769,0.0442965321062675,0.0248776170702339,0.4457508374395146,0.0412940423456097,0.4457508374395146,0.4249716685970415,0.0562364403245511,0.1578542883492161,0.1955718198328661,0.0343874446274707,0.1578542883492161,0.4457508374395146,False,,,N100_drop0.50_s0.20_c0.05,1.0,0.0,0.0,False,False,1.0068271698186462,1.0170734897113791,-0.0865463796488441,-0.1149304575594595,False,,
2026-10-06,ELGIEQUIP,INE285A01027,599.25,599.25,297088819.20873016,1198.5,0.2855830822678576,0.0343560547464448,0.1408972265150474,0.2438376935884948,0.1586587371905046,0.0787827570748734,0.0248473585179443,0.0338392273729618,0.0442585383526052,0.0248473585179443,0.5021614297665921,0.0225545710204837,0.5021614297665921,0.4639224325389635,0.042661588067024,0.1732057416267942,0.1408972265150474,0.0343560547464448,0.1732057416267942,0.5021614297665921,False,,,N100_drop0.50_s0.20_c0.05,1.0,0.0,0.0,False,False,1.0068271698186462,1.0170734897113791,-0.0865463796488441,-0.1149304575594595,False,,
2026-10-06,APOLLO,INE713T01028,408.05,408.05,2598989587.111111,816.1,0.2853099529033301,0.0343030850265009,0.19888303672464,0.1724786869279084,0.1840340230867813,0.0992182931431126,0.0247963598718684,0.033780714270604,0.0441944194666269,0.0247963598718684,0.4571386086054829,0.0634569432246509,0.4571386086054829,0.3879198286943744,0.0879635984088103,0.1578542883492161,0.19888303672464,0.0343030850265009,0.1578542883492161,0.4571386086054829,False,,,N100_drop0.50_s0.20_c0.05,1.0,0.0,0.0,False,False,1.0068271698186462,1.0170734897113791,-0.0865463796488441,-0.1149304575594595,False,,
2026-10-06,MOSCHIP,INE935B01025,197.7,197.7,654334883.7007936,395.4,0.2852828544989233,0.0342978322981492,0.218342714776768,0.1570825586427973,0.1569288813231177,0.0627683457402628,0.0247913040717226,0.0337748476441899,0.0441880607725726,0.0247913040717226,0.4361805380829298,0.0426670954517443,0.4361805380829298,0.428320315630669,0.0512300888845985,0.1578542883492161,0.218342714776768,0.0342978322981492,0.1578542883492161,0.4361805380829298,False,,,N100_drop0.50_s0.20_c0.05,1.0,0.0,0.0,False,False,1.0068271698186462,1.0170734897113791,-0.0865463796488441,-0.1149304575594595,False,,
2026-10-06,HERITGFOOD,INE978A01027,406.1,406.1,194947113.25396827,812.2,0.2851013836526802,0.0342626684319162,0.177128274360439,0.1934342134570508,0.1724365448242477,0.0214962602695403,0.024757465343956,0.0337355771611224,0.0441454914475519,0.024757465343956,0.4824576257246109,0.0210119462893711,0.4824576257246109,0.4554033397775752,0.0551829836432381,0.1732057416267942,0.177128274360439,0.0342626684319162,0.1732057416267942,0.4824576257246109,False,,,N100_drop0.50_s0.20_c0.05,1.0,0.0,0.0,False,False,1.0068271698186462,1.0170734897113791,-0.0865463796488441,-0.1149304575594595,False,,
2026-10-06,ZUARI,INE840M01016,218.28,218.28,26760289.793650795,436.56,0.2850852123800655,0.0342595359367418,0.1911574246468011,0.1792215813748417,0.1561862499915679,0.0627743751933884,0.0247544514718305,0.0337320790956913,0.044141699111475,0.0247544514718305,0.4424240498650862,0.0484498311631747,0.4424240498650862,0.4250506246489423,0.0666987582505775,0.1578542883492161,0.1911574246468011,0.0342595359367418,0.1578542883492161,0.4424240498650862,False,,,N100_drop0.50_s0.20_c0.05,1.0,0.0,0.0,False,False,1.0068271698186462,1.0170734897113791,-0.0865463796488441,-0.1149304575594595,False,,
2026-10-06,INSECTICID,INE070I01018,584.15,584.15,16394729.51984127,1168.3,0.2850337874958538,0.0342495756820338,0.1848511752438729,0.1852818930517947,0.1557374236139322,0.045952875585114,0.0247448690238869,0.0337209567348534,0.044129640635753,0.0247448690238869,0.4649675275060312,0.0219401795212301,0.4649675275060312,0.4458159046161959,0.0379049490761938,0.1648675171736997,0.1848511752438729,0.0342495756820338,0.1648675171736997,0.4649675275060312,False,,,N100_drop0.50_s0.20_c0.05,1.0,0.0,0.0,False,False,1.0068271698186462,1.0170734897113791,-0.0865463796488441,-0.1149304575594595,False,,
2026-10-06,EIHAHOTELS,INE276C01014,297.8,297.8,5469737.237301587,595.6,0.2848431747114471,0.0342126716872151,0.173589485192242,0.1970895394345243,0.1653821219310386,0.0976627443471628,0.0247093731602027,0.0336823326149065,0.0440849604195891,0.0247093731602027,0.467200902993111,0.0282200728628709,0.467200902993111,0.4243973644924484,0.0538604150141808,0.1578542883492161,0.173589485192242,0.0342126716872151,0.1578542883492161,0.467200902993111,False,,,N100_drop0.50_s0.20_c0.05,1.0,0.0,0.0,False,False,1.0068271698186462,1.0170734897113791,-0.0865463796488441,-0.1149304575594595,False,,
2026-10-06,HLEGLAS,INE461D01028,447.1,447.1,171814411.39206347,894.2,0.284637395115966,0.0341728576881386,0.3125215941161973,0.1093455886937304,0.180803557216091,0.0761995202763113,0.0246794548037282,0.0336452913623839,0.0440367533965963,0.0246794548037282,0.4481814300237035,0.0702723714978172,0.4481814300237035,0.4447355965640105,0.0714954960457757,0.1648675171736997,0.3125215941161973,0.0341728576881386,0.1648675171736997,0.4481814300237035,False,,,N100_drop0.50_s0.20_c0.05,1.0,0.0,0.0,False,False,1.0068271698186462,1.0170734897113791,-0.0865463796488441,-0.1149304575594595,False,,
2026-10-06,POONAWALLA,INE511C01022,460.45,460.45,607087295.3412699,920.9,0.2843511582176238,0.0341175224449033,0.1785253366511295,0.1911074533447043,0.1702378135018939,0.0924441791851595,0.0246443757543005,0.0335926691353844,0.0439697469109985,0.0246443757543005,0.4439826735220509,0.0414386035963814,0.4439826735220509,0.4093776156930289,0.0751852738219059,0.1578542883492161,0.1785253366511295,0.0341175224449033,0.1578542883492161,0.4439826735220509,False,,,N100_drop0.50_s0.20_c0.05,1.0,0.0,0.0,False,False,1.0068271698186462,1.0170734897113791,-0.0865463796488441,-0.1149304575594595,False,,
2026-10-06,TEJASNET,INE010J01012,475.85,475.85,1607519316.779365,951.7,0.2841562718876706,0.0340798773668925,0.2133498536688001,0.1597370552679049,0.152239423305314,0.092130651237677,0.0246205080386699,0.0335537651764147,0.0439241576194495,0.0246205080386699,0.4973928627337829,0.0138383624909841,0.4973928627337829,0.4721197813885797,0.019067915922562,0.1732057416267942,0.2133498536688001,0.0340798773668925,0.1732057416267942,0.4973928627337829,False,,,N100_drop0.50_s0.20_c0.05,1.0,0.0,0.0,False,False,1.0068271698186462,1.0170734897113791,-0.0865463796488441,-0.1149304575594595,False,,
2026-10-06,PRIMESECU,INE032B01021,297.05,297.05,10540003.625396824,594.1,0.2840036547105924,0.0340504143034008,0.1439305501822784,0.2365753084406211,0.1664373195228169,0.0950847625364249,0.0246018261181252,0.0335233183269802,0.0438884746350017,0.0246018261181252,0.4906337822915708,0.0505847386799711,0.4906337822915708,0.4051238742391996,0.0692131811393326,0.1578542883492161,0.1439305501822784,0.0340504143034008,0.1578542883492161,0.4906337822915708,False,,,N100_drop0.50_s0.20_c0.05,1.0,0.0,0.0,False,False,1.0068271698186462,1.0170734897113791,-0.0865463796488441,-0.1149304575594595,False,,
2026-10-06,RELTD,INE206N01018,147.25,147.25,50198090.34238095,294.5,0.2835837588877935,0.0339694300912973,0.1710742105687336,0.1985654645335875,0.1533922584521812,0.0907722965856265,0.0245510233603211,0.0334396367271552,0.0437903832647253,0.0245510233603211,0.4722921987406449,0.0176175996769447,0.4722921987406449,0.4355035691425382,0.0464594442421744,0.1578542883492161,0.1710742105687336,0.0339694300912973,0.1578542883492161,0.4722921987406449,False,,,N100_drop0.50_s0.20_c0.05,1.0,0.0,0.0,False,False,1.0068271698186462,1.0170734897113791,-0.0865463796488441,-0.1149304575594595,False,,
2026-10-06,GOODYEAR,INE533A01012,685.95,685.95,8983369.644444443,1371.9,0.2834390961055791,0.0339415556822391,0.1710070034563159,0.1984805007761542,0.2139970344501106,0.0868599904058889,0.0245336065552961,0.0334108361700649,0.0437566170286502,0.0245336065552961,0.5564282768918143,0.1039231312612112,0.5564282768918143,0.494919630132091,0.1102595179653905,0.1732057416267942,0.1710070034563159,0.0339415556822391,0.1732057416267942,0.5564282768918143,False,,,N100_drop0.50_s0.20_c0.05,1.0,0.0,0.0,False,False,1.0068271698186462,1.0170734897113791,-0.0865463796488441,-0.1149304575594595,False,,
2026-10-06,CHEMPLASTS,INE488A01050,210.24,210.24,160206207.57666665,420.48,0.2825601009089808,0.033772475662126,0.3078184589369606,0.1097155634485275,0.1752470247599412,0.1259848384470737,0.0244279235037027,0.0332379901155591,0.0435517586767043,0.0244279235037027,0.4074791706829629,0.1018296055881345,0.4074791706829629,0.4166107825096022,0.1279014783453466,0.1578542883492161,0.3078184589369606,0.033772475662126,0.1578542883492161,0.4074791706829629,False,,,N100_drop0.50_s0.20_c0.05,1.0,0.0,0.0,False,False,1.0068271698186462,1.0170734897113791,-0.0865463796488441,-0.1149304575594595,False,,
2026-10-06,KIOCL,INE880L01014,344.6,344.6,58854342.7515873,689.2,0.282338610186356,0.0337299489088531,0.212956114675661,0.1583892012691201,0.1593009104250501,0.1379948957056413,0.0244013323512518,0.0332041187104435,0.0435002222312209,0.0244013323512518,0.4183703272821367,0.0663293385690882,0.4183703272821367,0.4049940178536165,0.0788922700847906,0.1578542883492161,0.212956114675661,0.0337299489088531,0.1578542883492161,0.4183703272821367,False,,,N100_drop0.50_s0.20_c0.05,1.0,0.0,0.0,False,False,1.0068271698186462,1.0170734897113791,-0.0865463796488441,-0.1149304575594595,False,,
2026-10-06,MTNL,INE153A01019,23.28,23.28,40528738.0052381,46.56,0.282123740072471,0.0336887234099553,0.2472145385632866,0.1362732289360523,0.156837767016687,0.0372568495603623,0.0243755510325995,0.0331707156813434,0.043450258577929,0.0243755510325995,0.4076208680831741,0.0620821026245212,0.4076208680831741,0.3951218824803793,0.0791511985571245,0.1578542883492161,0.2472145385632866,0.0336887234099553,0.1578542883492161,0.4076208680831741,False,,,N100_drop0.50_s0.20_c0.05,1.0,0.0,0.0,False,False,1.0068271698186462,1.0170734897113791,-0.0865463796488441,-0.1149304575594595,False,,
2026-10-06,VIYASH,INE807F01027,233.23,233.23,1170904578.9573016,466.46,0.2820297801800928,0.0336707053422006,0.1772170758731219,0.1899969581165366,0.1569849305412656,0.0951037817450711,0.0243642818362664,0.0331519498907359,0.0434284201188945,0.0243642818362664,0.4448783969804527,0.0328569079646351,0.4448783969804527,0.4352231278500504,0.0544722573286901,0.1578542883492161,0.1772170758731219,0.0336707053422006,0.1578542883492161,0.4448783969804527,False,,,N100_drop0.50_s0.20_c0.05,1.0,0.0,0.0,False,False,1.0068271698186462,1.0170734897113791,-0.0865463796488441,-0.1149304575594595,False,,
2026-10-06,CEIGALL,INE0AG901020,376.2,376.2,153626803.87301588,752.4,0.2820103273408922,0.0336669757068721,0.1334479323493758,0.252285480293016,0.1753032011913687,0.0213934152079105,0.0243619490882772,0.0331478321051987,0.0434238995872524,0.0243619490882772,0.5312705445879983,0.0401647548531745,0.5312705445879983,0.4725570182871365,0.0434011625794436,0.1732057416267942,0.1334479323493758,0.0336669757068721,0.1732057416267942,0.5312705445879983,False,,,N100_drop0.50_s0.20_c0.05,1.0,0.0,0.0,False,False,1.0068271698186462,1.0170734897113791,-0.0865463796488441,-0.1149304575594595,False,,
2026-10-06,INNOVISION,INE0ADB01012,256.5,256.5,13547003.307936508,513.0,0.2816801777933656,0.0336037140856123,0.2530708009502516,0.1327838453090372,0.1647459327270755,0.0676552313772597,0.0243223766013604,0.0330779955672632,0.0433472177798079,0.0243223766013604,0.4376295260198708,0.056174096089215,0.4376295260198708,0.3741914484597262,0.0897381367753304,0.1578542883492161,0.2530708009502516,0.0336037140856123,0.1578542883492161,0.4376295260198708,False,,,N100_drop0.50_s0.20_c0.05,1.0,0.0,0.0,False,False,1.0068271698186462,1.0170734897113791,-0.0865463796488441,-0.1149304575594595,False,,
2026-10-06,FSL,INE684F01012,260.25,260.25,961175040.6328572,520.5,0.2812939643367146,0.0335297983311873,0.2507185571808633,0.133734808895696,0.1619861017013127,0.0731628575084983,0.0242761282953704,0.0329964187660773,0.0432576094792354,0.0242761282953704,0.4220405732356898,0.0585698954100133,0.4220405732356898,0.4321521251514528,0.0585697453708353,0.1578542883492161,0.2507185571808633,0.0335297983311873,0.1578542883492161,0.4220405732356898,False,,,N100_drop0.50_s0.20_c0.05,1.0,0.0,0.0,False,False,1.0068271698186462,1.0170734897113791,-0.0865463796488441,-0.1149304575594595,False,,
2026-10-06,FUSION,INE139R01012,169.0,169.0,148818184.8720635,338.0,0.281292716988724,0.0335295597611136,0.2144555496686608,0.1563473634182827,0.1541792188273775,0.0966948572292394,0.0242759790049076,0.0329961555062463,0.0432573202386505,0.0242759790049076,0.4647461337965144,0.0391343507242367,0.4647461337965144,0.4270898478844585,0.0567181708844966,0.1578542883492161,0.2144555496686608,0.0335295597611136,0.1578542883492161,0.4647461337965144,False,,,N100_drop0.50_s0.20_c0.05,1.0,0.0,0.0,False,False,1.0068271698186462,1.0170734897113791,-0.0865463796488441,-0.1149304575594595,False,,
2026-10-06,HERANBA,INE694N01015,169.0,169.0,17657616.781587303,338.0,0.2812782383539705,0.0335267906235525,0.2577269409386429,0.1300864802936308,0.1611504568450901,0.0501990261512597,0.0242742461469867,0.0329930998064373,0.0432539629467924,0.0242742461469867,0.4018663375005438,0.0738716560145306,0.4018663375005438,0.3956600572417741,0.0803126979734892,0.1578542883492161,0.2577269409386429,0.0335267906235525,0.1578542883492161,0.4018663375005438,False,,,N100_drop0.50_s0.20_c0.05,1.0,0.0,0.0,False,False,1.0068271698186462,1.0170734897113791,-0.0865463796488441,-0.1149304575594595,False,,
2026-10-06,DENTA,INE0R4L01018,263.2,263.2,69329590.29761906,526.4,0.2812481756675876,0.0335210413579369,0.2131008330132781,0.1573013154568393,0.1594468332971639,0.0595513785325007,0.0242706483439301,0.0329867556846147,0.0432469924998902,0.0242706483439301,0.4207312383827599,0.0537401863935314,0.4207312383827599,0.4483304582048946,0.0836894844124333,0.1648675171736997,0.2131008330132781,0.0335210413579369,0.1648675171736997,0.4207312383827599,False,,,N100_drop0.50_s0.20_c0.05,1.0,0.0,0.0,False,False,1.0068271698186462,1.0170734897113791,-0.0865463796488441,-0.1149304575594595,False,,
2026-10-06,JAGSNPHARM,INE048B01035,233.63,233.63,116346955.25539684,467.26,0.281125156066538,0.0334975207908708,0.1540064471395254,0.2175072629298635,0.1661912823079533,0.0839144988047372,0.0242559287629993,0.0329608029686953,0.0432184751807029,0.0242559287629993,0.4864850392998726,0.0165303364005413,0.4864850392998726,0.451081413744113,0.0554013707825175,0.1648675171736997,0.1540064471395254,0.0334975207908708,0.1648675171736997,0.4864850392998726,False,,,N100_drop0.50_s0.20_c0.05,1.0,0.0,0.0,False,False,1.0068271698186462,1.0170734897113791,-0.0865463796488441,-0.1149304575594595,False,,
2026-10-06,VTL,INE825A01020,549.4,549.4,434600787.3674604,1098.8,0.2809652256982339,0.0334669575760578,0.1651240338045096,0.2026776890375592,0.1528879346565702,0.0941432432949025,0.024236799926072,0.0329270828207625,0.0431814170640502,0.024236799926072,0.4751621694154718,0.0179413685331054,0.4751621694154718,0.4604381250304539,0.0465013070964631,0.1732057416267942,0.1651240338045096,0.0334669575760578,0.1732057416267942,0.4751621694154718,False,,,N100_drop0.50_s0.20_c0.05,1.0,0.0,0.0,False,False,1.0068271698186462,1.0170734897113791,-0.0865463796488441,-0.1149304575594595,False,,
2026-10-06,GULFOILLUB,INE635Q01029,1087.9,1087.9,87047429.25714286,2175.8,0.2808737844810651,0.0334494902013907,0.1503892295315598,0.2224194532120478,0.161414004365258,0.0531609471522206,0.0242258665474841,0.0329078129657675,0.0431602367331638,0.0242258665474841,0.4805235504523368,0.0187760184747862,0.4805235504523368,0.4393695622313001,0.0479257741268535,0.1578542883492161,0.1503892295315598,0.0334494902013907,0.1578542883492161,0.4805235504523368,False,,,N100_drop0.50_s0.20_c0.05,1.0,0.0,0.0,False,False,1.0068271698186462,1.0170734897113791,-0.0865463796488441,-0.1149304575594595,False,,
2026-10-06,SILGO,INE01II01013,69.51,69.51,10037974.445873016,139.02,0.2808254890901546,0.0334402668257462,0.1583439991846363,0.2111874589371297,0.158890413688723,0.0598805732386151,0.0242200930717395,0.0328976383346204,0.0431490524909865,0.0242200930717395,0.4882968945802879,0.0392719042134145,0.4882968945802879,0.4257170291098087,0.05228927812877,0.1578542883492161,0.1583439991846363,0.0334402668257462,0.1578542883492161,0.4882968945802879,False,,,N100_drop0.50_s0.20_c0.05,1.0,0.0,0.0,False,False,1.0068271698186462,1.0170734897113791,-0.0865463796488441,-0.1149304575594595,False,,
2026-10-06,CEWATER,INE037Z01029,260.65,260.65,46570390.84761905,521.3,0.2802529054885863,0.0333310291271841,0.279651442903391,0.1191877602387297,0.166431414785727,0.0320752310600973,0.0241517000150025,0.0327803195238908,0.0430165754629882,0.0241517000150025,0.4119150249215959,0.0703577335316517,0.4119150249215959,0.3911705914702117,0.0904004245635253,0.1578542883492161,0.279651442903391,0.0333310291271841,0.1578542883492161,0.4119150249215959,False,,,N100_drop0.50_s0.20_c0.05,1.0,0.0,0.0,False,False,1.0068271698186462,1.0170734897113791,-0.0865463796488441,-0.1149304575594595,False,,
2026-10-06,SJS,INE284S01014,1981.4,1981.4,383482330.9238095,3962.8,0.2800512184962392,0.0332926009742237,0.2127429699533476,0.1564921321796179,0.1621244307954946,0.1078783323945335,0.0241276340148886,0.0327406521531172,0.0429794849204959,0.0241276340148886,0.434310144537481,0.0458201596592712,0.434310144537481,0.3997403340840159,0.0715412772294194,0.1578542883492161,0.2127429699533476,0.0332926009742237,0.1578542883492161,0.434310144537481,False,,,N100_drop0.50_s0.20_c0.05,1.0,0.0,0.0,False,False,1.0068271698186462,1.0170734897113791,-0.0865463796488441,-0.1149304575594595,False,,
2026-10-06,JUSTDIAL,INE599M01018,658.95,658.95,1358178273.7380953,1317.9,0.2799318221191993,0.0332698641536929,0.2133756094900303,0.1559215893194552,0.1522227633287066,0.1993067090542894,0.0241133932982105,0.0327171831908499,0.0429584117678954,0.0241133932982105,0.4410999949235599,0.0387520476437424,0.4410999949235599,0.4499181938305753,0.0442957551370213,0.1648675171736997,0.2133756094900303,0.0332698641536929,0.1648675171736997,0.4410999949235599,False,,,N100_drop0.50_s0.20_c0.05,1.0,0.0,0.0,False,False,1.0068271698186462,1.0170734897113791,-0.0865463796488441,-0.1149304575594595,False,,
2026-10-06,RSYSTEMS,INE411H01032,246.3,246.3,748270533.0360317,492.6,0.2795039738501934,0.033188462872786,0.2835380953249638,0.1170511596854337,0.1634617151182299,0.0784720248181417,0.0240417128320414,0.0326331672467937,0.0428852074856505,0.0240417128320414,0.3544561727145123,0.1033763028997829,0.3544561727145123,0.3953839886328319,0.089391639215109,0.1578542883492161,0.2835380953249638,0.033188462872786,0.1578542883492161,0.3544561727145123,False,,,N100_drop0.50_s0.20_c0.05,1.0,0.0,0.0,False,False,1.0068271698186462,1.0170734897113791,-0.0865463796488441,-0.1149304575594595,False,,
2026-10-06,KSB,INE999A01023,809.1,809.1,207919977.38968253,1618.2,0.2791140940266937,0.0331143866595698,0.1788824598787607,0.1851181311013577,0.168042306345401,0.1129387217931468,0.0239741401680324,0.032556720525181,0.0428195987893712,0.0239741401680324,0.4349118121255588,0.0530729070736048,0.4349118121255588,0.4032723820115231,0.0833182794954043,0.1578542883492161,0.1788824598787607,0.0331143866595698,0.1578542883492161,0.4349118121255588,False,,,N100_drop0.50_s0.20_c0.05,1.0,0.0,0.0,False,False,1.0068271698186462,1.0170734897113791,-0.0865463796488441,-0.1149304575594595,False,,
2026-10-06,THOMASCOOK,INE332A01027,101.09,101.09,159739288.92698413,202.18,0.2787191527963383,0.0330394471317163,0.2200911548433279,0.150117105593069,0.1552819830216337,0.1160415924424494,0.0239058205842988,0.0324807455952103,0.042753179082577,0.0239058205842988,0.4081777560351546,0.0589160781425296,0.4081777560351546,0.4560888297384401,0.096518239079045,0.1732057416267942,0.2200911548433279,0.0330394471317163,0.1732057416267942,0.4081777560351546,False,,,N100_drop0.50_s0.20_c0.05,1.0,0.0,0.0,False,False,1.0068271698186462,1.0170734897113791,-0.0865463796488441,-0.1149304575594595,False,,
2026-10-06,NBIFIN,INE365I01020,1828.1,1828.1,7245700.741269842,3656.2,0.2786720421530537,0.033030514556155,0.2127030389377674,0.1552893401105523,0.1594137410521995,0.0654971845486461,0.0238976798139666,0.0324718264952116,0.0427452589267861,0.0238976798139666,0.4679175952051673,0.0364072164275659,0.4679175952051673,0.4066157885931112,0.0660060338880052,0.1578542883492161,0.2127030389377674,0.033030514556155,0.1578542883492161,0.4679175952051673,False,,,N100_drop0.50_s0.20_c0.05,1.0,0.0,0.0,False,False,1.0068271698186462,1.0170734897113791,-0.0865463796488441,-0.1149304575594595,False,,
2026-10-06,SIS,INE285J01028,416.7,416.7,103027084.70555556,833.4,0.2781334627840142,0.0329284952340045,0.1521662465587757,0.216398156481343,0.1691971555419014,0.0576302833413181,0.0238047449902758,0.0323699656600892,0.0426547552595403,0.0238047449902758,0.5024357376976911,0.0577509938654637,0.5024357376976911,0.4199273295676458,0.0665951056228283,0.1578542883492161,0.1521662465587757,0.0329284952340045,0.1578542883492161,0.5024357376976911,False,,,N100_drop0.50_s0.20_c0.05,1.0,0.0,0.0,False,False,1.0068271698186462,1.0170734897113791,-0.0865463796488441,-0.1149304575594595,False,,
2026-10-06,BLUEJET,INE0KBH01020,538.15,538.15,459280056.87222224,1076.3,0.2780705812659771,0.0329165959934681,0.1612811929188939,0.2040944477017941,0.1605233072750499,0.0725640104821747,0.0237939102848639,0.0323580854542031,0.0426441935057748,0.0237939102848639,0.4933017361885204,0.0137233278892452,0.4933017361885204,0.4770997150451275,0.0376599592273758,0.1732057416267942,0.1612811929188939,0.0329165959934681,0.1732057416267942,0.4933017361885204,False,,,N100_drop0.50_s0.20_c0.05,1.0,0.0,0.0,False,False,1.0068271698186462,1.0170734897113791,-0.0865463796488441,-0.1149304575594595,False,,
2026-10-06,BLACKBUCK,INE0UIZ01018,596.0,596.0,370283631.6650794,1192.0,0.2776358225464551,0.0328343937869624,0.1704912326470018,0.1925869927572479,0.1781185345023061,0.126741622544446,0.023719090349957,0.0322760178806416,0.042571198490102,0.023719090349957,0.4291748048458724,0.0627819031334284,0.4291748048458724,0.3755825307615866,0.0987316772654054,0.1578542883492161,0.1704912326470018,0.0328343937869624,0.1578542883492161,0.4291748048458724,False,,,N100_drop0.50_s0.20_c0.05,1.0,0.0,0.0,False,False,1.0068271698186462,1.0170734897113791,-0.0865463796488441,-0.1149304575594595,False,,
2026-10-06,KIRLPNU,INE811A01038,710.85,710.85,191110772.4904762,1421.7,0.2774470549522377,0.0327987396308674,0.1843974265279642,0.1778698339149187,0.1546868057356282,0.0463142385161675,0.0236866535270372,0.0322404238259867,0.0425395201916649,0.0236866535270372,0.4829673836806761,0.0134991572979774,0.4829673836806761,0.471670716617368,0.042289982438411,0.1732057416267942,0.1843974265279642,0.0327987396308674,0.1732057416267942,0.4829673836806761,False,,,N100_drop0.50_s0.20_c0.05,1.0,0.0,0.0,False,False,1.0068271698186462,1.0170734897113791,-0.0865463796488441,-0.1149304575594595,False,,
2026-10-06,SFL,INE916U01025,623.4,623.4,196295855.96031743,1246.8,0.2767375024685141,0.0326649213158405,0.194052112501643,0.1683306658955543,0.1682205948628897,0.1151109400289107,0.023564993701958,0.0321068403090537,0.0424205286374208,0.023564993701958,0.4427266338032713,0.0444637114279284,0.4427266338032713,0.4163066631222282,0.0780343018925282,0.1578542883492161,0.194052112501643,0.0326649213158405,0.1578542883492161,0.4427266338032713,False,,,N100_drop0.50_s0.20_c0.05,1.0,0.0,0.0,False,False,1.0068271698186462,1.0170734897113791,-0.0865463796488441,-0.1149304575594595,False,,
2026-10-06,ANTHEM,INE0CZ201020,890.35,890.35,731566339.6674603,1780.7,0.2767077615877731,0.0326593192478946,0.1526362881742473,0.2139682485636133,0.1643249080817039,0.1099410482670751,0.0235599034931944,0.0321012483885424,0.0424155439668037,0.0235599034931944,0.4827978961299249,0.0157938182908213,0.4827978961299249,0.4177611509386585,0.059803724976565,0.1578542883492161,0.1526362881742473,0.0326593192478946,0.1578542883492161,0.4827978961299249,False,,,N100_drop0.50_s0.20_c0.05,1.0,0.0,0.0,False,False,1.0068271698186462,1.0170734897113791,-0.0865463796488441,-0.1149304575594595,False,,
2026-10-06,LIBERTSHOE,INE557B01019,218.57,218.57,17410216.98666666,437.14,0.2766627154330999,0.0326508352996415,0.2903893216334214,0.1124381403420164,0.159976682825245,0.1908218167611106,0.0235521951595339,0.0320927798565927,0.0424079945187336,0.0235521951595339,0.3971402647737059,0.1122650933819812,0.3971402647737059,0.4241999566825393,0.1526497957750514,0.1578542883492161,0.2903893216334214,0.0326508352996415,0.1578542883492161,0.3971402647737059,False,,,N100_drop0.50_s0.20_c0.05,1.0,0.0,0.0,False,False,1.0068271698186462,1.0170734897113791,-0.0865463796488441,-0.1149304575594595,False,,
2026-10-06,NIITMTS,INE342G01023,204.99,204.99,50674479.79333334,409.98,0.2765300632359755,0.0326258591311781,0.2479115048747548,0.1316028441183511,0.1537115229211422,2.176636801043408e-05,0.0235295054181014,0.0320678494133918,0.0423857659165142,0.0235295054181014,0.4691358076398278,0.0227301120603686,0.4691358076398278,0.4263995853120588,0.0510577295543338,0.1578542883492161,0.2479115048747548,0.0326258591311781,0.1578542883492161,0.4691358076398278,False,,,N100_drop0.50_s0.20_c0.05,1.0,0.0,0.0,False,False,1.0068271698186462,1.0170734897113791,-0.0865463796488441,-0.1149304575594595,False,,
2026-10-06,SOLEX,INE880Y01017,690.85,690.85,47964419.91507937,1381.7,0.2760949424468236,0.0325440108969317,0.2806511693700981,0.115958935677961,0.1585390001151631,0.0957090318729926,0.0234551820766347,0.031986154590637,0.0423128845183432,0.0234551820766347,0.4313859903690877,0.0489510650778889,0.4313859903690877,0.3931671437460221,0.0859194499458416,0.1578542883492161,0.2806511693700981,0.0325440108969317,0.1578542883492161,0.4313859903690877,False,,,N100_drop0.50_s0.20_c0.05,1.0,0.0,0.0,False,False,1.0068271698186462,1.0170734897113791,-0.0865463796488441,-0.1149304575594595,False,,
2026-10-06,JAINREC,INE0YD401026,290.15,290.15,510090269.0761905,580.3,0.2757937672592525,0.0324874280911852,0.2355196948610498,0.1379393265193892,0.1743360802031185,0.0610318695329833,0.0234038301690976,0.0319296810397137,0.0422624673108386,0.0234038301690976,0.4866886018972083,0.0662298414276486,0.4866886018972083,0.411218780660357,0.0874690546340577,0.1578542883492161,0.2355196948610498,0.0324874280911852,0.1578542883492161,0.4866886018972083,False,,,N100_drop0.50_s0.20_c0.05,1.0,0.0,0.0,False,False,1.0068271698186462,1.0170734897113791,-0.0865463796488441,-0.1149304575594595,False,,
2026-10-06,COHANCE,INE03QK01018,457.0,457.0,498003820.93174607,914.0,0.2756695091816714,0.0324640998892442,0.2396747283443874,0.1354506589555689,0.1819464152118142,0.1039507825235276,0.0233826654556811,0.0319044845853718,0.0422416731454088,0.0233826654556811,0.436147859565017,0.090644977034528,0.436147859565017,0.4087530509315891,0.107647475222901,0.1578542883492161,0.2396747283443874,0.0324640998892442,0.1578542883492161,0.436147859565017,False,,,N100_drop0.50_s0.20_c0.05,1.0,0.0,0.0,False,False,1.0068271698186462,1.0170734897113791,-0.0865463796488441,-0.1149304575594595,False,,
2026-10-06,ASAL,INE900C01027,426.2,426.2,11382366.807936508,852.4,0.2756250893019764,0.0324557628539092,0.2030688527134305,0.1598263959254774,0.1492100652429678,0.0765447879113233,0.0233751025818368,0.0318950020772373,0.0422342405981187,0.0233751025818368,0.471274775245689,0.0319369237736239,0.471274775245689,0.4327108997797648,0.0453543233241984,0.1578542883492161,0.2030688527134305,0.0324557628539092,0.1578542883492161,0.471274775245689,False,,,N100_drop0.50_s0.20_c0.05,1.0,0.0,0.0,False,False,1.0068271698186462,1.0170734897113791,-0.0865463796488441,-0.1149304575594595,False,,
2026-10-06,CANHLIFE,INE01TY01017,143.13,143.13,314684131.5561905,286.26,0.2754621079895513,0.0324251839707078,0.1404882958441316,0.2308034543082708,0.15255451299971,0.0993532980914183,0.0233473675877949,0.0318602249935565,0.0422069741482831,0.0233473675877949,0.4847288139514352,0.0163306521819154,0.4847288139514352,0.4404328439101081,0.0458425069212881,0.1578542883492161,0.1404882958441316,0.0324251839707078,0.1578542883492161,0.4847288139514352,False,,,N100_drop0.50_s0.20_c0.05,1.0,0.0,0.0,False,False,1.0068271698186462,1.0170734897113791,-0.0865463796488441,-0.1149304575594595,False,,
2026-10-06,MEESHO,INE0VDM01015,238.22,238.22,3568621399.5920634,476.44,0.2754043218998505,0.0324143460253531,0.1914949738869694,0.1692699571555638,0.1848036906697443,0.0949818583046389,0.0233375392471894,0.0318479003077168,0.042197308296905,0.0233375392471894,0.4633872409400688,0.0510242317314438,0.4633872409400688,0.3724265437734891,0.0967300142654465,0.1578542883492161,0.1914949738869694,0.0324143460253531,0.1578542883492161,0.4633872409400688,False,,,N100_drop0.50_s0.20_c0.05,1.0,0.0,0.0,False,False,1.0068271698186462,1.0170734897113791,-0.0865463796488441,-0.1149304575594595,False,,
2026-10-06,GENCON,INE854S01022,37.78,37.78,13948268.776825398,75.56,0.2749111508622748,0.0323219354703101,0.2972846460247018,0.1087238641568608,0.145826643414264,0.1024512542242098,0.0232537724204043,0.0317428387037925,0.0421148508459991,0.0232537724204043,0.4111198503953051,0.0647963168099127,0.4111198503953051,0.3952474613117751,0.0786487157756234,0.1578542883492161,0.2972846460247018,0.0323219354703101,0.1578542883492161,0.4111198503953051,False,,,N100_drop0.50_s0.20_c0.05,1.0,0.0,0.0,False,False,1.0068271698186462,1.0170734897113791,-0.0865463796488441,-0.1149304575594595,False,,
2026-10-06,RELIGARE,INE621H01010,227.75,227.75,252299500.6555556,455.5,0.2744124492623892,0.0322286432867777,0.1793469947507686,0.179699934930968,0.1551663740805134,0.1232877022000713,0.0231692705434507,0.0316368216313767,0.0420315323565114,0.0231692705434507,0.4410406623897171,0.0381941253647835,0.4410406623897171,0.4000387593150738,0.0703735411091167,0.1578542883492161,0.1793469947507686,0.0322286432867777,0.1578542883492161,0.4410406623897171,False,,,N100_drop0.50_s0.20_c0.05,1.0,0.0,0.0,False,False,1.0068271698186462,1.0170734897113791,-0.0865463796488441,-0.1149304575594595,False,,
2026-10-06,PICCADIL,INE546C01010,594.2,594.2,201342783.94285715,1188.4,0.2743916950799401,0.0322247641663294,0.2022167709876179,0.1593575251397056,0.1557371588982914,0.1160045326166878,0.0231657583238725,0.0316324144270942,0.0420280663232957,0.0231657583238725,0.4365984912819038,0.0427868129703565,0.4365984912819038,0.4175648463924082,0.0596404829458624,0.1578542883492161,0.2022167709876179,0.0322247641663294,0.1578542883492161,0.4365984912819038,False,,,N100_drop0.50_s0.20_c0.05,1.0,0.0,0.0,False,False,1.0068271698186462,1.0170734897113791,-0.0865463796488441,-0.1149304575594595,False,,
2026-10-06,VIKRAN,INE01R501028,58.13,58.13,130709823.55936508,116.26,0.2743203427136844,0.0322114298976171,0.2894705540006119,0.1112770520263317,0.1739668425688494,0.0375214422635839,0.0231536861085995,0.0316172655210834,0.0420161510304,0.0231536861085995,0.3757574767940078,0.0900078507652709,0.3757574767940078,0.3848564238093666,0.1123540193503973,0.1578542883492161,0.2894705540006119,0.0322114298976171,0.1578542883492161,0.3757574767940078,False,,,N100_drop0.50_s0.20_c0.05,1.0,0.0,0.0,False,False,1.0068271698186462,1.0170734897113791,-0.0865463796488441,-0.1149304575594595,False,,
2026-10-06,KHAICHEM,INE745B01028,48.73,48.73,10748758.15269841,97.46,0.274282606279601,0.0322043790301824,0.2983590283601796,0.1079383426309637,0.1489882068091523,0.0811330137506208,0.0231473031204361,0.0316092555034002,0.0420098498663124,0.0231473031204361,0.4003444337052173,0.077899818944519,0.4003444337052173,0.4200187362989662,0.0793010018649178,0.1578542883492161,0.2983590283601796,0.0322043790301824,0.1578542883492161,0.4003444337052173,False,,,N100_drop0.50_s0.20_c0.05,1.0,0.0,0.0,False,False,1.0068271698186462,1.0170734897113791,-0.0865463796488441,-0.1149304575594595,False,,
2026-10-06,BAJAJHCARE,INE411U01027,323.1,323.1,75819972.19126986,646.2,0.2740352512048534,0.0321581839497126,0.230268389367759,0.1396552259648335,0.159438550901215,0.0774155133188975,0.0231054929059747,0.0315581940956093,0.0419685559914619,0.0231054929059747,0.4187888113555982,0.064856692688489,0.4187888113555982,0.3979439233328157,0.0807441760022137,0.1578542883492161,0.230268389367759,0.0321581839497126,0.1578542883492161,0.4187888113555982,False,,,N100_drop0.50_s0.20_c0.05,1.0,0.0,0.0,False,False,1.0068271698186462,1.0170734897113791,-0.0865463796488441,-0.1149304575594595,False,,
2026-10-06,FACT,INE188A01015,759.0,759.0,625385257.4246032,1518.0,0.273710161727743,0.032097529510662,0.1906816131757156,0.168330490685978,0.1548095966089691,0.0809940809811472,0.0230506199003031,0.0314940683624515,0.0419143088494645,0.0230506199003031,0.4325057776624612,0.0432676769559272,0.4325057776624612,0.4063963968776905,0.0660981084908715,0.1578542883492161,0.1906816131757156,0.032097529510662,0.1578542883492161,0.4325057776624612,False,,,N100_drop0.50_s0.20_c0.05,1.0,0.0,0.0,False,False,1.0068271698186462,1.0170734897113791,-0.0865463796488441,-0.1149304575594595,False,,
2026-10-06,MARKOLINES,INE0FW001016,170.41,170.41,42766304.21777778,340.82,0.2732908244364943,0.0320193877475437,0.1490102659116404,0.214880414793236,0.164904077851653,0.0986233654608355,0.0229799667674647,0.0314103782227089,0.041842626723017,0.0229799667674647,0.4797966163435416,0.0239257872403033,0.4797966163435416,0.4296822721548518,0.0579140642044898,0.1578542883492161,0.1490102659116404,0.0320193877475437,0.1578542883492161,0.4797966163435416,False,,,N100_drop0.50_s0.20_c0.05,1.0,0.0,0.0,False,False,1.0068271698186462,1.0170734897113791,-0.0865463796488441,-0.1149304575594595,False,,
2026-10-06,TCIEXP,INE586V01016,501.4,501.4,126567532.99920636,1002.8,0.2729136669271075,0.0319491994438454,0.2346614237863457,0.1361501985641002,0.163400784828767,0.0957999413834521,0.0229165436750297,0.0313286568138565,0.0417780631045075,0.0229165436750297,0.3973531658299121,0.0732690526867604,0.3973531658299121,0.3758721212100129,0.0955283042965213,0.1578542883492161,0.2346614237863457,0.0319491994438454,0.1578542883492161,0.3973531658299121,False,,,N100_drop0.50_s0.20_c0.05,1.0,0.0,0.0,False,False,1.0068271698186462,1.0170734897113791,-0.0865463796488441,-0.1149304575594595,False,,
2026-10-06,PRINCEPIPE,INE689W01016,258.2,258.2,51977702.298412696,516.4,0.2727906808068658,0.0319263310692418,0.1805790110760438,0.1767997890729245,0.1524044502275005,0.1060526810822403,0.0228958874446633,0.031302037828709,0.0417570187788203,0.0228958874446633,0.4617318194466541,0.0264986828384488,0.4617318194466541,0.4384863165361889,0.0515775360668939,0.1578542883492161,0.1805790110760438,0.0319263310692418,0.1578542883492161,0.4617318194466541,False,,,N100_drop0.50_s0.20_c0.05,1.0,0.0,0.0,False,False,1.0068271698186462,1.0170734897113791,-0.0865463796488441,-0.1149304575594595,False,,
2026-10-06,GARUDA,INE0JVO01026,173.36,173.36,151847652.69412696,346.72,0.2727870368673485,0.0319256536484744,0.1934351898082822,0.1650457379555221,0.1651088630256771,0.1062291902169016,0.0228952756129171,0.0313012493579383,0.0417563953269153,0.0228952756129171,0.4366626175678079,0.0489284952434507,0.4366626175678079,0.409952020731976,0.0804323898372317,0.1578542883492161,0.1934351898082822,0.0319256536484744,0.1578542883492161,0.4366626175678079,False,,,N100_drop0.50_s0.20_c0.05,1.0,0.0,0.0,False,False,1.0068271698186462,1.0170734897113791,-0.0865463796488441,-0.1149304575594595,False,,
2026-10-06,SONACOMS,INE073K01018,820.0,820.0,1898724829.6555555,1640.0,0.2727081124707421,0.031910983357415,0.1578057626377838,0.2022168444549217,0.1755519765121511,0.1089430538111068,0.0228820265650613,0.0312841749032202,0.0417428928839403,0.0228820265650613,0.4725205527725976,0.044978927617468,0.4725205527725976,0.3985005007218569,0.0809842057479639,0.1578542883492161,0.1578057626377838,0.031910983357415,0.1578542883492161,0.4725205527725976,False,,,N100_drop0.50_s0.20_c0.05,1.0,0.0,0.0,False,False,1.0068271698186462,1.0170734897113791,-0.0865463796488441,-0.1149304575594595,False,,
2026-10-06,DAMCAPITAL,INE284H01025,152.51,152.51,115705859.17968254,305.02,0.2725694172805101,0.0318852123722014,0.2564435842526345,0.1243361672124728,0.1727521637782458,0.1075715789574645,0.0228587561407943,0.0312541840306858,0.0417191692318545,0.0228587561407943,0.4074145509066539,0.0847349921846055,0.4074145509066539,0.3827307842061325,0.1012917696779015,0.1578542883492161,0.2564435842526345,0.0318852123722014,0.1578542883492161,0.4074145509066539,False,,,N100_drop0.50_s0.20_c0.05,1.0,0.0,0.0,False,False,1.0068271698186462,1.0170734897113791,-0.0865463796488441,-0.1149304575594595,False,,
2026-10-06,INA,INE0LGX01024,83.81,83.81,189012551.03619048,167.62,0.2724617531819509,0.031865215510519,0.205440969811005,0.1551064305227599,0.1564126501231133,0.0274347843284633,0.0228407029970178,0.031230915805489,0.041700757295782,0.0228407029970178,0.4600062399450253,0.0697014575234981,0.4600062399450253,0.4211127236885293,0.0597516619425388,0.1578542883492161,0.205440969811005,0.031865215510519,0.1578542883492161,0.4600062399450253,False,,,N100_drop0.50_s0.20_c0.05,1.0,0.0,0.0,False,False,1.0068271698186462,1.0170734897113791,-0.0865463796488441,-0.1149304575594595,False,,
2026-10-06,BRIGADE,INE791I01019,569.1,569.1,368581720.9714286,1138.2,0.2724232372778239,0.0318580635517092,0.2104521283413194,0.1513791464253602,0.147389095943998,0.0743345781596024,0.0228342469428191,0.031222594474675,0.0416941714082127,0.0228342469428191,0.4561862520585289,0.0254818663274089,0.4561862520585289,0.4325447908045809,0.046130544426307,0.1578542883492161,0.2104521283413194,0.0318580635517092,0.1578542883492161,0.4561862520585289,False,,,N100_drop0.50_s0.20_c0.05,1.0,0.0,0.0,False,False,1.0068271698186462,1.0170734897113791,-0.0865463796488441,-0.1149304575594595,False,,
2026-10-06,GEMAROMA,INE06XZ01023,152.23,152.23,88918203.00619046,304.46,0.2718520810061995,0.0317521143391912,0.2429192438982402,0.1307105761966407,0.1575310873895467,0.0395263695731258,0.02274039367226,0.0311036386873305,0.0415965595154232,0.02274039367226,0.4037877959520453,0.0651812899425782,0.4037877959520453,0.4139804422540114,0.0789120004581914,0.1578542883492161,0.2429192438982402,0.0317521143391912,0.1578542883492161,0.4037877959520453,False,,,N100_drop0.50_s0.20_c0.05,1.0,0.0,0.0,False,False,1.0068271698186462,1.0170734897113791,-0.0865463796488441,-0.1149304575594595,False,,
2026-10-06,ASHAPURMIN,INE348A01023,502.9,502.9,282355020.4119047,1005.8,0.2715774888822579,0.0317012495317969,0.2382176261085884,0.1330768425899194,0.1567987036958859,0.0685711192996323,0.0227002506165166,0.0310535069596728,0.0415496650066752,0.0227002506165166,0.4115964071574114,0.0580001088068509,0.4115964071574114,0.3864992553751202,0.0786455288257618,0.1578542883492161,0.2382176261085884,0.0317012495317969,0.1578542883492161,0.4115964071574114,False,,,N100_drop0.50_s0.20_c0.05,1.0,0.0,0.0,False,False,1.0068271698186462,1.0170734897113791,-0.0865463796488441,-0.1149304575594595,False,,
2026-10-06,LTFOODS,INE818H01020,408.15,408.15,578056231.3341271,816.3,0.2714992793571706,0.0316867707145401,0.1467704354920586,0.215893416193172,0.1533281730647571,0.0703603317836119,0.0226888250779825,0.0310392373545983,0.0415363125014801,0.0226888250779825,0.4727222725285172,0.0168610312108202,0.4727222725285172,0.4130945090881035,0.0625651305961958,0.1578542883492161,0.1467704354920586,0.0316867707145401,0.1578542883492161,0.4727222725285172,False,,,N100_drop0.50_s0.20_c0.05,1.0,0.0,0.0,False,False,1.0068271698186462,1.0170734897113791,-0.0865463796488441,-0.1149304575594595,False,,
2026-10-06,ATGL,INE399L01023,588.45,588.45,1115937174.4277778,1176.9,0.270780306914616,0.0315538454220972,0.1905097559468518,0.1656285016232979,0.1706515990343404,0.0984136867551843,0.0225839579172525,0.0309106891719205,0.0414150974658738,0.0225839579172525,0.4213438601363153,0.05750864673479,0.4213438601363153,0.3942451089004046,0.0866609272265747,0.1578542883492161,0.1905097559468518,0.0315538454220972,0.1578542883492161,0.4213438601363153,False,,,N100_drop0.50_s0.20_c0.05,1.0,0.0,0.0,False,False,1.0068271698186462,1.0170734897113791,-0.0865463796488441,-0.1149304575594595,False,,
2026-10-06,ANUP,INE294Z01018,1575.9,1575.9,66979281.147619046,3151.8,0.2705375584690451,0.0315090375560173,0.2113067566230721,0.1491151445394765,0.1486347323759844,0.02016414077181,0.0225486191652261,0.0308678354143467,0.0413815281006558,0.0225486191652261,0.4444957725082483,0.0401281184869773,0.4444957725082483,0.421182282115673,0.0535119001260955,0.1578542883492161,0.2113067566230721,0.0315090375560173,0.1578542883492161,0.4444957725082483,False,,,N100_drop0.50_s0.20_c0.05,1.0,0.0,0.0,False,False,1.0068271698186462,1.0170734897113791,-0.0865463796488441,-0.1149304575594595,False,,
2026-10-06,DEN,INE947J01015,25.78,25.78,9834798.637142858,51.56,0.2698841290394292,0.0313886042425775,0.1801941843436342,0.1741932147084104,0.1574799609902218,0.0331293113160007,0.0224536641761708,0.030752654031276,0.041291208604156,0.0224536641761708,0.4861728749966514,0.0141026789508005,0.4861728749966514,0.4186251203475259,0.0626674134139226,0.1578542883492161,0.1801941843436342,0.0313886042425775,0.1578542883492161,0.4861728749966514,False,,,N100_drop0.50_s0.20_c0.05,1.0,0.0,0.0,False,False,1.0068271698186462,1.0170734897113791,-0.0865463796488441,-0.1149304575594595,False,,
2026-10-06,TARC,INE0EK901012,124.1,124.1,106841074.4136508,248.2,0.2693783673037118,0.0312955677744829,0.1983362028044207,0.1577904957943734,0.1568314431234824,0.0678387401464415,0.0223561863663937,0.0306752053675984,0.0412213425869962,0.0223561863663937,0.4147124712365546,0.0586671334048059,0.4147124712365546,0.4128564392344525,0.077833989181604,0.1578542883492161,0.1983362028044207,0.0312955677744829,0.1578542883492161,0.4147124712365546,False,,,N100_drop0.50_s0.20_c0.05,1.0,0.0,0.0,False,False,1.0068271698186462,1.0170734897113791,-0.0865463796488441,-0.1149304575594595,False,,
2026-10-06,ICEMAKE,INE520Y01019,631.2,631.2,26340983.035714284,1262.4,0.2693038492183278,0.0312818732151653,0.2057942591338283,0.152005567826956,0.1446489588566283,0.0840265202007573,0.0223416767313462,0.0306637328348033,0.041211051753733,0.0223416767313462,0.4499170892007204,0.0342552874152981,0.4499170892007204,0.4143988272353577,0.0608855254285919,0.1578542883492161,0.2057942591338283,0.0312818732151653,0.1578542883492161,0.4499170892007204,False,,,N100_drop0.50_s0.20_c0.05,1.0,0.0,0.0,False,False,1.0068271698186462,1.0170734897113791,-0.0865463796488441,-0.1149304575594595,False,,
2026-10-06,AVANTEL,INE005B01027,151.08,151.08,319687768.7211111,302.16,0.2692494728504242,0.0312718823500875,0.1933497020918793,0.1617374219445511,0.1664521743361155,0.0855246317846998,0.0223310931645086,0.0306553628950544,0.041203542963697,0.0223310931645086,0.4338501705784945,0.0504906200818807,0.4338501705784945,0.4003430125821219,0.0848813040937614,0.1578542883492161,0.1933497020918793,0.0312718823500875,0.1578542883492161,0.4338501705784945,False,,,N100_drop0.50_s0.20_c0.05,1.0,0.0,0.0,False,False,1.0068271698186462,1.0170734897113791,-0.0865463796488441,-0.1149304575594595,False,,
2026-10-06,WCIL,INE0CJF01024,87.76,87.76,9951649.563333334,175.52,0.2692481929887831,0.0312716472160186,0.2239347076004901,0.1396462725724888,0.1756101824264544,0.0484280072474889,0.0223308441009412,0.0306551659077446,0.0412033662337156,0.0223308441009412,0.4301640933384858,0.0580460228791376,0.4301640933384858,0.39821135677067,0.0741707534593895,0.1578542883492161,0.2239347076004901,0.0312716472160186,0.1578542883492161,0.4301640933384858,False,,,N100_drop0.50_s0.20_c0.05,1.0,0.0,0.0,False,False,1.0068271698186462,1.0170734897113791,-0.0865463796488441,-0.1149304575594595,False,,
2026-10-06,MUFIN,INE08KJ01020,135.17,135.17,125684038.03714286,270.34,0.2688548740842377,0.031199434907838,0.1334469897403799,0.2337964683095234,0.1647569411023802,0.0366285963836914,0.0222543967312002,0.030589210476069,0.0411490658238586,0.0222543967312002,0.4924070292923597,0.0214004104227697,0.4924070292923597,0.41076747063237,0.0641362098425045,0.1578542883492161,0.1334469897403799,0.031199434907838,0.1578542883492161,0.4924070292923597,False,,,N100_drop0.50_s0.20_c0.05,1.0,0.0,0.0,False,False,1.0068271698186462,1.0170734897113791,-0.0865463796488441,-0.1149304575594595,False,,
2026-10-06,EMCURE,INE168P01015,1922.4,1922.4,321216985.4206349,3844.8,0.2686234592155744,0.0311569920525092,0.1467007114037994,0.2123847372951612,0.1728489677092936,0.0868061954812089,0.0222096074614373,0.0305490718079926,0.0411171277314629,0.0222096074614373,0.4704163345807829,0.038904392717398,0.4704163345807829,0.4261366694913607,0.0828202870468084,0.1578542883492161,0.1467007114037994,0.0311569920525092,0.1578542883492161,0.4704163345807829,False,,,N100_drop0.50_s0.20_c0.05,1.0,0.0,0.0,False,False,1.0068271698186462,1.0170734897113791,-0.0865463796488441,-0.1149304575594595,False,,
2026-10-06,IONEXCHANG,INE570A01022,409.2,409.2,309145505.9777778,818.4,0.2683896469510717,0.0311141428004247,0.1891167615514351,0.1645234538978846,0.168465286450721,0.0959858367194967,0.022170465696036,0.0305085555977573,0.0410848665296359,0.022170465696036,0.4557295506582954,0.0454840775776528,0.4557295506582954,0.4079786326130843,0.0761682334391095,0.1578542883492161,0.1891167615514351,0.0311141428004247,0.1578542883492161,0.4557295506582954,False,,,N100_drop0.50_s0.20_c0.05,1.0,0.0,0.0,False,False,1.0068271698186462,1.0170734897113791,-0.0865463796488441,-0.1149304575594595,False,,
2026-10-06,POCL,INE063E01061,447.25,447.25,249928377.4547619,894.5,0.2682580474780163,0.0310900401328852,0.1924799894678817,0.1615234924878935,0.158845910573896,0.0541008975219982,0.0221527607136907,0.030481320386774,0.0410667119801188,0.0221527607136907,0.4313596324222691,0.0470521026136675,0.4313596324222691,0.3901922030147506,0.0776664505084528,0.1578542883492161,0.1924799894678817,0.0310900401328852,0.1578542883492161,0.4313596324222691,False,,,N100_drop0.50_s0.20_c0.05,1.0,0.0,0.0,False,False,1.0068271698186462,1.0170734897113791,-0.0865463796488441,-0.1149304575594595,False,,
2026-10-06,PUNJABCHEM,INE277B01014,1039.0,1039.0,15294116.811111111,2078.0,0.2682401044761505,0.0310867546620703,0.1853365463057481,0.1677313799232384,0.1516965325116913,0.0945671270177671,0.0221503719834305,0.0304772985595387,0.0410642368790805,0.0221503719834305,0.4479760335130063,0.0359890885652239,0.4479760335130063,0.427875906855861,0.0505290336099087,0.1578542883492161,0.1853365463057481,0.0310867546620703,0.1578542883492161,0.4479760335130063,False,,,N100_drop0.50_s0.20_c0.05,1.0,0.0,0.0,False,False,1.0068271698186462,1.0170734897113791,-0.0865463796488441,-0.1149304575594595,False,,
2026-10-06,JUBLPHARMA,INE700A01033,989.2,989.2,269376834.9420635,1978.4,0.2681958049328666,0.0310786439940881,0.172119516502671,0.1805643231260521,0.177387339029106,0.1134923262671458,0.0221444750864814,0.0304673705439429,0.0410581262890974,0.0221444750864814,0.4434942229885717,0.0537293880998271,0.4434942229885717,0.3902314611108495,0.0933053121007053,0.1578542883492161,0.172119516502671,0.0310786439940881,0.1578542883492161,0.4434942229885717,False,,,N100_drop0.50_s0.20_c0.05,1.0,0.0,0.0,False,False,1.0068271698186462,1.0170734897113791,-0.0865463796488441,-0.1149304575594595,False,,
2026-10-06,PENIND,INE932A01024,177.85,177.85,90894467.93460315,355.7,0.2681868688134012,0.0310770080527179,0.2163403515027571,0.1436486898391765,0.1736453494111354,0.115406200082935,0.0221432856741383,0.0304653681179214,0.0410568936925564,0.0221432856741383,0.4168020120430409,0.0751320150699814,0.4168020120430409,0.3813958720058221,0.1003856311658819,0.1578542883492161,0.2163403515027571,0.0310770080527179,0.1578542883492161,0.4168020120430409,False,,,N100_drop0.50_s0.20_c0.05,1.0,0.0,0.0,False,False,1.0068271698186462,1.0170734897113791,-0.0865463796488441,-0.1149304575594595,False,,
2026-10-06,PLATIND,INE0PT501018,203.58,203.58,16119273.812380953,407.16,0.2681593823762747,0.0310719763983024,0.2292116513330469,0.1355601960790141,0.1505814884703405,0.0829742006706065,0.0221396274189271,0.0304592094347493,0.0410531024438417,0.0221396274189271,0.4347260248538818,0.0427321224391158,0.4347260248538818,0.4079812538185823,0.0658257974782257,0.1578542883492161,0.2292116513330469,0.0310719763983024,0.1578542883492161,0.4347260248538818,False,,,N100_drop0.50_s0.20_c0.05,1.0,0.0,0.0,False,False,1.0068271698186462,1.0170734897113791,-0.0865463796488441,-0.1149304575594595,False,,
2026-10-06,MBEL,INE08N601015,255.41,255.41,51662029.08777777,510.82,0.2678660718524795,0.0310183118615818,0.2535855250383719,0.1223189370011883,0.160767840352444,0.0685054884649457,0.0221006119103037,0.0303935402710314,0.0410126523308784,0.0221006119103037,0.4099716704799188,0.0824607779480907,0.4099716704799188,0.4020700295650793,0.1002885314067162,0.1578542883492161,0.2535855250383719,0.0310183118615818,0.1578542883492161,0.4099716704799188,False,,,N100_drop0.50_s0.20_c0.05,1.0,0.0,0.0,False,False,1.0068271698186462,1.0170734897113791,-0.0865463796488441,-0.1149304575594595,False,,
2026-10-06,REPRO,INE461B01014,296.35,296.35,10173841.78095238,592.7,0.267374336434332,0.0309284610577143,0.2982279134868514,0.1037074655289702,0.153981808123626,0.0847485224792863,0.022035292944033,0.0302878260663521,0.0409448650221913,0.022035292944033,0.4079275199207703,0.0746343129763453,0.4079275199207703,0.3984422974177655,0.081057451524013,0.1578542883492161,0.2982279134868514,0.0309284610577143,0.1578542883492161,0.4079275199207703,False,,,N100_drop0.50_s0.20_c0.05,1.0,0.0,0.0,False,False,1.0068271698186462,1.0170734897113791,-0.0865463796488441,-0.1149304575594595,False,,
2026-10-06,WONDERLA,INE066O01014,509.7,509.7,55841693.91269841,1019.4,0.2673178193498988,0.0309181436022577,0.1566598341450048,0.1973584599460242,0.151671461802897,0.0932912658389413,0.0220277928414203,0.0302770626085075,0.0409370761504512,0.0220277928414203,0.4511880087415719,0.0385631421777325,0.4511880087415719,0.41121377026835,0.0663395481878159,0.1578542883492161,0.1566598341450048,0.0309181436022577,0.1578542883492161,0.4511880087415719,False,,,N100_drop0.50_s0.20_c0.05,1.0,0.0,0.0,False,False,1.0068271698186462,1.0170734897113791,-0.0865463796488441,-0.1149304575594595,False,,
2026-10-06,IIFL,INE530B01024,601.7,601.7,1538127428.1857142,1203.4,0.2668038159545108,0.0308243992371445,0.154724975963626,0.1992205786116327,0.1647099607358691,0.0503249179374845,0.0219596506429405,0.0301805918732628,0.0408317460261252,0.0219596506429405,0.4706507392770002,0.022771756840608,0.4706507392770002,0.4152587331482323,0.0606246179592469,0.1578542883492161,0.154724975963626,0.0308243992371445,0.1578542883492161,0.4706507392770002,False,,,N100_drop0.50_s0.20_c0.05,1.0,0.0,0.0,False,False,1.0068271698186462,1.0170734897113791,-0.0865463796488441,-0.1149304575594595,False,,
2026-10-06,M&MFIN,INE774D01024,327.75,327.75,1355423407.6761904,655.5,0.2667866043607129,0.0308212629558944,0.1903793365872061,0.1618939508268338,0.1511063066989647,0.0766165140924208,0.0219573710150651,0.0301775326924505,0.0408270833525154,0.0219573710150651,0.4407331466474817,0.0358921458005614,0.4407331466474817,0.4295010342851558,0.0602644673700216,0.1578542883492161,0.1903793365872061,0.0308212629558944,0.1578542883492161,0.4407331466474817,False,,,N100_drop0.50_s0.20_c0.05,1.0,0.0,0.0,False,False,1.0068271698186462,1.0170734897113791,-0.0865463796488441,-0.1149304575594595,False,,
2026-10-06,DIAMONDYD,INE393P01035,1088.2,1088.2,42404800.02698413,2176.4,0.266441961697733,0.0307585004070097,0.1540647513240723,0.1996465780956591,0.1532973211916918,0.0938150162468274,0.0219117531928127,0.030116314538856,0.0407337871274578,0.0219117531928127,0.4674193266039431,0.03056296702409,0.4674193266039431,0.4222896525606852,0.0576506883194336,0.1578542883492161,0.1540647513240723,0.0307585004070097,0.1578542883492161,0.4674193266039431,False,,,N100_drop0.50_s0.20_c0.05,1.0,0.0,0.0,False,False,1.0068271698186462,1.0170734897113791,-0.0865463796488441,-0.1149304575594595,False,,
2026-10-06,BHARATWIRE,INE316L01019,165.28,165.28,27956310.00142857,330.56,0.2663910439251421,0.0307492339425443,0.1981582681842435,0.1551751245320448,0.1544728741901656,0.0090307867738142,0.0219050182849124,0.0301072763325273,0.0407200145341168,0.0219050182849124,0.4591928071103603,0.0370821807357739,0.4591928071103603,0.4167522466169924,0.0591375790854388,0.1578542883492161,0.1981582681842435,0.0307492339425443,0.1578542883492161,0.4591928071103603,False,,,N100_drop0.50_s0.20_c0.05,1.0,0.0,0.0,False,False,1.0068271698186462,1.0170734897113791,-0.0865463796488441,-0.1149304575594595,False,,
2026-10-06,GRANULES,INE101D01020,836.4,836.4,903279735.4253968,1672.8,0.2659702415217694,0.0306727129062407,0.1501042911040468,0.2043426785512717,0.1731913091383694,0.0868595390853051,0.0218497488734515,0.0300296904102336,0.0406063019049727,0.0218497488734515,0.4780950445174541,0.0400928995625737,0.4780950445174541,0.4302319847552113,0.0802895427779244,0.1578542883492161,0.1501042911040468,0.0306727129062407,0.1578542883492161,0.4780950445174541,False,,,N100_drop0.50_s0.20_c0.05,1.0,0.0,0.0,False,False,1.0068271698186462,1.0170734897113791,-0.0865463796488441,-0.1149304575594595,False,,
2026-10-06,CONCOR,INE111A01025,445.85,445.85,937133057.5246032,891.7,0.2656527527855654,0.030615050128226,0.1709975106144,0.1790379872679146,0.1566994415703066,0.0878865952683786,0.0218086323726473,0.0299748570688867,0.0405535495572617,0.0218086323726473,0.4217074036680036,0.0507992288133846,0.4217074036680036,0.3941065807242536,0.0756130161282591,0.1578542883492161,0.1709975106144,0.030615050128226,0.1578542883492161,0.4217074036680036,False,,,N100_drop0.50_s0.20_c0.05,1.0,0.0,0.0,False,False,1.0068271698186462,1.0170734897113791,-0.0865463796488441,-0.1149304575594595,False,,
2026-10-06,DLINKINDIA,INE250K01012,419.95,419.95,77114675.37142856,839.9,0.2655064013659526,0.0305884901443742,0.1691083463811143,0.1808810197660967,0.1494950832454697,0.0330298321234528,0.0217896940356197,0.0299553012831194,0.0405298872156378,0.0217896940356197,0.4432351302252839,0.0369730891613165,0.4432351302252839,0.4128627147899682,0.0601264891282943,0.1578542883492161,0.1691083463811143,0.0305884901443742,0.1578542883492161,0.4432351302252839,False,,,N100_drop0.50_s0.20_c0.05,1.0,0.0,0.0,False,False,1.0068271698186462,1.0170734897113791,-0.0865463796488441,-0.1149304575594595,False,,
2026-10-06,BOROSCI,INE02L001032,113.27,113.27,12399223.87253968,226.54,0.2648830435174036,0.0304755078955934,0.2471678951879606,0.1232988122200019,0.1512179493766548,0.1478506803460765,0.0217091351569334,0.0298739318122659,0.0404291568333459,0.0217091351569334,0.4632396572545281,0.0373565154131821,0.4632396572545281,0.4002025217405316,0.069310920826351,0.1578542883492161,0.2471678951879606,0.0304755078955934,0.1578542883492161,0.4632396572545281,False,,,N100_drop0.50_s0.20_c0.05,1.0,0.0,0.0,False,False,1.0068271698186462,1.0170734897113791,-0.0865463796488441,-0.1149304575594595,False,,
2026-10-06,GKENERGY,INE1AG301022,114.45,114.45,81753152.30825397,228.9,0.2647861330299606,0.0304579641961798,0.24212460480148,0.1257945850697517,0.1600011143732373,0.0643162430356503,0.021696626397142,0.029860734830276,0.0404135047702307,0.021696626397142,0.4205867834184145,0.0761870519815499,0.4205867834184145,0.4091069708456764,0.0932053398639668,0.1578542883492161,0.24212460480148,0.0304579641961798,0.1578542883492161,0.4205867834184145,False,,,N100_drop0.50_s0.20_c0.05,1.0,0.0,0.0,False,False,1.0068271698186462,1.0170734897113791,-0.0865463796488441,-0.1149304575594595,False,,
2026-10-06,NUVOCO,INE118D01016,326.5,326.5,613145627.3380952,653.0,0.2646082595295889,0.0304257785380066,0.1950922415475706,0.1559558611693319,0.1520927608731683,0.1598029478356699,0.021673678039048,0.0298317362342198,0.0403847819298681,0.021673678039048,0.4291699838411768,0.0449312978598854,0.4291699838411768,0.4016089299575289,0.0678928972385479,0.1578542883492161,0.1950922415475706,0.0304257785380066,0.1578542883492161,0.4291699838411768,False,,,N100_drop0.50_s0.20_c0.05,1.0,0.0,0.0,False,False,1.0068271698186462,1.0170734897113791,-0.0865463796488441,-0.1149304575594595,False,,
2026-10-06,PNBGILTS,INE859A01011,71.42,71.42,36122785.8231746,142.84,0.2645668145770712,0.0304182819482853,0.215935375310069,0.140867525316807,0.1515276353083344,0.0452853246443074,0.0216683330121525,0.0298247715155899,0.0403780904801586,0.0216683330121525,0.4636075918307447,0.0251985938280749,0.4636075918307447,0.4236870872117094,0.0548201821770369,0.1578542883492161,0.215935375310069,0.0304182819482853,0.1578542883492161,0.4636075918307447,False,,,N100_drop0.50_s0.20_c0.05,1.0,0.0,0.0,False,False,1.0068271698186462,1.0170734897113791,-0.0865463796488441,-0.1149304575594595,False,,
2026-10-06,IDBI,INE008A01015,87.01,87.01,1147888904.825873,174.02,0.2644934399815964,0.030405012448395,0.1978385419001512,0.1536859913966634,0.1666332741602265,0.1216115937296686,0.0216588719673265,0.0298115898698153,0.0403662448290861,0.0216588719673265,0.4213273719352612,0.0568820958405904,0.4213273719352612,0.4112682016226083,0.0850705158408399,0.1578542883492161,0.1978385419001512,0.030405012448395,0.1578542883492161,0.4213273719352612,False,,,N100_drop0.50_s0.20_c0.05,1.0,0.0,0.0,False,False,1.0068271698186462,1.0170734897113791,-0.0865463796488441,-0.1149304575594595,False,,
2026-10-06,ELECTCAST,INE086A01029,78.97,78.97,194851052.73349205,157.94,0.2644837063649385,0.0304032524073091,0.1855195729707132,0.1638816428933281,0.1645580897109849,0.1367610778582594,0.0216576170757958,0.0298098398145508,0.0403646735191136,0.0216576170757958,0.4466150149276882,0.0420234704127344,0.4466150149276882,0.4121231771370182,0.075965865419237,0.1578542883492161,0.1855195729707132,0.0304032524073091,0.1578542883492161,0.4466150149276882,False,,,N100_drop0.50_s0.20_c0.05,1.0,0.0,0.0,False,False,1.0068271698186462,1.0170734897113791,-0.0865463796488441,-0.1149304575594595,False,,
2026-10-06,SHRIRAMPPS,INE217L01019,68.13,68.13,35414147.390317455,136.26,0.2644401196208352,0.03039537171573,0.1860610220707007,0.1633623817468887,0.1526649028667653,0.021865968548878,0.0216519982318848,0.0298020038914802,0.0403576375221415,0.0216519982318848,0.457514171060818,0.0383437010462911,0.457514171060818,0.4228482332988131,0.0573996471214589,0.1578542883492161,0.1860610220707007,0.03039537171573,0.1578542883492161,0.457514171060818,False,,,N100_drop0.50_s0.20_c0.05,1.0,0.0,0.0,False,False,1.0068271698186462,1.0170734897113791,-0.0865463796488441,-0.1149304575594595,False,,
2026-10-06,HNDFDS,INE254N01026,584.75,584.75,56630860.66190476,1169.5,0.2639523954654118,0.0303072670453249,0.1493139171234029,0.2029768398633395,0.1604160375063004,0.0942769717907385,0.0215891816718911,0.0297144060033452,0.0402789361957288,0.0215891816718911,0.4764814252892127,0.0248861828035526,0.4764814252892127,0.4373444358042291,0.0578651561504212,0.1578542883492161,0.1493139171234029,0.0303072670453249,0.1578542883492161,0.4764814252892127,False,,,N100_drop0.50_s0.20_c0.05,1.0,0.0,0.0,False,False,1.0068271698186462,1.0170734897113791,-0.0865463796488441,-0.1149304575594595,False,,
2026-10-06,LAXMIDENTL,INE0WO601020,190.53,190.53,20936722.75206349,381.06,0.2639195926716607,0.0303013465507712,0.2078117940206985,0.145811486270857,0.1540017088666302,0.0361337543996087,0.0215849605689402,0.0297085199772488,0.0402736449417405,0.0215849605689402,0.4639683019515668,0.0636070485348548,0.4639683019515668,0.4515483685047198,0.085715257265212,0.1648675171736997,0.2078117940206985,0.0303013465507712,0.1648675171736997,0.4639683019515668,False,,,N100_drop0.50_s0.20_c0.05,1.0,0.0,0.0,False,False,1.0068271698186462,1.0170734897113791,-0.0865463796488441,-0.1149304575594595,False,,
2026-10-06,BELRISE,INE894V01022,236.81,236.81,949482833.2196826,473.62,0.2636357254572041,0.0302501391457886,0.1370750230118944,0.2206830863939651,0.1693724040184686,0.0600011366992038,0.0215484518729801,0.029657612870402,0.0402278659970849,0.0215484518729801,0.4917289308451074,0.0155149341311767,0.4917289308451074,0.4391715955921786,0.0495263185480938,0.1578542883492161,0.1370750230118944,0.0302501391457886,0.1578542883492161,0.4917289308451074,False,,,N100_drop0.50_s0.20_c0.05,1.0,0.0,0.0,False,False,1.0068271698186462,1.0170734897113791,-0.0865463796488441,-0.1149304575594595,False,,
2026-10-06,POLYMED,INE205C01021,1633.8,1633.8,255382440.6174603,3267.6,0.2635431255466322,0.0302334453504675,0.1690566087511642,0.1788362228120192,0.1606839373862442,0.1080228848509621,0.0215365500522538,0.0296410178161392,0.0402129364866232,0.0215365500522538,0.464538723281313,0.0264291527006626,0.464538723281313,0.4290989377295551,0.0542359308372797,0.1578542883492161,0.1690566087511642,0.0302334453504675,0.1578542883492161,0.464538723281313,False,,,N100_drop0.50_s0.20_c0.05,1.0,0.0,0.0,False,False,1.0068271698186462,1.0170734897113791,-0.0865463796488441,-0.1149304575594595,False,,
2026-10-06,YATRA,INE0JR601024,101.48,101.48,175278446.7812698,202.96,0.2631861795281647,0.0301691438528608,0.2504470745141139,0.120461154962146,0.1554923985595702,0.0848296330167773,0.021490707037234,0.0295817945188074,0.0401544940765783,0.021490707037234,0.3874362551653511,0.0752095622292184,0.3874362551653511,0.387861237644421,0.0867932821067137,0.1578542883492161,0.2504470745141139,0.0301691438528608,0.1578542883492161,0.3874362551653511,False,,,N100_drop0.50_s0.20_c0.05,1.0,0.0,0.0,False,False,1.0068271698186462,1.0170734897113791,-0.0865463796488441,-0.1149304575594595,False,,
2026-10-06,MEDANTA,INE474Q01031,1300.8,1300.8,377307710.8142857,2601.6,0.2629578107017449,0.0301280448865392,0.16657233294355,0.1808706425259074,0.1566198208522516,0.0975358188215186,0.0214614065475458,0.0295454071865544,0.0401165823849035,0.0214614065475458,0.4688036096474118,0.0230131058198502,0.4688036096474118,0.4282776788344837,0.0516176666044906,0.1578542883492161,0.16657233294355,0.0301280448865392,0.1578542883492161,0.4688036096474118,False,,,N100_drop0.50_s0.20_c0.05,1.0,0.0,0.0,False,False,1.0068271698186462,1.0170734897113791,-0.0865463796488441,-0.1149304575594595,False,,
2026-10-06,IRCON,INE962Y01021,107.86,107.86,348238668.4096825,215.72,0.2629197128783508,0.0301211915667204,0.2662783655335846,0.1131191845284232,0.156162056945055,0.0470145610260503,0.0214565206844374,0.0295393391126793,0.0401102590381498,0.0214565206844374,0.4097368689149859,0.0612710338736693,0.4097368689149859,0.394824553966153,0.0767818549923243,0.1578542883492161,0.2662783655335846,0.0301211915667204,0.1578542883492161,0.4097368689149859,False,,,N100_drop0.50_s0.20_c0.05,1.0,0.0,0.0,False,False,1.0068271698186462,1.0170734897113791,-0.0865463796488441,-0.1149304575594595,False,,
2026-10-06,REDINGTON,INE891D01026,405.7,405.7,2502864589.022222,811.4,0.2626419850408169,0.0300712581556861,0.1903303306635444,0.157995092273782,0.1766126320428333,0.0958925879358574,0.0214136965583807,0.0294951233306606,0.0400641739707831,0.0214136965583807,0.4817741767118518,0.038192157640775,0.4817741767118518,0.4164405393941615,0.0618442086194838,0.1578542883492161,0.1903303306635444,0.0300712581556861,0.1578542883492161,0.4817741767118518,False,,,N100_drop0.50_s0.20_c0.05,1.0,0.0,0.0,False,False,1.0068271698186462,1.0170734897113791,-0.0865463796488441,-0.1149304575594595,False,,
2026-10-06,GRMOVER,INE192H01020,79.04,79.04,95755838.50253968,158.08,0.2622985410345526,0.0300095734762507,0.1964064275843341,0.1527932351570572,0.1872495916127907,0.1035961076845805,0.0213597312724545,0.0294345131591325,0.0400072115569811,0.0213597312724545,0.5230175509542465,0.115655767758144,0.5230175509542465,0.4525306366242014,0.0908939919252503,0.1732057416267942,0.1964064275843341,0.0300095734762507,0.1732057416267942,0.5230175509542465,False,,,N100_drop0.50_s0.20_c0.05,1.0,0.0,0.0,False,False,1.0068271698186462,1.0170734897113791,-0.0865463796488441,-0.1149304575594595,False,,
2026-10-06,RUPA,INE895B01021,128.99,128.99,17074512.209523804,257.98,0.2622714081705965,0.0300047032599594,0.2064018457989254,0.1453703243002472,0.1550595827524289,0.0326471221363361,0.0213554716523689,0.029429234285273,0.0400027126827179,0.0213554716523689,0.4504590004768866,0.0331597114644908,0.4504590004768866,0.4002091271441207,0.0699622590405438,0.1578542883492161,0.2064018457989254,0.0300047032599594,0.1578542883492161,0.4504590004768866,False,,,N100_drop0.50_s0.20_c0.05,1.0,0.0,0.0,False,False,1.0068271698186462,1.0170734897113791,-0.0865463796488441,-0.1149304575594595,False,,
2026-10-06,KFINTECH,INE138Y01010,863.8,863.8,969037653.1301588,1727.6,0.2622527723131159,0.0300013584703797,0.195689231315333,0.1533112387877679,0.1599931303464259,0.0833781233786074,0.0213525463061759,0.0294256088945142,0.0399996227980925,0.0213525463061759,0.4019621636035073,0.0640482718620324,0.4019621636035073,0.390246666381386,0.0847184611974584,0.1578542883492161,0.195689231315333,0.0300013584703797,0.1578542883492161,0.4019621636035073,False,,,N100_drop0.50_s0.20_c0.05,1.0,0.0,0.0,False,False,1.0068271698186462,1.0170734897113791,-0.0865463796488441,-0.1149304575594595,False,,
2026-10-06,AARTIIND,INE769A01020,481.15,481.15,539512608.615873,962.3,0.2622128083885157,0.0299941863915117,0.150934459112717,0.1987232509251734,0.1609385202080594,0.0767890173617179,0.0213462738821928,0.0294178352961517,0.0399929969514246,0.0213462738821928,0.4743302949158807,0.0231699544209471,0.4743302949158807,0.4321639926551568,0.0521803092015206,0.1578542883492161,0.150934459112717,0.0299941863915117,0.1578542883492161,0.4743302949158807,False,,,N100_drop0.50_s0.20_c0.05,1.0,0.0,0.0,False,False,1.0068271698186462,1.0170734897113791,-0.0865463796488441,-0.1149304575594595,False,,
2026-10-06,AHLUCONT,INE758C01029,576.05,576.05,49804404.41587301,1152.1,0.2621839447470422,0.0299890070072321,0.2341565285704147,0.1280724786548667,0.1571124869804715,0.0678739345113049,0.0213417444141193,0.029412221655257,0.0399882117379712,0.0213417444141193,0.4345464728178953,0.0471002150727139,0.4345464728178953,0.4092789572928872,0.0729018539879717,0.1578542883492161,0.2341565285704147,0.0299890070072321,0.1578542883492161,0.4345464728178953,False,,,N100_drop0.50_s0.20_c0.05,1.0,0.0,0.0,False,False,1.0068271698186462,1.0170734897113791,-0.0865463796488441,-0.1149304575594595,False,,
2026-10-06,SAMHI,INE08U801020,149.73,149.73,189482018.86396825,299.46,0.2621515418107052,0.0299831931153529,0.2075951659593498,0.1444310756312318,0.1668484326002996,0.1069593890560697,0.0213375706580884,0.0294059204438068,0.0399828400096515,0.0213375706580884,0.4189549651559365,0.0611270116932444,0.4189549651559365,0.3787000702612544,0.0920233961561024,0.1578542883492161,0.2075951659593498,0.0299831931153529,0.1578542883492161,0.4189549651559365,False,,,N100_drop0.50_s0.20_c0.05,1.0,0.0,0.0,False,False,1.0068271698186462,1.0170734897113791,-0.0865463796488441,-0.1149304575594595,False,,
2026-10-06,SDBL,INE480C01038,74.02,74.02,150220168.074127,148.04,0.2621488696479654,0.0299827136910437,0.2811317883834878,0.1066500300924515,0.1644478998310147,0.1055591716133863,0.0213372635982882,0.0294054008406543,0.0399823970330078,0.0213372635982882,0.4110246699051132,0.0736695793471173,0.4110246699051132,0.4156318948246635,0.0979184123912455,0.1578542883492161,0.2811317883834878,0.0299827136910437,0.1578542883492161,0.4110246699051132,False,,,N100_drop0.50_s0.20_c0.05,1.0,0.0,0.0,False,False,1.0068271698186462,1.0170734897113791,-0.0865463796488441,-0.1149304575594595,False,,
2026-10-06,KPRMILL,INE930H01031,1100.4,1100.4,285368022.32857144,2200.8,0.2620043756596919,0.0299567957673356,0.1426729229536703,0.2099683327933459,0.1575815407754091,0.0862034983954955,0.0213206631899756,0.0293773122871678,0.0399584463212957,0.0213206631899756,0.4841009076737108,0.0176867670003836,0.4841009076737108,0.4355523243850707,0.0476388707880128,0.1578542883492161,0.1426729229536703,0.0299567957673356,0.1578542883492161,0.4841009076737108,False,,,N100_drop0.50_s0.20_c0.05,1.0,0.0,0.0,False,False,1.0068271698186462,1.0170734897113791,-0.0865463796488441,-0.1149304575594595,False,,
2026-10-06,CELLO,INE0LMW01024,369.15,369.15,471225692.17539686,738.3,0.2618156604790147,0.0299229647054577,0.2732156916140588,0.1095213987479407,0.1716664120966667,0.1118668264164334,0.0212989926540632,0.0293406521823374,0.0399270871243576,0.0212989926540632,0.3735376345337266,0.0926789048469948,0.3735376345337266,0.3717204947382769,0.1128319937485952,0.1578542883492161,0.2732156916140588,0.0299229647054577,0.1578542883492161,0.3735376345337266,False,,,N100_drop0.50_s0.20_c0.05,1.0,0.0,0.0,False,False,1.0068271698186462,1.0170734897113791,-0.0865463796488441,-0.1149304575594595,False,,
2026-10-06,GODREJIND,INE233A01035,1045.0,1045.0,209140757.97460324,2090.0,0.2617873498838393,0.029917891290326,0.169690386135604,0.1763086994593665,0.1557406230164838,0.0384514986148743,0.0212957426976745,0.029335154936231,0.0399223754281014,0.0212957426976745,0.4886957111580912,0.0056522372880928,0.4886957111580912,0.4423800457804789,0.0400710135480174,0.1648675171736997,0.169690386135604,0.029917891290326,0.1648675171736997,0.4886957111580912,False,,,N100_drop0.50_s0.20_c0.05,1.0,0.0,0.0,False,False,1.0068271698186462,1.0170734897113791,-0.0865463796488441,-0.1149304575594595,False,,
2026-10-06,MINDACORP,INE842C01021,659.6,659.6,291540312.4817461,1319.2,0.2616348113221486,0.0298905637904368,0.1471263496659869,0.203162546058512,0.1558473432024899,0.0796853022832013,0.0212782363196497,0.0293055464001471,0.0398969922392826,0.0212782363196497,0.4918852187680376,0.044253090713828,0.4918852187680376,0.4328735936638002,0.0526784422992552,0.1578542883492161,0.1471263496659869,0.0298905637904368,0.1578542883492161,0.4918852187680376,False,,,N100_drop0.50_s0.20_c0.05,1.0,0.0,0.0,False,False,1.0068271698186462,1.0170734897113791,-0.0865463796488441,-0.1149304575594595,False,,
2026-10-06,LGEINDIA,INE324D01010,1758.6,1758.6,1124634204.9476192,3517.2,0.2615785147325067,0.0298804816929902,0.1447710014635244,0.2063982523497202,0.1786098533170571,0.090204573579311,0.0212717772561794,0.029294623552543,0.0398876257394823,0.0212717772561794,0.4486793254454866,0.042491831492751,0.4486793254454866,0.3748932413272957,0.0934325647444797,0.1578542883492161,0.1447710014635244,0.0298804816929902,0.1578542883492161,0.4486793254454866,False,,,N100_drop0.50_s0.20_c0.05,1.0,0.0,0.0,False,False,1.0068271698186462,1.0170734897113791,-0.0865463796488441,-0.1149304575594595,False,,
2026-10-06,IGCL,INE05J901018,57.36,57.36,10147963.92063492,114.72,0.2614374800226864,0.0298552322551998,0.2913873679804148,0.1024589104947284,0.1417588144260562,0.0967585055563695,0.0212556005007973,0.0292672704618114,0.0398641643400407,0.0212556005007973,0.4226128934991253,0.064977664221579,0.4226128934991253,0.4168156896243351,0.0719368692757169,0.1578542883492161,0.2913873679804148,0.0298552322551998,0.1578542883492161,0.4226128934991253,False,,,N100_drop0.50_s0.20_c0.05,1.0,0.0,0.0,False,False,1.0068271698186462,1.0170734897113791,-0.0865463796488441,-0.1149304575594595,False,,
2026-10-06,SCODATUBES,INE090501011,124.37,124.37,34727704.18873016,248.74,0.2611508250942371,0.029803949072799,0.2387012987295798,0.1248587637831137,0.1575317347977036,0.0508466454828725,0.0212177073467457,0.0292117230295135,0.0398164947461145,0.0212177073467457,0.4222504363398339,0.0539943821902947,0.4222504363398339,0.389889194481825,0.0797779304063035,0.1578542883492161,0.2387012987295798,0.029803949072799,0.1578542883492161,0.4222504363398339,False,,,N100_drop0.50_s0.20_c0.05,1.0,0.0,0.0,False,False,1.0068271698186462,1.0170734897113791,-0.0865463796488441,-0.1149304575594595,False,,
2026-10-06,PRESTIGE,INE811K01011,1467.7,1467.7,946215629.35873,2935.4,0.2609360221896746,0.0297655525375946,0.1723444317381453,0.1727096851195025,0.1639049510151217,0.1254079722782089,0.0211876268026603,0.0291701411604318,0.0397807879172482,0.0211876268026603,0.4389987183164434,0.0425799198692716,0.4389987183164434,0.3954086510449254,0.0791035487128545,0.1578542883492161,0.1723444317381453,0.0297655525375946,0.1578542883492161,0.4389987183164434,False,,,N100_drop0.50_s0.20_c0.05,1.0,0.0,0.0,False,False,1.0068271698186462,1.0170734897113791,-0.0865463796488441,-0.1149304575594595,False,,
2026-10-06,TRAVELFOOD,INE103V01028,1197.9,1197.9,93317479.64761904,2395.8,0.2608166267630674,0.0297442222256052,0.1582417863200887,0.187966926545174,0.15055486501684,0.03758998629409,0.0211709180647918,0.0291470440420234,0.0397609459375601,0.0211709180647918,0.4590474962246084,0.0246197748148387,0.4590474962246084,0.3926490911259204,0.0756561261586339,0.1578542883492161,0.1582417863200887,0.0297442222256052,0.1578542883492161,0.4590474962246084,False,,,N100_drop0.50_s0.20_c0.05,1.0,0.0,0.0,False,False,1.0068271698186462,1.0170734897113791,-0.0865463796488441,-0.1149304575594595,False,,
2026-10-06,GODIGIT,INE03JT01014,258.6,258.6,227899811.7595238,517.2,0.2608164056931707,0.0297441827387658,0.2388952332423642,0.1245072257619712,0.167378256985318,0.0688641971304505,0.0211708871346501,0.0291470012862691,0.03976090920204,0.0211708871346501,0.3920924453291277,0.0773058080684934,0.3920924453291277,0.3590187568285792,0.1048687320284239,0.1428571428571428,0.2388952332423642,0.0297441827387658,0.1428571428571428,0.3920924453291277,False,,,N100_drop0.50_s0.20_c0.05,1.0,0.0,0.0,False,False,1.0068271698186462,1.0170734897113791,-0.0865463796488441,-0.1149304575594595,False,,
2026-10-06,BAJAJINDEF,INE0O9T01021,207.21,207.21,5187287.145238095,414.42,0.2606314421646294,0.0297111553243926,0.247778757072986,0.1199100184187335,0.1712542258362188,0.0026077682149627,0.0211450182357566,0.0291112420449923,0.0397301779919328,0.0211450182357566,0.490446664688573,0.0156164788127772,0.490446664688573,0.4485687307542922,0.035230328347815,0.1648675171736997,0.247778757072986,0.0297111553243926,0.1648675171736997,0.490446664688573,False,,,N100_drop0.50_s0.20_c0.05,1.0,0.0,0.0,False,False,1.0068271698186462,1.0170734897113791,-0.0865463796488441,-0.1149304575594595,False,,
2026-10-06,NDRAUTO,INE07OG01012,704.7,704.7,18396591.697619043,1409.4,0.260616914342142,0.0297085620748122,0.2300030550698766,0.1291659454948828,0.1592203335189838,0.0671156457273959,0.0211429871910385,0.0291084344959831,0.0397277646091881,0.0211429871910385,0.4260941353087271,0.05500221531008,0.4260941353087271,0.3987850789393094,0.0800063430702383,0.1578542883492161,0.2300030550698766,0.0297085620748122,0.1578542883492161,0.4260941353087271,False,,,N100_drop0.50_s0.20_c0.05,1.0,0.0,0.0,False,False,1.0068271698186462,1.0170734897113791,-0.0865463796488441,-0.1149304575594595,False,,
2026-10-06,SESHAPAPER,INE630A01024,233.87,233.87,30767220.25968254,467.74,0.2605767023609968,0.0297013848001922,0.1538263572067394,0.1930838468746559,0.1587520267160962,0.0768771045696204,0.021137366017477,0.0291006642606623,0.0397210848235167,0.021137366017477,0.4480831452524406,0.0380364438617759,0.4480831452524406,0.3922807614503954,0.0760832990060848,0.1578542883492161,0.1538263572067394,0.0297013848001922,0.1578542883492161,0.4480831452524406,False,,,N100_drop0.50_s0.20_c0.05,1.0,0.0,0.0,False,False,1.0068271698186462,1.0170734897113791,-0.0865463796488441,-0.1149304575594595,False,,
2026-10-06,TATAINVEST,INE672A01026,624.15,624.15,687325577.3738096,1248.3,0.2601224191898614,0.0296203685454226,0.2383307336084306,0.124282622291122,0.1724327277529552,0.1190314126985949,0.0210510042739492,0.0290129700997374,0.039645651091211,0.0210510042739492,0.3574734237157362,0.1065492796406999,0.3574734237157362,0.3225393771616467,0.1271735030317285,0.1130612244897959,0.2383307336084306,0.0296203685454226,0.1130612244897959,0.3574734237157362,False,,,N100_drop0.50_s0.20_c0.05,1.0,0.0,0.0,False,False,1.0068271698186462,1.0170734897113791,-0.0865463796488441,-0.1149304575594595,False,,
2026-10-06,MAHLIFE,INE813A01018,352.2,352.2,80197159.58333331,704.4,0.2584079114349765,0.0293157105333271,0.1482686380018712,0.1977202389419477,0.1569131746062584,0.0284676585986093,0.0207442752509393,0.0286665470247838,0.0392474668219108,0.0207442752509393,0.4613048153069159,0.0281353231404001,0.4613048153069159,0.4082729956778428,0.0650112822106591,0.1578542883492161,0.1482686380018712,0.0293157105333271,0.1578542883492161,0.4613048153069159,False,,,N100_drop0.50_s0.20_c0.05,1.0,0.0,0.0,False,False,1.0068271698186462,1.0170734897113791,-0.0865463796488441,-0.1149304575594595,False,,
2026-10-06,ROHLTD,INE283H01019,300.75,300.75,6605676.253174603,601.5,0.2583984813981358,0.029314039690434,0.2042429310829036,0.14352535745061,0.1607642625865561,0.0441216323266345,0.0207427816635312,0.0286645191288739,0.0392452164868415,0.0207427816635312,0.4488141440391978,0.054563661823736,0.4488141440391978,0.3904387333477617,0.0774814895935647,0.1578542883492161,0.2042429310829036,0.029314039690434,0.1578542883492161,0.4488141440391978,False,,,N100_drop0.50_s0.20_c0.05,1.0,0.0,0.0,False,False,1.0068271698186462,1.0170734897113791,-0.0865463796488441,-0.1149304575594595,False,,
2026-10-06,NDTV,INE155G01029,67.08,67.08,13861945.280476192,134.16,0.2580937672837207,0.0292600778234858,0.2415764420187909,0.1211214039703833,0.1474140721105281,0.0847003037052012,0.0206945568670289,0.0285990404059568,0.0391725389035621,0.0206945568670289,0.4085635076910645,0.0700375706857835,0.4085635076910645,0.3845204650561175,0.0881097397984382,0.1578542883492161,0.2415764420187909,0.0292600778234858,0.1578542883492161,0.4085635076910645,False,,,N100_drop0.50_s0.20_c0.05,1.0,0.0,0.0,False,False,1.0068271698186462,1.0170734897113791,-0.0865463796488441,-0.1149304575594595,False,,
2026-10-06,INDGN,INE065X01017,596.3,596.3,345429871.74523807,1192.6,0.2575454134815848,0.0291631080115035,0.1412241236514387,0.2065023117685066,0.1666493588252387,0.0917977490433637,0.0206079570992983,0.0284940071072308,0.0390540382209535,0.0206079570992983,0.4939294622658214,0.0446675818496878,0.4939294622658214,0.430753537294045,0.0677500373964629,0.1578542883492161,0.1412241236514387,0.0291631080115035,0.1578542883492161,0.4939294622658214,False,,,N100_drop0.50_s0.20_c0.05,1.0,0.0,0.0,False,False,1.0068271698186462,1.0170734897113791,-0.0865463796488441,-0.1149304575594595,False,,
2026-10-06,PREMEXPLN,INE863B01029,685.1,685.1,220973972.76190475,1370.2,0.2573683676533587,0.0291318374857309,0.1522994682616308,0.1912799684611256,0.1777235021757389,0.0434067968464349,0.0205800472724865,0.028462635618506,0.0390236467378276,0.0205800472724865,0.4924460023123563,0.0226500084118121,0.4924460023123563,0.4236645604148766,0.0585769055630999,0.1578542883492161,0.1522994682616308,0.0291318374857309,0.1578542883492161,0.4924460023123563,False,,,N100_drop0.50_s0.20_c0.05,1.0,0.0,0.0,False,False,1.0068271698186462,1.0170734897113791,-0.0865463796488441,-0.1149304575594595,False,,
2026-10-06,HARIOMPIPE,INE00EV01017,336.5,336.5,81823158.05396825,673.0,0.2571050086954465,0.0290853561989559,0.2072243630023525,0.1403568372828139,0.1516388465039847,0.0563141481750192,0.020538576392649,0.028416008711748,0.038978455774319,0.020538576392649,0.4613542873909425,0.0473679555010486,0.4613542873909425,0.4721481100429421,0.0890096835935348,0.1732057416267942,0.2072243630023525,0.0290853561989559,0.1732057416267942,0.4613542873909425,False,,,N100_drop0.50_s0.20_c0.05,1.0,0.0,0.0,False,False,1.0068271698186462,1.0170734897113791,-0.0865463796488441,-0.1149304575594595,False,,
2026-10-06,IFBIND,INE559A01017,1212.3,1212.3,95919356.32857142,2424.6,0.256366685764667,0.0289552644013655,0.1997006951158734,0.1449933080331276,0.1513628462958582,0.0399572470654696,0.0204226030955243,0.028288752081715,0.0388394583688396,0.0204226030955243,0.445928486311673,0.0394870859911484,0.445928486311673,0.4274645892546543,0.0576059238843135,0.1578542883492161,0.1997006951158734,0.0289552644013655,0.1578542883492161,0.445928486311673,False,,,N100_drop0.50_s0.20_c0.05,1.0,0.0,0.0,False,False,1.0068271698186462,1.0170734897113791,-0.0865463796488441,-0.1149304575594595,False,,
2026-10-06,VEEDOL,INE484C01030,1392.4,1392.4,17324014.43492063,2784.8,0.2563090116862325,0.028945115787968,0.1614305797497947,0.1793037962995042,0.1543302753090277,0.0798818735322679,0.0204135618012703,0.0282780488448047,0.0388267234357917,0.0204135618012703,0.4348608795643645,0.043159281529882,0.4348608795643645,0.3890475550800041,0.0780006018617217,0.1578542883492161,0.1614305797497947,0.028945115787968,0.1578542883492161,0.4348608795643645,False,,,N100_drop0.50_s0.20_c0.05,1.0,0.0,0.0,False,False,1.0068271698186462,1.0170734897113791,-0.0865463796488441,-0.1149304575594595,False,,
2026-10-06,DOLLAR,INE325C01035,278.55,278.55,34524509.48571429,557.1,0.2561444012869618,0.0289161608877422,0.1697761604979425,0.1703193240024571,0.1737036286479696,0.0540635600872728,0.0203877708961843,0.0282475140045552,0.0387903878202691,0.0203877708961843,0.4680123021373432,0.0289185488873122,0.4680123021373432,0.4204393821019652,0.0611248559948722,0.1578542883492161,0.1697761604979425,0.0289161608877422,0.1578542883492161,0.4680123021373432,False,,,N100_drop0.50_s0.20_c0.05,1.0,0.0,0.0,False,False,1.0068271698186462,1.0170734897113791,-0.0865463796488441,-0.1149304575594595,False,,
2026-10-06,PGEL,INE457L01029,527.65,527.65,989199200.3158728,1055.3,0.2559126934900017,0.0288754305543574,0.1647988746478756,0.1752161877079278,0.1608587273641284,0.0984377951979796,0.020351503124056,0.0282045673444283,0.0387392708672295,0.020351503124056,0.4426567871379719,0.0408958216834565,0.4426567871379719,0.3980438795752998,0.0762823514456217,0.1578542883492161,0.1647988746478756,0.0288754305543574,0.1578542883492161,0.4426567871379719,False,,,N100_drop0.50_s0.20_c0.05,1.0,0.0,0.0,False,False,1.0068271698186462,1.0170734897113791,-0.0865463796488441,-0.1149304575594595,False,,
2026-10-06,HBLENGINE,INE292B01021,764.3,764.3,1111501388.1007938,1528.6,0.2556696336697602,0.028832738595358,0.2123374101047344,0.1357873705869182,0.1830025733744683,0.1007326080403964,0.0203135035025139,0.0281626963463237,0.0386846564475852,0.0203135035025139,0.3865605685064053,0.0869688098011875,0.3865605685064053,0.3533020356198486,0.1151237153790902,0.1428571428571428,0.2123374101047344,0.028832738595358,0.1428571428571428,0.3865605685064053,False,,,N100_drop0.50_s0.20_c0.05,1.0,0.0,0.0,False,False,1.0068271698186462,1.0170734897113791,-0.0865463796488441,-0.1149304575594595,False,,
2026-10-06,JSLL,INE0J5801029,441.25,441.25,293477896.3063493,882.5,0.2552798769972458,0.0287643525610793,0.2411024805262154,0.1193034285599221,0.1507278367043342,0.0214269939977301,0.0202526656001264,0.0281038091677438,0.0385970883317447,0.0202526656001264,0.4569519233052437,0.0583675729552704,0.4569519233052437,0.4341690655399581,0.0440661133272467,0.1578542883492161,0.2411024805262154,0.0287643525610793,0.1578542883492161,0.4569519233052437,False,,,N100_drop0.50_s0.20_c0.05,1.0,0.0,0.0,False,False,1.0068271698186462,1.0170734897113791,-0.0865463796488441,-0.1149304575594595,False,,
2026-10-06,PRAKASH,INE603A01013,119.7,119.7,59930853.23095238,239.4,0.2551218569607789,0.0287366519974449,0.2398278870087699,0.1198219788193111,0.1601727287008315,0.0515038363724025,0.020228234214968,0.0280799516805755,0.0385616146801234,0.020228234214968,0.4126912399202148,0.061256984941387,0.4126912399202148,0.3894470548950671,0.0836321380157543,0.1578542883492161,0.2398278870087699,0.0287366519974449,0.1578542883492161,0.4126912399202148,False,,,N100_drop0.50_s0.20_c0.05,1.0,0.0,0.0,False,False,1.0068271698186462,1.0170734897113791,-0.0865463796488441,-0.1149304575594595,False,,
2026-10-06,KIRLOSBROS,INE732A01036,1745.3,1745.3,137397023.07142857,3490.6,0.2549743328789779,0.0287108045473633,0.1678183783871183,0.1710826002688107,0.1636482570782703,0.0711634100794695,0.0202057746716325,0.0280576878445403,0.0385285125007235,0.0202057746716325,0.4777413965956054,0.0182044740802128,0.4777413965956054,0.4261393923806296,0.0559367866620624,0.1578542883492161,0.1678183783871183,0.0287108045473633,0.1578542883492161,0.4777413965956054,False,,,N100_drop0.50_s0.20_c0.05,1.0,0.0,0.0,False,False,1.0068271698186462,1.0170734897113791,-0.0865463796488441,-0.1149304575594595,False,,
2026-10-06,LALPATHLAB,INE600L01024,1964.2,1964.2,656989333.8634921,3928.4,0.2549392439329259,0.0287046585464091,0.1320437718005984,0.2173874477757006,0.1788688771008195,0.0451240075844737,0.0202004349631641,0.0280522596291846,0.0385206412379107,0.0202004349631641,0.4694235897139472,0.0285289219975952,0.4694235897139472,0.3574368639112932,0.1075949594504237,0.1428571428571428,0.1320437718005984,0.0287046585464091,0.1428571428571428,0.4694235897139472,False,,,N100_drop0.50_s0.20_c0.05,1.0,0.0,0.0,False,False,1.0068271698186462,1.0170734897113791,-0.0865463796488441,-0.1149304575594595,False,,
2026-10-06,ROSSARI,INE02A801020,427.45,427.45,38799587.88730159,854.9,0.2547967227432988,0.028679702666377,0.2074742546826702,0.1382325855814851,0.1526077716723007,0.0132627126882346,0.0201787558701566,0.0280253744448981,0.0384886789961143,0.0201787558701566,0.4317289487578695,0.0445469695440615,0.4317289487578695,0.4015056822480242,0.0701731713175188,0.1578542883492161,0.2074742546826702,0.028679702666377,0.1578542883492161,0.4317289487578695,False,,,N100_drop0.50_s0.20_c0.05,1.0,0.0,0.0,False,False,1.0068271698186462,1.0170734897113791,-0.0865463796488441,-0.1149304575594595,False,,
2026-10-06,IPCALAB,INE571A01038,1945.5,1945.5,733145024.0238097,3891.0,0.2545851820487803,0.0286426831694447,0.1405056201470495,0.2038543592738004,0.1659522598906089,0.0778503693522991,0.0201466055240361,0.0279854989422016,0.0384366890972544,0.0201466055240361,0.4818574268313901,0.0334850681791369,0.4818574268313901,0.4162519147041916,0.0605979799754379,0.1578542883492161,0.1405056201470495,0.0286426831694447,0.1578542883492161,0.4818574268313901,False,,,N100_drop0.50_s0.20_c0.05,1.0,0.0,0.0,False,False,1.0068271698186462,1.0170734897113791,-0.0865463796488441,-0.1149304575594595,False,,
2026-10-06,ONESOURCE,INE013P01021,1535.8,1535.8,465274245.384127,3071.6,0.2542620849548694,0.0285861918435437,0.1692437099795723,0.1689054904728459,0.1765382707347705,0.0987837925528582,0.0200975637625774,0.0279262297546917,0.0383546037136647,0.0200975637625774,0.4402726631450483,0.0493470519840886,0.4402726631450483,0.4035177720130651,0.0758494528166648,0.1578542883492161,0.1692437099795723,0.0285861918435437,0.1578542883492161,0.4402726631450483,False,,,N100_drop0.50_s0.20_c0.05,1.0,0.0,0.0,False,False,1.0068271698186462,1.0170734897113791,-0.0865463796488441,-0.1149304575594595,False,,
2026-10-06,JKPAPER,INE789E01012,393.45,393.45,275306966.4380953,786.9,0.2540128919141735,0.0285426637739001,0.1472524471849288,0.1938349027100007,0.16373820739299,0.1023529942330866,0.0200597917025184,0.0278884757820619,0.0382913624856916,0.0200597917025184,0.4814389607963314,0.0342398489299808,0.4814389607963314,0.4298612498627323,0.0620512028190928,0.1578542883492161,0.1472524471849288,0.0285426637739001,0.1578542883492161,0.4814389607963314,False,,,N100_drop0.50_s0.20_c0.05,1.0,0.0,0.0,False,False,1.0068271698186462,1.0170734897113791,-0.0865463796488441,-0.1149304575594595,False,,
2026-10-06,PACEDIGITK,INE0S3G01027,166.28,166.28,320251371.8892063,332.56,0.2539658949351976,0.028534458585993,0.2104583045122219,0.1355824786868219,0.1696494300979269,0.0694302601145678,0.0200526730956648,0.0278821889229513,0.0382794420573377,0.0200526730956648,0.4142355824851064,0.0667703446720376,0.4142355824851064,0.3647518923439827,0.0979874340064384,0.1428571428571428,0.2104583045122219,0.028534458585993,0.1428571428571428,0.4142355824851064,False,,,N100_drop0.50_s0.20_c0.05,1.0,0.0,0.0,False,False,1.0068271698186462,1.0170734897113791,-0.0865463796488441,-0.1149304575594595,False,,
2026-10-06,SOUTHBANK,INE683A01023,47.23,47.23,604351540.0760318,94.46,0.2536943123538685,0.0284870682955498,0.1480175614906953,0.1924573544426388,0.1749661076837576,0.0895558720312139,0.0200115681693221,0.0278458713849011,0.0382105985420341,0.0200115681693221,0.4845634832817733,0.0378841484571371,0.4845634832817733,0.4236714628090922,0.0734123122617206,0.1578542883492161,0.1480175614906953,0.0284870682955498,0.1578542883492161,0.4845634832817733,False,,,N100_drop0.50_s0.20_c0.05,1.0,0.0,0.0,False,False,1.0068271698186462,1.0170734897113791,-0.0865463796488441,-0.1149304575594595,False,,
2026-10-06,HOMEFIRST,INE481N01025,1111.5,1111.5,251444931.05555555,2223.0,0.2532459606457864,0.0284089263983008,0.1605811330065549,0.1769132267683105,0.1649633003904764,0.0798120884089563,0.0199438261948932,0.0277711122514539,0.0380970999459554,0.0199438261948932,0.4597950353513506,0.0323642357299925,0.4597950353513506,0.4022014633494105,0.0743564612547169,0.1578542883492161,0.1605811330065549,0.0284089263983008,0.1578542883492161,0.4597950353513506,False,,,N100_drop0.50_s0.20_c0.05,1.0,0.0,0.0,False,False,1.0068271698186462,1.0170734897113791,-0.0865463796488441,-0.1149304575594595,False,,
2026-10-06,PTC,INE877F01012,157.14,157.14,344494523.2874603,314.28,0.2531985171006785,0.0284006644499917,0.2137421281915175,0.1328734989694878,0.1608099487175159,0.0262729389234609,0.019936666452568,0.0277624988015788,0.0380851010109828,0.019936666452568,0.4126893977078925,0.0647874821722789,0.4126893977078925,0.3887217303838159,0.0795465466356956,0.1578542883492161,0.2137421281915175,0.0284006644499917,0.1578542883492161,0.4126893977078925,False,,,N100_drop0.50_s0.20_c0.05,1.0,0.0,0.0,False,False,1.0068271698186462,1.0170734897113791,-0.0865463796488441,-0.1149304575594595,False,,
2026-10-06,EQUITASBNK,INE063P01018,67.96,67.96,198317669.20222223,135.92,0.252827313412187,0.0283360672227544,0.1623538588573095,0.1745327608606986,0.1573611493635085,0.0737421051876758,0.0198807042863265,0.0276951612223108,0.0379912940748812,0.0198807042863265,0.469489220818638,0.0358564081050015,0.469489220818638,0.4202288034364949,0.063036031894193,0.1578542883492161,0.1623538588573095,0.0283360672227544,0.1578542883492161,0.469489220818638,False,,,N100_drop0.50_s0.20_c0.05,1.0,0.0,0.0,False,False,1.0068271698186462,1.0170734897113791,-0.0865463796488441,-0.1149304575594595,False,,
2026-10-06,CANTABIL,INE068L01024,229.84,229.84,49747343.89079365,459.68,0.252543173805531,0.0282866750850312,0.1780395229377951,0.1588786277242177,0.1527451164652292,0.0793888739357924,0.0198379353867162,0.0276436832409641,0.0379195778342952,0.0198379353867162,0.4231480180173566,0.0534062934055167,0.4231480180173566,0.3893586560181626,0.0795768362449023,0.1578542883492161,0.1780395229377951,0.0282866750850312,0.1578542883492161,0.4231480180173566,False,,,N100_drop0.50_s0.20_c0.05,1.0,0.0,0.0,False,False,1.0068271698186462,1.0170734897113791,-0.0865463796488441,-0.1149304575594595,False,,
2026-10-06,FINOPB,INE02NC01014,128.29,128.29,504921400.9323809,256.58,0.2524378187985955,0.0282683730838479,0.2841916083338491,0.0994694151934288,0.1694504085740227,0.1943211960726528,0.0198220921577124,0.0276246104287783,0.0378930059877145,0.0198220921577124,0.3633009047904953,0.1005876730611975,0.3633009047904953,0.3921726787576194,0.1200440960864291,0.1578542883492161,0.2841916083338491,0.0282683730838479,0.1578542883492161,0.3633009047904953,False,,,N100_drop0.50_s0.20_c0.05,1.0,0.0,0.0,False,False,1.0068271698186462,1.0170734897113791,-0.0865463796488441,-0.1149304575594595,False,,
2026-10-06,AUTOAXLES,INE449A01011,1638.1,1638.1,16639596.192063492,3276.2,0.2523706985201177,0.0282567164812807,0.1578441157618878,0.179016597133762,0.1577998367693611,0.0366514659687789,0.0198120028427037,0.0276124634830477,0.0378760829253153,0.0198120028427037,0.4450259701875567,0.0370363292352823,0.4450259701875567,0.4016036319945351,0.0688376763800862,0.1578542883492161,0.1578441157618878,0.0282567164812807,0.1578542883492161,0.4450259701875567,False,,,N100_drop0.50_s0.20_c0.05,1.0,0.0,0.0,False,False,1.0068271698186462,1.0170734897113791,-0.0865463796488441,-0.1149304575594595,False,,
2026-10-06,GMBREW,INE075D01018,981.35,981.35,51151665.20873016,1962.7,0.2522662443921406,0.028238581406813,0.1524261278073191,0.1852607673830645,0.1766370196879261,0.0881119604750008,0.0197963081113534,0.0275970783060605,0.0378497553904938,0.0197963081113534,0.4374103545462838,0.0500055283149604,0.4374103545462838,0.4135213495793865,0.0898699010440286,0.1578542883492161,0.1524261278073191,0.028238581406813,0.1578542883492161,0.4374103545462838,False,,,N100_drop0.50_s0.20_c0.05,1.0,0.0,0.0,False,False,1.0068271698186462,1.0170734897113791,-0.0865463796488441,-0.1149304575594595,False,,
2026-10-06,ACCELYA,INE793A01012,1097.5,1097.5,9569947.876190476,2195.0,0.2521347225158554,0.028215755896746,0.1600331571257044,0.1763119368730744,0.1688484226408274,0.099329467436003,0.0197765575627634,0.0275777827162401,0.0378166202230924,0.0197765575627634,0.4375559918312615,0.0461177260624307,0.4375559918312615,0.360021324226611,0.1020053053094793,0.1428571428571428,0.1600331571257044,0.028215755896746,0.1428571428571428,0.4375559918312615,False,,,N100_drop0.50_s0.20_c0.05,1.0,0.0,0.0,False,False,1.0068271698186462,1.0170734897113791,-0.0865463796488441,-0.1149304575594595,False,,
2026-10-06,SRM,INE0R6Z01013,418.45,418.45,36810859.63253968,836.9,0.2521328328137447,0.0282154280136509,0.2110767344338694,0.1336737944583414,0.1484067452251317,0.0318807822013965,0.0197762738787975,0.0275775055249068,0.0378161442579366,0.0197762738787975,0.4312743348445607,0.0423864582099251,0.4312743348445607,0.3980071951213622,0.0698938684912869,0.1578542883492161,0.2110767344338694,0.0282154280136509,0.1578542883492161,0.4312743348445607,False,,,N100_drop0.50_s0.20_c0.05,1.0,0.0,0.0,False,False,1.0068271698186462,1.0170734897113791,-0.0865463796488441,-0.1149304575594595,False,,
2026-10-06,USHAMART,INE228A01035,516.7,516.7,381563991.634127,1033.4,0.2521317239833741,0.0282152356209398,0.1369639838652,0.2060047818754258,0.1741781726279335,0.0787937567335373,0.0197761074212799,0.0275773428765222,0.0378158649749585,0.0197761074212799,0.4473693732917901,0.0424510300649728,0.4473693732917901,0.4003214863000551,0.0822756597460606,0.1578542883492161,0.1369639838652,0.0282152356209398,0.1578542883492161,0.4473693732917901,False,,,N100_drop0.50_s0.20_c0.05,1.0,0.0,0.0,False,False,1.0068271698186462,1.0170734897113791,-0.0865463796488441,-0.1149304575594595,False,,
2026-10-06,MMTC,INE123F01029,57.01,57.01,135619430.5307936,114.02,0.2517239683871836,0.0281445344258386,0.1716982329810875,0.1639186026389608,0.1460281196186889,0.0367421923044726,0.019714955509557,0.0275108143249924,0.037713242109012,0.019714955509557,0.4324178782035632,0.0449691614226872,0.4324178782035632,0.3764456571784757,0.0885456513985167,0.1578542883492161,0.1716982329810875,0.0281445344258386,0.1578542883492161,0.4324178782035632,False,,,N100_drop0.50_s0.20_c0.05,1.0,0.0,0.0,False,False,1.0068271698186462,1.0170734897113791,-0.0865463796488441,-0.1149304575594595,False,,
2026-10-06,MEDPLUS,INE804L01022,651.45,651.45,139869626.11825398,1302.9,0.2516230567967606,0.0281270521205425,0.1961295862712621,0.1434105514383776,0.1524375852478482,0.0467868677167755,0.0196998401594334,0.027492285131591,0.0376878693227934,0.0196998401594334,0.3984748673829312,0.0770320882412526,0.3984748673829312,0.4003358851801399,0.0722374175168609,0.1578542883492161,0.1961295862712621,0.0281270521205425,0.1578542883492161,0.3984748673829312,False,,,N100_drop0.50_s0.20_c0.05,1.0,0.0,0.0,False,False,1.0068271698186462,1.0170734897113791,-0.0865463796488441,-0.1149304575594595,False,,
2026-10-06,SAURASHCEM,INE626A01014,51.47,51.47,19079361.294920634,102.94,0.2515208011049362,0.0281093429713439,0.2783292825039958,0.1009931212356013,0.1414075544691951,0.0896681576857908,0.0196845309849157,0.027473517142703,0.0376621684425761,0.0196845309849157,0.4192295907279952,0.0549469065931166,0.4192295907279952,0.4386958528828545,0.05274626098875,0.1578542883492161,0.2783292825039958,0.0281093429713439,0.1578542883492161,0.4192295907279952,False,,,N100_drop0.50_s0.20_c0.05,1.0,0.0,0.0,False,False,1.0068271698186462,1.0170734897113791,-0.0865463796488441,-0.1149304575594595,False,,
2026-10-06,SWSOLAR,INE00M201021,172.54,172.54,261067992.6780952,345.08,0.2512940754468032,0.028070099074016,0.2096880777654289,0.1338659754677,0.1590904082136899,0.0278493584819655,0.0196506137670804,0.0274319326888214,0.0376052187499038,0.0196506137670804,0.4437319637705794,0.0420755281450288,0.4437319637705794,0.4046857232298663,0.0678473470361781,0.1578542883492161,0.2096880777654289,0.028070099074016,0.1578542883492161,0.4437319637705794,False,,,N100_drop0.50_s0.20_c0.05,1.0,0.0,0.0,False,False,1.0068271698186462,1.0170734897113791,-0.0865463796488441,-0.1149304575594595,False,,
2026-10-06,AWFIS,INE108V01019,243.54,243.54,205209219.87317455,487.08,0.2512834236221393,0.0280682560831529,0.3145528859304596,0.0892322319667358,0.15769384514084,0.0562428457101634,0.0196490212109221,0.0274299799781375,0.0376025443889945,0.0196490212109221,0.3746355283324213,0.089649351141801,0.3746355283324213,0.3805478411047711,0.0964844930216782,0.1578542883492161,0.3145528859304596,0.0280682560831529,0.1578542883492161,0.3746355283324213,False,,,N100_drop0.50_s0.20_c0.05,1.0,0.0,0.0,False,False,1.0068271698186462,1.0170734897113791,-0.0865463796488441,-0.1149304575594595,False,,
2026-10-06,UNIECOM,INE00U401027,81.84,81.84,47476132.985396825,163.68,0.2512268762144881,0.0280584732847617,0.2851684610355986,0.0983926244258094,0.1626619695798767,0.1228249705167267,0.0196405681691656,0.0274196150731399,0.0375883487944196,0.0196405681691656,0.3685054172894157,0.099325208048323,0.3685054172894157,0.3685706541101552,0.1235628958346335,0.1496062992125984,0.2851684610355986,0.0280584732847617,0.1496062992125984,0.3685054172894157,False,,,N100_drop0.50_s0.20_c0.05,1.0,0.0,0.0,False,False,1.0068271698186462,1.0170734897113791,-0.0865463796488441,-0.1149304575594595,False,,
2026-10-06,MAHABANK,INE457A01014,80.8,80.8,1241115271.4901588,161.6,0.2504770044314994,0.0279289188615251,0.1672971500443525,0.1669419882772712,0.1665788300243152,0.1130643244173789,0.0195286908327845,0.0272897759247698,0.037400388357189,0.0195286908327845,0.4479695624695239,0.0410507101702621,0.4479695624695239,0.3942409216490079,0.0812732813878297,0.1578542883492161,0.1672971500443525,0.0279289188615251,0.1578542883492161,0.4479695624695239,False,,,N100_drop0.50_s0.20_c0.05,1.0,0.0,0.0,False,False,1.0068271698186462,1.0170734897113791,-0.0865463796488441,-0.1149304575594595,False,,
2026-10-06,KANSAINER,INE531A01024,184.0,184.0,58536435.97619048,368.0,0.2500706737911576,0.0278588531503286,0.1846813730945541,0.1508482024121908,0.1575099746143735,0.0781109890863363,0.0194682372687924,0.0272334873163075,0.0372987611355551,0.0194682372687924,0.4389249560285226,0.0420815132998563,0.4389249560285226,0.3966784153022333,0.0731657685479034,0.1578542883492161,0.1846813730945541,0.0278588531503286,0.1578542883492161,0.4389249560285226,False,,,N100_drop0.50_s0.20_c0.05,1.0,0.0,0.0,False,False,1.0068271698186462,1.0170734897113791,-0.0865463796488441,-0.1149304575594595,False,,
2026-10-06,VAIBHAVGBL,INE884A01027,202.43,202.43,108357110.1795238,404.86,0.2498362933225932,0.0278184809619069,0.1833696845516649,0.1517070884967848,0.1532940547802272,0.0313066756358912,0.0194368453767942,0.027201238167379,0.0372402112732687,0.0194368453767942,0.4551301250239343,0.0277366704672954,0.4551301250239343,0.4073847166897439,0.0639216089396067,0.1578542883492161,0.1833696845516649,0.0278184809619069,0.1578542883492161,0.4551301250239343,False,,,N100_drop0.50_s0.20_c0.05,1.0,0.0,0.0,False,False,1.0068271698186462,1.0170734897113791,-0.0865463796488441,-0.1149304575594595,False,,
2026-10-06,GODAVARIB,INE497S01012,228.57,228.57,107049155.75666668,457.14,0.2498166571041672,0.0278151000462949,0.2560726290381845,0.1086219177378276,0.159347652852193,0.0589244459447134,0.0194344590207268,0.0271985371294626,0.0372353083654254,0.0194344590207268,0.4058822735400539,0.0662193038988994,0.4058822735400539,0.3625577437404783,0.0965838832482642,0.1428571428571428,0.2560726290381845,0.0278151000462949,0.1428571428571428,0.4058822735400539,False,,,N100_drop0.50_s0.20_c0.05,1.0,0.0,0.0,False,False,1.0068271698186462,1.0170734897113791,-0.0865463796488441,-0.1149304575594595,False,,
2026-10-06,KSCL,INE455I01029,717.45,717.45,460624707.4325397,1434.9,0.2497984281644953,0.0278119616310971,0.2541647568358971,0.1094249335640741,0.1640841898076914,0.1207326902745225,0.0194322438346624,0.0271960297749025,0.0372307571625966,0.0194322438346624,0.3652577047925058,0.0978938881783231,0.3652577047925058,0.3721463369095277,0.1113098697397639,0.1578542883492161,0.2541647568358971,0.0278119616310971,0.1578542883492161,0.3652577047925058,False,,,N100_drop0.50_s0.20_c0.05,1.0,0.0,0.0,False,False,1.0068271698186462,1.0170734897113791,-0.0865463796488441,-0.1149304575594595,False,,
2026-10-06,TIMETECHNO,INE508G01029,183.07,183.07,673204969.3387301,366.14,0.2496973408009659,0.0277945612303188,0.1695603302893963,0.1639213675915859,0.1640484560318132,0.092048012796655,0.0194199622164545,0.0271821272725702,0.0372055244653949,0.0194199622164545,0.4335597299089708,0.0471266714767032,0.4335597299089708,0.3780363924801289,0.0862858861683132,0.1578542883492161,0.1695603302893963,0.0277945612303188,0.1578542883492161,0.4335597299089708,False,,,N100_drop0.50_s0.20_c0.05,1.0,0.0,0.0,False,False,1.0068271698186462,1.0170734897113791,-0.0865463796488441,-0.1149304575594595,False,,
2026-10-06,IMFA,INE919H01018,1190.6,1190.6,187443627.07301584,2381.2,0.2496489538098068,0.0277862343467164,0.1811258080205271,0.1534084769607622,0.1503395122278065,0.0266515904698518,0.0194140849620935,0.0271754737478952,0.0371934498676363,0.0194140849620935,0.4289049958010385,0.0469753192373103,0.4289049958010385,0.3894888613693187,0.0764494013355673,0.1578542883492161,0.1811258080205271,0.0277862343467164,0.1578542883492161,0.4289049958010385,False,,,N100_drop0.50_s0.20_c0.05,1.0,0.0,0.0,False,False,1.0068271698186462,1.0170734897113791,-0.0865463796488441,-0.1149304575594595,False,,
2026-10-06,SCILAL,INE0PB301013,37.68,37.68,8712500.858888881,75.36,0.2490982390919048,0.0276915570783147,0.1810216464048362,0.1529737334085747,0.1824126038803523,0.0334177714991801,0.0193472628340604,0.0270997978522039,0.0370597491352524,0.0193472628340604,0.467592492855794,0.0346678663899838,0.467592492855794,0.4068679499995789,0.0711182955845219,0.1578542883492161,0.1810216464048362,0.0276915570783147,0.1578542883492161,0.467592492855794,False,,,N100_drop0.50_s0.20_c0.05,1.0,0.0,0.0,False,False,1.0068271698186462,1.0170734897113791,-0.0865463796488441,-0.1149304575594595,False,,
2026-10-06,METROPOLIS,INE112L01020,552.65,552.65,148584460.38015872,1105.3,0.249096872886098,0.0276913224208777,0.149123994378589,0.1856932718055844,0.1631079143152279,0.0935472822193141,0.0193470972216561,0.0270996102328183,0.0370594330187857,0.0193470972216561,0.4772538009055565,0.0327850362327435,0.4772538009055565,0.4253820203317369,0.0646165228479838,0.1578542883492161,0.149123994378589,0.0276913224208777,0.1578542883492161,0.4772538009055565,False,,,N100_drop0.50_s0.20_c0.05,1.0,0.0,0.0,False,False,1.0068271698186462,1.0170734897113791,-0.0865463796488441,-0.1149304575594595,False,,
2026-10-06,SPIC,INE147A01011,63.05,63.05,25338245.00206349,126.1,0.2487608216730781,0.027633635317776,0.187667545753534,0.1472478110523575,0.1526200674316899,0.0973098052234239,0.0193063847491999,0.0270531791156203,0.0369817201212261,0.0193063847491999,0.4283315838549642,0.0489292398642325,0.4283315838549642,0.3751132795394265,0.087467939176855,0.1578542883492161,0.187667545753534,0.027633635317776,0.1578542883492161,0.4283315838549642,False,,,N100_drop0.50_s0.20_c0.05,1.0,0.0,0.0,False,False,1.0068271698186462,1.0170734897113791,-0.0865463796488441,-0.1149304575594595,False,,
2026-10-06,NATIONALUM,INE139A01034,337.25,337.25,2441962961.295238,674.5,0.2480390504756936,0.0275099537720603,0.2045162777400464,0.1345122944542696,0.15626880801201,0.1231778031184251,0.0192191030912586,0.026950388073433,0.0368151012630285,0.0192191030912586,0.4640623508290907,0.0289744631353392,0.4640623508290907,0.4328569582506554,0.0643242614163363,0.1578542883492161,0.2045162777400464,0.0275099537720603,0.1578542883492161,0.4640623508290907,False,,,N100_drop0.50_s0.20_c0.05,1.0,0.0,0.0,False,False,1.0068271698186462,1.0170734897113791,-0.0865463796488441,-0.1149304575594595,False,,
2026-10-06,JUBLINGREA,INE0BY001018,644.25,644.25,294701883.33412695,1288.5,0.2480007735587024,0.0275034030319339,0.1552521268756013,0.1771531481431588,0.159296176376584,0.0684706972827345,0.0192144804900097,0.0269449419372978,0.0368082530823829,0.0192144804900097,0.4683498073307867,0.0268959865477211,0.4683498073307867,0.4119028854003118,0.0646963936363062,0.1578542883492161,0.1552521268756013,0.0275034030319339,0.1578542883492161,0.4683498073307867,False,,,N100_drop0.50_s0.20_c0.05,1.0,0.0,0.0,False,False,1.0068271698186462,1.0170734897113791,-0.0865463796488441,-0.1149304575594595,False,,
2026-10-06,SUMICHEM,INE258G01013,418.05,418.05,254763305.57301584,836.1,0.2475604352823372,0.0274281034821722,0.2054487958125172,0.1335033548076955,0.1463467219924454,0.0514963301920218,0.0191488270044898,0.0268717866501371,0.0367327062406993,0.0191488270044898,0.4404480103527166,0.0351777951663243,0.4404480103527166,0.4051413633402873,0.0645415842045014,0.1578542883492161,0.2054487958125172,0.0274281034821722,0.1578542883492161,0.4404480103527166,False,,,N100_drop0.50_s0.20_c0.05,1.0,0.0,0.0,False,False,1.0068271698186462,1.0170734897113791,-0.0865463796488441,-0.1149304575594595,False,,
2026-10-06,SOLARWORLD,INE0TY101024,130.39,130.39,54657959.80746032,260.78,0.2473568889040502,0.0273933337172276,0.2522308868524719,0.1086042001400477,0.1485419389395329,0.0552759362516853,0.0191166793277581,0.0268368659998391,0.036697804912486,0.0191166793277581,0.4165149562167419,0.054863217515456,0.4165149562167419,0.3814758390375679,0.084609809622988,0.1578542883492161,0.2522308868524719,0.0273933337172276,0.1578542883492161,0.4165149562167419,False,,,N100_drop0.50_s0.20_c0.05,1.0,0.0,0.0,False,False,1.0068271698186462,1.0170734897113791,-0.0865463796488441,-0.1149304575594595,False,,
2026-10-06,BUTTERFLY,INE295F01017,543.25,543.25,22447028.42222222,1086.5,0.2473367583720977,0.027389896308325,0.1995253749422939,0.1372752529158091,0.1493457343956925,0.0388416061174342,0.019113501868642,0.0268334138493034,0.0366943538996428,0.019113501868642,0.4599951184418626,0.0230633222746855,0.4599951184418626,0.4102860844177696,0.0611187761768427,0.1578542883492161,0.1995253749422939,0.027389896308325,0.1578542883492161,0.4599951184418626,False,,,N100_drop0.50_s0.20_c0.05,1.0,0.0,0.0,False,False,1.0068271698186462,1.0170734897113791,-0.0865463796488441,-0.1149304575594595,False,,
2026-10-06,FEDFINA,INE007N01010,150.72,150.72,212106273.3538095,301.44,0.2471928566230136,0.0273653309609378,0.1519426960594638,0.1801029708609897,0.1568593626411369,0.0713761301081127,0.0190907980438883,0.0268087440691736,0.0366696882003139,0.0190907980438883,0.4643704666806847,0.0348587530815868,0.4643704666806847,0.4203352524205653,0.066188696736691,0.1578542883492161,0.1519426960594638,0.0273653309609378,0.1578542883492161,0.4643704666806847,False,,,N100_drop0.50_s0.20_c0.05,1.0,0.0,0.0,False,False,1.0068271698186462,1.0170734897113791,-0.0865463796488441,-0.1149304575594595,False,,
2026-10-06,MAPMYINDIA,INE0BV301023,896.6,896.6,529149860.5333333,1793.2,0.2471423403363554,0.027356710170788,0.2684503963313302,0.1019060152067107,0.1576160784684714,0.0498244963305151,0.0190828321037167,0.0268000870119618,0.0366610308901435,0.0190828321037167,0.378880909870336,0.0815919170444547,0.378880909870336,0.4159380935304885,0.1039614593843806,0.1578542883492161,0.2684503963313302,0.027356710170788,0.1578542883492161,0.378880909870336,False,,,N100_drop0.50_s0.20_c0.05,1.0,0.0,0.0,False,False,1.0068271698186462,1.0170734897113791,-0.0865463796488441,-0.1149304575594595,False,,
2026-10-06,BLUESTARCO,INE472A01039,1571.5,1571.5,856050645.5507938,3143.0,0.246702736171812,0.0272817515526466,0.1880268461125082,0.1450949804067994,0.1840063487921952,0.1226247916294156,0.0190136021085475,0.0267248214142406,0.03658572613989,0.0190136021085475,0.3853851396198227,0.0860791286650693,0.3853851396198227,0.3274357434154242,0.1252864949129814,0.1130612244897959,0.1880268461125082,0.0272817515526466,0.1130612244897959,0.3853851396198227,False,,,N100_drop0.50_s0.20_c0.05,1.0,0.0,0.0,False,False,1.0068271698186462,1.0170734897113791,-0.0865463796488441,-0.1149304575594595,False,,
2026-10-06,SUPRAJIT,INE399C01030,471.2,471.2,64846976.87063492,942.4,0.2466170515309279,0.0272671539597693,0.1396100115866283,0.1953094455754699,0.1666635457321867,0.0554500815125206,0.0190001273530358,0.0267127919083353,0.0365710551661931,0.0190001273530358,0.4605426714206592,0.0377307046948679,0.4605426714206592,0.378465820264573,0.0866394875239923,0.1578542883492161,0.1396100115866283,0.0272671539597693,0.1578542883492161,0.4605426714206592,False,,,N100_drop0.50_s0.20_c0.05,1.0,0.0,0.0,False,False,1.0068271698186462,1.0170734897113791,-0.0865463796488441,-0.1149304575594595,False,,
2026-10-06,MAITHANALL,INE683C01011,911.0,911.0,80939757.3515873,1822.0,0.2465024407798928,0.0272476349327894,0.1864733500524892,0.1461207991657772,0.15424460696475,0.0816989339080449,0.0189821134050483,0.0266968279339843,0.0365514349703218,0.0189821134050483,0.427433021453785,0.0482065570025427,0.427433021453785,0.3760999225046184,0.0864818682663395,0.1578542883492161,0.1864733500524892,0.0272476349327894,0.1578542883492161,0.427433021453785,False,,,N100_drop0.50_s0.20_c0.05,1.0,0.0,0.0,False,False,1.0068271698186462,1.0170734897113791,-0.0865463796488441,-0.1149304575594595,False,,
2026-10-06,CCL,INE421D01022,1054.9,1054.9,184689326.0936508,2109.8,0.2464858565219062,0.0272448111351627,0.1443391832239431,0.1887554753091005,0.1617695869766387,0.0717789889613577,0.0189795076951871,0.0266945182919031,0.0365485962477081,0.0189795076951871,0.4322328878060871,0.0481861212231004,0.4322328878060871,0.3625327409741095,0.0974037842587184,0.1428571428571428,0.1443391832239431,0.0272448111351627,0.1428571428571428,0.4322328878060871,False,,,N100_drop0.50_s0.20_c0.05,1.0,0.0,0.0,False,False,1.0068271698186462,1.0170734897113791,-0.0865463796488441,-0.1149304575594595,False,,
2026-10-06,PREMIERENE,INE0BS701011,907.0,907.0,1195211885.7880952,1814.0,0.24645102710025,0.0272388812477485,0.1657078812067658,0.1643789121518039,0.1597282587482239,0.1381359067884402,0.0189740360729573,0.0266896679914931,0.0365426347804157,0.0189740360729573,0.4362591055567281,0.04434561993756,0.4362591055567281,0.3919953761060497,0.0795468227559367,0.1578542883492161,0.1657078812067658,0.0272388812477485,0.1578542883492161,0.4362591055567281,False,,,N100_drop0.50_s0.20_c0.05,1.0,0.0,0.0,False,False,1.0068271698186462,1.0170734897113791,-0.0865463796488441,-0.1149304575594595,False,,
2026-10-06,JBMA,INE927D01051,555.65,555.65,319137303.27460325,1111.3,0.2463041937111096,0.0272138897043293,0.182062998248838,0.1494751265555577,0.1473552258004096,0.0835134838848595,0.018950980174116,0.0266692245311219,0.0365175066003353,0.018950980174116,0.4387775114807555,0.0363715378899491,0.4387775114807555,0.4044089234082103,0.0661160384407782,0.1578542883492161,0.182062998248838,0.0272138897043293,0.1578542883492161,0.4387775114807555,False,,,N100_drop0.50_s0.20_c0.05,1.0,0.0,0.0,False,False,1.0068271698186462,1.0170734897113791,-0.0865463796488441,-0.1149304575594595,False,,
2026-10-06,PATELENG,INE244B01030,25.93,25.93,92150369.75142856,51.86,0.2462474493008151,0.0272042348997828,0.2117997961889432,0.1284431590081153,0.1582118226687348,0.0159407827141545,0.0189420750080694,0.0266613259570433,0.0365077974752814,0.0189420750080694,0.4351206826940748,0.0434696732573884,0.4351206826940748,0.3991482100344694,0.0712302821009776,0.1578542883492161,0.2117997961889432,0.0272042348997828,0.1578542883492161,0.4351206826940748,False,,,N100_drop0.50_s0.20_c0.05,1.0,0.0,0.0,False,False,1.0068271698186462,1.0170734897113791,-0.0865463796488441,-0.1149304575594595,False,,
2026-10-06,RAMKY,INE874I01013,286.65,286.65,16881044.563492063,573.3,0.2461709503061716,0.0271912218420798,0.2489842247229304,0.1092086130048528,0.1658380045699342,0.002867818926777,0.0189300739736105,0.0266506792993354,0.0364947098483236,0.0189300739736105,0.5081039966342928,0.0147389557700743,0.5081039966342928,0.4311552008364185,0.0516615478396636,0.1578542883492161,0.2489842247229304,0.0271912218420798,0.1578542883492161,0.5081039966342928,False,,,N100_drop0.50_s0.20_c0.05,1.0,0.0,0.0,False,False,1.0068271698186462,1.0170734897113791,-0.0865463796488441,-0.1149304575594595,False,,
2026-10-06,GOKEX,INE887G01027,682.75,682.75,218302127.91587305,1365.5,0.2461464616727037,0.0271870568437458,0.1991254099977611,0.1365323332871056,0.1552104638244035,0.1084707022273206,0.0189262332834321,0.0266472715272168,0.0364905206545033,0.0189262332834321,0.4487934254646735,0.0374868975926272,0.4487934254646735,0.4070735837848404,0.0730108790061086,0.1578542883492161,0.1991254099977611,0.0271870568437458,0.1578542883492161,0.4487934254646735,False,,,N100_drop0.50_s0.20_c0.05,1.0,0.0,0.0,False,False,1.0068271698186462,1.0170734897113791,-0.0865463796488441,-0.1149304575594595,False,,
2026-10-06,AARTIDRUGS,INE767A01016,428.8,428.8,89060284.32460317,857.6,0.2456118608318756,0.0270962175177138,0.1641317286020239,0.1650882358243789,0.169184767830599,0.1127988197625352,0.018842515098794,0.0265720479624751,0.0363991139135791,0.018842515098794,0.4584681839544569,0.0517966110865902,0.4584681839544569,0.400201821519313,0.0791063894792899,0.1578542883492161,0.1641317286020239,0.0270962175177138,0.1578542883492161,0.4584681839544569,False,,,N100_drop0.50_s0.20_c0.05,1.0,0.0,0.0,False,False,1.0068271698186462,1.0170734897113791,-0.0865463796488441,-0.1149304575594595,False,,
2026-10-06,LGBBROSLTD,INE337A01034,1657.8,1657.8,42503612.57619047,3315.6,0.2455670890781704,0.0270886172744121,0.1479333969108899,0.1831136027433308,0.165410608396802,0.1041600905591153,0.0188355148174882,0.0265660961631727,0.0363914627485742,0.0188355148174882,0.4265189074835736,0.0536206415922898,0.4265189074835736,0.3954828130816721,0.0865371445116823,0.1578542883492161,0.1479333969108899,0.0270886172744121,0.1578542883492161,0.4265189074835736,False,,,N100_drop0.50_s0.20_c0.05,1.0,0.0,0.0,False,False,1.0068271698186462,1.0170734897113791,-0.0865463796488441,-0.1149304575594595,False,,
2026-10-06,V2RETAIL,INE945H01021,172.19,172.19,262983324.53412697,344.38,0.2452466576352138,0.0270342555454067,0.2329293966258221,0.1160620168043218,0.1496159276751234,0.0356791409120377,0.0187854631399468,0.0265235184538874,0.0363367212351694,0.0187854631399468,0.4141346284949188,0.0553100803437358,0.4141346284949188,0.3726513082979826,0.0880702270263564,0.1578542883492161,0.2329293966258221,0.0270342555454067,0.1578542883492161,0.4141346284949188,False,,,N100_drop0.50_s0.20_c0.05,1.0,0.0,0.0,False,False,1.0068271698186462,1.0170734897113791,-0.0865463796488441,-0.1149304575594595,False,,
2026-10-06,CAPACITE,INE264T01014,184.51,184.51,95890234.8231746,369.02,0.2451349013934819,0.0270153096136994,0.246588993022701,0.1095560239025448,0.1428057142182364,0.0953499118908073,0.0187680270645793,0.0265086766786229,0.0363176365183231,0.0187680270645793,0.4044291574722681,0.0591134237143684,0.4044291574722681,0.4063760186769273,0.080391588669522,0.1578542883492161,0.246588993022701,0.0270153096136994,0.1578542883492161,0.4044291574722681,False,,,N100_drop0.50_s0.20_c0.05,1.0,0.0,0.0,False,False,1.0068271698186462,1.0170734897113791,-0.0865463796488441,-0.1149304575594595,False,,
2026-10-06,HAPPSTMNDS,INE419U01012,303.35,303.35,770339184.0357143,606.7,0.2451045171922218,0.027010159832847,0.2524007254052428,0.1070130039819844,0.1474261368036911,0.028195139406221,0.0187632883762058,0.0265046422202111,0.0363124484389706,0.0187632883762058,0.4049255085038114,0.0576735384495091,0.4049255085038114,0.3978770034114826,0.0785170727569291,0.1578542883492161,0.2524007254052428,0.027010159832847,0.1578542883492161,0.4049255085038114,False,,,N100_drop0.50_s0.20_c0.05,1.0,0.0,0.0,False,False,1.0068271698186462,1.0170734897113791,-0.0865463796488441,-0.1149304575594595,False,,
2026-10-06,FIEMIND,INE737H01014,1779.5,1779.5,191465851.21587303,3559.0,0.2450258863133013,0.0269968352118702,0.2178262916806578,0.1239374503581446,0.1445717768279142,0.0421239850185023,0.0187510287943235,0.0264931368810403,0.0362990235831672,0.0187510287943235,0.423131091047454,0.047402981781258,0.423131091047454,0.3980509512071983,0.0708966852388197,0.1578542883492161,0.2178262916806578,0.0269968352118702,0.1578542883492161,0.423131091047454,False,,,N100_drop0.50_s0.20_c0.05,1.0,0.0,0.0,False,False,1.0068271698186462,1.0170734897113791,-0.0865463796488441,-0.1149304575594595,False,,
2026-10-06,GOCOLORS,INE0BJS01011,306.45,306.45,78042154.46190475,612.9,0.2449664511340964,0.026986765778913,0.2578062446670738,0.104678479816357,0.1518668635404358,0.081577448569333,0.0187417655261775,0.0264824533723487,0.0362888773105412,0.0187417655261775,0.432352655254763,0.0889760803386706,0.432352655254763,0.4173281434608944,0.0886598350509473,0.1578542883492161,0.2578062446670738,0.026986765778913,0.1578542883492161,0.432352655254763,False,,,N100_drop0.50_s0.20_c0.05,1.0,0.0,0.0,False,False,1.0068271698186462,1.0170734897113791,-0.0865463796488441,-0.1149304575594595,False,,
2026-10-06,GMRP&UI,INE0CU601026,102.23,102.23,129157369.6304762,204.46,0.2446818771345681,0.0269385813443869,0.1744511122812872,0.1544190861961994,0.1770240058681003,0.108459571306105,0.018697454425984,0.0264313350445614,0.0362403121536941,0.018697454425984,0.4285266434467467,0.0571039565123113,0.4285266434467467,0.370821204144456,0.0977846004078545,0.1578542883492161,0.1744511122812872,0.0269385813443869,0.1578542883492161,0.4285266434467467,False,,,N100_drop0.50_s0.20_c0.05,1.0,0.0,0.0,False,False,1.0068271698186462,1.0170734897113791,-0.0865463796488441,-0.1149304575594595,False,,
2026-10-06,JUNIPER,INE696F01016,218.36,218.36,50486095.32587302,436.72,0.2445161755160925,0.0269105456590834,0.1745450571405662,0.1541753521980953,0.1617944135897126,0.079722201011833,0.0186716843360985,0.0264015957997787,0.0362120450170565,0.0186716843360985,0.4392192124485251,0.0601532953640662,0.4392192124485251,0.372576192296412,0.0908910581866487,0.1578542883492161,0.1745450571405662,0.0269105456590834,0.1578542883492161,0.4392192124485251,False,,,N100_drop0.50_s0.20_c0.05,1.0,0.0,0.0,False,False,1.0068271698186462,1.0170734897113791,-0.0865463796488441,-0.1149304575594595,False,,
2026-10-06,VGUARD,INE951I01027,306.3,306.3,405291084.0150794,612.6,0.2444415384914091,0.0268979226139347,0.1574430943992494,0.1708421872459273,0.1473518710692899,0.0680060205183884,0.0186600842410432,0.0263882065698902,0.0361993153724321,0.0186600842410432,0.4227382677930235,0.0503105896813709,0.4227382677930235,0.3954430018414256,0.0726075811914906,0.1578542883492161,0.1574430943992494,0.0268979226139347,0.1578542883492161,0.4227382677930235,False,,,N100_drop0.50_s0.20_c0.05,1.0,0.0,0.0,False,False,1.0068271698186462,1.0170734897113791,-0.0865463796488441,-0.1149304575594595,False,,
2026-10-06,PFS,INE560K01014,27.29,27.29,34810266.88952381,54.58,0.244430529215323,0.0268960609282621,0.1894331099267853,0.1419818369590054,0.178370050638245,0.0366279169031678,0.0186583735739267,0.0263862319291656,0.0361974378395504,0.0186583735739267,0.4064040214325716,0.069993982270989,0.4064040214325716,0.3521582994993821,0.1069848960209373,0.1428571428571428,0.1894331099267853,0.0268960609282621,0.1428571428571428,0.4064040214325716,False,,,N100_drop0.50_s0.20_c0.05,1.0,0.0,0.0,False,False,1.0068271698186462,1.0170734897113791,-0.0865463796488441,-0.1149304575594595,False,,
2026-10-06,PRECAM,INE484I01029,113.27,113.27,18345479.555714287,226.54,0.2439990692082372,0.0268231543507987,0.22381492651737,0.1198452434257868,0.1603975373383435,0.0145799368543274,0.0185916891331626,0.0263117961976106,0.0361237902771108,0.0185916891331626,0.4320093176180685,0.0493438552562492,0.4320093176180685,0.390126024677408,0.0769560743667146,0.1578542883492161,0.22381492651737,0.0268231543507987,0.1578542883492161,0.4320093176180685,False,,,N100_drop0.50_s0.20_c0.05,1.0,0.0,0.0,False,False,1.0068271698186462,1.0170734897113791,-0.0865463796488441,-0.1149304575594595,False,,
2026-10-06,AGARWALEYE,INE943P01029,486.85,486.85,530661154.1079365,973.7,0.2438347307694322,0.0267954126930876,0.1447445193798772,0.185122122812567,0.1566650438403206,0.074323313986315,0.0185663590733919,0.0262872573320522,0.0360887705540876,0.0185663590733919,0.4552097138514155,0.0330622672826861,0.4552097138514155,0.3961807326295833,0.0731328881718313,0.1578542883492161,0.1447445193798772,0.0267954126930876,0.1578542883492161,0.4552097138514155,False,,,N100_drop0.50_s0.20_c0.05,1.0,0.0,0.0,False,False,1.0068271698186462,1.0170734897113791,-0.0865463796488441,-0.1149304575594595,False,,
2026-10-06,CARRARO,INE0V7W01012,525.65,525.65,81924911.68174604,1051.3,0.2429476191863958,0.0266459242401645,0.1580354945485217,0.168607212678943,0.1690187353000924,0.0773582163592558,0.0184395315130883,0.0261594921728756,0.0359000210108317,0.0184395315130883,0.4559818841087306,0.0471394537765415,0.4559818841087306,0.4040572590493038,0.0836485006021019,0.1578542883492161,0.1580354945485217,0.0266459242401645,0.1578542883492161,0.4559818841087306,False,,,N100_drop0.50_s0.20_c0.05,1.0,0.0,0.0,False,False,1.0068271698186462,1.0170734897113791,-0.0865463796488441,-0.1149304575594595,False,,
2026-10-06,BMWVENTLTD,INE965W01036,50.37,50.37,5040083.442380953,100.74,0.2427791577893532,0.0266175866720646,0.2169426745815255,0.1226941021327824,0.1660140449550836,0.0864429451201054,0.0184176153967763,0.0261330777695261,0.0358642328535683,0.0184176153967763,0.4456421243464266,0.041219043752023,0.4456421243464266,0.3912223285711749,0.075910288907566,0.1578542883492161,0.2169426745815255,0.0266175866720646,0.1578542883492161,0.4456421243464266,False,,,N100_drop0.50_s0.20_c0.05,1.0,0.0,0.0,False,False,1.0068271698186462,1.0170734897113791,-0.0865463796488441,-0.1149304575594595,False,,
2026-10-06,SAGILITY,INE0W2G01015,43.88,43.88,1002409433.1980952,87.76,0.2427400975641499,0.0266110184760728,0.1628661434670267,0.1633919604749553,0.1570065468396315,0.1132385713613728,0.0184125360106564,0.0261269551642434,0.0358559373599111,0.0184125360106564,0.4216051258662496,0.0528331182039431,0.4216051258662496,0.3915262145794821,0.0826662395673035,0.1578542883492161,0.1628661434670267,0.0266110184760728,0.1578542883492161,0.4216051258662496,False,,,N100_drop0.50_s0.20_c0.05,1.0,0.0,0.0,False,False,1.0068271698186462,1.0170734897113791,-0.0865463796488441,-0.1149304575594595,False,,
2026-10-06,AURIONPRO,INE132H01018,616.05,616.05,128844138.86269842,1232.1,0.2426664322003807,0.02659863356832,0.2510839611365886,0.1059352156462532,0.1504843224425983,0.0068663294140243,0.0184029588141144,0.0261154102844032,0.0358402951023682,0.0184029588141144,0.4271541475417751,0.0504624429568789,0.4271541475417751,0.4120847155324057,0.0843832797955277,0.1578542883492161,0.2510839611365886,0.02659863356832,0.1578542883492161,0.4271541475417751,False,,,N100_drop0.50_s0.20_c0.05,1.0,0.0,0.0,False,False,1.0068271698186462,1.0170734897113791,-0.0865463796488441,-0.1149304575594595,False,,
2026-10-06,ADANIGREEN,INE364U01010,1313.0,1313.0,2710905373.963492,2626.0,0.242164871299279,0.0265143903206528,0.1710104760119469,0.1550454155732572,0.1719266363233208,0.1259921797423678,0.0183378287968074,0.0260354827825703,0.0357338819108589,0.0183378287968074,0.4591787312663444,0.0641344397020962,0.4591787312663444,0.3757421675114418,0.0913557550856068,0.1578542883492161,0.1710104760119469,0.0265143903206528,0.1578542883492161,0.4591787312663444,False,,,N100_drop0.50_s0.20_c0.05,1.0,0.0,0.0,False,False,1.0068271698186462,1.0170734897113791,-0.0865463796488441,-0.1149304575594595,False,,
2026-10-06,HGS,INE170I01016,361.4,361.4,20947767.75873015,722.8,0.2421068910149901,0.0265046609435172,0.2084161412729726,0.1271718245123961,0.1442488518922976,0.0510553660481657,0.0183303085132943,0.0260254831544704,0.0357215906142884,0.0183303085132943,0.4338960951657872,0.0451533080368137,0.4338960951657872,0.391426217618708,0.0749849042723277,0.1578542883492161,0.2084161412729726,0.0265046609435172,0.1578542883492161,0.4338960951657872,False,,,N100_drop0.50_s0.20_c0.05,1.0,0.0,0.0,False,False,1.0068271698186462,1.0170734897113791,-0.0865463796488441,-0.1149304575594595,False,,
2026-10-06,RITES,INE320J01015,203.51,203.51,400866109.2685714,407.02,0.2420746039825443,0.0264992438389663,0.1708928323551928,0.1550635183100535,0.168988931472467,0.0922807885539114,0.018326121534559,0.0260199156535542,0.035714746956033,0.018326121534559,0.412516540741302,0.0627790797913424,0.412516540741302,0.3711014844798745,0.0914823443118566,0.1578542883492161,0.1708928323551928,0.0264992438389663,0.1578542883492161,0.412516540741302,False,,,N100_drop0.50_s0.20_c0.05,1.0,0.0,0.0,False,False,1.0068271698186462,1.0170734897113791,-0.0865463796488441,-0.1149304575594595,False,,
2026-10-06,FRACTAL,INE212S01015,742.15,742.15,280103669.45317465,1484.3,0.2420721460553897,0.0264988314729751,0.2213895262657542,0.1196932480047235,0.15290186324464,0.0430267992323377,0.0183258028137943,0.0260194918411005,0.0357142259926663,0.0183258028137943,0.4157270870241199,0.0598672081899774,0.4157270870241199,0.3889220213724829,0.0788308580318153,0.1578542883492161,0.2213895262657542,0.0264988314729751,0.1578542883492161,0.4157270870241199,False,,,N100_drop0.50_s0.20_c0.05,1.0,0.0,0.0,False,False,1.0068271698186462,1.0170734897113791,-0.0865463796488441,-0.1149304575594595,False,,
2026-10-06,TITAGARH,INE615H01020,804.85,804.85,402824355.5650794,1609.7,0.2420612418409768,0.0264970021158192,0.1633877462939816,0.1621725173205065,0.1674382741194222,0.0979210840211186,0.0183243888974773,0.0260176117082888,0.0357119148641442,0.0183243888974773,0.4608686905546035,0.0292145824487638,0.4608686905546035,0.4151217946756826,0.0653052237614231,0.1578542883492161,0.1633877462939816,0.0264970021158192,0.1578542883492161,0.4608686905546035,False,,,N100_drop0.50_s0.20_c0.05,1.0,0.0,0.0,False,False,1.0068271698186462,1.0170734897113791,-0.0865463796488441,-0.1149304575594595,False,,
2026-10-06,RIIL,INE046A01015,681.7,681.7,50263222.50158736,1363.4,0.2419405463063918,0.0264767579599201,0.1827870308572191,0.1448503093231052,0.1507677758823503,0.0159457605779639,0.0183087429425561,0.0259968060557315,0.0356863385728949,0.0183087429425561,0.4157032315187812,0.0622516956764392,0.4157032315187812,0.3727986774436742,0.0904897422711549,0.1578542883492161,0.1827870308572191,0.0264767579599201,0.1578542883492161,0.4157032315187812,False,,,N100_drop0.50_s0.20_c0.05,1.0,0.0,0.0,False,False,1.0068271698186462,1.0170734897113791,-0.0865463796488441,-0.1149304575594595,False,,
2026-10-06,OLECTRA,INE260D01016,1102.9,1102.9,490139250.5079365,2205.8,0.2415877203867671,0.0264176256582697,0.1957124808776434,0.1349818138312069,0.1594039792571832,0.0671356773507036,0.0182630992528787,0.0259360378560922,0.0356116237183934,0.0182630992528787,0.4425487183884928,0.0459011467173781,0.4425487183884928,0.4023246051462368,0.068357160774745,0.1578542883492161,0.1957124808776434,0.0264176256582697,0.1578542883492161,0.4425487183884928,False,,,N100_drop0.50_s0.20_c0.05,1.0,0.0,0.0,False,False,1.0068271698186462,1.0170734897113791,-0.0865463796488441,-0.1149304575594595,False,,
2026-10-06,ANANTRAJ,INE242C01024,608.9,608.9,1583348469.3944442,1217.8,0.2413437718815485,0.0263767816225775,0.1592644849881302,0.1656162177307978,0.1646099587345061,0.1170947786050842,0.0182316613138802,0.0258940675358873,0.0355600098209792,0.0182316613138802,0.4421609376643185,0.046888127926637,0.4421609376643185,0.4121248564832317,0.0782507375245683,0.1578542883492161,0.1592644849881302,0.0263767816225775,0.1578542883492161,0.4421609376643185,False,,,N100_drop0.50_s0.20_c0.05,1.0,0.0,0.0,False,False,1.0068271698186462,1.0170734897113791,-0.0865463796488441,-0.1149304575594595,False,,
2026-10-06,HUBTOWN,INE703H01016,170.0,170.0,99616382.15714283,340.0,0.2402941508112347,0.0262014247404719,0.3189106117002889,0.0821591498657812,0.1568779423847583,0.1226312950041988,0.0180926645919982,0.0257139093164113,0.0353561671507665,0.0180926645919982,0.3576321525684353,0.1074793971438533,0.3576321525684353,0.3842074320436193,0.1401825448742842,0.1578542883492161,0.3189106117002889,0.0262014247404719,0.1578542883492161,0.3576321525684353,False,,,N100_drop0.50_s0.20_c0.05,1.0,0.0,0.0,False,False,1.0068271698186462,1.0170734897113791,-0.0865463796488441,-0.1149304575594595,False,,
2026-10-06,KIRLFER,INE884B01025,472.75,472.75,55214412.8,945.5,0.2400814602621259,0.0261659662327703,0.1395198506861547,0.1875429632707237,0.1745785890594506,0.0777132141578073,0.0180615842843486,0.0256785399952444,0.0353214562823496,0.0180615842843486,0.4140785277499689,0.064927911043413,0.4140785277499689,0.3345688322247519,0.1183903076217401,0.1130612244897959,0.1395198506861547,0.0261659662327703,0.1130612244897959,0.4140785277499689,False,,,N100_drop0.50_s0.20_c0.05,1.0,0.0,0.0,False,False,1.0068271698186462,1.0170734897113791,-0.0865463796488441,-0.1149304575594595,False,,
2026-10-06,APLLTD,INE901L01018,834.2,834.2,127976458.10555556,1668.4,0.2400015279170415,0.0261526469135571,0.1508471585772175,0.1733718232429932,0.1818259581214823,0.0609217979098387,0.0180499125244006,0.0256657236187621,0.0353084144659778,0.0180499125244006,0.4370657577603247,0.0559404686855932,0.4370657577603247,0.3501148442008689,0.1083553108284037,0.1428571428571428,0.1508471585772175,0.0261526469135571,0.1428571428571428,0.4370657577603247,False,,,N100_drop0.50_s0.20_c0.05,1.0,0.0,0.0,False,False,1.0068271698186462,1.0170734897113791,-0.0865463796488441,-0.1149304575594595,False,,
2026-10-06,BORORENEW,INE666D01022,449.85,449.85,333705473.5666666,899.7,0.2399850675296408,0.0261499045222088,0.1823996781613566,0.1433659575817659,0.1577355948122801,0.0303585233013474,0.0180475095600449,0.0256630847716423,0.0353057289850733,0.0180475095600449,0.4549747632603891,0.0307707765646424,0.4549747632603891,0.4034780356655534,0.0677510816783339,0.1578542883492161,0.1823996781613566,0.0261499045222088,0.1578542883492161,0.4549747632603891,False,,,N100_drop0.50_s0.20_c0.05,1.0,0.0,0.0,False,False,1.0068271698186462,1.0170734897113791,-0.0865463796488441,-0.1149304575594595,False,,
2026-10-06,PRAJIND,INE074A01025,315.05,315.05,253763760.32380956,630.1,0.239946755457802,0.0261435221050383,0.1807028425783103,0.1446768724388421,0.1564290743647398,0.067748686993721,0.0180419173639834,0.0256569433222054,0.035299478717406,0.0180419173639834,0.4384907470905982,0.040245781943352,0.4384907470905982,0.4016031800734489,0.0705155836765966,0.1578542883492161,0.1807028425783103,0.0261435221050383,0.1578542883492161,0.4384907470905982,False,,,N100_drop0.50_s0.20_c0.05,1.0,0.0,0.0,False,False,1.0068271698186462,1.0170734897113791,-0.0865463796488441,-0.1149304575594595,False,,
2026-10-06,GRAVITA,INE024L01027,1500.9,1500.9,445401661.6809524,3001.8,0.2398693325173208,0.0261306266981195,0.1714833900231347,0.1523799284268537,0.1575526399040601,0.0970428485104636,0.0180306197035983,0.0256445347265785,0.0352868490353769,0.0180306197035983,0.4375930919609237,0.0413842755231821,0.4375930919609237,0.3814870268581158,0.0829112925271757,0.1578542883492161,0.1714833900231347,0.0261306266981195,0.1578542883492161,0.4375930919609237,False,,,N100_drop0.50_s0.20_c0.05,1.0,0.0,0.0,False,False,1.0068271698186462,1.0170734897113791,-0.0865463796488441,-0.1149304575594595,False,,
2026-10-06,BLS,INE153T01027,223.97,223.97,482478006.7730158,447.94,0.2398466918584735,0.0261268563479772,0.2188232159817905,0.119397095188252,0.1551088777068707,0.0834696866943439,0.0180273167891452,0.0256409066963453,0.0352831560546265,0.0180273167891452,0.4128035237887135,0.0627723965294447,0.4128035237887135,0.4220528630897416,0.1032855247846646,0.1578542883492161,0.2188232159817905,0.0261268563479772,0.1578542883492161,0.4128035237887135,False,,,N100_drop0.50_s0.20_c0.05,1.0,0.0,0.0,False,False,1.0068271698186462,1.0170734897113791,-0.0865463796488441,-0.1149304575594595,False,,
2026-10-06,RENUKA,INE087H01022,22.65,22.65,379114268.1744445,45.3,0.2397506071269893,0.0261108585330435,0.2291962309873778,0.1139235947317191,0.1580567510238568,0.0777267813622859,0.018013303779253,0.0256255126843682,0.0352674848956656,0.018013303779253,0.4011946609108823,0.0683651058677118,0.4011946609108823,0.3833654918531568,0.0874844551118382,0.1578542883492161,0.2291962309873778,0.0261108585330435,0.1578542883492161,0.4011946609108823,False,,,N100_drop0.50_s0.20_c0.05,1.0,0.0,0.0,False,False,1.0068271698186462,1.0170734897113791,-0.0865463796488441,-0.1149304575594595,False,,
2026-10-06,KAJARIACER,INE217B01036,1213.8,1213.8,427299907.5920636,2427.6,0.2395199339360201,0.0260724731574025,0.1324870054177025,0.1967926822347725,0.1765049426382951,0.0717947794110349,0.0179796903366569,0.0255885756277742,0.0352298725537108,0.0179796903366569,0.4384537485499324,0.0508964585392404,0.4384537485499324,0.3540572560434529,0.1069967919021971,0.1428571428571428,0.1324870054177025,0.0260724731574025,0.1428571428571428,0.4384537485499324,False,,,N100_drop0.50_s0.20_c0.05,1.0,0.0,0.0,False,False,1.0068271698186462,1.0170734897113791,-0.0865463796488441,-0.1149304575594595,False,,
2026-10-06,AVL,INE679V01027,595.1,595.1,119022008.18968254,1190.2,0.2395199293330811,0.0260724723917422,0.1506569364493363,0.1730585594411711,0.1761981600342352,0.0748111803964299,0.0179796896663155,0.0255885748909966,0.0352298718033184,0.0179796896663155,0.4573285194014358,0.0409259956122215,0.4573285194014358,0.4029187123083836,0.08265839709647,0.1578542883492161,0.1506569364493363,0.0260724723917422,0.1578542883492161,0.4573285194014358,False,,,N100_drop0.50_s0.20_c0.05,1.0,0.0,0.0,False,False,1.0068271698186462,1.0170734897113791,-0.0865463796488441,-0.1149304575594595,False,,
2026-10-06,TAJGVK,INE586B01026,318.3,318.3,31848600.192857143,636.6,0.2395192051877831,0.0260723519363938,0.1740737370979976,0.149777630853734,0.1594035151751711,0.0651834186635463,0.0179795842068098,0.0255884589795404,0.0352297537498849,0.0179795842068098,0.4279416317328006,0.0520329849115693,0.4279416317328006,0.3730251209334949,0.0891965446906177,0.1578542883492161,0.1740737370979976,0.0260723519363938,0.1578542883492161,0.4279416317328006,False,,,N100_drop0.50_s0.20_c0.05,1.0,0.0,0.0,False,False,1.0068271698186462,1.0170734897113791,-0.0865463796488441,-0.1149304575594595,False,,
2026-10-06,DEEPAKNTR,INE288B01029,1560.6,1560.6,584462810.6619047,3121.2,0.2394855066183122,0.026066746792007,0.1573758121225181,0.165633755533626,0.1566731025126562,0.0915858732764761,0.017974677010609,0.0255830652689276,0.0352242602081896,0.017974677010609,0.4557604739091016,0.0284593888729049,0.4557604739091016,0.3968122092629115,0.0719120725391291,0.1578542883492161,0.1573758121225181,0.026066746792007,0.1578542883492161,0.4557604739091016,False,,,N100_drop0.50_s0.20_c0.05,1.0,0.0,0.0,False,False,1.0068271698186462,1.0170734897113791,-0.0865463796488441,-0.1149304575594595,False,,
2026-10-06,EUROPRATIK,INE198501012,180.02,180.02,52105848.42412699,360.04,0.2394138204289174,0.0260548252016906,0.2756152108538626,0.0945333355186461,0.1493208624326607,0.1071904212322783,0.0179642408457638,0.025571593331876,0.0352125749078131,0.0179642408457638,0.4090452389451048,0.0772845017939941,0.4090452389451048,0.3751529000266949,0.104252853258813,0.1578542883492161,0.2756152108538626,0.0260548252016906,0.1578542883492161,0.4090452389451048,False,,,N100_drop0.50_s0.20_c0.05,1.0,0.0,0.0,False,False,1.0068271698186462,1.0170734897113791,-0.0865463796488441,-0.1149304575594595,False,,
2026-10-06,TATACHEM,INE092A01019,616.55,616.55,1118194290.5468256,1233.1,0.2393535065414346,0.0260447970702061,0.2767428894613117,0.0941118925255971,0.1684393577842589,0.0905184753579871,0.0179554632253943,0.0255620709018359,0.0352027444011377,0.0179554632253943,0.3419399713500711,0.112946765205919,0.3419399713500711,0.3609881326630439,0.108411995990058,0.1428571428571428,0.2767428894613117,0.0260447970702061,0.1428571428571428,0.3419399713500711,False,,,N100_drop0.50_s0.20_c0.05,1.0,0.0,0.0,False,False,1.0068271698186462,1.0170734897113791,-0.0865463796488441,-0.1149304575594595,False,,
2026-10-06,NAM-INDIA,INE298J01013,1073.5,1073.5,1268418235.7714283,2147.0,0.2392333064470881,0.0260248179562457,0.1551474178594074,0.1677425142829584,0.1618748618932971,0.0985331909510261,0.017937978264768,0.0255431562974932,0.0351831559197949,0.017937978264768,0.4417080198618073,0.0411605114812449,0.4417080198618073,0.4011070163062881,0.0778723849194608,0.1578542883492161,0.1551474178594074,0.0260248179562457,0.1578542883492161,0.4417080198618073,False,,,N100_drop0.50_s0.20_c0.05,1.0,0.0,0.0,False,False,1.0068271698186462,1.0170734897113791,-0.0865463796488441,-0.1149304575594595,False,,
2026-10-06,DATAMATICS,INE365B01017,771.2,771.2,109272620.15476193,1542.4,0.2391014856981012,0.0260029165552878,0.1742113775353873,0.1492607252359615,0.1740621762221903,0.0907204876995843,0.0179188152035583,0.0255224213346471,0.0351616779942766,0.0179188152035583,0.4328895481793715,0.0541115221031988,0.4328895481793715,0.3937080632316227,0.0884685035131241,0.1578542883492161,0.1742113775353873,0.0260029165552878,0.1578542883492161,0.4328895481793715,False,,,N100_drop0.50_s0.20_c0.05,1.0,0.0,0.0,False,False,1.0068271698186462,1.0170734897113791,-0.0865463796488441,-0.1149304575594595,False,,
2026-10-06,HITECH,INE106T01025,74.68,74.68,57761742.14428572,149.36,0.2390927252007981,0.026001461382278,0.2460440199819749,0.1056780871332815,0.1655389287608464,0.0505054144896373,0.0179175421274652,0.0255210436438401,0.0351602507819917,0.0179175421274652,0.3869951138747383,0.0806108767515062,0.3869951138747383,0.3731938275633266,0.1018186939827898,0.1578542883492161,0.2460440199819749,0.026001461382278,0.1578542883492161,0.3869951138747383,False,,,N100_drop0.50_s0.20_c0.05,1.0,0.0,0.0,False,False,1.0068271698186462,1.0170734897113791,-0.0865463796488441,-0.1149304575594595,False,,
2026-10-06,IVALUE,INE056801025,229.45,229.45,76106688.114127,458.9,0.2389524646321261,0.0259781690443514,0.1948790885765991,0.1333040360261149,0.1600813607482194,0.0728207258510915,0.0178971671868382,0.0254989912203628,0.0351374030151318,0.0178971671868382,0.4039541541949811,0.066388733831648,0.4039541541949811,0.3830226632983014,0.0858371515973936,0.1578542883492161,0.1948790885765991,0.0259781690443514,0.1578542883492161,0.4039541541949811,False,,,N100_drop0.50_s0.20_c0.05,1.0,0.0,0.0,False,False,1.0068271698186462,1.0170734897113791,-0.0865463796488441,-0.1149304575594595,False,,
2026-10-06,IIFLCAPS,INE489L01022,345.15,345.15,140224269.1968254,690.3,0.2389247624303737,0.0259735699787489,0.1432794358654579,0.1812791195181607,0.1802436990758416,0.0508306195810993,0.0178931447501878,0.0254946369064253,0.0351328910655046,0.0178931447501878,0.4404800602124437,0.0494073674006015,0.4404800602124437,0.3691075137137378,0.0957787095179421,0.1496062992125984,0.1432794358654579,0.0259735699787489,0.1496062992125984,0.4404800602124437,False,,,N100_drop0.50_s0.20_c0.05,1.0,0.0,0.0,False,False,1.0068271698186462,1.0170734897113791,-0.0865463796488441,-0.1149304575594595,False,,
2026-10-06,AWHCL,INE01BK01022,355.2,355.2,84999144.68333334,710.4,0.2388996932420474,0.0259694084087302,0.2658932264062114,0.0976685595181584,0.1637336783614889,0.1401170512078846,0.0178895051237505,0.0254906967859168,0.0351288081354222,0.0178895051237505,0.3849202561702321,0.088092299661202,0.3849202561702321,0.3736728245231958,0.1158242819605412,0.1578542883492161,0.2658932264062114,0.0259694084087302,0.1578542883492161,0.3849202561702321,False,,,N100_drop0.50_s0.20_c0.05,1.0,0.0,0.0,False,False,1.0068271698186462,1.0170734897113791,-0.0865463796488441,-0.1149304575594595,False,,
2026-10-06,TRF,INE391D01019,196.3,196.3,5525135.722698413,392.6,0.2385861452251283,0.0259173878862437,0.2305626886093408,0.1124092889554971,0.149463581084212,0.0658626706215192,0.0178440224552663,0.0254401045289156,0.0350777554664852,0.0178440224552663,0.4823976345807408,0.0677271338046659,0.4823976345807408,0.4293477458500125,0.0486474263604978,0.1578542883492161,0.2305626886093408,0.0259173878862437,0.1578542883492161,0.4823976345807408,False,,,N100_drop0.50_s0.20_c0.05,1.0,0.0,0.0,False,False,1.0068271698186462,1.0170734897113791,-0.0865463796488441,-0.1149304575594595,False,,
2026-10-06,BANCOINDIA,INE213C01025,602.65,602.65,74096386.25079365,1205.3,0.2382432666730551,0.0258605636665018,0.1967281304683446,0.1314533087105358,0.1626871894429012,0.0800363416240279,0.0177943682967706,0.0253777624866105,0.0350219563254104,0.0177943682967706,0.4216060478950105,0.0595244767121638,0.4216060478950105,0.3919300240939736,0.0844966736728367,0.1578542883492161,0.1967281304683446,0.0258605636665018,0.1578542883492161,0.4216060478950105,False,,,N100_drop0.50_s0.20_c0.05,1.0,0.0,0.0,False,False,1.0068271698186462,1.0170734897113791,-0.0865463796488441,-0.1149304575594595,False,,
2026-10-06,DBREALTY,INE879I01012,90.08,90.08,91600766.50539684,180.16,0.2379937334198033,0.0258192502969011,0.2446767304881707,0.1055239304750697,0.1530787293910281,0.0061745759957184,0.0177582865338737,0.0253324479264936,0.0349813670997702,0.0177582865338737,0.4231952799053089,0.0568233467220157,0.4231952799053089,0.4137723650553608,0.0658624999384642,0.1578542883492161,0.2446767304881707,0.0258192502969011,0.1578542883492161,0.4231952799053089,False,,,N100_drop0.50_s0.20_c0.05,1.0,0.0,0.0,False,False,1.0068271698186462,1.0170734897113791,-0.0865463796488441,-0.1149304575594595,False,,
2026-10-06,PAKKA,INE551D01018,69.13,69.13,13781554.508095238,138.26,0.2376240689823171,0.0257581111470747,0.2979962603307155,0.0864376993137043,0.1492244042326195,0.0563746621095736,0.017704918507242,0.025265403679396,0.0349212668736368,0.017704918507242,0.4316618072914539,0.0779288804930647,0.4316618072914539,0.4208511629348946,0.080434850191076,0.1578542883492161,0.2979962603307155,0.0257581111470747,0.1578542883492161,0.4316618072914539,False,,,N100_drop0.50_s0.20_c0.05,1.0,0.0,0.0,False,False,1.0068271698186462,1.0170734897113791,-0.0865463796488441,-0.1149304575594595,False,,
2026-10-06,SHRINGARMS,INE1B3L01017,223.32,223.32,121377614.77761903,446.64,0.2376182696002904,0.0257571525850055,0.1446710056905951,0.1780394935533374,0.1766077570662648,0.0578223373316952,0.0177040820589048,0.0252643526893205,0.0349203242886438,0.0177040820589048,0.4214645337042739,0.06014892331551,0.4214645337042739,0.3424603985868497,0.1130260670507152,0.1330698287220026,0.1446710056905951,0.0257571525850055,0.1330698287220026,0.4214645337042739,False,,,N100_drop0.50_s0.20_c0.05,1.0,0.0,0.0,False,False,1.0068271698186462,1.0170734897113791,-0.0865463796488441,-0.1149304575594595,False,,
2026-10-06,BBTC,INE050A01025,1298.2,1298.2,504627940.9746032,2596.4,0.2375354206320987,0.0257434607667038,0.2439309803566705,0.1055358393963011,0.1489781548575447,0.0814391523870034,0.0176921354052529,0.0252493411769596,0.0349068596309605,0.0176921354052529,0.3752951770586898,0.0799146782013711,0.3752951770586898,0.3895294988972635,0.1018083480238404,0.1578542883492161,0.2439309803566705,0.0257434607667038,0.1578542883492161,0.3752951770586898,False,,,N100_drop0.50_s0.20_c0.05,1.0,0.0,0.0,False,False,1.0068271698186462,1.0170734897113791,-0.0865463796488441,-0.1149304575594595,False,,
2026-10-06,SHYAMMETL,INE810G01011,1054.0,1054.0,605390136.9801587,2108.0,0.2374468957779322,0.0257288351377482,0.1420776752896466,0.1810899220112954,0.1734330854331231,0.0803100464634442,0.0176793758815297,0.0252333069228135,0.0348924744838955,0.0176793758815297,0.4722701117007655,0.0332510243553544,0.4722701117007655,0.4158006191703388,0.0732847219091243,0.1578542883492161,0.1420776752896466,0.0257288351377482,0.1578542883492161,0.4722701117007655,False,,,N100_drop0.50_s0.20_c0.05,1.0,0.0,0.0,False,False,1.0068271698186462,1.0170734897113791,-0.0865463796488441,-0.1149304575594595,False,,
2026-10-06,NAVA,INE725A01030,575.0,575.0,161340691.05158725,1150.0,0.2373666730375652,0.0257155848887174,0.1676718803412448,0.1533685006477012,0.1734395498410814,0.0379461726959949,0.0176678179610521,0.0252187814733114,0.0348794401640461,0.0176678179610521,0.4325954797206526,0.0513486819483672,0.4325954797206526,0.3442434055299446,0.1129748768910617,0.1330698287220026,0.1676718803412448,0.0257155848887174,0.1330698287220026,0.4325954797206526,False,,,N100_drop0.50_s0.20_c0.05,1.0,0.0,0.0,False,False,1.0068271698186462,1.0170734897113791,-0.0865463796488441,-0.1149304575594595,False,,
2026-10-06,TTML,INE517B01013,34.18,34.18,154940292.64539683,68.36,0.2370471601371584,0.0256628468350353,0.2465016945663135,0.1041081964170091,0.1619475266225266,0.1221702610803222,0.0176222395033326,0.0251609769671355,0.034827543257365,0.0176222395033326,0.3677112387661196,0.0912095820185085,0.3677112387661196,0.3637154968197694,0.1206775563663679,0.1428571428571428,0.2465016945663135,0.0256628468350353,0.1428571428571428,0.3677112387661196,False,,,N100_drop0.50_s0.20_c0.05,1.0,0.0,0.0,False,False,1.0068271698186462,1.0170734897113791,-0.0865463796488441,-0.1149304575594595,False,,
2026-10-06,DBL,INE917M01012,400.8,400.8,275538402.1857143,801.6,0.2369434021362196,0.0256457329239053,0.2092486853925718,0.1225610229081789,0.1629815787460754,0.0857735404798537,0.0176074835660664,0.0251433722738077,0.034810696015237,0.0176074835660664,0.3877296338736294,0.0782182456039952,0.3877296338736294,0.3655554345667242,0.1017969867077742,0.1428571428571428,0.2092486853925718,0.0256457329239053,0.1428571428571428,0.3877296338736294,False,,,N100_drop0.50_s0.20_c0.05,1.0,0.0,0.0,False,False,1.0068271698186462,1.0170734897113791,-0.0865463796488441,-0.1149304575594595,False,,
2026-10-06,OLAELEC,INE0LXG01040,35.96,35.96,2634454130.48619,71.92,0.2368146144165937,0.0256244988705287,0.2704986730710401,0.0947305899123543,0.1696705836292495,0.059201716428301,0.0175891787627127,0.0251217293673053,0.0347897885399952,0.0175891787627127,0.4467062677192137,0.0515727816108236,0.4467062677192137,0.4028191156310552,0.0783510714600716,0.1578542883492161,0.2704986730710401,0.0256244988705287,0.1578542883492161,0.4467062677192137,False,,,N100_drop0.50_s0.20_c0.05,1.0,0.0,0.0,False,False,1.0068271698186462,1.0170734897113791,-0.0865463796488441,-0.1149304575594595,False,,
2026-10-06,WEL,INE02WG01024,74.62,74.62,472816336.25936514,149.24,0.236740304243143,0.025612251046919,0.2141208321174589,0.1196158766694363,0.1835826338141971,0.0338423821108964,0.0175786223465083,0.0251094353654148,0.0347777269241822,0.0175786223465083,0.4547970068617371,0.1155456683593449,0.4547970068617371,0.4787139202289709,0.0719042301372892,0.1732057416267942,0.2141208321174589,0.025612251046919,0.1732057416267942,0.4547970068617371,False,,,N100_drop0.50_s0.20_c0.05,1.0,0.0,0.0,False,False,1.0068271698186462,1.0170734897113791,-0.0865463796488441,-0.1149304575594595,False,,
2026-10-06,CGPOWER,INE067A01029,912.0,912.0,2640204352.250793,1824.0,0.2367198589375233,0.0256088817809459,0.1516843381613728,0.1688300986862689,0.1782105807582403,0.1064423625848437,0.0175757186041901,0.0251060534207755,0.0347744086046106,0.0175757186041901,0.475634131286366,0.0439061083890338,0.475634131286366,0.3918310688221416,0.0817403316551738,0.1578542883492161,0.1516843381613728,0.0256088817809459,0.1578542883492161,0.475634131286366,False,,,N100_drop0.50_s0.20_c0.05,1.0,0.0,0.0,False,False,1.0068271698186462,1.0170734897113791,-0.0865463796488441,-0.1149304575594595,False,,
2026-10-06,DOLATALGO,INE966A01022,62.46,62.46,9714249.165238095,124.92,0.2367124672063164,0.0256076637239897,0.2049222439276876,0.1249628309410181,0.1522465181344553,0.0193264138281524,0.0175746688680506,0.0251048307828372,0.0347732089362996,0.0175746688680506,0.4635215383271218,0.0397337383635641,0.4635215383271218,0.4099321274376289,0.0615118971157416,0.1578542883492161,0.2049222439276876,0.0256076637239897,0.1578542883492161,0.4635215383271218,False,,,N100_drop0.50_s0.20_c0.05,1.0,0.0,0.0,False,False,1.0068271698186462,1.0170734897113791,-0.0865463796488441,-0.1149304575594595,False,,
2026-10-06,INDIASHLTR,INE922K01024,636.35,636.35,84016993.10396825,1272.7,0.2367084021128817,0.0256069938646378,0.2126364580213045,0.1204261682259219,0.154550669244745,0.0404909555740835,0.0175740915807961,0.0251041584048063,0.0347725491829396,0.0175740915807961,0.4049764178693265,0.0638111977615519,0.4049764178693265,0.3897268378532987,0.0905651600994874,0.1578542883492161,0.2126364580213045,0.0256069938646378,0.1578542883492161,0.4049764178693265,False,,,N100_drop0.50_s0.20_c0.05,1.0,0.0,0.0,False,False,1.0068271698186462,1.0170734897113791,-0.0865463796488441,-0.1149304575594595,False,,
2026-10-06,RPPINFRA,INE324L01013,51.53,51.53,10754485.944444444,103.06,0.2365086683795473,0.0255740923264461,0.3060014444908232,0.0835750705981162,0.1646060727389766,0.0192019392810043,0.0175457418017091,0.0250711336724565,0.034740138186833,0.0175457418017091,0.4242666193976871,0.0495809480356404,0.4242666193976871,0.4374494282369865,0.0499718282132247,0.1578542883492161,0.3060014444908232,0.0255740923264461,0.1578542883492161,0.4242666193976871,False,,,N100_drop0.50_s0.20_c0.05,1.0,0.0,0.0,False,False,1.0068271698186462,1.0170734897113791,-0.0865463796488441,-0.1149304575594595,False,,
2026-10-06,TRITURBINE,INE152M01016,536.1,536.1,390049231.7206348,1072.2,0.2361867583645905,0.0255211113899715,0.1798060758423096,0.1419368687649554,0.1610691136683615,0.0718255513015431,0.0175001106565698,0.0250179564860514,0.034687923092832,0.0175001106565698,0.4431776480009704,0.0396259793368413,0.4431776480009704,0.3923880790409307,0.0755977750795007,0.1578542883492161,0.1798060758423096,0.0255211113899715,0.1578542883492161,0.4431776480009704,False,,,N100_drop0.50_s0.20_c0.05,1.0,0.0,0.0,False,False,1.0068271698186462,1.0170734897113791,-0.0865463796488441,-0.1149304575594595,False,,
2026-10-06,TSFINV,INE202Z01029,417.95,417.95,38407340.26666667,835.9,0.2358436848212081,0.0254647101879265,0.2124569159678945,0.1198582313591269,0.1755594586358288,0.0813951346918339,0.0174515610800949,0.0249613492556245,0.0346323044573886,0.0174515610800949,0.4171498040045481,0.0736402171222872,0.4171498040045481,0.3829323575187496,0.096117948624529,0.1578542883492161,0.2124569159678945,0.0254647101879265,0.1578542883492161,0.4171498040045481,False,,,N100_drop0.50_s0.20_c0.05,1.0,0.0,0.0,False,False,1.0068271698186462,1.0170734897113791,-0.0865463796488441,-0.1149304575594595,False,,
2026-10-06,NAVNETEDUL,INE060A01024,124.27,124.27,24492299.27142857,248.54,0.2358202889243986,0.0254608662704861,0.1600398425804407,0.159090798016055,0.1553377772180003,0.0272845899375188,0.0174482558346772,0.0249574914053816,0.0346285126438655,0.0174482558346772,0.4291135120606813,0.0464502744053875,0.4291135120606813,0.3766696566742886,0.0863930249922301,0.1578542883492161,0.1600398425804407,0.0254608662704861,0.1578542883492161,0.4291135120606813,False,,,N100_drop0.50_s0.20_c0.05,1.0,0.0,0.0,False,False,1.0068271698186462,1.0170734897113791,-0.0865463796488441,-0.1149304575594595,False,,
2026-10-06,PNBHOUSING,INE572E01012,1102.1,1102.1,1067676507.6253968,2204.2,0.2352512055516381,0.0253674593587831,0.1431036281579914,0.1772663606458429,0.1703476933596949,0.0844635580154716,0.0173851849358552,0.0248637501990827,0.0345363234617672,0.0173851849358552,0.4467082926759092,0.0396326291738463,0.4467082926759092,0.3798481906476408,0.0864255104975294,0.1578542883492161,0.1431036281579914,0.0253674593587831,0.1578542883492161,0.4467082926759092,False,,,N100_drop0.50_s0.20_c0.05,1.0,0.0,0.0,False,False,1.0068271698186462,1.0170734897113791,-0.0865463796488441,-0.1149304575594595,False,,
2026-10-06,PNGJL,INE953R01016,588.6,588.6,379691571.0738095,1177.2,0.2348365701403428,0.0252995150166674,0.1620132407978925,0.1561570825450495,0.1635431628306423,0.0822101739486889,0.0173382944074706,0.0247955678568376,0.0344692063315515,0.0173382944074706,0.4347137996456767,0.0459746693395963,0.4347137996456767,0.3935948039793691,0.0752465437208908,0.1578542883492161,0.1620132407978925,0.0252995150166674,0.1578542883492161,0.4347137996456767,False,,,N100_drop0.50_s0.20_c0.05,1.0,0.0,0.0,False,False,1.0068271698186462,1.0170734897113791,-0.0865463796488441,-0.1149304575594595,False,,
2026-10-06,BERGEPAINT,INE463A01038,472.55,472.55,196310885.2642857,945.1,0.234808630465639,0.0252949400705803,0.1609340012946818,0.1571758600860454,0.1695594270393264,0.0491849487451666,0.0173340818059685,0.0247909770420063,0.0344646853072833,0.0173340818059685,0.4298970685147337,0.0516190833942858,0.4298970685147337,0.3418786208368766,0.1142610280411489,0.1330698287220026,0.1609340012946818,0.0252949400705803,0.1330698287220026,0.4298970685147337,False,,,N100_drop0.50_s0.20_c0.05,1.0,0.0,0.0,False,False,1.0068271698186462,1.0170734897113791,-0.0865463796488441,-0.1149304575594595,False,,
2026-10-06,ZAGGLE,INE07K301024,171.88,171.88,465319307.4665079,343.76,0.2345102122252391,0.0252461026878765,0.2929098890812505,0.0861906805777852,0.150627703335131,0.0955874154463237,0.0172891288763715,0.0247419714950003,0.0344155948763559,0.0172891288763715,0.4161373300380915,0.0537827972180168,0.4161373300380915,0.4432874686829661,0.0800380777998641,0.1648675171736997,0.2929098890812505,0.0252461026878765,0.1648675171736997,0.4161373300380915,False,,,N100_drop0.50_s0.20_c0.05,1.0,0.0,0.0,False,False,1.0068271698186462,1.0170734897113791,-0.0865463796488441,-0.1149304575594595,False,,
2026-10-06,GPIL,INE177H01039,218.98,218.98,385051054.7682539,437.96,0.2343117205602693,0.0252136457579359,0.1974159573921787,0.1277183774351507,0.1555034058492825,0.0739341069323725,0.0172592701622474,0.0247094040540246,0.034382840779646,0.0172592701622474,0.4190441328303855,0.0546892345131968,0.4190441328303855,0.369359680871898,0.0911688813351991,0.1496062992125984,0.1974159573921787,0.0252136457579359,0.1496062992125984,0.4190441328303855,False,,,N100_drop0.50_s0.20_c0.05,1.0,0.0,0.0,False,False,1.0068271698186462,1.0170734897113791,-0.0865463796488441,-0.1149304575594595,False,,
2026-10-06,AAVAS,INE216P01012,1215.1,1215.1,136291386.1888889,2430.2,0.234280551183471,0.0252085509709527,0.2125840155459178,0.1185815918765903,0.158936115325997,0.0505829241452715,0.0172545844264432,0.0247042920107578,0.0343776983726509,0.0172545844264432,0.3968479479701934,0.0715510872662161,0.3968479479701934,0.3680437854694243,0.0943135101070438,0.1496062992125984,0.2125840155459178,0.0252085509709527,0.1496062992125984,0.3968479479701934,False,,,N100_drop0.50_s0.20_c0.05,1.0,0.0,0.0,False,False,1.0068271698186462,1.0170734897113791,-0.0865463796488441,-0.1149304575594595,False,,
2026-10-06,AGIIL,INE976R01033,259.1,259.1,506628644.4992064,518.2,0.2338851151005417,0.0251439612279163,0.1791861766536309,0.1403231080515768,0.1597863793225147,0.0110254770666296,0.0171952089074006,0.024639485636162,0.0343124819781023,0.0171952089074006,0.4407465353656246,0.0596701441401058,0.4407465353656246,0.3517822253281628,0.1139183546286651,0.1428571428571428,0.1791861766536309,0.0251439612279163,0.1428571428571428,0.4407465353656246,False,,,N100_drop0.50_s0.20_c0.05,1.0,0.0,0.0,False,False,1.0068271698186462,1.0170734897113791,-0.0865463796488441,-0.1149304575594595,False,,
2026-10-06,CREDITACC,INE741K01010,1265.8,1265.8,453135171.2634921,2531.6,0.2338276814609433,0.0251345872539258,0.1732683355786321,0.1450616303895833,0.1506015660579097,0.096775018619691,0.0171865960615889,0.0246300805517456,0.0343030135184777,0.0171865960615889,0.4252655431776215,0.0471958058696738,0.4252655431776215,0.3798321552697283,0.082873460704127,0.1578542883492161,0.1732683355786321,0.0251345872539258,0.1578542883492161,0.4252655431776215,False,,,N100_drop0.50_s0.20_c0.05,1.0,0.0,0.0,False,False,1.0068271698186462,1.0170734897113791,-0.0865463796488441,-0.1149304575594595,False,,
2026-10-06,MONTECARLO,INE950M01013,524.3,524.3,33368141.41349206,1048.6,0.2337399916351234,0.0251202785296487,0.2010237084335991,0.1249617705562642,0.1554194471609471,0.0929238535968853,0.0171734512906263,0.024615724500799,0.0342885588360425,0.0171734512906263,0.4095335398034916,0.0639927658566603,0.4095335398034916,0.3801129013894653,0.0897799703835012,0.1578542883492161,0.2010237084335991,0.0251202785296487,0.1578542883492161,0.4095335398034916,False,,,N100_drop0.50_s0.20_c0.05,1.0,0.0,0.0,False,False,1.0068271698186462,1.0170734897113791,-0.0865463796488441,-0.1149304575594595,False,,
2026-10-06,SUNCLAY,INE0Q3R01026,1152.8,1152.8,10184916.561904762,2305.6,0.2335822941784754,0.0250945569480008,0.2129479441508076,0.1178436215858894,0.1548297150722375,0.0591348364710096,0.0171498285655984,0.0245906871061006,0.0342625696095835,0.0171498285655984,0.4495613209863451,0.0397906479798307,0.4495613209863451,0.41979175115954,0.058940861781,0.1578542883492161,0.2129479441508076,0.0250945569480008,0.1578542883492161,0.4495613209863451,False,,,N100_drop0.50_s0.20_c0.05,1.0,0.0,0.0,False,False,1.0068271698186462,1.0170734897113791,-0.0865463796488441,-0.1149304575594595,False,,
2026-10-06,GATEWAY,INE079J01017,50.91,50.91,55375448.54777778,101.82,0.2335458951199338,0.0250886219339492,0.1617922226599439,0.1550669217684255,0.1545598501635936,0.0425307899620198,0.0171443790325906,0.0245850966126387,0.0342565718769326,0.0171443790325906,0.4340539812592401,0.0423791364627739,0.4340539812592401,0.3699319661945053,0.0910888591822554,0.1496062992125984,0.1617922226599439,0.0250886219339492,0.1496062992125984,0.4340539812592401,False,,,N100_drop0.50_s0.20_c0.05,1.0,0.0,0.0,False,False,1.0068271698186462,1.0170734897113791,-0.0865463796488441,-0.1149304575594595,False,,
2026-10-06,GODFRYPHLP,INE260B01028,1900.0,1900.0,703360575.0666666,3800.0,0.2335359100173611,0.0250869939491513,0.2207332069299287,0.1136530126031973,0.1602379517047655,0.0546073143631788,0.0171428842940738,0.0245835631229711,0.0342549266252297,0.0171428842940738,0.3793806112681012,0.0807121255307496,0.3793806112681012,0.3925540481332772,0.1069860611911336,0.1578542883492161,0.2207332069299287,0.0250869939491513,0.1578542883492161,0.3793806112681012,False,,,N100_drop0.50_s0.20_c0.05,1.0,0.0,0.0,False,False,1.0068271698186462,1.0170734897113791,-0.0865463796488441,-0.1149304575594595,False,,
2026-10-06,ICICIGI,INE765G01017,1598.3,1598.3,1868661012.873016,3196.6,0.2332814091099897,0.0250455181743907,0.1780686762052827,0.140650892162064,0.1676425049652392,0.1235633000140563,0.0171048145295908,0.0245444936916899,0.0342130017783409,0.0171048145295908,0.3887274200210593,0.0790356211680891,0.3887274200210593,0.3587554871829814,0.1093924261473903,0.1428571428571428,0.1780686762052827,0.0250455181743907,0.1428571428571428,0.3887274200210593,False,,,N100_drop0.50_s0.20_c0.05,1.0,0.0,0.0,False,False,1.0068271698186462,1.0170734897113791,-0.0865463796488441,-0.1149304575594595,False,,
2026-10-06,SANDUMA,INE149K01016,183.38,183.38,129476592.56746031,366.76,0.2331570179063241,0.0250252591358172,0.1939031546088754,0.1290606085615061,0.156828351083929,0.0199759645230854,0.0170862271014695,0.0245254092823563,0.0341925169680123,0.0170862271014695,0.42390901941555,0.0510879221534446,0.42390901941555,0.3781633192741438,0.0866175772074547,0.1578542883492161,0.1939031546088754,0.0250252591358172,0.1578542883492161,0.42390901941555,False,,,N100_drop0.50_s0.20_c0.05,1.0,0.0,0.0,False,False,1.0068271698186462,1.0170734897113791,-0.0865463796488441,-0.1149304575594595,False,,
2026-10-06,ELIN,INE050401020,78.84,78.84,35425610.83952381,157.68,0.2326344033252731,0.0249402355558604,0.2769012843150679,0.0900690497610064,0.1372317588138954,0.0204268416309488,0.0169961537577932,0.0244453099546926,0.0340936415631177,0.0169961537577932,0.4424253959863044,0.0364430821938105,0.4424253959863044,0.4354987963089283,0.0466105869527625,0.1578542883492161,0.2769012843150679,0.0249402355558604,0.1578542883492161,0.4424253959863044,False,,,N100_drop0.50_s0.20_c0.05,1.0,0.0,0.0,False,False,1.0068271698186462,1.0170734897113791,-0.0865463796488441,-0.1149304575594595,False,,
2026-10-06,DODLA,INE021O01019,1019.9,1019.9,28603113.1904762,2039.8,0.2326125910856679,0.0249366901870232,0.1783610226378173,0.1398101996626252,0.1606996329713684,0.0511527055665393,0.0169930421908885,0.0244419697287453,0.0340886994818065,0.0169930421908885,0.4206780942713076,0.056946305422418,0.4206780942713076,0.3699442277818548,0.0927207826560356,0.1496062992125984,0.1783610226378173,0.0249366901870232,0.1496062992125984,0.4206780942713076,False,,,N100_drop0.50_s0.20_c0.05,1.0,0.0,0.0,False,False,1.0068271698186462,1.0170734897113791,-0.0865463796488441,-0.1149304575594595,False,,
2026-10-06,JAGRAN,INE199G01027,61.72,61.72,12152767.72079365,123.44,0.2324544405071437,0.024910992097908,0.1495412387017984,0.1665827588039665,0.179665434074869,0.0473911331705353,0.0169704923607368,0.0244177581280349,0.0340528778125757,0.0169704923607368,0.4548072514895995,0.0335701402346041,0.4548072514895995,0.3829778145589158,0.0838027328476222,0.1578542883492161,0.1495412387017984,0.024910992097908,0.1578542883492161,0.4548072514895995,False,,,N100_drop0.50_s0.20_c0.05,1.0,0.0,0.0,False,False,1.0068271698186462,1.0170734897113791,-0.0865463796488441,-0.1149304575594595,False,,
2026-10-06,CHALET,INE427F01016,818.2,818.2,145674189.91507936,1636.4,0.2319392657438723,0.0248273752003868,0.1630807488179922,0.152239766988657,0.1635242166896375,0.0917961161817486,0.0168971669171598,0.0243389723879198,0.033936324129727,0.0168971669171598,0.4273446536273096,0.0509765212120602,0.4273446536273096,0.34191477706027,0.11463300854964,0.1330698287220026,0.1630807488179922,0.0248273752003868,0.1330698287220026,0.4273446536273096,False,,,N100_drop0.50_s0.20_c0.05,1.0,0.0,0.0,False,False,1.0068271698186462,1.0170734897113791,-0.0865463796488441,-0.1149304575594595,False,,
2026-10-06,IGIL,INE0Q9301021,319.6,319.6,200900577.69761905,639.2,0.231757184363912,0.0247978565259812,0.1606744966984204,0.1543359838402097,0.1696076467265804,0.06760568732141,0.0168712987716985,0.0243111571697334,0.0338951793020679,0.0168712987716985,0.4253779540332696,0.0538970732311615,0.4253779540332696,0.3634178763293051,0.0978431965915155,0.1428571428571428,0.1606744966984204,0.0247978565259812,0.1428571428571428,0.4253779540332696,False,,,N100_drop0.50_s0.20_c0.05,1.0,0.0,0.0,False,False,1.0068271698186462,1.0170734897113791,-0.0865463796488441,-0.1149304575594595,False,,
2026-10-06,STARHEALTH,INE575P01011,550.55,550.55,389802611.163492,1101.1,0.2314678805306727,0.0247509922439692,0.1380448698593851,0.1792967190246262,0.1802646121265842,0.0675785910571412,0.016830831462681,0.024266995113653,0.0338298585516058,0.016830831462681,0.4364960869545003,0.0504711805896667,0.4364960869545003,0.3381531656317055,0.1178850581044945,0.1330698287220026,0.1380448698593851,0.0247509922439692,0.1330698287220026,0.4364960869545003,False,,,N100_drop0.50_s0.20_c0.05,1.0,0.0,0.0,False,False,1.0068271698186462,1.0170734897113791,-0.0865463796488441,-0.1149304575594595,False,,
2026-10-06,VESUVIUS,INE386A01023,404.4,404.4,109213817.16904762,808.8,0.2312176847229283,0.0247104997443137,0.2042639879093434,0.120973354124863,0.1767186983120778,0.0537145978019528,0.0167958877645969,0.0242288352541665,0.0337734203424845,0.0167958877645969,0.4016064906972938,0.0717798225917092,0.4016064906972938,0.3625084456048241,0.0980346311845205,0.1428571428571428,0.2042639879093434,0.0247104997443137,0.1428571428571428,0.4016064906972938,False,,,N100_drop0.50_s0.20_c0.05,1.0,0.0,0.0,False,False,1.0068271698186462,1.0170734897113791,-0.0865463796488441,-0.1149304575594595,False,,
2026-10-06,JINDALPHOT,INE796G01012,1024.8,1024.8,5811345.9142857175,2049.6,0.2305511193581952,0.024602786499481,0.229511580266321,0.1071962751114014,0.1701422858512981,0.1815837581310639,0.0166982952600826,0.0241279320635611,0.0336232964848334,0.0166982952600826,0.4033657842211218,0.0886398297121108,0.4033657842211218,0.3601991205352129,0.109960928506827,0.1428571428571428,0.229511580266321,0.024602786499481,0.1428571428571428,0.4033657842211218,False,,,N100_drop0.50_s0.20_c0.05,1.0,0.0,0.0,False,False,1.0068271698186462,1.0170734897113791,-0.0865463796488441,-0.1149304575594595,False,,
2026-10-06,VENTIVE,INE781S01027,582.35,582.35,15634601.436507937,1164.7,0.2305161267428278,0.0245971385444958,0.1708948872322301,0.1439313893052318,0.1770554128132733,0.0635394509083257,0.0166931498135515,0.0241226469205721,0.0336154249762611,0.0166931498135515,0.4269410655104874,0.0538198389673501,0.4269410655104874,0.3712927365586984,0.0919497628130582,0.1578542883492161,0.1708948872322301,0.0245971385444958,0.1578542883492161,0.4269410655104874,False,,,N100_drop0.50_s0.20_c0.05,1.0,0.0,0.0,False,False,1.0068271698186462,1.0170734897113791,-0.0865463796488441,-0.1149304575594595,False,,
2026-10-06,ORIENTELEC,INE142Z01019,160.7,160.7,126725645.43555556,321.4,0.2303699480269176,0.0245735518609596,0.1560290461598579,0.1574934441102913,0.147079440050565,0.0814905542679062,0.0166716660862158,0.0241005748656574,0.0335825526804934,0.0166716660862158,0.4275749286322614,0.0441662017812376,0.4275749286322614,0.3969518671346141,0.0740517031680852,0.1578542883492161,0.1560290461598579,0.0245735518609596,0.1578542883492161,0.4275749286322614,False,,,N100_drop0.50_s0.20_c0.05,1.0,0.0,0.0,False,False,1.0068271698186462,1.0170734897113791,-0.0865463796488441,-0.1149304575594595,False,,
2026-10-06,CARERATING,INE752H01013,1588.2,1588.2,87476002.46349207,3176.4,0.2300949554421068,0.0245292117633376,0.1451934002644105,0.1689416441702427,0.1607527363009435,0.077277120239378,0.016631298555361,0.0240590797802328,0.0335207579505619,0.016631298555361,0.4379409483769873,0.0423604941241592,0.4379409483769873,0.3570532072592182,0.1009215826526401,0.1428571428571428,0.1451934002644105,0.0245292117633376,0.1428571428571428,0.4379409483769873,False,,,N100_drop0.50_s0.20_c0.05,1.0,0.0,0.0,False,False,1.0068271698186462,1.0170734897113791,-0.0865463796488441,-0.1149304575594595,False,,
2026-10-06,EFCIL,INE886D01026,170.1,170.1,58304655.14412698,340.2,0.2296470294062938,0.0244570753002526,0.2350549971581517,0.1040483103781758,0.1483575400951997,0.0669644295445369,0.0165656788317518,0.0239817553213812,0.033420228054326,0.0165656788317518,0.3709564682523826,0.0863972995023082,0.3709564682523826,0.3954031143762067,0.1103882832038836,0.1578542883492161,0.2350549971581517,0.0244570753002526,0.1578542883492161,0.3709564682523826,False,,,N100_drop0.50_s0.20_c0.05,1.0,0.0,0.0,False,False,1.0068271698186462,1.0170734897113791,-0.0865463796488441,-0.1149304575594595,False,,
2026-10-06,LAOPALA,INE059D01020,159.07,159.07,59362146.69142857,318.14,0.2294154364661514,0.0244198208405542,0.2007668744998833,0.1216327190498174,0.1466914430215301,0.0523992477233608,0.0165318160399466,0.0239399564894337,0.0333683115952907,0.0165318160399466,0.4039202694014903,0.0611766278265878,0.4039202694014903,0.420677978215703,0.0906778042245596,0.1578542883492161,0.2007668744998833,0.0244198208405542,0.1578542883492161,0.4039202694014903,False,,,N100_drop0.50_s0.20_c0.05,1.0,0.0,0.0,False,False,1.0068271698186462,1.0170734897113791,-0.0865463796488441,-0.1149304575594595,False,,
2026-10-06,JSL,INE220G01021,750.95,750.95,538591760.5936507,1501.9,0.2293246453138088,0.0244052239165988,0.1534436356197795,0.1590500890963832,0.1822696619355776,0.0940401824272249,0.0165185528878439,0.0239244566946551,0.0333479118272,0.0165185528878439,0.4104759896369161,0.0721958667413167,0.4104759896369161,0.3311698567990229,0.121681811051998,0.1130612244897959,0.1534436356197795,0.0244052239165988,0.1130612244897959,0.4104759896369161,False,,,N100_drop0.50_s0.20_c0.05,1.0,0.0,0.0,False,False,1.0068271698186462,1.0170734897113791,-0.0865463796488441,-0.1149304575594595,False,,
2026-10-06,CSLFINANCE,INE718F01018,207.48,207.48,9086387.10047619,414.96,0.2290751692548698,0.0243651373816636,0.2143941723282274,0.1136464537121922,0.1549047566923639,0.0698508648772699,0.0164821432847751,0.0238818963076768,0.0332914406299688,0.0164821432847751,0.4457750420417105,0.0538544521923985,0.4457750420417105,0.3906599877041156,0.0783931504303054,0.1578542883492161,0.2143941723282274,0.0243651373816636,0.1578542883492161,0.4457750420417105,False,,,N100_drop0.50_s0.20_c0.05,1.0,0.0,0.0,False,False,1.0068271698186462,1.0170734897113791,-0.0865463796488441,-0.1149304575594595,False,,
2026-10-06,GESHIP,INE017A01032,1532.6,1532.6,1305367147.7380953,3065.2,0.2287685560127628,0.0243159158726077,0.1447555086222847,0.1679792092476152,0.193128204407759,0.0489774171230981,0.0164374648844093,0.0238308949786671,0.033222103346772,0.0164374648844093,0.4864012494013597,0.0262826568136599,0.4864012494013597,0.3899651115414713,0.0815075157034701,0.1578542883492161,0.1447555086222847,0.0243159158726077,0.1578542883492161,0.4864012494013597,False,,,N100_drop0.50_s0.20_c0.05,1.0,0.0,0.0,False,False,1.0068271698186462,1.0170734897113791,-0.0865463796488441,-0.1149304575594595,False,,
2026-10-06,HDBFS,INE756I01012,616.75,616.75,414702530.64841264,1233.5,0.2286872109500553,0.0243028658223138,0.1624613497958952,0.1495916773610844,0.1571880104627894,0.1505799591764505,0.0164256245755161,0.0238174945029007,0.0332037205118669,0.0164256245755161,0.3895016719217052,0.0744001035485647,0.3895016719217052,0.3093565578326929,0.135900641450884,0.1130612244897959,0.1624613497958952,0.0243028658223138,0.1130612244897959,0.3895016719217052,False,,,N100_drop0.50_s0.20_c0.05,1.0,0.0,0.0,False,False,1.0068271698186462,1.0170734897113791,-0.0865463796488441,-0.1149304575594595,False,,
2026-10-06,TCI,INE688A01022,888.0,888.0,122308165.7126984,1776.0,0.2282548829995009,0.0242335680006925,0.1642553078894942,0.14753598110203,0.1826746731092525,0.0741514605337442,0.0163630859643941,0.0237587891743536,0.0331061082236862,0.0163630859643941,0.371360585906527,0.0962074968227675,0.371360585906527,0.3239475261111522,0.1271153488658525,0.1130612244897959,0.1642553078894942,0.0242335680006925,0.1130612244897959,0.371360585906527,False,,,N100_drop0.50_s0.20_c0.05,1.0,0.0,0.0,False,False,1.0068271698186462,1.0170734897113791,-0.0865463796488441,-0.1149304575594595,False,,
2026-10-06,GICHSGFIN,INE289B01019,134.48,134.48,12812950.248888887,268.96,0.2282486274446378,0.0242325660367905,0.157833389149322,0.1535325710700206,0.1670053156047597,0.0813951109942925,0.0163622395265579,0.0237579581173332,0.0331046969091465,0.0163622395265579,0.4395961053666422,0.0420183417087189,0.4395961053666422,0.3873957553984022,0.0791758942962903,0.1578542883492161,0.157833389149322,0.0242325660367905,0.1578542883492161,0.4395961053666422,False,,,N100_drop0.50_s0.20_c0.05,1.0,0.0,0.0,False,False,1.0068271698186462,1.0170734897113791,-0.0865463796488441,-0.1149304575594595,False,,
2026-10-06,MGL,INE002S01010,1039.8,1039.8,264259981.53333333,2079.6,0.2282425932114035,0.024231599542343,0.1416352754584207,0.1710844947624406,0.1610070710745944,0.0835508409198321,0.0163614230610375,0.0237571564748459,0.0331033355562047,0.0163614230610375,0.409830529092912,0.0655253688287876,0.409830529092912,0.3500811954610236,0.1076241557343899,0.1428571428571428,0.1416352754584207,0.024231599542343,0.1428571428571428,0.409830529092912,False,,,N100_drop0.50_s0.20_c0.05,1.0,0.0,0.0,False,False,1.0068271698186462,1.0170734897113791,-0.0865463796488441,-0.1149304575594595,False,,
2026-10-06,MCLOUD,INE613C01026,24.85,24.85,85840603.59047619,49.7,0.228013168497568,0.0241948674493902,0.2983681557286006,0.081090649202518,0.1631500317271956,0.0331725031309542,0.0163303990605323,0.0237266861437363,0.0330515975175692,0.0163303990605323,0.4055085978177355,0.1268519052396545,0.4055085978177355,0.4014159104696079,0.1352107403332877,0.1578542883492161,0.2983681557286006,0.0241948674493902,0.1578542883492161,0.4055085978177355,False,,,N100_drop0.50_s0.20_c0.05,1.0,0.0,0.0,False,False,1.0068271698186462,1.0170734897113791,-0.0865463796488441,-0.1149304575594595,False,,
2026-10-06,SALZERELEC,INE457F01013,524.95,524.95,27272686.537301585,1049.9,0.2279191910061161,0.0241798293368218,0.2036832265678726,0.1187129138921238,0.1668633088110163,0.0029669564389735,0.0163177013106695,0.0237142096161356,0.0330304164486288,0.0163177013106695,0.4370465900922503,0.04386298908536,0.4370465900922503,0.3843917615739435,0.0814205418620333,0.1578542883492161,0.2036832265678726,0.0241798293368218,0.1578542883492161,0.4370465900922503,False,,,N100_drop0.50_s0.20_c0.05,1.0,0.0,0.0,False,False,1.0068271698186462,1.0170734897113791,-0.0865463796488441,-0.1149304575594595,False,,
2026-10-06,RAINBOW,INE961O01016,1239.7,1239.7,159435227.83968252,2479.4,0.2278808244590303,0.0241736913546506,0.17031280010596,0.1419370202334235,0.1606092732677582,0.0789536434513709,0.0163125191547838,0.0237091168441676,0.0330217712261745,0.0163125191547838,0.4022293052462751,0.0709317573348609,0.4022293052462751,0.3210486370372125,0.1299226104820237,0.1130612244897959,0.17031280010596,0.0241736913546506,0.1130612244897959,0.4022293052462751,False,,,N100_drop0.50_s0.20_c0.05,1.0,0.0,0.0,False,False,1.0068271698186462,1.0170734897113791,-0.0865463796488441,-0.1149304575594595,False,,
2026-10-06,VMM,INE01EA01019,100.95,100.95,1370703201.0873013,201.9,0.2271276326056107,0.0240533538621061,0.2259217408752573,0.1064676368414991,0.1689578336968341,0.1549978859204339,0.0162109889876492,0.0235984302637484,0.0328522876697079,0.0162109889876492,0.3523835146704923,0.102851297947561,0.3523835146704923,0.3494957762060977,0.1347945153127053,0.1428571428571428,0.2259217408752573,0.0240533538621061,0.1428571428571428,0.3523835146704923,False,,,N100_drop0.50_s0.20_c0.05,1.0,0.0,0.0,False,False,1.0068271698186462,1.0170734897113791,-0.0865463796488441,-0.1149304575594595,False,,
2026-10-06,AGARIND,INE204E01012,396.5,396.5,52748369.14920634,793.0,0.2271098356539617,0.0240505141250645,0.2639190315931381,0.0911283812307298,0.1523360480269924,0.0748580125496997,0.016208594632395,0.0235962683493088,0.032848288394085,0.016208594632395,0.3786845906558428,0.0945491307911573,0.3786845906558428,0.3763226368178786,0.1146984515169427,0.1578542883492161,0.2639190315931381,0.0240505141250645,0.1578542883492161,0.3786845906558428,False,,,N100_drop0.50_s0.20_c0.05,1.0,0.0,0.0,False,False,1.0068271698186462,1.0170734897113791,-0.0865463796488441,-0.1149304575594595,False,,
2026-10-06,LODHA,INE670K01029,1135.6,1135.6,2711598206.5,2271.2,0.2267490813821688,0.0239929876605917,0.2024060692552641,0.1185388745943832,0.1727859477125309,0.1024100171679432,0.0161601061269454,0.0235524617582838,0.0327672745265063,0.0161601061269454,0.4681551234974836,0.0463274759003841,0.4681551234974836,0.38564487655494,0.0819150956720384,0.1578542883492161,0.2024060692552641,0.0239929876605917,0.1578542883492161,0.4681551234974836,False,,,N100_drop0.50_s0.20_c0.05,1.0,0.0,0.0,False,False,1.0068271698186462,1.0170734897113791,-0.0865463796488441,-0.1149304575594595,False,,
2026-10-06,NIVABUPA,INE995S01015,76.56,76.56,124981966.1877778,153.12,0.2265727834004719,0.0239649002655792,0.147633407476271,0.162327082164185,0.1678203305486651,0.0488966969532841,0.0161364423154976,0.0235310653224878,0.032727720859341,0.0161364423154976,0.4315360918478119,0.0484797699635564,0.4315360918478119,0.3391107652111658,0.115607230525062,0.1330698287220026,0.147633407476271,0.0239649002655792,0.1330698287220026,0.4315360918478119,False,,,N100_drop0.50_s0.20_c0.05,1.0,0.0,0.0,False,False,1.0068271698186462,1.0170734897113791,-0.0865463796488441,-0.1149304575594595,False,,
2026-10-06,ATHERENERG,INE0LEZ01016,1446.0,1446.0,7108912480.617459,2892.0,0.2265701032612195,0.0239644734003225,0.2311626072084127,0.1036693334173919,0.1669267063666761,0.1167385852375543,0.0161360827334015,0.0235307401052623,0.0327271197401006,0.0161360827334015,0.4446798214176262,0.0489795328606732,0.4446798214176262,0.4159797117486073,0.0828482292380383,0.1578542883492161,0.2311626072084127,0.0239644734003225,0.1578542883492161,0.4446798214176262,False,,,N100_drop0.50_s0.20_c0.05,1.0,0.0,0.0,False,False,1.0068271698186462,1.0170734897113791,-0.0865463796488441,-0.1149304575594595,False,,
2026-10-06,TARIL,INE763I01026,283.65,283.65,780325952.0015873,567.3,0.2264605681458436,0.0239470310544677,0.2231830476066286,0.1072977150875526,0.1710436884035789,0.0719867901402009,0.0161213910767273,0.0235174502358529,0.0327025573128964,0.0161213910767273,0.3983792288364438,0.079612274601006,0.3983792288364438,0.3758020573367176,0.1102903631898632,0.1578542883492161,0.2231830476066286,0.0239470310544677,0.1578542883492161,0.3983792288364438,False,,,N100_drop0.50_s0.20_c0.05,1.0,0.0,0.0,False,False,1.0068271698186462,1.0170734897113791,-0.0865463796488441,-0.1149304575594595,False,,
2026-10-06,ACI,INE128X01021,474.5,474.5,193921302.89126983,949.0,0.2264352598464865,0.0239430018803647,0.2186047987903639,0.1095264239982463,0.1604833414794897,0.0865822033215483,0.016117997699195,0.0235143800008099,0.0326968834571176,0.016117997699195,0.3988369853112827,0.0695152444813926,0.3988369853112827,0.3743507412109199,0.0974904897215032,0.1578542883492161,0.2186047987903639,0.0239430018803647,0.1578542883492161,0.3988369853112827,False,,,N100_drop0.50_s0.20_c0.05,1.0,0.0,0.0,False,False,1.0068271698186462,1.0170734897113791,-0.0865463796488441,-0.1149304575594595,False,,
2026-10-06,TATACOMM,INE151A01013,1681.8,1681.8,465493970.87777776,3363.6,0.2264259286808995,0.0239415164110798,0.1453221167906314,0.1647479195859287,0.1689085707470753,0.0495035381392993,0.0161167466711494,0.0235132480449687,0.0326947916344067,0.0161167466711494,0.4444108661651161,0.0397698271980057,0.4444108661651161,0.3578734982258857,0.1045537854180661,0.1428571428571428,0.1453221167906314,0.0239415164110798,0.1428571428571428,0.4444108661651161,False,,,N100_drop0.50_s0.20_c0.05,1.0,0.0,0.0,False,False,1.0068271698186462,1.0170734897113791,-0.0865463796488441,-0.1149304575594595,False,,
2026-10-06,ALLTIME,INE0GV601021,184.36,184.36,20521412.19587301,368.72,0.2264120534352134,0.0239393076358756,0.2177802313129423,0.1099241537744339,0.1601561693440106,0.0355442135239943,0.0161148865281681,0.023511564889731,0.0326916812647617,0.0161148865281681,0.4275916429973616,0.0478820496978795,0.4275916429973616,0.3865783554475135,0.0798279347969072,0.1578542883492161,0.2177802313129423,0.0239393076358756,0.1578542883492161,0.4275916429973616,False,,,N100_drop0.50_s0.20_c0.05,1.0,0.0,0.0,False,False,1.0068271698186462,1.0170734897113791,-0.0865463796488441,-0.1149304575594595,False,,
2026-10-06,NUCLEUS,INE096B01018,638.05,638.05,22268867.563492063,1276.1,0.2264064072103891,0.0239384088530806,0.2262432575427872,0.105808275186072,0.1421369987492645,0.0814935440340597,0.0161141296214515,0.0235108799802719,0.0326904156118026,0.0161141296214515,0.425320946965963,0.0677862193295601,0.425320946965963,0.4135270638513495,0.1026169093101096,0.1578542883492161,0.2262432575427872,0.0239384088530806,0.1578542883492161,0.425320946965963,False,,,N100_drop0.50_s0.20_c0.05,1.0,0.0,0.0,False,False,1.0068271698186462,1.0170734897113791,-0.0865463796488441,-0.1149304575594595,False,,
2026-10-06,CHOICEIN,INE102B01014,727.15,727.15,534082171.2571428,1454.3,0.2262900450663402,0.0239198897811894,0.1342582997730191,0.1781632109272133,0.1692420962735538,0.0810777541653799,0.0160985354674793,0.0234967665159169,0.0326643375466188,0.0160985354674793,0.4213238023205989,0.0658020412900863,0.4213238023205989,0.3364015159926058,0.1238527509485301,0.1130612244897959,0.1342582997730191,0.0239198897811894,0.1130612244897959,0.4213238023205989,False,,,N100_drop0.50_s0.20_c0.05,1.0,0.0,0.0,False,False,1.0068271698186462,1.0170734897113791,-0.0865463796488441,-0.1149304575594595,False,,
2026-10-06,BRIGHOTEL,INE03NU01014,56.93,56.93,7288120.838253968,113.86,0.2261089348115381,0.0238910804388936,0.1736981714892881,0.1375436496196332,0.1717496694545771,0.072556033344256,0.0160742824282551,0.0234744217658788,0.032623769848542,0.0160742824282551,0.451488203867282,0.0468527131903818,0.451488203867282,0.3846274980333302,0.0819517823280535,0.1578542883492161,0.1736981714892881,0.0238910804388936,0.1578542883492161,0.451488203867282,False,,,N100_drop0.50_s0.20_c0.05,1.0,0.0,0.0,False,False,1.0068271698186462,1.0170734897113791,-0.0865463796488441,-0.1149304575594595,False,,
2026-10-06,HONDAPOWER,INE634A01018,1885.9,1885.9,7002090.63015873,3771.8,0.225600615017853,0.023810315304682,0.1849213422639246,0.1287591524762961,0.1675384073598443,0.0432394532616254,0.0160068955928067,0.0234072745715702,0.0325351640621315,0.0160068955928067,0.4651746449836187,0.042955400778753,0.4651746449836187,0.3931542823226199,0.0743753536412503,0.1578542883492161,0.1849213422639246,0.023810315304682,0.1578542883492161,0.4651746449836187,False,,,N100_drop0.50_s0.20_c0.05,1.0,0.0,0.0,False,False,1.0068271698186462,1.0170734897113791,-0.0865463796488441,-0.1149304575594595,False,,
2026-10-06,MRPL,INE103A01014,174.72,174.72,2770330672.43619,349.44,0.2254110976131557,0.0237802388732114,0.194594186562699,0.1222042615623018,0.1695598124270888,0.1488884903210532,0.0159819616526811,0.0233822607362621,0.032502446643973,0.0159819616526811,0.4214884437180395,0.0667765283690395,0.4214884437180395,0.3596978254127013,0.1023206379047513,0.1428571428571428,0.194594186562699,0.0237802388732114,0.1428571428571428,0.4214884437180395,False,,,N100_drop0.50_s0.20_c0.05,1.0,0.0,0.0,False,False,1.0068271698186462,1.0170734897113791,-0.0865463796488441,-0.1149304575594595,False,,
2026-10-06,CHENNPETRO,INE178A01016,1405.7,1405.7,3055249871.019048,2811.4,0.2249671768242389,0.0237098636085682,0.2318100314761341,0.102281439062784,0.1815915024798149,0.0784861455743336,0.0159236487967635,0.0233237129653091,0.0324258586209999,0.0159236487967635,0.4612021881675288,0.0397254238352153,0.4612021881675288,0.3969159167837988,0.073691155255081,0.1578542883492161,0.2318100314761341,0.0237098636085682,0.1578542883492161,0.4612021881675288,False,,,N100_drop0.50_s0.20_c0.05,1.0,0.0,0.0,False,False,1.0068271698186462,1.0170734897113791,-0.0865463796488441,-0.1149304575594595,False,,
2026-10-06,CLEAN,INE227W01023,823.15,823.15,310705280.93650794,1646.3,0.2244031931797276,0.0236206060969693,0.1831738661470247,0.1289518346356802,0.1710046065576511,0.116387141442339,0.0158612778993129,0.0232494191959984,0.0323286543577068,0.0158612778993129,0.4311585614715168,0.0560161499563006,0.4311585614715168,0.3734406482397217,0.0915047378786438,0.1578542883492161,0.1831738661470247,0.0236206060969693,0.1578542883492161,0.4311585614715168,False,,,N100_drop0.50_s0.20_c0.05,1.0,0.0,0.0,False,False,1.0068271698186462,1.0170734897113791,-0.0865463796488441,-0.1149304575594595,False,,
2026-10-06,STUDDS,INE00Q601028,407.05,407.05,27897372.31111111,814.1,0.2242914249986236,0.023602937476231,0.2211062877854321,0.1067492820427431,0.1675139945423652,0.1015576389419023,0.0158462219429976,0.0232347077215752,0.0323094037501427,0.0158462219429976,0.3915826945821523,0.0846477017610141,0.3915826945821523,0.3424124033969765,0.1205984759220946,0.1330698287220026,0.2211062877854321,0.023602937476231,0.1330698287220026,0.3915826945821523,False,,,N100_drop0.50_s0.20_c0.05,1.0,0.0,0.0,False,False,1.0068271698186462,1.0170734897113791,-0.0865463796488441,-0.1149304575594595,False,,
2026-10-06,SARDAEN,INE385C01021,500.7,500.7,400973336.8896825,1001.4,0.2242792387332203,0.0236010114397021,0.1541689017866526,0.153085422327017,0.1677519447489663,0.0688959085840021,0.0158445808959388,0.0232331039413277,0.0323073050845078,0.0158445808959388,0.4281750120093201,0.0506239734749409,0.4281750120093201,0.3738520114711974,0.08945542552703,0.1578542883492161,0.1541689017866526,0.0236010114397021,0.1578542883492161,0.4281750120093201,False,,,N100_drop0.50_s0.20_c0.05,1.0,0.0,0.0,False,False,1.0068271698186462,1.0170734897113791,-0.0865463796488441,-0.1149304575594595,False,,
2026-10-06,TENNIND,INE19RI01016,494.15,494.15,965650372.945238,988.3,0.2242717184471176,0.0235998228995707,0.1635384260134876,0.1443075090965127,0.1578090806412623,0.0490358849583742,0.0158435682385259,0.0232321142529951,0.0323060099989653,0.0158435682385259,0.4107165447645199,0.0600452138695752,0.4107165447645199,0.3831477891772492,0.0850419233740091,0.1578542883492161,0.1635384260134876,0.0235998228995707,0.1578542883492161,0.4107165447645199,False,,,N100_drop0.50_s0.20_c0.05,1.0,0.0,0.0,False,False,1.0068271698186462,1.0170734897113791,-0.0865463796488441,-0.1149304575594595,False,,
2026-10-06,HINDWAREAP,INE05AN01011,170.75,170.75,26157079.181269843,341.5,0.2241927006824672,0.0235873363918092,0.2340176299441964,0.1007929889617029,0.154269779118234,0.023688277856091,0.0158329303521607,0.0232217163850488,0.0322924033434405,0.0158329303521607,0.4191445300364564,0.0607390533835656,0.4191445300364564,0.3934577783675978,0.0871881803390272,0.1578542883492161,0.2340176299441964,0.0235873363918092,0.1578542883492161,0.4191445300364564,False,,,N100_drop0.50_s0.20_c0.05,1.0,0.0,0.0,False,False,1.0068271698186462,1.0170734897113791,-0.0865463796488441,-0.1149304575594595,False,,
2026-10-06,CSBBANK,INE679A01013,305.85,305.85,215575666.7753968,611.7,0.2240926895937446,0.0235715372469448,0.2490951424125725,0.0946286507984312,0.1637585592667834,0.0589945585976984,0.0158194724651872,0.0232085588178611,0.0322751847625939,0.0158194724651872,0.3739574670455939,0.0899123881269723,0.3739574670455939,0.3414578753799193,0.1188171803116144,0.1330698287220026,0.2490951424125725,0.0235715372469448,0.1330698287220026,0.3739574670455939,False,,,N100_drop0.50_s0.20_c0.05,1.0,0.0,0.0,False,False,1.0068271698186462,1.0170734897113791,-0.0865463796488441,-0.1149304575594595,False,,
2026-10-06,ARVINDFASN,INE955V01021,406.4,406.4,119769988.86984126,812.8,0.2237695116621408,0.0235205198995545,0.1895683309342622,0.1240740992107529,0.1564473829347,0.0928737889559421,0.015776032133768,0.0231631881977128,0.0322195677223015,0.015776032133768,0.4128954525029715,0.0575590758302122,0.4128954525029715,0.3768034578622721,0.0890389577333511,0.1578542883492161,0.1895683309342622,0.0235205198995545,0.1578542883492161,0.4128954525029715,False,,,N100_drop0.50_s0.20_c0.05,1.0,0.0,0.0,False,False,1.0068271698186462,1.0170734897113791,-0.0865463796488441,-0.1149304575594595,False,,
2026-10-06,POKARNA,INE637C01025,709.9,709.9,86110493.7079365,1419.8,0.223744023182129,0.023516498610695,0.2189980738597191,0.1073822166388492,0.1581388713126361,0.0702294449904233,0.0157726091727005,0.0231595189263499,0.0322151828258071,0.0157726091727005,0.429256837401814,0.0460209874868812,0.429256837401814,0.3591547085577222,0.0993182917312277,0.1428571428571428,0.2189980738597191,0.023516498610695,0.1428571428571428,0.429256837401814,False,,,N100_drop0.50_s0.20_c0.05,1.0,0.0,0.0,False,False,1.0068271698186462,1.0170734897113791,-0.0865463796488441,-0.1149304575594595,False,,
2026-10-06,ARSSBL,INE549H01021,551.55,551.55,109733323.2595238,1103.1,0.223309294695699,0.0234479650831056,0.1803980536719625,0.1299790358367373,0.1830635407771576,0.0881926557106362,0.0157142973237598,0.0230969780375431,0.0321404287951098,0.0157142973237598,0.4210554615642878,0.0658551565639659,0.4210554615642878,0.3670110946569009,0.1016141578508916,0.1496062992125984,0.1803980536719625,0.0234479650831056,0.1496062992125984,0.4210554615642878,False,,,N100_drop0.50_s0.20_c0.05,1.0,0.0,0.0,False,False,1.0068271698186462,1.0170734897113791,-0.0865463796488441,-0.1149304575594595,False,,
2026-10-06,KRSNAA,INE08LI01020,552.7,552.7,66975843.12936508,1105.4,0.2231659295036289,0.0234253860107312,0.1947236549491947,0.1203006692578933,0.1773418493742115,0.0684463657660837,0.0156950960637415,0.0230763705325494,0.0321157905112308,0.0156950960637415,0.3847229726063977,0.0858574946084633,0.3847229726063977,0.3450060777479504,0.1132271401710457,0.1330698287220026,0.1947236549491947,0.0234253860107312,0.1330698287220026,0.3847229726063977,False,,,N100_drop0.50_s0.20_c0.05,1.0,0.0,0.0,False,False,1.0068271698186462,1.0170734897113791,-0.0865463796488441,-0.1149304575594595,False,,
2026-10-06,JTEKTINDIA,INE643A01035,115.38,115.38,25833376.396507923,230.76,0.2227859108002826,0.0233655882755188,0.2020750462264751,0.1156282713370352,0.156144448977636,0.0088475711817588,0.0156442684275684,0.0230217875904449,0.03205051568809,0.0156442684275684,0.3968258910460043,0.0685079794862259,0.3968258910460043,0.365167455657962,0.0947126700005252,0.1428571428571428,0.2020750462264751,0.0233655882755188,0.1428571428571428,0.3968258910460043,False,,,N100_drop0.50_s0.20_c0.05,1.0,0.0,0.0,False,False,1.0068271698186462,1.0170734897113791,-0.0865463796488441,-0.1149304575594595,False,,
2026-10-06,ASAHIINDIA,INE439A01020,956.95,956.95,155868758.64761907,1913.9,0.2226763094402199,0.0233483561957245,0.1299713028092268,0.1796423955986306,0.1749729594726107,0.0821963665465866,0.0156296278685573,0.023006056478069,0.0320316989079701,0.0156296278685573,0.4286071983532615,0.0543547408363536,0.4286071983532615,0.3464426290792179,0.1094824631753105,0.1330698287220026,0.1299713028092268,0.0233483561957245,0.1330698287220026,0.4286071983532615,False,,,N100_drop0.50_s0.20_c0.05,1.0,0.0,0.0,False,False,1.0068271698186462,1.0170734897113791,-0.0865463796488441,-0.1149304575594595,False,,
2026-10-06,PARKHOTELS,INE988S01028,103.19,103.19,19774686.306349207,206.38,0.2222954936047567,0.0232885318206245,0.2096236249385761,0.1110968853221983,0.163233612722193,0.0988615606602323,0.0155788233324296,0.022951436746194,0.0319663508360272,0.0155788233324296,0.4203478800771967,0.0576245948759734,0.4203478800771967,0.3551788555807804,0.1022364539602215,0.1428571428571428,0.2096236249385761,0.0232885318206245,0.1428571428571428,0.4203478800771967,False,,,N100_drop0.50_s0.20_c0.05,1.0,0.0,0.0,False,False,1.0068271698186462,1.0170734897113791,-0.0865463796488441,-0.1149304575594595,False,,
2026-10-06,EIHOTEL,INE230A01023,300.7,300.7,91678990.09523807,601.4,0.222294654137647,0.023288400029025,0.1881877883725001,0.123750856686449,0.1816895495002713,0.1186819926871171,0.0155787114505791,0.0229513164095752,0.031966206837905,0.0155787114505791,0.3968156340621729,0.0788427538934753,0.3968156340621729,0.358274941602714,0.1095673665676036,0.1428571428571428,0.1881877883725001,0.023288400029025,0.1428571428571428,0.3968156340621729,False,,,N100_drop0.50_s0.20_c0.05,1.0,0.0,0.0,False,False,1.0068271698186462,1.0170734897113791,-0.0865463796488441,-0.1149304575594595,False,,
2026-10-06,RUSTOMJEE,INE263M01029,368.55,368.55,80220093.52460317,737.1,0.222269780341394,0.0232844951524478,0.1908984564626833,0.1219731976041381,0.1592701306069136,0.0232993709967094,0.0155753965618575,0.0229477509132376,0.0319619402163049,0.0155753965618575,0.3916222618322203,0.0748963195485097,0.3916222618322203,0.3854698025789336,0.0981245384776265,0.1578542883492161,0.1908984564626833,0.0232844951524478,0.1578542883492161,0.3916222618322203,False,,,N100_drop0.50_s0.20_c0.05,1.0,0.0,0.0,False,False,1.0068271698186462,1.0170734897113791,-0.0865463796488441,-0.1149304575594595,False,,
2026-10-06,FLAIR,INE00Y201027,227.84,227.84,29930719.182380952,455.68,0.2222126722923997,0.0232755311367821,0.1772635340693083,0.1313046772929713,0.168328816818378,0.0029855715962664,0.0155677874931894,0.022939565820524,0.0319521452256508,0.0155677874931894,0.4583568573274255,0.0289242535391348,0.4583568573274255,0.3839255843672175,0.0816874737312196,0.1578542883492161,0.1772635340693083,0.0232755311367821,0.1578542883492161,0.4583568573274255,False,,,N100_drop0.50_s0.20_c0.05,1.0,0.0,0.0,False,False,1.0068271698186462,1.0170734897113791,-0.0865463796488441,-0.1149304575594595,False,,
2026-10-06,CAMLINFINE,INE052I01032,95.0,95.0,109733417.70555556,190.0,0.222069833416923,0.0232531178536721,0.2736042662178454,0.0849881406277409,0.15101950277805,0.0225599636722602,0.0155487655669994,0.0229190991709487,0.0319276508195079,0.0155487655669994,0.390465513620546,0.0744741495277322,0.390465513620546,0.4024522337445322,0.0902072902909641,0.1578542883492161,0.2736042662178454,0.0232531178536721,0.1578542883492161,0.390465513620546,False,,,N100_drop0.50_s0.20_c0.05,1.0,0.0,0.0,False,False,1.0068271698186462,1.0170734897113791,-0.0865463796488441,-0.1149304575594595,False,,
2026-10-06,BHEL,INE257A01026,452.0,452.0,4092274649.2222223,904.0,0.2216709658565454,0.0231905873991308,0.156698290634634,0.1479951523734439,0.1845118461359263,0.0976307708365778,0.0154957230570768,0.0228619923679499,0.0318696331485622,0.0154957230570768,0.4531868619835603,0.0692868463278248,0.4531868619835603,0.3597497038595248,0.1040272213957089,0.1428571428571428,0.156698290634634,0.0231905873991308,0.1428571428571428,0.4531868619835603,False,,,N100_drop0.50_s0.20_c0.05,1.0,0.0,0.0,False,False,1.0068271698186462,1.0170734897113791,-0.0865463796488441,-0.1149304575594595,False,,
2026-10-06,ABCAPITAL,INE674K01013,378.9,378.9,1328722560.0420637,757.8,0.2215670778261734,0.0231743146626222,0.1423963109459105,0.1627451898766188,0.168194714310708,0.0832497344040951,0.0154819258276498,0.0228471293177072,0.031856572388694,0.0154819258276498,0.4471148408849965,0.0367148670787082,0.4471148408849965,0.3946594768020754,0.0776495986039088,0.1578542883492161,0.1423963109459105,0.0231743146626222,0.1578542883492161,0.4471148408849965,False,,,N100_drop0.50_s0.20_c0.05,1.0,0.0,0.0,False,False,1.0068271698186462,1.0170734897113791,-0.0865463796488441,-0.1149304575594595,False,,
2026-10-06,JYOTHYLAB,INE668F01031,183.32,183.32,168613700.37238094,366.64,0.2212983541170946,0.0231322489270503,0.1951017700876545,0.1185650387316197,0.1508607563494277,0.0201986158066874,0.0154462716358888,0.0228087043299556,0.0318227927403453,0.0154462716358888,0.4168511283387003,0.0526518149461942,0.4168511283387003,0.4013637647385888,0.0811286903448435,0.1578542883492161,0.1951017700876545,0.0231322489270503,0.1578542883492161,0.4168511283387003,False,,,N100_drop0.50_s0.20_c0.05,1.0,0.0,0.0,False,False,1.0068271698186462,1.0170734897113791,-0.0865463796488441,-0.1149304575594595,False,,
2026-10-06,BOMDYEING,INE032A01023,102.91,102.91,77175401.92777778,205.82,0.2212777444178424,0.0231290242779439,0.209407224687743,0.1104499823844794,0.1540162658012245,0.0140775822951026,0.0154435392084063,0.0228057585712993,0.0318202022672002,0.0154435392084063,0.4017600379805975,0.0647531346609065,0.4017600379805975,0.3622448988226414,0.0960850976464074,0.1428571428571428,0.209407224687743,0.0231290242779439,0.1428571428571428,0.4017600379805975,False,,,N100_drop0.50_s0.20_c0.05,1.0,0.0,0.0,False,False,1.0068271698186462,1.0170734897113791,-0.0865463796488441,-0.1149304575594595,False,,
2026-10-06,UNOMINDA,INE405E01023,1120.0,1120.0,918263407.4539684,2240.0,0.2212072204419367,0.0231179916005105,0.1601692335709561,0.1443347831858675,0.1590497039880569,0.1002906766056652,0.015434191383243,0.0227956798624669,0.0318113382392794,0.015434191383243,0.4231780920760961,0.0509432834389831,0.4231780920760961,0.3625117178745429,0.0959175055442333,0.1428571428571428,0.1601692335709561,0.0231179916005105,0.1428571428571428,0.4231780920760961,False,,,N100_drop0.50_s0.20_c0.05,1.0,0.0,0.0,False,False,1.0068271698186462,1.0170734897113791,-0.0865463796488441,-0.1149304575594595,False,,
2026-10-06,KNRCON,INE634I01029,115.65,115.65,177733607.9611111,231.3,0.2211645782790566,0.0231113219887038,0.23197127137992,0.0996301044143193,0.1656286136365176,0.1094326290282583,0.0154285409095439,0.0227895867939726,0.0318059788256297,0.0154285409095439,0.3681108490118103,0.0925779445678148,0.3681108490118103,0.3595802189040188,0.1170626164090399,0.1428571428571428,0.23197127137992,0.0231113219887038,0.1428571428571428,0.3681108490118103,False,,,N100_drop0.50_s0.20_c0.05,1.0,0.0,0.0,False,False,1.0068271698186462,1.0170734897113791,-0.0865463796488441,-0.1149304575594595,False,,
2026-10-06,LTF,INE498L01015,264.4,264.4,1780714819.4134922,528.8,0.2209899714817738,0.0230840219334577,0.1733208092266439,0.1331866729474575,0.1596673617588099,0.1144135858561211,0.0154054250425817,0.0227646453748632,0.0317840352195324,0.0154054250425817,0.4024401562311171,0.064484238299837,0.4024401562311171,0.3462229308093261,0.1087791374567989,0.1330698287220026,0.1733208092266439,0.0230840219334577,0.1330698287220026,0.4024401562311171,False,,,N100_drop0.50_s0.20_c0.05,1.0,0.0,0.0,False,False,1.0068271698186462,1.0170734897113791,-0.0865463796488441,-0.1149304575594595,False,,
2026-10-06,PETRONET,INE347G01014,297.5,297.5,542771491.8,595.0,0.2206800403758295,0.023035603247363,0.1107669942127504,0.2079645061336456,0.1856049467387246,0.0409739616087618,0.0153684345881334,0.0227204048744842,0.0317450910368851,0.0153684345881334,0.435149910598152,0.0531848079090331,0.435149910598152,0.332417426983529,0.1256631616896334,0.1130612244897959,0.1107669942127504,0.023035603247363,0.1130612244897959,0.435149910598152,False,,,N100_drop0.50_s0.20_c0.05,1.0,0.0,0.0,False,False,1.0068271698186462,1.0170734897113791,-0.0865463796488441,-0.1149304575594595,False,,
2026-10-06,SHALBY,INE597J01018,136.51,136.51,12929399.3715873,273.02,0.2204959058477544,0.0230068609493309,0.2402909732197276,0.0957458394755967,0.1622449408454699,0.036177915740198,0.0153484704708316,0.0226941397817205,0.0317219574976647,0.0153484704708316,0.4204915129703828,0.0675885519840397,0.4204915129703828,0.3784742300287493,0.0906720809686575,0.1578542883492161,0.2402909732197276,0.0230068609493309,0.1578542883492161,0.4204915129703828,False,,,N100_drop0.50_s0.20_c0.05,1.0,0.0,0.0,False,False,1.0068271698186462,1.0170734897113791,-0.0865463796488441,-0.1149304575594595,False,,
2026-10-06,ANGELONE,INE732I01021,295.0,295.0,1781855580.453968,590.0,0.2204422822940207,0.0229984939866612,0.1651012566175282,0.1392993273209258,0.1690130280746366,0.1279726820590437,0.0153426591002066,0.0226864935128729,0.0317152210869394,0.0153426591002066,0.4265013160599536,0.0587417538326468,0.4265013160599536,0.3677175409491023,0.0980973274930013,0.1496062992125984,0.1651012566175282,0.0229984939866612,0.1496062992125984,0.4265013160599536,False,,,N100_drop0.50_s0.20_c0.05,1.0,0.0,0.0,False,False,1.0068271698186462,1.0170734897113791,-0.0865463796488441,-0.1149304575594595,False,,
2026-10-06,ARE&M,INE885A01032,742.9,742.9,763981972.2253968,1485.8,0.2203524175056949,0.0229844756406588,0.1852388403852119,0.1240802176954987,0.1483760190629879,0.0681746011818121,0.0153329227379221,0.0226736822138665,0.0317039324344214,0.0153329227379221,0.422789571539407,0.0469113836637579,0.422789571539407,0.3760356942674502,0.0848275443598855,0.1578542883492161,0.1852388403852119,0.0229844756406588,0.1578542883492161,0.422789571539407,False,,,N100_drop0.50_s0.20_c0.05,1.0,0.0,0.0,False,False,1.0068271698186462,1.0170734897113791,-0.0865463796488441,-0.1149304575594595,False,,
2026-10-06,ORIENTTECH,INE0PPK01015,226.35,226.35,225507834.23571423,452.7,0.2202979399945349,0.0229759795560698,0.2463265082038883,0.0932744905272325,0.1599327112740966,0.04960222222574,0.01532702197834,0.0226659174192743,0.0316970893911348,0.01532702197834,0.3527428658399167,0.1001342833032313,0.3527428658399167,0.3675180224681472,0.1101221629853344,0.1496062992125984,0.2463265082038883,0.0229759795560698,0.1496062992125984,0.3527428658399167,False,,,N100_drop0.50_s0.20_c0.05,1.0,0.0,0.0,False,False,1.0068271698186462,1.0170734897113791,-0.0865463796488441,-0.1149304575594595,False,,
2026-10-06,BLUESTONE,INE304W01038,813.85,813.85,3573097095.25,1627.7,0.2201569835646184,0.0229540038208533,0.2284481936023158,0.1004779396978372,0.1858185437131912,0.0963861029954264,0.0153117597549857,0.0226458322943641,0.0316793846666604,0.0153117597549857,0.4784503570081244,0.0398719206950244,0.4784503570081244,0.415966796369005,0.0610614497613156,0.1578542883492161,0.2284481936023158,0.0229540038208533,0.1578542883492161,0.4784503570081244,False,,,N100_drop0.50_s0.20_c0.05,1.0,0.0,0.0,False,False,1.0068271698186462,1.0170734897113791,-0.0865463796488441,-0.1149304575594595,False,,
2026-10-06,BALMLAWRIE,INE164A01016,158.78,158.78,22662506.91936508,317.56,0.2197536847075991,0.0228911853831286,0.1631922904688197,0.1402712427000485,0.1652496555499329,0.0813791446869463,0.0152681362479693,0.0225884108733956,0.0316018332428944,0.0152681362479693,0.4282668684911686,0.0507105689339862,0.4282668684911686,0.3804294446040822,0.0833410421346863,0.1578542883492161,0.1631922904688197,0.0228911853831286,0.1578542883492161,0.4282668684911686,False,,,N100_drop0.50_s0.20_c0.05,1.0,0.0,0.0,False,False,1.0068271698186462,1.0170734897113791,-0.0865463796488441,-0.1149304575594595,False,,
2026-10-06,RBLBANK,INE976G01028,414.5,414.5,1720582065.1373014,829.0,0.2195449395843585,0.0228587044596173,0.1306369926945713,0.1749788018548532,0.181576979310902,0.063600347172216,0.0152455826547505,0.022558716246779,0.0315602530248405,0.0152455826547505,0.4650205254160541,0.0413875897079107,0.4650205254160541,0.3774628411290304,0.0889754728366723,0.1578542883492161,0.1306369926945713,0.0228587044596173,0.1578542883492161,0.4650205254160541,False,,,N100_drop0.50_s0.20_c0.05,1.0,0.0,0.0,False,False,1.0068271698186462,1.0170734897113791,-0.0865463796488441,-0.1149304575594595,False,,
2026-10-06,AUBANK,INE949L01017,1028.0,1028.0,1625712972.9968257,2056.0,0.2194776782993923,0.0228482434140467,0.1434032195504329,0.1593286642076495,0.1763473106803978,0.084318327039025,0.0152383192258844,0.0225491519533213,0.0315468604834852,0.0152383192258844,0.4444549116784119,0.0418769819318914,0.4444549116784119,0.3876836776589751,0.0870459986262761,0.1578542883492161,0.1434032195504329,0.0228482434140467,0.1578542883492161,0.4444549116784119,False,,,N100_drop0.50_s0.20_c0.05,1.0,0.0,0.0,False,False,1.0068271698186462,1.0170734897113791,-0.0865463796488441,-0.1149304575594595,False,,
2026-10-06,AJMERA,INE298G01035,116.24,116.24,41756852.13857142,232.48,0.2191916362879705,0.022803782225623,0.2083373441366605,0.1094560474509301,0.1718098877487554,0.093510000946998,0.0152074851549993,0.0225084987182283,0.0314899349966673,0.0152074851549993,0.3979357431786652,0.0832310292338671,0.3979357431786652,0.359226570009736,0.1105868513210141,0.1428571428571428,0.2083373441366605,0.022803782225623,0.1428571428571428,0.3979357431786652,False,,,N100_drop0.50_s0.20_c0.05,1.0,0.0,0.0,False,False,1.0068271698186462,1.0170734897113791,-0.0865463796488441,-0.1149304575594595,False,,
2026-10-06,JUBLFOOD,INE797F01020,449.75,449.75,1041348289.184127,899.5,0.2188914172879021,0.0227571635333117,0.1820425284997187,0.1250101485672722,0.1587190821097615,0.0921761765075182,0.0151751593612064,0.0224658668527222,0.0314302385454015,0.0151751593612064,0.4005603583303908,0.0662884983998151,0.4005603583303908,0.372186766014677,0.0933427170080841,0.1578542883492161,0.1820425284997187,0.0227571635333117,0.1578542883492161,0.4005603583303908,False,,,N100_drop0.50_s0.20_c0.05,1.0,0.0,0.0,False,False,1.0068271698186462,1.0170734897113791,-0.0865463796488441,-0.1149304575594595,False,,
2026-10-06,BANDHANBNK,INE545U01014,164.15,164.15,2490577541.3766665,328.3,0.2188169919357805,0.0227456138944407,0.2181417467178617,0.1042698806471889,0.1746985245331192,0.104114125989954,0.0151671512475258,0.0224553040013505,0.0314154475652038,0.0151671512475258,0.4024475453879179,0.0752959422914434,0.4024475453879179,0.3601420472992223,0.1087438303395403,0.1428571428571428,0.2181417467178617,0.0227456138944407,0.1428571428571428,0.4024475453879179,False,,,N100_drop0.50_s0.20_c0.05,1.0,0.0,0.0,False,False,1.0068271698186462,1.0170734897113791,-0.0865463796488441,-0.1149304575594595,False,,
2026-10-06,MINDTECK,INE110B01017,143.72,143.72,8538354.022698414,287.44,0.2187710695849443,0.0227384889173795,0.236795719982644,0.0960257597521027,0.1501275785699447,0.014157720364014,0.0151622111385501,0.0224487875881903,0.0314063227324473,0.0151622111385501,0.4641315442727278,0.066402433260299,0.4641315442727278,0.3754031777037274,0.0859338886351037,0.1578542883492161,0.236795719982644,0.0227384889173795,0.1578542883492161,0.4641315442727278,False,,,N100_drop0.50_s0.20_c0.05,1.0,0.0,0.0,False,False,1.0068271698186462,1.0170734897113791,-0.0865463796488441,-0.1149304575594595,False,,
2026-10-06,EXIDEIND,INE302A01020,405.75,405.75,1732181172.5325396,811.5,0.2187034930439064,0.0227280062408907,0.145830490284416,0.1558522240209429,0.1698479410589252,0.0555195080839814,0.0151549431041425,0.0224392000081912,0.031392897377206,0.0151549431041425,0.4556105994822228,0.0303565480894157,0.4556105994822228,0.4127137644916153,0.0650872925440419,0.1578542883492161,0.145830490284416,0.0227280062408907,0.1578542883492161,0.4556105994822228,False,,,N100_drop0.50_s0.20_c0.05,1.0,0.0,0.0,False,False,1.0068271698186462,1.0170734897113791,-0.0865463796488441,-0.1149304575594595,False,,
2026-10-06,SPMLINFRA,INE937A01023,162.63,162.63,37624046.30444445,325.26,0.2186408776450247,0.0227182952843088,0.2333173563844522,0.0973707898818911,0.1551122418902177,0.0629056212389365,0.0151482102792402,0.0224303179783705,0.0313804599782129,0.0151482102792402,0.4050541551381386,0.0611425404020237,0.4050541551381386,0.3919368705901847,0.0818622706227446,0.1578542883492161,0.2333173563844522,0.0227182952843088,0.1578542883492161,0.4050541551381386,False,,,N100_drop0.50_s0.20_c0.05,1.0,0.0,0.0,False,False,1.0068271698186462,1.0170734897113791,-0.0865463796488441,-0.1149304575594595,False,,
2026-10-06,CAMPUS,INE278Y01022,208.68,208.68,334794913.61015874,417.36,0.2185405498522035,0.0227027398277529,0.1563061846512039,0.1452453073332567,0.153677273919799,0.0463738550455487,0.0151374256256563,0.0224160897853312,0.0313605363797381,0.0151374256256563,0.3965124051203503,0.0689861043291149,0.3965124051203503,0.3451732508698551,0.1075362343179486,0.1330698287220026,0.1563061846512039,0.0227027398277529,0.1330698287220026,0.3965124051203503,False,,,N100_drop0.50_s0.20_c0.05,1.0,0.0,0.0,False,False,1.0068271698186462,1.0170734897113791,-0.0865463796488441,-0.1149304575594595,False,,
2026-10-06,GPPL,INE517F01014,168.21,168.21,273295405.32396823,336.42,0.218493253898169,0.0226954085891682,0.129124395494351,0.1757639096956016,0.179134827725364,0.096267229428983,0.0151323429776425,0.0224093838472356,0.031351146107192,0.0151323429776425,0.4245580306947214,0.0651736858530774,0.4245580306947214,0.3185918455856472,0.1297906557875185,0.1130612244897959,0.129124395494351,0.0226954085891682,0.1130612244897959,0.4245580306947214,False,,,N100_drop0.50_s0.20_c0.05,1.0,0.0,0.0,False,False,1.0068271698186462,1.0170734897113791,-0.0865463796488441,-0.1149304575594595,False,,
2026-10-06,MOTHERSON,INE775A01035,160.0,160.0,2453826547.3173018,320.0,0.2182885631255141,0.0226636934196572,0.1489201160428482,0.152186917535951,0.1785491088955204,0.0990184060601024,0.0151103562114235,0.0223803720135135,0.0313105209643616,0.0151103562114235,0.4621197497944291,0.0579356676333864,0.4621197497944291,0.3674468356031337,0.0959174402695466,0.1496062992125984,0.1489201160428482,0.0226636934196572,0.1496062992125984,0.4621197497944291,False,,,N100_drop0.50_s0.20_c0.05,1.0,0.0,0.0,False,False,1.0068271698186462,1.0170734897113791,-0.0865463796488441,-0.1149304575594595,False,,
2026-10-06,AMRUTANJAN,INE098F01031,523.7,523.7,44311091.724603176,1047.4,0.2182237768346453,0.0226536598733799,0.1642479762371794,0.1379235251012608,0.1748909474984683,0.0292888110643,0.0151034006988529,0.0223711931190837,0.0312976677654144,0.0151034006988529,0.4242795458356305,0.0554595754803744,0.4242795458356305,0.3868192271869959,0.082737827829856,0.1578542883492161,0.1642479762371794,0.0226536598733799,0.1578542883492161,0.4242795458356305,False,,,N100_drop0.50_s0.20_c0.05,1.0,0.0,0.0,False,False,1.0068271698186462,1.0170734897113791,-0.0865463796488441,-0.1149304575594595,False,,
2026-10-06,BAJAJELEC,INE193E01025,300.25,300.25,142616665.6214286,600.5,0.2177701408849768,0.0225834660333677,0.2414466670560171,0.0935339729834756,0.1465899607440043,0.0054246680154461,0.0150547447550559,0.0223025573371822,0.031207736354472,0.0150547447550559,0.403616852211454,0.0659662202771957,0.403616852211454,0.404720714649097,0.0991265172676665,0.1578542883492161,0.2414466670560171,0.0225834660333677,0.1578542883492161,0.403616852211454,False,,,N100_drop0.50_s0.20_c0.05,1.0,0.0,0.0,False,False,1.0068271698186462,1.0170734897113791,-0.0865463796488441,-0.1149304575594595,False,,
2026-10-06,NYKAA,INE388Y01029,338.2,338.2,1848485541.8968253,676.4,0.2177427492201588,0.0225792309940503,0.1331709535789994,0.1695507194867081,0.1833772327150361,0.0633158808825052,0.0150518094092941,0.0222982478612178,0.0312023098330642,0.0150518094092941,0.4343184688649426,0.0513140299868732,0.4343184688649426,0.3700903216085403,0.0977076552068242,0.1496062992125984,0.1331709535789994,0.0225792309940503,0.1496062992125984,0.4343184688649426,False,,,N100_drop0.50_s0.20_c0.05,1.0,0.0,0.0,False,False,1.0068271698186462,1.0170734897113791,-0.0865463796488441,-0.1149304575594595,False,,
2026-10-06,VIKRAMSOLR,INE078V01014,151.5,151.5,636085458.2655556,303.0,0.2177284978964221,0.0225770277444153,0.2644431094115234,0.0853757460145474,0.1483085557173975,0.0042837406364782,0.0150502823268349,0.0222960058970648,0.0311994866941075,0.0150502823268349,0.3927615262446808,0.0701091510283781,0.3927615262446808,0.37907569047956,0.0926098518392035,0.1578542883492161,0.2644431094115234,0.0225770277444153,0.1578542883492161,0.3927615262446808,False,,,N100_drop0.50_s0.20_c0.05,1.0,0.0,0.0,False,False,1.0068271698186462,1.0170734897113791,-0.0865463796488441,-0.1149304575594595,False,,
2026-10-06,TIRUMALCHM,INE338A01024,148.53,148.53,95672396.4895238,297.06,0.2176762082135243,0.022568944685455,0.2824115740378584,0.0799150840837335,0.1579155509983666,0.0253988842462986,0.0150446799840769,0.0222877808685108,0.0311891292775258,0.0150446799840769,0.412440320381109,0.0686556530625726,0.412440320381109,0.3861118830823231,0.0925502921984756,0.1578542883492161,0.2824115740378584,0.022568944685455,0.1578542883492161,0.412440320381109,False,,,N100_drop0.50_s0.20_c0.05,1.0,0.0,0.0,False,False,1.0068271698186462,1.0170734897113791,-0.0865463796488441,-0.1149304575594595,False,,
2026-10-06,ADVENZYMES,INE837H01020,273.1,273.1,76655757.25714287,546.2,0.2175734341210406,0.0225530617872412,0.1911341196650434,0.1179960010633622,0.1689845966216562,0.0499182238822166,0.0150336718838983,0.0222716192908865,0.0311704821270904,0.0150336718838983,0.4231280105969504,0.0564336444770062,0.4231280105969504,0.3737990542573319,0.0886410302161892,0.1578542883492161,0.1911341196650434,0.0225530617872412,0.1578542883492161,0.4231280105969504,False,,,N100_drop0.50_s0.20_c0.05,1.0,0.0,0.0,False,False,1.0068271698186462,1.0170734897113791,-0.0865463796488441,-0.1149304575594595,False,,
2026-10-06,CENTURYPLY,INE348B01021,679.85,679.85,62722462.66111111,1359.7,0.2171908669173818,0.022493987545591,0.1738222733856368,0.1294079700343497,0.1632345247341166,0.0789897458826642,0.0149927321158988,0.0222115118629505,0.031107034271698,0.0149927321158988,0.4035534034813083,0.0667016021497092,0.4035534034813083,0.3308019028670935,0.1192576566024897,0.1130612244897959,0.1738222733856368,0.022493987545591,0.1130612244897959,0.4035534034813083,False,,,N100_drop0.50_s0.20_c0.05,1.0,0.0,0.0,False,False,1.0068271698186462,1.0170734897113791,-0.0865463796488441,-0.1149304575594595,False,,
2026-10-06,JLHL,INE682M01020,253.85,253.85,58396816.6968254,507.7,0.2164972205914918,0.0223870722944085,0.1752673008687391,0.1277310267428298,0.1613552679065059,0.0296541441129348,0.0149186508568937,0.0221027400563547,0.0309897514178163,0.0149186508568937,0.4294715241093083,0.048152272381383,0.4294715241093083,0.3563546380331634,0.1019269706654012,0.1428571428571428,0.1752673008687391,0.0223870722944085,0.1428571428571428,0.4294715241093083,False,,,N100_drop0.50_s0.20_c0.05,1.0,0.0,0.0,False,False,1.0068271698186462,1.0170734897113791,-0.0865463796488441,-0.1149304575594595,False,,
2026-10-06,STANLEY,INE01A001028,136.54,136.54,16960200.81714286,273.08,0.2164331680262894,0.0223772121683827,0.2465263925908994,0.0907700467005041,0.1725911320608821,0.021715484876447,0.0149118196755028,0.0220927095802047,0.0309788665382111,0.0149118196755028,0.3929037684654766,0.0840138273053989,0.3929037684654766,0.3808232860287652,0.1033396509531366,0.1578542883492161,0.2465263925908994,0.0223772121683827,0.1578542883492161,0.3929037684654766,False,,,N100_drop0.50_s0.20_c0.05,1.0,0.0,0.0,False,False,1.0068271698186462,1.0170734897113791,-0.0865463796488441,-0.1149304575594595,False,,
2026-10-06,OMINFRAL,INE239D01028,73.33,73.33,11616221.606825396,146.66,0.216423263150799,0.0223756876217007,0.2071281340378769,0.108028239261833,0.1430121384712105,0.1101839667082339,0.0149107634693889,0.0220911587075471,0.0309771834598584,0.0149107634693889,0.4434465131750624,0.0867656154548569,0.4434465131750624,0.37965012707098,0.0879940292595002,0.1578542883492161,0.2071281340378769,0.0223756876217007,0.1578542883492161,0.4434465131750624,False,,,N100_drop0.50_s0.20_c0.05,1.0,0.0,0.0,False,False,1.0068271698186462,1.0170734897113791,-0.0865463796488441,-0.1149304575594595,False,,
2026-10-06,GRINFRA,INE201P01022,815.0,815.0,27573804.543650795,1630.0,0.2164126636637242,0.0223740562177093,0.2065905377495495,0.1083014568887635,0.1616674299123648,0.0522728325607365,0.0149096332364163,0.0220894991362509,0.0309753823867145,0.0149096332364163,0.396686690962354,0.0724231380361695,0.396686690962354,0.3520662567550892,0.1073995668749237,0.1428571428571428,0.2065905377495495,0.0223740562177093,0.1428571428571428,0.396686690962354,False,,,N100_drop0.50_s0.20_c0.05,1.0,0.0,0.0,False,False,1.0068271698186462,1.0170734897113791,-0.0865463796488441,-0.1149304575594595,False,,
2026-10-06,MOIL,INE490G01020,239.2,239.2,333443695.13492066,478.4,0.216390435362127,0.0223706351719806,0.1995914282013345,0.1120821438755109,0.1567675939773553,0.0327007686949019,0.0149072631568059,0.0220860190368906,0.0309716054590053,0.0149072631568059,0.4077806688793748,0.0603565268487476,0.4077806688793748,0.3944136132730252,0.0873172715534986,0.1578542883492161,0.1995914282013345,0.0223706351719806,0.1578542883492161,0.4077806688793748,False,,,N100_drop0.50_s0.20_c0.05,1.0,0.0,0.0,False,False,1.0068271698186462,1.0170734897113791,-0.0865463796488441,-0.1149304575594595,False,,
2026-10-06,SUMMITSEC,INE519C01017,1321.0,1321.0,5166204.590476191,2642.0,0.2159837911722963,0.0223080959185577,0.1935671542825219,0.1152473207618573,0.1639265695521523,0.0687465999719738,0.0148639394682904,0.0220224033592125,0.0309025397150888,0.0148639394682904,0.4573127243954227,0.0625150617330852,0.4573127243954227,0.3765467527800353,0.085647084205099,0.1578542883492161,0.1935671542825219,0.0223080959185577,0.1578542883492161,0.4573127243954227,False,,,N100_drop0.50_s0.20_c0.05,1.0,0.0,0.0,False,False,1.0068271698186462,1.0170734897113791,-0.0865463796488441,-0.1149304575594595,False,,
2026-10-06,PRSMJOHNSN,INE010A01011,103.48,103.48,217145728.9580952,206.96,0.2157846012022443,0.0222774931139474,0.2056260299593167,0.1083398493778002,0.1512029854150936,0.0187649192798292,0.0148403906552188,0.0219912759785214,0.0308687289224229,0.0148403906552188,0.4063074168825575,0.0611082129834154,0.4063074168825575,0.4133872830249459,0.0978050718285108,0.1578542883492161,0.2056260299593167,0.0222774931139474,0.1578542883492161,0.4063074168825575,False,,,N100_drop0.50_s0.20_c0.05,1.0,0.0,0.0,False,False,1.0068271698186462,1.0170734897113791,-0.0865463796488441,-0.1149304575594595,False,,
2026-10-06,CRAMC,INE218I01013,224.88,224.88,238978719.16968253,449.76,0.2157418144254212,0.0222709221991333,0.2010400746490795,0.1107785213371402,0.1487580957087903,0.0245554105494872,0.0148349599796505,0.0219845926140241,0.0308614679705952,0.0148349599796505,0.3977894454674331,0.0651456105044262,0.3977894454674331,0.3790252786032158,0.0912705987251923,0.1578542883492161,0.2010400746490795,0.0222709221991333,0.1578542883492161,0.3977894454674331,False,,,N100_drop0.50_s0.20_c0.05,1.0,0.0,0.0,False,False,1.0068271698186462,1.0170734897113791,-0.0865463796488441,-0.1149304575594595,False,,
2026-10-06,PHOENIXLTD,INE211B01039,1883.5,1883.5,1014446691.6936508,3767.0,0.2157210127300914,0.0222677279531902,0.1347675360021978,0.1652306528244838,0.1742554590609361,0.0532969506273216,0.0148323201672327,0.0219813437278326,0.0308579381273848,0.0148323201672327,0.4314671026564172,0.0494204838873486,0.4314671026564172,0.3527914458304848,0.1046023456215134,0.1428571428571428,0.1347675360021978,0.0222677279531902,0.1428571428571428,0.4314671026564172,False,,,N100_drop0.50_s0.20_c0.05,1.0,0.0,0.0,False,False,1.0068271698186462,1.0170734897113791,-0.0865463796488441,-0.1149304575594595,False,,
2026-10-06,AUROPHARMA,INE406A01037,1692.8,1692.8,1460881308.3333333,3385.6,0.2157190677038137,0.0222674292922637,0.1305496919321278,0.1705666935149912,0.18874291302763,0.0609912041587308,0.0148320733503936,0.0219810399588528,0.0308576080829669,0.0148320733503936,0.4683777299976507,0.0425668274660271,0.4683777299976507,0.3330525326581358,0.1235357908078872,0.1130612244897959,0.1305496919321278,0.0222674292922637,0.1130612244897959,0.4683777299976507,False,,,N100_drop0.50_s0.20_c0.05,1.0,0.0,0.0,False,False,1.0068271698186462,1.0170734897113791,-0.0865463796488441,-0.1149304575594595,False,,
2026-10-06,CROMPTON,INE299U01018,211.98,211.98,821442343.8561904,423.96,0.2156320017539408,0.0222540622295842,0.1993229432192701,0.1116482722468287,0.1584537807532586,0.0236689759792669,0.0148210274852956,0.0219669744188574,0.0308428354791203,0.0148210274852956,0.4168648860056778,0.0606933169078991,0.4168648860056778,0.3739951720565211,0.0872880523665271,0.1578542883492161,0.1993229432192701,0.0222540622295842,0.1578542883492161,0.4168648860056778,False,,,N100_drop0.50_s0.20_c0.05,1.0,0.0,0.0,False,False,1.0068271698186462,1.0170734897113791,-0.0865463796488441,-0.1149304575594595,False,,
2026-10-06,OBEROIRLTY,INE093I01010,1751.8,1751.8,862131791.2857143,3503.6,0.2154850691756276,0.0222315128765011,0.1461426596269887,0.1521219945855945,0.1723073344378685,0.0956963803924485,0.0148023975202897,0.021942798259585,0.0308179109837989,0.0148023975202897,0.4414784714302018,0.0442483688904763,0.4414784714302018,0.3632497056426908,0.0978060760953491,0.1428571428571428,0.1461426596269887,0.0222315128765011,0.1428571428571428,0.4414784714302018,False,,,N100_drop0.50_s0.20_c0.05,1.0,0.0,0.0,False,False,1.0068271698186462,1.0170734897113791,-0.0865463796488441,-0.1149304575594595,False,,
2026-10-06,DECCANCE,INE583C01021,556.85,556.85,15374635.688095238,1113.7,0.2154348679153629,0.0222238111874147,0.2239195155158974,0.099249103572828,0.1721333282951859,0.0525036355226381,0.014796035550214,0.0219345414129494,0.0308093968927025,0.014796035550214,0.3871810165969975,0.0925193680481626,0.3871810165969975,0.3521220238536595,0.118284437061687,0.1428571428571428,0.2239195155158974,0.0222238111874147,0.1428571428571428,0.3871810165969975,False,,,N100_drop0.50_s0.20_c0.05,1.0,0.0,0.0,False,False,1.0068271698186462,1.0170734897113791,-0.0865463796488441,-0.1149304575594595,False,,
2026-10-06,SIRCA,INE792Z01011,406.6,406.6,143076287.71825397,813.2,0.2151710127912184,0.0221833529933256,0.1571239326078788,0.141183794378968,0.1586427844839844,0.0652182506578732,0.014762623979228,0.0218911708651589,0.0307646611689505,0.014762623979228,0.3953241397909107,0.0711725592401261,0.3953241397909107,0.3454070097849793,0.1078972261951765,0.1330698287220026,0.1571239326078788,0.0221833529933256,0.1330698287220026,0.3953241397909107,False,,,N100_drop0.50_s0.20_c0.05,1.0,0.0,0.0,False,False,1.0068271698186462,1.0170734897113791,-0.0865463796488441,-0.1149304575594595,False,,
2026-10-06,SUNTECK,INE805D01034,279.6,279.6,80555032.58650793,559.2,0.2150884821197984,0.0221707055665352,0.2080001248571675,0.1065898666251269,0.1543358768374773,0.0246879232062659,0.0147521824193064,0.0218776143946507,0.0307506731655463,0.0147521824193064,0.4020409104263235,0.0657296434022092,0.4020409104263235,0.4203415480927857,0.1020346066538716,0.1578542883492161,0.2080001248571675,0.0221707055665352,0.1578542883492161,0.4020409104263235,False,,,N100_drop0.50_s0.20_c0.05,1.0,0.0,0.0,False,False,1.0068271698186462,1.0170734897113791,-0.0865463796488441,-0.1149304575594595,False,,
2026-10-06,APTUS,INE852O01025,223.9,223.9,342232133.1847619,447.8,0.2149717613689654,0.0221528246958383,0.1994867532070477,0.1110491014551018,0.1648572833681284,0.0895953009270471,0.0147374226801702,0.0218584494386786,0.0307308942271022,0.0147374226801702,0.4264578652907251,0.0496555916502489,0.4264578652907251,0.3693332594304554,0.0918627444420685,0.1496062992125984,0.1994867532070477,0.0221528246958383,0.1496062992125984,0.4264578652907251,False,,,N100_drop0.50_s0.20_c0.05,1.0,0.0,0.0,False,False,1.0068271698186462,1.0170734897113791,-0.0865463796488441,-0.1149304575594595,False,,
2026-10-06,HIMATSEIDE,INE049A01027,65.36,65.36,43572556.71285715,130.72,0.2149401881597878,0.0221479890944397,0.2540482996358164,0.0871802296106267,0.1619586142646137,0.0151020221812078,0.0147334316407125,0.0218532668012905,0.0307255447658347,0.0147334316407125,0.4195360259128164,0.0611169420588951,0.4195360259128164,0.3840249237128202,0.0960282906011473,0.1578542883492161,0.2540482996358164,0.0221479890944397,0.1578542883492161,0.4195360259128164,False,,,N100_drop0.50_s0.20_c0.05,1.0,0.0,0.0,False,False,1.0068271698186462,1.0170734897113791,-0.0865463796488441,-0.1149304575594595,False,,
2026-10-06,BHARATFORG,INE465A01025,1880.0,1880.0,2078073335.8222225,3760.0,0.2147534524694679,0.0221194000987377,0.1564637960347719,0.1413707238307195,0.1770954478756992,0.1010369447843542,0.0147098402148965,0.0218226280194591,0.0306939128813195,0.0147098402148965,0.4630932368696778,0.044149228564337,0.4630932368696778,0.3799032258650687,0.0874021836949823,0.1578542883492161,0.1564637960347719,0.0221194000987377,0.1578542883492161,0.4630932368696778,False,,,N100_drop0.50_s0.20_c0.05,1.0,0.0,0.0,False,False,1.0068271698186462,1.0170734897113791,-0.0865463796488441,-0.1149304575594595,False,,
2026-10-06,COCHINSHIP,INE704P01025,1282.0,1282.0,1614978959.8809524,2564.0,0.2147195047779428,0.0221142046884281,0.2086440095738894,0.1059901251590765,0.1611370100735533,0.0788233470967071,0.0147055538021114,0.0218170604659992,0.0306881636022837,0.0147055538021114,0.4034457466392039,0.0682266544096504,0.4034457466392039,0.3555494674253981,0.10193020465674,0.1428571428571428,0.2086440095738894,0.0221142046884281,0.1428571428571428,0.4034457466392039,False,,,N100_drop0.50_s0.20_c0.05,1.0,0.0,0.0,False,False,1.0068271698186462,1.0170734897113791,-0.0865463796488441,-0.1149304575594595,False,,
2026-10-06,IXIGO,INE0HV901016,160.13,160.13,205859968.4126984,320.26,0.2145900662573679,0.0220944006739825,0.2791350893236971,0.0791530750487658,0.1665738874300742,0.0339190711087738,0.0146892169912878,0.0217961808399061,0.0306662458172834,0.0146892169912878,0.3648901689165333,0.0952866319386729,0.3648901689165333,0.3558375288276971,0.1135523713735366,0.1428571428571428,0.2791350893236971,0.0220944006739825,0.1428571428571428,0.3648901689165333,False,,,N100_drop0.50_s0.20_c0.05,1.0,0.0,0.0,False,False,1.0068271698186462,1.0170734897113791,-0.0865463796488441,-0.1149304575594595,False,,
2026-10-06,REDTAPE,INE0LXT01019,114.8,114.8,126985888.07650793,229.6,0.2143974362016058,0.0220649444306735,0.1983826643580267,0.1112241561130178,0.1788647094234951,0.031317533917977,0.0146649244530427,0.0217692512740403,0.030633638191456,0.0146649244530427,0.4081868888007121,0.0673662868011761,0.4081868888007121,0.3588968075876704,0.1014884099023131,0.1428571428571428,0.1983826643580267,0.0220649444306735,0.1428571428571428,0.4081868888007121,False,,,N100_drop0.50_s0.20_c0.05,1.0,0.0,0.0,False,False,1.0068271698186462,1.0170734897113791,-0.0865463796488441,-0.1149304575594595,False,,
2026-10-06,IFCI,INE039A01010,65.51,65.51,5270648344.368889,131.02,0.2143017992218889,0.0220503271172626,0.2432954739710805,0.0906318837640346,0.1603269543628786,0.0149408505431452,0.0146528725130144,0.0217558871880744,0.0306174537582103,0.0146528725130144,0.4311300384597105,0.047726298783148,0.4311300384597105,0.401106627539958,0.0720636158843285,0.1578542883492161,0.2432954739710805,0.0220503271172626,0.1578542883492161,0.4311300384597105,False,,,N100_drop0.50_s0.20_c0.05,1.0,0.0,0.0,False,False,1.0068271698186462,1.0170734897113791,-0.0865463796488441,-0.1149304575594595,False,,
2026-10-06,CRIZAC,INE0S4R01014,168.85,168.85,60039172.87730159,337.7,0.2141002795600156,0.0220195419867445,0.2633488209519983,0.0836135962452558,0.1743452407840652,0.0621604776267277,0.0146274966424482,0.0217277401280478,0.0305833610253692,0.0146274966424482,0.3954851475066012,0.0914527632260572,0.3954851475066012,0.3726855289843536,0.1162200177428163,0.1578542883492161,0.2633488209519983,0.0220195419867445,0.1578542883492161,0.3954851475066012,False,,,N100_drop0.50_s0.20_c0.05,1.0,0.0,0.0,False,False,1.0068271698186462,1.0170734897113791,-0.0865463796488441,-0.1149304575594595,False,,
2026-10-06,FEDERALBNK,INE171A01029,320.0,320.0,2041841806.9976192,640.0,0.2134523922227789,0.0219207095507082,0.1541818910977236,0.1421743461222334,0.1761693181255846,0.0859671428651442,0.0145460887845825,0.0216231551614402,0.0304738443260217,0.0145460887845825,0.4662328565471738,0.0335030911344211,0.4662328565471738,0.371797093007902,0.0909807685581362,0.1578542883492161,0.1541818910977236,0.0219207095507082,0.1578542883492161,0.4662328565471738,False,,,N100_drop0.50_s0.20_c0.05,1.0,0.0,0.0,False,False,1.0068271698186462,1.0170734897113791,-0.0865463796488441,-0.1149304575594595,False,,
2026-10-06,ORKLAINDIA,INE16NZ01023,545.0,545.0,54809045.17698413,1090.0,0.2133739087276091,0.0219087519275654,0.1764383179784232,0.1241723009978175,0.1560337341205541,0.0722423883942889,0.0145362454228574,0.0216096603302828,0.0304605872293361,0.0145362454228574,0.4084369399895768,0.0625031199162591,0.4084369399895768,0.3548201959252539,0.1026330060875123,0.1428571428571428,0.1764383179784232,0.0219087519275654,0.1428571428571428,0.4084369399895768,False,,,N100_drop0.50_s0.20_c0.05,1.0,0.0,0.0,False,False,1.0068271698186462,1.0170734897113791,-0.0865463796488441,-0.1149304575594595,False,,
2026-10-06,JISLJALEQS,INE175A01038,26.65,26.65,98787123.18126982,53.3,0.2132772431482859,0.0218940284720286,0.3002428993977443,0.0729210533069916,0.1550908598844362,0.04934890735424,0.0145241270693705,0.021593045567172,0.0304442617082093,0.0145241270693705,0.3622174507774473,0.0963521542967723,0.3622174507774473,0.3762460809252576,0.1189601655611052,0.1578542883492161,0.3002428993977443,0.0218940284720286,0.1578542883492161,0.3622174507774473,False,,,N100_drop0.50_s0.20_c0.05,1.0,0.0,0.0,False,False,1.0068271698186462,1.0170734897113791,-0.0865463796488441,-0.1149304575594595,False,,
2026-10-06,ROUTE,INE450U01017,430.8,430.8,483951039.41587305,861.6,0.2131176835007576,0.0218697359407728,0.2495886760827171,0.0876231096859735,0.1436640010770061,0.0148194627445491,0.014504137109049,0.0215656360562863,0.0304173210175995,0.014504137109049,0.3932332195563074,0.067037061803209,0.3932332195563074,0.3924574235515443,0.0869840376262029,0.1578542883492161,0.2495886760827171,0.0218697359407728,0.1578542883492161,0.3932332195563074,False,,,N100_drop0.50_s0.20_c0.05,1.0,0.0,0.0,False,False,1.0068271698186462,1.0170734897113791,-0.0865463796488441,-0.1149304575594595,False,,
2026-10-06,JMFINANCIL,INE780C01023,124.0,124.0,356114858.8446032,248.0,0.2130214541630061,0.0218550916173559,0.1789959154997411,0.1220982699875495,0.1661005210871855,0.0994025054019001,0.0144920891389034,0.0215491148405105,0.0304010773602375,0.0144920891389034,0.3948567454738248,0.0725091243748157,0.3948567454738248,0.3652853191289009,0.1008159300598324,0.1428571428571428,0.1789959154997411,0.0218550916173559,0.1428571428571428,0.3948567454738248,False,,,N100_drop0.50_s0.20_c0.05,1.0,0.0,0.0,False,False,1.0068271698186462,1.0170734897113791,-0.0865463796488441,-0.1149304575594595,False,,
2026-10-06,GANESHCP,INE652V01016,145.47,145.47,28282680.13825397,290.94,0.2130102018924364,0.0218533795414031,0.2771247859363432,0.0788575423434804,0.1496593868372054,0.1477553711863308,0.0144906807329929,0.0215471834403923,0.0303991781608786,0.0144906807329929,0.3892671572358835,0.1035696581812039,0.3892671572358835,0.3613620960954996,0.1262896378123712,0.1428571428571428,0.2771247859363432,0.0218533795414031,0.1428571428571428,0.3892671572358835,False,,,N100_drop0.50_s0.20_c0.05,1.0,0.0,0.0,False,False,1.0068271698186462,1.0170734897113791,-0.0865463796488441,-0.1149304575594595,False,,
2026-10-06,ZEEL,INE256A01028,72.42,72.42,2539150076.2990475,144.84,0.2129355753766985,0.0218420264811763,0.2379658283724098,0.0917863990412698,0.1487507522336986,0.0773533378972426,0.0144813420425051,0.0215343765581496,0.0303865834890421,0.0144813420425051,0.4069368455935107,0.0646229361711676,0.4069368455935107,0.4061746166522684,0.0642492798752689,0.1578542883492161,0.2379658283724098,0.0218420264811763,0.1578542883492161,0.4069368455935107,False,,,N100_drop0.50_s0.20_c0.05,1.0,0.0,0.0,False,False,1.0068271698186462,1.0170734897113791,-0.0865463796488441,-0.1149304575594595,False,,
2026-10-06,GOPAL,INE0L9R01028,255.85,255.85,42132534.36190476,511.7,0.2129027056363417,0.0218370268601916,0.1917861529818776,0.1138613321174185,0.1693562562455911,0.0147704128573213,0.01447722987928,0.0215287370129784,0.0303810366695668,0.01447722987928,0.4246431431016033,0.0525403820940536,0.4246431431016033,0.3576627683771038,0.100176145448624,0.1428571428571428,0.1917861529818776,0.0218370268601916,0.1428571428571428,0.4246431431016033,False,,,N100_drop0.50_s0.20_c0.05,1.0,0.0,0.0,False,False,1.0068271698186462,1.0170734897113791,-0.0865463796488441,-0.1149304575594595,False,,
2026-10-06,TEAMLEASE,INE985S01024,1130.3,1130.3,35310989.30634922,2260.6,0.2127836190183145,0.0218189179572411,0.1862950434261112,0.1171202279780194,0.1552824328860253,0.0589973171712043,0.0144623373259106,0.0215083118305431,0.0303609436226054,0.0144623373259106,0.4117549900107392,0.0580617851107166,0.4117549900107392,0.3545451877620237,0.1009299186184398,0.1428571428571428,0.1862950434261112,0.0218189179572411,0.1428571428571428,0.4117549900107392,False,,,N100_drop0.50_s0.20_c0.05,1.0,0.0,0.0,False,False,1.0068271698186462,1.0170734897113791,-0.0865463796488441,-0.1149304575594595,False,,
2026-10-06,KIMS,INE967H01025,693.4,693.4,462472034.5650793,1386.8,0.212672568343357,0.02180203761267,0.1565815967080398,0.1392375481604127,0.1688497826664096,0.090397761441795,0.0144484578481126,0.0214892745540505,0.0303422106917153,0.0144484578481126,0.4307531773339191,0.0477556616622,0.4307531773339191,0.3366283717066232,0.1174468804385348,0.1130612244897959,0.1565815967080398,0.02180203761267,0.1130612244897959,0.4307531773339191,False,,,N100_drop0.50_s0.20_c0.05,1.0,0.0,0.0,False,False,1.0068271698186462,1.0170734897113791,-0.0865463796488441,-0.1149304575594595,False,,
2026-10-06,HEIDELBERG,INE578A01017,127.78,127.78,21702115.11714286,255.56,0.2124317119199984,0.0217654478332787,0.2161976748964045,0.1006738293726245,0.1553411329221729,0.0521345260004231,0.0144183817658467,0.0214490516589007,0.0303015951286314,0.0144183817658467,0.4094516195829853,0.0781859794632678,0.4094516195829853,0.3465123462502048,0.1095381562065075,0.1330698287220026,0.2161976748964045,0.0217654478332787,0.1330698287220026,0.4094516195829853,False,,,N100_drop0.50_s0.20_c0.05,1.0,0.0,0.0,False,False,1.0068271698186462,1.0170734897113791,-0.0865463796488441,-0.1149304575594595,False,,
2026-10-06,CASTROLIND,INE172A01027,200.2,200.2,521361535.7090476,400.4,0.2121936507264807,0.0217293119851616,0.1206221678510652,0.1801436035537952,0.1921945373082618,0.0814454866315766,0.0143886909454725,0.0214147603838294,0.0302614698193383,0.0143886909454725,0.4187698562175794,0.0637805987170734,0.4187698562175794,0.2956816667677013,0.1504522675449788,0.1045667947076397,0.1206221678510652,0.0217293119851616,0.1045667947076397,0.4187698562175794,False,,,N100_drop0.50_s0.20_c0.05,1.0,0.0,0.0,False,False,1.0068271698186462,1.0170734897113791,-0.0865463796488441,-0.1149304575594595,False,,
2026-10-06,JARO,INE00YJ01010,413.85,413.85,52267330.28174603,827.7,0.2119804799460174,0.0216969790070656,0.2288197670361114,0.094821261677281,0.1650490519442374,0.0392264115309727,0.014362134970391,0.0213840768351496,0.0302255557268498,0.014362134970391,0.4056597307913667,0.0677634813427342,0.4056597307913667,0.3586274386567373,0.1018581409436366,0.1428571428571428,0.2288197670361114,0.0216969790070656,0.1428571428571428,0.4056597307913667,False,,,N100_drop0.50_s0.20_c0.05,1.0,0.0,0.0,False,False,1.0068271698186462,1.0170734897113791,-0.0865463796488441,-0.1149304575594595,False,,
2026-10-06,DALBHARAT,INE00R701025,1682.6,1682.6,391309757.5444445,3365.2,0.2114865367677639,0.0216221490807563,0.1697502747861926,0.1273762243271198,0.1624581364167119,0.0600784460730522,0.0143007122138775,0.0213130605468285,0.0301423960819289,0.0143007122138775,0.3938510857080366,0.0716934530335134,0.3938510857080366,0.33461032590109,0.1158733296438066,0.1130612244897959,0.1697502747861926,0.0216221490807563,0.1130612244897959,0.3938510857080366,False,,,N100_drop0.50_s0.20_c0.05,1.0,0.0,0.0,False,False,1.0068271698186462,1.0170734897113791,-0.0865463796488441,-0.1149304575594595,False,,
2026-10-06,IPL,INE0D6701023,132.6,132.6,98002446.59603176,265.2,0.210893784572365,0.0215325151224343,0.1984989022341411,0.1084767466221829,0.1775962852374702,0.0433225122608118,0.0142272062799661,0.0212183179229072,0.0300291690623012,0.0142272062799661,0.3837326681574614,0.0845742464534048,0.3837326681574614,0.3254867667737424,0.1238310214314374,0.1130612244897959,0.1984989022341411,0.0215325151224343,0.1130612244897959,0.3837326681574614,False,,,N100_drop0.50_s0.20_c0.05,1.0,0.0,0.0,False,False,1.0068271698186462,1.0170734897113791,-0.0865463796488441,-0.1149304575594595,False,,
2026-10-06,JKIL,INE576I01022,448.3,448.3,38172256.95634921,896.6,0.2107675405204747,0.0215134481591241,0.1735003330114964,0.1239965813650546,0.1608403629127741,0.0535462533012629,0.0142115797170715,0.0211981086784936,0.0300035287821926,0.0142115797170715,0.4098210640142066,0.0584707415403573,0.4098210640142066,0.3570713847601858,0.0992935665917071,0.1428571428571428,0.1735003330114964,0.0215134481591241,0.1428571428571428,0.4098210640142066,False,,,N100_drop0.50_s0.20_c0.05,1.0,0.0,0.0,False,False,1.0068271698186462,1.0170734897113791,-0.0865463796488441,-0.1149304575594595,False,,
2026-10-06,GSFC,INE026A01025,153.47,153.47,128115253.67333332,306.94,0.2105950611734506,0.0214874113356559,0.168018769359493,0.127886970113925,0.17349690462448,0.0932518968150285,0.0141902463917733,0.0211705141692562,0.0299685142495052,0.0141902463917733,0.3893474005256664,0.0791933810496225,0.3893474005256664,0.3190992978244169,0.1282410277719637,0.1130612244897959,0.168018769359493,0.0214874113356559,0.1130612244897959,0.3893474005256664,False,,,N100_drop0.50_s0.20_c0.05,1.0,0.0,0.0,False,False,1.0068271698186462,1.0170734897113791,-0.0865463796488441,-0.1149304575594595,False,,
2026-10-06,JSWENERGY,INE121E01018,494.9,494.9,1062033879.146032,989.8,0.2103508981340363,0.021450579415701,0.1575517564096136,0.136149414671915,0.1640026342988143,0.0945089643744058,0.0141600788808503,0.0211314829820665,0.029918979343633,0.0141600788808503,0.4038209164692886,0.0667209982887936,0.4038209164692886,0.321842453272344,0.1265252275172167,0.1130612244897959,0.1575517564096136,0.021450579415701,0.1130612244897959,0.4038209164692886,False,,,N100_drop0.50_s0.20_c0.05,1.0,0.0,0.0,False,False,1.0068271698186462,1.0170734897113791,-0.0865463796488441,-0.1149304575594595,False,,
2026-10-06,SBFC,INE423Y01016,83.28,83.28,178050074.05809525,166.56,0.2103158400050565,0.0214452934084632,0.1825537219079359,0.1174738766448066,0.1502079737982528,0.0301559740312148,0.0141557503688138,0.0211258817514918,0.0299118699493193,0.0141557503688138,0.4049171307834549,0.0598792947835185,0.4049171307834549,0.374666247356628,0.0879960679325549,0.1578542883492161,0.1825537219079359,0.0214452934084632,0.1578542883492161,0.4049171307834549,False,,,N100_drop0.50_s0.20_c0.05,1.0,0.0,0.0,False,False,1.0068271698186462,1.0170734897113791,-0.0865463796488441,-0.1149304575594595,False,,
2026-10-06,HPL,INE495S01016,272.7,272.7,30498862.895238098,545.4,0.2102378316968205,0.0214335336961253,0.2142417204796806,0.1000436966625188,0.1633860612680779,0.0423427168652357,0.0141461217198864,0.0211134211343415,0.0298960535077322,0.0141461217198864,0.416965778210729,0.0543952580500557,0.416965778210729,0.3585010476581554,0.0984855565055034,0.1428571428571428,0.2142417204796806,0.0214335336961253,0.1428571428571428,0.416965778210729,False,,,N100_drop0.50_s0.20_c0.05,1.0,0.0,0.0,False,False,1.0068271698186462,1.0170734897113791,-0.0865463796488441,-0.1149304575594595,False,,
2026-10-06,RAJESHEXPO,INE343B01030,61.8,61.8,15208624.07206349,123.6,0.2101730289202347,0.0214237670739906,0.3606736317886818,0.0593993161289452,0.1485233473745295,0.0571875792326685,0.014138125960875,0.0211030727866118,0.0298829174330914,0.014138125960875,0.4224866403410693,0.0844023169671528,0.4224866403410693,0.3795024375290921,0.1122614987669671,0.1578542883492161,0.3606736317886818,0.0214237670739906,0.1578542883492161,0.4224866403410693,False,,,N100_drop0.50_s0.20_c0.05,1.0,0.0,0.0,False,False,1.0068271698186462,1.0170734897113791,-0.0865463796488441,-0.1149304575594595,False,,
2026-10-06,RHIM,INE743M01012,373.4,373.4,345580044.58412695,746.8,0.2100733915687418,0.0214087546105978,0.1783573561984308,0.1200329219209752,0.1842601832614742,0.1158546879698391,0.0141258372639049,0.021087166826081,0.0298627252299357,0.0141258372639049,0.3893296214116781,0.0821228712771197,0.3893296214116781,0.3348274383273497,0.1199627123491144,0.1130612244897959,0.1783573561984308,0.0214087546105978,0.1130612244897959,0.3893296214116781,False,,,N100_drop0.50_s0.20_c0.05,1.0,0.0,0.0,False,False,1.0068271698186462,1.0170734897113791,-0.0865463796488441,-0.1149304575594595,False,,
2026-10-06,NH,INE410P01011,1723.8,1723.8,515037264.0365079,3447.6,0.2099681412641109,0.0213929019414483,0.1501075087172076,0.1425172006668307,0.1649652076208085,0.0636380671820645,0.0141128630906014,0.0210703715541523,0.0298414022815608,0.0141128630906014,0.423410124491774,0.0512349667709238,0.423410124491774,0.3637610440663716,0.0953734600876271,0.1428571428571428,0.1501075087172076,0.0213929019414483,0.1428571428571428,0.423410124491774,False,,,N100_drop0.50_s0.20_c0.05,1.0,0.0,0.0,False,False,1.0068271698186462,1.0170734897113791,-0.0865463796488441,-0.1149304575594595,False,,
2026-10-06,MHRIL,INE998I01010,196.71,196.71,29391453.060158733,393.42,0.2099010482454308,0.0213827994253383,0.2145317680823666,0.0996719488981639,0.1658707330080975,0.0528553702444132,0.0141045961956972,0.0210596688235746,0.0298278133458554,0.0141045961956972,0.425688820339841,0.0694222493635205,0.425688820339841,0.3839166150687453,0.1004256255669371,0.1578542883492161,0.2145317680823666,0.0213827994253383,0.1578542883492161,0.425688820339841,False,,,N100_drop0.50_s0.20_c0.05,1.0,0.0,0.0,False,False,1.0068271698186462,1.0170734897113791,-0.0865463796488441,-0.1149304575594595,False,,
2026-10-06,COFORGE,INE591G01025,1849.7,1849.7,4761620936.138096,3699.4,0.2098914433781976,0.0213813533625627,0.1751736834339562,0.1220580223205956,0.1822443704130848,0.1071594098453503,0.0141034129598187,0.0210581368775569,0.0298258682189141,0.0141034129598187,0.4812773986475853,0.0397955632056014,0.4812773986475853,0.3703256287604128,0.0923585883314044,0.1496062992125984,0.1751736834339562,0.0213813533625627,0.1496062992125984,0.4812773986475853,False,,,N100_drop0.50_s0.20_c0.05,1.0,0.0,0.0,False,False,1.0068271698186462,1.0170734897113791,-0.0865463796488441,-0.1149304575594595,False,,
2026-10-06,EPACK,INE0G5901015,173.75,173.75,86383678.16015877,347.5,0.2098467483394083,0.0213746249108144,0.228081095619634,0.0937150220746944,0.1656827386684059,0.0420648112388421,0.014097907684811,0.0210510089171424,0.0298168175761951,0.014097907684811,0.4501601798245922,0.0298658854861045,0.4501601798245922,0.4022484860462569,0.0677321884492687,0.1578542883492161,0.228081095619634,0.0213746249108144,0.1578542883492161,0.4501601798245922,False,,,N100_drop0.50_s0.20_c0.05,1.0,0.0,0.0,False,False,1.0068271698186462,1.0170734897113791,-0.0865463796488441,-0.1149304575594595,False,,
2026-10-06,NESCO,INE317F01035,1037.1,1037.1,53082983.333333336,2074.2,0.2095982768318721,0.0213372382491156,0.1982805674061235,0.1076113435030278,0.1788431538479004,0.0181407902477284,0.0140673253316542,0.021013300236038,0.029766525480071,0.0140673253316542,0.4055835532613818,0.0696720358838759,0.4055835532613818,0.3308945946634133,0.1202303688033964,0.1130612244897959,0.1982805674061235,0.0213372382491156,0.1130612244897959,0.4055835532613818,False,,,N100_drop0.50_s0.20_c0.05,1.0,0.0,0.0,False,False,1.0068271698186462,1.0170734897113791,-0.0865463796488441,-0.1149304575594595,False,,
2026-10-06,NEWGEN,INE619B01017,456.6,456.6,1499468172.8349206,913.2,0.2094519074927973,0.0213152292848032,0.2817603446978502,0.0756502101374873,0.1472952056187473,0.0784217480093541,0.0140493280874139,0.0209898699657437,0.0297369175569807,0.0140493280874139,0.3731625136178486,0.0869269592185224,0.3731625136178486,0.3836077340573487,0.1047618516676198,0.1578542883492161,0.2817603446978502,0.0213152292848032,0.1578542883492161,0.3731625136178486,False,,,N100_drop0.50_s0.20_c0.05,1.0,0.0,0.0,False,False,1.0068271698186462,1.0170734897113791,-0.0865463796488441,-0.1149304575594595,False,,
2026-10-06,INDHOTEL,INE053A01029,736.0,736.0,1692148130.9333334,1472.0,0.2094361046309981,0.0213128537255418,0.1212688941393568,0.1757487266359505,0.1899038082042799,0.0663618111406679,0.0140473858087723,0.0209873619321885,0.029733721720163,0.0140473858087723,0.4046601446065072,0.0736338828527659,0.4046601446065072,0.3134113617016164,0.1342374600750086,0.1130612244897959,0.1212688941393568,0.0213128537255418,0.1130612244897959,0.4046601446065072,False,,,N100_drop0.50_s0.20_c0.05,1.0,0.0,0.0,False,False,1.0068271698186462,1.0170734897113791,-0.0865463796488441,-0.1149304575594595,False,,
2026-10-06,SAGCEM,INE229C01021,146.6,146.6,8530798.364761906,293.2,0.2093345051350916,0.0212975838581224,0.2155998071120371,0.0987829448616113,0.168473701718823,0.0247852597225345,0.0140349022918599,0.020971241164759,0.0297131788314147,0.0140349022918599,0.4255005092330919,0.0740368506980786,0.4255005092330919,0.3516596009655616,0.1051931686044748,0.1428571428571428,0.2155998071120371,0.0212975838581224,0.1428571428571428,0.4255005092330919,False,,,N100_drop0.50_s0.20_c0.05,1.0,0.0,0.0,False,False,1.0068271698186462,1.0170734897113791,-0.0865463796488441,-0.1149304575594595,False,,
2026-10-06,MANAPPURAM,INE522D01027,310.2,310.2,1881869834.0015872,620.4,0.2093092057541807,0.0212937823125897,0.1578261469708044,0.1349192305665855,0.169377304560072,0.1061537842469099,0.0140317947689749,0.0209672279515401,0.0297080644327839,0.0140317947689749,0.4278637058235615,0.0514480237845712,0.4278637058235615,0.3665896543118863,0.0970907547012569,0.1496062992125984,0.1578261469708044,0.0212937823125897,0.1496062992125984,0.4278637058235615,False,,,N100_drop0.50_s0.20_c0.05,1.0,0.0,0.0,False,False,1.0068271698186462,1.0170734897113791,-0.0865463796488441,-0.1149304575594595,False,,
2026-10-06,MFSL,INE180A01020,1361.0,1361.0,1441737862.0285711,2722.0,0.2091652064793683,0.0212721508449153,0.1920778847435452,0.1107475276152541,0.1660267656307579,0.12325999436228,0.0140141149962052,0.020944393348688,0.029678961871457,0.0140141149962052,0.3817731703984385,0.0834963297293733,0.3817731703984385,0.3315202909015827,0.1248109157154018,0.1130612244897959,0.1920778847435452,0.0212721508449153,0.1130612244897959,0.3817731703984385,False,,,N100_drop0.50_s0.20_c0.05,1.0,0.0,0.0,False,False,1.0068271698186462,1.0170734897113791,-0.0865463796488441,-0.1149304575594595,False,,
2026-10-06,ITCHOTELS,INE379A01028,160.21,160.21,356715277.9279365,320.42,0.2089840885943485,0.0212449584361975,0.1755220718660988,0.1210386717199006,0.1744711493611447,0.0760400021773732,0.0139918964073863,0.0209156916254983,0.029642375971597,0.0139918964073863,0.4043964354650158,0.068512970963579,0.4043964354650158,0.3352313818684929,0.1166722659010238,0.1130612244897959,0.1755220718660988,0.0212449584361975,0.1130612244897959,0.4043964354650158,False,,,N100_drop0.50_s0.20_c0.05,1.0,0.0,0.0,False,False,1.0068271698186462,1.0170734897113791,-0.0865463796488441,-0.1149304575594595,False,,
2026-10-06,SURYAROSNI,INE335A01020,221.35,221.35,131879660.18476193,442.7,0.2089713182800177,0.0212430417757692,0.1788450990474845,0.1187789986357362,0.1819771627400158,0.0479084779546324,0.0139903305895599,0.0209136687119684,0.0296397971359338,0.0139903305895599,0.4314153127270528,0.0584434540522766,0.4314153127270528,0.3260092042748265,0.1261207801771726,0.1130612244897959,0.1788450990474845,0.0212430417757692,0.1130612244897959,0.4314153127270528,False,,,N100_drop0.50_s0.20_c0.05,1.0,0.0,0.0,False,False,1.0068271698186462,1.0170734897113791,-0.0865463796488441,-0.1149304575594595,False,,
2026-10-06,EIDPARRY,INE126A01031,699.2,699.2,393976373.15238094,1398.4,0.2088852048292822,0.0212301194174668,0.1963647433315887,0.1081157394004122,0.1530156633452107,0.0245820024358564,0.0139797745566897,0.0209013070018887,0.0296224100576817,0.0139797745566897,0.4053778550243713,0.0598792243519817,0.4053778550243713,0.3967874098356789,0.0883050041599851,0.1578542883492161,0.1963647433315887,0.0212301194174668,0.1578542883492161,0.4053778550243713,False,,,N100_drop0.50_s0.20_c0.05,1.0,0.0,0.0,False,False,1.0068271698186462,1.0170734897113791,-0.0865463796488441,-0.1149304575594595,False,,
2026-10-06,SHARDACROP,INE221J01015,741.75,741.75,125819525.01984128,1483.5,0.2088477929523885,0.0212245064912725,0.2247094312675292,0.0944531182850247,0.1675302334082196,0.0633265513184813,0.0139751899516411,0.0208962160078658,0.0296148577081536,0.0139751899516411,0.4089895031669734,0.0606715507136541,0.4089895031669734,0.3345495815626201,0.1166227010647819,0.1130612244897959,0.2247094312675292,0.0212245064912725,0.1130612244897959,0.4089895031669734,False,,,N100_drop0.50_s0.20_c0.05,1.0,0.0,0.0,False,False,1.0068271698186462,1.0170734897113791,-0.0865463796488441,-0.1149304575594595,False,,
2026-10-06,CAMS,INE596I01020,693.9,693.9,938458762.8960316,1387.8,0.2088349759837371,0.0212225837175727,0.1508234459306006,0.1407114363859448,0.1687618931833478,0.0581702016696404,0.0139736195095871,0.0208944720044434,0.029612270543059,0.0139736195095871,0.4141217197909617,0.0624756072573812,0.4141217197909617,0.327152840632093,0.1241987654091786,0.1130612244897959,0.1508234459306006,0.0212225837175727,0.1130612244897959,0.4141217197909617,False,,,N100_drop0.50_s0.20_c0.05,1.0,0.0,0.0,False,False,1.0068271698186462,1.0170734897113791,-0.0865463796488441,-0.1149304575594595,False,,
2026-10-06,KITEX,INE602G01020,118.96,118.96,60108844.47730159,237.92,0.2086399573560557,0.0211933377551784,0.21470941401585,0.0987070727770413,0.1622877328095389,0.0270229377749263,0.0139497369077361,0.0208679436987753,0.0295729177816013,0.0139497369077361,0.4308094626438531,0.0512324380953228,0.4308094626438531,0.3871898467735017,0.0857838832505869,0.1578542883492161,0.21470941401585,0.0211933377551784,0.1578542883492161,0.4308094626438531,False,,,N100_drop0.50_s0.20_c0.05,1.0,0.0,0.0,False,False,1.0068271698186462,1.0170734897113791,-0.0865463796488441,-0.1149304575594595,False,,
2026-10-06,SUBROS,INE287B01021,682.95,682.95,33926029.323015854,1365.9,0.2085376794155615,0.0211780073771255,0.2160413726555008,0.0980275542448805,0.1678518495815477,0.023389736793173,0.0139372211566382,0.0208540367634468,0.029552288636626,0.0139372211566382,0.4017158932669091,0.0724092341441847,0.4017158932669091,0.377292054941572,0.0982456232493922,0.1578542883492161,0.2160413726555008,0.0211780073771255,0.1578542883492161,0.4017158932669091,False,,,N100_drop0.50_s0.20_c0.05,1.0,0.0,0.0,False,False,1.0068271698186462,1.0170734897113791,-0.0865463796488441,-0.1149304575594595,False,,
2026-10-06,GLOBUSSPR,INE615I01010,812.7,812.7,103773074.58730158,1625.4,0.2085191028535266,0.0211752235181599,0.1893262294700923,0.1118451657619102,0.1600797176327786,0.0117786788085832,0.0139349486462812,0.0208515113061845,0.0295485425023093,0.0139349486462812,0.4199005473395439,0.052832475259812,0.4199005473395439,0.3483292617891123,0.1090698118494735,0.1428571428571428,0.1893262294700923,0.0211752235181599,0.1428571428571428,0.4199005473395439,False,,,N100_drop0.50_s0.20_c0.05,1.0,0.0,0.0,False,False,1.0068271698186462,1.0170734897113791,-0.0865463796488441,-0.1149304575594595,False,,
2026-10-06,REPCOHOME,INE612J01015,326.45,326.45,33957136.68174604,652.9,0.2084856225548998,0.0211702066478655,0.2003233522158043,0.1056801736477496,0.1576724158021706,0.1538865846213872,0.0139308534761203,0.0208469600446284,0.0295417914367169,0.0139308534761203,0.4008174052834254,0.0822367910869446,0.4008174052834254,0.3275680031468646,0.1241564194549465,0.1130612244897959,0.2003233522158043,0.0211702066478655,0.1130612244897959,0.4008174052834254,False,,,N100_drop0.50_s0.20_c0.05,1.0,0.0,0.0,False,False,1.0068271698186462,1.0170734897113791,-0.0865463796488441,-0.1149304575594595,False,,
2026-10-06,TORNTPOWER,INE813H01021,1234.9,1234.9,448707326.0984127,2469.8,0.2078022184324636,0.0210679260611345,0.1515899268287368,0.1389797231377822,0.1645174986017208,0.0498001057144991,0.013847415689022,0.0207483702285808,0.0294041406647865,0.013847415689022,0.392523535252854,0.0862849516732662,0.392523535252854,0.3224919195721004,0.133065598808049,0.1130612244897959,0.1515899268287368,0.0210679260611345,0.1130612244897959,0.392523535252854,False,,,N100_drop0.50_s0.20_c0.05,1.0,0.0,0.0,False,False,1.0068271698186462,1.0170734897113791,-0.0865463796488441,-0.1149304575594595,False,,
2026-10-06,GREENPANEL,INE08ZM01014,159.92,159.92,54348397.349365085,319.84,0.2077801149497627,0.0210646219359035,0.245117151708016,0.0859369562232664,0.1818794663755384,0.0511620064697303,0.0138447219200159,0.0207451167177838,0.0293996934588144,0.0138447219200159,0.4135780582211679,0.0766537138751744,0.4135780582211679,0.3688248320256584,0.1070442351246215,0.1496062992125984,0.245117151708016,0.0210646219359035,0.1496062992125984,0.4135780582211679,False,,,N100_drop0.50_s0.20_c0.05,1.0,0.0,0.0,False,False,1.0068271698186462,1.0170734897113791,-0.0865463796488441,-0.1149304575594595,False,,
2026-10-06,PSB,INE608A01012,21.05,21.05,27207185.58142857,42.1,0.2074239265711384,0.0210114114988351,0.1688247172275219,0.1244569624868288,0.1594373919511017,0.0677786450780398,0.0138013550453781,0.0206927217187426,0.0293280705652272,0.0138013550453781,0.4266987343738437,0.0541901500513263,0.4266987343738437,0.3592677534988528,0.0977966839611826,0.1428571428571428,0.1688247172275219,0.0210114114988351,0.1428571428571428,0.4266987343738437,False,,,N100_drop0.50_s0.20_c0.05,1.0,0.0,0.0,False,False,1.0068271698186462,1.0170734897113791,-0.0865463796488441,-0.1149304575594595,False,,
2026-10-06,ASALCBR,INE073G01016,598.7,598.7,25090696.526190475,1197.4,0.2073508171080032,0.0210004977412982,0.2244267342820373,0.0935739577037505,0.1572661400713297,0.0020288246854225,0.0137924635733428,0.0206811397147311,0.0293133793771144,0.0137924635733428,0.4409373715864071,0.04803899485419,0.4409373715864071,0.3743913233533615,0.0884583638637054,0.1578542883492161,0.2244267342820373,0.0210004977412982,0.1578542883492161,0.4409373715864071,False,,,N100_drop0.50_s0.20_c0.05,1.0,0.0,0.0,False,False,1.0068271698186462,1.0170734897113791,-0.0865463796488441,-0.1149304575594595,False,,
2026-10-06,PATANJALI,INE619A01035,363.0,363.0,2117739849.6079364,726.0,0.2072834733775653,0.0209904470862888,0.2676303279451615,0.0784307490389871,0.1765388460110879,0.0627376172773718,0.0137842762728263,0.0206700174661744,0.0292998497443277,0.0137842762728263,0.3735668861106418,0.0963662979819708,0.3735668861106418,0.3508760774293638,0.1255213383519531,0.1428571428571428,0.2676303279451615,0.0209904470862888,0.1428571428571428,0.3735668861106418,False,,,N100_drop0.50_s0.20_c0.05,1.0,0.0,0.0,False,False,1.0068271698186462,1.0170734897113791,-0.0865463796488441,-0.1149304575594595,False,,
2026-10-06,GMDCLTD,INE131A01031,491.55,491.55,617714092.1912699,983.1,0.2072038475271902,0.020978566360774,0.1879527718346197,0.111616158442362,0.1628264084792878,0.043919212537767,0.0137745994262639,0.0206568708792597,0.0292838562246065,0.0137745994262639,0.423960796559188,0.0637625591466341,0.423960796559188,0.3686433972586001,0.0929887445036745,0.1496062992125984,0.1879527718346197,0.020978566360774,0.1496062992125984,0.423960796559188,False,,,N100_drop0.50_s0.20_c0.05,1.0,0.0,0.0,False,False,1.0068271698186462,1.0170734897113791,-0.0865463796488441,-0.1149304575594595,False,,
2026-10-06,RTNINDIA,INE834M01019,26.13,26.13,42836855.4536508,52.26,0.2069613210968505,0.0209423995247542,0.2415004178686662,0.0867178604061182,0.1712638978873318,0.0074888891298686,0.0137451498011027,0.0206168562511117,0.0292351670615584,0.0137451498011027,0.4071968397780471,0.0642724352232997,0.4071968397780471,0.377603133915182,0.0936286777411953,0.1578542883492161,0.2415004178686662,0.0209423995247542,0.1578542883492161,0.4071968397780471,False,,,N100_drop0.50_s0.20_c0.05,1.0,0.0,0.0,False,False,1.0068271698186462,1.0170734897113791,-0.0865463796488441,-0.1149304575594595,False,,
2026-10-06,NAUKRI,INE663F01032,1241.0,1241.0,2411641216.569048,2482.0,0.2068741922910441,0.0209294136803324,0.1505206164542027,0.1390468241053236,0.1748768866092188,0.0976290191656877,0.0137345788298992,0.0206024909348764,0.0292176841732923,0.0137345788298992,0.4439697899435202,0.0384471804195126,0.4439697899435202,0.3806525448218192,0.0851631020327524,0.1578542883492161,0.1505206164542027,0.0209294136803324,0.1578542883492161,0.4439697899435202,False,,,N100_drop0.50_s0.20_c0.05,1.0,0.0,0.0,False,False,1.0068271698186462,1.0170734897113791,-0.0865463796488441,-0.1149304575594595,False,,
2026-10-06,CIEINDIA,INE536H01010,379.0,379.0,171810451.64999995,758.0,0.2067514095425351,0.0209111204231435,0.1763463620227959,0.1185798231575677,0.1663757342923002,0.0346395589133083,0.0137196901433229,0.0205822562834902,0.0291930551310197,0.0137196901433229,0.3853087674486499,0.079197501014142,0.3853087674486499,0.3713343009230298,0.0956297695111759,0.1578542883492161,0.1763463620227959,0.0209111204231435,0.1578542883492161,0.3853087674486499,False,,,N100_drop0.50_s0.20_c0.05,1.0,0.0,0.0,False,False,1.0068271698186462,1.0170734897113791,-0.0865463796488441,-0.1149304575594595,False,,
2026-10-06,HSCL,INE019C01026,668.55,668.55,4608306096.356348,1337.1,0.2067404644520643,0.0209094900971466,0.1556140473592934,0.1343676258793607,0.1810110638864238,0.0263424120646238,0.0137183633929047,0.020580453043831,0.0291908601056806,0.0137183633929047,0.4659845387597555,0.0412839826280115,0.4659845387597555,0.3849204185554168,0.0819453206288882,0.1578542883492161,0.1556140473592934,0.0209094900971466,0.1578542883492161,0.4659845387597555,False,,,N100_drop0.50_s0.20_c0.05,1.0,0.0,0.0,False,False,1.0068271698186462,1.0170734897113791,-0.0865463796488441,-0.1149304575594595,False,,
2026-10-06,IDFCFIRSTB,INE092T01019,81.56,81.56,1706308906.5215874,163.12,0.2066681897673916,0.0208987259419707,0.1367751360268362,0.1527962358441395,0.1799231567162382,0.0699899350424923,0.0137096042168271,0.0205685476721909,0.02917636736951,0.0137096042168271,0.4443465961355224,0.0408558300279776,0.4443465961355224,0.3469867196652698,0.1093995655189782,0.1330698287220026,0.1367751360268362,0.0208987259419707,0.1330698287220026,0.4443465961355224,False,,,N100_drop0.50_s0.20_c0.05,1.0,0.0,0.0,False,False,1.0068271698186462,1.0170734897113791,-0.0865463796488441,-0.1149304575594595,False,,
2026-10-06,SYMPHONY,INE225D01027,556.95,556.95,102420993.22698411,1113.9,0.2064307729139529,0.0208633850943952,0.2204355001164656,0.0946462120818659,0.1794861886515073,0.0493929613076142,0.0136808538685481,0.0205294653425562,0.0291287826716064,0.0136808538685481,0.3884481761136597,0.0801144805579164,0.3884481761136597,0.3609293885116395,0.103166833239254,0.1428571428571428,0.2204355001164656,0.0208633850943952,0.1428571428571428,0.3884481761136597,False,,,N100_drop0.50_s0.20_c0.05,1.0,0.0,0.0,False,False,1.0068271698186462,1.0170734897113791,-0.0865463796488441,-0.1149304575594595,False,,
2026-10-06,FABTECH,INE0HF201011,141.04,141.04,14294730.187619047,282.08,0.206122336331049,0.0208175150889603,0.1798370255636648,0.1157576701667069,0.1642743896997461,0.0657472832794259,0.013643555633997,0.020478751412845,0.0290670159901272,0.013643555633997,0.3902766622753145,0.0757263295890802,0.3902766622753145,0.374933099848002,0.0965103112244448,0.1578542883492161,0.1798370255636648,0.0208175150889603,0.1578542883492161,0.3902766622753145,False,,,N100_drop0.50_s0.20_c0.05,1.0,0.0,0.0,False,False,1.0068271698186462,1.0170734897113791,-0.0865463796488441,-0.1149304575594595,False,,
2026-10-06,BIKAJI,INE00E101023,481.1,481.1,138653766.615873,962.2,0.2059226402795588,0.0207878423513537,0.250000863931433,0.0831510820580812,0.1568461189331474,0.1230950409159239,0.0136194385653041,0.0204459525922976,0.0290270568804496,0.0136194385653041,0.3779778025030144,0.0851931730677137,0.3779778025030144,0.367332462176734,0.1158849694975833,0.1496062992125984,0.250000863931433,0.0207878423513537,0.1496062992125984,0.3779778025030144,False,,,N100_drop0.50_s0.20_c0.05,1.0,0.0,0.0,False,False,1.0068271698186462,1.0170734897113791,-0.0865463796488441,-0.1149304575594595,False,,
2026-10-06,PINELABS,INE15B701018,172.73,172.73,5040109863.376508,345.46,0.2058452959112441,0.0207763551963937,0.2634068170173924,0.07887554100402,0.1864146927426189,0.086268195467305,0.013610104425267,0.0204332568034163,0.029011586944844,0.013610104425267,0.3725449650394054,0.1001847942683882,0.3725449650394054,0.3278010147556791,0.1307390201459982,0.1130612244897959,0.2634068170173924,0.0207763551963937,0.1130612244897959,0.3725449650394054,False,,,N100_drop0.50_s0.20_c0.05,1.0,0.0,0.0,False,False,1.0068271698186462,1.0170734897113791,-0.0865463796488441,-0.1149304575594595,False,,
2026-10-06,TATACAP,INE976I01016,322.1,322.1,568075691.9626983,644.2,0.2058348187189476,0.0207747993600424,0.1527003656585498,0.1360494408146771,0.1623690047119393,0.0701729631814552,0.0136088402932556,0.0204315373350378,0.0290094916478195,0.0136088402932556,0.4211784311771716,0.0535482199921091,0.4211784311771716,0.3341772863967362,0.119629449068563,0.1130612244897959,0.1527003656585498,0.0207747993600424,0.1130612244897959,0.4211784311771716,False,,,N100_drop0.50_s0.20_c0.05,1.0,0.0,0.0,False,False,1.0068271698186462,1.0170734897113791,-0.0865463796488441,-0.1149304575594595,False,,
2026-10-06,INDIACEM,INE383A01012,295.25,295.25,89135125.0404763,590.5,0.2057426085970667,0.0207611087800765,0.2049666053806443,0.1012902015990411,0.151327284105049,0.0154945305888064,0.0135977175631513,0.0204164075651431,0.0289910538036024,0.0135977175631513,0.4211204484123405,0.0475675865961106,0.4211204484123405,0.3791051678770675,0.0834454179096881,0.1578542883492161,0.2049666053806443,0.0207611087800765,0.1578542883492161,0.4211204484123405,False,,,N100_drop0.50_s0.20_c0.05,1.0,0.0,0.0,False,False,1.0068271698186462,1.0170734897113791,-0.0865463796488441,-0.1149304575594595,False,,
2026-10-06,UNIONBANK,INE692A01016,168.44,168.44,2166859926.4561906,336.88,0.2057063725549093,0.0207557299323549,0.141971295552656,0.1461966649776525,0.1645972394508544,0.071540182363304,0.0135933480801529,0.020410463617854,0.0289838096805735,0.0135933480801529,0.4330407469121539,0.0440961134494816,0.4330407469121539,0.35291916854841,0.1030263380652334,0.1428571428571428,0.141971295552656,0.0207557299323549,0.1428571428571428,0.4330407469121539,False,,,N100_drop0.50_s0.20_c0.05,1.0,0.0,0.0,False,False,1.0068271698186462,1.0170734897113791,-0.0865463796488441,-0.1149304575594595,False,,
2026-10-06,DIGITIDE,INE0U4701011,74.01,74.01,36702679.60539684,148.02,0.2055713292716324,0.0207356900520203,0.2458252401620969,0.0843513466654084,0.1483425132805078,0.0382074147368926,0.0135770712095656,0.0203883200408546,0.0289568196905185,0.0135770712095656,0.4380623300013668,0.0496844862234984,0.4380623300013668,0.4211788267677422,0.0672875881000617,0.1578542883492161,0.2458252401620969,0.0207356900520203,0.1578542883492161,0.4380623300013668,False,,,N100_drop0.50_s0.20_c0.05,1.0,0.0,0.0,False,False,1.0068271698186462,1.0170734897113791,-0.0865463796488441,-0.1149304575594595,False,,
2026-10-06,STARCEMENT,INE460H01021,176.41,176.41,46760898.25873015,352.82,0.2053708252573653,0.0207059530184541,0.186876669139495,0.110800096736517,0.1637191070751995,0.0384370114974964,0.0135529251651254,0.0203554662475718,0.0289167674457452,0.0135529251651254,0.4113320863516557,0.0606814012813797,0.4113320863516557,0.3437271483376196,0.1093800928308735,0.1330698287220026,0.186876669139495,0.0207059530184541,0.1330698287220026,0.4113320863516557,False,,,N100_drop0.50_s0.20_c0.05,1.0,0.0,0.0,False,False,1.0068271698186462,1.0170734897113791,-0.0865463796488441,-0.1149304575594595,False,,
2026-10-06,JINDALSTEL,INE749A01030,1085.9,1085.9,1053182491.4920636,2171.8,0.2053253905807622,0.0206992173526016,0.1468753303121382,0.1409305246062208,0.1734669165119636,0.0608751035601096,0.0135474570779877,0.020348025425783,0.028907694974455,0.0135474570779877,0.4048084107715208,0.068571504054642,0.4048084107715208,0.3119173766636553,0.1352760294145182,0.1130612244897959,0.1468753303121382,0.0206992173526016,0.1130612244897959,0.4048084107715208,False,,,N100_drop0.50_s0.20_c0.05,1.0,0.0,0.0,False,False,1.0068271698186462,1.0170734897113791,-0.0865463796488441,-0.1149304575594595,False,,
2026-10-06,MASFIN,INE348L01012,266.9,266.9,60359006.090476185,533.8,0.2053225999245,0.0206988036732418,0.1800375495190772,0.1149693701593539,0.1634297768658056,0.0300284058989109,0.0135471212627374,0.0203475684481926,0.0289071377732729,0.0135471212627374,0.4240872726301592,0.0523029129577199,0.4240872726301592,0.3395264810423031,0.1120332582449352,0.1330698287220026,0.1800375495190772,0.0206988036732418,0.1330698287220026,0.4240872726301592,False,,,N100_drop0.50_s0.20_c0.05,1.0,0.0,0.0,False,False,1.0068271698186462,1.0170734897113791,-0.0865463796488441,-0.1149304575594595,False,,
2026-10-06,OSWALPUMPS,INE0BYP01024,264.8,264.8,180438157.60873017,529.6,0.2050726245017045,0.0206617639014737,0.2821502854453756,0.073229640256642,0.1620167937406049,0.0601807570817241,0.0135170598924,0.0203066564678497,0.0288572455601173,0.0135170598924,0.37300920755196,0.0873687363432882,0.37300920755196,0.3771761538964966,0.1129690927364985,0.1578542883492161,0.2821502854453756,0.0206617639014737,0.1578542883492161,0.37300920755196,False,,,N100_drop0.50_s0.20_c0.05,1.0,0.0,0.0,False,False,1.0068271698186462,1.0170734897113791,-0.0865463796488441,-0.1149304575594595,False,,
2026-10-06,ECOSMOBLTY,INE06HJ01020,110.42,110.42,7749271.767936508,220.84,0.2049724075536901,0.0206469232246823,0.2579142423780555,0.080053443479161,0.1717558309017169,0.0023763390061953,0.0135050189367414,0.0202902668745155,0.0288372542731775,0.0135050189367414,0.4253721968186799,0.0811993743242191,0.4253721968186799,0.3991378482680702,0.0883971183912026,0.1578542883492161,0.2579142423780555,0.0206469232246823,0.1578542883492161,0.4253721968186799,False,,,N100_drop0.50_s0.20_c0.05,1.0,0.0,0.0,False,False,1.0068271698186462,1.0170734897113791,-0.0865463796488441,-0.1149304575594595,False,,
2026-10-06,BSOFT,INE836A01035,279.45,279.45,509762486.4198412,558.9,0.2049298674220627,0.0206406251762386,0.2131537868635524,0.0968344287003047,0.1724025552825131,0.0362234981397038,0.0134999096660001,0.0202833119432106,0.0288287702421451,0.0134999096660001,0.3985550768481689,0.0716164285843355,0.3985550768481689,0.3628625689663904,0.1008816756358595,0.1428571428571428,0.2131537868635524,0.0206406251762386,0.1428571428571428,0.3985550768481689,False,,,N100_drop0.50_s0.20_c0.05,1.0,0.0,0.0,False,False,1.0068271698186462,1.0170734897113791,-0.0865463796488441,-0.1149304575594595,False,,
2026-10-06,BHARATCOAL,INE05XR01022,32.05,32.05,218206539.1361905,64.1,0.2049239448470981,0.0206397484137443,0.1724902466315455,0.1196574810275083,0.1699384883348997,0.0365000639162037,0.0134991984255693,0.0202823437557976,0.0288275891566382,0.0134991984255693,0.4123106148545837,0.0600589464207274,0.4123106148545837,0.3373583845989741,0.1154733512725572,0.1130612244897959,0.1724902466315455,0.0206397484137443,0.1130612244897959,0.4123106148545837,False,,,N100_drop0.50_s0.20_c0.05,1.0,0.0,0.0,False,False,1.0068271698186462,1.0170734897113791,-0.0865463796488441,-0.1149304575594595,False,,
2026-10-06,TRIDENT,INE064C01022,22.56,22.56,100491861.85015874,45.12,0.2048922945177297,0.0206350632810229,0.1757739327565521,0.117395469040353,0.1612235550520917,0.1185377790930601,0.0134953979139166,0.0202771701647688,0.0288212777858107,0.0134953979139166,0.3845356375753695,0.0777231403857752,0.3845356375753695,0.3191446342247466,0.1263962951790315,0.1130612244897959,0.1757739327565521,0.0206350632810229,0.1130612244897959,0.3845356375753695,False,,,N100_drop0.50_s0.20_c0.05,1.0,0.0,0.0,False,False,1.0068271698186462,1.0170734897113791,-0.0865463796488441,-0.1149304575594595,False,,
2026-10-06,ZYDUSLIFE,INE010B01027,1159.5,1159.5,1711120286.973016,2319.0,0.2048211597661775,0.0206245351903679,0.1399733837213588,0.1473461213985127,0.1943873145933342,0.0776556360784028,0.0134868584490702,0.0202655449786099,0.0288070951142836,0.0134868584490702,0.423913950990947,0.0607970046046112,0.423913950990947,0.3493803673351888,0.1119937330215582,0.1428571428571428,0.1399733837213588,0.0206245351903679,0.1428571428571428,0.423913950990947,False,,,N100_drop0.50_s0.20_c0.05,1.0,0.0,0.0,False,False,1.0068271698186462,1.0170734897113791,-0.0865463796488441,-0.1149304575594595,False,,
2026-10-06,HINDCOPPER,INE531E01026,485.5,485.5,5125686915.638889,971.0,0.2046828360441427,0.0206040702797791,0.2362788310468341,0.0872023540513247,0.1661599630749591,0.0843614076793654,0.0134702621548088,0.0202429496015085,0.0287795254301553,0.0134702621548088,0.4176841219274927,0.0704082912699303,0.4176841219274927,0.3639584091858059,0.1024621392587086,0.1428571428571428,0.2362788310468341,0.0206040702797791,0.1428571428571428,0.4176841219274927,False,,,N100_drop0.50_s0.20_c0.05,1.0,0.0,0.0,False,False,1.0068271698186462,1.0170734897113791,-0.0865463796488441,-0.1149304575594595,False,,
2026-10-06,ASTERDM,INE914M01019,684.7,684.7,1927433014.7158728,1369.4,0.2046522108090207,0.0205995405958988,0.1542128644460842,0.1335786133659482,0.1567761005519925,0.0564372296015138,0.0134665892911688,0.020237948739071,0.0287734230292947,0.0134665892911688,0.432037925403555,0.0418320196058322,0.432037925403555,0.3852727146647348,0.0789776310012116,0.1578542883492161,0.1542128644460842,0.0205995405958988,0.1578542883492161,0.432037925403555,False,,,N100_drop0.50_s0.20_c0.05,1.0,0.0,0.0,False,False,1.0068271698186462,1.0170734897113791,-0.0865463796488441,-0.1149304575594595,False,,
2026-10-06,GODREJPROP,INE484J01027,1610.0,1610.0,1327269503.6539683,3220.0,0.2046470806880499,0.0205987818616769,0.1923815122089555,0.1070725644328209,0.159389359297235,0.1201899584752269,0.0134659740959384,0.0202371110945365,0.028772400855323,0.0134659740959384,0.3943959396866294,0.0696915460248998,0.3943959396866294,0.3394423213184763,0.112355261981926,0.1330698287220026,0.1923815122089555,0.0205987818616769,0.1330698287220026,0.3943959396866294,False,,,N100_drop0.50_s0.20_c0.05,1.0,0.0,0.0,False,False,1.0068271698186462,1.0170734897113791,-0.0865463796488441,-0.1149304575594595,False,,
2026-10-06,DBCORP,INE950I01011,173.57,173.57,88235460.48555556,347.14,0.2045934469225257,0.0205908503316214,0.175292645554102,0.1174655688864385,0.1522663206735837,0.0644527637019445,0.0134595434015727,0.0202283548945108,0.0287617153291933,0.0134595434015727,0.4230841832546937,0.0568504636114215,0.4230841832546937,0.3900935720390006,0.0942520753102156,0.1578542883492161,0.175292645554102,0.0205908503316214,0.1578542883492161,0.4230841832546937,False,,,N100_drop0.50_s0.20_c0.05,1.0,0.0,0.0,False,False,1.0068271698186462,1.0170734897113791,-0.0865463796488441,-0.1149304575594595,False,,
2026-10-06,PAYTM,INE982J01020,1694.0,1694.0,6778900000.709524,3388.0,0.2044447727271007,0.0205688714835681,0.1911610027270755,0.1075997258339072,0.1902936603006883,0.1128368203778541,0.0134417266421585,0.0202040930164374,0.0287321040672349,0.0134417266421585,0.4180595622801585,0.0684082929932296,0.4180595622801585,0.3504736837378648,0.1117495245725719,0.1428571428571428,0.1911610027270755,0.0205688714835681,0.1428571428571428,0.4180595622801585,False,,,N100_drop0.50_s0.20_c0.05,1.0,0.0,0.0,False,False,1.0068271698186462,1.0170734897113791,-0.0865463796488441,-0.1149304575594595,False,,
2026-10-06,360ONE,INE466L01038,1069.5,1069.5,1222595747.152381,2139.0,0.2041388520664009,0.020523681467225,0.1357310979324741,0.1512083949798704,0.1740980504443205,0.0682186605245281,0.0134051087848412,0.0201542190598563,0.0286712171723732,0.0134051087848412,0.4267221518914187,0.0513995958256931,0.4267221518914187,0.3297433840271769,0.1220185442781825,0.1130612244897959,0.1357310979324741,0.020523681467225,0.1130612244897959,0.4267221518914187,False,,,N100_drop0.50_s0.20_c0.05,1.0,0.0,0.0,False,False,1.0068271698186462,1.0170734897113791,-0.0865463796488441,-0.1149304575594595,False,,
2026-10-06,NETWORK18,INE870H01013,26.22,26.22,127822215.65888888,52.44,0.2041242276174857,0.020521522348728,0.251447724203918,0.0816134741871261,0.1582083093272285,0.0193061065866586,0.0134033597254386,0.0201518364903561,0.0286683079393888,0.0134033597254386,0.4058612901506048,0.079388154316361,0.4058612901506048,0.3915404748327404,0.1077350505782006,0.1578542883492161,0.251447724203918,0.020521522348728,0.1578542883492161,0.4058612901506048,False,,,N100_drop0.50_s0.20_c0.05,1.0,0.0,0.0,False,False,1.0068271698186462,1.0170734897113791,-0.0865463796488441,-0.1149304575594595,False,,
2026-10-06,ASTRAL,INE006I01046,1402.3,1402.3,1317309462.2095237,2804.6,0.2040723170345643,0.0205138592620392,0.1523450964410206,0.1346538860867178,0.1654932458555707,0.0969801192076147,0.0133971523727908,0.0201433805887868,0.0286579824639119,0.0133971523727908,0.4034169690382803,0.0655375729873989,0.4034169690382803,0.347998089291315,0.1079823720997364,0.1330698287220026,0.1523450964410206,0.0205138592620392,0.1330698287220026,0.4034169690382803,False,,,N100_drop0.50_s0.20_c0.05,1.0,0.0,0.0,False,False,1.0068271698186462,1.0170734897113791,-0.0865463796488441,-0.1149304575594595,False,,
2026-10-06,BHARATRAS,INE838B01021,998.3,998.3,17169063.061904762,1996.6,0.2039490143346048,0.0204956626296275,0.2479858323539028,0.0826485224380804,0.1576437172942704,0.0015498427350886,0.0133824147716935,0.0201233029252584,0.0286334631306035,0.0133824147716935,0.420382864335698,0.0635146682341252,0.420382864335698,0.3751394344288903,0.0936619955116661,0.1578542883492161,0.2479858323539028,0.0204956626296275,0.1578542883492161,0.420382864335698,False,,,N100_drop0.50_s0.20_c0.05,1.0,0.0,0.0,False,False,1.0068271698186462,1.0170734897113791,-0.0865463796488441,-0.1149304575594595,False,,
2026-10-06,IOB,INE565A01014,31.46,31.46,108154997.70650792,62.92,0.2036252083463839,0.0204479126608601,0.1514734931671881,0.1349933393183904,0.1679385759165886,0.0677072708756813,0.013343756890136,0.0200708903933822,0.0285691174195511,0.013343756890136,0.3923009857012838,0.0743479509193553,0.3923009857012838,0.3215633094766002,0.1259315435173862,0.1130612244897959,0.1514734931671881,0.0204479126608601,0.1130612244897959,0.3923009857012838,False,,,N100_drop0.50_s0.20_c0.05,1.0,0.0,0.0,False,False,1.0068271698186462,1.0170734897113791,-0.0865463796488441,-0.1149304575594595,False,,
2026-10-06,UNITDSPR,INE854D01024,1358.0,1358.0,1232985381.677778,2716.0,0.203440091458991,0.0204206380669789,0.1318859340912012,0.1548356025052512,0.1751960187953063,0.0831185521872605,0.0133216855540747,0.0200420933818345,0.0285323606198482,0.0133216855540747,0.3978511876076568,0.0759893455260885,0.3978511876076568,0.3011566514968143,0.1433323231614254,0.1111111111111111,0.1318859340912012,0.0204206380669789,0.1111111111111111,0.3978511876076568,False,,,N100_drop0.50_s0.20_c0.05,1.0,0.0,0.0,False,False,1.0068271698186462,1.0170734897113791,-0.0865463796488441,-0.1149304575594595,False,,
2026-10-06,METROBRAND,INE317I01021,818.85,818.85,65149618.85555556,1637.7,0.2034380859152824,0.0204203426699437,0.2176651839295444,0.093815383339182,0.1629150765719402,0.0515785657127364,0.013321446550248,0.0200417815119806,0.0285319625148533,0.013321446550248,0.3981898611971574,0.0735992876875175,0.3981898611971574,0.3199310838522424,0.1259562606503365,0.1130612244897959,0.2176651839295444,0.0204203426699437,0.1130612244897959,0.3981898611971574,False,,,N100_drop0.50_s0.20_c0.05,1.0,0.0,0.0,False,False,1.0068271698186462,1.0170734897113791,-0.0865463796488441,-0.1149304575594595,False,,
2026-10-06,NLCINDIA,INE589A01014,254.9,254.9,524147103.3460317,509.8,0.2031386822255194,0.0203762660316806,0.1753518089280207,0.1162022003436803,0.1716154834265441,0.0486480768816075,0.0132857939004791,0.0199952507142617,0.0284725580017872,0.0132857939004791,0.4070321147690427,0.0705221449880177,0.4070321147690427,0.348155861646962,0.1072762877652489,0.1428571428571428,0.1753518089280207,0.0203762660316806,0.1428571428571428,0.4070321147690427,False,,,N100_drop0.50_s0.20_c0.05,1.0,0.0,0.0,False,False,1.0068271698186462,1.0170734897113791,-0.0865463796488441,-0.1149304575594595,False,,
2026-10-06,INDIANB,INE562A01011,813.0,813.0,1407080835.5261903,1626.0,0.2029676984299686,0.0203511148345773,0.1341024531353549,0.1517579608632225,0.1643250885605317,0.0848399030374235,0.0132654580753916,0.0199687024786168,0.0284386579737534,0.0132654580753916,0.4025852884723515,0.0688572687064474,0.4025852884723515,0.3204257228793881,0.1309784429064009,0.1130612244897959,0.1341024531353549,0.0203511148345773,0.1130612244897959,0.4025852884723515,False,,,N100_drop0.50_s0.20_c0.05,1.0,0.0,0.0,False,False,1.0068271698186462,1.0170734897113791,-0.0865463796488441,-0.1149304575594595,False,,
2026-10-06,FDC,INE258B01022,333.65,333.65,71331812.92460318,667.3,0.202887251866654,0.0203392864515517,0.1906963207685876,0.1066579909333108,0.1727484810319152,0.0008431194242917,0.013255896441133,0.0199562179271193,0.0284227144967288,0.013255896441133,0.408953997337952,0.0635296820023494,0.408953997337952,0.3461540555461934,0.1080592121078903,0.1330698287220026,0.1906963207685876,0.0203392864515517,0.1330698287220026,0.408953997337952,False,,,N100_drop0.50_s0.20_c0.05,1.0,0.0,0.0,False,False,1.0068271698186462,1.0170734897113791,-0.0865463796488441,-0.1149304575594595,False,,
2026-10-06,ANURAS,INE930P01018,1170.2,1170.2,510529507.3746032,2340.4,0.2027936189864913,0.0203255233091368,0.145247445908366,0.1399372166720224,0.1811862745166772,0.0846820589302031,0.0132447725278867,0.0199416919692646,0.0284041626765206,0.0132447725278867,0.3908916306829602,0.0798941527848389,0.3908916306829602,0.2985194428735911,0.1449671295768833,0.1045667947076397,0.145247445908366,0.0203255233091368,0.1045667947076397,0.3908916306829602,False,,,N100_drop0.50_s0.20_c0.05,1.0,0.0,0.0,False,False,1.0068271698186462,1.0170734897113791,-0.0865463796488441,-0.1149304575594595,False,,
2026-10-06,BANKINDIA,INE084A01016,132.16,132.16,981446634.2815874,264.32,0.2027714658352819,0.0203222676483431,0.1586622688472733,0.1280850689706523,0.1651638661714561,0.0949041010912979,0.0132421414438345,0.0199382559723972,0.0283997741819595,0.0132421414438345,0.3982372704910946,0.0692645897944139,0.3982372704910946,0.317938006932653,0.1277630313145453,0.1130612244897959,0.1586622688472733,0.0203222676483431,0.1130612244897959,0.3982372704910946,False,,,N100_drop0.50_s0.20_c0.05,1.0,0.0,0.0,False,False,1.0068271698186462,1.0170734897113791,-0.0865463796488441,-0.1149304575594595,False,,
2026-10-06,NTPCGREEN,INE0ONG01011,90.13,90.13,434342353.0987302,180.26,0.2027694189917256,0.0203219668534905,0.1573030974449675,0.1291898709152896,0.177622398775475,0.0469511588214484,0.0132418983596587,0.0199379385181266,0.0283993687216189,0.0132418983596587,0.4124084215613727,0.0623106231169039,0.4124084215613727,0.3440948396399133,0.1104258321509465,0.1330698287220026,0.1573030974449675,0.0203219668534905,0.1330698287220026,0.4124084215613727,False,,,N100_drop0.50_s0.20_c0.05,1.0,0.0,0.0,False,False,1.0068271698186462,1.0170734897113791,-0.0865463796488441,-0.1149304575594595,False,,
2026-10-06,SAMMAANCAP,INE148I01020,134.4,134.4,1044561260.4803176,268.8,0.2025026635879795,0.0202827836183345,0.1783809512422249,0.113704874186888,0.1546534731360022,0.0781313963225533,0.0132102403624467,0.0198965881330836,0.0283564267640805,0.0132102403624467,0.3959566158509317,0.0671241830050338,0.3959566158509317,0.3397591978227637,0.1109998972627989,0.1330698287220026,0.1783809512422249,0.0202827836183345,0.1330698287220026,0.3959566158509317,False,,,N100_drop0.50_s0.20_c0.05,1.0,0.0,0.0,False,False,1.0068271698186462,1.0170734897113791,-0.0865463796488441,-0.1149304575594595,False,,
2026-10-06,JWL,INE209L01016,224.64,224.64,318021035.7007935,449.28,0.2023074549899837,0.0202541323087329,0.2097527990412504,0.0965619167005716,0.169515385318252,0.0644719363331422,0.0131871010622963,0.0198663559470457,0.0283253840265214,0.0131871010622963,0.3839684760282358,0.0799149171206863,0.3839684760282358,0.3123017215858781,0.1319459770752215,0.1130612244897959,0.2097527990412504,0.0202541323087329,0.1130612244897959,0.3839684760282358,False,,,N100_drop0.50_s0.20_c0.05,1.0,0.0,0.0,False,False,1.0068271698186462,1.0170734897113791,-0.0865463796488441,-0.1149304575594595,False,,
2026-10-06,EUREKAFORB,INE0KCE01017,353.8,353.8,73511616.53015874,707.6,0.2022819664404986,0.0202503926887435,0.2234233571094519,0.0906368651457652,0.1609213299484239,0.0545581342246748,0.0131840814693272,0.0198624102236513,0.0283213112145163,0.0131840814693272,0.4352883763634111,0.0447210526531169,0.4352883763634111,0.3819884421662482,0.085691191387334,0.1578542883492161,0.2234233571094519,0.0202503926887435,0.1578542883492161,0.4352883763634111,False,,,N100_drop0.50_s0.20_c0.05,1.0,0.0,0.0,False,False,1.0068271698186462,1.0170734897113791,-0.0865463796488441,-0.1149304575594595,False,,
2026-10-06,VSTIND,INE710A01016,202.64,202.64,49280012.34793651,405.28,0.2020617016621525,0.0202180894774697,0.1705733305796284,0.1185301911428138,0.1699139421385398,0.0618777596054631,0.0131580035962828,0.0198283289356345,0.0282861229128401,0.0131580035962828,0.3856416281247312,0.079073546475586,0.3856416281247312,0.3312016522537707,0.1184435456296487,0.1130612244897959,0.1705733305796284,0.0202180894774697,0.1130612244897959,0.3856416281247312,False,,,N100_drop0.50_s0.20_c0.05,1.0,0.0,0.0,False,False,1.0068271698186462,1.0170734897113791,-0.0865463796488441,-0.1149304575594595,False,,
2026-10-06,ORIENTCEM,INE876N01018,115.76,115.76,42416854.30809524,231.52,0.2016889824414213,0.0201634830315965,0.2229222594317045,0.0904507386700607,0.1642710441338483,0.0353321943049918,0.0131139438223055,0.0197707260146392,0.0282266110534002,0.0131139438223055,0.3921529069646681,0.0984345527804013,0.3921529069646681,0.320086074699864,0.1316883557396472,0.1130612244897959,0.2229222594317045,0.0201634830315965,0.1130612244897959,0.3921529069646681,False,,,N100_drop0.50_s0.20_c0.05,1.0,0.0,0.0,False,False,1.0068271698186462,1.0170734897113791,-0.0865463796488441,-0.1149304575594595,False,,
2026-10-06,APOLLOTYRE,INE438A01022,401.55,401.55,361013066.4793651,803.1,0.2013852753004218,0.020119038660722,0.1508599686660593,0.1333623415053012,0.1735162853219702,0.1219660937759493,0.013078104930333,0.0197238513975826,0.0281781477736974,0.013078104930333,0.3788878067917355,0.0863997943813221,0.3788878067917355,0.301472955090832,0.141692202531755,0.1111111111111111,0.1508599686660593,0.020119038660722,0.1111111111111111,0.3788878067917355,False,,,N100_drop0.50_s0.20_c0.05,1.0,0.0,0.0,False,False,1.0068271698186462,1.0170734897113791,-0.0865463796488441,-0.1149304575594595,False,,
2026-10-06,ZENSARTECH,INE520A01027,445.45,445.45,1860389679.9611108,890.9,0.2012944806008837,0.0201057607307815,0.2376090293320594,0.0846169894607991,0.1753132857521559,0.1015209979246404,0.0130674016704134,0.0197098489211935,0.0281636645763745,0.0130674016704134,0.3685750864051433,0.0999864542360118,0.3685750864051433,0.3490303783996951,0.1405378356713942,0.1428571428571428,0.2376090293320594,0.0201057607307815,0.1428571428571428,0.3685750864051433,False,,,N100_drop0.50_s0.20_c0.05,1.0,0.0,0.0,False,False,1.0068271698186462,1.0170734897113791,-0.0865463796488441,-0.1149304575594595,False,,
2026-10-06,CMSINFO,INE925R01014,220.35,220.35,215139967.41142857,440.7,0.2012620344418115,0.0201010167602565,0.2257619395689964,0.0890363397773404,0.1627426424428273,0.0522692349564115,0.0130635780027147,0.0197048462503784,0.0281584894709633,0.0130635780027147,0.4014201214179888,0.0655701570156136,0.4014201214179888,0.3675236500690815,0.1021680165944078,0.1496062992125984,0.2257619395689964,0.0201010167602565,0.1496062992125984,0.4014201214179888,False,,,N100_drop0.50_s0.20_c0.05,1.0,0.0,0.0,False,False,1.0068271698186462,1.0170734897113791,-0.0865463796488441,-0.1149304575594595,False,,
2026-10-06,GAIL,INE129A01019,172.08,172.08,1491036623.6814284,344.16,0.2011055301307016,0.0200781415452582,0.1136283264806888,0.176700143063979,0.1834638078757928,0.0741938876365673,0.0130451435417411,0.0196807248319248,0.0281335315405975,0.0130451435417411,0.4170691195994136,0.0656034714893317,0.4170691195994136,0.3245890016909817,0.1304673825427953,0.1130612244897959,0.1136283264806888,0.0200781415452582,0.1130612244897959,0.4170691195994136,False,,,N100_drop0.50_s0.20_c0.05,1.0,0.0,0.0,False,False,1.0068271698186462,1.0170734897113791,-0.0865463796488441,-0.1149304575594595,False,,
2026-10-06,ASHOKA,INE442H01029,106.42,106.42,285524846.09333336,212.84,0.2008646141788682,0.0200429522684773,0.230614026313427,0.0869112455512009,0.1557324996180426,0.0323503915035247,0.0130167955576768,0.0196438978188213,0.0280951260804145,0.0130167955576768,0.3672714781729821,0.0902273846623894,0.3672714781729821,0.3291923355438763,0.1216269504767811,0.1130612244897959,0.230614026313427,0.0200429522684773,0.1130612244897959,0.3672714781729821,False,,,N100_drop0.50_s0.20_c0.05,1.0,0.0,0.0,False,False,1.0068271698186462,1.0170734897113791,-0.0865463796488441,-0.1149304575594595,False,,
2026-10-06,AADHARHFC,INE883F01010,453.8,453.8,168775279.16746032,907.6,0.2008155907169418,0.0200357952166278,0.1609735402450894,0.1244663886134481,0.1760822219455173,0.0494995272356176,0.0130110314247156,0.0196371039990661,0.0280873130690419,0.0130110314247156,0.3969229886123527,0.0746394698792204,0.3969229886123527,0.3095989805874806,0.1370607795389719,0.1130612244897959,0.1609735402450894,0.0200357952166278,0.1130612244897959,0.3969229886123527,False,,,N100_drop0.50_s0.20_c0.05,1.0,0.0,0.0,False,False,1.0068271698186462,1.0170734897113791,-0.0865463796488441,-0.1149304575594595,False,,
2026-10-06,BAJAJHFL,INE377Y01014,82.36,82.36,254537140.2433335,164.72,0.2005898487293068,0.0200028540359488,0.1509429030761692,0.1325193409448006,0.1837517725649477,0.0760318997936746,0.0129845078046699,0.0196058339978407,0.0280513447746029,0.0129845078046699,0.410357809772016,0.0647757255365467,0.410357809772016,0.3178583663263498,0.1303161165583785,0.1130612244897959,0.1509429030761692,0.0200028540359488,0.1130612244897959,0.410357809772016,False,,,N100_drop0.50_s0.20_c0.05,1.0,0.0,0.0,False,False,1.0068271698186462,1.0170734897113791,-0.0865463796488441,-0.1149304575594595,False,,
2026-10-06,WAAREERTL,INE299N01021,825.95,825.95,134160030.06825396,1651.9,0.2001246600602272,0.0199350517299198,0.2335560876823372,0.0853544513771516,0.1702555383652229,0.0891182826258528,0.0129299482468956,0.0195414681380953,0.0279772704389801,0.0129299482468956,0.355853864277494,0.101121874570429,0.355853864277494,0.2923922128673001,0.1463067499036668,0.1045667947076397,0.2335560876823372,0.0199350517299198,0.1045667947076397,0.355853864277494,False,,,N100_drop0.50_s0.20_c0.05,1.0,0.0,0.0,False,False,1.0068271698186462,1.0170734897113791,-0.0865463796488441,-0.1149304575594595,False,,
2026-10-06,NFL,INE870D01012,64.91,64.91,46744927.75984128,129.82,0.2001085030229604,0.019932698737081,0.1669258127141879,0.1194105238307869,0.1651256272218307,0.0687471163110989,0.0129280556394857,0.0195392343224109,0.0279746987814308,0.0129280556394857,0.4177102579207698,0.0565505074455957,0.4177102579207698,0.3512935559466852,0.103751635602743,0.1428571428571428,0.1669258127141879,0.019932698737081,0.1428571428571428,0.4177102579207698,False,,,N100_drop0.50_s0.20_c0.05,1.0,0.0,0.0,False,False,1.0068271698186462,1.0170734897113791,-0.0865463796488441,-0.1149304575594595,False,,
2026-10-06,SAIL,INE114A01011,178.1,178.1,3353295779.4819045,356.2,0.2000736092170136,0.0199276175005103,0.1640491277124782,0.1214734743084805,0.1736044712687025,0.1099892403086943,0.0129239687813226,0.0195344104278764,0.0279691451135751,0.0129239687813226,0.4432802278838575,0.0406189365628814,0.4432802278838575,0.3464688732024319,0.1082425527817386,0.1330698287220026,0.1640491277124782,0.0199276175005103,0.1330698287220026,0.4432802278838575,False,,,N100_drop0.50_s0.20_c0.05,1.0,0.0,0.0,False,False,1.0068271698186462,1.0170734897113791,-0.0865463796488441,-0.1149304575594595,False,,
2026-10-06,INOXWIND,INE066P01011,68.7,68.7,913500356.0671428,137.4,0.199974058349063,0.0199131242245775,0.234830174336732,0.0847979791388451,0.1645096330556352,0.0288253176657283,0.0129123131819662,0.0195206510334856,0.0279533025905416,0.0129123131819662,0.3927564684366183,0.0728230221812341,0.3927564684366183,0.375355592943294,0.1080543329867871,0.1578542883492161,0.234830174336732,0.0199131242245775,0.1578542883492161,0.3927564684366183,False,,,N100_drop0.50_s0.20_c0.05,1.0,0.0,0.0,False,False,1.0068271698186462,1.0170734897113791,-0.0865463796488441,-0.1149304575594595,False,,
2026-10-06,CESC,INE486A01021,134.43,134.43,248562880.43269843,268.86,0.1998553850439085,0.0198958534057369,0.174859622572752,0.1137818617757746,0.1731544123422423,0.0255388099322378,0.0128984265673592,0.0195037146618994,0.0279344206112891,0.0128984265673592,0.3958993227750346,0.0884420753354871,0.3958993227750346,0.3154995103066318,0.1354590409445042,0.1130612244897959,0.174859622572752,0.0198958534057369,0.1130612244897959,0.3958993227750346,False,,,N100_drop0.50_s0.20_c0.05,1.0,0.0,0.0,False,False,1.0068271698186462,1.0170734897113791,-0.0865463796488441,-0.1149304575594595,False,,
2026-10-06,CANFINHOME,INE477A01020,734.75,734.75,201158594.99761903,1469.5,0.1998094561036115,0.0198891711299003,0.1644254505177417,0.1209616337815922,0.1684823962643321,0.058652070400713,0.0128930544682236,0.0194971550046463,0.0279271139842756,0.0128930544682236,0.3960803920700775,0.0710816657187704,0.3960803920700775,0.3056907448200516,0.13815253477131,0.1130612244897959,0.1644254505177417,0.0198891711299003,0.1130612244897959,0.3960803920700775,False,,,N100_drop0.50_s0.20_c0.05,1.0,0.0,0.0,False,False,1.0068271698186462,1.0170734897113791,-0.0865463796488441,-0.1149304575594595,False,,
2026-10-06,BIRLACORPN,INE340A01012,803.45,803.45,77140033.4484127,1606.9,0.1997877883431368,0.0198860190157919,0.2023187559705801,0.0982905362401679,0.1609413856760875,0.0278263853727096,0.0128905205340386,0.0194940607457553,0.0279236671668927,0.0128905205340386,0.3963567881414173,0.0681697961801689,0.3963567881414173,0.3512194758240894,0.1040349476835475,0.1428571428571428,0.2023187559705801,0.0198860190157919,0.1428571428571428,0.3963567881414173,False,,,N100_drop0.50_s0.20_c0.05,1.0,0.0,0.0,False,False,1.0068271698186462,1.0170734897113791,-0.0865463796488441,-0.1149304575594595,False,,
2026-10-06,FINPIPE,INE183A01024,154.72,154.72,71947376.7884127,309.44,0.1995208326453861,0.0198472027891399,0.1628694021812013,0.1218596158845036,0.1766205921896606,0.0744997760149612,0.0128593248339435,0.0194559577293247,0.0278812119238382,0.0128593248339435,0.4132154056727823,0.0648294640840908,0.4132154056727823,0.3334397789892021,0.117620547870659,0.1130612244897959,0.1628694021812013,0.0198472027891399,0.1130612244897959,0.4132154056727823,False,,,N100_drop0.50_s0.20_c0.05,1.0,0.0,0.0,False,False,1.0068271698186462,1.0170734897113791,-0.0865463796488441,-0.1149304575594595,False,,
2026-10-06,HEMIPROP,INE0AJG01018,113.53,113.53,40445549.82952382,227.06,0.1993524039297133,0.0198227308885605,0.207898267651391,0.0953482254205205,0.1631094242828525,0.0725268284238092,0.0128396649900438,0.0194319361996299,0.0278544363242934,0.0128396649900438,0.4045038160257687,0.0654418387788314,0.4045038160257687,0.3276583506922526,0.120204643383191,0.1130612244897959,0.207898267651391,0.0198227308885605,0.1130612244897959,0.4045038160257687,False,,,N100_drop0.50_s0.20_c0.05,1.0,0.0,0.0,False,False,1.0068271698186462,1.0170734897113791,-0.0865463796488441,-0.1149304575594595,False,,
2026-10-06,DHANUKA,INE435G01025,909.55,909.55,30518330.080952384,1819.1,0.1990640097929556,0.0197808612212652,0.1958019409193702,0.1010248474983751,0.1611692869596437,0.0603170967336433,0.0128060421524781,0.0193904562189496,0.0278086081875566,0.0128060421524781,0.3943321553413292,0.0714464599023602,0.3943321553413292,0.3682705600780441,0.1008877536194106,0.1496062992125984,0.1958019409193702,0.0197808612212652,0.1496062992125984,0.3943321553413292,False,,,N100_drop0.50_s0.20_c0.05,1.0,0.0,0.0,False,False,1.0068271698186462,1.0170734897113791,-0.0865463796488441,-0.1149304575594595,False,,
2026-10-06,DCXINDIA,INE0KL801015,160.23,160.23,80630174.07349207,320.46,0.1990281938909323,0.0197756642693164,0.2071710876733377,0.095455714846167,0.1709982745790887,0.002205333147896,0.0128018700260502,0.01938484826276,0.0278029184022446,0.0128018700260502,0.3989176365550208,0.0690825442789335,0.3989176365550208,0.350075761834051,0.1061080345115038,0.1428571428571428,0.2071710876733377,0.0197756642693164,0.1428571428571428,0.3989176365550208,False,,,N100_drop0.50_s0.20_c0.05,1.0,0.0,0.0,False,False,1.0068271698186462,1.0170734897113791,-0.0865463796488441,-0.1149304575594595,False,,
2026-10-06,ITI,INE248A01017,247.84,247.84,90484069.44031744,495.68,0.1987513866780297,0.0197355204655675,0.1745003926306252,0.1130972840120931,0.1620554147034413,0.0236627797497703,0.0127696515017793,0.0193442390066315,0.0277589565319333,0.0127696515017793,0.3921221469248658,0.073110685123255,0.3921221469248658,0.3379490172093495,0.1136122852980112,0.1130612244897959,0.1745003926306252,0.0197355204655675,0.1130612244897959,0.3921221469248658,False,,,N100_drop0.50_s0.20_c0.05,1.0,0.0,0.0,False,False,1.0068271698186462,1.0170734897113791,-0.0865463796488441,-0.1149304575594595,False,,
2026-10-06,BHARTIHEXA,INE343G01021,1386.8,1386.8,241269665.4380952,2773.6,0.1987364794225115,0.0197333596257623,0.183315978797541,0.1076466970048278,0.1652722221065367,0.0688726991766861,0.0127679177133245,0.0193423815353134,0.0277565896131694,0.0127679177133245,0.3970706643860643,0.0706775637822993,0.3970706643860643,0.3475158154162032,0.1103548097753603,0.1330698287220026,0.183315978797541,0.0197333596257623,0.1330698287220026,0.3970706643860643,False,,,N100_drop0.50_s0.20_c0.05,1.0,0.0,0.0,False,False,1.0068271698186462,1.0170734897113791,-0.0865463796488441,-0.1149304575594595,False,,
2026-10-06,RAILTEL,INE0DD101019,257.65,257.65,234574156.17698413,515.3,0.1986400131043895,0.0197193792765445,0.2273544265165235,0.0867340899347364,0.1725724685502493,0.0732770422086188,0.0127567014504869,0.0193303635497803,0.0277412745711127,0.0127567014504869,0.372047583714886,0.0891027514570712,0.372047583714886,0.3136380196152026,0.1323347278394183,0.1130612244897959,0.2273544265165235,0.0197193792765445,0.1130612244897959,0.372047583714886,False,,,N100_drop0.50_s0.20_c0.05,1.0,0.0,0.0,False,False,1.0068271698186462,1.0170734897113791,-0.0865463796488441,-0.1149304575594595,False,,
2026-10-06,KPITTECH,INE04I401011,492.7,492.7,1687865856.1507936,985.4,0.1982570300915883,0.019663920996113,0.244907231720958,0.0802913040090123,0.1497162404870462,0.0437534198101778,0.0127122270876101,0.0192826830416565,0.027680497991996,0.0127122270876101,0.399650808524593,0.0619832559302897,0.399650808524593,0.4008866465147619,0.0936961053310224,0.1578542883492161,0.244907231720958,0.019663920996113,0.1578542883492161,0.399650808524593,False,,,N100_drop0.50_s0.20_c0.05,1.0,0.0,0.0,False,False,1.0068271698186462,1.0170734897113791,-0.0865463796488441,-0.1149304575594595,False,,
2026-10-06,HINDZINC,INE267A01025,557.65,557.65,2856820391.104762,1115.3,0.1982225393794217,0.0196589300891973,0.1694118071312142,0.1160422666052487,0.1707517477230968,0.1246842701248227,0.0127082261668191,0.0192780526378695,0.0276750266078272,0.0127082261668191,0.408602173373727,0.0651853634379426,0.408602173373727,0.3508303333995957,0.1098228176434456,0.1428571428571428,0.1694118071312142,0.0196589300891973,0.1428571428571428,0.408602173373727,False,,,N100_drop0.50_s0.20_c0.05,1.0,0.0,0.0,False,False,1.0068271698186462,1.0170734897113791,-0.0865463796488441,-0.1149304575594595,False,,
2026-10-06,ABFRL,INE647O01011,45.68,45.68,307009058.7492064,91.36,0.1978209156434048,0.0196008572209488,0.2347302035253368,0.0835037712512916,0.1561672776326798,0.0218421792259352,0.0126616907564626,0.0192162682792117,0.0276113403649765,0.0126616907564626,0.4080112924466095,0.0609957588712029,0.4080112924466095,0.3822642253316631,0.0972763809618182,0.1578542883492161,0.2347302035253368,0.0196008572209488,0.1578542883492161,0.4080112924466095,False,,,N100_drop0.50_s0.20_c0.05,1.0,0.0,0.0,False,False,1.0068271698186462,1.0170734897113791,-0.0865463796488441,-0.1149304575594595,False,,
2026-10-06,LEMONTREE,INE970X01018,110.12,110.12,353069449.2119048,220.24,0.1968040493210851,0.0194541790221645,0.1704998994422908,0.1141008240227685,0.1886551050006316,0.0961246482195532,0.0125443034073698,0.0190679337901796,0.0274502974078229,0.0125443034073698,0.3828925117448265,0.0877109841422769,0.3828925117448265,0.3008187726029694,0.1420012806858919,0.1111111111111111,0.1704998994422908,0.0194541790221645,0.1111111111111111,0.3828925117448265,False,,,N100_drop0.50_s0.20_c0.05,1.0,0.0,0.0,False,False,1.0068271698186462,1.0170734897113791,-0.0865463796488441,-0.1149304575594595,False,,
2026-10-06,RALLIS,INE613A01020,200.3,200.3,209301131.698254,400.6,0.1963241192033572,0.0193851282529181,0.1828071723305296,0.1060413987360863,0.1650795021746274,0.0039085532152445,0.0124891163556195,0.0190008805430098,0.0273743910859284,0.0124891163556195,0.3928738539679244,0.0713962029133452,0.3928738539679244,0.3647610905757026,0.1020176275754737,0.1428571428571428,0.1828071723305296,0.0193851282529181,0.1428571428571428,0.3928738539679244,False,,,N100_drop0.50_s0.20_c0.05,1.0,0.0,0.0,False,False,1.0068271698186462,1.0170734897113791,-0.0865463796488441,-0.1149304575594595,False,,
2026-10-06,JKLAKSHMI,INE786A01032,478.45,478.45,108520247.85793652,956.9,0.196256244964476,0.0193753718739265,0.191831872176053,0.1010018390277966,0.1637779869078123,0.0150659929782134,0.0124813226845462,0.018991406468788,0.0273636612357919,0.0124813226845462,0.4265275803811268,0.0561803379027003,0.4265275803811268,0.3388234710198483,0.1122749145488539,0.1330698287220026,0.191831872176053,0.0193753718739265,0.1330698287220026,0.4265275803811268,False,,,N100_drop0.50_s0.20_c0.05,1.0,0.0,0.0,False,False,1.0068271698186462,1.0170734897113791,-0.0865463796488441,-0.1149304575594595,False,,
2026-10-06,VINATIORGA,INE410B01037,1179.5,1179.5,73442798.26349206,2359.0,0.1960649794148453,0.0193478911616544,0.1813561601607989,0.1066844994098887,0.1664412963681096,0.0601564179811784,0.0124593754649752,0.0189647210137557,0.0273334321116879,0.0124593754649752,0.3948258492139196,0.072300880535886,0.3948258492139196,0.3294755102960237,0.1206824446891392,0.1130612244897959,0.1813561601607989,0.0193478911616544,0.1130612244897959,0.3948258492139196,False,,,N100_drop0.50_s0.20_c0.05,1.0,0.0,0.0,False,False,1.0068271698186462,1.0170734897113791,-0.0865463796488441,-0.1149304575594595,False,,
2026-10-06,KALYANKJIL,INE303R01014,548.15,548.15,12235908211.161112,1096.3,0.1960215792292802,0.0193416579982792,0.1756236790449874,0.1101312653479075,0.1696361791079772,0.1018298154610248,0.0124543984641157,0.0189586682490895,0.0273265742302316,0.0124543984641157,0.4338213631060162,0.0484378851418932,0.4338213631060162,0.3585701215504492,0.1017974526559377,0.1428571428571428,0.1756236790449874,0.0193416579982792,0.1428571428571428,0.4338213631060162,False,,,N100_drop0.50_s0.20_c0.05,1.0,0.0,0.0,False,False,1.0068271698186462,1.0170734897113791,-0.0865463796488441,-0.1149304575594595,False,,
2026-10-06,SOBHA,INE671H01015,1190.7,1190.7,216437559.34285715,2381.4,0.1959342481629117,0.0193291182569579,0.1804460547960528,0.1071185417647646,0.1656426082028567,0.0532914494176701,0.0124443870289503,0.0189464914509568,0.0273127762096079,0.0124443870289503,0.3824948138211006,0.0788996142409093,0.3824948138211006,0.3072272942016654,0.1355903914366017,0.1130612244897959,0.1804460547960528,0.0193291182569579,0.1130612244897959,0.3824948138211006,False,,,N100_drop0.50_s0.20_c0.05,1.0,0.0,0.0,False,False,1.0068271698186462,1.0170734897113791,-0.0865463796488441,-0.1149304575594595,False,,
2026-10-06,SHAKTIPUMP,INE908D01010,449.35,449.35,328114657.6571429,898.7,0.1956820514644527,0.0192929267232392,0.2702782039337618,0.0713817334969691,0.1791166220171572,0.151868032806643,0.0124155781683786,0.0189113475816988,0.0272729419573247,0.0124155781683786,0.3091228135197806,0.137739881286765,0.3091228135197806,0.3307794426724276,0.1614009601101492,0.1130612244897959,0.2702782039337618,0.0192929267232392,0.1130612244897959,0.3091228135197806,False,,,N100_drop0.50_s0.20_c0.05,1.0,0.0,0.0,False,False,1.0068271698186462,1.0170734897113791,-0.0865463796488441,-0.1149304575594595,False,,
2026-10-06,COLPAL,INE259A01022,1809.4,1809.4,755779399.7238095,3618.8,0.195431791009773,0.0192570439098212,0.1598939819859922,0.1204363270626925,0.182094660723389,0.0683519762296738,0.0123870293628169,0.018876503725625,0.027233431133502,0.0123870293628169,0.3927822158291856,0.0769704434979033,0.3927822158291856,0.2996541010714234,0.1439450436640866,0.109375,0.1598939819859922,0.0192570439098212,0.109375,0.3927822158291856,False,,,N100_drop0.50_s0.20_c0.05,1.0,0.0,0.0,False,False,1.0068271698186462,1.0170734897113791,-0.0865463796488441,-0.1149304575594595,False,,
2026-10-06,INDUSINDBK,INE095A01012,906.1,906.1,1858591487.270635,1812.2,0.1952983173766706,0.0192379187725032,0.1497824902121942,0.1284390368009589,0.1766943138541692,0.0829975816976533,0.0123718184017968,0.0188579324339895,0.02721236563741,0.0123718184017968,0.4195956449215377,0.0561184861034446,0.4195956449215377,0.3319629764589852,0.1185412535647011,0.1130612244897959,0.1497824902121942,0.0192379187725032,0.1130612244897959,0.4195956449215377,False,,,N100_drop0.50_s0.20_c0.05,1.0,0.0,0.0,False,False,1.0068271698186462,1.0170734897113791,-0.0865463796488441,-0.1149304575594595,False,,
2026-10-06,EMAMILTD,INE548C01032,384.0,384.0,556976153.7563492,768.0,0.1952481802683275,0.0192307369958441,0.1971507260330629,0.0975433232369586,0.1945867364422498,0.0926715721869468,0.0123661073975915,0.0188509586513822,0.0272044540274455,0.0123661073975915,0.3740154603705736,0.094964526099079,0.3740154603705736,0.3191612274622017,0.1311247823524009,0.1130612244897959,0.1971507260330629,0.0192307369958441,0.1130612244897959,0.3740154603705736,False,,,N100_drop0.50_s0.20_c0.05,1.0,0.0,0.0,False,False,1.0068271698186462,1.0170734897113791,-0.0865463796488441,-0.1149304575594595,False,,
2026-10-06,LICHSGFIN,INE115A01026,502.0,502.0,1405475250.603968,1004.0,0.1951516290842667,0.019216910211543,0.1570226352735604,0.1223830575640506,0.1731026402204326,0.1030142843915952,0.0123551136786416,0.0188375323352077,0.0271892202789119,0.0123551136786416,0.4019115769838628,0.0675890142686996,0.4019115769838628,0.3306175611208606,0.1193732836202073,0.1130612244897959,0.1570226352735604,0.019216910211543,0.1130612244897959,0.4019115769838628,False,,,N100_drop0.50_s0.20_c0.05,1.0,0.0,0.0,False,False,1.0068271698186462,1.0170734897113791,-0.0865463796488441,-0.1149304575594595,False,,
2026-10-06,UTIAMC,INE094J01016,888.2,888.2,176090984.45158732,1776.4,0.1951064722701799,0.0192104450178295,0.1743461758342022,0.1101856402981735,0.1722152348540576,0.019146238435495,0.0123499738366938,0.0188312544058319,0.0271820963760952,0.0123499738366938,0.3886195951281251,0.0798941032540356,0.3886195951281251,0.3294568727409681,0.120744165489879,0.1130612244897959,0.1743461758342022,0.0192104450178295,0.1130612244897959,0.3886195951281251,False,,,N100_drop0.50_s0.20_c0.05,1.0,0.0,0.0,False,False,1.0068271698186462,1.0170734897113791,-0.0865463796488441,-0.1149304575594595,False,,
2026-10-06,VIPIND,INE054A01027,288.1,288.1,86306619.3404762,576.2,0.1950977717007669,0.0192091994542839,0.2090034961693151,0.0919085077826759,0.1721118802282219,0.0821147872593198,0.0123489836590401,0.018830044920879,0.0271807238466725,0.0123489836590401,0.3871698800203423,0.0802098173973816,0.3871698800203423,0.3513392631738811,0.113919569237991,0.1428571428571428,0.2090034961693151,0.0192091994542839,0.1428571428571428,0.3871698800203423,False,,,N100_drop0.50_s0.20_c0.05,1.0,0.0,0.0,False,False,1.0068271698186462,1.0170734897113791,-0.0865463796488441,-0.1149304575594595,False,,
2026-10-06,RAYMONDLSL,INE02ID01020,649.85,649.85,164918446.85,1299.7,0.1950005514235731,0.0191952840339057,0.2477926062480163,0.0774651202251498,0.1795207219572882,0.0212308481541817,0.0123379224582434,0.0188165325886147,0.0271653886225961,0.0123379224582434,0.3802983476763344,0.0986438072762018,0.3802983476763344,0.3535157682599494,0.1281013142265415,0.1428571428571428,0.2477926062480163,0.0191952840339057,0.1428571428571428,0.3802983476763344,False,,,N100_drop0.50_s0.20_c0.05,1.0,0.0,0.0,False,False,1.0068271698186462,1.0170734897113791,-0.0865463796488441,-0.1149304575594595,False,,
2026-10-06,CHOLAHLDNG,INE149A01033,1424.6,1424.6,283363188.2349207,2849.2,0.1949536754562323,0.0191885761954516,0.1779682693873243,0.1078202100942513,0.1753552684360942,0.0509844892655354,0.0123325911676261,0.0188100190683179,0.0271579954962314,0.0123325911676261,0.3943634000075365,0.0738026170688838,0.3943634000075365,0.3193841714534562,0.1276373366785011,0.1130612244897959,0.1779682693873243,0.0191885761954516,0.1130612244897959,0.3943634000075365,False,,,N100_drop0.50_s0.20_c0.05,1.0,0.0,0.0,False,False,1.0068271698186462,1.0170734897113791,-0.0865463796488441,-0.1149304575594595,False,,
2026-10-06,OIL,INE274J01014,447.85,447.85,1321427556.5706348,895.7,0.1948636386925442,0.0191756951699229,0.1348375008852617,0.1422133682694123,0.1744491806874853,0.054018610745819,0.0123223547779868,0.0187975112129913,0.0271437969085167,0.0123223547779868,0.4257082514252184,0.0522678028086481,0.4257082514252184,0.3237679650956607,0.129115417619241,0.1130612244897959,0.1348375008852617,0.0191756951699229,0.1130612244897959,0.4257082514252184,False,,,N100_drop0.50_s0.20_c0.05,1.0,0.0,0.0,False,False,1.0068271698186462,1.0170734897113791,-0.0865463796488441,-0.1149304575594595,False,,
2026-10-06,UGROCAP,INE583D01011,82.97,82.97,27926785.49952381,165.94,0.1947390110315592,0.0191578719811774,0.21699025228587,0.0882890903133207,0.1657029509166069,0.0167613585786398,0.0123081936441292,0.0187802044194288,0.0271241471489631,0.0123081936441292,0.4019050155058547,0.080431996791636,0.4019050155058547,0.3514648637983771,0.1073034546818553,0.1428571428571428,0.21699025228587,0.0191578719811774,0.1428571428571428,0.4019050155058547,False,,,N100_drop0.50_s0.20_c0.05,1.0,0.0,0.0,False,False,1.0068271698186462,1.0170734897113791,-0.0865463796488441,-0.1149304575594595,False,,
2026-10-06,GICRE,INE481Y01014,314.25,314.25,263442185.58888888,628.5,0.1947209366185699,0.0191552877637336,0.1542900247205787,0.124151174377113,0.1623784605525649,0.0752449392394073,0.012306140658159,0.018777695079694,0.0271212977571078,0.012306140658159,0.3923202450892469,0.0722765946146075,0.3923202450892469,0.3214802015652744,0.1245659309536914,0.1130612244897959,0.1542900247205787,0.0191552877637336,0.1130612244897959,0.3923202450892469,False,,,N100_drop0.50_s0.20_c0.05,1.0,0.0,0.0,False,False,1.0068271698186462,1.0170734897113791,-0.0865463796488441,-0.1149304575594595,False,,
2026-10-06,YESBANK,INE528G01035,20.86,20.86,1472626690.5742855,41.72,0.1947112738479107,0.0191539062796068,0.1504097698332387,0.1273448280709628,0.1813500759033227,0.0852034773247111,0.0123050431898193,0.0187763536245524,0.0271197744797203,0.0123050431898193,0.4206191733945705,0.0565046172992772,0.4206191733945705,0.3344249684802621,0.1172206792050049,0.1130612244897959,0.1504097698332387,0.0191539062796068,0.1130612244897959,0.4206191733945705,False,,,N100_drop0.50_s0.20_c0.05,1.0,0.0,0.0,False,False,1.0068271698186462,1.0170734897113791,-0.0865463796488441,-0.1149304575594595,False,,
2026-10-06,RCF,INE027A01015,108.94,108.94,167888281.5052381,217.88,0.1945377260242402,0.0191291019687207,0.1849425263383263,0.1034326844531515,0.1717361823211302,0.0053331430910253,0.0122853415785938,0.0187522680838485,0.0270924201462765,0.0122853415785938,0.4033623490833049,0.0665697670576305,0.4033623490833049,0.3266171158257038,0.1216362556425705,0.1130612244897959,0.1849425263383263,0.0191291019687207,0.1130612244897959,0.4033623490833049,False,,,N100_drop0.50_s0.20_c0.05,1.0,0.0,0.0,False,False,1.0068271698186462,1.0170734897113791,-0.0865463796488441,-0.1149304575594595,False,,
2026-10-06,POLICYBZR,INE417T01026,1034.9,1034.9,4602230488.933334,2069.8,0.1944948380435974,0.0191229744784573,0.2502496879496493,0.0764155777181427,0.1642832780904591,0.0050345818057975,0.0122804755722212,0.018745935071165,0.0270856615040789,0.0122804755722212,0.3946245934246222,0.0753369976855122,0.3946245934246222,0.4070684281508807,0.0683525690387817,0.1578542883492161,0.2502496879496493,0.0191229744784573,0.1578542883492161,0.3946245934246222,False,,,N100_drop0.50_s0.20_c0.05,1.0,0.0,0.0,False,False,1.0068271698186462,1.0170734897113791,-0.0865463796488441,-0.1149304575594595,False,,
2026-10-06,UBL,INE686F01025,1178.3,1178.3,177003391.09523812,2356.6,0.1942166692163672,0.0190832537947273,0.2049475500993151,0.0931128661234537,0.1708809795031522,0.0066560527710261,0.0122489414087862,0.018702636458797,0.0270418377992124,0.0122489414087862,0.3915812487583932,0.0742212295130217,0.3915812487583932,0.3178378012342013,0.127888214856557,0.1130612244897959,0.2049475500993151,0.0190832537947273,0.1130612244897959,0.3915812487583932,False,,,N100_drop0.50_s0.20_c0.05,1.0,0.0,0.0,False,False,1.0068271698186462,1.0170734897113791,-0.0865463796488441,-0.1149304575594595,False,,
2026-10-06,ADVENTHTL,INE28GN01010,122.21,122.21,23797603.99968254,244.42,0.1941716208002057,0.0190768247367202,0.2459722847796451,0.0775568058564413,0.1607411476364062,0.0576204013296491,0.0122438388789671,0.0186956292247045,0.0270347427383163,0.0122438388789671,0.3877739723048891,0.1140686858976267,0.3877739723048891,0.3497462640180241,0.1273883288219496,0.1428571428571428,0.2459722847796451,0.0190768247367202,0.1428571428571428,0.3877739723048891,False,,,N100_drop0.50_s0.20_c0.05,1.0,0.0,0.0,False,False,1.0068271698186462,1.0170734897113791,-0.0865463796488441,-0.1149304575594595,False,,
2026-10-06,AWL,INE699H01024,185.93,185.93,538338272.8598413,371.86,0.1940502260296547,0.0190595048926812,0.1683685126017876,0.1132011241184946,0.1782168089202312,0.0354369574059867,0.0122300947546401,0.0186767530761035,0.0270156260467102,0.0122300947546401,0.388305649021123,0.0789020471836628,0.388305649021123,0.3181892029692419,0.1299506637550082,0.1130612244897959,0.1683685126017876,0.0190595048926812,0.1130612244897959,0.388305649021123,False,,,N100_drop0.50_s0.20_c0.05,1.0,0.0,0.0,False,False,1.0068271698186462,1.0170734897113791,-0.0865463796488441,-0.1149304575594595,False,,
2026-10-06,FISCHER,INE771F01041,33.14,33.14,58398419.23888888,66.28,0.1937897179436867,0.019022361542265,0.3205634119238809,0.0593404014141888,0.1572041199320732,0.0198155574242595,0.0122006298726789,0.0186362785375949,0.026974616259117,0.0122006298726789,0.3662415414112596,0.1267604516782205,0.3662415414112596,0.3701599111208724,0.1412389085999682,0.1496062992125984,0.3205634119238809,0.019022361542265,0.1496062992125984,0.3662415414112596,False,,,N100_drop0.50_s0.20_c0.05,1.0,0.0,0.0,False,False,1.0068271698186462,1.0170734897113791,-0.0865463796488441,-0.1149304575594595,False,,
2026-10-06,JSWCEMENT,INE718I01012,113.2,113.2,203367143.0,226.4,0.1935258845544107,0.0189847778505674,0.166000389400857,0.1143658633518209,0.1736036257427492,0.0429495142637327,0.0121708297768845,0.018595850903891,0.026933102209391,0.0121708297768845,0.3969481150778947,0.0745525182342104,0.3969481150778947,0.3131073066548027,0.134401169493611,0.1130612244897959,0.166000389400857,0.0189847778505674,0.1130612244897959,0.3969481150778947,False,,,N100_drop0.50_s0.20_c0.05,1.0,0.0,0.0,False,False,1.0068271698186462,1.0170734897113791,-0.0865463796488441,-0.1149304575594595,False,,
2026-10-06,IGL,INE203G01027,141.38,141.38,288370631.77428573,282.76,0.1932953013856778,0.0189519585527571,0.1694044368341509,0.1118740388795797,0.1619258571524247,0.0695912728446704,0.0121448189816938,0.0185606524230164,0.0268968358835918,0.0121448189816938,0.3828533124487168,0.0772996775645684,0.3828533124487168,0.3203940845342914,0.1250497513333723,0.1130612244897959,0.1694044368341509,0.0189519585527571,0.1130612244897959,0.3828533124487168,False,,,N100_drop0.50_s0.20_c0.05,1.0,0.0,0.0,False,False,1.0068271698186462,1.0170734897113791,-0.0865463796488441,-0.1149304575594595,False,,
2026-10-06,INDIAMART,INE933S01016,1592.9,1592.9,207605495.1,3185.8,0.1930845659633103,0.0189219869005807,0.1832246528157951,0.1032720576068107,0.1696489932458945,0.0411344791380593,0.0121210745480682,0.018528513042924,0.0268613167942073,0.0121210745480682,0.4036367526287528,0.0651557043861462,0.4036367526287528,0.3068592952135973,0.1365795261817986,0.1130612244897959,0.1832246528157951,0.0189219869005807,0.1130612244897959,0.4036367526287528,False,,,N100_drop0.50_s0.20_c0.05,1.0,0.0,0.0,False,False,1.0068271698186462,1.0170734897113791,-0.0865463796488441,-0.1149304575594595,False,,
2026-10-06,LENSKART,INE956O01016,684.85,684.85,5714623335.383334,1369.7,0.1929362507645691,0.018900905888468,0.1149816349936053,0.1643819544705486,0.1991402484557017,0.027673191600022,0.0121043789664864,0.0185059102014088,0.0268335720477491,0.0121043789664864,0.4372096385328169,0.0655740361305139,0.4372096385328169,0.3434804260848483,0.1185175627798349,0.1330698287220026,0.1149816349936053,0.018900905888468,0.1330698287220026,0.4372096385328169,False,,,N100_drop0.50_s0.20_c0.05,1.0,0.0,0.0,False,False,1.0068271698186462,1.0170734897113791,-0.0865463796488441,-0.1149304575594595,False,,
2026-10-06,HGINFRA,INE926X01010,417.2,417.2,183915783.065873,834.4,0.1928675307437544,0.0188911418954118,0.2539858821740244,0.0743787085081687,0.1662038252001036,0.0369514013820157,0.0120966476712996,0.0184954421550368,0.0268207208278166,0.0120966476712996,0.3830844406218009,0.092184800294843,0.3830844406218009,0.3380746096244924,0.1227102748734474,0.1130612244897959,0.2539858821740244,0.0188911418954118,0.1130612244897959,0.3830844406218009,False,,,N100_drop0.50_s0.20_c0.05,1.0,0.0,0.0,False,False,1.0068271698186462,1.0170734897113791,-0.0865463796488441,-0.1149304575594595,False,,
2026-10-06,INTERARCH,INE00M901018,1685.6,1685.6,88333244.53809525,3371.2,0.192834927524229,0.018886510314976,0.1795634163937873,0.1051801680669596,0.1827122966030571,0.0559339600438486,0.0120929806437764,0.0184904767830965,0.0268146246308684,0.0120929806437764,0.3751208712370893,0.0893240310471462,0.3751208712370893,0.3161423491147755,0.1303667227364681,0.1130612244897959,0.1795634163937873,0.018886510314976,0.1130612244897959,0.3751208712370893,False,,,N100_drop0.50_s0.20_c0.05,1.0,0.0,0.0,False,False,1.0068271698186462,1.0170734897113791,-0.0865463796488441,-0.1149304575594595,False,,
2026-10-06,GMRAIRPORT,INE776C01039,93.06,93.06,1359513084.534603,186.12,0.1927959426661523,0.0188809728452368,0.1456300637064902,0.1296502409234022,0.1781726251561592,0.0758640087100002,0.0120885966676939,0.0184845403863797,0.0268073359279579,0.0120885966676939,0.3979560456325248,0.0716235848203285,0.3979560456325248,0.3286635224246682,0.1211498291423927,0.1130612244897959,0.1456300637064902,0.0188809728452368,0.1130612244897959,0.3979560456325248,False,,,N100_drop0.50_s0.20_c0.05,1.0,0.0,0.0,False,False,1.0068271698186462,1.0170734897113791,-0.0865463796488441,-0.1149304575594595,False,,
2026-10-06,UCOBANK,INE691A01018,23.27,23.27,108772485.38269842,46.54,0.1926035342945953,0.0188536537041982,0.1641230621437277,0.1148751032178982,0.1737349283050273,0.0625315086889022,0.0120669728264485,0.0184552555403343,0.0267834402123781,0.0120669728264485,0.3817746948985923,0.0820317621866177,0.3817746948985923,0.3122240624856211,0.1326575670836123,0.1130612244897959,0.1641230621437277,0.0188536537041982,0.1130612244897959,0.3817746948985923,False,,,N100_drop0.50_s0.20_c0.05,1.0,0.0,0.0,False,False,1.0068271698186462,1.0170734897113791,-0.0865463796488441,-0.1149304575594595,False,,
2026-10-06,ADANIPOWER,INE814H01029,202.4,202.4,4492851228.389048,404.8,0.192551847593475,0.0188463180294177,0.1637470178444687,0.1150941145524765,0.1886169758823546,0.1157790025031464,0.0120611677249769,0.0184473927200503,0.0267782204325633,0.0120611677249769,0.4167620055318565,0.0697283158935433,0.4167620055318565,0.319118167281312,0.1290701224666822,0.1130612244897959,0.1637470178444687,0.0188463180294177,0.1130612244897959,0.4167620055318565,False,,,N100_drop0.50_s0.20_c0.05,1.0,0.0,0.0,False,False,1.0068271698186462,1.0170734897113791,-0.0865463796488441,-0.1149304575594595,False,,
2026-10-06,GHCL,INE539A01019,408.85,408.85,59462988.63095238,817.7,0.1924875631566952,0.0188371962259779,0.1870062225554992,0.1007303177860165,0.1734323353400161,0.0262278982092966,0.0120539499256212,0.0184376158215227,0.0267710691749452,0.0120539499256212,0.4183174809921223,0.0624753228333315,0.4183174809921223,0.3368546656035423,0.1150215245757225,0.1130612244897959,0.1870062225554992,0.0188371962259779,0.1130612244897959,0.4183174809921223,False,,,N100_drop0.50_s0.20_c0.05,1.0,0.0,0.0,False,False,1.0068271698186462,1.0170734897113791,-0.0865463796488441,-0.1149304575594595,False,,
2026-10-06,MEDIASSIST,INE456Z01021,306.25,306.25,70134896.6111111,612.5,0.1924804109927324,0.0188361814758573,0.2264887470249155,0.0831660809787834,0.1692832059559699,0.0782387993612631,0.0120531470374107,0.0184365282232929,0.0267699784068326,0.0120531470374107,0.3782251123916412,0.0864264309716351,0.3782251123916412,0.3609163229346081,0.117813607372018,0.1428571428571428,0.2264887470249155,0.0188361814758573,0.1428571428571428,0.3782251123916412,False,,,N100_drop0.50_s0.20_c0.05,1.0,0.0,0.0,False,False,1.0068271698186462,1.0170734897113791,-0.0865463796488441,-0.1149304575594595,False,,
2026-10-06,PIDILITIND,INE318A01026,1520.5,1520.5,1441970540.6555555,3041.0,0.1923524337239232,0.0188180282495587,0.1306733356075079,0.1440081724559388,0.1769006594050432,0.0809953776001365,0.0120387856439687,0.0184173118714241,0.026750462880508,0.0120387856439687,0.4302455168279809,0.0485460063272749,0.4302455168279809,0.333840844649085,0.1184999879173332,0.1130612244897959,0.1306733356075079,0.0188180282495587,0.1130612244897959,0.4302455168279809,False,,,N100_drop0.50_s0.20_c0.05,1.0,0.0,0.0,False,False,1.0068271698186462,1.0170734897113791,-0.0865463796488441,-0.1149304575594595,False,,
2026-10-06,ADANIENSOL,INE931S01010,1350.1,1350.1,4270626032.669841,2700.2,0.1923169680387645,0.0188129989492684,0.1702508742772685,0.1105016290173629,0.1825877286903709,0.1108700301161903,0.0120348074501169,0.0184122591790266,0.0267450553585474,0.0120348074501169,0.4401703742776079,0.0636369095372225,0.4401703742776079,0.3556399445080012,0.1032103692123729,0.1428571428571428,0.1702508742772685,0.0188129989492684,0.1428571428571428,0.4401703742776079,False,,,N100_drop0.50_s0.20_c0.05,1.0,0.0,0.0,False,False,1.0068271698186462,1.0170734897113791,-0.0865463796488441,-0.1149304575594595,False,,
2026-10-06,FIRSTCRY,INE02RE01045,177.57,177.57,693951416.1528572,355.14,0.1919580191039813,0.0187621317273013,0.2235406216097924,0.0839316433504964,0.1849731892132036,0.0175073459191316,0.0119945856997931,0.0183611580368573,0.0266903431880331,0.0119945856997931,0.3749867428308282,0.0946266138812652,0.3749867428308282,0.343461963928586,0.1208210342599625,0.1330698287220026,0.2235406216097924,0.0187621317273013,0.1330698287220026,0.3749867428308282,False,,,N100_drop0.50_s0.20_c0.05,1.0,0.0,0.0,False,False,1.0068271698186462,1.0170734897113791,-0.0865463796488441,-0.1149304575594595,False,,
2026-10-06,JAICORPLTD,INE070D01027,90.17,90.17,32790960.61777778,180.34,0.1919070065119659,0.0187549077361808,0.2054472234312277,0.0912882025025709,0.1639284920694231,0.078174351449045,0.0119888756693211,0.0183539012198326,0.0266825702610227,0.0119888756693211,0.3921377245203405,0.0759483012546265,0.3921377245203405,0.3378880917210847,0.1145865409263139,0.1130612244897959,0.2054472234312277,0.0187549077361808,0.1130612244897959,0.3921377245203405,False,,,N100_drop0.50_s0.20_c0.05,1.0,0.0,0.0,False,False,1.0068271698186462,1.0170734897113791,-0.0865463796488441,-0.1149304575594595,False,,
2026-10-06,SWANCORP,INE665A01038,268.85,268.85,525759134.5444445,537.7,0.1909465101935357,0.0186191259173468,0.2040260407726186,0.0912585758506058,0.1814784533088203,0.0438027252796288,0.0118816488425557,0.018217520715653,0.0265363363966528,0.0118816488425557,0.3707352517706748,0.0958271625119316,0.3707352517706748,0.3155517852895733,0.1320718999518929,0.1130612244897959,0.2040260407726186,0.0186191259173468,0.1130612244897959,0.3707352517706748,False,,,N100_drop0.50_s0.20_c0.05,1.0,0.0,0.0,False,False,1.0068271698186462,1.0170734897113791,-0.0865463796488441,-0.1149304575594595,False,,
2026-10-06,COROMANDEL,INE169A01031,1788.3,1788.3,288274808.1666667,3576.6,0.1908717000185448,0.0186085690681072,0.1724730880268241,0.1078925951926664,0.1747164849374948,0.0856127527825515,0.0118733199694082,0.0182069187791556,0.0265249561957638,0.0118733199694082,0.3926939334956986,0.074455178257899,0.3926939334956986,0.3095049219100643,0.1339974071010304,0.1130612244897959,0.1724730880268241,0.0186085690681072,0.1130612244897959,0.3926939334956986,False,,,N100_drop0.50_s0.20_c0.05,1.0,0.0,0.0,False,False,1.0068271698186462,1.0170734897113791,-0.0865463796488441,-0.1149304575594595,False,,
2026-10-06,ABREL,INE055A01016,1078.0,1078.0,242017529.5190476,2156.0,0.1908182275984738,0.0186010249619246,0.2055631284352638,0.0904881391109131,0.1595119351608103,0.0398947621577761,0.0118673687098894,0.018199342582139,0.0265168227575138,0.0118673687098894,0.3810095055302782,0.0790224331308969,0.3810095055302782,0.3609401543944796,0.1015661484914751,0.1428571428571428,0.2055631284352638,0.0186010249619246,0.1428571428571428,0.3810095055302782,False,,,N100_drop0.50_s0.20_c0.05,1.0,0.0,0.0,False,False,1.0068271698186462,1.0170734897113791,-0.0865463796488441,-0.1149304575594595,False,,
2026-10-06,HYUNDAI,INE0V6F01027,1989.0,1989.0,1629700897.7873018,3978.0,0.1908045312059102,0.0185990928421802,0.1693937340577063,0.1097979978164019,0.171826640813885,0.1022265679319485,0.0118658446272554,0.0181974022609572,0.0265147395764938,0.0118658446272554,0.4014383676008408,0.0673189493154814,0.4014383676008408,0.3548472150535748,0.1031784274883378,0.1428571428571428,0.1693937340577063,0.0185990928421802,0.1428571428571428,0.4014383676008408,False,,,N100_drop0.50_s0.20_c0.05,1.0,0.0,0.0,False,False,1.0068271698186462,1.0170734897113791,-0.0865463796488441,-0.1149304575594595,False,,
2026-10-06,SYNGENE,INE398R01022,363.2,363.2,400503124.2166667,726.4,0.1907238630840207,0.0185877150134792,0.1969129499480078,0.0943955946949504,0.1619449937206052,0.0289123197257814,0.0118568704123886,0.0181859762792615,0.0265024711257252,0.0118568704123886,0.3743524981693527,0.0830720051775861,0.3743524981693527,0.3459973745480002,0.1106798939324774,0.1330698287220026,0.1969129499480078,0.0185877150134792,0.1330698287220026,0.3743524981693527,False,,,N100_drop0.50_s0.20_c0.05,1.0,0.0,0.0,False,False,1.0068271698186462,1.0170734897113791,-0.0865463796488441,-0.1149304575594595,False,,
2026-10-06,NATCOPHARM,INE987B01026,823.65,823.65,399980319.2984127,1647.3,0.1905248603395056,0.0185596601696932,0.1607815498330414,0.115434017080728,0.1876089053003408,0.0491858820281717,0.0118347479209964,0.0181578037510301,0.0264741671999046,0.0118347479209964,0.3873354377384313,0.0931636905108563,0.3873354377384313,0.3047692045293976,0.1440253578489773,0.1130612244897959,0.1607815498330414,0.0185596601696932,0.1130612244897959,0.3873354377384313,False,,,N100_drop0.50_s0.20_c0.05,1.0,0.0,0.0,False,False,1.0068271698186462,1.0170734897113791,-0.0865463796488441,-0.1149304575594595,False,,
2026-10-06,CHAMBLFERT,INE085A01013,404.8,404.8,209620476.26666665,809.6,0.1903367722466684,0.0185331616726669,0.1569555066843593,0.1180790789961735,0.1783205206411168,0.0496350287715507,0.0118138600668335,0.0181311954696224,0.0264491202491835,0.0118138600668335,0.3805879664918617,0.0850936802086387,0.3805879664918617,0.3135325015430995,0.1316665006839283,0.1130612244897959,0.1569555066843593,0.0185331616726669,0.1130612244897959,0.3805879664918617,False,,,N100_drop0.50_s0.20_c0.05,1.0,0.0,0.0,False,False,1.0068271698186462,1.0170734897113791,-0.0865463796488441,-0.1149304575594595,False,,
2026-10-06,NCC,INE868B01028,128.47,128.47,373257057.5109524,256.94,0.1900668195843132,0.018495159738244,0.2087663817966881,0.0885926152432721,0.1671366636394029,0.0726989854486941,0.01178391699202,0.018093038420062,0.0264131790992856,0.01178391699202,0.36265381888899,0.0934469651257176,0.36265381888899,0.3419270032327353,0.1179606162346271,0.1330698287220026,0.2087663817966881,0.018495159738244,0.1330698287220026,0.36265381888899,False,,,N100_drop0.50_s0.20_c0.05,1.0,0.0,0.0,False,False,1.0068271698186462,1.0170734897113791,-0.0865463796488441,-0.1149304575594595,False,,
2026-10-06,SJVN,INE002L01015,57.26,57.26,134491528.40428573,114.52,0.1900639697528505,0.0184947587481745,0.1923601309567321,0.0961465281614651,0.1683698913589424,0.0789099661063067,0.011783601116564,0.0180926358078849,0.0264127997227451,0.011783601116564,0.4045855046147914,0.0645980003895881,0.4045855046147914,0.3155058230339047,0.1289049987400768,0.1130612244897959,0.1923601309567321,0.0184947587481745,0.1130612244897959,0.4045855046147914,False,,,N100_drop0.50_s0.20_c0.05,1.0,0.0,0.0,False,False,1.0068271698186462,1.0170734897113791,-0.0865463796488441,-0.1149304575594595,False,,
2026-10-06,IEX,INE022Q01020,104.86,104.86,571872364.585238,209.72,0.1900101538761887,0.0184871872371607,0.1913315897268154,0.0966238103365831,0.1594865208070401,0.0311252663982104,0.0117776370525518,0.0180850337255983,0.026405635803123,0.0117776370525518,0.3980578215175339,0.0649544217234245,0.3980578215175339,0.3307151116739664,0.1172180076309462,0.1130612244897959,0.1913315897268154,0.0184871872371607,0.1130612244897959,0.3980578215175339,False,,,N100_drop0.50_s0.20_c0.05,1.0,0.0,0.0,False,False,1.0068271698186462,1.0170734897113791,-0.0865463796488441,-0.1149304575594595,False,,
2026-10-06,RAMCOCEM,INE331A01037,848.25,848.25,196132910.6126984,1696.5,0.189940984047233,0.0184774575914479,0.1655031859415915,0.1116441202404944,0.178514881779284,0.085676476940473,0.0117699738930788,0.0180752649549643,0.0263964284860289,0.0117699738930788,0.3614091799190866,0.0978154778541201,0.3614091799190866,0.2986710030463266,0.1421102297127096,0.109375,0.1655031859415915,0.0184774575914479,0.109375,0.3614091799190866,False,,,N100_drop0.50_s0.20_c0.05,1.0,0.0,0.0,False,False,1.0068271698186462,1.0170734897113791,-0.0865463796488441,-0.1149304575594595,False,,
2026-10-06,SBICARD,INE018E01016,569.4,569.4,1356938331.7730155,1138.8,0.1894855302026918,0.0184134497742754,0.1984758408094736,0.0927742625962793,0.1609538652159012,0.1067702551317719,0.0117195849612015,0.0180110042455289,0.0263358164242933,0.0117195849612015,0.3591524231961245,0.0933718952617761,0.3591524231961245,0.3272626539258108,0.1244119131624439,0.1130612244897959,0.1984758408094736,0.0184134497742754,0.1130612244897959,0.3591524231961245,False,,,N100_drop0.50_s0.20_c0.05,1.0,0.0,0.0,False,False,1.0068271698186462,1.0170734897113791,-0.0865463796488441,-0.1149304575594595,False,,
2026-10-06,AFCONS,INE101I01011,242.15,242.15,532056083.0555556,484.3,0.1890254057998504,0.018348887313815,0.2535968260847354,0.072354562149307,0.1616263065741206,0.1000649249643304,0.011668802072449,0.0179470120815376,0.0262746077515931,0.011668802072449,0.3760685746435804,0.0889574344800756,0.3760685746435804,0.3386167464426944,0.1232430211399175,0.1330698287220026,0.2535968260847354,0.018348887313815,0.1330698287220026,0.3760685746435804,False,,,N100_drop0.50_s0.20_c0.05,1.0,0.0,0.0,False,False,1.0068271698186462,1.0170734897113791,-0.0865463796488441,-0.1149304575594595,False,,
2026-10-06,CENTRALBK,INE483A01010,30.19,30.19,229567714.7119048,60.38,0.1886884436030382,0.0183016711820061,0.1549972140863912,0.1180774202290193,0.1823423785431172,0.07029109356706,0.0116316904810305,0.0178997364892592,0.0262297987387328,0.0116316904810305,0.3810575661067147,0.0846325857683373,0.3810575661067147,0.3135167395986739,0.1318804034427192,0.1130612244897959,0.1549972140863912,0.0183016711820061,0.1130612244897959,0.3810575661067147,False,,,N100_drop0.50_s0.20_c0.05,1.0,0.0,0.0,False,False,1.0068271698186462,1.0170734897113791,-0.0865463796488441,-0.1149304575594595,False,,
2026-10-06,HUDCO,INE031A01017,161.04,161.04,406975824.2873016,322.08,0.1880398957621203,0.0182109487590825,0.2047292491951099,0.0889513776398761,0.1678491212636692,0.0976067518295105,0.0115604478725563,0.0178089101191246,0.0261431507193269,0.0115604478725563,0.3911241897036395,0.072577078832735,0.3911241897036395,0.3050120429476132,0.1363415550362827,0.1130612244897959,0.2047292491951099,0.0182109487590825,0.1130612244897959,0.3911241897036395,False,,,N100_drop0.50_s0.20_c0.05,1.0,0.0,0.0,False,False,1.0068271698186462,1.0170734897113791,-0.0865463796488441,-0.1149304575594595,False,,
2026-10-06,BIOCON,INE376G01013,369.1,369.1,1796570111.6380951,738.2,0.187243017493544,0.0180997541807766,0.1374117161569054,0.1317191480245336,0.1741192464978529,0.0506498770664947,0.0114732452682061,0.0176976066870128,0.0260348716481484,0.0114732452682061,0.4044761252268385,0.0651217523645091,0.4044761252268385,0.3164952947536311,0.1295540653009131,0.1130612244897959,0.1374117161569054,0.0180997541807766,0.1130612244897959,0.4044761252268385,False,,,N100_drop0.50_s0.20_c0.05,1.0,0.0,0.0,False,False,1.0068271698186462,1.0170734897113791,-0.0865463796488441,-0.1149304575594595,False,,
2026-10-06,ABLBL,INE14LE01019,73.16,73.16,116392110.13396826,146.32,0.1871336183074785,0.0180845126898022,0.252411996234899,0.0716468034782802,0.1662129942928586,0.1136768173308527,0.0114613023880194,0.0176823518725747,0.0260200131647202,0.0114613023880194,0.3891532994092605,0.0828705210776381,0.3891532994092605,0.3249633687837077,0.1285456209821883,0.1130612244897959,0.252411996234899,0.0180845126898022,0.1130612244897959,0.3891532994092605,False,,,N100_drop0.50_s0.20_c0.05,1.0,0.0,0.0,False,False,1.0068271698186462,1.0170734897113791,-0.0865463796488441,-0.1149304575594595,False,,
2026-10-06,DLF,INE271C01023,666.1,666.1,2606346783.91508,1332.2,0.1868251162500817,0.0180415631388216,0.1261900241987109,0.142971389801873,0.1980490412651676,0.0216772952636148,0.0114276611373392,0.0176393668534695,0.0259781212562133,0.0114276611373392,0.4227115230968789,0.0608069025393694,0.4227115230968789,0.3426158539372415,0.1130576979063122,0.1330698287220026,0.1261900241987109,0.0180415631388216,0.1330698287220026,0.4227115230968789,False,,,N100_drop0.50_s0.20_c0.05,1.0,0.0,0.0,False,False,1.0068271698186462,1.0170734897113791,-0.0865463796488441,-0.1149304575594595,False,,
2026-10-06,VOLTAS,INE226A01021,1067.9,1067.9,1006520062.5857145,2135.8,0.1865827615512864,0.0180078546273906,0.1902930490447934,0.0946322249697715,0.1735629685989417,0.0786374274066687,0.0114012716328783,0.0176056326550961,0.0259452203910106,0.0114012716328783,0.3914369856524123,0.0744200532508974,0.3914369856524123,0.3311769827121971,0.1189644665281333,0.1130612244897959,0.1902930490447934,0.0180078546273906,0.1130612244897959,0.3914369856524123,False,,,N100_drop0.50_s0.20_c0.05,1.0,0.0,0.0,False,False,1.0068271698186462,1.0170734897113791,-0.0865463796488441,-0.1149304575594595,False,,
2026-10-06,NBCC,INE095N01031,77.05,77.05,548357287.1798413,154.1,0.1865818113683449,0.0180077225242467,0.1670814612399848,0.1077781005181753,0.1690566226840758,0.0543894225074129,0.0114011682361628,0.0176055004550089,0.0259450914141352,0.0114011682361628,0.4315662215870547,0.0437818227095506,0.4315662215870547,0.3131058869048235,0.1375353317532144,0.1130612244897959,0.1670814612399848,0.0180077225242467,0.1130612244897959,0.4315662215870547,False,,,N100_drop0.50_s0.20_c0.05,1.0,0.0,0.0,False,False,1.0068271698186462,1.0170734897113791,-0.0865463796488441,-0.1149304575594595,False,,
2026-10-06,GODREJCP,INE102D01028,872.5,872.5,1395600427.4285717,1745.0,0.1863736981374917,0.0179787991437713,0.1867563411641278,0.0962687479937883,0.1775531028034319,0.062861967390658,0.0113785343906921,0.0175765565498591,0.0259168451946887,0.0113785343906921,0.3834088682452521,0.080203977566846,0.3834088682452521,0.3440808573109084,0.1129301965918545,0.1330698287220026,0.1867563411641278,0.0179787991437713,0.1330698287220026,0.3834088682452521,False,,,N100_drop0.50_s0.20_c0.05,1.0,0.0,0.0,False,False,1.0068271698186462,1.0170734897113791,-0.0865463796488441,-0.1149304575594595,False,,
2026-10-06,BATAINDIA,INE176A01028,619.85,619.85,261650927.14841267,1239.7,0.1859944835634496,0.0179261496197019,0.207683116794373,0.0863149104096438,0.1600025278153827,0.0309114883003404,0.0113373562491921,0.0175238732492641,0.0258653908225544,0.0113373562491921,0.3708869272914413,0.0886276719518816,0.3708869272914413,0.3182007044493619,0.1271563234884324,0.1130612244897959,0.207683116794373,0.0179261496197019,0.1130612244897959,0.3708869272914413,False,,,N100_drop0.50_s0.20_c0.05,1.0,0.0,0.0,False,False,1.0068271698186462,1.0170734897113791,-0.0865463796488441,-0.1149304575594595,False,,
2026-10-06,ERIS,INE406M01024,1184.7,1184.7,123696609.32539682,2369.4,0.1858149978506087,0.0179012541295351,0.1824119570986851,0.0981364073619943,0.1704978129892314,0.0716046254973469,0.0113178951563461,0.0174989634016455,0.0258410435664294,0.0113178951563461,0.3798147619316243,0.0820297802607588,0.3798147619316243,0.3032622777164353,0.1377611555409355,0.1130612244897959,0.1824119570986851,0.0179012541295351,0.1130612244897959,0.3798147619316243,False,,,N100_drop0.50_s0.20_c0.05,1.0,0.0,0.0,False,False,1.0068271698186462,1.0170734897113791,-0.0865463796488441,-0.1149304575594595,False,,
2026-10-06,INDUSTOWER,INE121J01017,389.1,389.1,1958654475.636508,778.2,0.1857540079510169,0.0178927980609517,0.1579224488435573,0.1133011689723537,0.1950262033167711,0.1005116538862651,0.0113112864295809,0.0174905026924364,0.0258327712387193,0.0113112864295809,0.3927772085266543,0.0824757862592038,0.3927772085266543,0.3034179369580465,0.1408265276164179,0.1130612244897959,0.1579224488435573,0.0178927980609517,0.1130612244897959,0.3927772085266543,False,,,N100_drop0.50_s0.20_c0.05,1.0,0.0,0.0,False,False,1.0068271698186462,1.0170734897113791,-0.0865463796488441,-0.1149304575594595,False,,
2026-10-06,KEC,INE389H01022,374.9,374.9,459563664.3865079,749.8,0.1855395302895771,0.0178630755026754,0.2127122941531929,0.0839776354901735,0.172921593391746,0.0129150686134418,0.0112880631234734,0.0174607647733758,0.0258036845489453,0.0112880631234734,0.4203175083725251,0.0527614557464051,0.4203175083725251,0.3745956075434664,0.0954908414489164,0.1578542883492161,0.2127122941531929,0.0178630755026754,0.1578542883492161,0.4203175083725251,False,,,N100_drop0.50_s0.20_c0.05,1.0,0.0,0.0,False,False,1.0068271698186462,1.0170734897113791,-0.0865463796488441,-0.1149304575594595,False,,
2026-10-06,ADANIPORTS,INE742F01042,1783.4,1783.4,3713533033.6253967,3566.8,0.1853949094529778,0.0178430462012979,0.1455934662109269,0.1225538938364725,0.2018563098445674,0.0748934230170369,0.0112724187462177,0.0174407259563418,0.025784074976408,0.0112724187462177,0.4132160813914034,0.0730030887257021,0.4132160813914034,0.2961694347729503,0.1463110672836912,0.1045667947076397,0.1455934662109269,0.0178430462012979,0.1045667947076397,0.4132160813914034,False,,,N100_drop0.50_s0.20_c0.05,1.0,0.0,0.0,False,False,1.0068271698186462,1.0170734897113791,-0.0865463796488441,-0.1149304575594595,False,,
2026-10-06,INDRAMEDCO,INE681B01017,335.15,335.15,119104842.98968253,670.3,0.1852614022740625,0.0178245649645945,0.2050192399705994,0.0869409376756575,0.1698345584037114,0.0089206633587178,0.0112579872673669,0.0174222365368536,0.0257659747551477,0.0112579872673669,0.3626838667774639,0.0939647185262708,0.3626838667774639,0.3178822195979738,0.1286429816611394,0.1130612244897959,0.2050192399705994,0.0178245649645945,0.1130612244897959,0.3626838667774639,False,,,N100_drop0.50_s0.20_c0.05,1.0,0.0,0.0,False,False,1.0068271698186462,1.0170734897113791,-0.0865463796488441,-0.1149304575594595,False,,
2026-10-06,MARICO,INE196A01026,794.15,794.15,1443388519.4626982,1588.3,0.1852287168109004,0.017820041653705,0.1206176860504286,0.1477398732906772,0.1901664912881682,0.0799292229516036,0.0112544556886787,0.0174177113106137,0.0257615437803057,0.0112544556886787,0.3958352367475979,0.0766681867362166,0.3958352367475979,0.3016282468331791,0.1418614070318723,0.1111111111111111,0.1206176860504286,0.017820041653705,0.1111111111111111,0.3958352367475979,False,,,N100_drop0.50_s0.20_c0.05,1.0,0.0,0.0,False,False,1.0068271698186462,1.0170734897113791,-0.0865463796488441,-0.1149304575594595,False,,
2026-10-06,JSWSTEEL,INE019A01038,1259.6,1259.6,2053401838.334921,2519.2,0.1844060924661884,0.0177063674350253,0.1186694493233121,0.149207462712537,0.1851270351954492,0.0927998346930315,0.0111657753135804,0.0172897257875446,0.0256500710857828,0.0111657753135804,0.3895601989573536,0.0795811555166978,0.3895601989573536,0.2824579134999097,0.1584626832957759,0.1045667947076397,0.1186694493233121,0.0177063674350253,0.1045667947076397,0.3895601989573536,False,,,N100_drop0.50_s0.20_c0.05,1.0,0.0,0.0,False,False,1.0068271698186462,1.0170734897113791,-0.0865463796488441,-0.1149304575594595,False,,
2026-10-06,JKTYRE,INE573A01042,339.35,339.35,274824281.2031746,678.7,0.1837644909784637,0.0176179318700986,0.1903258856878346,0.0925671870982115,0.1659208964425203,0.036598383428739,0.0110968788433135,0.0171847076885764,0.0255631891842088,0.0110968788433135,0.3667956657452371,0.0913281811262354,0.3667956657452371,0.3083849679098517,0.1339474475922178,0.1130612244897959,0.1903258856878346,0.0176179318700986,0.1130612244897959,0.3667956657452371,False,,,N100_drop0.50_s0.20_c0.05,1.0,0.0,0.0,False,False,1.0068271698186462,1.0170734897113791,-0.0865463796488441,-0.1149304575594595,False,,
2026-10-06,PNB,INE160A01022,111.92,111.92,1739160152.8447618,223.84,0.1837299029763553,0.0176131699806285,0.1245385811674642,0.1414274180379852,0.185281410800549,0.0894620018804974,0.0110931714073817,0.0171790562340002,0.0255585069828747,0.0110931714073817,0.3755691715913991,0.0910650599847234,0.3755691715913991,0.2891329357870013,0.1520694979193568,0.1045667947076397,0.1245385811674642,0.0176131699806285,0.1045667947076397,0.3755691715913991,False,,,N100_drop0.50_s0.20_c0.05,1.0,0.0,0.0,False,False,1.0068271698186462,1.0170734897113791,-0.0865463796488441,-0.1149304575594595,False,,
2026-10-06,ICICIPRULI,INE726G01019,459.5,459.5,846517803.9444443,919.0,0.1837258525217679,0.0176126123731556,0.1934625278724099,0.0910388826552048,0.1770549997746023,0.113316030183692,0.0110927372900061,0.0171783944826073,0.0255579586801201,0.0110927372900061,0.3670005652984824,0.0919630669658017,0.3670005652984824,0.3127413392019671,0.1324735259791522,0.1130612244897959,0.1934625278724099,0.0176126123731556,0.1130612244897959,0.3670005652984824,False,,,N100_drop0.50_s0.20_c0.05,1.0,0.0,0.0,False,False,1.0068271698186462,1.0170734897113791,-0.0865463796488441,-0.1149304575594595,False,,
2026-10-06,NHPC,INE848E01016,73.11,73.11,841213920.4877778,146.22,0.1833056606991126,0.0175548089151966,0.128554655487273,0.1365552173015984,0.1816229090186649,0.069580171169434,0.0110477531624936,0.0171098205326974,0.0255010894808599,0.0110477531624936,0.3884068836442702,0.0804072195083215,0.3884068836442702,0.2965871067689626,0.1459183705574445,0.1045667947076397,0.128554655487273,0.0175548089151966,0.1045667947076397,0.3884068836442702,False,,,N100_drop0.50_s0.20_c0.05,1.0,0.0,0.0,False,False,1.0068271698186462,1.0170734897113791,-0.0865463796488441,-0.1149304575594595,False,,
2026-10-06,SIGNATURE,INE903U01023,719.35,719.35,330617228.45238096,1438.7,0.1831650223388924,0.0175354808364924,0.2029330235863723,0.0864101885764737,0.1706309513700295,0.0852027445635353,0.0110327194916474,0.0170869023064973,0.0254820603792005,0.0110327194916474,0.3634337035503949,0.0924841148146652,0.3634337035503949,0.3350787026865854,0.1208980215873528,0.1130612244897959,0.2029330235863723,0.0175354808364924,0.1130612244897959,0.3634337035503949,False,,,N100_drop0.50_s0.20_c0.05,1.0,0.0,0.0,False,False,1.0068271698186462,1.0170734897113791,-0.0865463796488441,-0.1149304575594595,False,,
2026-10-06,IREDA,INE202E01016,109.0,109.0,548796038.4425397,218.0,0.1829857120743088,0.0175108516742854,0.1867798950343464,0.093751266275556,0.1818157287265034,0.0140393385782996,0.011013568327867,0.0170577065105923,0.0254578024256258,0.011013568327867,0.3653537309035039,0.0968880940635336,0.3653537309035039,0.3075279223740164,0.1357584680897433,0.1130612244897959,0.1867798950343464,0.0175108516742854,0.1130612244897959,0.3653537309035039,False,,,N100_drop0.50_s0.20_c0.05,1.0,0.0,0.0,False,False,1.0068271698186462,1.0170734897113791,-0.0865463796488441,-0.1149304575594595,False,,
2026-10-06,MSUMI,INE0FS801015,33.31,33.31,389157344.9573016,66.62,0.1829557144567714,0.0175067328434626,0.1969754448309707,0.0888777423931473,0.1733429427154144,0.0305162729803148,0.0110103662355388,0.0170528248789108,0.0254537446037805,0.0110103662355388,0.38098851659222,0.0806124610940472,0.38098851659222,0.3111982686627793,0.1322350967869711,0.1130612244897959,0.1969754448309707,0.0175067328434626,0.1130612244897959,0.38098851659222,False,,,N100_drop0.50_s0.20_c0.05,1.0,0.0,0.0,False,False,1.0068271698186462,1.0170734897113791,-0.0865463796488441,-0.1149304575594595,False,,
2026-10-06,CIPLA,INE059A01026,1340.2,1340.2,1460572916.026984,2680.4,0.1827793400810707,0.0174825243601,0.1252876533224505,0.1395390838321918,0.1870256296403245,0.0904814623351433,0.0109915495547751,0.0170256309384127,0.0254298884980022,0.0109915495547751,0.3849603986418379,0.0864759378704816,0.3849603986418379,0.2947331518811408,0.1486299768729998,0.1045667947076397,0.1252876533224505,0.0174825243601,0.1045667947076397,0.3849603986418379,False,,,N100_drop0.50_s0.20_c0.05,1.0,0.0,0.0,False,False,1.0068271698186462,1.0170734897113791,-0.0865463796488441,-0.1149304575594595,False,,
2026-10-06,KALAMANDIR,INE438K01021,77.36,77.36,49021409.281904764,154.72,0.182694894560512,0.0174709389167116,0.2286754243007662,0.0764005969164963,0.169621718027073,0.016727120427032,0.0109825466783893,0.0170136590717332,0.0254184679366382,0.0109825466783893,0.418466146278104,0.0630745766362491,0.418466146278104,0.3564721311288727,0.1021640665856378,0.1428571428571428,0.2286754243007662,0.0174709389167116,0.1428571428571428,0.418466146278104,False,,,N100_drop0.50_s0.20_c0.05,1.0,0.0,0.0,False,False,1.0068271698186462,1.0170734897113791,-0.0865463796488441,-0.1149304575594595,False,,
2026-10-06,SAFARI,INE429E01023,1318.0,1318.0,54894539.209523804,2636.0,0.1826037813005517,0.01745844249555,0.2404414095738266,0.0726099656731113,0.1635496733254099,0.0873807766707776,0.0109728375027179,0.0170009290807753,0.0254061466339095,0.0109728375027179,0.3616516505599101,0.1004131592045312,0.3616516505599101,0.3132154009103705,0.135152496947751,0.1130612244897959,0.2404414095738266,0.01745844249555,0.1130612244897959,0.3616516505599101,False,,,N100_drop0.50_s0.20_c0.05,1.0,0.0,0.0,False,False,1.0068271698186462,1.0170734897113791,-0.0865463796488441,-0.1149304575594595,False,,
2026-10-06,SHRIRAMFIN,INE721A01047,965.05,965.05,4848452811.804762,1930.1,0.1823692885536896,0.0174262993268749,0.1559270677015989,0.1117592960846543,0.1853117445458822,0.1010891687973388,0.010947871331968,0.0169710865976205,0.025374440875105,0.010947871331968,0.4471655956729755,0.0540695088351847,0.4471655956729755,0.338630906041857,0.1138920688633417,0.1330698287220026,0.1559270677015989,0.0174262993268749,0.1330698287220026,0.4471655956729755,False,,,N100_drop0.50_s0.20_c0.05,1.0,0.0,0.0,False,False,1.0068271698186462,1.0170734897113791,-0.0865463796488441,-0.1149304575594595,False,,
2026-10-06,TMCV,INE1TAE01010,433.8,433.8,3345535476.834921,867.6,0.1819767914520344,0.0173725560385621,0.1500897974605255,0.1157477478982624,0.1883047010034892,0.1013402345301562,0.0109061526821634,0.0169224561664345,0.0253213869189368,0.0109061526821634,0.4269280984519676,0.0519406856748585,0.4269280984519676,0.325556023283181,0.1241127022671012,0.1130612244897959,0.1500897974605255,0.0173725560385621,0.1130612244897959,0.4269280984519676,False,,,N100_drop0.50_s0.20_c0.05,1.0,0.0,0.0,False,False,1.0068271698186462,1.0170734897113791,-0.0865463796488441,-0.1149304575594595,False,,
2026-10-06,CDSL,INE736A01011,1263.4,1263.4,1952085504.4285717,2526.8,0.1817266490234625,0.0173383429961062,0.153926836383125,0.1126401568661552,0.1757826230058742,0.0964778701939222,0.0108796106811489,0.0168925077113307,0.0252875852294703,0.0108796106811489,0.387197412849976,0.0770749579053624,0.387197412849976,0.3009719518797262,0.1407040003078125,0.1111111111111111,0.153926836383125,0.0173383429961062,0.1111111111111111,0.387197412849976,False,,,N100_drop0.50_s0.20_c0.05,1.0,0.0,0.0,False,False,1.0068271698186462,1.0170734897113791,-0.0865463796488441,-0.1149304575594595,False,,
2026-10-06,SULA,INE142Q01026,134.01,134.01,65221419.10460321,268.02,0.1812361177477914,0.0172713369973197,0.2493923735625796,0.0692536694310177,0.1690262094845164,0.0136683552915131,0.0108276648227357,0.0168338368695356,0.0252213226875788,0.0108276648227357,0.3987420258053678,0.0844702789120895,0.3987420258053678,0.369139924716352,0.1153401182663486,0.1496062992125984,0.2493923735625796,0.0172713369973197,0.1496062992125984,0.3987420258053678,False,,,N100_drop0.50_s0.20_c0.05,1.0,0.0,0.0,False,False,1.0068271698186462,1.0170734897113791,-0.0865463796488441,-0.1149304575594595,False,,
2026-10-06,HAVELLS,INE176B01034,1057.0,1057.0,1262128040.4714289,2114.0,0.1811941569885432,0.0172656104950713,0.1782006514144097,0.0968885936051929,0.1726072181040074,0.07874477247508,0.0108232276406507,0.0168288216640124,0.0252156558942883,0.0108232276406507,0.379791307364229,0.0811222859305488,0.379791307364229,0.2981832587178976,0.1419006626644255,0.1045667947076397,0.1782006514144097,0.0172656104950713,0.1045667947076397,0.379791307364229,False,,,N100_drop0.50_s0.20_c0.05,1.0,0.0,0.0,False,False,1.0068271698186462,1.0170734897113791,-0.0865463796488441,-0.1149304575594595,False,,
2026-10-06,GROWW,INE0HOQ01053,193.19,193.19,7269889192.307301,386.38,0.1807677593434861,0.0172074660458878,0.1526081531324383,0.1127558763584184,0.1960230723260544,0.0935581547848776,0.010778194427643,0.0167778900549989,0.0251580834494319,0.010778194427643,0.3931149965211193,0.0784117290081389,0.3931149965211193,0.312057552488701,0.1343761816625304,0.1130612244897959,0.1526081531324383,0.0172074660458878,0.1130612244897959,0.3931149965211193,False,,,N100_drop0.50_s0.20_c0.05,1.0,0.0,0.0,False,False,1.0068271698186462,1.0170734897113791,-0.0865463796488441,-0.1149304575594595,False,,
2026-10-06,HDFCLIFE,INE795G01014,543.95,543.95,2191669532.6595235,1087.9,0.1803150641967524,0.0171458296640327,0.1807691028345802,0.0948493376089976,0.1930369093585617,0.1006958835697211,0.0107304965867477,0.0167238810251691,0.0250969851039568,0.0107304965867477,0.3578458300792503,0.1027819799331238,0.3578458300792503,0.3015389885741896,0.1437192182867014,0.1111111111111111,0.1807691028345802,0.0171458296640327,0.1111111111111111,0.3578458300792503,False,,,N100_drop0.50_s0.20_c0.05,1.0,0.0,0.0,False,False,1.0068271698186462,1.0170734897113791,-0.0865463796488441,-0.1149304575594595,False,,
2026-10-06,LATENTVIEW,INE0I7C01011,233.28,233.28,204823480.3217461,466.56,0.1797199281134647,0.0170649465369979,0.2296291801133231,0.0743152352352443,0.1597251335293726,0.0013908893549136,0.01066796695598,0.0166529777153138,0.0250109837318379,0.01066796695598,0.3830542940227427,0.0845034032860757,0.3830542940227427,0.3601002432061431,0.1156266208655385,0.1428571428571428,0.2296291801133231,0.0170649465369979,0.1428571428571428,0.3830542940227427,False,,,N100_drop0.50_s0.20_c0.05,1.0,0.0,0.0,False,False,1.0068271698186462,1.0170734897113791,-0.0865463796488441,-0.1149304575594595,False,,
2026-10-06,ACC,INE012A01025,1177.0,1177.0,203405144.06984127,2354.0,0.1791802274645111,0.0169917418573905,0.1771566171448265,0.0959136730608244,0.1711209311945377,0.0612570280560623,0.0106114347434381,0.0165887766588209,0.0249269515995747,0.0106114347434381,0.3782064178023313,0.082619725622976,0.3782064178023313,0.3035372631423545,0.1372512833130725,0.1130612244897959,0.1771566171448265,0.0169917418573905,0.1130612244897959,0.3782064178023313,False,,,N100_drop0.50_s0.20_c0.05,1.0,0.0,0.0,False,False,1.0068271698186462,1.0170734897113791,-0.0865463796488441,-0.1149304575594595,False,,
2026-10-06,SBILIFE,INE123W01016,1750.0,1750.0,1792949064.8396823,3500.0,0.1783722188437706,0.0168824003601646,0.1326300263932563,0.1272894292436263,0.1932974878530621,0.0820184953498391,0.0105288696809317,0.0164956423152551,0.0248012898820671,0.0105288696809317,0.3708305033137953,0.0945116230287503,0.3708305033137953,0.2858529093107933,0.1523457064955533,0.1045667947076397,0.1326300263932563,0.0168824003601646,0.1045667947076397,0.3708305033137953,False,,,N100_drop0.50_s0.20_c0.05,1.0,0.0,0.0,False,False,1.0068271698186462,1.0170734897113791,-0.0865463796488441,-0.1149304575594595,False,,
2026-10-06,INTELLECT,INE306R01017,601.4,601.4,293165695.52222216,1202.8,0.1782387519663283,0.0168643688716995,0.2253069838731993,0.0748506263844474,0.1605955907731225,0.0373397603453178,0.0105156067852144,0.0164822393966015,0.0247805499289209,0.0105156067852144,0.3559071861407848,0.0957455718755139,0.3559071861407848,0.3210714231713207,0.1271706775359944,0.1130612244897959,0.2253069838731993,0.0168643688716995,0.1130612244897959,0.3559071861407848,False,,,N100_drop0.50_s0.20_c0.05,1.0,0.0,0.0,False,False,1.0068271698186462,1.0170734897113791,-0.0865463796488441,-0.1149304575594595,False,,
2026-10-06,NESTLEIND,INE239A01024,1341.4,1341.4,2569471374.363492,2682.8,0.1780599538613472,0.0168402262105153,0.1276546215563417,0.1319202235312939,0.1832901323636865,0.049639871014312,0.0104978529643333,0.0164642892826193,0.0247527732506905,0.0104978529643333,0.4139028670428105,0.0595630903100386,0.4139028670428105,0.3024859473966704,0.1426404126282006,0.1130612244897959,0.1276546215563417,0.0168402262105153,0.1130612244897959,0.4139028670428105,False,,,N100_drop0.50_s0.20_c0.05,1.0,0.0,0.0,False,False,1.0068271698186462,1.0170734897113791,-0.0865463796488441,-0.1149304575594595,False,,
2026-10-06,AMBUJACEM,INE079A01024,361.55,361.55,882603658.6333333,723.1,0.177627828117207,0.0167819393255824,0.1772519435420967,0.0946784502907116,0.1634689776732783,0.0712277351202916,0.0104550097978203,0.0164165232101446,0.0246856768810984,0.0104550097978203,0.3835466726937162,0.0779365525902784,0.3835466726937162,0.2982563947765518,0.1402926412803579,0.1045667947076397,0.1772519435420967,0.0167819393255824,0.1045667947076397,0.3835466726937162,False,,,N100_drop0.50_s0.20_c0.05,1.0,0.0,0.0,False,False,1.0068271698186462,1.0170734897113791,-0.0865463796488441,-0.1149304575594595,False,,
2026-10-06,DELHIVERY,INE148O01028,407.5,407.5,1577407210.723016,815.0,0.1769365967372391,0.0166888853136234,0.1578215156913966,0.1057453113443466,0.1751230628538334,0.0814475216169603,0.0103866682514724,0.0163277360177398,0.0245784527402171,0.0103866682514724,0.4051777211166918,0.0625966836654695,0.4051777211166918,0.3350588150045032,0.1148766937751132,0.1130612244897959,0.1578215156913966,0.0166888853136234,0.1130612244897959,0.4051777211166918,False,,,N100_drop0.50_s0.20_c0.05,1.0,0.0,0.0,False,False,1.0068271698186462,1.0170734897113791,-0.0865463796488441,-0.1149304575594595,False,,
2026-10-06,DABUR,INE016A01026,388.9,388.9,816634356.4079366,777.8,0.1769216073288932,0.0166868699101405,0.1690561296588097,0.0987060921353051,0.1957420130665568,0.0817161773025934,0.0103851888561849,0.0163258129286696,0.0245761289873449,0.0103851888561849,0.3700359284437771,0.0940327611588792,0.3700359284437771,0.2763084258963808,0.1601693747816133,0.1045667947076397,0.1690561296588097,0.0166868699101405,0.1045667947076397,0.3700359284437771,False,,,N100_drop0.50_s0.20_c0.05,1.0,0.0,0.0,False,False,1.0068271698186462,1.0170734897113791,-0.0865463796488441,-0.1149304575594595,False,,
2026-10-06,ETERNAL,INE758T01015,329.0,329.0,9927273383.06905,658.0,0.1764918524505125,0.0166291318864251,0.1299594291534331,0.1279563321780402,0.1985225989494046,0.0625548553698806,0.0103428205823598,0.0162707177867713,0.0245095311099904,0.0103428205823598,0.393697170105464,0.0797028097151602,0.393697170105464,0.3050080222122622,0.1397026824240897,0.1130612244897959,0.1299594291534331,0.0166291318864251,0.1130612244897959,0.393697170105464,False,,,N100_drop0.50_s0.20_c0.05,1.0,0.0,0.0,False,False,1.0068271698186462,1.0170734897113791,-0.0865463796488441,-0.1149304575594595,False,,
2026-10-06,CHOLAFIN,INE121A01024,1611.0,1611.0,2465739064.406349,3222.0,0.1764707989166334,0.0166263055428146,0.1556751464850274,0.1068012840727516,0.1821115546618187,0.0940047792804147,0.0103407473006796,0.0162680207270555,0.0245062697669629,0.0103407473006796,0.4220793297505747,0.0560075552816001,0.4220793297505747,0.3333259882453677,0.1179511413315635,0.1130612244897959,0.1556751464850274,0.0166263055428146,0.1130612244897959,0.4220793297505747,False,,,N100_drop0.50_s0.20_c0.05,1.0,0.0,0.0,False,False,1.0068271698186462,1.0170734897113791,-0.0865463796488441,-0.1149304575594595,False,,
2026-10-06,IOC,INE242A01010,131.6,131.6,1321557307.0569842,263.2,0.1763621525180832,0.0166117235414105,0.1423049335520751,0.1167332932651394,0.1826277717222343,0.0948293053574222,0.0103300516156499,0.0162532457906512,0.0244894415355824,0.0103300516156499,0.3320898827150317,0.1198416715434669,0.3320898827150317,0.2764031470250496,0.1576254218294733,0.1045667947076397,0.1423049335520751,0.0166117235414105,0.1045667947076397,0.3320898827150317,False,,,N100_drop0.50_s0.20_c0.05,1.0,0.0,0.0,False,False,1.0068271698186462,1.0170734897113791,-0.0865463796488441,-0.1149304575594595,False,,
2026-10-06,VBL,INE200M01039,439.3,439.3,2841865870.0103173,878.6,0.1759823400766566,0.0165607903046009,0.1577949884284313,0.1049513071963763,0.2028728249617549,0.1036816826874759,0.0102927064039294,0.0162024324016399,0.0244306370619719,0.0102927064039294,0.3936863350869992,0.0838496301937378,0.3936863350869992,0.297656942610073,0.1449071731004929,0.1045667947076397,0.1577949884284313,0.0165607903046009,0.1045667947076397,0.3936863350869992,False,,,N100_drop0.50_s0.20_c0.05,1.0,0.0,0.0,False,False,1.0068271698186462,1.0170734897113791,-0.0865463796488441,-0.1149304575594595,False,,
2026-10-06,IRCTC,INE335Y01020,454.8,454.8,409376690.6555556,909.6,0.1759095626379235,0.0165510384736503,0.2289896923629715,0.0722785305437035,0.179023479875018,0.2215123803863418,0.0102855585872296,0.016193127861464,0.0244193736644636,0.0102855585872296,0.3161663812210462,0.1290442022166696,0.3161663812210462,0.2857683687791912,0.1589550761382501,0.1045667947076397,0.2289896923629715,0.0165510384736503,0.1045667947076397,0.3161663812210462,False,,,N100_drop0.50_s0.20_c0.05,1.0,0.0,0.0,False,False,1.0068271698186462,1.0170734897113791,-0.0865463796488441,-0.1149304575594595,False,,
2026-10-06,UPL,INE628A01036,509.55,509.55,1256967832.1801586,1019.1,0.1755657778802966,0.0165050063980536,0.199298158235933,0.0828156493975959,0.1717744992635973,0.0988771748986515,0.0102518288505323,0.0161492058190854,0.0243661868163735,0.0102518288505323,0.3724740575104036,0.085930649737613,0.3724740575104036,0.3240705394627715,0.1274294808885643,0.1130612244897959,0.199298158235933,0.0165050063980536,0.1130612244897959,0.3724740575104036,False,,,N100_drop0.50_s0.20_c0.05,1.0,0.0,0.0,False,False,1.0068271698186462,1.0170734897113791,-0.0865463796488441,-0.1149304575594595,False,,
2026-10-06,BAJFINANCE,INE296A01032,963.1,963.1,7735981507.293651,1926.2,0.1754061659324013,0.0164836534428847,0.1577646365620832,0.1044825621386837,0.1800866489967484,0.0935934291459832,0.0102361884728513,0.0161288308969338,0.0243415039387388,0.0102361884728513,0.3780673456228715,0.084011222325051,0.3780673456228715,0.3150290632748894,0.1341217435230224,0.1130612244897959,0.1577646365620832,0.0164836534428847,0.1130612244897959,0.3780673456228715,False,,,N100_drop0.50_s0.20_c0.05,1.0,0.0,0.0,False,False,1.0068271698186462,1.0170734897113791,-0.0865463796488441,-0.1149304575594595,False,,
2026-10-06,RVNL,INE415G01027,198.78,198.78,1010975104.1163492,397.56,0.1747227477446634,0.0163923598452689,0.2352829011076979,0.0696708505722034,0.1801287963104589,0.0548289118316674,0.010169360847761,0.0160417134458151,0.0242358942694276,0.010169360847761,0.3666736039976772,0.0919937366233669,0.3666736039976772,0.3176611529828266,0.1324603398061356,0.1130612244897959,0.2352829011076979,0.0163923598452689,0.1130612244897959,0.3666736039976772,False,,,N100_drop0.50_s0.20_c0.05,1.0,0.0,0.0,False,False,1.0068271698186462,1.0170734897113791,-0.0865463796488441,-0.1149304575594595,False,,
2026-10-06,BPCL,INE029A01011,300.5,300.5,1762606768.4047616,601.0,0.1745309532108397,0.0163667783241512,0.1340886570537707,0.1220593798443966,0.1868387327169456,0.1106817775608658,0.0101506472425954,0.0160173005560732,0.0242062781330204,0.0101506472425954,0.3624448119729926,0.0981131777151773,0.3624448119729926,0.2818563903811786,0.155596133876801,0.1045667947076397,0.1340886570537707,0.0163667783241512,0.1045667947076397,0.3624448119729926,False,,,N100_drop0.50_s0.20_c0.05,1.0,0.0,0.0,False,False,1.0068271698186462,1.0170734897113791,-0.0865463796488441,-0.1149304575594595,False,,
2026-10-06,RPOWER,INE614G01033,20.49,20.49,472957119.9625397,40.98,0.1741838733185567,0.0163205284174431,0.2409263633117124,0.0677407328658655,0.1798636008966029,0.053896162020687,0.0101168277960188,0.0159724667171246,0.0241527081191645,0.0101168277960188,0.3586186336780899,0.0982025163498269,0.3586186336780899,0.3077694288968362,0.1376723519730159,0.1130612244897959,0.2409263633117124,0.0163205284174431,0.1130612244897959,0.3586186336780899,False,,,N100_drop0.50_s0.20_c0.05,1.0,0.0,0.0,False,False,1.0068271698186462,1.0170734897113791,-0.0865463796488441,-0.1149304575594595,False,,
2026-10-06,HINDPETRO,INE094A01015,351.0,351.0,2050294203.0142856,702.0,0.1741728200160331,0.0163190564380682,0.1537035406862623,0.1061722870221871,0.1893581806022662,0.0716065965003001,0.0101157517257889,0.0159708870248934,0.0241510026197367,0.0101157517257889,0.3614883976816842,0.0981686040470984,0.3614883976816842,0.2766881946671978,0.1593834456989861,0.1045667947076397,0.1537035406862623,0.0163190564380682,0.1045667947076397,0.3614883976816842,False,,,N100_drop0.50_s0.20_c0.05,1.0,0.0,0.0,False,False,1.0068271698186462,1.0170734897113791,-0.0865463796488441,-0.1149304575594595,False,,
2026-10-06,IRFC,INE053F01010,77.1,77.1,682677105.4780952,154.2,0.1735456566055217,0.0162356295448906,0.1905205007346747,0.0852172311235994,0.1803924892273196,0.0801141892079843,0.0100547928761308,0.0158813779804587,0.0240542853944732,0.0100547928761308,0.3886148226152728,0.078840224333812,0.3886148226152728,0.2982192371382258,0.1419168460582768,0.1045667947076397,0.1905205007346747,0.0162356295448906,0.1045667947076397,0.3886148226152728,False,,,N100_drop0.50_s0.20_c0.05,1.0,0.0,0.0,False,False,1.0068271698186462,1.0170734897113791,-0.0865463796488441,-0.1149304575594595,False,,
2026-10-06,MAXHEALTH,INE027H01010,902.5,902.5,2203718917.230159,1805.0,0.1735248047570858,0.0162328589191347,0.1645769242166335,0.0986338698234956,0.1841313795400171,0.0832094638845572,0.0100527694060872,0.0158784061302635,0.0240510715287557,0.0100527694060872,0.3811045341055522,0.0859296399548211,0.3811045341055522,0.2967290514478912,0.1450137816266785,0.1045667947076397,0.1645769242166335,0.0162328589191347,0.1045667947076397,0.3811045341055522,False,,,N100_drop0.50_s0.20_c0.05,1.0,0.0,0.0,False,False,1.0068271698186462,1.0170734897113791,-0.0865463796488441,-0.1149304575594595,False,,
2026-10-06,BDL,INE171Z01026,1101.8,1101.8,1613386192.7841272,2203.6,0.1734565897262995,0.0162237964664834,0.1839374892848418,0.0882027722002862,0.1690577853481313,0.0855456835767043,0.0100461512723682,0.0158686858358603,0.0240405584410014,0.0100461512723682,0.3768826423794327,0.0809563101259243,0.3768826423794327,0.3455468004748088,0.1134783894631501,0.1330698287220026,0.1839374892848418,0.0162237964664834,0.1330698287220026,0.3768826423794327,False,,,N100_drop0.50_s0.20_c0.05,1.0,0.0,0.0,False,False,1.0068271698186462,1.0170734897113791,-0.0865463796488441,-0.1149304575594595,False,,
2026-10-06,FORTIS,INE061F01013,764.0,764.0,1292331325.9960318,1528.0,0.1732488814495223,0.0161962154720273,0.1772560212092439,0.091371877590033,0.1718152958725732,0.0818301153376348,0.010026013591757,0.0158391059885436,0.0240085546121552,0.010026013591757,0.3726013321030215,0.085365635663136,0.3726013321030215,0.290987465848181,0.1459388181977374,0.1045667947076397,0.1772560212092439,0.0161962154720273,0.1045667947076397,0.3726013321030215,False,,,N100_drop0.50_s0.20_c0.05,1.0,0.0,0.0,False,False,1.0068271698186462,1.0170734897113791,-0.0865463796488441,-0.1149304575594595,False,,
2026-10-06,DRREDDY,INE089A01031,1208.0,1208.0,2566124600.696826,2416.0,0.1730188434291421,0.0161656927536053,0.1285502447842237,0.1257538854223115,0.2041092414138793,0.0615167665209012,0.010003735426252,0.015806376928317,0.0239731234102253,0.010003735426252,0.3731385504449147,0.0945548691837034,0.3731385504449147,0.2700494086162715,0.1649470227365386,0.1045667947076397,0.1285502447842237,0.0161656927536053,0.1045667947076397,0.3731385504449147,False,,,N100_drop0.50_s0.20_c0.05,1.0,0.0,0.0,False,False,1.0068271698186462,1.0170734897113791,-0.0865463796488441,-0.1149304575594595,False,,
2026-10-06,NMDC,INE584A01023,74.38,74.38,1329322965.2933333,148.76,0.1725742132409843,0.0161067663581125,0.144673812201578,0.1113315956288655,0.1734712402881522,0.1084108856382981,0.0099607476516694,0.0157463002217196,0.023904679326552,0.0099607476516694,0.3754517389094043,0.0842454160131298,0.3754517389094043,0.2899884669871356,0.1489242090170987,0.1045667947076397,0.144673812201578,0.0161067663581125,0.1045667947076397,0.3754517389094043,False,,,N100_drop0.50_s0.20_c0.05,1.0,0.0,0.0,False,False,1.0068271698186462,1.0170734897113791,-0.0865463796488441,-0.1149304575594595,False,,
2026-10-06,KOTAKBANK,INE237A01036,431.9,431.9,6055466400.738889,863.8,0.1720013022815198,0.0160309741684021,0.1138859853839251,0.1407633618338508,0.2077094556542946,0.0637160300716288,0.0099054985264335,0.015673682412518,0.0238162583879925,0.0099054985264335,0.3498442761804888,0.1133120057520135,0.3498442761804888,0.2573036467698587,0.1740508761011098,0.1045667947076397,0.1138859853839251,0.0160309741684021,0.1045667947076397,0.3498442761804888,False,,,N100_drop0.50_s0.20_c0.05,1.0,0.0,0.0,False,False,1.0068271698186462,1.0170734897113791,-0.0865463796488441,-0.1149304575594595,False,,
2026-10-06,BAJAJFINSV,INE918I01026,1752.4,1752.4,2015947117.1412697,3504.8,0.1718108529610199,0.0160058126978654,0.1482226442037496,0.1079849356611365,0.1785888726383552,0.0929731335697094,0.0098871675427831,0.0156530417066537,0.0237864598443083,0.0098871675427831,0.3924853316384649,0.072602946449886,0.3924853316384649,0.2971406123483334,0.1441455671409057,0.1045667947076397,0.1482226442037496,0.0160058126978654,0.1045667947076397,0.3924853316384649,False,,,N100_drop0.50_s0.20_c0.05,1.0,0.0,0.0,False,False,1.0068271698186462,1.0170734897113791,-0.0865463796488441,-0.1149304575594595,False,,
2026-10-06,ASHOKLEY,INE208A01029,153.7,153.7,2534667065.0442853,307.4,0.1716800482946519,0.0159885409867162,0.1652748126961589,0.0967391263429206,0.1784864421231178,0.1157659221802527,0.0098745875820071,0.0156391602792898,0.0237659995377944,0.0098745875820071,0.3889888685004332,0.07826853392458,0.3889888685004332,0.3155454506085398,0.1299560195952711,0.1130612244897959,0.1652748126961589,0.0159885409867162,0.1130612244897959,0.3889888685004332,False,,,N100_drop0.50_s0.20_c0.05,1.0,0.0,0.0,False,False,1.0068271698186462,1.0170734897113791,-0.0865463796488441,-0.1149304575594595,False,,
2026-10-06,TATACONSUM,INE192A01025,976.0,976.0,1378441948.3650794,1952.0,0.1714212753678758,0.0159543954096232,0.145468596772892,0.1096758734431978,0.1898666946723083,0.0751138055527151,0.0098497247870561,0.0156117094475195,0.0237255369051019,0.0098497247870561,0.3718311981918629,0.0926526437561718,0.3718311981918629,0.2883720061003629,0.1502712401974123,0.1045667947076397,0.145468596772892,0.0159543954096232,0.1045667947076397,0.3718311981918629,False,,,N100_drop0.50_s0.20_c0.05,1.0,0.0,0.0,False,False,1.0068271698186462,1.0170734897113791,-0.0865463796488441,-0.1149304575594595,False,,
2026-10-06,RECLTD,INE020B01018,300.0,300.0,1950744353.824603,600.0,0.1713816810521244,0.0159491735966939,0.160174142441427,0.0995739596516102,0.1890883154921479,0.0813750075669416,0.0098459234327208,0.0156075105419766,0.0237193474768782,0.0098459234327208,0.3881031487991466,0.0783426110341452,0.3881031487991466,0.3227064555435794,0.127691008319712,0.1130612244897959,0.160174142441427,0.0159491735966939,0.1130612244897959,0.3881031487991466,False,,,N100_drop0.50_s0.20_c0.05,1.0,0.0,0.0,False,False,1.0068271698186462,1.0170734897113791,-0.0865463796488441,-0.1149304575594595,False,,
2026-10-06,TATAPOWER,INE245A01021,351.65,351.65,1557324399.8650794,703.3,0.1687648352686875,0.0156056604286297,0.1431231724005902,0.1090365743497552,0.188287902152378,0.0748467397112415,0.0095930133246353,0.0152578108930218,0.0233112619415358,0.0095930133246353,0.3691252419311814,0.0939818028245683,0.3691252419311814,0.2903680785551609,0.1481668715484705,0.1045667947076397,0.1431231724005902,0.0156056604286297,0.1045667947076397,0.3691252419311814,False,,,N100_drop0.50_s0.20_c0.05,1.0,0.0,0.0,False,False,1.0068271698186462,1.0170734897113791,-0.0865463796488441,-0.1149304575594595,False,,
2026-10-06,HINDALCO,INE038A01020,940.5,940.5,4254103123.706349,1881.0,0.1664810425894108,0.015308440171149,0.1512807873050137,0.1011922296536176,0.1917631332281338,0.0920288521786911,0.0093638787205699,0.0149551154523153,0.022952581849481,0.0093638787205699,0.3980309112543311,0.0743100128254225,0.3980309112543311,0.2775226445654054,0.1584484120739552,0.1045667947076397,0.1512807873050137,0.015308440171149,0.1045667947076397,0.3980309112543311,False,,,N100_drop0.50_s0.20_c0.05,1.0,0.0,0.0,False,False,1.0068271698186462,1.0170734897113791,-0.0865463796488441,-0.1149304575594595,False,,
2026-10-06,HCLTECH,INE860A01027,1204.4,1204.4,3668542759.5,2408.8,0.1663172030048164,0.0152872094025072,0.1817273936878581,0.0841216565773517,0.1870991681156049,0.1249038470036619,0.009347555625881,0.0149335041306292,0.022922539080536,0.009347555625881,0.3745270196403688,0.0868338635410765,0.3745270196403688,0.3113510365429073,0.1346782393926308,0.1130612244897959,0.1817273936878581,0.0152872094025072,0.1130612244897959,0.3745270196403688,False,,,N100_drop0.50_s0.20_c0.05,1.0,0.0,0.0,False,False,1.0068271698186462,1.0170734897113791,-0.0865463796488441,-0.1149304575594595,False,,
2026-10-06,SUZLON,INE040H01021,39.16,39.16,2592620430.110635,78.32,0.1652487457079238,0.0151490566717411,0.1847754362440605,0.0819863125731256,0.1765785801839477,0.0516927867342568,0.0092504836734424,0.0147936171377797,0.0227269820755726,0.0092504836734424,0.4013154479095813,0.0646210641859454,0.4013154479095813,0.3299346686427646,0.1186148597267876,0.1130612244897959,0.1847754362440605,0.0151490566717411,0.1130612244897959,0.4013154479095813,False,,,N100_drop0.50_s0.20_c0.05,1.0,0.0,0.0,False,False,1.0068271698186462,1.0170734897113791,-0.0865463796488441,-0.1149304575594595,False,,
2026-10-06,COALINDIA,INE522F01014,411.65,411.65,3312162391.0293646,823.3,0.1642598719045749,0.0150216582243001,0.1298606306628577,0.11567522926405,0.20256783890592,0.0786218010395761,0.0091631300593634,0.0146749912001808,0.0225465507517602,0.0091631300593634,0.3625072511187281,0.1000139907835714,0.3625072511187281,0.262265081394519,0.1701979407980167,0.1045667947076397,0.1298606306628577,0.0150216582243001,0.1045667947076397,0.3625072511187281,False,,,N100_drop0.50_s0.20_c0.05,1.0,0.0,0.0,False,False,1.0068271698186462,1.0170734897113791,-0.0865463796488441,-0.1149304575594595,False,,
2026-10-06,BANKBARODA,INE028A01039,232.73,232.73,2041823583.983651,465.46,0.1637794972084411,0.0149599313566907,0.1419893304663303,0.1053595457317704,0.1929317901921761,0.0991145755549167,0.0091198432529013,0.0146206179446183,0.0224590947512996,0.0091198432529013,0.3523984240526936,0.1041430321893204,0.3523984240526936,0.2705993866195282,0.1621110641362917,0.1045667947076397,0.1419893304663303,0.0149599313566907,0.1045667947076397,0.3523984240526936,False,,,N100_drop0.50_s0.20_c0.05,1.0,0.0,0.0,False,False,1.0068271698186462,1.0170734897113791,-0.0865463796488441,-0.1149304575594595,False,,
2026-10-06,CANBK,INE476A01022,117.82,117.82,2141226644.3396823,235.64,0.1630726522783523,0.0148692944397109,0.1361190984227114,0.1092373855837265,0.1843774903169859,0.085998709734641,0.0090512459731123,0.0145407412562578,0.0223306382176459,0.0090512459731123,0.3667130345606926,0.0927591465581073,0.3667130345606926,0.2775867199324129,0.1562286569198566,0.1045667947076397,0.1361190984227114,0.0148692944397109,0.1045667947076397,0.3667130345606926,False,,,N100_drop0.50_s0.20_c0.05,1.0,0.0,0.0,False,False,1.0068271698186462,1.0170734897113791,-0.0865463796488441,-0.1149304575594595,False,,
2026-10-06,TECHM,INE669C01036,1504.5,1504.5,3808215560.149206,3009.0,0.1621343492761165,0.014749328640262,0.1345202405561823,0.1096439359555111,0.1926415493235869,0.083486168220726,0.0089606097748151,0.0144349484834151,0.0221767177845774,0.0089606097748151,0.3726439635413479,0.0893082115497636,0.3726439635413479,0.2593685596404452,0.1744047225369347,0.1045667947076397,0.1345202405561823,0.014749328640262,0.1045667947076397,0.3726439635413479,False,,,N100_drop0.50_s0.20_c0.05,1.0,0.0,0.0,False,False,1.0068271698186462,1.0170734897113791,-0.0865463796488441,-0.1149304575594595,False,,
2026-10-06,WIPRO,INE075A01022,161.84,161.84,2551330271.3704767,323.68,0.1608248397016214,0.0145825693692011,0.180274656394622,0.0808908454512864,0.1896229028836506,0.0984624289831107,0.0088349216398291,0.0142877584919177,0.0219829268327418,0.0088349216398291,0.3762225868954492,0.0939068960387497,0.3762225868954492,0.2793710865772866,0.1563189216076576,0.1045667947076397,0.180274656394622,0.0145825693692011,0.1045667947076397,0.3762225868954492,False,,,N100_drop0.50_s0.20_c0.05,1.0,0.0,0.0,False,False,1.0068271698186462,1.0170734897113791,-0.0865463796488441,-0.1149304575594595,False,,
2026-10-06,PFC,INE134E01011,322.6,322.6,2989757031.459524,645.2,0.1607641728546665,0.0145748625593996,0.1722399428245641,0.0846195273894452,0.1862286676277564,0.0454161602770557,0.0088291214549845,0.0142809523375886,0.0219739584315203,0.0088291214549845,0.3951601398711387,0.0714194971341691,0.3951601398711387,0.3248801887232399,0.1245559860194707,0.1130612244897959,0.1722399428245641,0.0145748625593996,0.1130612244897959,0.3951601398711387,False,,,N100_drop0.50_s0.20_c0.05,1.0,0.0,0.0,False,False,1.0068271698186462,1.0170734897113791,-0.0865463796488441,-0.1149304575594595,False,,
2026-10-06,SUNPHARMA,INE044A01036,1804.1,1804.1,3737879925.526984,3608.2,0.1605955981563005,0.0145534564117237,0.1157146264003553,0.1257702406726952,0.1964769720350297,0.0718200443103782,0.0088130150372271,0.0142600244806983,0.0219490423941745,0.0088130150372271,0.3885292793241623,0.0785956216191477,0.3885292793241623,0.2636968393756892,0.170601199088913,0.1045667947076397,0.1157146264003553,0.0145534564117237,0.1045667947076397,0.3885292793241623,False,,,N100_drop0.50_s0.20_c0.05,1.0,0.0,0.0,False,False,1.0068271698186462,1.0170734897113791,-0.0865463796488441,-0.1149304575594595,False,,
2026-10-06,LICI,INE0J1Y01017,390.0,390.0,4072652035.1182537,780.0,0.1601235633026986,0.0144935842179591,0.1369692853443767,0.1058163089740772,0.1874173426526783,0.0546511139946481,0.0087679969540257,0.0142007349441112,0.0218793082336159,0.0087679969540257,0.393171794892562,0.0740382453779028,0.393171794892562,0.2990138605364525,0.1409823958189771,0.109375,0.1369692853443767,0.0144935842179591,0.109375,0.393171794892562,False,,,N100_drop0.50_s0.20_c0.05,1.0,0.0,0.0,False,False,1.0068271698186462,1.0170734897113791,-0.0865463796488441,-0.1149304575594595,False,,
2026-10-06,TATASTEEL,INE081A01020,178.69,178.69,4624879897.77254,357.38,0.159925599154397,0.0144685046753193,0.1388923539612399,0.1041706347590383,0.1957536303403471,0.0783566935967316,0.0087491531511201,0.0141759003933893,0.021850077931399,0.0087491531511201,0.364169551797154,0.0958174071162491,0.364169551797154,0.2656320050372763,0.1660239667904844,0.1045667947076397,0.1388923539612399,0.0144685046753193,0.1045667947076397,0.364169551797154,False,,,N100_drop0.50_s0.20_c0.05,1.0,0.0,0.0,False,False,1.0068271698186462,1.0170734897113791,-0.0865463796488441,-0.1149304575594595,False,,
2026-10-06,POWERGRID,INE752E01010,257.2,257.2,2427129039.846032,514.4,0.1580856100321546,0.0142362462463929,0.1462095326287132,0.0973687966197435,0.201528666450296,0.0812268854964587,0.0085750261426025,0.0139628851722755,0.0215788212652448,0.0085750261426025,0.3395801061137035,0.1162287260534394,0.3395801061137035,0.2684292233237891,0.1641736057243508,0.1045667947076397,0.1462095326287132,0.0142362462463929,0.1045667947076397,0.3395801061137035,False,,,N100_drop0.50_s0.20_c0.05,1.0,0.0,0.0,False,False,1.0068271698186462,1.0170734897113791,-0.0865463796488441,-0.1149304575594595,False,,
2026-10-06,AXISBANK,INE238A01034,1248.0,1248.0,7593178529.50635,2496.0,0.1550852115220843,0.0138607724349779,0.1286210914342781,0.1077643820341896,0.2025278437773381,0.0609018899064046,0.0082950070656385,0.0136428516414675,0.0211381303415607,0.0082950070656385,0.3394694554258957,0.1146437846094401,0.3394694554258957,0.2502748046715962,0.1770338098684686,0.1045667947076397,0.1286210914342781,0.0138607724349779,0.1045667947076397,0.3394694554258957,False,,,N100_drop0.50_s0.20_c0.05,1.0,0.0,0.0,False,False,1.0068271698186462,1.0170734897113791,-0.0865463796488441,-0.1149304575594595,False,,
2026-10-06,NTPC,INE733E01010,321.45,321.45,2972564863.053968,642.9,0.1550169514052763,0.0138522771543681,0.1337207597012838,0.1035910743052347,0.1997833104588712,0.08327703066342,0.0082886928532213,0.0136345328534745,0.0211281278875095,0.0082886928532213,0.3639066097848903,0.0961987678893631,0.3639066097848903,0.2705920732436344,0.1622245692005584,0.1045667947076397,0.1337207597012838,0.0138522771543681,0.1045667947076397,0.3639066097848903,False,,,N100_drop0.50_s0.20_c0.05,1.0,0.0,0.0,False,False,1.0068271698186462,1.0170734897113791,-0.0865463796488441,-0.1149304575594595,False,,
2026-10-06,ONGC,INE213A01029,224.2,224.2,2813202612.9819045,448.4,0.1549411755105637,0.0138428489388775,0.1436209230863675,0.0963846258706542,0.2007382578584369,0.0902089364064517,0.0082816863405741,0.0136253005930195,0.0211170253275592,0.0082816863405741,0.3420810275416142,0.1137398827156974,0.3420810275416142,0.264789031260616,0.16646985807037,0.1045667947076397,0.1436209230863675,0.0138428489388775,0.1045667947076397,0.3420810275416142,False,,,N100_drop0.50_s0.20_c0.05,1.0,0.0,0.0,False,False,1.0068271698186462,1.0170734897113791,-0.0865463796488441,-0.1149304575594595,False,,
2026-10-06,ITC,INE154A01025,266.7,266.7,3995277835.665079,533.4,0.1545588799547863,0.0137953219233098,0.1696461829893055,0.081318198147609,0.2008540010246423,0.0577357689259341,0.0082463848363323,0.0135787626604351,0.0210610314699328,0.0082463848363323,0.3476638395186872,0.1096104542314472,0.3476638395186872,0.2655296851472999,0.1661989105871522,0.1045667947076397,0.1696461829893055,0.0137953219233098,0.1045667947076397,0.3476638395186872,False,,,N100_drop0.50_s0.20_c0.05,1.0,0.0,0.0,False,False,1.0068271698186462,1.0170734897113791,-0.0865463796488441,-0.1149304575594595,False,,
2026-10-06,SWIGGY,INE00H001014,244.2,244.2,6084381175.532857,488.4,0.1537351593696145,0.0136931385296033,0.2230101427805686,0.0614014159126241,0.174203820470992,0.0889430474903907,0.0081705876256142,0.0134787130642395,0.0209395886444731,0.0081705876256142,0.3067505225462972,0.1295163036789859,0.3067505225462972,0.3443272022474584,0.1555180902581819,0.1330698287220026,0.2230101427805686,0.0136931385296033,0.1330698287220026,0.3067505225462972,False,,,N100_drop0.50_s0.20_c0.05,1.0,0.0,0.0,False,False,1.0068271698186462,1.0170734897113791,-0.0865463796488441,-0.1149304575594595,False,,
2026-10-06,BEL,INE263A01024,387.4,387.4,4265086221.907143,774.8,0.1511367925123157,0.0133727872674078,0.1352334320496235,0.0988866958763625,0.201692169528602,0.0829913955943011,0.0079338621392837,0.0131772662509745,0.0205450052989432,0.0079338621392837,0.3360058170864398,0.1162380990661671,0.3360058170864398,0.2520825116919483,0.1753668885824659,0.1045667947076397,0.1352334320496235,0.0133727872674078,0.1045667947076397,0.3360058170864398,False,,,N100_drop0.50_s0.20_c0.05,1.0,0.0,0.0,False,False,1.0068271698186462,1.0170734897113791,-0.0865463796488441,-0.1149304575594595,False,,
2026-10-06,JIOFIN,INE758E01017,217.9,217.9,3939034898.9085712,435.8,0.1509243591166636,0.0133467290474994,0.1673677827564029,0.0797449116412393,0.1861823532084854,0.0777163161197346,0.0079146669987035,0.0131514272775785,0.0205078190789536,0.0079146669987035,0.3617592153232729,0.094629274332529,0.3617592153232729,0.2792033968485082,0.1546505972137613,0.1045667947076397,0.1673677827564029,0.0133467290474994,0.1045667947076397,0.3617592153232729,False,,,N100_drop0.50_s0.20_c0.05,1.0,0.0,0.0,False,False,1.0068271698186462,1.0170734897113791,-0.0865463796488441,-0.1149304575594595,False,,
2026-10-06,BHARTIARTL,INE397D01024,1810.5,1810.5,11941467994.43492,3621.0,0.1483991157426669,0.0130384990991842,0.1295936157259286,0.1006106591451136,0.2047716714957544,0.0609217127595702,0.0076883193982582,0.0128561275024423,0.0200675414116271,0.0076883193982582,0.3225565350915493,0.1264650053631099,0.3225565350915493,0.2314081042511082,0.1901868053676234,0.0721649484536082,0.1295936157259286,0.0130384990991842,0.0721649484536082,0.3225565350915493,False,,,N100_drop0.50_s0.20_c0.05,1.0,0.0,0.0,False,False,1.0068271698186462,1.0170734897113791,-0.0865463796488441,-0.1149304575594595,False,,
2026-10-06,ICICIBANK,INE090A01021,1342.8,1342.8,14679931711.15873,2685.6,0.1475730652582779,0.0129382831140057,0.1110008695219398,0.116560196057279,0.2030199500337313,0.0710893865609107,0.0076136447106898,0.0127567668604189,0.0199242236151228,0.0076136447106898,0.3285192941450119,0.1215597255597686,0.3285192941450119,0.2325525856920739,0.1893049242724883,0.0721649484536082,0.1110008695219398,0.0129382831140057,0.0721649484536082,0.3285192941450119,False,,,N100_drop0.50_s0.20_c0.05,1.0,0.0,0.0,False,False,1.0068271698186462,1.0170734897113791,-0.0865463796488441,-0.1149304575594595,False,,
2026-10-06,SBIN,INE062A01020,958.75,958.75,9602785772.103174,1917.5,0.1473532786175153,0.012911669372186,0.1291935155211631,0.0999405374186217,0.2015491630032527,0.0907018423215946,0.0075923425226169,0.0127303811921189,0.0198861495369839,0.0075923425226169,0.3133329978215278,0.1321880541187357,0.3133329978215278,0.2347097574839491,0.1876075191006398,0.0721649484536082,0.1291935155211631,0.012911669372186,0.0721649484536082,0.3133329978215278,False,,,N100_drop0.50_s0.20_c0.05,1.0,0.0,0.0,False,False,1.0068271698186462,1.0170734897113791,-0.0865463796488441,-0.1149304575594595,False,,
2026-10-06,INFY,INE009A01021,1013.85,1013.85,11818557263.840475,2027.7,0.1445133729556687,0.012569698437881,0.2027401399517069,0.0619990616602865,0.1858812246534157,0.0409538250114584,0.0073200506340002,0.01239137574936,0.0194298021040485,0.0073200506340002,0.3231551734460618,0.1200012378874256,0.3231551734460618,0.3152758329721392,0.1580891394295911,0.1130612244897959,0.2027401399517069,0.012569698437881,0.1130612244897959,0.3231551734460618,False,,,N100_drop0.50_s0.20_c0.05,1.0,0.0,0.0,False,False,1.0068271698186462,1.0170734897113791,-0.0865463796488441,-0.1149304575594595,False,,
2026-10-06,HDFCBANK,INE040A01034,711.45,711.45,22037671414.6873,1422.9,0.1437247751776913,0.0124753661145957,0.1431107857134008,0.0871727875184713,0.2068965120118408,0.0719305613036807,0.0072454092771577,0.0122961921762266,0.0193144049840458,0.0072454092771577,0.2835837842635978,0.1536803981589563,0.2835837842635978,0.2314093181676367,0.1918622223100657,0.0721649484536082,0.1431107857134008,0.0124753661145957,0.0721649484536082,0.2835837842635978,False,,,N100_drop0.50_s0.20_c0.05,1.0,0.0,0.0,False,False,1.0068271698186462,1.0170734897113791,-0.0865463796488441,-0.1149304575594595,False,,
2026-10-06,RELIANCE,INE002A01018,1218.0,1218.0,15315246791.030155,2436.0,0.142391448322258,0.0123164920196407,0.1428266161872349,0.0862338711679252,0.2013984572234967,0.0892044197345929,0.0071238267312912,0.0121354332280402,0.0191196366750504,0.0071238267312912,0.3040475658133307,0.1373605582508571,0.3040475658133307,0.2271427737037242,0.1925893537394122,0.0721649484536082,0.1428266161872349,0.0123164920196407,0.0721649484536082,0.3040475658133307,False,,,N100_drop0.50_s0.20_c0.05,1.0,0.0,0.0,False,False,1.0068271698186462,1.0170734897113791,-0.0865463796488441,-0.1149304575594595,False,,
