symbol,evidence_rows,primary_rows,distinct_domains,max_linked_evidence_score,max_primary_score,max_stage_weight,max_theme_demand,max_theme_primary_breadth,max_theme_demand_signal,max_money_crore,max_capacity_pct,latest_evidence,primary_confirmed,latest_qe,latest_revenue,latest_total_income,latest_pbt,latest_pat,latest_finance_cost,latest_depreciation,latest_ebitda_proxy,latest_ebitda_margin,latest_pat_margin,revenue_qoq,pat_qoq,pat_turnaround_qoq,ebitda_qoq,ebitda_turnaround_qoq,ebitda_margin_qoq_change,revenue_yoy,pat_yoy,pat_turnaround_yoy,ebitda_yoy,ebitda_turnaround_yoy,ebitda_margin_yoy_change,recent2_revenue_yoy,recent2_ebitda_yoy,recent2_pat_yoy,recent2_pat_turnaround,recent2_ebitda_turnaround,recent2_ebitda_margin_yoy_change,prev2_revenue_yoy,prev2_ebitda_yoy,prev2_pat_yoy,prev2_ebitda_margin_yoy_change,latest_ttm_revenue,previous_ttm_revenue,latest_ttm_ebitda,previous_ttm_ebitda,latest_ttm_pat,previous_ttm_pat,ttm_revenue_growth,ttm_ebitda_growth,ttm_pat_growth,ttm_pat_turnaround,ttm_ebitda_margin,ttm_ebitda_margin_change,third_ttm_revenue,third_ttm_ebitda,third_ttm_pat,previous_ttm_revenue_growth,previous_ttm_ebitda_growth,previous_ttm_pat_growth,revenue_growth_acceleration_3y,previous_ttm_ebitda_margin_change,filing_mode,quarters_extracted,integrated_quarters,legacy_quarters,integrated_filings_seen,legacy_filings_seen,filings_seen,primary_event_count,evidence_domain_count,order_visibility_score,commissioning_score,product_approval_score,capacity_stage_score,negative_event_count,first_primary_event_date,latest_primary_event_date,fresh_catalyst_generation_score,new_catalyst_type_count,primary_stage_upgrade,all_evidence_themes,strongest_event_title,strongest_event_url,strongest_event_date,strongest_event_stage,strongest_event_types,strongest_event_themes,date,isin,close,adj_close,avg_turnover_63,target_2x,p_raw,p_cal,p_dd30,asymmetry,model_dispersion,dd_model_dispersion,p05,p50,p95,p_conservative,hit25_6m_raw,hit25_6m_dispersion,hit25_6m_cal_raw,hit50_6m_raw,hit50_6m_dispersion,hit50_6m_cal_raw,p_dd30_cal,p100_cal,p50_cal,p25_cal,selected_v941,selection_score_v941,selection_rank_v941,production_risk_config,production_share_p100,production_share_p50,production_share_p25,production_p50_allowed,production_p25_allowed,production_p50_pr_auc_lift,production_p25_pr_auc_lift,production_p50_calibration_slope,production_p25_calibration_slope,production_selected,production_rank,production_selection_score,ret_20,ret_60,ret_120,ret_252,mom_accel,turnover_accel,trend_consistency_60,rvol_20_60,up_volume_share_20,accumulation_days_20,large_up_volume_days_20,up_down_volume_ratio_20,accumulation_absorption,evt_capacity_180,evt_commissioning_180,evt_order_180,evt_new_product_180,evt_future_product_180,evt_customer_180,evt_debt_reduction_180,evt_credit_positive_180,evt_earnings_positive_180,evt_approval_180,evt_strategic_180,evt_incentive_180,evt_buyback_180,evt_pledge_improvement_180,evt_pledge_risk_180,evt_risk_180,evt_catalyst_breadth_180,evt_catalyst_recent_90,promoter_buy_net_180,promoter_buy_count_180,promoter_pct,promoter_delta_qoq,catalyst_raw,business_inflection_raw,catalyst_score,business_inflection_score,promoter_conviction_score,accumulation_score,ownership_accumulation_score,technical_confirmation_score,priced_in_penalty,early_stage_score,risk_score,discovery_score,gate_catalyst,gate_promoter_accumulation,gate_technical,gate_not_overpriced,transformation_eligible,p100_anchor,p100_logit,catalyst_x_early,promoter_x_accumulation,catalyst_x_accumulation,business_x_catalyst,v10_percentile,transform_p_y6,transform_pct_y6,transform_p_y12,transform_pct_y12,transform_p_y24,transform_pct_y24,transform_multi_percentile,transformation_gate,multi_horizon_score,external_theme_demand_score,external_demand_source,financial_latest2_score,financial_previous2_score,financial_latest_ttm_score,financial_prior_ttm_score,financial_score_raw,financial_3y_context_coverage,financial_context_confidence,financial_stale_days,financial_freshness,financial_available,annualized_sales_crore,capacity_numeric_suspect,money_numeric_suspect,numeric_integrity_ok,catalyst_magnitude_score,product_demand_linkage_score,stage_reality_score,earnings_inflection_score,order_probability_score,promoter_accumulation_score,execution_quality_score,catalyst_intelligence_score,technical_confirmation_used,already_priced_penalty_used,v11_4_score_raw,max_prior_runup_252,pre_obvious_price_state,second_leg_price_state,over_100pct_price_state,material_prior_runup,remaining_business_upside_score,same_catalyst_priced_penalty,second_leg_score,pre_obvious_score,v11_4_base_eligible,pre_obvious_eligible,second_leg_eligible,opportunity_sleeve,v11_4_eligible,sleeve_score,audit_grade
ROLEXRINGS,4,3,2,0.7427999644528985,0.7427999644528985,1.1,0.0,0.999998984368529,0.2499997460921322,1650.0,3.3,2026-10-02 09:45:00+00:00,True,2026-06-30,3043370000.0,,792840000.0,601400000.0,2340000.0,,795180000.0,0.2612827227711385,0.1976098864088165,-0.004432566112296,,1.0,0.5992518402316882,0.0,0.098628809682147,0.0437405472884222,0.2234518675238017,0.0,0.1663464218138082,0.0,0.0274659364701539,0.0600535214694075,0.0893826494487339,-0.4220241822823836,0.0,0.0,0.0057038115023307,-0.0248753021490518,0.128353162291706,0.3260234128641162,0.031194680667637,11562490000.0,11356240000.0,2547140000.0,2298370000.0,1520820000.0,1732440000.0,0.0181618211661607,0.1082375770654855,-0.1221514164992727,0.0,0.2202933797131932,0.0179050892226788,12211900000.0,2620110000.0,1737430000.0,-0.0700677208296824,-0.1227963711447229,-0.0028720581548609,0.0882295419958432,-0.012165546340773,standalone,12,6,6,8,15,23,3,2,1.1,1.1,1.1,1.1,0,2026-06-19 11:02:07+00:00,2026-08-12 10:35:55+00:00,0.3949212256826331,3,0.2500000000000001,"[""defence_aerospace"", ""ev_auto"", ""railways"", ""renewables""]",Investor Presentation,https://nsearchives.nseindia.com/corporate/ROLEXRINGS_05082026194814_Investor_Presentation_June.pdf,2026-08-05 14:18:28+00:00,utilisation_ramp_or_repeat_order,"[""capacity"", ""commissioning"", ""order"", ""policy""]","[""ev_auto"", ""defence_aerospace"", ""railways"", ""renewables""]",2026-10-05,INE645S01024,189.77,189.77,620422018.7069842,379.54,0.3648531974188032,0.0519863860371108,0.1897538273871423,0.2739675228318133,0.183985579420778,0.1244832481364681,0.0390186894072864,0.0517426954145741,0.0658444801344363,0.0390186894072864,0.532055455429822,0.0481364327714184,0.532055455429822,0.4907240967685446,0.0271248955430984,0.1732057416267942,0.1897538273871423,0.0519863860371108,0.1732057416267942,0.532055455429822,False,,,N100_drop0.50_s0.20_c0.05,1.0,0.0,0.0,False,False,1.0068271698186462,1.0170734897113791,-0.0865463796488452,-0.1149304575594532,False,,,0.0854544414574156,0.3286424420639922,0.5832638077757384,0.3589945574334001,-0.0240930392305817,-0.3984974460969083,0.4833333333333333,-0.4519036124470281,0.5718963052957171,0.2,0.15,,0.0,0.0,0.0,0.0,0.0,0.0,0.0,0.0,0.0,0.0,0.0,0.0,0.0,0.0,0.0,0.0,0.0,0.0,0.0,0.0,0.0,,,0.0,0.0,0.0,0.0,0.0,0.4158486953296668,0.1663394781318667,0.6476933995741662,0.0,1.0,0.1810858765081618,0.179191328014159,False,False,True,True,False,0.0519863860371108,-2.903386985546896,0.0,0.0,0.0,0.0,0.7963094393186657,0.4298807526239728,0.2448545067423704,0.4591249974737968,0.2469836763662171,0.4796771007099028,0.311568488289567,0.2756210078069553,False,0.4137189496096522,0.4114339188445192,GDELT_PLUS_GOOGLE_NEWS,0.5100254043365103,0.5651795708537223,0.532759940548191,0.41788739340886516,0.5145401515690027,1.0,1.0,99.0,0.661993196690834,True,1156.249,False,False,True,1.0,0.4114339188445192,1.0,0.5145401515690027,0.95,0.1788149389917567,0.9323986393381668,0.7339191388711396,0.6476933995741662,0.0,0.7021871208910919,0.5832638077757384,False,True,False,True,0.7619590406601071,0.0,0.6797138936808353,0.7021871208910919,True,False,False,12_100PCT_MOVE_BUT_CAUSAL_GATES_FAILED,False,0.7021871208910919,REJECT
NRAIL,3,3,1,0.733349772609035,0.733349772609035,1.1,0.0,0.9999938557876468,0.2499984639469116,1500.0,,2026-07-29 06:23:36+00:00,True,2026-06-30,6469556000.0,,457603000.0,349753000.0,164439000.0,,622042000.0,0.0961491020403873,0.0540613606250568,0.0686547983333127,1.4633268537299975,0.0,0.5744510674918055,0.0,0.0308881349818261,0.4308675456526729,1.113464420380934,0.0,1.4570421895428711,0.0,0.0401563192388704,0.3643955359625292,1.6947187986816863,4.054134890126832,0.0,0.0,0.0400953358063841,0.2854636368190855,0.4230337822918966,-0.3852218572594885,0.0057270813072064,23402586000.0,17641952000.0,1661619000.0,830352000.0,621256000.0,307970000.0,0.3265304202165384,1.001101942308804,1.017261421567036,0.0,0.0710015123969633,0.0239346118635076,12714362000.0,1268645000.0,883090000.0,0.3875609330613678,-0.345481202385222,-0.6512586486088621,-0.0610305128448294,-0.0527135681994622,standalone,12,6,6,7,36,43,3,1,0.0,1.1,0.0,1.1,0,2026-02-26 10:56:13+00:00,2026-07-29 06:23:36+00:00,0.3922914112732282,2,0.9500000000000001,"[""power_td""]",Credit Rating- Others,https://nsearchives.nseindia.com/corporate/NRAIL_17072026134353_IntimationReg30CreditRating17072026.pdf,2026-07-17 08:41:14+00:00,utilisation_ramp_or_repeat_order,"[""capacity"", ""commissioning""]","[""power_td""]",2026-10-05,INE740D01017,661.35,661.35,15531041.474603174,1322.7,0.4753119937917439,0.0862868257185325,0.2166120571211616,0.398347288998175,0.236258058374201,0.0459078140496858,0.0623310900830198,0.08604148758691,0.1132170347535342,0.0623310900830198,0.5878235011815921,0.0534434331596379,0.5878235011815921,0.5333602315836183,0.0644680013982457,0.1960507757404795,0.2166120571211616,0.0862868257185325,0.1960507757404795,0.5878235011815921,False,,,N100_drop0.50_s0.20_c0.05,1.0,0.0,0.0,False,False,1.0068271698186462,1.0170734897113791,-0.0865463796488452,-0.1149304575594532,False,,,0.3332325370426368,0.5968851865266209,0.6598067511607479,0.6881940012763244,0.1342708082004298,0.9181061445078886,0.6,0.7741896404794242,0.7688581810696183,0.6,0.45,,0.0823353313349049,0.0,0.0,0.0,0.0,0.0,0.0,0.0,0.0,0.0,0.0,0.0,0.0,0.0,0.0,0.0,0.0,0.0,0.0,0.0,0.0,74.29,0.1800000000000068,0.0,0.0,0.0,0.0,0.0696969696969696,0.8582317735232871,0.3746563457729512,0.9713981547196594,0.0234955093845795,0.9765044906154204,0.2915897799858055,0.2447158839788749,False,False,True,True,False,0.0862868257185325,-2.3598397788674395,0.0,0.059816153912229,0.0,0.0,0.9850958126330732,0.483397285462859,0.7260468417317246,0.4827288848675433,0.7224982256919801,0.4943949393040869,0.7998580553584103,0.7580198722498226,False,0.796983676366217,0.5132477440400283,GDELT_PLUS_GOOGLE_NEWS,0.8327404859264994,0.6836729734756425,0.8692874263689998,0.5471470504430772,0.7599439805797719,1.0,1.0,99.0,0.661993196690834,True,2340.2586,False,False,True,0.6409548073020648,0.5132477440400283,1.0,0.7599439805797719,0.049999999999999996,0.406676026251377,0.9323986393381668,0.6367601375081726,0.9713981547196594,0.0234955093845795,0.6761313668623812,0.6881940012763244,False,True,False,True,0.5571708769859508,0.017504403136790456,0.6123904297783254,0.6761313668623812,True,False,False,12_100PCT_MOVE_BUT_CAUSAL_GATES_FAILED,False,0.6761313668623812,REJECT
ACMESOLAR,19,18,2,0.5983332977862319,0.5983332977862319,1.0,0.0,0.999998984368529,0.2499997460921322,,,2026-10-05 15:00:26+00:00,True,2026-06-30,8575000000.0,,3314640000.0,2353300000.0,3442710000.0,,6757350000.0,0.7880291545189504,0.2744373177842565,0.5651980272116295,0.7015169262360275,0.0,0.3169629371215414,0.0,-0.1485360617612994,0.678134736116982,0.7988289610469028,0.0,0.5964745656996648,0.0,-0.040307936270585,0.4083523822217501,0.4692187720135152,0.4774119312452798,0.0,0.0,0.0350450987414446,0.5848417033078981,0.7718619673197502,0.7963205791593708,0.0941940987645209,23698950000.0,16064750000.0,20496030000.0,12949600000.0,6024100000.0,3802560000.0,0.4752143668591171,0.582753907456601,0.5842222081965833,0.0,0.8648497085313906,0.0587618453526919,,,,,,,,,consolidated,8,6,2,12,4,16,18,2,0.85,1.0,0.0,0.0,0,2026-08-26 03:54:44+00:00,2026-10-05 15:00:26+00:00,0.9759947526333084,2,1.0,"[""battery_bess"", ""data_centres"", ""power_td"", ""renewables""]",Commencement of commercial production/operations,https://nsearchives.nseindia.com/corporate/ACMECS_05102026203005_Intimation05102026.pdf,2026-10-05 15:00:26+00:00,commercial_production_or_purchase_order,"[""commissioning""]","[""renewables""]",2026-10-05,INE622W01025,427.65,427.65,904666891.1420636,855.3,0.3422521382810585,0.0464678671714716,0.1584206148567715,0.2933195734247295,0.1928813538260849,0.0925156524047371,0.0346311940404764,0.0460912178597629,0.0588470998315181,0.0346311940404764,0.5091750536927391,0.0216649551222244,0.5091750536927391,0.4497505336225202,0.0532490911946682,0.1648675171736997,0.1584206148567715,0.0464678671714716,0.1648675171736997,0.5091750536927391,False,,,N100_drop0.50_s0.20_c0.05,1.0,0.0,0.0,False,False,1.0068271698186462,1.0170734897113791,-0.0865463796488452,-0.1149304575594532,False,,,0.0640706643443642,0.1627243066884174,0.5259589652096341,0.3902795838751622,0.0098292287815584,0.2939501620383122,0.5166666666666667,0.2044322751697376,0.6773062535109633,0.25,0.25,,0.0405141691758412,1.1394656125829576,8.126752455996016,0.4431407595813742,0.0,0.0,0.0,0.0,0.0,0.0,0.0,0.0,0.0,0.0,0.0,0.0,0.2391849447666003,3.0,11.0,0.0,0.0,71.4,-0.0799999999999983,16.746732866201214,0.0,1.0,0.0,0.0,0.6928434895830651,0.277137395833226,0.7552164655784245,0.0,1.0,0.2925802836466427,0.5509189529691525,True,False,True,True,True,0.0464678671714716,-3.021412079192736,1.0,0.0,0.6928434895830651,0.0,0.7019162526614621,0.6499776316666767,0.965223562810504,0.6889833820577087,0.9872249822569198,0.8089343521068919,1.0,0.9885734563520228,True,0.8733182668801902,0.5132477440400283,GDELT_PLUS_GOOGLE_NEWS,0.7557227517923619,0.9870056223366716,0.8939308063495199,,0.8562666677306078,0.6666666666666666,0.8500000000000001,99.0,0.661993196690834,True,2369.895,False,False,True,0.0,0.5132477440400283,1.0,0.7278266675710167,0.695,0.29792270052071795,0.8657319726715001,0.5794165157995091,0.7552164655784245,0.0,0.5911700830635608,0.5259589652096341,False,True,False,True,0.4737507735899429,0.0,0.6026813375480926,0.5911700830635608,True,False,False,12_100PCT_MOVE_BUT_CAUSAL_GATES_FAILED,False,0.5911700830635608,REJECT
SHANTIGOLD,5,4,2,0.7606905080536153,0.7606905080536153,1.1,0.0,0.9999938557876468,0.2499984639469116,100.0,,2026-09-29 13:15:00+00:00,True,2026-06-30,7163790000.0,,652560000.0,504820000.0,56820000.0,,709380000.0,0.0990230031868605,0.0704682856420972,0.087185285235154,-0.0278462486519797,0.0,0.0324561914187575,0.0,-0.00524907427205,1.4468585090940145,1.0485330519823073,0.0,0.858913550483478,0.0,-0.0313194099290133,,,,,,,,,,,,,,,,,,,,,,,,,,,,,,,standalone,5,5,0,6,0,6,4,2,0.0,1.1,1.1,1.1,0,2026-08-13 13:04:41+00:00,2026-08-20 12:26:44+00:00,0.5277911268131187,4,1.1,"[""power_td""]",Investor Presentation,https://nsearchives.nseindia.com/corporate/SHANTIGOLD_13082026184812_Investor_Presentation_SGIL.pdf,2026-08-13 13:18:27+00:00,commercial_production_or_purchase_order,"[""capacity"", ""commissioning"", ""product"", ""approval""]","[""power_td""]",2026-10-05,INE06ZD01017,316.6,316.6,738326102.997619,633.2,0.3794314007783709,0.055780654681013,0.2465690739914549,0.2262272951673824,0.1964875120742661,0.0589150078602299,0.0418510811769852,0.0555656946584817,0.0704971392837792,0.0418510811769852,0.4927658730636625,0.0166974466094484,0.4927658730636625,0.4695497866989196,0.0346433336912834,0.1732057416267942,0.2465690739914549,0.055780654681013,0.1732057416267942,0.4927658730636625,False,,,N100_drop0.50_s0.20_c0.05,1.0,0.0,0.0,False,False,1.0068271698186462,1.0170734897113791,-0.0865463796488452,-0.1149304575594532,False,,,0.2919812283207508,0.4741351212925455,0.8247838616714698,0.4375879762066932,0.1339361878899022,0.8037698770079507,0.5333333333333333,0.6576554237594405,0.7296003559504926,0.4,0.35,,0.0765012707782664,0.0,0.4264677233064058,0.0,0.0,0.0,0.0,0.0,0.0,0.0,0.0,0.0,0.0,0.0,0.0,0.0,0.0,1.0,0.0,0.0,0.0,70.35,-4.540000000000006,0.9330846541330072,0.0,0.5284403669724771,0.0,0.0,0.8188781181656074,0.3275512472662429,0.8809084457061747,0.0574001646768217,0.9425998353231784,0.3784599006387509,0.3924237832640503,True,False,True,True,True,0.055780654681013,-2.828931377512291,0.4981078028863768,0.0,0.432728253269165,0.0,0.8452803406671399,0.5424113261739834,0.9091554293825408,0.5428462785714974,0.9240596167494676,0.5089615932803996,0.8949609652235628,0.9079843860894252,False,0.8513271823988644,0.5132477440400283,GDELT_PLUS_GOOGLE_NEWS,,,,,0.8168648234964595,0.4166666666666667,0.7375,99.0,0.661993196690834,True,2865.516,False,False,True,0.034897728716224236,0.5132477440400283,1.0,0.6024378073286389,0.25,0.35211759081121113,0.8157319726715001,0.5171631555635461,0.8809084457061747,0.0574001646768217,0.5493033918991438,0.8247838616714698,False,True,False,True,0.3615826216587404,0.03770822124069681,0.5042406497123018,0.5493033918991438,True,False,False,12_100PCT_MOVE_BUT_CAUSAL_GATES_FAILED,False,0.5493033918991438,REJECT
CEIGALL,11,11,1,0.6896795264966942,0.6896795264966942,0.85,0.0,0.999998984368529,0.2499997460921322,704.7,7.2992700729927,2026-09-22 07:00:44+00:00,True,2026-06-30,9696420000.0,,978720000.0,637470000.0,439160000.0,,1417880000.0,0.1462271642523735,0.0657428205461397,-0.3006599303286669,-0.5059674194398376,0.0,-0.3541704624130015,0.0,-0.0121157254491071,0.1568449661050517,0.241711792434454,0.0,0.2956840383437966,0.0,0.0156689773278778,0.2737388852368265,0.4785540669934773,0.5581284451125874,0.0,0.0,0.021243597080347,0.1216602973061504,0.0143505977718487,-0.0570613304774549,-0.0146541715430513,41538650000.0,34525170000.0,6103500000.0,4898770000.0,3213290000.0,2600530000.0,0.2031410707029104,0.2459249974993722,0.2356288910337507,0.0,0.1469354444595575,0.0050456290002853,,,,,,,,,consolidated,9,6,3,15,6,21,11,1,0.85,0.85,0.0,0.0,0,2026-08-21 05:10:27+00:00,2026-09-22 07:00:44+00:00,0.8170352033654878,3,0.85,"[""battery_bess"", ""power_td"", ""railways"", ""renewables""]",Press Release,https://nsearchives.nseindia.com/corporate/ceigall_22092026123035_Intimation.pdf,2026-09-22 07:00:44+00:00,commissioned_or_loa,"[""commissioning"", ""order"", ""policy""]","[""battery_bess"", ""renewables"", ""power_td""]",2026-10-05,INE0AG901020,383.95,383.95,157807316.79920635,767.9,0.2822430910492519,0.0337116187203147,0.1355274861495231,0.2487437764699762,0.1787797374084617,0.0197763025578958,0.0243898696082796,0.0331895174721192,0.0434780072810724,0.0243898696082796,0.5250893787412242,0.0367272111615354,0.5250893787412242,0.4755894790309143,0.055346637323745,0.1732057416267942,0.1355274861495231,0.0337116187203147,0.1732057416267942,0.5250893787412242,False,,,N100_drop0.50_s0.20_c0.05,1.0,0.0,0.0,False,False,1.0068271698186462,1.0170734897113791,-0.0865463796488452,-0.1149304575594532,False,,,0.1047331319234641,0.040796963946869,0.3702712348322627,0.3834041939900554,0.0911341439411744,0.044797653827179,0.5666666666666667,-0.0367913288226079,0.8136607907062753,0.3,0.15,,0.0,0.0,1.234650058058102,1.0815608112492845,0.0,0.0,0.0,0.0,0.0,0.0,0.0,0.3829641691823243,0.0,0.0,0.0,0.0,0.186788600954331,3.0,5.0,0.0,0.0,82.06,0.0,5.600754761910798,0.0,0.9926605504587156,0.0,0.0,0.6142518181117818,0.2457007272447127,0.6408800567778568,0.0,1.0,0.1896833087659915,0.5444918838346156,True,False,True,True,True,0.0337116187203147,-3.355619773918438,0.9926605504587156,0.0,0.6097435478871082,0.0,0.4471256210078069,0.5155606006868846,0.8608942512420156,0.5579950184360827,0.9410929737402411,0.5717066350441656,0.9900638750887154,0.9470901348474094,True,0.7781324498189295,0.5132477440400283,GDELT_PLUS_GOOGLE_NEWS,0.710712481235557,0.541195623271138,0.6674517164872167,,0.6506755783640595,0.75,0.8875000000000001,99.0,0.661993196690834,True,4153.865,False,False,True,0.16964923029515885,0.5132477440400283,0.85,0.5774745757981029,0.645,0.26412828178806613,0.8298986393381669,0.5443746425311647,0.6408800567778568,0.0,0.5485010606792238,0.3834041939900554,False,True,False,True,0.47178446546529623,0.0,0.5588575576314,0.5485010606792238,True,False,False,12_100PCT_MOVE_BUT_CAUSAL_GATES_FAILED,False,0.5485010606792238,REJECT
ASKAUTOLTD,5,5,1,0.794115011775106,0.794115011775106,1.1,0.0,0.999998984368529,0.2499997460921322,700.0,20.0,2026-09-05 12:20:45+00:00,True,2026-06-30,13581100000.0,,1145500000.0,874200000.0,158900000.0,,1304400000.0,0.0960452393399651,0.0643688655558091,0.1839301903898458,0.208293020041465,0.0,0.1939588100686498,0.0,0.0008067289835943,0.5237576995141873,0.3352680617076524,0.0,0.3472423053088205,0.0,-0.012583826396215,0.4389934289127837,0.3388258951013796,0.3277653120585058,0.0,0.0,-0.0071582224299787,0.1317979903216533,0.2175803532323343,0.1998992451015564,0.0076038197164133,46431500000.0,36299190000.0,4704300000.0,3685370000.0,3169700000.0,2513410000.0,0.2791332258378216,0.2764797021737302,0.2611153771171437,0.0,0.101316993851157,-0.0002106159935804,32002417000.0,2753207000.0,1801385000.0,0.1342640151211078,0.3385735253469863,0.3952653097477774,0.1448692107167137,0.0154963891403764,consolidated,12,6,6,13,12,25,5,1,1.1,1.1,0.15,1.1,0,2026-08-04 12:26:29+00:00,2026-09-05 12:20:45+00:00,0.6532622431363594,4,1.1,"[""renewables""]",Analysts/Institutional Investor Meet/Con. Call Updates,https://nsearchives.nseindia.com/corporate/8448091598_10082026133157_stxintimation10082026sd.pdf,2026-08-10 08:02:21+00:00,utilisation_ramp_or_repeat_order,"[""capacity"", ""commissioning"", ""order""]","[""renewables""]",2026-10-05,INE491J01022,608.2,608.2,497000219.2000001,1216.4,0.3621887083722069,0.0513133235700165,0.1925525761518043,0.2664899353492014,0.179383771536682,0.134737293679427,0.0384994005973596,0.051132497777747,0.0650718190451965,0.0384994005973596,0.536114304083245,0.0515773062653016,0.536114304083245,0.5108404257939463,0.0262753573557828,0.1829411764705882,0.1925525761518043,0.0513133235700165,0.1829411764705882,0.536114304083245,False,,,N100_drop0.50_s0.20_c0.05,1.0,0.0,0.0,False,False,1.0068271698186462,1.0170734897113791,-0.0865463796488452,-0.1149304575594532,False,,,-0.0379626700411261,0.267215334930722,0.3997698504027618,0.1382052961542061,-0.1270344483513668,-0.5993386789668822,0.4666666666666667,-0.6061943379548235,0.4326537257923409,0.25,0.0,,0.0,0.0,0.9749319968902505,0.0,0.0,0.0,0.0,0.0,0.0,0.0,0.0,0.3582656552868946,0.0,0.0,0.0,0.0,0.1067152053713172,2.0,2.0,0.0,0.0,74.95,0.0,2.844057975463226,0.0,0.9376146788990826,0.0,0.0,0.2268452803406671,0.0907381121362668,0.5454932576295245,0.0,1.0,0.2818439382358828,0.4631224006763156,True,False,True,True,True,0.0513133235700165,-2.917128145102096,0.9376146788990826,0.0,0.2126934646863869,0.0,0.78708303761533,0.5411601503931155,0.908445706174592,0.5459249546843415,0.9283179559971612,0.5433814179730106,0.9687721788502484,0.9425479063165364,True,0.8677240518825863,0.4114339188445192,GDELT_PLUS_GOOGLE_NEWS,0.6988150266316883,0.624454090446308,0.7069920233839958,0.7182306880309961,0.684772541145701,1.0,1.0,99.0,0.661993196690834,True,4643.15,False,False,True,0.15075972130988663,0.4114339188445192,1.0,0.684772541145701,0.7725,0.09754347054648684,0.9323986393381668,0.5754612764031299,0.5454932576295245,0.0,0.5469201575895383,0.3997698504027618,False,True,False,True,0.5101814810249842,0.0,0.551169076602407,0.5469201575895383,True,False,False,12_100PCT_MOVE_BUT_CAUSAL_GATES_FAILED,False,0.5469201575895383,REJECT
AMANTA,6,6,1,0.7427999644528985,0.7427999644528985,1.1,0.0,0.999998984368529,0.2499997460921322,69.0,,2026-09-02 12:13:34+00:00,True,2026-06-30,688032000.0,,44923000.0,33105000.0,60048000.0,,104971000.0,0.1525670317659643,0.0481154946281568,-0.1063927610789805,-0.4015293947501627,0.0,-0.1151469683303689,0.0,-0.0015094070631009,0.0535332299244646,-0.0560846259124088,0.0,-0.0638789305652166,0.0,-0.0191355855604825,,,,,,,,,,,,,,,,,,,,,,,,,,,,,,,standalone,5,5,0,10,0,10,6,1,1.1,1.1,1.1,1.1,1,2026-05-21 12:14:58+00:00,2026-09-02 12:13:34+00:00,0.4707042932565352,1,0.0,"[""industrial_automation"", ""pharma_specialty"", ""renewables""]",Analysts/Institutional Investor Meet/Con. Call Updates,https://nsearchives.nseindia.com/corporate/AMANTA_21052026174310_Intimation_of_Transcript.pdf,2026-05-21 12:14:58+00:00,utilisation_ramp_or_repeat_order,"[""capacity"", ""commissioning"", ""order"", ""product""]","[""renewables"", ""pharma_specialty""]",2026-10-05,INE084K01015,199.92,199.92,11486234.267460318,399.84,0.4327227362880042,0.0714267401513108,0.1803294765879423,0.3960902094476927,0.2108719471126351,0.0996519167693525,0.0522985076384976,0.0712265375827174,0.0921860956438639,0.0522985076384976,0.587493232623439,0.1027454946516703,0.587493232623439,0.5570418362665435,0.0468131167753963,0.2183449651046859,0.1803294765879423,0.0714267401513108,0.2183449651046859,0.587493232623439,False,,,N100_drop0.50_s0.20_c0.05,1.0,0.0,0.0,False,False,1.0068271698186462,1.0170734897113791,-0.0865463796488452,-0.1149304575594532,False,,,0.0509383378016086,0.0935346242205448,0.8657956136257581,0.4218049925325366,0.0197601297280936,-0.3876286630670079,0.45,-0.4323228407022436,0.6188950032190303,0.3,0.05,,0.0,0.0,0.5544324960691532,0.0,0.0,0.0,0.0,0.0,0.0,0.0,0.0,0.0,0.0,0.0,0.0,0.0,0.1067152053713172,1.0,1.0,0.0,0.0,63.8,0.0799999999999983,1.4430406200864416,0.0,0.7467889908256881,0.0,0.0424242424242424,0.3821714428106947,0.171959486215187,0.7089425124201562,0.0678728084794346,0.9321271915205652,0.2368120006915251,0.4329511886331309,True,False,True,True,True,0.0714267401513108,-2.5649769678146392,0.6961023246768258,0.0162133339374234,0.2854014260989959,0.0,0.9453513129879348,0.5549159537753301,0.9240596167494676,0.5602533987185814,0.9439318665720368,0.5284086045258305,0.9453513129879348,0.9405961674946772,True,0.9183415110735018,0.5132477440400283,GDELT_PLUS_GOOGLE_NEWS,,,,,0.48797303060736147,0.4166666666666667,0.7375,99.0,0.661993196690834,True,275.2128,False,False,True,0.25071508301939444,0.5132477440400283,1.0,0.3598801100729291,0.9,0.1872428113176896,0.8157319726715001,0.5835647237729651,0.7089425124201562,0.0678728084794346,0.5274782159207831,0.8657956136257581,False,True,False,True,0.487444664661088,0.04710659395411312,0.5006067023450378,0.5274782159207831,True,False,False,12_100PCT_MOVE_BUT_CAUSAL_GATES_FAILED,False,0.5274782159207831,REJECT
WELSPUNLIV,3,2,2,0.6446666666666667,0.6446666666666667,1.0,0.0,0.999998984368529,0.2499997460921322,900.0,,2026-09-24 03:45:00+00:00,True,2026-06-30,20830800000.0,,1912000000.0,1557300000.0,149500000.0,,2061500000.0,0.0989640340265376,0.0747594907540756,0.0934171780107184,4.698133918770582,0.0,4.287253141831239,0.0,0.0784980241898352,0.1062971007950375,1.049618320610687,0.0,0.6709897057631515,0.0,0.0334438075709604,0.0048577569156267,-0.089714073523951,0.0508610792192882,0.0,0.0,-0.0063859028625462,-0.1286902196440716,-0.5225452603989711,-0.4784258661910364,-0.0426559749185773,77928600000.0,83355200000.0,4418800000.0,6813600000.0,3205000000.0,4377100000.0,-0.0651021172044455,-0.351473523541153,-0.2677800370108062,0.0,0.0567031872765582,-0.0250385636879886,78648900000.0,8285100000.0,5540100000.0,0.0598393620254065,-0.1776079950754969,-0.2099240085919026,-0.1249414792298521,-0.0236011082489958,standalone,12,6,6,13,140,153,2,2,1.0,1.0,0.0,0.0,0,2026-06-16 06:43:29+00:00,2026-08-13 10:57:32+00:00,0.3602719805710862,1,0.0,[],Investor Presentation,https://nsearchives.nseindia.com/corporate/WELSPUNIND_13082026162553_Reg30_Presentation13082026_signed.pdf,2026-08-13 10:57:32+00:00,commercial_production_or_purchase_order,"[""commissioning"", ""policy""]",[],2026-10-05,INE192B01031,230.27,230.27,1108102586.4415874,460.54,0.3561622141311433,0.0498135678038987,0.144594076759418,0.3445062821403168,0.1858076753292092,0.0343872562377442,0.0372989187072901,0.0495735194037611,0.0630542159380397,0.0372989187072901,0.5365837805599649,0.0315048550313992,0.5365837805599649,0.5148343174237872,0.0140778142469422,0.1829411764705882,0.144594076759418,0.0498135678038987,0.1829411764705882,0.5365837805599649,False,,,N100_drop0.50_s0.20_c0.05,1.0,0.0,0.0,False,False,1.0068271698186462,1.0170734897113791,-0.0865463796488452,-0.1149304575594532,False,,,0.1478490603658839,0.3827538581636942,0.9554177989130436,0.7981414961736686,0.0202644409779858,0.07458880724221,0.6166666666666667,-0.074203527980129,0.7876746596898028,0.65,0.3,,0.0,0.0,0.2330559129067768,0.0,0.0,0.0,0.0,0.0,0.0,0.0,0.0,0.0,0.0,0.6379857463389336,0.0,0.0,0.0,2.0,0.0,0.0,0.0,66.36,0.1200000000000045,1.091319891133471,0.2870935858525201,0.6330275229357798,0.8333333333333334,0.0522727272727272,0.6977438676437804,0.3026202743302394,0.7981547196593329,0.0907584736510093,0.9092415263489908,0.0316181689141234,0.6298782675404633,True,False,True,True,True,0.0498135678038987,-2.9483708169727256,0.5755749111750492,0.0364729748995611,0.4416910721781729,0.5275229357798166,0.765791341376863,0.6391533139580158,0.9609652235628106,0.6238678512689696,0.9744499645138396,0.5694638097463439,0.9886444286728177,0.9781405251951738,True,0.9112739531582682,0.0,GDELT_PLUS_GOOGLE_NEWS,0.48500635950307536,0.2664344913735435,0.35677851408970884,0.46127320754948464,0.40115785059498055,1.0,1.0,99.0,0.661993196690834,True,7792.86,False,False,True,0.11549033345908948,0.0,1.0,0.40115785059498055,0.7999999999999999,0.32825713581409827,0.8490653060048334,0.4767199910476332,0.7981547196593329,0.0907584736510093,0.5221409579996618,0.9554177989130436,False,True,False,True,0.39625595007766024,0.06950494586470168,0.47830221174725707,0.5221409579996618,True,False,False,12_100PCT_MOVE_BUT_CAUSAL_GATES_FAILED,False,0.5221409579996618,REJECT
STALLION,4,4,1,0.5925478722455778,0.5925478722455778,1.1,0.0,0.999998984368529,0.2499997460921322,400.0,,2026-09-19 13:02:13+00:00,True,2026-06-30,1214460000.0,,247887000.0,185657000.0,918000.0,,248805000.0,0.2048688305913739,0.1528720583633878,0.1041117585183959,0.6979477236560516,0.0,0.459215511477602,0.0,0.0498553435288625,0.0993383837880945,0.7914853376820126,0.0,0.7672190298958015,0.0,0.0774255622127183,-0.1167742457443488,0.2297772498643555,0.2481552625789089,0.0,0.0,0.0510550369577907,,,,,,,,,,,,,,,,,,,,,,,,,standalone,7,6,1,6,1,7,4,1,0.0,1.1,0.0,1.1,1,2026-08-14 14:43:42+00:00,2026-09-19 13:02:13+00:00,0.7876305638915108,3,1.1,"[""defence_aerospace"", ""pharma_specialty"", ""power_td"", ""renewables"", ""semiconductor_electronics""]",Commencement of commercial production/operations,https://nsearchives.nseindia.com/corporate/STALLION_19092026183204_Intimation-Commercial-Operations-at-Khalapur-Facility-Signed.pdf,2026-09-19 13:02:13+00:00,commercial_production_or_purchase_order,"[""commissioning""]","[""semiconductor_electronics""]",2026-10-05,INE0RYC01010,224.61,224.61,459493151.3357143,449.22,0.3306817720113372,0.0438032440919044,0.2468061281227382,0.1774803746774099,0.1771286544029475,0.1978489033342138,0.0324111883936973,0.0433125558661299,0.055656891962626,0.0324111883936973,0.4688582635753553,0.0777406096045479,0.4688582635753553,0.4517011502831311,0.0547827864946597,0.171875,0.2468061281227382,0.0438032440919044,0.171875,0.4688582635753553,False,,,N100_drop0.50_s0.20_c0.05,1.0,0.0,0.0,False,False,1.0068271698186462,1.0170734897113791,-0.0865463796488452,-0.1149304575594532,False,,,0.0818843022975772,0.2333077092027236,0.9256687242798356,0.1092399624672824,0.0041150658966693,-0.8476691023930627,0.4833333333333333,-0.8391160416318055,0.5114513158203369,0.0,0.0,,0.0,0.0,0.6697027450886109,0.1598797460796939,0.0,0.0,0.0,0.0,0.0,0.0,0.0,0.0,0.0,0.0,0.0,0.0,0.0,2.0,1.0,0.0,0.0,47.8,0.0,2.131020202832488,0.0,0.8788990825688073,0.0,0.0,0.1578246983676366,0.0631298793470546,0.5442157558552165,0.0831618349500294,0.9168381650499704,0.3794180269694819,0.4125898367809427,True,False,True,True,True,0.0438032440919044,-3.08325582282958,0.8058082221264877,0.0,0.1387119826020145,0.0,0.6515259048970902,0.596489376280154,0.943222143364088,0.5747223998291433,0.949609652235628,0.5475930503614477,0.9751596877217884,0.9598296664300924,True,0.8293967352732434,0.5132477440400283,GDELT_PLUS_GOOGLE_NEWS,0.5609143474493673,,,,0.5609143474493673,0.5833333333333334,0.8125,99.0,0.661993196690834,True,485.784,False,False,True,0.8234112280355055,0.5132477440400283,1.0,0.4557429073026109,0.049999999999999996,0.06786462029808372,0.8490653060048334,0.58813300238606,0.5442157558552165,0.0831618349500294,0.4840269806313275,0.9256687242798356,False,True,False,True,0.5105836312556947,0.04058631302866554,0.5107122970494856,0.4840269806313275,True,False,False,12_100PCT_MOVE_BUT_CAUSAL_GATES_FAILED,False,0.4840269806313275,REJECT
ARVIND,5,4,2,0.4226930612325606,0.4226930612325606,1.0,0.0,0.9850044231795224,0.2462511057948805,4113.0,18.0,2026-10-01 02:15:00+00:00,True,2026-06-30,18270600000.0,,497700000.0,372900000.0,360800000.0,,858500000.0,0.0469880573161253,0.0204098387573478,-0.0835694974594591,-0.5352112676056338,0.0,-0.4106137580667307,0.0,-0.0260731815047426,0.008372472942618,-0.3533899774579504,0.0,-0.2697967168495364,0.0,-0.0178999877638739,0.0036539684040748,-0.2422923348825031,-0.220069020440669,0.0,0.0,-0.0196680826716834,-0.0773484439920699,-0.1377286952335098,0.2857142857142858,-0.0055064063765917,74647700000.0,77563500000.0,5180600000.0,6378600000.0,2556700000.0,2581300000.0,-0.0375924242717257,-0.1878155081052268,-0.009530081741758,0.0,0.0694006647224227,-0.0128364700123429,70990500000.0,5539200000.0,2806700000.0,0.0925898535719567,0.1515381282495667,-0.0803078348238144,-0.1301822778436824,0.004209793048202,standalone,12,6,6,12,147,159,4,2,0.85,1.0,0.15,0.85,2,2026-08-12 12:00:16+00:00,2026-08-25 17:11:32+00:00,0.565666352172395,5,0.85,"[""industrial_automation""]",Credit Rating- Revision,https://nsearchives.nseindia.com/corporate/ARVIND1_25082026224120_Arvind_Limited_Intimation.pdf,2026-08-25 17:11:32+00:00,commissioned_or_loa,"[""capacity"", ""commissioning"", ""order"", ""policy""]","[""industrial_automation""]",2026-10-05,INE034A01011,530.4,530.4,358774106.4619048,1060.8,0.330991769190456,0.043873279563549,0.1654431289020791,0.2651864713554609,0.1735339846603303,0.1007339719666125,0.0324722649268052,0.0433793709589207,0.0557402141277425,0.0324722649268052,0.5321781538423335,0.0551629884811245,0.5321781538423335,0.4778016656942821,0.043281098689382,0.1732057416267942,0.1654431289020791,0.043873279563549,0.1732057416267942,0.5321781538423335,False,,,N100_drop0.50_s0.20_c0.05,1.0,0.0,0.0,False,False,1.0068271698186462,1.0170734897113791,-0.0865463796488452,-0.1149304575594532,False,,,-0.0645502645502645,-0.0050647158131683,0.4176132567152211,0.5823389021479712,-0.0628620259458751,0.0312502820487243,0.4333333333333333,0.0104915655188588,0.3444914835793575,0.15,0.0,,0.0,0.0,0.0,0.0,0.0,0.0,0.0,0.0,0.0,0.0,0.0,0.0,0.0,0.0,0.0,0.0,0.0976387814178428,0.0,0.0,0.0,0.0,38.09,-1.4399999999999975,0.0,0.0,0.0,0.0,0.0,0.2883073101490419,0.1153229240596167,0.5787792760823278,0.0,1.0,0.1516375573996227,0.1639630250131935,False,False,True,True,False,0.043873279563549,-3.0815849882344475,0.0,0.0,0.0,0.0,0.6536550745209369,0.4230066595929926,0.1930447125621008,0.4581990729466637,0.2178850248403122,0.4783320748502054,0.1902058197303051,0.2004613200851667,False,0.3212556906759355,0.1478562110337886,GDELT_PLUS_GOOGLE_NEWS,0.4319286584290028,0.45775689376168033,0.43394631805419526,0.5914806938289405,0.46272205449720133,1.0,1.0,99.0,0.661993196690834,True,7464.77,False,False,True,0.5509881751212696,0.1478562110337886,1.0,0.46272205449720133,0.7174999999999999,0.12397214336408799,0.9323986393381668,0.5650142098342175,0.5787792760823278,0.0,0.45563621849186975,0.5823389021479712,False,True,False,True,0.5387010583660812,0.0,0.4516936109540628,0.45563621849186975,True,False,False,12_100PCT_MOVE_BUT_CAUSAL_GATES_FAILED,False,0.45563621849186975,REJECT
SWELECTES,7,7,1,0.5506332977862318,0.5506332977862318,0.85,0.0,0.999998984368529,0.2499997460921322,,900.0,2026-10-01 12:28:49+00:00,True,2026-06-30,1194855000.0,,222552000.0,186781000.0,94709000.0,,317261000.0,0.2655225947918366,0.1563210598775583,-0.1979757000776615,1.4281554281554285,0.0,0.4572441700771199,0.0,0.1193867737851102,0.8203430887125032,3.6254674227978505,0.0,1.5179244609169769,0.0,0.0735620225710532,0.5236401816118048,0.8595372829275754,6.27519518856733,0.0,0.0,0.0359952935729284,-0.3651098388139727,-0.240313406450967,4.008311489035228,0.0293283190652271,4299786000.0,4305955000.0,823329000.0,667263000.0,342039000.0,51888000.0,-0.0014326670854665,0.2338897855867925,5.591870952821462,0.0,0.1914813900040606,0.0365185536530072,2442801000.0,603968000.0,443986000.0,0.7627121488815503,0.1047985986012502,-0.8831314500907687,-0.7641448159670168,-0.0922812084974627,standalone,12,6,6,13,113,126,7,1,0.15,0.85,0.15,0.0,0,2026-07-04 12:53:52+00:00,2026-10-01 12:28:49+00:00,0.6930054158420574,1,0.0,"[""renewables""]",Updates,https://nsearchives.nseindia.com/corporate/SWELECTES_01102026174819_Commissioning_of_SHPV_MW_Signed.pdf,2026-10-01 12:28:49+00:00,commissioned_or_loa,"[""commissioning""]","[""renewables""]",2026-10-05,INE409B01013,600.1,600.1,15797630.057936508,1200.2,0.334808486779673,0.0447416239392641,0.2142941658068224,0.2087860104394859,0.1808896959710639,0.1036841752604718,0.0332310226480769,0.0442753906922629,0.0567755896738503,0.0332310226480769,0.4405581373026279,0.0489380327436601,0.4405581373026279,0.4311019742270852,0.0683508654277125,0.1578542883492161,0.2142941658068224,0.0447416239392641,0.1578542883492161,0.4405581373026279,False,,,N100_drop0.50_s0.20_c0.05,1.0,0.0,0.0,False,False,1.0068271698186462,1.0170734897113791,-0.0865463796488452,-0.1149304575594532,False,,,0.0402149419310107,-0.0564465408805031,0.129174898861605,-0.3152670013692378,0.0590304555578451,-0.0482152263368118,0.4333333333333333,0.0066929576018561,0.4910877872084884,0.25,0.15,,0.0002528806947674,0.0739579721031896,1.816842913879024,0.0,0.0,0.0,0.0,0.0,0.0,0.0,0.0,0.0,0.0,0.0,0.0,0.0,0.2206646587420049,2.0,2.0,0.0,0.0,,,3.845011614451969,0.0,0.9724770642201837,0.0,0.0,0.5143784803923245,0.2057513921569298,0.6294535131298793,0.0,1.0,0.490124762667346,0.4812314574291827,True,False,True,True,True,0.0447416239392641,-3.061077602077448,0.9724770642201837,0.0,0.500221274509967,0.0,0.6678495386799148,0.5853956366176991,0.936834634492548,0.5856972135355717,0.9552874378992192,0.5736563342189338,0.9907735982966644,0.9675656493967354,True,0.8286383399149546,0.4114339188445192,GDELT_PLUS_GOOGLE_NEWS,0.8694875369262105,0.38666251853585015,0.641497406910606,0.6300590454015812,0.6672689825968051,1.0,1.0,99.0,0.661993196690834,True,429.9786,True,False,True,0.0,0.4114339188445192,0.85,0.6672689825968051,0.1775,0.22118274656869952,0.8798986393381668,0.4506879559727261,0.6294535131298793,0.0,0.44723108639076914,0.129174898861605,False,True,False,True,0.3425096387959049,0.0,0.44276844494430473,0.44723108639076914,True,False,False,12_100PCT_MOVE_BUT_CAUSAL_GATES_FAILED,False,0.44723108639076914,REJECT
WABAG,8,8,1,0.6824002885368537,0.6824002885368537,1.1,0.0,0.999998984368529,0.2499997460921322,,,2026-09-07 02:44:48+00:00,True,2026-06-30,8868000000.0,,1127000000.0,846000000.0,172000000.0,,1299000000.0,0.1464817320703653,0.0953991880920162,-0.3730203619909502,-0.345707656612529,0.0,-0.3083067092651756,0.0,0.0137045827490983,0.2081743869209809,0.2857142857142858,0.0,0.2312796208530805,0.0,0.0027487620431173,0.2174373082213523,0.239563012095201,0.294010889292196,0.0,0.0,0.0024642872861408,0.1882485277575596,0.2377272727272728,0.2965976331360946,0.006061545769761,40970000000.0,34015000000.0,5900000000.0,4763000000.0,3892000000.0,3005000000.0,0.2044686167867118,0.2387150955280286,0.2951747088186356,0.0,0.1440078105931169,0.0039813516779324,29301000000.0,4113000000.0,2558000000.0,0.1608818811644654,0.1580354972039874,0.1747458952306488,0.0435867356222463,-0.0003441768992928,consolidated,12,6,6,14,125,139,8,1,1.1,1.1,1.1,1.1,2,2026-08-12 10:40:47+00:00,2026-09-07 02:44:48+00:00,0.6673484417000853,4,1.1,"[""renewables"", ""water_environment""]",Bagging/Receiving of orders/contracts,https://nsearchives.nseindia.com/corporate/VATECH_07092026080746_SEIntimationRIL070926.pdf,2026-09-07 02:44:48+00:00,utilisation_ramp_or_repeat_order,"[""commissioning"", ""order""]","[""water_environment""]",2026-10-05,INE956G01038,1999.5,1999.5,1456579456.863492,3999.0,0.2933132556063772,0.0358754672058557,0.216694418954614,0.1655578735203595,0.1691229103209297,0.0516771524757646,0.0262315064649919,0.0353960668931034,0.0461253522639236,0.0262315064649919,0.4837059006221259,0.0339007302699083,0.4837059006221259,0.4500491210082593,0.0536420032373183,0.1648675171736997,0.216694418954614,0.0358754672058557,0.1648675171736997,0.4837059006221259,False,,,N100_drop0.50_s0.20_c0.05,1.0,0.0,0.0,False,False,1.0068271698186462,1.0170734897113791,-0.0865463796488452,-0.1149304575594532,False,,,-0.0057679876684401,-0.0558152712848845,0.5874087011749762,0.2888358901637229,0.0128371027598547,0.0534285263929104,0.3666666666666666,0.0262067297083161,0.5920526262613945,0.2,0.1,,0.0036797894041718,0.0,0.0,0.0,0.0,0.0,0.0,0.0,0.0,0.0,0.0,0.0,0.0,0.0,0.0,0.0,0.0,0.0,0.0,0.0,0.0,19.08,-0.0100000000000015,0.0,0.0,0.0,0.0,0.0,0.5120225468956537,0.2048090187582615,0.4821149751596877,0.0,1.0,0.2928672817601135,0.1554836599415171,False,False,True,True,False,0.0358754672058557,-3.291166772508779,0.0,0.0,0.0,0.0,0.4953867991483321,0.4486845939571146,0.4258339247693399,0.4638271247953672,0.389638041163946,0.4816108534972134,0.4428672817601135,0.4208303761533002,False,0.4139105748757983,0.4114339188445192,GDELT_PLUS_GOOGLE_NEWS,0.6233357852782873,0.6604740956374764,0.6708918637014172,0.660235441837286,0.6476665270365604,1.0,1.0,99.0,0.661993196690834,True,4097.0,False,False,True,0.0,0.4114339188445192,1.0,0.6476665270365604,0.9,0.22016969516513107,0.9323986393381668,0.570692307053935,0.4821149751596877,0.0,0.4295474581342765,0.5874087011749762,False,True,False,True,0.48730837233566526,0.0,0.4397324113164893,0.4295474581342765,True,False,False,12_100PCT_MOVE_BUT_CAUSAL_GATES_FAILED,False,0.4295474581342765,REJECT
HIKAL,9,9,1,0.6848702931033926,0.6848702931033926,1.1,0.0,0.9877226600969315,0.2469306650242329,,,2026-10-01 07:57:52+00:00,True,2026-06-30,4028000000.0,,-189000000.0,-75000000.0,149000000.0,,-40000000.0,-0.009930486593843,-0.0186196623634558,-0.2244897959183673,-1.5136986301369864,-1.0,-1.056980056980057,-1.0,-0.1450864357659647,0.0588853838065195,,0.0,,0.0,0.0258213535744008,-0.0113636363636363,-0.0894085281980743,-0.7427536231884058,0.0,0.0,-0.0061525305100451,-0.0974905618476571,-0.8558139534883721,-2.146892655367232,-0.0802359887808827,17350000000.0,18334000000.0,786000000.0,1587000000.0,-335000000.0,630000000.0,-0.0536707756081596,-0.5047258979206048,-1.5317460317460316,-1.0,0.0453025936599423,-0.0412578950495591,18033500000.0,1551400000.0,678500000.0,0.0166634319461003,0.022947015598814,-0.0714812085482682,-0.07033420755426,0.0005317089385196,standalone,12,6,6,14,104,118,9,1,0.0,1.1,1.1,1.1,1,2026-07-29 12:01:16+00:00,2026-10-01 07:57:52+00:00,0.5990998338324939,0,0.0,"[""pharma_specialty""]",Press Release,https://nsearchives.nseindia.com/corporate/HIKAL_06082026163619_PressreleaseAug062026.pdf,2026-08-06 11:08:36+00:00,commissioned_or_loa,"[""commissioning"", ""product"", ""approval""]","[""pharma_specialty""]",2026-10-05,INE475B01022,214.45,214.45,394148228.4444444,428.9,0.3392530162285975,0.045767085649302,0.2612212872529182,0.1752042727091751,0.1740671257251691,0.0785585087203976,0.0340742759124336,0.0453442623911998,0.0580029984142471,0.0340742759124336,0.4484702929199979,0.0360254810676463,0.4484702929199979,0.4681737498719069,0.0346770930272339,0.1732057416267942,0.2612212872529182,0.045767085649302,0.1732057416267942,0.4484702929199979,False,,,N100_drop0.50_s0.20_c0.05,1.0,0.0,0.0,False,False,1.0068271698186462,1.0170734897113791,-0.0865463796488452,-0.1149304575594532,False,,,-0.1077966383757698,-0.0819384391455114,0.3144345694146491,-0.2051519644180875,-0.0804838253272659,0.8718347759411189,0.4333333333333333,0.8429638576276568,0.777427195860942,0.5,0.35,,0.2165035444141688,0.0,0.0,0.0,0.0,0.0,0.0,0.0,0.0,0.0,0.0,0.0,0.0,0.0,0.0,0.0,0.0,0.0,0.0,0.0,0.0,,,0.0,0.0,0.0,0.0,0.0,0.8747154620394528,0.3498861848157811,0.6388928317955996,0.0,1.0,0.4081618168914123,0.1901365568497934,False,False,True,True,False,0.045767085649302,-3.0373426078522017,0.0,0.0,0.0,0.0,0.6827537260468417,0.4733664398310706,0.6678495386799148,0.467877847440142,0.5088715400993612,0.4857623293844262,0.64513839602555,0.6019872249822569,False,0.585400993612491,0.5132477440400283,GDELT_PLUS_GOOGLE_NEWS,0.4299996406664516,0.17149386981537929,0.227950894269367,0.5095666937652009,0.336898506639079,1.0,1.0,99.0,0.661993196690834,True,1735.0,False,False,True,0.0,0.5132477440400283,1.0,0.336898506639079,0.19999999999999998,0.3761276486769647,0.9323986393381668,0.47710706808466263,0.6388928317955996,0.0,0.4268112754755371,0.3144345694146491,False,True,False,True,0.2875956474314375,0.0,0.403880833613904,0.4268112754755371,True,False,False,12_100PCT_MOVE_BUT_CAUSAL_GATES_FAILED,False,0.4268112754755371,REJECT
ADANIPORTS,2,2,1,0.5969666666666666,0.5969666666666666,0.85,0.0,0.0,0.0,,,2026-09-09 08:44:11+00:00,True,2026-06-30,22440800000.0,,18835600000.0,15574900000.0,7788800000.0,,26624400000.0,1.1864282913265125,0.694043884353499,-0.1906341970107912,6.83327465674194,0.0,0.2433464870292105,0.0,0.414113818477531,0.2203714277945454,2.08474945533769,0.0,0.6086278774696392,0.0,0.286354875876639,0.2640872840890478,0.4074648118415038,0.4574906848792146,0.0,0.0,0.0975456019912118,-0.0166815153150213,0.1277189940716396,-0.2496763605598198,0.1343397426384603,89349000000.0,79533000000.0,89145400000.0,70582700000.0,24924100000.0,21860600000.0,0.1234204669759722,0.2629922063055112,0.1401379651061727,0.0,0.9977212951460004,0.110256972160573,72704800000.0,58412100000.0,21202700000.0,0.0939167702820171,0.2083575149669332,0.031029067052781,0.029503696693955,0.08404969286472,standalone,12,6,6,15,123,138,2,1,0.85,0.0,0.0,0.85,0,2026-09-09 08:44:11+00:00,2026-09-09 08:44:11+00:00,0.687668399376807,2,0.85,[],Awarding of order(s)/contract(s),https://nsearchives.nseindia.com/corporate/rkbhagia_09092026141400_SEINTIMATION.pdf,2026-09-09 08:44:11+00:00,commissioned_or_loa,"[""capacity"", ""order""]",[],2026-10-05,INE742F01042,1774.0,1774.0,3719603495.309524,3548.0,0.1864254956739698,0.0179859959760146,0.1427614385541291,0.1259863738988251,0.2016950926088241,0.0758714380089842,0.0113841654177554,0.0175837583587372,0.025923874895922,0.0113841654177554,0.4116665620218016,0.0724861368981052,0.4116665620218016,0.2976457251116917,0.1453357525574126,0.1045667947076397,0.1427614385541291,0.0179859959760146,0.1045667947076397,0.4116665620218016,False,,,N100_drop0.50_s0.20_c0.05,1.0,0.0,0.0,False,False,1.0068271698186462,1.0170734897113791,-0.0865463796488452,-0.1149304575594532,False,,,0.0395546440082039,-0.014499194489195,0.2789272583087017,0.2616456866510206,0.0443877088379356,-0.0235645070873216,0.5,-0.0451821637861088,0.574500830114597,0.2,0.15,,0.0,0.0,0.0,0.4732774230392613,0.0,0.0,0.0,0.0,0.0,0.0,0.0,0.0,0.0,0.0,0.0,0.0,0.0864056046954706,1.0,1.0,0.0,0.0,66.03,-1.9899999999999949,1.1759496807353351,0.0,0.671559633027523,0.0,0.0,0.5162390430940387,0.2064956172376154,0.3966643009226401,0.0,1.0,0.0558305353860712,0.4179616256533903,True,False,True,True,True,0.0179859959760146,-4.000012115206129,0.671559633027523,0.0,0.3466853023347122,0.0,0.0567778566359119,0.4536463736500022,0.474804826117814,0.4913744090409015,0.7821149751596878,0.4979380931060064,0.8325053229240597,0.7433286018452803,False,0.5317803247438626,0.0,GDELT_PLUS_GOOGLE_NEWS,0.7548200042445776,0.5723234286276668,0.6913987971491958,0.6575921984892396,0.6819274480579728,1.0,1.0,99.0,0.661993196690834,True,8934.9,False,False,True,0.0,0.0,0.85,0.6819274480579728,0.645,0.22198278853043663,0.7965653060048334,0.42986203994144984,0.3966643009226401,0.0,0.4187560493068022,0.2789272583087017,False,True,False,True,0.3902375320414984,0.0,0.4438940083622237,0.4187560493068022,True,False,False,12_100PCT_MOVE_BUT_CAUSAL_GATES_FAILED,False,0.4187560493068022,REJECT
GIPCL,5,3,2,0.7427999644528985,0.7427999644528985,1.1,0.0,0.999998984368529,0.2499997460921322,,,2026-10-01 19:00:00+00:00,True,2026-06-30,4992777000.0,,2111836000.0,1578970000.0,510851000.0,,2622687000.0,0.5252962429525693,0.3162508559865581,0.1658249297800198,-0.5169089663582964,0.0,0.7800370438492483,0.0,0.1812565176726992,0.3438671781108631,1.7476451415873302,0.0,2.041530015354428,0.0,0.2931997730426229,0.30681868614381,1.2905948110266383,2.811029670168112,0.0,0.0,0.1896635314695497,0.155986994409335,0.0388502953154652,-0.7552398550940292,-0.0198657866449356,16188776000.0,13078192000.0,5314102000.0,2960690000.0,5028379000.0,2011189000.0,0.2378451088652009,0.7948863271737332,1.50020211924389,0.0,0.328258418054583,0.1018746793848953,13263914000.0,3023498000.0,2089186000.0,-0.014002050978316,-0.0207732897458506,-0.0373336792415802,0.251847159843517,-0.0015654172129575,standalone,12,6,6,6,82,88,3,2,0.0,1.1,0.0,1.1,1,2026-02-23 06:34:03+00:00,2026-08-11 12:45:22+00:00,0.39015794934928244,2,0.2500000000000001,"[""battery_bess"", ""power_td"", ""renewables""]",Analysts/Institutional Investor Meet/Con. Call Updates,https://nsearchives.nseindia.com/corporate/Gipcl7868_15072026111913_GIPCL_SE_Transcript_Con_Call_15072026_signed.pdf,2026-07-15 05:51:18+00:00,utilisation_ramp_or_repeat_order,"[""capacity"", ""commissioning"", ""policy""]","[""battery_bess"", ""renewables""]",2026-10-05,INE162A01010,176.62,176.62,123794065.84460318,353.24,0.3260095626904997,0.0427565421295146,0.1646210826258404,0.259727013378317,0.1586102914123278,0.0791618870840861,0.0315005460409502,0.0422462533578885,0.0545638697049798,0.0315005460409502,0.5399485995820094,0.0357375085781114,0.5399485995820094,0.5059426066198642,0.0167526545165804,0.1829411764705882,0.1646210826258404,0.0427565421295146,0.1829411764705882,0.5399485995820094,False,,,N100_drop0.50_s0.20_c0.05,1.0,0.0,0.0,False,False,1.0068271698186462,1.0170734897113791,-0.0865463796488452,-0.1149304575594532,False,,,-0.1510286483368582,0.0838242513500244,0.3364104116222761,-0.0727635447291052,-0.178970065453533,-0.4343434111372564,0.4333333333333333,-0.4531081130849317,0.3024980757212808,0.15,0.0,,0.0,0.0,0.0,0.0,0.0,0.0,0.0,0.0,0.0,0.0,0.0,0.0,0.0,0.0,0.0,0.0,0.1192562769271512,0.0,0.0,0.0,0.0,56.57,0.0,0.0,0.0,0.0,0.0,0.0,0.1641057487579844,0.0656422995031937,0.4518807665010646,0.0,1.0,0.228948214469861,0.1272564193554257,False,False,True,True,False,0.0427565421295146,-3.1085355400945227,0.0,0.0,0.0,0.0,0.6359119943222143,0.4322816867636148,0.262597586941093,0.462031739432609,0.3264726756564939,0.4781096944849905,0.1689141234918381,0.2427963094393186,False,0.3378361934572012,0.5132477440400283,GDELT_PLUS_GOOGLE_NEWS,0.866429271313842,0.49926161755903775,0.8808386858478185,0.4812892825468403,0.719748242466886,1.0,1.0,99.0,0.661993196690834,True,1618.8776,False,False,True,0.0,0.5132477440400283,1.0,0.719748242466886,0.09999999999999999,0.07056547196593327,0.9323986393381668,0.48814981342945246,0.4518807665010646,0.0,0.41258014688618605,0.3364104116222761,False,True,False,True,0.34802997255283763,0.0,0.39239588108334633,0.41258014688618605,True,False,False,12_100PCT_MOVE_BUT_CAUSAL_GATES_FAILED,False,0.41258014688618605,REJECT
MOTHERSON,1,1,1,0.6738812055789112,0.6738812055789112,1.0,0.0,0.8347011117784134,0.2086752779446033,,,2026-08-26 11:38:13+00:00,True,2026-06-30,352437700000.0,,13606000000.0,9033700000.0,4589700000.0,,18195700000.0,0.051628131723706,0.0256320478768304,0.0272363390578243,-0.3495272863427876,0.0,-0.2671328051683375,0.0,-0.0207373574102928,0.1665487223619752,0.8749117927856875,0.0,0.3899396531968528,0.0,0.0082976670076991,0.1683931970441885,0.5071268684165355,0.5644541514520698,0.0,0.0,0.0139027577834069,0.1100364866798924,-0.0003922188642071,-0.008530961191418,-0.0058977571492945,1311354400000.0,1150066100000.0,75900700000.0,61436700000.0,39238900000.0,31109200000.0,0.1402426347494287,0.2354293117957182,0.2613278387100921,0.0,0.0578796243029344,0.0044594774087689,1050975300000.0,63066900000.0,31461100000.0,0.0942846135394428,-0.0258487415744232,-0.0111852414569102,0.0459580212099859,-0.0065878285549245,consolidated,12,6,6,15,168,183,1,1,0.0,1.0,0.0,1.0,0,2026-08-26 11:38:13+00:00,2026-08-26 11:38:13+00:00,0.5714925333758161,2,1.0,"[""semiconductor_electronics""]",Commencement of commercial production/operations,https://nsearchives.nseindia.com/corporate/MOTHERSON_26082026170806_SAMIL_SE_Disclosure_26082026.pdf,2026-08-26 11:38:13+00:00,commercial_production_or_purchase_order,"[""capacity"", ""commissioning""]","[""semiconductor_electronics""]",2026-10-05,INE775A01035,156.5,156.5,2530227808.73746,313.0,0.2084605338908914,0.0211664475991741,0.1469220297460481,0.1440658534037405,0.180937578392743,0.0960569865283478,0.0139277851959157,0.0208435498138635,0.0295367329436049,0.0139277851959157,0.4601241855712776,0.0544181888424665,0.4601241855712776,0.3600683191604863,0.0997926089336178,0.1428571428571428,0.1469220297460481,0.0211664475991741,0.1428571428571428,0.4601241855712776,False,,,N100_drop0.50_s0.20_c0.05,1.0,0.0,0.0,False,False,1.0068271698186462,1.0170734897113791,-0.0865463796488452,-0.1149304575594532,False,,,-0.0339506172839506,0.0959383753501399,0.4455939405135782,0.4313151637095298,-0.0659300757339973,-0.2124053845271208,0.5,-0.2265953482886485,0.4881672590251675,0.2,0.0,,0.0,0.3205901942149773,0.7261781723971666,0.0,0.0,0.0,0.0,0.0,0.0,0.0,0.0,0.4424758453595392,0.0,0.0,0.0,0.0,0.0,3.0,2.0,0.0,0.0,,,3.283179455587274,0.0,0.9541284403669724,0.0,0.0,0.3054116394606103,0.1221646557842441,0.3544357700496806,0.0,1.0,0.0360894251242015,0.4945162813108393,True,False,True,True,True,0.0211664475991741,-3.833944342567471,0.9541284403669724,0.0,0.2914019312284722,0.0,0.1575585521646557,0.4855299286793547,0.7388218594748048,0.5001180178902511,0.829666430092264,0.5249859602762063,0.9396735273243436,0.861000709723208,False,0.646359119943222,0.325350978558994,GDELT_PLUS_GOOGLE_NEWS,0.6781870558778631,0.5436924301236328,0.6384502286308995,0.549736913458597,0.6173485126270228,1.0,1.0,99.0,0.661993196690834,True,131135.44,False,False,True,0.0,0.325350978558994,1.0,0.6173485126270228,0.049999999999999996,0.1313270049680624,0.7657319726715002,0.4300685867654984,0.3544357700496806,0.0,0.41205486941239877,0.4455939405135782,False,True,False,True,0.2800117735282083,0.0,0.4187548644212832,0.41205486941239877,True,False,False,12_100PCT_MOVE_BUT_CAUSAL_GATES_FAILED,False,0.41205486941239877,REJECT
SOUTHBANK,8,8,1,0.5633333333333334,0.5633333333333334,1.0,0.0,0.0,0.0,,,2026-09-24 09:49:34+00:00,True,2026-06-30,,,,,,,,,,,,,,,,,,,,,,,,,,,,,,,,,,,,,,,,,,,,,,,,,,,,standalone,12,6,6,12,89,101,8,1,0.0,1.0,0.0,0.0,0,2026-09-16 12:57:15+00:00,2026-09-24 09:49:34+00:00,0.8404286204474776,1,1.0,[],Commencement of commercial production/operations,https://nsearchives.nseindia.com/corporate/SOUTHBANK_24092026151819_SD_STT_BRANCHOPENING_24SEPT2026.pdf,2026-09-24 09:49:34+00:00,commercial_production_or_purchase_order,"[""commissioning""]",[],2026-10-05,INE683A01023,48.54,48.54,628528949.6653969,97.08,0.266883971690915,0.0308390075186886,0.1447500243744158,0.2130501024229141,0.1753089940950848,0.0857842145389018,0.0219702688727481,0.030194841126347,0.0408534647520729,0.0219702688727481,0.4899031256488287,0.038808658150839,0.4899031256488287,0.4060419858094752,0.072847429055746,0.1578542883492161,0.1447500243744158,0.0308390075186886,0.1578542883492161,0.4899031256488287,False,,,N100_drop0.50_s0.20_c0.05,1.0,0.0,0.0,False,False,1.0068271698186462,1.0170734897113791,-0.0865463796488452,-0.1149304575594532,False,,,0.0176100628930817,0.0976933514246947,0.3030872483221476,0.6577868852459015,-0.0149543875818164,0.1113641288513953,0.5,0.0887734874567227,0.6144432402248728,0.3,0.1,,0.0140840494858902,0.0,0.0,0.0,0.0,0.0,0.0,0.0,0.0,0.0,0.0,0.0,0.0,0.0,0.0,0.0,0.0,0.0,0.0,0.0,0.0,,,0.0,0.0,0.0,0.0,0.0,0.5821163477828941,0.2328465391131576,0.5635202271114266,0.0,1.0,0.0322569198012775,0.2097251195192404,False,False,True,True,False,0.0308390075186886,-3.4476503744497253,0.0,0.0,0.0,0.0,0.3981547196593328,0.4107217800252347,0.0830376153300213,0.4519802266585619,0.0617459190915542,0.4795097156013542,0.2931156848828957,0.1701206529453513,False,0.235305180979418,0.0,GDELT_PLUS_GOOGLE_NEWS,,,,,0.5,1.0,1.0,99.0,0.661993196690834,True,,False,False,True,0.0,0.0,1.0,0.5,0.049999999999999996,0.25031002954664444,0.9323986393381668,0.37697492131495447,0.5635202271114266,0.0,0.4117034288901467,0.6577868852459015,False,True,False,True,0.2407553654111489,0.0,0.4257723126333712,0.4117034288901467,True,False,False,12_100PCT_MOVE_BUT_CAUSAL_GATES_FAILED,False,0.4117034288901467,REJECT
OLAELEC,5,5,1,0.6067066561940905,0.6067066561940905,1.1,0.0,0.9592377960216338,0.2398094490054084,95.81,,2026-08-28 14:45:46+00:00,True,2026-06-30,4550000000.0,,-3360000000.0,-3360000000.0,730000000.0,,-2630000000.0,-0.578021978021978,-0.7384615384615385,0.7169811320754718,,0.0,,0.0,1.0031100974497202,-0.4504830917874396,,0.0,,0.0,-0.1746403355099006,-0.4996525364836692,,,0.0,0.0,-0.1953111728824028,-0.4864984506418769,,,-0.2268031322983926,18800000000.0,36980000000.0,-13980000000.0,-19640000000.0,-17410000000.0,-23570000000.0,-0.4916170903190914,,,0.0,-0.7436170212765958,-0.212519130524838,,,,,,,,,consolidated,9,6,3,14,6,20,5,1,0.0,0.0,1.1,0.0,0,2026-08-28 06:10:48+00:00,2026-08-28 14:45:46+00:00,0.5879574905782026,2,1.1,"[""ev_auto""]",Product launch,https://nsearchives.nseindia.com/corporate/OLAELECTRIC_28082026133847_Intimation_Product_Launch_OEM.pdf,2026-08-28 08:08:56+00:00,utilisation_ramp_or_repeat_order,"[""product""]","[""ev_auto""]",2026-10-05,INE0LXG01040,36.68,36.68,2655191786.918254,73.36,0.248018021384893,0.0275063547339963,0.264149166028382,0.1041319007270343,0.172307537205063,0.0582654901463618,0.0192165633878587,0.026947395938275,0.0368112134313395,0.0192165633878587,0.4420969553309357,0.055224151134994,0.4420969553309357,0.4063960143261644,0.0824526168284032,0.1578542883492161,0.264149166028382,0.0275063547339963,0.1578542883492161,0.4420969553309357,False,,,N100_drop0.50_s0.20_c0.05,1.0,0.0,0.0,False,False,1.0068271698186462,1.0170734897113791,-0.0865463796488452,-0.1149304575594532,False,,,-0.0210835334934613,-0.0918544194107452,0.2565947242206234,-0.3762965482060874,0.0095346063101203,0.4699054780812912,0.4,0.4668382851386279,0.5893546672089639,0.25,0.15,,0.062312869197946,0.0,0.0,0.1079075416993448,0.9731163478107258,0.5062614829416634,0.0,0.0,0.0,0.0,0.1889295321296729,0.0,0.602199986500906,0.0,0.0,0.0,0.2110505900465977,5.0,5.0,0.0,0.0,32.97,0.0,5.555428402706919,0.0,0.9889908256880734,0.0,0.0,0.6605205908086782,0.2642082363234713,0.4641589779985806,0.0,1.0,0.6095938881912977,0.4671756626428569,True,False,True,True,True,0.0275063547339963,-3.565446481826809,0.9889908256880734,0.0,0.6532488044878487,0.0,0.3356990773598297,0.3498844585057618,0.0070972320794889,0.3954270018979609,0.0085166784953867,0.4209522817572294,0.0085166784953867,0.0082327892122072,True,0.0455132868373641,0.3565847945794296,GDELT_PLUS_GOOGLE_NEWS,0.12345426332974768,0.0,0.07692307692307693,,0.07619567143119348,0.75,0.8875000000000001,99.0,0.661993196690834,True,1880.0,False,False,True,0.05096276595744681,0.3565847945794296,1.0,0.06762365839518422,0.19999999999999998,0.2840238540477316,0.8823986393381669,0.4081721768370268,0.4641589779985806,0.0,0.37060202601403375,0.2565947242206234,False,True,False,True,0.21029428048017634,0.0,0.36319408763631084,0.37060202601403375,True,False,False,12_100PCT_MOVE_BUT_CAUSAL_GATES_FAILED,False,0.37060202601403375,REJECT
MEDANTA,1,0,1,0.3965733333333333,0.0,0.85,0.0,0.0,0.0,,,2026-10-06 08:30:00+00:00,False,2026-06-30,13040510000.0,,2132630000.0,1572520000.0,266760000.0,,2399390000.0,0.1839951044859442,0.120587308318463,0.12510622951442,0.1101212116933634,0.0,0.1212783954165439,0.0,-0.0006281247705052,0.2650409327565852,-0.0108817350391868,0.0,0.18585605978234,0.0,-0.0122861698571381,0.2553478852077688,0.1328381973456318,0.1480450145951759,0.0,0.0,-0.0199299365705232,0.1685681669018432,-0.0586108439752793,-0.0739670267031088,-0.0411755044186713,46833670000.0,38620750000.0,8327570000.0,8031150000.0,5523380000.0,5340360000.0,0.2126556320112893,0.0369087864129047,0.0342710978286107,0.0,0.1778116043436271,-0.0301374903787695,33462489000.0,7036835000.0,4823126000.0,0.1541505474981255,0.1413014515758861,0.1072404079843654,0.0585050845131638,-0.002341149975181,consolidated,12,6,6,12,18,30,0,1,0.0,0.85,0.0,0.0,0,,,0.0,0,0.0,[],Extreme Heat Threatens Pregnant Women and Newborns : Rising Health Risks Highlight Global Crisis,https://www.downtoearth.org.in/climate-change/extreme-heat-related-pregnancy-complications-rising-putting-pregnant-women-new-borns-at-risk,2026-10-06 08:30:00+00:00,commissioned_or_loa,"[""commissioning""]",[],2026-10-05,INE474Q01031,1332.6,1332.6,370989511.5174604,2665.2,0.2629216315195201,0.0301215366853138,0.1584535827858433,0.1900969113839749,0.1640801847721339,0.089908620393163,0.021456766725817,0.0295396446908775,0.0401105774787571,0.021456766725817,0.4809702889197491,0.0181990805191882,0.4809702889197491,0.4430253615532646,0.0558220149770985,0.1648675171736997,0.1584535827858433,0.0301215366853138,0.1648675171736997,0.4809702889197491,False,,,N100_drop0.50_s0.20_c0.05,1.0,0.0,0.0,False,False,1.0068271698186462,1.0170734897113791,-0.0865463796488452,-0.1149304575594532,False,,,-0.0597615183800184,-0.0116442928131721,0.2900914855510914,-0.0325952813067151,-0.0558800874422943,-0.0008174265542824,0.4333333333333333,-0.0075248252419887,0.5064684255459778,0.2,0.15,,0.0,0.3210719492796886,0.0,0.0,0.0,0.0,0.0,0.0,0.0,0.0,0.0,0.0,0.0,0.0,0.0,0.0,0.1906216486370782,1.0,1.0,0.0,0.0,,,1.0710719492796883,0.0,0.6165137614678899,0.0,0.0,0.4975733227249826,0.199029329089993,0.442583392476934,0.0,1.0,0.2517671804577411,0.372030410965292,True,False,True,True,True,0.0301215366853138,-3.471930347696417,0.6165137614678899,0.0,0.3067608007992553,0.0,0.3818310858765081,0.4737739867552457,0.6692689850958127,0.4697246472892414,0.5550035486160397,0.4842619702030216,0.5805535841022001,0.5893541518807665,True,0.5019205140337147,0.0,GDELT_PLUS_GOOGLE_NEWS,0.589366407923,0.526151469288723,0.5867772962655742,0.6439756092393268,0.5812362311303947,1.0,1.0,99.0,0.661993196690834,True,4683.367,False,False,True,0.0,0.0,0.85,0.5812362311303947,0.049999999999999996,0.2139565287717425,0.6298986393381668,0.3335626435957195,0.442583392476934,0.0,0.33522541893534313,0.2900914855510914,False,True,False,True,0.22899674815500248,0.0,0.28051049014357804,0.33522541893534313,False,False,False,12_100PCT_MOVE_BUT_CAUSAL_GATES_FAILED,False,0.33522541893534313,REJECT
AEGISVOPAK,1,1,1,0.2741516666666667,0.2741516666666667,0.85,0.0,0.0,0.0,,,2026-08-24 13:07:24+00:00,True,2026-06-30,2337740000.0,,889824000.0,694144000.0,393396000.0,,1283220000.0,0.5489147638317349,0.2969295131195086,-0.0397520329494516,-0.0603638371978119,0.0,0.0012992029214509,0.0,0.0225043916716719,0.4253556163915835,0.4546887213759254,0.0,0.3813928253090646,0.0,-0.0174691982195909,0.4870911732243275,0.3371184316440545,0.6089572350137273,0.0,0.0,-0.0602792587750027,,,,,,,,,,,,,,,,,,,,,,,,,consolidated,6,6,0,14,0,14,1,1,0.0,0.85,0.0,0.85,1,2026-08-24 13:07:24+00:00,2026-08-24 13:07:24+00:00,0.5569138720806063,2,0.85,[],Capacity addition,https://nsearchives.nseindia.com/corporate/AVTL_24082026183613_AVTL_Amnomia_Terminal_BTA_Exceution_S.pdf,2026-08-24 13:07:24+00:00,commissioned_or_loa,"[""capacity"", ""commissioning""]",[],2026-10-05,INE0INX01018,297.55,297.55,543997784.0784127,595.1,0.3288667319703603,0.0433946578314936,0.1960675945520464,0.2213249870823223,0.1804274522744797,0.0964584694081732,0.0320552294083603,0.0428932347341347,0.0552934622149486,0.0320552294083603,0.4950620540146291,0.0364507006205337,0.4950620540146291,0.450300331598557,0.0476786584046399,0.1648675171736997,0.1960675945520464,0.0433946578314936,0.1648675171736997,0.4950620540146291,False,,,N100_drop0.50_s0.20_c0.05,1.0,0.0,0.0,False,False,1.0068271698186462,1.0170734897113791,-0.0865463796488452,-0.1149304575594532,False,,,0.0373017256405787,0.0799187021376983,0.7490594874206442,0.2191174663006514,0.0106621582613459,0.1727802243207874,0.5166666666666667,0.1383603241104243,0.6736148498511789,0.35,0.2,,0.028631235357307,0.313544542636528,0.0,0.0,0.0,0.0,0.0,0.0,0.0,0.0,0.0,0.0,0.0,0.0,0.0,0.0,0.0,1.0,1.0,0.0,0.0,86.93,0.0,1.063544542636528,0.0,0.6128440366972477,0.0,0.0,0.689417215538042,0.2757668862152168,0.719375443577005,0.0585590843438245,0.9414409156561756,0.2047196593328601,0.4188108214212299,True,False,True,True,True,0.0433946578314936,-3.0930545736782875,0.5769564510626838,0.0,0.4225052293389101,0.0,0.6472675656493967,0.5013979312404209,0.8076650106458482,0.4971891435805247,0.8197303051809794,0.4878496522627174,0.6976579134137686,0.7623846699787082,True,0.7073775727466286,0.0,GDELT_PLUS_GOOGLE_NEWS,0.685664534248137,,,,0.6856645342481369,0.5,0.775,99.0,0.661993196690834,True,935.096,False,False,True,0.0,0.0,0.85,0.5313900140423061,0.049999999999999996,0.29644940268135805,0.6132319726715002,0.33383346059434865,0.719375443577005,0.0585590843438245,0.3340236492623627,0.7490594874206442,False,True,False,True,0.21899317091179446,0.037361046179005326,0.31235077278487516,0.3340236492623627,True,False,False,12_100PCT_MOVE_BUT_CAUSAL_GATES_FAILED,False,0.3340236492623627,REJECT
INDOCO,1,1,1,0.3276036264367259,0.3276036264367259,0.15,0.0,0.9877226600969315,0.2469306650242329,,,2026-09-05 08:07:49+00:00,True,2026-06-30,4089700000.0,,-41200000.0,823200000.0,227500000.0,,186300000.0,0.0455534635792356,0.201286157908893,-0.0894173179257675,2.009872029250457,0.0,-0.6008142275551747,0.0,-0.0583585440800166,0.041882149135098,,1.0,,1.0,0.0577563525303986,0.1599394414555679,,,1.0,1.0,0.1027414128785564,0.095021507192889,0.1952830188679244,-2.93359375,0.0037837675744586,17007300000.0,15092900000.0,1033100000.0,120900000.0,1047200000.0,-517400000.0,0.1268410974696712,7.545078577336643,,1.0,0.0607445038307079,0.0527341148398579,17693600000.0,1664500000.0,1056600000.0,-0.1469853506352579,-0.927365575247822,-1.4896838917281847,0.2738264481049292,-0.0860631743314812,standalone,12,6,6,13,110,123,1,1,0.0,0.0,0.15,0.0,0,2026-09-05 08:07:49+00:00,2026-09-05 08:07:49+00:00,0.4888005605696524,1,0.15,"[""pharma_specialty""]",Updates,https://nsearchives.nseindia.com/corporate/INDOCO_05092026133455_Indoco_Notification-finalsigned.pdf,2026-09-05 08:07:49+00:00,unspecified_or_early,"[""approval""]","[""pharma_specialty""]",2026-10-05,INE873D01024,246.8,246.8,283523315.77603173,493.6,0.3418435475349961,0.0463719734127962,0.2535657691195906,0.1828794697872865,0.1747775502665516,0.0835134832330218,0.0345549477134939,0.0460010429645772,0.0587316392755086,0.0345549477134939,0.4765358361280551,0.0260135585154841,0.4765358361280551,0.4770777772146805,0.0428761419879926,0.1732057416267942,0.2535657691195906,0.0463719734127962,0.1732057416267942,0.4765358361280551,False,,,N100_drop0.50_s0.20_c0.05,1.0,0.0,0.0,False,False,1.0068271698186462,1.0170734897113791,-0.0865463796488452,-0.1149304575594532,False,,,-0.0945113002641619,-0.032498333921361,0.3034063902825457,-0.1767845230153435,-0.0836785222903749,0.6475973291315618,0.4666666666666667,0.6427418949331998,0.8847748271736744,0.3,0.25,,0.2266260093162898,0.0,0.0,0.0,0.0,0.0,0.0,0.0,0.0,0.0,0.0,0.0,0.0,0.0,0.0,0.0,0.0,0.0,0.0,0.0,0.0,58.86,0.0,0.0,0.0,0.0,0.0,0.0,0.8214461119326115,0.3285784447730446,0.6731724627395317,0.0,1.0,0.3953867991483321,0.1901538375949645,False,False,True,True,False,0.0463719734127962,-3.023578430714259,0.0,0.0,0.0,0.0,0.7012065294535131,0.4703681481970621,0.6422995031937544,0.467468798451163,0.4975159687721788,0.4851951602940818,0.6224272533711852,0.5826827537260468,False,0.5787012065294536,0.5132477440400283,GDELT_PLUS_GOOGLE_NEWS,0.8369572664512996,0.5091262104290462,0.8189169840681358,0.13747783028302218,0.646469530543862,1.0,1.0,99.0,0.661993196690834,True,1700.73,False,False,True,0.0,0.5132477440400283,0.15,0.646469530543862,0.0725,0.35322182813102293,0.46823197267150013,0.2880064293767381,0.6731724627395317,0.0,0.3334086921174303,0.3034063902825457,False,True,False,True,0.2919264457136695,0.0,0.3153635035341355,0.3334086921174303,False,False,False,12_100PCT_MOVE_BUT_CAUSAL_GATES_FAILED,False,0.3334086921174303,REJECT
MWL,1,1,1,0.3389,0.3389,0.55,0.0,0.0,0.0,,,2026-09-07 07:08:33+00:00,True,2026-06-30,3162165000.0,,127276000.0,120232000.0,138838000.0,,266114000.0,0.0841556338774225,0.0380220513477317,0.1934904944687885,-0.2178048415533046,0.0,-0.0048650973206439,0.0,-0.0167743494025046,0.1468263725837932,0.187113081426921,0.0,0.5385602701155738,0.0,0.0214269243125483,-0.3316585913813636,0.1685411223079569,0.0265920171484033,0.0,0.0,0.0392967061436038,,,,,,,,,,,,,,,,,,,,,,,,,consolidated,6,6,0,16,0,16,1,1,0.0,0.0,0.0,0.0,0,2026-09-07 07:08:33+00:00,2026-09-07 07:08:33+00:00,0.6689802267192367,0,0.55,[],Press Release,https://nsearchives.nseindia.com/corporate/MWL_07092026123824_pressreleasesigned.pdf,2026-09-07 07:08:33+00:00,under_construction_or_vendor_approved,[],[],2026-10-05,INE0JYY01029,41.53,41.53,60289262.34253968,83.06,0.4081068775527414,0.0638315797668879,0.1940682199014912,0.3289130997300268,0.2054149322601566,0.0843036163227053,0.0473054535982814,0.0635908480590038,0.0816494572506064,0.0473054535982814,0.5585809256725617,0.0619247502326325,0.5585809256725617,0.5207048553860205,0.052167052934874,0.1919720767888307,0.1940682199014912,0.0638315797668879,0.1919720767888307,0.5585809256725617,False,,,N100_drop0.50_s0.20_c0.05,1.0,0.0,0.0,False,False,1.0068271698186462,1.0170734897113791,-0.0865463796488452,-0.1149304575594532,False,,,0.0626919140225179,0.1216745442268738,0.589969372128637,,0.0221337326135599,0.4547398871357424,0.4166666666666667,0.420599778077031,0.8702098970722334,0.3,0.3,,0.1545798279311616,0.0,0.0,0.0,0.0,0.0,0.0,0.0,0.0,0.0,0.0,0.0,0.0,0.0,0.0,0.0,0.0,0.0,0.0,0.0,0.0,,,0.0,0.0,0.0,0.0,0.0,0.8116621268706138,0.3246648507482455,0.7745919091554294,0.0,1.0,0.19833215046132,0.2288755810334063,False,False,True,True,False,0.0638315797668879,-2.685547347877068,0.0,0.0,0.0,0.0,0.9098651525904896,0.4400962290528591,0.3449254790631653,0.4586878288974999,0.2342086586231369,0.4830918589752451,0.5209368346344926,0.3853797019162527,False,0.5228921220723918,0.0,GDELT_PLUS_GOOGLE_NEWS,0.4634000515923718,,,,0.4634000515923718,0.5,0.775,99.0,0.661993196690834,True,1264.866,False,False,True,0.0,0.0,0.55,0.35913503998408813,0.049999999999999996,0.3490147145543639,0.5082319726715002,0.24267429541349878,0.7745919091554294,0.0,0.3331912461249793,0.589969372128637,False,True,False,True,0.16805769299089024,0.0,0.31516841763909914,0.3331912461249793,False,False,False,12_100PCT_MOVE_BUT_CAUSAL_GATES_FAILED,False,0.3331912461249793,REJECT
URBANCO,4,0,4,0.3965733333333333,0.0,0.85,0.0,0.9092820467105877,0.2273205116776468,,,2026-09-30 15:00:00+00:00,False,2026-06-30,5283400000.0,,-737100000.0,-873500000.0,31100000.0,,-706000000.0,-0.1336260741189385,-0.1653291441117462,0.2415170598740483,,0.0,,0.0,0.0808442708382942,,,,,,,,,,,,,,,,,,,,,,,,,,,,,,,,,,,,,consolidated,4,4,0,8,0,8,0,4,0.0,0.85,0.0,0.0,1,,,0.0,0,0.0,"[""data_centres""]","India coal power boom drives urban air pollution deaths up by 30 %, Oxford - led research finds",https://www.tribuneindia.com/news/india/indias-coal-power-boom-drives-urban-air-pollution-deaths-up-by-30-oxford-led-research-finds/,2026-09-29 08:30:00+00:00,commissioned_or_loa,"[""commissioning""]",[],2026-10-05,INE0CAZ01013,159.59,159.59,1446979513.3558729,319.18,0.3084007696540377,0.038956831169783,0.1861548263164946,0.2092711316737489,0.1589790974983596,0.111526061739007,0.028441106853442,0.0384506613005764,0.0499625417773556,0.028441106853442,0.5149795087031243,0.0211403688484727,0.5149795087031243,0.4647772209596307,0.0240433316243781,0.1732057416267942,0.1861548263164946,0.038956831169783,0.1732057416267942,0.5149795087031243,False,,,N100_drop0.50_s0.20_c0.05,1.0,0.0,0.0,False,False,1.0068271698186462,1.0170734897113791,-0.0865463796488452,-0.1149304575594532,False,,,-0.1006987490138623,0.1651456523326275,0.2932739059967584,-0.0433974704789307,-0.1557472997914048,-0.4135247318164716,0.5166666666666667,-0.4515248941957829,0.4999124044637733,0.3,0.15,,0.0,0.0,0.0,0.310228562516545,0.253872029868723,0.0,0.0,0.0,0.0,0.0,0.0,0.0,0.0,0.0,0.0,0.0,0.6566290953533707,2.0,1.0,0.0,0.0,19.02,0.0,1.644996931653305,0.0,0.8055045871559633,0.0,0.0,0.4246137769478357,0.1698455107791343,0.5020581973030519,0.0,1.0,0.4797413453197697,0.4026326011317105,True,False,True,True,True,0.038956831169783,-3.20556518871185,0.8055045871559633,0.0,0.3420283451011007,0.0,0.5613910574875799,0.479897074331691,0.7075940383250532,0.4807976105243601,0.7054648687012065,0.4741398904766788,0.0581973030518097,0.4146202980837473,True,0.4106773913729201,0.5132477440400283,GDELT_PLUS_GOOGLE_NEWS,,,,,0.5,0.3333333333333333,0.7000000000000001,99.0,0.661993196690834,True,2113.36,False,False,True,0.0,0.5132477440400283,0.85,0.35000000000000003,0.15,0.18258392408756935,0.49656530600483345,0.394436904696252,0.5020581973030519,0.0,0.32758185559203046,0.2932739059967584,False,True,False,True,0.22761050120886467,0.0,0.2606933955129865,0.32758185559203046,False,False,False,12_100PCT_MOVE_BUT_CAUSAL_GATES_FAILED,False,0.32758185559203046,REJECT
PARKHOSPS,1,1,1,0.3248531627816878,0.3248531627816878,0.15,0.0,0.0,0.0,200.0,,2026-08-26 03:55:40+00:00,True,2026-06-30,335320000.0,,17110000.0,10840000.0,8600000.0,,25710000.0,0.076673028748658,0.032327329118454,0.2223234790216162,-0.8740413664884964,0.0,-0.7863375716778858,0.0,-0.3619592754105663,,,,,,,,,,,,,,,,,,,,,,,,,,,,,,,,,,,,,standalone,3,3,0,6,0,6,1,1,0.0,0.0,0.0,0.15,0,2026-08-26 03:55:40+00:00,2026-08-26 03:55:40+00:00,0.42678759806902555,1,0.15,[],Capacity addition,https://nsearchives.nseindia.com/corporate/PARKMEDIWORLD2025_26082026092528_intimation26.pdf,2026-08-26 03:55:40+00:00,unspecified_or_early,"[""capacity""]",[],2026-10-05,INE119201023,267.75,267.75,199105002.88968256,535.5,0.2937349602150892,0.0359594922381597,0.1536748725507099,0.2339972152981206,0.1656279888336336,0.0698349492028434,0.0262918538268577,0.0354832548262513,0.0462369069284129,0.0262918538268577,0.5468872838701818,0.0564173599525198,0.5468872838701818,0.5026251033374414,0.0461478368681297,0.1829411764705882,0.1536748725507099,0.0359594922381597,0.1829411764705882,0.5468872838701818,False,,,N100_drop0.50_s0.20_c0.05,1.0,0.0,0.0,False,False,1.0068271698186462,1.0170734897113791,-0.0865463796488452,-0.1149304575594532,False,,,-0.0660969654691314,-0.077201447527141,0.3565891472868217,,-0.040363149626751,-0.2444831867390344,0.4666666666666667,-0.2307195655925237,0.3732207402847705,0.2,0.0,,0.0,0.4907657049637409,0.0,0.0,0.2801432145017313,0.0,0.0,0.0,0.0,0.0,0.0,0.0,0.0,0.0,0.0,0.0,0.1020761608369469,2.0,2.0,0.0,0.0,,,2.2288874372902123,0.0,0.8899082568807339,0.0,0.0,0.2579666430092264,0.1031866572036905,0.4977288857345635,0.0,1.0,0.1350550945387709,0.4667791786018203,True,False,True,True,True,0.0359594922381597,-3.2887402249084725,0.8899082568807339,0.0,0.2295666456137152,0.0,0.4996451383960255,0.4173982924898203,0.1376863023420866,0.4199356031886084,0.0156139105748757,0.4620705623468646,0.0369056068133427,0.0496096522356281,True,0.1711147886298702,0.0,GDELT_PLUS_GOOGLE_NEWS,,,,,0.5,0.25,0.6625000000000001,99.0,0.661993196690834,True,134.128,False,False,True,1.0,0.0,0.15,0.33125000000000004,0.049999999999999996,0.11092565649396732,0.3182319726715001,0.2955614840096868,0.4977288857345635,0.0,0.32519055679156045,0.3565891472868217,False,True,False,True,0.4301819800918484,0.0,0.33155847763322277,0.32519055679156045,False,False,False,12_100PCT_MOVE_BUT_CAUSAL_GATES_FAILED,False,0.32519055679156045,REJECT
BORANA,2,2,1,0.2432182977862319,0.2432182977862319,0.85,0.0,0.999998984368529,0.2499997460921322,,,2026-09-30 12:46:40+00:00,True,2026-06-30,1008390000.0,,199689000.0,164799000.0,7412000.0,,207101000.0,0.2053778795902379,0.1634278404188855,0.001062224516539,-0.0422783221172285,0.0,-0.0465753298529587,0.0,-0.0102616391327101,0.2449843325983194,0.3581700854630416,0.0,0.342197018794556,0.0,0.0148751152630225,0.2622533210930582,0.4125744456318017,0.4627572731220148,0.0,0.0,0.0224012936567361,,,,,,,,,,,,,,,,,,,,,,,,,standalone,6,6,0,8,0,8,2,1,0.0,0.85,0.0,0.0,2,2026-08-29 13:47:25+00:00,2026-09-30 12:46:40+00:00,0.9119197012553972,1,0.85,"[""power_td"", ""renewables""]",General Updates,https://nsearchives.nseindia.com/corporate/BORANA_30092026181618_Reg_30_Intimation_on_Delay.pdf,2026-09-30 12:46:40+00:00,commissioned_or_loa,"[""commissioning""]","[""renewables"", ""power_td""]",2026-10-05,INE16SF01016,270.4,270.4,11189467.698412698,540.8,0.3788865773377499,0.0556353768382759,0.2458078159978323,0.2263368909260663,0.1865648695510053,0.0473340346535564,0.0417320760865882,0.0554397336499723,0.0702929117121351,0.0417320760865882,0.500154856356008,0.0137246162166751,0.500154856356008,0.482832372582051,0.0159665791152902,0.1732057416267942,0.2458078159978323,0.0556353768382759,0.1732057416267942,0.500154856356008,False,,,N100_drop0.50_s0.20_c0.05,1.0,0.0,0.0,False,False,1.0068271698186462,1.0170734897113791,-0.0865463796488452,-0.1149304575594532,False,,,-0.0997169968370236,-0.1137332022287775,-0.1402225755166932,0.229593924787413,-0.061805929427431,-0.0729887200892366,0.4166666666666667,-0.0224744373307518,0.3746917104443827,0.2,0.1,,0.0,0.0,1.959589082938481,0.0,0.0,0.0,0.0,0.0,0.0,0.0,0.0,0.0,0.1739995203961276,0.0,0.0,0.0,0.1140720561992496,2.0,3.0,0.0,0.0,65.24,0.0,4.377786137851358,0.0,0.979816513761468,0.0,0.0,0.4036031747330356,0.1614412698932142,0.6398154719659332,0.0,1.0,0.491714588148229,0.4735204562641762,True,False,True,True,True,0.0556353768382759,-2.8316930719284383,0.979816513761468,0.0,0.3954570556099835,0.0,0.8424414478353442,0.5944657962118823,0.9389638041163946,0.5946188582998948,0.9616749467707594,0.5844991563673523,0.992902767920511,0.9711852377572748,True,0.8833906419658726,0.5132477440400283,GDELT_PLUS_GOOGLE_NEWS,0.6917410678639155,,,,0.6917410678639155,0.5,0.775,99.0,0.661993196690834,True,403.356,False,False,True,0.0,0.5132477440400283,0.85,0.5360993275945346,0.049999999999999996,0.1735493651352053,0.6965653060048335,0.41958735466425046,0.6398154719659332,0.0,0.32429581107272876,0.229593924787413,False,True,False,True,0.27368360515988005,0.0,0.3369158590512381,0.32429581107272876,True,False,False,12_100PCT_MOVE_BUT_CAUSAL_GATES_FAILED,False,0.32429581107272876,REJECT
APLLTD,2,2,1,0.3276036264367259,0.3276036264367259,0.15,0.0,0.9877226600969315,0.2469306650242329,,,2026-09-16 12:37:26+00:00,True,2026-06-30,21497700000.0,,2214700000.0,1719700000.0,276100000.0,,2490800000.0,0.1158635574968485,0.0799946040739241,0.1634717381421426,-0.1419947113705533,0.0,0.5110410094637223,0.0,0.0266509062293404,0.2566463243546577,0.1161085150571132,0.0,0.1635446349324987,0.0,-0.0092708888181533,0.1485852038294888,-0.0400742115027829,0.1959663433746548,0.0,0.0,-0.0203502547576793,0.1334263272587945,0.2342316848699464,0.0913654757136741,0.0102546740972218,77839500000.0,68210800000.0,8893300000.0,8163870000.0,6884900000.0,6010080000.0,0.1411609305271306,0.0893485565056768,0.1455587945584751,0.0,0.1142517616377289,-0.0054341238818662,63042090000.0,7147080000.0,6303870000.0,0.0819882399203453,0.1422664920499001,-0.0466047047289998,0.0591726906067853,0.0063159131725488,consolidated,12,6,6,15,116,131,2,1,0.0,0.0,0.15,0.0,0,2026-09-11 06:07:30+00:00,2026-09-16 12:37:26+00:00,0.5674301849591512,1,0.15,"[""pharma_specialty""]",Updates,https://nsearchives.nseindia.com/corporate/APLLTD_16092026180700_APL-SE-Intimation-USFDA-BE-EIR-16-9-2026.pdf,2026-09-16 12:37:26+00:00,unspecified_or_early,"[""approval""]","[""pharma_specialty""]",2026-10-05,INE901L01018,831.25,831.25,127165348.64285716,1662.5,0.2278571278801657,0.0241699007083082,0.1517371560854904,0.1592879511639893,0.1888929559131245,0.05642165637396,0.0163093189679756,0.023705971594635,0.0330164322012927,0.0163093189679756,0.4380593606327373,0.0566556484754711,0.4380593606327373,0.3464940289739451,0.111124648313427,0.1330698287220026,0.1517371560854904,0.0241699007083082,0.1330698287220026,0.4380593606327373,False,,,N100_drop0.50_s0.20_c0.05,1.0,0.0,0.0,False,False,1.0068271698186462,1.0170734897113791,-0.0865463796488452,-0.1149304575594532,False,,,0.034343308654265,0.0175664095972578,0.2672459791142616,-0.1501380226970657,0.0284878387885124,0.5848364075775818,0.5166666666666667,0.5743250564353422,0.7309557260032048,0.6,0.4,,0.1502766465862237,0.0,0.0,0.0,0.0,0.0,0.0,0.0,0.0,0.0,0.0,0.0,0.0,0.0,0.0,0.0,0.2030244198342746,0.0,0.0,0.0,0.0,69.87,0.1300000000000096,0.0,0.0,0.0,0.0,0.0606060606060606,0.854007483492455,0.3688757206697093,0.5521646557842441,0.0,1.0,0.2446875398081927,0.2107322647746228,False,False,True,True,False,0.0241699007083082,-3.698180406013225,0.0,0.051758029302573,0.0,0.0,0.2491128459900638,0.4610935332101072,0.5550035486160397,0.4708324542795971,0.5784244144783535,0.4902149467567069,0.7452093683463449,0.6487934705464868,False,0.5044205291987407,0.5132477440400283,GDELT_PLUS_GOOGLE_NEWS,0.53291366752455,0.6214517220825093,0.5916090063610717,0.5867708347889286,0.574865824021001,1.0,1.0,99.0,0.661993196690834,True,7783.95,False,False,True,0.0,0.5132477440400283,0.15,0.574865824021001,0.0725,0.3999504906290284,0.5515653060048334,0.2876547767133381,0.5521646557842441,0.0,0.3209817493428639,0.2672459791142616,False,True,False,True,0.28469528554118784,0.0,0.32221235314313956,0.3209817493428639,False,False,False,12_100PCT_MOVE_BUT_CAUSAL_GATES_FAILED,False,0.3209817493428639,REJECT
STAR,1,1,1,0.3276036264367259,0.3276036264367259,0.15,0.0,0.9877226600969315,0.2469306650242329,,,2026-09-11 16:25:26+00:00,True,2026-06-30,5826480000.0,,83570000.0,729280000.0,285090000.0,,368660000.0,0.063273194106905,0.1251664813060372,-0.0381140267608772,3.4596098575184984,0.0,-0.3066390821892044,0.0,-0.0245044644401493,0.1685304924029713,4.46399940061437,0.0,-0.2131224520287721,0.0,-0.0306888929500686,0.1268844101978619,-0.1386917175273117,2.029041560644614,0.0,0.0,-0.0233609324061546,-0.0732982218569802,0.8040749091090609,4.089433313496,0.0980302486084448,22641670000.0,22154480000.0,3068840000.0,2247330000.0,2432160000.0,597210000.0,0.0219905861026754,0.3655493407732733,3.0725372984377355,0.0,0.1355394721325768,0.0341003952506098,22326870000.0,2497050000.0,614080000.0,-0.0077211897592452,-0.1000060070883642,-0.0274719906201146,0.0297117758619207,-0.0104014990697897,standalone,12,6,6,13,148,161,1,1,0.0,0.0,0.15,0.0,0,2026-09-11 16:25:26+00:00,2026-09-11 16:25:26+00:00,0.5319566751596916,1,0.15,"[""pharma_specialty""]",General Updates,https://nsearchives.nseindia.com/corporate/STRIDES_532531_11092026215430_StridesSEIntimation.pdf,2026-09-11 16:25:26+00:00,unspecified_or_early,"[""approval""]","[""pharma_specialty""]",2026-10-05,INE939A01011,1086.7,1086.7,393162102.5063492,2173.4,0.2900583021869383,0.0352308917454285,0.1866229663291766,0.1887811154136636,0.1738203959728483,0.0883207969480706,0.025700965670127,0.0347216875178494,0.0453165606054136,0.025700965670127,0.4449619985254903,0.0442361522281538,0.4449619985254903,0.3958258179242586,0.0774016736125063,0.1578542883492161,0.1866229663291766,0.0352308917454285,0.1578542883492161,0.4449619985254903,False,,,N100_drop0.50_s0.20_c0.05,1.0,0.0,0.0,False,False,1.0068271698186462,1.0170734897113791,-0.0865463796488452,-0.1149304575594532,False,,,0.0314160971905848,0.0099442379182157,0.1076907395137862,0.2275628353572438,0.0281013512178462,0.1353804441714858,0.5,0.0372387065530808,0.7404639230618958,0.5,0.25,,0.0101368763146731,0.0,0.0,0.1079075416993448,0.0,0.0,0.0,0.0,0.0,0.0,0.0,0.0,0.0,0.0,0.0,0.0,0.2134435855948899,1.0,0.0,0.0,0.0,27.91,0.0,0.4971167875294104,0.0,0.1788990825688073,0.0,0.0,0.7131134261569497,0.2852453704627799,0.6259048970901349,0.0,1.0,0.3724695637931975,0.2406460766548114,True,False,True,True,True,0.0352308917454285,-3.309965502515927,0.1788990825688073,0.0,0.1275753377069772,0.0,0.4776437189496096,0.4744082875329272,0.6728176011355571,0.4780836601115178,0.673527324343506,0.4869508845302508,0.6777856635911994,0.6753016323633783,False,0.5787573019599279,0.5132477440400283,GDELT_PLUS_GOOGLE_NEWS,0.5593592492599374,0.7659456989643424,0.6781164815161297,0.4620869276429164,0.620166459894724,1.0,1.0,99.0,0.661993196690834,True,2264.167,False,False,True,0.0,0.5132477440400283,0.15,0.620166459894724,0.0725,0.3066387732474884,0.46823197267150013,0.2796656939975053,0.6259048970901349,0.0,0.3191159695125754,0.2275628353572438,False,True,False,True,0.28302152530720825,0.0,0.3100567304505013,0.3191159695125754,False,False,False,12_100PCT_MOVE_BUT_CAUSAL_GATES_FAILED,False,0.3191159695125754,REJECT
HINDZINC,1,1,1,0.3866,0.3866,0.7,0.0,0.0,0.0,,,2026-09-03 09:53:48+00:00,True,2026-06-30,136870000000.0,,72590000000.0,54250000000.0,1320000000.0,,73910000000.0,0.5400014612405932,0.3963615109227734,0.0147538552787662,0.0856513908345006,0.0,0.0722472073117654,0.0,0.0289546047755873,0.7722387673183997,1.4614337568058078,0.0,1.3191088798242865,0.0,0.1273379884968408,0.6210331663087569,0.9874773897314596,1.011969111969112,0.0,0.0,0.0969138779664752,0.1576973449220144,0.2562903891104084,0.3166835187057635,0.0368728960961684,466220000000.0,335620000000.0,234210000000.0,144600000000.0,169330000000.0,101250000000.0,0.3891305643287051,0.6197095435684647,0.6723950617283951,0.0,0.5023594011410922,0.0715149937756193,297820000000.0,118490000000.0,81750000000.0,0.1269223020616479,0.2203561481981601,0.238532110091743,0.2622082622670572,0.0329866409293705,standalone,12,6,6,12,90,102,1,1,0.0,0.0,0.0,0.0,0,2026-09-03 09:53:48+00:00,2026-09-03 09:53:48+00:00,0.6352072285194861,0,0.7,[],Updates,https://nsearchives.nseindia.com/corporate/HINDZINCNSE_03092026152340_SEIntimation-LOI.pdf,2026-09-03 09:53:48+00:00,trial_production_or_l1_bidder,[],[],2026-10-05,INE267A01025,560.95,560.95,2866503436.864285,1121.9,0.1940832937583282,0.0190642220748634,0.1644007783017275,0.1159618723937823,0.1794349472228025,0.12717272747746,0.0122338377663358,0.0186818939411421,0.0270208329947305,0.0122338377663358,0.4020737683129553,0.071138548285065,0.4020737683129553,0.3434361731550601,0.1145787369325219,0.1330698287220026,0.1644007783017275,0.0190642220748634,0.1330698287220026,0.4020737683129553,False,,,N100_drop0.50_s0.20_c0.05,1.0,0.0,0.0,False,False,1.0068271698186462,1.0170734897113791,-0.0865463796488452,-0.1149304575594532,False,,,-0.0459222723020664,0.0614001892147588,0.0663435034692521,0.2209163129829146,-0.0663890020403194,-0.1483662081371993,0.4666666666666667,-0.1542176753963513,0.5136113251550057,0.25,0.0,,0.0,0.0,0.0,0.0,0.0,0.0,0.0,0.0,0.0,0.0,0.0,0.0,0.0,0.0,0.0,0.0,0.0,0.0,0.0,0.0,0.0,,,0.0,0.0,0.0,0.0,0.0,0.3590312278211497,0.1436124911284599,0.2949609652235628,0.0,1.0,0.0907026259758694,0.1517938254080908,False,False,False,True,False,0.0190642220748634,-3.940693602854034,0.0,0.0,0.0,0.0,0.0830376153300213,0.4152180782066562,0.1171043293115684,0.4552644574763332,0.1440738112136267,0.478285216071124,0.1859474804826117,0.1575230660042583,False,0.1261071682044003,0.0,GDELT_PLUS_GOOGLE_NEWS,0.9211134559037925,0.6753907519739168,0.9129531447297725,0.6770284769916017,0.8214379708496911,1.0,1.0,99.0,0.661993196690834,True,46622.0,False,False,True,0.0,0.0,0.7,0.8214379708496911,0.049999999999999996,0.15438342796309437,0.6607319726715001,0.33008357707555624,0.2949609652235628,0.0,0.3158028446270881,0.2209163129829146,False,True,False,True,0.28915186137772747,0.0,0.3457342993868974,0.3158028446270881,False,False,False,12_100PCT_MOVE_BUT_CAUSAL_GATES_FAILED,False,0.3158028446270881,REJECT
GAUDIUMIVF,6,6,1,0.5633333333333334,0.5633333333333334,1.0,0.0,0.0,0.0,15.0,,2026-09-24 15:46:43+00:00,True,2026-06-30,136773000.0,,22996000.0,16635000.0,3226000.0,,26222000.0,0.1917191258508623,0.121624882103924,-0.382960389786159,-0.7848384509920584,0.0,-0.7578673265863929,0.0,-0.2968489513845432,,,,,,,,,,,,,,,,,,,,,,,,,,,,,,,,,,,,,standalone,3,3,0,8,0,8,6,1,0.0,1.0,0.55,0.55,2,2026-06-25 09:57:15+00:00,2026-09-24 15:46:43+00:00,0.6324094034097514,2,0.0,[],Commencement of commercial production/operations,https://nsearchives.nseindia.com/corporate/GAUDIUM_24092026211539_Centre_Opening_Intimation.pdf,2026-09-24 15:46:43+00:00,commercial_production_or_purchase_order,"[""commissioning""]",[],2026-10-05,INE0P8B01020,103.25,103.25,24619288.04984127,206.5,0.3990866350062116,0.0612110086854732,0.2619418787000603,0.2336816433830486,0.1971820596548312,0.0378323191473869,0.0456492284699038,0.0608975640698276,0.0779796578516104,0.0456492284699038,0.5099073384118945,0.0286199908014929,0.5099073384118945,0.4979014705317703,0.0162667858320167,0.1829411764705882,0.2619418787000603,0.0612110086854732,0.1829411764705882,0.5099073384118945,False,,,N100_drop0.50_s0.20_c0.05,1.0,0.0,0.0,False,False,1.0068271698186462,1.0170734897113791,-0.0865463796488452,-0.1149304575594532,False,,,-0.1193278744455816,-0.1336633663366336,0.3020176544766708,,-0.0747734190000371,0.1100864015221627,0.3666666666666666,0.2227734566436898,0.265313324836643,0.2,0.1,,0.0,0.0,1.0296231311957134,0.1479159442063793,0.0,0.0,0.0,0.0,0.0,0.0,0.0,0.0,0.0,0.0,0.0,0.0,0.0,2.0,2.0,0.0,0.0,,,2.920153263780384,0.0,0.9412844036697248,0.0,0.0,0.4126521456343841,0.1650608582537536,0.6398154719659332,0.0,1.0,0.4088005677785663,0.4733762178776504,True,False,True,True,True,0.0612110086854732,-2.7302636837474825,0.9412844036697248,0.0,0.3884230288264936,0.0,0.893541518807665,0.5563259980010095,0.9268985095812632,0.5574400759362838,0.9403832505322924,0.5450822839037252,0.9709013484740951,0.9514194464158978,True,0.8931760113555712,0.0,GDELT_PLUS_GOOGLE_NEWS,,,,,0.5,0.25,0.6625000000000001,99.0,0.661993196690834,True,54.7092,False,False,True,0.2741769208835077,0.0,1.0,0.33125000000000004,0.1325,0.17744042262278514,0.7823986393381668,0.3963148063815999,0.6398154719659332,0.0,0.3123108940761813,0.3020176544766708,False,True,False,True,0.27867746133000826,0.0,0.2998065527154039,0.3123108940761813,True,False,False,12_100PCT_MOVE_BUT_CAUSAL_GATES_FAILED,False,0.3123108940761813,REJECT
MONARCH,2,1,2,0.328033118285901,0.328033118285901,0.2,0.0,0.9999938557876468,0.2499984639469116,,,2026-10-01 15:45:00+00:00,True,2026-06-30,908857000.0,,555930000.0,451829000.0,22968000.0,,578898000.0,0.6369516876692373,0.4971398140741613,-0.0899763496802901,-0.0082356375704869,0.0,-0.1147725986843111,0.0,-0.0178417575275049,-0.0724510332214792,-0.0015027325423361,0.0,-0.0531738983233809,0.0,0.0129681718586217,0.2000580031442485,0.2541193560397217,0.2969317910582154,0.0,0.0,0.0278597593662485,-0.0353134741850811,0.0699391792156582,0.0696986337685454,0.0703175559394209,3650724000.0,3396528000.0,2478870000.0,2147611000.0,1811254000.0,1544611000.0,0.0748399542120659,0.1542453451765706,0.1726279302685271,0.0,0.6790077803745229,0.0467118004797597,3015457000.0,2115200000.0,1461715000.0,0.1263725531486603,0.0153229009077155,0.0567114656413869,-0.0515325989365944,-0.0691565694203157,consolidated,12,6,6,12,26,38,1,2,0.0,0.0,0.2,0.2,0,2026-05-15 13:39:14+00:00,2026-05-15 13:39:14+00:00,0.10867443080288963,1,0.15,"[""power_td""]",Press Release,https://nsearchives.nseindia.com/corporate/MONARCH_15052026190853_PRFinal.pdf,2026-05-15 13:39:14+00:00,unspecified_or_early,"[""product""]","[""power_td""]",2026-10-05,INE903D01011,348.65,348.65,80599931.24206349,697.3,0.3436992985073214,0.0468085825581616,0.1515752000994701,0.3088142554154232,0.1688673458403208,0.0830320818836223,0.0349032720919042,0.0464647596102727,0.0592572226553914,0.0349032720919042,0.5175705481627338,0.0253504291460037,0.5175705481627338,0.5089095453845615,0.0412753008203173,0.1829411764705882,0.1515752000994701,0.0468085825581616,0.1829411764705882,0.5175705481627338,False,,,N100_drop0.50_s0.20_c0.05,1.0,0.0,0.0,False,False,1.0068271698186462,1.0170734897113791,-0.0865463796488452,-0.1149304575594532,False,,,-0.0856281143456596,-0.0072608200455581,0.2477632238207714,0.0449572905739548,-0.0832078409971402,-0.5687453323528013,0.4,-0.5468134149334644,0.4819747251806654,0.2,0.1,,0.0,0.0,0.0,0.0,0.0,0.0,0.0,0.0,0.0,0.0,0.0,0.0,0.0,0.0,0.0,0.0,0.0,0.0,0.0,0.0,0.0,,,0.0,0.0,0.0,0.0,0.0,0.324043203121964,0.1296172812487856,0.4556422995031937,0.0,1.0,0.0504613200851667,0.1703993522497407,False,False,True,True,False,0.0468085825581616,-3.013749167136388,0.0,0.0,0.0,0.0,0.7132718239886444,0.4085531075570796,0.0617459190915542,0.4535768352343612,0.0972320794889992,0.4775863895214299,0.1419446415897799,0.1102555003548616,False,0.2861142654364798,0.5132477440400283,GDELT_PLUS_GOOGLE_NEWS,0.6422011220792792,0.5568393448628178,0.6129388868951444,0.5561630855336199,0.6021025252564881,1.0,1.0,99.0,0.661993196690834,True,365.0724,False,False,True,0.0,0.5132477440400283,0.2,0.6021025252564881,0.13,0.1393385773424445,0.48573197267150015,0.2793567235576479,0.4556422995031937,0.0,0.3105769331399437,0.2477632238207714,False,True,False,True,0.2833905318523971,0.0,0.2762835270993882,0.3105769331399437,False,False,False,12_100PCT_MOVE_BUT_CAUSAL_GATES_FAILED,False,0.3105769331399437,REJECT
SENORES,1,1,1,0.3276036264367259,0.3276036264367259,0.15,0.0,0.9877226600969315,0.2469306650242329,,,2026-09-11 08:15:21+00:00,True,2026-06-30,1802100000.0,,394600000.0,304500000.0,71700000.0,,466300000.0,0.2587536762665778,0.1689695355418678,0.0286546035732633,-0.1696209435505863,0.0,-0.165234514858575,0.0,-0.0601001395904916,0.3059642003043699,0.4376770538243626,0.0,0.4789089755788138,0.0,0.0302588578014716,0.4091990483743062,0.7821248478525473,0.7144316730523628,0.0,0.0,0.0603459840404998,,,,,,,,,,,,,,,,,,,,,,,,,consolidated,7,6,1,13,2,15,1,1,0.0,0.0,0.15,0.0,0,2026-09-11 08:15:21+00:00,2026-09-11 08:15:21+00:00,0.5295482322651546,1,0.15,"[""pharma_specialty""]",General Updates,https://nsearchives.nseindia.com/corporate/SENORES_11092026134434_Intimation.pdf,2026-09-11 08:15:21+00:00,unspecified_or_early,"[""approval""]","[""pharma_specialty""]",2026-10-05,INE0RB801010,1321.2,1321.2,370672601.2634921,2642.4,0.3210336182129689,0.0416598349071965,0.1931938116452665,0.215637522508694,0.1722371279073289,0.1092179565803248,0.0306113256130162,0.041120677136682,0.0532733429164521,0.0306113256130162,0.4984270113162337,0.046815322328942,0.4984270113162337,0.4713275763084188,0.0559618826343811,0.1732057416267942,0.1931938116452665,0.0416598349071965,0.1732057416267942,0.4984270113162337,False,,,N100_drop0.50_s0.20_c0.05,1.0,0.0,0.0,False,False,1.0068271698186462,1.0170734897113791,-0.0865463796488452,-0.1149304575594532,False,,,-0.0763422818791946,-0.0693808551102345,0.6978731607016644,0.9168661588683352,-0.0532153301757831,-0.0259296260386019,0.45,-0.0203875990256642,0.4443683623768065,0.25,0.05,,0.0,0.0,0.0,0.0,0.0,0.0,0.0,0.0,0.0,0.0,0.0,0.0,0.0,0.0,0.0,0.0,0.0,0.0,0.0,0.0,0.0,45.82,0.0,0.0,0.0,0.0,0.0,0.0,0.3955852114409289,0.1582340845763716,0.5706884315117104,0.0384501702756538,0.961549829724346,0.19513839602555,0.163511587863866,False,False,True,True,False,0.0416598349071965,-3.1356653203667904,0.0,0.0,0.0,0.0,0.6068133427963094,0.4526471052685232,0.4662881476224272,0.4732881960067756,0.6139105748757985,0.4840732316543774,0.5713271823988645,0.565223562810504,False,0.5581866572036905,0.5132477440400283,GDELT_PLUS_GOOGLE_NEWS,0.8422003690023616,,,,0.8422003690023616,0.5833333333333334,0.8125,99.0,0.661993196690834,True,720.84,False,False,True,0.0,0.5132477440400283,0.15,0.6842877998144188,0.0725,0.17010164091959942,0.3848986393381668,0.26998896835347364,0.5706884315117104,0.0384501702756538,0.3075967586534593,0.9168661588683352,False,True,False,True,0.2838916703374042,0.025215377470805468,0.3087681942803178,0.3075967586534593,False,False,False,12_100PCT_MOVE_BUT_CAUSAL_GATES_FAILED,False,0.3075967586534593,REJECT
AUROPHARMA,2,2,1,0.4089369597700593,0.4089369597700593,0.15,0.0,0.9877226600969315,0.2469306650242329,,,2026-10-03 11:33:34+00:00,True,2026-06-30,27995100000.0,,10080800000.0,7372200000.0,470700000.0,,10551500000.0,0.3769052441320088,0.2633389414576122,0.004650912418582,0.0649928491975211,0.0,0.1424565278589835,0.0,0.0454631383022193,-0.0170846543570082,0.3185126893566792,0.0,0.3025095976990211,0.0,0.0924805082489681,0.0010573173529073,0.3869278755169272,0.4777731830869429,0.0,0.0,0.0985527411686603,-0.0355708368604582,0.1260961268489193,0.1524000079240872,0.0430521138990634,111230600000.0,113213800000.0,36391700000.0,29012100000.0,25928900000.0,19768800000.0,-0.0175172991278448,0.2543628348171969,0.3116071789891141,0.0,0.3271734576636285,0.0709140617242642,107149100000.0,26252600000.0,19111400000.0,0.0566005687401947,0.1051133982919787,0.0343983172347395,-0.0741178678680395,0.0112494051881587,standalone,12,6,6,12,154,166,2,1,0.0,0.0,0.15,0.0,0,2026-09-15 07:33:55+00:00,2026-10-03 11:33:34+00:00,0.7113702379647413,2,0.15,"[""pharma_specialty""]",Press Release,https://nsearchives.nseindia.com/corporate/AUROPHARMA_03102026170252_LtrToSEsPressReleasePerampanelUSFDAapproval03102026.pdf,2026-10-03 11:33:34+00:00,unspecified_or_early,"[""product"", ""approval""]","[""pharma_specialty""]",2026-10-05,INE406A01037,1674.9,1674.9,1449944998.4857144,3349.8,0.2143456848276225,0.0220570340787656,0.1313306964162627,0.167950332105559,0.1895843070406568,0.0636271831605446,0.0146584021440894,0.0217620191726776,0.0306248800425665,0.0146584021440894,0.46126371572042,0.0446602259752066,0.46126371572042,0.3271579766274046,0.1279122651369598,0.1130612244897959,0.1313306964162627,0.0220570340787656,0.1130612244897959,0.46126371572042,False,,,N100_drop0.50_s0.20_c0.05,1.0,0.0,0.0,False,False,1.0068271698186462,1.0170734897113791,-0.0865463796488452,-0.1149304575594532,False,,,0.0229646369022171,0.0551215824618873,0.2495523724261414,0.528611846308296,0.004590776081588,-0.0639176329322794,0.5,-0.0963455198467329,0.521124190615472,0.25,0.0,,0.0,0.0,0.0,0.0,0.0,0.0,0.0,0.0,0.0,0.0,0.0,0.0,0.0,0.0,0.0,0.0,0.0,0.0,0.0,0.0,0.0,,,0.0,0.0,0.0,0.0,0.0,0.3773066004258339,0.1509226401703335,0.4410220014194464,0.0,1.0,0.0118168914123491,0.1800603264726756,False,False,True,True,False,0.0220570340787656,-3.7918197944193386,0.0,0.0,0.0,0.0,0.1866572036905606,0.4038180145143919,0.0354861603974449,0.4516929108207911,0.056068133427963,0.4776254342380728,0.1440738112136267,0.0915542938254081,False,0.1189034776437189,0.5132477440400283,GDELT_PLUS_GOOGLE_NEWS,0.6756820064687478,0.5543990506275517,0.6203083504423187,0.5717289637949589,0.6186935799020946,1.0,1.0,99.0,0.661993196690834,True,11123.06,False,False,True,0.0,0.5132477440400283,0.15,0.6186935799020946,0.0725,0.16224183818310858,0.5515653060048334,0.27001979729209924,0.4410220014194464,0.0,0.30327488680458076,0.528611846308296,False,True,False,True,0.2837667918891652,0.0,0.3316844099188168,0.30327488680458076,False,False,False,12_100PCT_MOVE_BUT_CAUSAL_GATES_FAILED,False,0.30327488680458076,REJECT
JUBLPHARMA,1,1,1,0.4089369597700593,0.4089369597700593,0.15,0.0,0.9877226600969315,0.2469306650242329,,,2026-08-22 19:19:14+00:00,True,2026-06-30,22294000000.0,,864000000.0,564000000.0,542000000.0,,1406000000.0,0.0630662958643581,0.0252982865344935,-0.0264628820960698,-0.5272422464375524,0.0,-0.4289195775792038,0.0,-0.0444446211662095,0.1729362866312411,-0.4502923976608187,0.0,-0.3090909090909091,0.0,-0.043999521992221,0.1801540671105888,-0.1692439862542955,-0.308267716535433,0.0,0.0,-0.0359958697275501,0.1440682708449916,0.0251764705882353,-0.1360510805500981,-0.0123576059842797,86083000000.0,74035000000.0,8225000000.0,8906000000.0,3516000000.0,4576000000.0,0.1627338421017086,-0.0764653042892432,-0.2316433566433566,0.0,0.0955473206091795,-0.0247471347160045,68477000000.0,6739000000.0,5230000000.0,0.0811659389283994,0.321561062472177,-0.1250478011472275,0.0815679031733092,0.0218818496327617,consolidated,12,6,6,12,168,180,1,1,0.0,0.0,0.15,0.0,0,2026-08-22 19:19:14+00:00,2026-08-22 19:19:14+00:00,0.4080969230469619,2,0.15,"[""pharma_specialty""]",General Updates,https://nsearchives.nseindia.com/corporate/JUBLPHARMA_23082026004902_USFDA_Intimation_August23.pdf,2026-08-22 19:19:14+00:00,unspecified_or_early,"[""product"", ""approval""]","[""pharma_specialty""]",2026-10-05,INE700A01033,981.6,981.6,268265382.8547619,1963.2,0.2634811908831511,0.0302222827280316,0.1734524117079522,0.1742396224442121,0.1772897943935777,0.1176728600879322,0.0215285917137089,0.0296299214500633,0.0402029521001618,0.0215285917137089,0.4504539181294209,0.0589729674713445,0.4504539181294209,0.3950621232657383,0.0952055836439758,0.1578542883492161,0.1734524117079522,0.0302222827280316,0.1578542883492161,0.4504539181294209,False,,,N100_drop0.50_s0.20_c0.05,1.0,0.0,0.0,False,False,1.0068271698186462,1.0170734897113791,-0.0865463796488452,-0.1149304575594532,False,,,0.0811763410067187,0.0127940569541888,0.1490781387181738,-0.1163921145017553,0.0769116553553224,0.2521157407732628,0.4833333333333333,0.1829923483286701,0.5364135907886481,0.35,0.25,,0.0132457387393521,0.0,0.0,0.1192562769271512,0.0,0.0,0.0,0.0,0.0,0.0,0.3720959970016551,0.0,0.0,0.0,0.0,0.0,0.4530237248864963,2.0,1.0,0.0,0.0,,,1.4619834475853466,0.0,0.7559633027522936,0.0,0.0,0.6594782100712718,0.2637912840285087,0.5829666430092264,0.0,1.0,0.3999962845686763,0.4288321985860511,True,False,True,True,True,0.0302222827280316,-3.468487396797037,0.7559633027522936,0.0,0.4985413257786495,0.0,0.3867991483321504,0.4775675026488087,0.6969481902058198,0.4618495667036752,0.3200851667849538,0.4779278395481667,0.1603974449964514,0.3235982966643009,True,0.3025589237077881,0.5132477440400283,GDELT_PLUS_GOOGLE_NEWS,0.4764446844053543,0.5484598421813698,0.5213128780701568,0.6310045139165306,0.5266060870089951,1.0,1.0,99.0,0.661993196690834,True,8608.3,False,False,True,0.0,0.5132477440400283,0.15,0.5266060870089951,0.0725,0.28357563033064687,0.46823197267150013,0.2642609275018191,0.5829666430092264,0.0,0.29600236783780653,0.1490781387181738,False,True,False,True,0.2584782749399339,0.0,0.2779371305853915,0.29600236783780653,False,False,False,12_100PCT_MOVE_BUT_CAUSAL_GATES_FAILED,False,0.29600236783780653,REJECT
ZYDUSLIFE,2,2,1,0.3276036264367259,0.3276036264367259,0.15,0.0,0.9877226600969315,0.2469306650242329,,,2026-09-28 12:33:02+00:00,True,2026-06-30,80170000000.0,,13248000000.0,9524000000.0,1560000000.0,,14808000000.0,0.1847074965697892,0.1187975551952101,0.0566758929748254,-0.2899425930067845,0.0,-0.3207962572241079,0.0,-0.102652461252802,0.2195567184386266,-0.3593434683169648,0.0,-0.2615568742831496,0.0,-0.1203414104384406,0.1909995725712889,-0.0786460299484081,-0.1614754697667617,0.0,0.0,-0.0686642400417852,0.2362056329180191,0.3499064527686,0.1556455004205215,0.0219921794887966,285917000000.0,236077000000.0,70521000000.0,64856000000.0,44922000000.0,46378000000.0,0.2111175591014795,0.0873473541383988,-0.0313941955237396,0.0,0.2466485028872015,-0.0280754219339373,206153000000.0,54747000000.0,41819000000.0,0.1451543271259696,0.1846493871810328,0.1090174322676296,0.0659632319755099,0.0091590288458195,consolidated,12,6,6,12,168,180,2,1,0.0,0.0,0.15,0.0,0,2026-09-26 06:54:24+00:00,2026-09-28 12:33:02+00:00,0.6658582692295165,1,0.15,"[""pharma_specialty""]",Press Release,https://nsearchives.nseindia.com/corporate/Cadilahc_28092026180155_PressRelease28092026.pdf,2026-09-28 12:33:02+00:00,unspecified_or_early,"[""approval""]","[""pharma_specialty""]",2026-10-05,INE010B01027,1139.0,1139.0,1710259200.9619048,2278.0,0.200963895225848,0.0200574502085846,0.1325798244466159,0.1512858407552118,0.1926078964343323,0.0722518240760125,0.0130284734220371,0.0196589080333858,0.0281109508934629,0.0130284734220371,0.4270576130642436,0.0566762555500747,0.4270576130642436,0.354641148428894,0.1071505326906647,0.1428571428571428,0.1325798244466159,0.0200574502085846,0.1428571428571428,0.4270576130642436,False,,,N100_drop0.50_s0.20_c0.05,1.0,0.0,0.0,False,False,1.0068271698186462,1.0170734897113791,-0.0865463796488452,-0.1149304575594532,False,,,-0.0034995625546806,-0.0172562553925798,0.3147870252799263,0.1017604952602051,0.0022525225761792,0.102394309423152,0.4666666666666667,0.0906637469717999,0.5863553788761608,0.4,0.1,,0.0122759629575178,0.0,0.0,0.0,0.7683751663928264,0.0,0.0,0.0,0.0,0.0,0.0,0.1627777667227288,0.0,1.1107806774320834,0.0,0.0,0.0923623298147264,3.0,2.0,0.0,0.0,,,2.610091109786857,0.4998513048444375,0.9247706422018348,1.0,0.0,0.5940045568801298,0.2376018227520519,0.3963804116394606,0.0,1.0,0.0515547942712598,0.7149750024819123,True,False,True,True,True,0.0200574502085846,-3.8888932810756014,0.9247706422018348,0.0,0.5493179755368539,0.9247706422018348,0.119943222143364,0.4520376163659993,0.4591909155429382,0.4826271887705795,0.7217885024840313,0.4758163711598844,0.0695528743789922,0.3757629524485451,False,0.2938615539298648,0.5132477440400283,GDELT_PLUS_GOOGLE_NEWS,0.47570238941553583,0.7044261648355916,0.5924691718128927,0.6549571004544827,0.5831248964058632,1.0,1.0,99.0,0.661993196690834,True,28591.7,False,False,True,0.0,0.5132477440400283,0.15,0.5831248964058632,0.0725,0.2554219594584558,0.5515653060048334,0.2743581937301615,0.3963804116394606,0.0,0.29463825377032055,0.3147870252799263,False,True,False,True,0.27953362707887475,0.0,0.32210358286419744,0.29463825377032055,False,False,False,12_100PCT_MOVE_BUT_CAUSAL_GATES_FAILED,False,0.29463825377032055,REJECT
CONCORDBIO,1,1,1,0.3276036264367259,0.3276036264367259,0.15,0.0,0.9877226600969315,0.2469306650242329,,,2026-09-18 04:57:23+00:00,True,2026-06-30,2574890000.0,,770658000.0,564196000.0,364000.0,,771022000.0,0.2994388109783331,0.2191146029539126,-0.210349252145795,-0.3635296042055627,0.0,-0.3256583608105863,0.0,-0.0512025661578017,0.2622777070763125,0.325477205718246,0.0,0.3456327522204052,0.0,0.0185486980499001,-0.0793580527532872,-0.2105215841430634,-0.2137579260185872,0.0,0.0,-0.0545019191100247,-0.0533510557513021,-0.2540532553401599,-0.2759355094850226,-0.0890295818861451,11083921000.0,11882728000.0,3651006000.0,4752949000.0,2701739000.0,3572913000.0,-0.0672242097942492,-0.2318440614447998,-0.2438273755896099,0.0,0.3293966097376551,-0.0705914233133412,10379132000.0,4243881000.0,3145002000.0,0.1448672201105063,0.1199534105692408,0.1360606447945025,-0.2120914299047556,-0.0088978930553485,consolidated,12,6,6,12,14,26,1,1,0.0,0.0,0.15,0.0,0,2026-09-18 04:57:23+00:00,2026-09-18 04:57:23+00:00,0.5802880634687204,1,0.15,"[""pharma_specialty""]",General Updates,https://nsearchives.nseindia.com/corporate/CONCORD_18092026102702_Intimation_to_Stock_Exchanges_-_USFDA.pdf,2026-09-18 04:57:23+00:00,unspecified_or_early,"[""approval""]","[""pharma_specialty""]",2026-10-05,INE338H01029,1355.9,1355.9,234660955.58253968,2711.8,0.3044431186222641,0.0381333935242203,0.1986054010413206,0.192005823226764,0.1663587197106958,0.1146993564679605,0.0277396033403883,0.0376637047169453,0.0489969176661065,0.0277396033403883,0.4572431789999753,0.0309384265942627,0.4572431789999753,0.4439254085230928,0.0578946235115136,0.1648675171736997,0.1986054010413206,0.0381333935242203,0.1648675171736997,0.4572431789999753,False,,,N100_drop0.50_s0.20_c0.05,1.0,0.0,0.0,False,False,1.0068271698186462,1.0170734897113791,-0.0865463796488452,-0.1149304575594532,False,,,-0.0634109276783864,0.038685460395281,0.3167912984364378,-0.1709568939162334,-0.0763060811434801,0.0233492341942238,0.4333333333333333,0.0019637013216684,0.577787045275,0.35,0.1,,0.0002191114726379,0.0,0.0,0.0,0.0,0.0,0.0,0.0,0.0,0.0,0.0,0.0,0.0,0.0,0.0,0.0,0.0,0.0,0.0,0.0,0.0,44.08,0.0,0.0,0.0,0.0,0.0,0.0,0.5440826955058223,0.2176330782023289,0.5163946061036195,0.0,1.0,0.2152590489709013,0.173758872815309,False,False,True,True,False,0.0381333935242203,-3.2277854096353624,0.0,0.0,0.0,0.0,0.5457771469127041,0.4375111754264849,0.3236337828246983,0.4602601668746318,0.276082327892122,0.4810765776563566,0.4059616749467707,0.3440383250532292,False,0.3830340667139815,0.5132477440400283,GDELT_PLUS_GOOGLE_NEWS,0.3832356957187342,0.3357109563930286,0.3518936685802844,0.6322743978079831,0.4024419107730052,1.0,1.0,99.0,0.661993196690834,True,1108.3921,False,False,True,0.0,0.5132477440400283,0.15,0.4024419107730052,0.0725,0.2339555590675036,0.46823197267150013,0.24191593570246617,0.5163946061036195,0.0,0.27959094586502475,0.3167912984364378,False,True,False,True,0.2249562273177793,0.0,0.28428432076306615,0.27959094586502475,False,False,False,12_100PCT_MOVE_BUT_CAUSAL_GATES_FAILED,False,0.27959094586502475,REJECT
COHANCE,2,2,1,0.3276036264367259,0.3276036264367259,0.15,0.0,0.9877226600969315,0.2469306650242329,,,2026-09-21 06:09:51+00:00,True,2026-06-30,4222600000.0,,-428700000.0,-451900000.0,67400000.0,,-361300000.0,-0.0855633969592194,-0.1070193719509307,-0.3179674376534436,-6.4380264741275575,-1.0,-1.792150844113133,-1.0,-0.1592324756515569,-0.2312901640239573,-1.9739224137931035,-1.0,-1.4458292201382037,-1.0,-0.2330939352709195,0.0946569539486823,-0.9314979406026448,-1.433219781510631,-1.0,0.0,-0.1363667209442837,0.947563156124418,-0.3133548055827848,-0.4227022448115205,-0.2455427180094299,21415000000.0,15162000000.0,1565800000.0,3526200000.0,585300000.0,2504000000.0,0.4124126104735524,-0.5559525835176677,-0.7662539936102236,0.0,0.0731169740835862,-0.1594512886785823,10291144000.0,4224150000.0,3076655000.0,0.4733055916815467,-0.1652285075103867,-0.1861290914970966,-0.0608929812079943,-0.17789630755188,consolidated,12,6,6,15,38,53,2,1,0.0,0.0,0.15,0.0,0,2026-09-04 19:04:19+00:00,2026-09-21 06:09:51+00:00,0.6043754614593966,1,0.15,"[""pharma_specialty""]",Updates,https://nsearchives.nseindia.com/corporate/SUVENPHARMROHIT_21092026113933_Cohance_USFDA_disclosure_21Sept26.pdf,2026-09-21 06:09:51+00:00,unspecified_or_early,"[""approval""]","[""pharma_specialty""]",2026-10-05,INE03QK01018,446.8,446.8,497693572.718254,893.6,0.2556620730873696,0.028831411181516,0.2410620144608914,0.1196016354795437,0.1717526360634644,0.0956095381543542,0.02031232223059,0.0281615534627929,0.0386829568036983,0.02031232223059,0.4410164569663357,0.0850889025135897,0.4410164569663357,0.4069531119231637,0.0986830484369833,0.1578542883492161,0.2410620144608914,0.028831411181516,0.1578542883492161,0.4410164569663357,False,,,N100_drop0.50_s0.20_c0.05,1.0,0.0,0.0,False,False,1.0068271698186462,1.0170734897113791,-0.0865463796488452,-0.1149304575594532,False,,,-0.0304871433221222,0.0151084857434966,0.4809413324494531,-0.5376416412272986,-0.035523305236621,0.1209573654397544,0.4666666666666667,0.1167751228777824,0.6849594552427559,0.4,0.3,,0.0257644421906985,0.0,0.0,0.3117875864000216,0.0,0.0,0.0,0.0,0.0,0.0,0.0,0.0,0.0,0.0,0.0,0.0,0.0,1.0,0.0,0.0,0.0,57.49,0.0,0.6806088277600195,0.0,0.4330275229357798,0.0,0.0,0.7288770590324721,0.2915508236129888,0.5007806955287437,0.0,1.0,0.3650461320085166,0.319768488682367,True,False,True,True,True,0.028831411181516,-3.517034618309681,0.4330275229357798,0.0,0.3156238273975475,0.0,0.3640880056777856,0.4864359967680957,0.7416607523066004,0.4937427537334393,0.8005677785663591,0.492225443083579,0.7778566359119943,0.7785663591199432,False,0.6177182398864444,0.5132477440400283,GDELT_PLUS_GOOGLE_NEWS,0.2102796049847787,0.5271038518158163,0.4316972164150026,0.6150799639726936,0.3944892428267701,1.0,1.0,99.0,0.661993196690834,True,2141.5,False,False,True,0.0,0.5132477440400283,0.15,0.3944892428267701,0.0725,0.313417135383963,0.5515653060048334,0.25374871982163916,0.5007806955287437,0.0,0.27395142440237874,0.4809413324494531,False,True,False,True,0.23527447248037686,0.0,0.2824634762613178,0.27395142440237874,False,False,False,12_100PCT_MOVE_BUT_CAUSAL_GATES_FAILED,False,0.27395142440237874,REJECT
RAYMONDREL,1,1,1,0.2930333333333333,0.2930333333333333,0.15,0.0,0.0,0.0,,,2026-08-25 10:28:41+00:00,True,2026-06-30,5266700000.0,,151700000.0,134300000.0,471700000.0,,623400000.0,0.1183663394535477,0.0254998386086164,-0.5446945726783893,-0.9166459781529296,0.0,-0.7467397928092627,0.0,-0.0944299674088413,0.4068919460398024,-0.186060606060606,0.0,0.7302248126561199,0.0,0.0221195116186339,,,,,,,,,,,,,,,,,,,,,,,,,,,,,,,consolidated,5,5,0,10,0,10,1,1,0.0,0.0,0.15,0.0,0,2026-08-25 10:28:41+00:00,2026-08-25 10:28:41+00:00,0.42267018133668505,1,0.15,[],Press Release,https://nsearchives.nseindia.com/corporate/RRL_25082026155827_SE_Intimation_PR.pdf,2026-08-25 10:28:41+00:00,unspecified_or_early,"[""approval""]",[],2026-10-05,INE1SY401010,691.85,691.85,787460211.065873,1383.7,0.3728337087742652,0.0540397281673755,0.2580799770358309,0.2093914017974081,0.1961783516989327,0.0935767027948183,0.0406732166689308,0.0538326560546079,0.0680699788422385,0.0406732166689308,0.4859364924617974,0.0717725006976149,0.4859364924617974,0.4664590522354754,0.052961217036252,0.1732057416267942,0.2580799770358309,0.0540397281673755,0.1732057416267942,0.4859364924617974,False,,,N100_drop0.50_s0.20_c0.05,1.0,0.0,0.0,False,False,1.0068271698186462,1.0170734897113791,-0.0865463796488452,-0.1149304575594532,False,,,0.2889613414066139,-0.0112897463379778,0.6419840987302716,0.08067791315214,0.2927245901859398,1.3488523167853428,0.45,1.3216587243212077,0.873358158896646,0.5,0.3,,0.2361670334525562,0.0,0.0,0.0,0.0,0.0,0.0,0.0,0.0,0.0,0.0,0.0,0.0,0.0,0.0,0.0,0.0987297062368858,0.0,0.0,0.0,0.0,50.93,0.2199999999999988,0.0,0.0,0.0,0.0,0.0742424242424242,0.8942677780632423,0.3911162021343879,0.8125621007806956,0.0164937530726067,0.9835062469273932,0.4621875625557315,0.2080577509210461,False,False,True,True,False,0.0540397281673755,-2.8624810893534858,0.0,0.0663926077653012,0.0,0.0,0.8246983676366217,0.5079982665556781,0.8339247693399574,0.4887555974351969,0.7622427253371186,0.4962531267210588,0.8190205819730305,0.8021291696238468,False,0.7626811727721061,0.0,GDELT_PLUS_GOOGLE_NEWS,,,,,0.7482504445249754,0.4166666666666667,0.7375,99.0,0.661993196690834,True,2106.68,False,False,True,0.0,0.0,0.15,0.5518347028371694,0.0725,0.42462605365810324,0.35156530600483343,0.18251338212330406,0.8125621007806956,0.0164937530726067,0.26857924529725463,0.6419840987302716,False,True,False,True,0.20884650899268084,0.01196233163122793,0.23375676179711305,0.26857924529725463,False,False,False,12_100PCT_MOVE_BUT_CAUSAL_GATES_FAILED,False,0.26857924529725463,REJECT
SPECIALITY,1,1,1,0.2930333333333333,0.2930333333333333,0.15,0.0,0.0,0.0,,,2026-09-26 12:51:09+00:00,True,2026-06-30,1216170000.0,,92241000.0,68871000.0,37169000.0,,129410000.0,0.1064078212749862,0.0566294185845728,0.0850600268372065,0.7960413080895008,0.0,0.6975365322559488,0.0,0.0383922756802851,0.1800864952351935,0.2122614940505527,0.0,0.2024269679625363,0.0,0.0019770024230227,0.1587805691953052,0.1570975220004051,0.28539059128183,0.0,0.0,-0.0001279921367916,0.0971941287443058,0.2564208242950108,0.1551332760103181,0.0153915960550906,4721534000.0,4190077000.0,495249000.0,408224000.0,241559000.0,199712000.0,0.1268370485792982,0.2131795288861018,0.2095367328953692,0.0,0.104891545840822,0.0074651739626919,3955800000.0,475100000.0,275200000.0,0.059223671570858,-0.1407619448537149,-0.2743023255813953,0.0676133770084401,-0.0226757566420174,standalone,12,6,6,12,78,90,1,1,0.0,0.0,0.15,0.0,0,2026-09-26 12:51:09+00:00,2026-09-26 12:51:09+00:00,0.648445490072448,1,0.15,[],Product launch,https://nsearchives.nseindia.com/corporate/SPECIALITY_26092026182052_BSENSELETTERDATED26092026.pdf,2026-09-26 12:51:09+00:00,unspecified_or_early,"[""product""]",[],2026-10-05,INE247M01014,154.91,154.91,9564086.96031746,309.82,0.4480483938216422,0.0765079021372585,0.1792631564257805,0.426791001914187,0.220100512480985,0.1334118823874046,0.0553711816689636,0.0763549608047214,0.0993659489630845,0.0553711816689636,0.5957307121266168,0.086767201459638,0.5957307121266168,0.5586338052429913,0.0407981641872688,0.2183449651046859,0.1792631564257805,0.0765079021372585,0.2183449651046859,0.5957307121266168,False,,,N100_drop0.50_s0.20_c0.05,1.0,0.0,0.0,False,False,1.0068271698186462,1.0170734897113791,-0.0865463796488452,-0.1149304575594532,False,,,0.1418146974275818,0.2402722177742193,0.6229439497118909,0.2186123348017621,0.0617239581695086,-0.6342568015315526,0.5,-0.6379206636724986,0.5733181794239083,0.15,0.0,,0.0,0.0,0.0,0.0,0.5505460913068014,0.0,0.0,0.0,0.0,0.0,0.0,0.0,0.0,0.0,0.0,0.0,0.0,1.0,1.0,0.0,0.0,50.71,0.0,1.217964177610781,0.0,0.6880733944954128,0.0,0.0,0.2399751596877218,0.0959900638750887,0.7469836763662172,0.0090136945296714,0.9909863054703284,0.1449964513839602,0.4168707345182271,True,False,True,True,True,0.0765079021372585,-2.4907682114661114,0.6818713111034369,0.0,0.1651205227209095,0.0,0.964513839602555,0.3734325516340202,0.0113555713271824,0.4192934592421075,0.0149041873669268,0.4345182509330807,0.0127750177430802,0.0132363378282469,True,0.2841199432221433,0.0,GDELT_PLUS_GOOGLE_NEWS,0.5900892261040495,0.6189530254542047,0.6253243176067287,0.4641137632029746,0.5854558748069629,1.0,1.0,99.0,0.661993196690834,True,472.1534,False,False,True,0.0,0.0,0.15,0.5854558748069629,0.0725,0.10318931866572037,0.46823197267150013,0.16207667269983686,0.7469836763662172,0.0090136945296714,0.2658358923070553,0.6229439497118909,False,True,False,True,0.21284663190217676,0.005214516311344925,0.26205579265589185,0.2658358923070553,False,False,False,12_100PCT_MOVE_BUT_CAUSAL_GATES_FAILED,False,0.2658358923070553,REJECT
VINCOFE,1,1,1,0.2930333333333333,0.2930333333333333,0.15,0.0,0.0,0.0,,,2026-08-31 06:12:27+00:00,True,2026-06-30,1609978000.0,,278800000.0,207917000.0,24779000.0,,303579000.0,0.1885609617025822,0.129142758472476,-0.0260619699224468,-0.0104986127173132,0.0,-0.0432520335452233,0.0,-0.003387908876828,0.5845444766059971,0.4606657112347552,0.0,0.7612872907021269,0.0,0.018921839256957,0.578269756679394,0.7199471452038704,0.3992642850209367,0.0,0.0,0.0156737306786075,0.7916151662352526,0.8458879219121285,,0.0050367860436562,6124380000.0,3664552000.0,1111052000.0,626536000.0,787504000.0,,0.6712493096018286,0.7733250762925035,,,0.181414608499146,0.0104425497045102,,,,,,,,,consolidated,8,6,2,21,4,25,1,1,0.0,0.0,0.15,0.0,0,2026-08-31 06:12:27+00:00,2026-08-31 06:12:27+00:00,0.4567880935579142,1,0.15,[],Press Release,https://nsearchives.nseindia.com/corporate/VINTAGE_31082026114220_Press_Release.pdf,2026-08-31 06:12:27+00:00,unspecified_or_early,"[""product""]",[],2026-10-05,INE498Q01014,182.59,182.59,438640138.53079367,365.18,0.3232667235819682,0.0421497352548982,0.17155267704462,0.2456955844759876,0.1768877194378939,0.1035472574621344,0.0310680667580535,0.0416266764895439,0.0537913475225398,0.0310680667580535,0.4767306954394265,0.0298112340357205,0.4767306954394265,0.4292438375557235,0.055076049328271,0.1578542883492161,0.17155267704462,0.0421497352548982,0.1578542883492161,0.4767306954394265,False,,,N100_drop0.50_s0.20_c0.05,1.0,0.0,0.0,False,False,1.0068271698186462,1.0170734897113791,-0.0865463796488452,-0.1149304575594532,False,,,0.0346214868540344,0.1191541526202881,0.363425925925926,0.1636606972149641,-0.0050965640193949,-0.1739445139386625,0.5,-0.2253377902464949,0.4595504285745198,0.2,0.0,,0.0,0.0,0.0,0.0,0.3389047890027251,0.0,0.0,0.0,0.0,0.0,0.0,0.0,0.0,0.0,0.0,0.0,0.0,1.0,1.0,0.0,0.0,34.65,0.5700000000000003,1.0380690706523164,0.0,0.5926605504587156,0.0,0.0969696969696969,0.2939141234918382,0.1612020130330989,0.633498935415188,0.0,1.0,0.1136976579134137,0.3940269407733319,True,False,True,True,True,0.0421497352548982,-3.123463062500672,0.5926605504587156,0.0285007634901176,0.1741913062162637,0.0,0.6231369765791341,0.4065995210434362,0.048970901348474,0.4525664124427652,0.0745209368346345,0.4596073121361773,0.0326472675656493,0.0505677785663591,False,0.2109687721788502,0.0,GDELT_PLUS_GOOGLE_NEWS,0.8013632557465282,0.9162089288620496,,,0.8455346684832673,0.6666666666666666,0.8500000000000001,99.0,0.661993196690834,True,612.438,False,False,True,0.0,0.0,0.15,0.7187044682107773,0.0725,0.17874670946512675,0.4015653060048335,0.1842872148563115,0.633498935415188,0.0,0.26503374633501375,0.363425925925926,False,True,False,True,0.24326998312643403,0.0,0.2532609389762986,0.26503374633501375,False,False,False,12_100PCT_MOVE_BUT_CAUSAL_GATES_FAILED,False,0.26503374633501375,REJECT
UNICHEMLAB,1,1,1,0.3276036264367259,0.3276036264367259,0.15,0.0,0.9877226600969315,0.2469306650242329,,,2026-09-26 11:27:35+00:00,True,2026-06-30,3662700000.0,,73800000.0,55300000.0,12900000.0,,86700000.0,0.0236710623310672,0.0150981516367706,0.0281551762856502,,1.0,0.5104529616724738,0.0,0.007558329342071,-0.0467924528301886,,1.0,143.5,0.0,0.0235149139901433,-0.1454541153650546,-0.7312569936590825,-1.1997164269799474,-1.0,0.0,-0.0434744852446689,-0.2406551299295815,-1.1329632326174008,0.9519166851318412,-0.1459464339436403,13943100000.0,17302000000.0,-2000000.0,1635000000.0,1663200000.0,1396300000.0,-0.1941336261703848,-1.001223241590214,0.1911480340900953,0.0,-0.000143440124506,-0.0946411860498325,14852484000.0,119415000.0,-549931000.0,0.1649229852730358,12.691747267931165,,-0.3590566114434207,0.0864576766682245,standalone,12,6,6,12,108,120,1,1,0.0,0.0,0.15,0.0,0,2026-09-26 11:27:35+00:00,2026-09-26 11:27:35+00:00,0.6479439306750845,1,0.15,"[""pharma_specialty""]",Updates,https://nsearchives.nseindia.com/corporate/UNICHEMLAB_26092026165524_IntimationtoSE.pdf,2026-09-26 11:27:35+00:00,unspecified_or_early,"[""approval""]","[""pharma_specialty""]",2026-10-05,INE351A01035,531.45,531.45,287975043.7007936,1062.9,0.3294947360714694,0.0435357445981601,0.2533645518470607,0.1718304485800358,0.1721700350222035,0.0594336061644281,0.0321780739362742,0.0430410886627131,0.0554069712210522,0.0321780739362742,0.5045208205258289,0.0653734668797337,0.5045208205258289,0.4906371828628497,0.0591431071068378,0.1732057416267942,0.2533645518470607,0.0435357445981601,0.1732057416267942,0.5045208205258289,False,,,N100_drop0.50_s0.20_c0.05,1.0,0.0,0.0,False,False,1.0068271698186462,1.0170734897113791,-0.0865463796488452,-0.1149304575594532,False,,,-0.0301122365179304,-0.1831386412542268,0.7697302697302699,0.0492596248766041,0.0309339772334784,0.0952606401329576,0.4,0.0958474292005371,0.8011514306654444,0.15,0.15,,0.0316299890955979,0.0,0.0,0.0,0.0,0.0,0.0,0.0,0.0,0.0,0.0,0.0,0.0,0.0,0.0,0.0,0.0,0.0,0.0,0.0,0.0,,,0.0,0.0,0.0,0.0,0.0,0.6141974232673769,0.2456789693069507,0.5998580553584101,0.066679748822606,0.933320251177394,0.3944286728176011,0.1555732720576779,False,False,True,True,False,0.0435357445981601,-3.0896611024080665,0.0,0.0,0.0,0.0,0.6479772888573456,0.5031112331743148,0.8190205819730305,0.4914894401524362,0.7828246983676366,0.4911554281843702,0.7650816181689141,0.7820794889992903,False,0.7024059616749467,0.5132477440400283,GDELT_PLUS_GOOGLE_NEWS,0.19788634581905434,0.24304216447574156,0.22715675052125422,0.8520597146331843,0.3131553867457856,1.0,1.0,99.0,0.661993196690834,True,1394.31,False,False,True,0.0,0.5132477440400283,0.15,0.3131553867457856,0.0725,0.26410489200497206,0.46823197267150013,0.23243075563240229,0.5998580553584101,0.066679748822606,0.26235956696412666,0.7697302697302699,False,True,False,True,0.20414206295784784,0.03859666876605067,0.2717100397644816,0.26235956696412666,False,False,False,12_100PCT_MOVE_BUT_CAUSAL_GATES_FAILED,False,0.26235956696412666,REJECT
EDELWEISS,1,1,1,0.2930333333333333,0.2930333333333333,0.15,0.0,0.0,0.0,,,2026-09-03 10:38:32+00:00,True,2026-06-30,23285000000.0,,891100000.0,1009100000.0,5579500000.0,,6470600000.0,0.2778870517500537,0.0433369121752201,0.2139617329649132,-0.1139696198085872,0.0,0.2580883496655779,0.0,0.0097467045314519,0.0368935497517421,-0.0173337228551953,0.0,-0.1872739147909967,0.0,-0.0766472701611969,-0.0496565954047116,-0.2472258231786362,-0.1770430251714493,0.0,0.0,-0.071777375926532,0.3171851792718205,0.1693758746151692,0.5257015742642026,-0.0421155808637283,105165200000.0,92285800000.0,32504700000.0,33293000000.0,6606100000.0,5532100000.0,0.1395599322972764,-0.0236776499564472,0.1941396576345329,0.0,0.3090822819716027,-0.0516774448769481,98459900000.0,33256800000.0,5355900000.0,-0.0627067466044551,0.0010884991941497,0.0328982990720514,0.2022666789017316,0.0229897311447161,consolidated,12,6,6,14,136,150,1,1,0.0,0.0,0.0,0.0,0,2026-09-03 10:38:32+00:00,2026-09-03 10:38:32+00:00,0.47660279666816135,1,0.15,[],General Updates,https://nsearchives.nseindia.com/corporate/EDELWEISS_03092026160822_ESOP.pdf,2026-09-03 10:38:32+00:00,unspecified_or_early,"[""policy""]",[],2026-10-05,INE532F01054,135.47,135.47,782744139.0485715,270.94,0.2929952586518389,0.0358121844604804,0.1698982565310808,0.2107860621508439,0.174992694570414,0.0856997582888196,0.0261860564359583,0.035334288128632,0.04604133974578,0.0261860564359583,0.446283775839843,0.0438460446026309,0.446283775839843,0.3923735839737436,0.0783198011283657,0.1578542883492161,0.1698982565310808,0.0358121844604804,0.1578542883492161,0.446283775839843,False,,,N100_drop0.50_s0.20_c0.05,1.0,0.0,0.0,False,False,1.0068271698186462,1.0170734897113791,-0.0865463796488452,-0.1149304575594532,False,,,0.005268625704957,0.1484401492031197,0.2622996645546032,0.1775904033379693,-0.0442114240294162,0.7116029071377235,0.5333333333333333,0.6445897936589546,0.6062469932474411,0.5,0.4,,0.0996539555734214,0.0,0.0,0.0,0.0,0.0,0.0,0.0,0.0,0.0,0.0,0.0,0.0,0.0,0.0,0.0,0.0,0.0,0.0,0.0,0.0,,,0.0,0.0,0.0,0.0,0.0,0.8091768500429066,0.3236707400171627,0.6514549325762953,0.0,1.0,0.1089070262597587,0.2297271243229564,False,False,True,True,False,0.0358121844604804,-3.292997921472101,0.0,0.0,0.0,0.0,0.4946770759403832,0.4265280143242905,0.2157558552164656,0.454705112448536,0.1249112845990063,0.4821535474723126,0.4705464868701206,0.2986160397444997,False,0.3465436479772888,0.0,GDELT_PLUS_GOOGLE_NEWS,0.37390656521014065,0.6870681445847302,0.5397803657520838,0.47474534031809373,0.5004975364283697,1.0,1.0,99.0,0.661993196690834,True,10516.52,False,False,True,0.0,0.0,0.15,0.5004975364283697,0.049999999999999996,0.3479460455184498,0.46823197267150013,0.17195817801210678,0.6514549325762953,0.0,0.2591449668241638,0.2622996645546032,False,True,False,True,0.19934488365016492,0.0,0.2443984237971562,0.2591449668241638,False,False,False,12_100PCT_MOVE_BUT_CAUSAL_GATES_FAILED,False,0.2591449668241638,REJECT
ABDL,3,3,1,0.2930333333333333,0.2930333333333333,0.15,0.0,0.0,0.0,,,2026-09-11 11:34:27+00:00,True,2026-06-30,18091526000.0,,678422000.0,454205000.0,294801000.0,,973223000.0,0.0537944118146805,0.0251059529196155,-0.052188471487084,0.2071861603025639,0.0,-0.3655345825026761,0.0,-0.0265676729915266,0.0184547690821861,-0.1865111347525352,0.0,-0.0562722665802993,0.0,-0.0042595939355851,0.0018405641641066,0.0557243640975673,-0.3823594598092167,0.0,0.0,0.0034418161627693,-0.1110097293684696,0.1798123817094019,0.2059712946723566,0.0147245070915042,76041296000.0,80825766000.0,4828562000.0,4342426000.0,2097037000.0,2394820000.0,-0.0591948612030475,0.1119503245420878,-0.1243446271536065,0.0,0.0634992070624361,0.0097734434241429,,,,,,,,,consolidated,10,6,4,12,8,20,3,1,0.0,0.0,0.15,0.15,0,2026-09-11 07:30:31+00:00,2026-09-11 11:34:27+00:00,0.5305254265550772,2,0.15,[],Capacity addition,https://nsearchives.nseindia.com/corporate/ABDINDIA_11092026170419_Capacity_Expansion_-_MAILLP_sd.pdf,2026-09-11 11:34:27+00:00,unspecified_or_early,"[""capacity""]",[],2026-10-05,INE552Z01027,696.75,696.75,410753992.5976191,1393.5,0.3340456396485288,0.0445671677735037,0.189962225991514,0.234610683997221,0.1852097757993474,0.1085889068163908,0.0330783625099248,0.0440885672129626,0.0565988275711384,0.0330783625099248,0.4781945190331162,0.0493576406202735,0.4781945190331162,0.4326900289338632,0.0609300485639535,0.1578542883492161,0.189962225991514,0.0445671677735037,0.1578542883492161,0.4781945190331162,False,,,N100_drop0.50_s0.20_c0.05,1.0,0.0,0.0,False,False,1.0068271698186462,1.0170734897113791,-0.0865463796488452,-0.1149304575594532,False,,,0.1433377092221857,0.0452295229522952,0.6298245614035087,0.2802021129995407,0.1282612015714206,0.8954757485456006,0.5,0.828164339447331,0.8289497906799828,0.5,0.25,,0.2238645816045766,0.6396727286986204,0.0,0.2346640556910114,1.1136847294168586,0.0,0.0,0.0,0.0,0.0,0.0,0.0,0.0,0.0,0.0,0.0,1.052579832500245,3.0,5.0,0.0,0.0,80.91,0.0,4.74750239882486,0.0,0.9853211009174312,0.0,0.0,0.8594619779589733,0.3437847911835893,0.7725337118523776,0.0117167919799498,0.98828320802005,0.5124904460337392,0.5300167081991802,True,False,True,True,True,0.0445671677735037,-3.0651670259070314,0.9737762985445264,0.0,0.8468460223192086,0.0,0.6650106458481192,0.3084864521618828,0.0049680624556423,0.3342372188719587,0.0035486160397444,0.3672860535401018,0.0021291696238466,0.00319375443577,True,0.1504897772561008,0.0,GDELT_PLUS_GOOGLE_NEWS,0.48801472237526206,0.5148324737194406,0.4926454849544329,,0.49699188749511947,0.8333333333333334,0.925,99.0,0.661993196690834,True,7604.1296,False,False,True,0.0,0.0,0.15,0.45971749593298555,0.0725,0.3695686505223585,0.6015653060048335,0.17911123284314384,0.7725337118523776,0.0117167919799498,0.2546874704059005,0.6298245614035087,False,True,False,True,0.20806433710984765,0.007676355538986816,0.23456981219455336,0.2546874704059005,False,False,False,12_100PCT_MOVE_BUT_CAUSAL_GATES_FAILED,False,0.2546874704059005,REJECT
SUDARSCHEM,1,1,1,0.2930333333333333,0.2930333333333333,0.15,0.0,0.0,0.0,,,2026-08-27 12:19:59+00:00,True,2026-06-30,6774000000.0,,741000000.0,578000000.0,65000000.0,,806000000.0,0.1189843519338647,0.0853262474165928,-0.0754742732359765,-0.5199335548172758,0.0,-0.4129643117261471,0.0,-0.068404756841896,0.2752259036144577,-0.2114597544338335,0.0,-0.249534450651769,0.0,-0.0831993830058942,0.1419783331052238,0.3675503338856254,0.8618549592000919,0.0,0.0,0.0254887882535607,-0.0942063750983515,0.0481984089845577,0.2466768190382779,0.0161185923509098,25429000000.0,24854030000.0,3523000000.0,2875560000.0,2748000000.0,1731970000.0,0.0231338740638842,0.2251526659155085,0.5866325629196811,0.0,0.1385426088324354,0.022844671717207,21963960000.0,1807040000.0,1108890000.0,0.1315823740345547,0.5913095448910926,0.5618952285618952,-0.1084484999706705,0.0334249772300346,standalone,12,6,6,13,106,119,1,1,0.0,0.0,0.15,0.0,0,2026-08-27 12:19:59+00:00,2026-08-27 12:19:59+00:00,0.43454059099939435,1,0.15,[],Product launch,https://nsearchives.nseindia.com/corporate/SUDARSCHEM_27082026174938_SEIntimationProductlaunch27082026Signed.pdf,2026-08-27 12:19:59+00:00,unspecified_or_early,"[""product""]",[],2026-10-05,INE659A01023,1229.2,1229.2,455218160.31984127,2458.4,0.3498089907052029,0.048265717494136,0.1636683575493075,0.2948995041976595,0.1747368078986172,0.0637943978212291,0.0360629257072234,0.047982243905284,0.0612555539782602,0.0360629257072234,0.5176771685680127,0.0206848636436131,0.5176771685680127,0.504318711281816,0.0086522264394971,0.1829411764705882,0.1636683575493075,0.048265717494136,0.1829411764705882,0.5176771685680127,False,,,N100_drop0.50_s0.20_c0.05,1.0,0.0,0.0,False,False,1.0068271698186462,1.0170734897113791,-0.0865463796488452,-0.1149304575594532,False,,,-0.0160890098455134,0.3049524921704973,0.614924784865007,-0.1362518445646826,-0.1177398405690125,-0.442146245191543,0.5833333333333334,-0.482114892514586,0.6284021852045327,0.25,0.0,,0.0,0.0,0.0,0.0,0.0,0.0,0.0,0.0,0.0,0.0,0.0,0.0,0.0,0.0,0.0,0.0,0.0,0.0,0.0,0.0,0.0,8.19,0.0,0.0,0.0,0.0,0.0,0.0,0.3252129169623846,0.1300851667849538,0.6178850248403123,0.0058633083398241,0.9941366916601758,0.0884669978708303,0.1804534136656627,False,False,True,True,False,0.048265717494136,-2.9815643549032678,0.0,0.0,0.0,0.0,0.7409510290986515,0.4174013820157366,0.1383960255500355,0.4573159874733516,0.1951738821859474,0.4786590703767654,0.2150461320085167,0.1927608232789212,False,0.3483711852377573,0.0,GDELT_PLUS_GOOGLE_NEWS,0.6768949274440259,0.5004155276029053,0.623323228284119,0.8053180667161937,0.6413242085425895,1.0,1.0,99.0,0.661993196690834,True,2542.9,False,False,True,0.0,0.0,0.15,0.6413242085425895,0.0725,0.13984155429382536,0.46823197267150013,0.17356346298563508,0.6178850248403123,0.0058633083398241,0.2542950200257358,0.614924784865007,False,True,False,True,0.22864632711748864,0.004207208783544852,0.24201939350197227,0.2542950200257358,False,False,False,12_100PCT_MOVE_BUT_CAUSAL_GATES_FAILED,False,0.2542950200257358,REJECT
LLOYDSME,1,1,1,0.2930333333333333,0.2930333333333333,0.15,0.0,0.0,0.0,,,2026-09-21 10:25:34+00:00,True,2026-06-30,73544000000.0,,23727300000.0,17012400000.0,2755300000.0,,26482600000.0,0.3600919177635157,0.2313227455672794,0.2217179536589741,0.1284874696525464,0.0,0.1355395856201975,0.0,-0.0273280951274492,2.085520574612338,1.6515999314203773,0.0,2.345240952441104,0.0,0.0279570919596626,2.739109040991719,3.7447483494812657,2.804260969566197,0.0,0.0,0.0789277659346725,1.8653210948809056,1.7127313656828416,1.4020793211798264,-0.0168108472035628,220835500000.0,66164200000.0,75833400000.0,20091900000.0,48676800000.0,15340800000.0,2.3376886594260946,2.774326967583952,2.173028785982478,0.0,0.3433931591614573,0.0397259191736693,69733700000.0,18977900000.0,13970600000.0,-0.0511875893577997,0.0586998561484675,0.0980773910927232,2.3888762487838946,0.0315190533864746,consolidated,12,6,6,14,14,28,1,1,0.0,0.0,0.0,0.15,0,2026-09-21 10:25:34+00:00,2026-09-21 10:25:34+00:00,0.6058081421062967,1,0.15,[],Capacity addition,https://nsearchives.nseindia.com/corporate/LLOYDSME_21092026155517_20260921_Outcome_of_Board_Meeting.pdf,2026-09-21 10:25:34+00:00,unspecified_or_early,"[""capacity""]",[],2026-10-05,INE281B01032,1802.5,1802.5,939788736.4984128,3605.0,0.2723172448246669,0.031838386725862,0.1527242328367172,0.2084697767635967,0.165905770459492,0.0814698634067538,0.0228164866990378,0.0311997021671582,0.041676049853245,0.0228164866990378,0.4906942943607316,0.0222905832169909,0.4906942943607316,0.4430669512316171,0.0514238616229889,0.1648675171736997,0.1527242328367172,0.031838386725862,0.1648675171736997,0.4906942943607316,False,,,N100_drop0.50_s0.20_c0.05,1.0,0.0,0.0,False,False,1.0068271698186462,1.0170734897113791,-0.0865463796488452,-0.1149304575594532,False,,,-0.0249905338886785,0.0328920978740474,0.254611261919677,0.3448481683205253,-0.035954566513361,-0.2403606071961544,0.5333333333333333,-0.2068506948478968,0.47957738816629,0.2,0.0,,0.0,0.5183022328209014,0.14453195378363,0.0,0.0,0.0,0.0,0.0,0.0,0.0,0.0,0.0,0.0,0.0,0.0,0.0,0.0944378014187809,2.0,1.0,0.0,0.0,,,1.848967175050439,0.0,0.8403669724770643,0.0,0.0,0.3088183108587651,0.123527324343506,0.5159687721788503,0.0,1.0,0.104135843751706,0.4609867721079781,True,False,True,True,True,0.031838386725862,-3.414726337667804,0.8403669724770643,0.0,0.2595207089418613,0.0,0.4158977998580553,0.4663044688942437,0.5990063875088716,0.4593280109264819,0.2540809084457062,0.4956229196289456,0.815471965933286,0.5756919801277502,True,0.5173401416716712,0.0,GDELT_PLUS_GOOGLE_NEWS,0.9058709880802309,0.9123918645973279,0.9134494903456836,0.5073359223953267,0.8492366478098601,1.0,1.0,99.0,0.661993196690834,True,22083.55,False,False,True,0.0,0.0,0.15,0.8492366478098601,0.049999999999999996,0.13279187366926898,0.46823197267150013,0.19926623642059735,0.5159687721788503,0.0,0.25427587607211144,0.3448481683205253,False,True,False,True,0.2757719529030785,0.0,0.27091038471310425,0.25427587607211144,False,False,False,12_100PCT_MOVE_BUT_CAUSAL_GATES_FAILED,False,0.25427587607211144,REJECT
ITDC,4,3,2,0.3089333333333334,0.3089333333333334,0.85,0.0,0.0,0.0,,,2026-10-01 20:30:00+00:00,True,2026-06-30,886337000.0,,142721000.0,100648000.0,1713000.0,,144434000.0,0.1629560765261971,0.1135550022169897,-0.3693836183190574,-0.6504937980081397,0.0,-0.6291952813113744,0.0,-0.1141783993113819,0.0256927447678891,-0.0236975099669224,0.0,0.087466212909492,0.0,0.0092567124222087,-0.1963127493281116,0.092373725697989,0.0849367385453774,0.0,0.0,0.0615700544161051,0.00051245935538,0.1347474480124184,-0.008215343909559,0.0249809788509395,5296550000.0,5854829000.0,1168468000.0,1047969000.0,842178000.0,815511000.0,-0.0953535961511429,0.114983363057495,0.0326997428606112,0.0,0.2206092645212449,0.0416170172668844,4933194000.0,977205000.0,670965000.0,0.1868231818979753,0.0724146929252307,0.2154300149784265,-0.2821767780491182,-0.0190954419790246,standalone,12,6,6,14,58,72,3,2,0.0,0.85,0.2,0.0,3,2026-02-09 12:52:40+00:00,2026-08-10 13:08:42+00:00,0.0,0,0.0,[],Outcome of Board Meeting,https://nsearchives.nseindia.com/corporate/ITDC1_09022026182124_ITDC_Results_Q3_2025_26.pdf,2026-02-09 12:52:40+00:00,management_intent,"[""approval""]",[],2026-10-05,INE353K01014,664.8,664.8,1502037596.3253968,1329.6,0.3034781780067045,0.0379342802464142,0.2417938813290075,0.1568868494021043,0.170731795783239,0.043008969149945,0.0276077091655876,0.0374792406960596,0.0487921665016166,0.0276077091655876,0.472077940947113,0.0404285634860405,0.472077940947113,0.4518283215286766,0.0588875958262726,0.171875,0.2417938813290075,0.0379342802464142,0.171875,0.472077940947113,False,,,N100_drop0.50_s0.20_c0.05,1.0,0.0,0.0,False,False,1.0068271698186462,1.0170734897113791,-0.0865463796488452,-0.1149304575594532,False,,,0.0333411051527161,-0.0869386073341574,0.6294117647058823,0.0583459364801399,0.0623206409307686,-0.1124115442040065,0.3666666666666666,-0.0642670443577491,0.9417824303576452,0.2,0.2,,0.0,0.0,0.0,0.0,0.0,0.0,0.0,0.0,0.0,0.0,0.0,0.0,0.0,0.0,0.0,0.0,0.0,0.0,0.0,0.0,0.0,87.03,0.0,0.0,0.0,0.0,0.0,0.0,0.6063375521298856,0.2425350208519542,0.4916252661462029,0.0115546218487395,0.9884453781512604,0.3666430092264017,0.1536443682587746,False,False,True,True,False,0.0379342802464142,-3.233227568812649,0.0,0.0,0.0,0.0,0.5415188076650106,0.4681545804663156,0.6259758694109298,0.4708914560710755,0.5826827537260468,0.4844676749303776,0.5926188786373314,0.5958126330731015,False,0.5428601845280341,0.0,GDELT_PLUS_GOOGLE_NEWS,0.514026204330968,0.5452283714617273,0.5119419891016468,0.6501995706740508,0.541835908019256,1.0,1.0,99.0,0.661993196690834,True,529.655,False,False,True,0.0,0.0,0.85,0.541835908019256,0.13,0.2607251474158508,0.8798986393381668,0.35732346022457095,0.4916252661462029,0.0115546218487395,0.25277254873801214,0.6294117647058823,False,True,False,True,0.26248509830942324,0.0115546218487395,0.19481946324280144,0.25277254873801214,True,False,False,12_100PCT_MOVE_BUT_CAUSAL_GATES_FAILED,False,0.25277254873801214,REJECT
SIMPLEXINF,1,1,1,0.2930333333333333,0.2930333333333333,0.15,0.0,0.0,0.0,,,2026-10-05 07:40:40+00:00,True,2026-06-30,1500600000.0,,144300000.0,104300000.0,14800000.0,,159100000.0,0.1060242569638811,0.0695055311208849,-0.1780236634531112,-0.4894762604013705,0.0,-0.0386706948640483,0.0,0.0153691298823736,-0.0226014459714714,1.9630681818181817,0.0,0.8203661327231122,0.0,0.0490972720098004,-0.0500913867946082,-0.4008859357696567,-0.3396105285683715,0.0,0.0,-0.057140426503121,-0.0031332060157555,,,0.1647526041928121,6666900000.0,6852800000.0,680600000.0,346800000.0,446300000.0,236700000.0,-0.0271275974784029,0.9625144175317186,0.8855090832277144,0.0,0.1020864269750558,0.051479375842672,8953300000.0,-210700000.0,682300000.0,-0.2346062345727273,,-0.6530851531584347,0.2074786370943243,0.07414027351966,standalone,12,6,6,14,111,125,1,1,0.15,0.0,0.0,0.0,0,2026-10-05 07:40:40+00:00,2026-10-05 07:40:40+00:00,0.7290214116239919,1,0.15,[],Updates,https://nsearchives.nseindia.com/corporate/SIMPLEXINF_05102026131020_Stock_Exchange_Letter__3_.pdf,2026-10-05 07:40:40+00:00,unspecified_or_early,"[""order""]",[],2026-10-05,INE059B01024,249.61,249.61,30492166.10888889,499.22,0.3952875364152375,0.0601320158596255,0.2114430937959147,0.284388649352932,0.1959922812609849,0.0881158244112666,0.0449218674780569,0.0598894031675712,0.0766324983287688,0.0449218674780569,0.5317623869881771,0.0317217777417283,0.5317623869881771,0.5309541535883878,0.0474084838400253,0.1960507757404795,0.2114430937959147,0.0601320158596255,0.1960507757404795,0.5317623869881771,False,,,N100_drop0.50_s0.20_c0.05,1.0,0.0,0.0,False,False,1.0068271698186462,1.0170734897113791,-0.0865463796488452,-0.1149304575594532,False,,,-0.0649559842667165,-0.0677497665732959,0.4700235571260305,-0.1882601626016259,-0.0423727287422845,0.1151873250908386,0.4,0.1327282906991911,0.4260715711226228,0.4,0.2,,0.0,0.0,0.0,0.153014540666053,0.0,0.0,0.0,0.0,0.0,0.0,0.0,0.0,0.0,0.0,0.0,0.0,0.0,1.0,0.0,0.0,0.0,,,0.5377130865994477,0.0,0.291743119266055,0.0,0.0,0.5732999367998642,0.2293199747199457,0.6828246983676366,0.0,1.0,0.2743435060326472,0.2865710293549723,True,False,True,True,True,0.0601320158596255,-2.7491970134848334,0.291743119266055,0.0,0.1672563118370245,0.0,0.8828956706884316,0.4647863272326206,0.5855216465578424,0.480154625974795,0.6969481902058198,0.487804592889948,0.6962384669978708,0.6743435060326473,False,0.7094748048261178,0.0,GDELT_PLUS_GOOGLE_NEWS,0.3514327843384133,0.633831752714541,0.7273143028570932,0.2442047539858434,0.4811246255832958,1.0,1.0,99.0,0.661993196690834,True,666.69,False,False,True,0.0,0.0,0.15,0.4811246255832958,0.155,0.24651897282394164,0.46823197267150013,0.1717032632243456,0.6828246983676366,0.0,0.251980069770392,0.4700235571260305,False,True,False,True,0.21043030230417104,0.0,0.2604724450040101,0.251980069770392,False,False,False,12_100PCT_MOVE_BUT_CAUSAL_GATES_FAILED,False,0.251980069770392,REJECT
VRAJ,1,1,1,0.2930333333333333,0.2930333333333333,0.15,0.0,0.0,0.0,,,2026-08-31 08:30:07+00:00,True,2026-06-30,1938290000.0,,130090000.0,97300000.0,9940000.0,,140030000.0,0.0722440914414251,0.0501988866475088,0.1387772607633013,-0.3061399130000712,0.0,-0.3134774721772809,0.0,-0.047591638959026,0.4014301414234895,0.3281463281463281,0.0,0.3956942091099371,0.0,-0.0002969040179842,0.2496335581758577,0.4460464920761697,0.3790640966093823,0.0,0.0,0.0128351439127191,0.3470444454086576,-0.4980301082403683,-0.523343241825494,-0.0729302049767328,6434450000.0,4987380000.0,465040000.0,479020000.0,319310000.0,343810000.0,0.2901463293352422,-0.0291845851947726,-0.0712602891131729,0.0,0.0722734654865606,-0.0237729556804649,,,,,,,,,consolidated,10,6,4,13,8,21,1,1,0.0,0.0,0.0,0.15,0,2026-08-31 08:30:07+00:00,2026-08-31 08:30:07+00:00,0.45737072800394996,1,0.15,[],Granting/withdrawal/surrender/cancellation/suspension of key licenses/ regulatory approvals,https://nsearchives.nseindia.com/corporate/VISL_31082026135946_Intimation.pdf,2026-08-31 08:30:07+00:00,unspecified_or_early,"[""capacity""]",[],2026-10-05,INE0S2V01010,122.18,122.18,5595039.621269841,244.36,0.3964448906763219,0.0604591926108787,0.1904898253324861,0.3173880416203416,0.1917309503506521,0.1484044296899722,0.0451425159367377,0.0602034602826266,0.0770904112165591,0.0451425159367377,0.5234444829385453,0.0178268775119002,0.5234444829385453,0.5166694497790352,0.0233910796024427,0.1919720767888307,0.1904898253324861,0.0604591926108787,0.1919720767888307,0.5234444829385453,False,,,N100_drop0.50_s0.20_c0.05,1.0,0.0,0.0,False,False,1.0068271698186462,1.0170734897113791,-0.0865463796488452,-0.1149304575594532,False,,,-0.0043191263955666,0.0799010076012021,0.1478767380683954,-0.2119453044375644,-0.0309527955959673,-0.6374299089230568,0.4666666666666667,-0.6127962919277044,0.528121762737697,0.25,0.0,,0.0,0.5377220022450189,0.0,0.0715333413772041,0.0,0.0,0.0,0.0,0.0,0.0,0.0,0.0,0.0,0.0,0.0,0.0,0.0,2.0,2.0,0.0,0.0,74.95,0.0,2.1021020094845024,0.0,0.8752293577981651,0.0,0.0,0.2678672817601135,0.1071469127040454,0.6373314407381122,0.0,1.0,0.1855571327182399,0.4690165775714444,True,False,True,True,True,0.0604591926108787,-2.743422617971912,0.8752293577981651,0.0,0.2344453089900443,0.0,0.8878637331440739,0.477446807378314,0.6962384669978708,0.4569016949756019,0.1823988644428673,0.4936236126182862,0.7906316536550745,0.5588715400993614,True,0.6390134847409511,0.0,GDELT_PLUS_GOOGLE_NEWS,0.6798901811730973,0.45632636353776673,0.6034799013883597,,0.5961572278015912,0.8333333333333334,0.925,99.0,0.661993196690834,True,643.445,False,False,True,0.0,0.0,0.15,0.5514454357164719,0.049999999999999996,0.1151829311568488,0.4348986393381668,0.15381457247628097,0.6373314407381122,0.0,0.23567337551118805,0.1478767380683954,False,True,False,True,0.1971103694207771,0.0,0.2220068839322214,0.23567337551118805,False,False,False,12_100PCT_MOVE_BUT_CAUSAL_GATES_FAILED,False,0.23567337551118805,REJECT
PURVA,1,1,1,0.2930333333333333,0.2930333333333333,0.15,0.0,0.0,0.0,,,2026-09-19 07:06:06+00:00,True,2026-06-30,8487200000.0,,260600000.0,252700000.0,1789400000.0,,2050000000.0,0.2415402017155245,0.0297742482797624,-0.4349099818898476,-0.7710843373493976,0.0,-0.378392310258043,0.0,0.0219612627573909,0.6184591914569031,,1.0,1.8962983893755296,0.0,0.1065668988932515,1.2051652485529614,3.767674066149594,,1.0,0.0,0.1222801509673171,1.1057993634095684,1.3102215868477485,,0.0183591201480595,40641500000.0,18796800000.0,8903100000.0,2660600000.0,1512100000.0,-2721300000.0,1.16214994041539,2.346275276253477,,1.0,0.219064256978704,0.0775188875541211,25203300000.0,5787400000.0,806200000.0,-0.2541929033102807,-0.5402771538169127,-4.375465145125279,1.4163428437256709,-0.0880832903144195,consolidated,12,6,6,18,149,167,1,1,0.0,0.0,0.15,0.0,0,2026-09-19 07:06:06+00:00,2026-09-19 07:06:06+00:00,0.588778307936271,1,0.15,[],Product launch,https://nsearchives.nseindia.com/corporate/PURVA_19092026123555_Project_launch.pdf,2026-09-19 07:06:06+00:00,unspecified_or_early,"[""product""]",[],2026-10-05,INE323I01011,206.93,206.93,260760933.9809524,413.86,0.2859985473218122,0.0344367213783295,0.2156791723976104,0.1596664202459221,0.1649964769679011,0.0773903642175304,0.0249255285924999,0.033922627381807,0.044356171118308,0.0249255285924999,0.4398650038062714,0.0441635792716075,0.4398650038062714,0.4205230446722068,0.0677475361108292,0.1578542883492161,0.2156791723976104,0.0344367213783295,0.1578542883492161,0.4398650038062714,False,,,N100_drop0.50_s0.20_c0.05,1.0,0.0,0.0,False,False,1.0068271698186462,1.0170734897113791,-0.0865463796488452,-0.1149304575594532,False,,,-0.0197072338812828,-0.0584675584675584,0.1766077216125547,-0.2188372970932426,-0.0002180477254299,-0.0571762505393801,0.4166666666666667,-0.0226500739745622,0.8841550075861533,0.25,0.2,,0.0,0.0,0.0,0.3824205754517619,0.5691613216364829,0.0,0.0,0.0,0.0,0.0,0.0,0.0,0.0,0.0,0.0,0.0,0.1958685150103138,2.0,1.0,0.0,0.0,75.0,0.0,1.977965641297596,0.0,0.8568807339449541,0.0,0.0,0.632206963059623,0.2528827852238492,0.4901348474095103,0.0,1.0,0.470235907141514,0.4416070518564201,True,False,True,True,True,0.0344367213783295,-3.3335881625098813,0.8568807339449541,0.0,0.5417259665116403,0.0,0.4627395315826828,0.4143503012048146,0.1085876508161816,0.4423192009628617,0.027679205110007,0.4369399088208853,0.0170333569907735,0.0390702625975869,True,0.1191474525789642,0.0,GDELT_PLUS_GOOGLE_NEWS,0.9611650485436893,0.9279639295424054,0.9822517533322008,0.08247934283195302,0.8252792538943101,1.0,1.0,99.0,0.661993196690834,True,4064.15,False,False,True,0.0,0.0,0.15,0.8252792538943101,0.0725,0.2718489941156379,0.46823197267150013,0.21251791331705724,0.4901348474095103,0.0,0.2304224275642267,0.1766077216125547,False,True,False,True,0.28123546044650943,0.0,0.24715852832984797,0.2304224275642267,False,False,False,12_100PCT_MOVE_BUT_CAUSAL_GATES_FAILED,False,0.2304224275642267,REJECT
COFORGE,1,1,1,0.2930333333333333,0.2930333333333333,0.15,0.0,0.0,0.0,,,2026-08-26 11:45:02+00:00,True,2026-06-30,30804000000.0,,3247000000.0,2046000000.0,633000000.0,,3880000000.0,0.125957667835346,0.0664199454616283,0.1588728791241864,-0.6297502714440826,0.0,-0.4019728729963009,0.0,-0.1181264524009129,0.7382766209581852,0.3576642335766422,0.0,0.9507290095525388,0.0,0.0137179522436751,0.7073279581089524,1.8904376916643435,1.8944954128440368,0.0,0.0,0.0739533783090213,0.4698568062352728,0.5086145857918338,0.2447823494335121,0.00405013347756,97931000000.0,61196000000.0,16760000000.0,7824000000.0,11747000000.0,5970000000.0,0.6002843323093012,1.1421267893660532,0.9676716917922948,0.0,0.1711409053313047,0.0432894117696339,49181000000.0,10381000000.0,8620000000.0,0.2443016612106301,-0.2463153838743859,-0.3074245939675174,0.3559826710986711,-0.0832259550465316,standalone,12,6,6,12,119,131,1,1,0.0,0.0,0.15,0.0,0,2026-08-26 11:45:02+00:00,2026-08-26 11:45:02+00:00,0.42864647566663994,1,0.15,[],Press Release,https://nsearchives.nseindia.com/corporate/COFORGE_26082026171432_Intimation_of_Press_Release_GPTW.pdf,2026-08-26 11:45:02+00:00,unspecified_or_early,"[""approval""]",[],2026-10-05,INE591G01025,1852.0,1852.0,4788479571.852381,3704.0,0.2067120393675394,0.0209052563215326,0.1733729574468089,0.1205796834142739,0.1851954324668306,0.1068201347997274,0.0137149180874834,0.0205757703121941,0.0291851598353348,0.0137149180874834,0.4739216663893592,0.0407499407067323,0.4739216663893592,0.3686842146270137,0.0939015764281655,0.1496062992125984,0.1733729574468089,0.0209052563215326,0.1496062992125984,0.4739216663893592,False,,,N100_drop0.50_s0.20_c0.05,1.0,0.0,0.0,False,False,1.0068271698186462,1.0170734897113791,-0.0865463796488452,-0.1149304575594532,False,,,-0.0607566690333705,0.2610649598256844,0.5177839698410096,0.0335398180702046,-0.1477783223085986,-0.0218698908529428,0.5,-0.0582583196037359,0.3957104752615446,0.25,0.0,,0.0,0.0,0.0,0.0,0.0,0.0,0.0,0.0,0.0,0.0,0.0,0.0,0.0,0.0,0.0,0.0,0.0,0.0,0.0,0.0,0.0,,,0.0,0.0,0.0,0.0,0.0,0.335290986515259,0.1341163946061036,0.3614620298083748,0.0,1.0,0.1207239176721078,0.1515667139815472,False,False,True,True,False,0.0209052563215326,-3.8466277878337296,0.0,0.0,0.0,0.0,0.1476224272533711,0.4192616641775237,0.1603974449964514,0.4566760586698202,0.1767210787792761,0.4783990878429346,0.1937544357700497,0.1811213626685592,False,0.158999290276792,0.0,GDELT_PLUS_GOOGLE_NEWS,0.9016554053466281,0.8251590463859961,0.9158791443883867,0.5231167850325054,0.8285952703677035,1.0,1.0,99.0,0.661993196690834,True,9793.1,False,False,True,0.0,0.0,0.15,0.8285952703677035,0.0725,0.14417512420156137,0.46823197267150013,0.20021476863192464,0.3614620298083748,0.0,0.22280630745344607,0.5177839698410096,False,True,False,True,0.27568077106915395,0.0,0.2370713522829955,0.22280630745344607,False,False,False,12_100PCT_MOVE_BUT_CAUSAL_GATES_FAILED,False,0.22280630745344607,REJECT
SHYAMMETL,1,1,1,0.2930333333333333,0.2930333333333333,0.15,0.0,0.0,0.0,,,2026-09-27 05:37:33+00:00,True,2026-06-30,15901700000.0,,1848100000.0,1389600000.0,209300000.0,,2057400000.0,0.1293823930774697,0.0873868831634353,-0.1207000470015758,-0.0807091823233659,0.0,-0.1061001042752867,0.0,0.0021131846393044,-0.0923376371336918,-0.1710808876163206,0.0,-0.1259983007646559,0.0,-0.0049829390686083,0.0142046302319891,0.1462305082963002,0.0859003630647152,0.0,0.0,0.0147730905982654,0.0340066710496951,0.0027754902857839,0.0300136425648021,-0.0029865913109985,68272000000.0,66668400000.0,7646800000.0,7081600000.0,5241700000.0,4944000000.0,0.0240533746122599,0.0798124717577948,0.0602144012944982,0.0,0.1120049214905085,0.0057836832427029,65375300000.0,6074300000.0,4039300000.0,0.019779641546578,0.1658298075498412,0.2239744510187409,0.0042737330656819,0.0133069418698157,standalone,12,6,6,14,32,46,1,1,0.0,0.0,0.0,0.0,0,2026-09-27 05:37:33+00:00,2026-09-27 05:37:33+00:00,0.6545162865643865,1,0.15,[],General Updates,https://nsearchives.nseindia.com/corporate/SHYAMMETL_27092026110707_SMELIntimationofVesting27092026.pdf,2026-09-27 05:37:33+00:00,unspecified_or_early,"[""policy""]",[],2026-10-05,INE810G01011,1020.2,1020.2,606743486.3674604,2040.4,0.235956136097635,0.0254831900034506,0.1406734402876501,0.1811513953973288,0.1692307505235703,0.0760453867834646,0.0174674652056448,0.0249798962474476,0.0346505315875157,0.0174674652056448,0.4682128209875961,0.0270981565409462,0.4682128209875961,0.4055543127955294,0.0703011578176906,0.1578542883492161,0.1406734402876501,0.0254831900034506,0.1578542883492161,0.4682128209875961,False,,,N100_drop0.50_s0.20_c0.05,1.0,0.0,0.0,False,False,1.0068271698186462,1.0170734897113791,-0.0865463796488452,-0.1149304575594532,False,,,-0.0522110739502044,0.075706452973429,0.2842396777442095,0.1167423786328061,-0.0774465582746807,-0.0443297873048836,0.45,-0.0735018877358032,0.2477839136900484,0.1,0.05,,0.0,0.3611955530806764,0.7388801457467294,0.0,0.243254766390223,0.0,0.0,0.0,0.0,0.0,0.0,0.0,0.0,0.0,0.0,0.0,0.0,3.0,2.0,0.0,0.0,74.59,0.0,3.3915622866957778,0.0,0.9577981651376148,0.0,0.0,0.256195573399765,0.102478229359906,0.392193044712562,0.0,1.0,0.0239531582682753,0.4964752458691565,True,False,True,True,True,0.0254831900034506,-3.643922749431712,0.9577981651376148,0.0,0.245383650118674,0.0,0.2845990063875088,0.4347714044980315,0.2817601135557133,0.4601570666591398,0.2718239886444287,0.5009552350962728,0.8566359119943222,0.5369765791341377,True,0.4588679914833214,0.0,GDELT_PLUS_GOOGLE_NEWS,0.5454283548431115,0.5159303674763948,0.5367525568844124,0.5832238517756139,0.5419880229495678,1.0,1.0,99.0,0.661993196690834,True,6827.2,False,False,True,0.0,0.0,0.15,0.5419880229495678,0.049999999999999996,0.11016409656189895,0.46823197267150013,0.1539886512294194,0.392193044712562,0.0,0.1997132772645859,0.2842396777442095,False,True,False,True,0.19782840783263692,0.0,0.23032957711009008,0.1997132772645859,False,False,False,12_100PCT_MOVE_BUT_CAUSAL_GATES_FAILED,False,0.1997132772645859,REJECT
ASTERDM,1,1,1,0.3224827334962024,0.3224827334962024,0.15,0.0,0.0,0.0,134.4,,2026-08-31 16:48:31+00:00,True,2026-06-30,13106800000.0,,2008500000.0,376700000.0,312100000.0,,2320600000.0,0.1770531327249977,0.0287408062990203,0.1085099544985537,-0.7676269199925976,0.0,0.1514339585194006,0.0,0.0066003172172929,0.2159907966637906,-0.6205680902497985,0.0,0.3087074216106473,0.0,0.0125434979824035,0.1996189028057799,0.2877167973390353,0.0254067648719396,0.0,0.0,0.0118987601771468,0.1154921006436513,0.0874755437094167,0.1495406600884654,-0.0041463380294324,48760300000.0,42144600000.0,8171200000.0,6893900000.0,4024900000.0,3711700000.0,0.1569762199664963,0.185279740060053,0.0843818196513725,0.0,0.1675789525495126,0.0040016496447513,90027000000.0,7561600000.0,3379600000.0,-0.5318671065347063,-0.0883014176893779,0.0982660669901762,0.6888433265012026,0.0795847229009845,consolidated,12,6,6,12,62,74,1,1,0.0,0.0,0.0,0.15,0,2026-08-31 16:48:31+00:00,2026-08-31 16:48:31+00:00,0.45948634636055863,1,0.15,[],Capacity addition,https://nsearchives.nseindia.com/corporate/ASTERDM2_31082026221752_SE_Int_31082026__Capacity_Addition_s.pdf,2026-08-31 16:48:31+00:00,unspecified_or_early,"[""capacity""]",[],2026-10-05,INE914M01019,691.5,691.5,1917958955.6246035,1383.0,0.2061306078703489,0.0208187445870485,0.1510512084999236,0.1378257399844576,0.1585123071712203,0.0544976957645378,0.0136445551128097,0.0204801105664133,0.0290686716558495,0.0136445551128097,0.4326263287579702,0.0421411741282202,0.4326263287579702,0.3631589663058914,0.0963283726963647,0.1428571428571428,0.1510512084999236,0.0208187445870485,0.1428571428571428,0.4326263287579702,False,,,N100_drop0.50_s0.20_c0.05,1.0,0.0,0.0,False,False,1.0068271698186462,1.0170734897113791,-0.0865463796488452,-0.1149304575594532,False,,,-0.1213468869123253,-0.1432819178591339,0.0311661198926334,0.1256714960117206,-0.0735862476259473,-0.534543308733602,0.4,-0.5175348969011313,0.2461074066915883,0.2,0.05,,0.0,0.4104381303799292,0.0,0.0,0.0,0.0,0.0,0.0,0.0,0.0,0.0,0.0,0.0,0.0,0.0,0.0,0.0,1.0,1.0,0.0,0.0,53.72,13.329999999999998,1.1604381303799292,0.0,0.6697247706422018,0.0,0.1484848484848485,0.1953013221577494,0.1449387106812816,0.1798438608942512,0.0,1.0,0.0485450674237047,0.3813409733709604,True,False,False,True,False,0.0208187445870485,-3.850863005862311,0.6697247706422018,0.028999287229484,0.1307981331882174,0.0,0.1433640880056778,0.4592245189549689,0.5301632363378282,0.4695104683393913,0.5507452093683464,0.498992289722865,0.8445706174591909,0.6788502484031228,False,0.5133498935415188,0.0,GDELT_PLUS_GOOGLE_NEWS,0.6166252398522325,0.5781768994021372,0.6201427326362811,0.3025436137271654,0.5606044093777585,1.0,1.0,99.0,0.661993196690834,True,4876.03,False,False,True,0.027563407116034975,0.0,0.15,0.5606044093777585,0.049999999999999996,0.16416138670965044,0.46823197267150013,0.16695608762502756,0.1798438608942512,0.0,0.16565003688497593,0.1256714960117206,False,True,False,True,0.21345139108188263,0.0,0.19826381577729213,0.16565003688497593,False,False,False,12_100PCT_MOVE_BUT_CAUSAL_GATES_FAILED,False,0.16565003688497593,REJECT
IDFCFIRSTB,2,2,1,0.02344,0.02344,0.4,0.0,0.0,0.0,,,2026-07-25 11:59:16+00:00,True,2026-06-30,,,,,,,,,,,,,,,,,,,,,,,,,,,,,,,,,,,,,,,,,,,,,,,,,,,,standalone,12,6,6,14,59,73,2,1,0.0,0.0,0.0,0.0,2,2026-07-25 10:27:36+00:00,2026-07-25 11:59:16+00:00,0.3730750789278039,0,0.4,[],Outcome of Board Meeting,https://nsearchives.nseindia.com/corporate/IDFCFIRSTB_25072026172900_BM_Outcome_Consol.pdf,2026-07-25 11:59:16+00:00,board_approved_or_funded,[],[],2026-10-05,INE092T01019,82.22,82.22,1689884893.044603,164.44,0.2051534831315336,0.0206737415772118,0.1359881070294598,0.1520261001407511,0.1824753502411066,0.0658838947163724,0.0135267794991309,0.0203198853164991,0.0288733797781903,0.0135267794991309,0.4421993202278969,0.0428764197096337,0.4421993202278969,0.3472885775873986,0.1092243390717727,0.1330698287220026,0.1359881070294598,0.0206737415772118,0.1330698287220026,0.4421993202278969,False,,,N100_drop0.50_s0.20_c0.05,1.0,0.0,0.0,False,False,1.0068271698186462,1.0170734897113791,-0.0865463796488452,-0.1149304575594532,False,,,-0.0603428571428571,0.0347344575887238,0.3461034708578914,0.1444877505567927,-0.0719210096724317,0.1061733520858667,0.4333333333333333,0.1053696562304766,0.4127194590834657,0.35,0.05,,0.0,0.0,0.0,0.0,0.0,0.0,0.0,0.0,0.0,0.0,0.0,0.0,0.0,0.0,0.0,0.0,0.3605200516361638,0.0,0.0,0.0,0.0,0.0,0.0,0.0,0.0,0.0,0.0,0.0,0.4380621454366706,0.1752248581746682,0.3276792051100071,0.0,1.0,0.2800656493967352,0.1345642876451575,False,False,True,True,False,0.0206737415772118,-3.858000471653561,0.0,0.0,0.0,0.0,0.1398154719659332,0.4453066504037992,0.3960255500354862,0.4634805442329622,0.3782824698367636,0.4808744816499489,0.397444996451384,0.3904542228530873,False,0.2872560326472675,0.0,GDELT_PLUS_GOOGLE_NEWS,,,,,0.5,1.0,1.0,99.0,0.661993196690834,True,,False,False,True,0.0,0.0,0.4,0.5,0.049999999999999996,0.18836672253776834,0.6390653060048335,0.22118059061406686,0.3276792051100071,0.0,0.12007506156151612,0.3461034708578914,False,True,False,True,0.20832486672737177,0.0,0.12332907655462627,0.12007506156151612,False,False,False,12_100PCT_MOVE_BUT_CAUSAL_GATES_FAILED,False,0.12007506156151612,REJECT
