symbol,evidence_rows,primary_rows,distinct_domains,max_linked_evidence_score,max_primary_score,max_stage_weight,max_theme_demand,max_theme_primary_breadth,max_theme_demand_signal,max_money_crore,max_capacity_pct,latest_evidence,primary_confirmed,latest_qe,latest_revenue,latest_total_income,latest_pbt,latest_pat,latest_finance_cost,latest_depreciation,latest_ebitda_proxy,latest_ebitda_margin,latest_pat_margin,revenue_qoq,pat_qoq,pat_turnaround_qoq,ebitda_qoq,ebitda_turnaround_qoq,ebitda_margin_qoq_change,revenue_yoy,pat_yoy,pat_turnaround_yoy,ebitda_yoy,ebitda_turnaround_yoy,ebitda_margin_yoy_change,recent2_revenue_yoy,recent2_ebitda_yoy,recent2_pat_yoy,recent2_pat_turnaround,recent2_ebitda_turnaround,recent2_ebitda_margin_yoy_change,prev2_revenue_yoy,prev2_ebitda_yoy,prev2_pat_yoy,prev2_ebitda_margin_yoy_change,latest_ttm_revenue,previous_ttm_revenue,latest_ttm_ebitda,previous_ttm_ebitda,latest_ttm_pat,previous_ttm_pat,ttm_revenue_growth,ttm_ebitda_growth,ttm_pat_growth,ttm_pat_turnaround,ttm_ebitda_margin,ttm_ebitda_margin_change,third_ttm_revenue,third_ttm_ebitda,third_ttm_pat,previous_ttm_revenue_growth,previous_ttm_ebitda_growth,previous_ttm_pat_growth,revenue_growth_acceleration_3y,previous_ttm_ebitda_margin_change,filing_mode,quarters_extracted,integrated_quarters,legacy_quarters,integrated_filings_seen,legacy_filings_seen,filings_seen,primary_event_count,evidence_domain_count,order_visibility_score,commissioning_score,product_approval_score,capacity_stage_score,negative_event_count,first_primary_event_date,latest_primary_event_date,fresh_catalyst_generation_score,new_catalyst_type_count,primary_stage_upgrade,all_evidence_themes,strongest_event_title,strongest_event_url,strongest_event_date,strongest_event_stage,strongest_event_types,strongest_event_themes,date,isin,close,adj_close,avg_turnover_63,target_2x,p_raw,p_cal,p_dd30,asymmetry,model_dispersion,dd_model_dispersion,p05,p50,p95,p_conservative,hit25_6m_raw,hit25_6m_dispersion,hit25_6m_cal_raw,hit50_6m_raw,hit50_6m_dispersion,hit50_6m_cal_raw,p_dd30_cal,p100_cal,p50_cal,p25_cal,selected_v941,selection_score_v941,selection_rank_v941,production_risk_config,production_share_p100,production_share_p50,production_share_p25,production_p50_allowed,production_p25_allowed,production_p50_pr_auc_lift,production_p25_pr_auc_lift,production_p50_calibration_slope,production_p25_calibration_slope,production_selected,production_rank,production_selection_score,ret_20,ret_60,ret_120,ret_252,mom_accel,turnover_accel,trend_consistency_60,rvol_20_60,up_volume_share_20,accumulation_days_20,large_up_volume_days_20,up_down_volume_ratio_20,accumulation_absorption,evt_capacity_180,evt_commissioning_180,evt_order_180,evt_new_product_180,evt_future_product_180,evt_customer_180,evt_debt_reduction_180,evt_credit_positive_180,evt_earnings_positive_180,evt_approval_180,evt_strategic_180,evt_incentive_180,evt_buyback_180,evt_pledge_improvement_180,evt_pledge_risk_180,evt_risk_180,evt_catalyst_breadth_180,evt_catalyst_recent_90,promoter_buy_net_180,promoter_buy_count_180,promoter_pct,promoter_delta_qoq,catalyst_raw,business_inflection_raw,catalyst_score,business_inflection_score,promoter_conviction_score,accumulation_score,ownership_accumulation_score,technical_confirmation_score,priced_in_penalty,early_stage_score,risk_score,discovery_score,gate_catalyst,gate_promoter_accumulation,gate_technical,gate_not_overpriced,transformation_eligible,p100_anchor,p100_logit,catalyst_x_early,promoter_x_accumulation,catalyst_x_accumulation,business_x_catalyst,v10_percentile,transform_p_y6,transform_pct_y6,transform_p_y12,transform_pct_y12,transform_p_y24,transform_pct_y24,transform_multi_percentile,transformation_gate,multi_horizon_score,external_theme_demand_score,external_demand_source,financial_latest2_score,financial_previous2_score,financial_latest_ttm_score,financial_prior_ttm_score,financial_score_raw,financial_3y_context_coverage,financial_context_confidence,financial_stale_days,financial_freshness,financial_available,annualized_sales_crore,capacity_numeric_suspect,money_numeric_suspect,numeric_integrity_ok,catalyst_magnitude_score,product_demand_linkage_score,stage_reality_score,earnings_inflection_score,order_probability_score,promoter_accumulation_score,execution_quality_score,catalyst_intelligence_score,technical_confirmation_used,already_priced_penalty_used,v11_4_score_raw,max_prior_runup_252,pre_obvious_price_state,second_leg_price_state,over_100pct_price_state,material_prior_runup,remaining_business_upside_score,same_catalyst_priced_penalty,second_leg_score,pre_obvious_score,v11_4_base_eligible,pre_obvious_eligible,second_leg_eligible,opportunity_sleeve,v11_4_eligible,sleeve_score,audit_grade,audit_rank
SOLARINDS,11,7,4,0.8025139164606151,0.8025139164606151,1.1,0.0,0.999998984368529,0.2499997460921322,93041.0,,2026-09-29 17:45:00+00:00,True,2026-06-30,16563200000.0,,4820400000.0,3583800000.0,68800000.0,,4889200000.0,0.2951845054095827,0.2163712326120556,0.0524937885633312,-0.0513526391021229,0.0,-0.0490712826996012,0.0,-0.0315275317510123,0.1940453447716541,0.2821265025758444,0.0,0.2796273031825795,0.0,0.0197420514572343,0.2023503311085717,0.4450543118102976,0.4532820057250024,0.0,0.0,0.0521575778442603,0.2391550269083129,0.4615209514957223,0.4779511888551377,0.0447764111782829,58480300000.0,47991600000.0,17735400000.0,12213100000.0,13005600000.0,8884300000.0,0.218552830078597,0.4521620227460676,0.4638857310086333,0.0,0.3032713580470688,0.048787239993076,37788500000.0,9046900000.0,6530900000.0,0.2700054249308652,0.3499762349534094,0.3603484971443444,-0.0514525948522681,0.0150753032029137,standalone,12,6,6,12,155,167,7,4,1.1,1.1,0.85,1.1,1,2026-05-18 06:55:42+00:00,2026-09-23 12:35:34+00:00,0.6921441010957724,0,0.2500000000000001,"[""defence_aerospace"", ""power_td"", ""renewables""]",Credit Rating,https://nsearchives.nseindia.com/corporate/SOLARINDS_04092026154526_credit_rating_SD.pdf,2026-09-04 10:16:54+00:00,utilisation_ramp_or_repeat_order,"[""capacity"", ""commissioning"", ""order""]","[""defence_aerospace"", ""renewables""]",,,,,,,,,,,,,,,,,,,,,,,,,,,,,,,,,,,,,,,,,,,,,,,,,,,,,,,,,,,,,,,,,,,,,,,,,,,,,,,,,,,,,,,,,,,,,,,,,,,,,,,,,,,,,,,0.5132477440400283,GDELT_PLUS_GOOGLE_NEWS,0.7037491759542935,0.7720068874911461,0.767001104080304,0.8046414760812284,0.7485978344827491,1.0,1.0,99.0,0.661993196690834,True,5848.03,False,False,True,1.0,0.5132477440400283,1.0,0.7485978344827491,0.9774999999999999,0.0,0.9323986393381668,0.7704322091150799,0.5,0.0,0.666345767292064,0.0,True,False,False,False,0.8272140969585068,0.0,0.6912383661859838,0.666345767292064,True,True,False,PRE_OBVIOUS_DISCOVERY,True,0.666345767292064,B,3
INDOTECH,7,7,1,0.6319666311195652,0.6319666311195652,0.85,0.0,0.999998984368529,0.2499997460921322,28744.0,90.0,2026-09-23 11:21:05+00:00,True,2026-06-30,2278900000.0,,343500000.0,257000000.0,5000000.0,,348500000.0,0.1529246566325859,0.1127737066128395,-0.0464454579689527,0.0744147157190635,0.0,0.0762816553428042,0.0,0.0174378161790104,0.3901665344964313,0.3406364110589464,0.0,0.3655956112852665,0.0,-0.002751546624902,0.261871942484932,0.3339285714285713,0.235865504358655,0.0,0.0,0.0077785600127643,0.1718020830114039,0.2499081220139654,0.3430656934306568,0.0112103878112654,8460400000.0,6935600000.0,1352500000.0,1048200000.0,993000000.0,771400000.0,0.2198512024914931,0.2903071932837244,0.2872698988851438,0.0,0.1598624178525838,0.0087291345029096,4925400000.0,640500000.0,492300000.0,0.4081292889917569,0.6365339578454332,0.5669307332927076,-0.1882780865002637,0.0210930835689456,standalone,12,6,6,10,79,89,7,1,0.85,0.0,0.85,0.4,0,2026-05-20 14:04:29+00:00,2026-09-23 11:21:05+00:00,0.8300003583739521,2,0.44999999999999996,"[""battery_bess"", ""power_td"", ""railways"", ""renewables""]",Product launch,https://nsearchives.nseindia.com/corporate/INDOTECH_23092026164639_Upload.pdf,2026-09-23 11:21:05+00:00,commissioned_or_loa,"[""order"", ""product""]","[""renewables"", ""power_td""]",,,,,,,,,,,,,,,,,,,,,,,,,,,,,,,,,,,,,,,,,,,,,,,,,,,,,,,,,,,,,,,,,,,,,,,,,,,,,,,,,,,,,,,,,,,,,,,,,,,,,,,,,,,,,,,0.5132477440400283,GDELT_PLUS_GOOGLE_NEWS,0.652318016823938,0.663334704385532,0.6912708843857004,0.9422396151137435,0.7063510019701598,1.0,1.0,99.0,0.661993196690834,True,846.04,False,True,True,1.0,0.5132477440400283,0.85,0.7063510019701598,0.7725,0.0,0.8798986393381668,0.7037676525633175,0.5,0.0,0.663014122050654,0.0,True,False,False,False,0.7704023888303595,0.0,0.7026776315147534,0.663014122050654,True,True,False,PRE_OBVIOUS_DISCOVERY,True,0.663014122050654,B,4
EKC,7,7,1,0.6787103363810115,0.6787103363810115,1.1,0.0,0.9999938557876468,0.2499984639469116,1399.2,,2026-09-29 13:17:31+00:00,True,2026-06-30,2027400000.0,,291200000.0,219300000.0,26200000.0,,317400000.0,0.1565551938443326,0.1081680970701391,-0.1900767018216682,0.4157520981278244,0.0,0.1441961067051189,0.0,0.0457370410798711,-0.1444847666469744,-0.1594480643924876,0.0,-0.1948249619482496,0.0,-0.0097879574764539,-0.1013745363667016,-0.0020134228187919,0.1886912325285896,0.0,0.0,0.0130709450568477,-0.0075152167612106,0.4182295573893473,0.0932928512282638,0.0473533268480939,9324500000.0,9871900000.0,1351000000.0,1129200000.0,770300000.0,677100000.0,-0.0554503185810228,0.1964222458377613,0.1376458425638753,0.0,0.1448871253150302,0.0305018499374433,8018400000.0,774300000.0,559600000.0,0.2311558415644019,0.4583494769469198,0.2099714081486776,-0.2866061601454248,0.0178198757966231,standalone,12,6,6,12,144,156,7,1,1.1,1.1,0.0,1.1,1,2026-06-01 12:29:13+00:00,2026-09-29 13:17:31+00:00,0.5850640467083932,0,0.0,"[""defence_aerospace"", ""green_hydrogen"", ""power_td""]",Press Release,https://nsearchives.nseindia.com/corporate/EKC_01062026175900_EKCLPressReleaseQ4Results01062026.pdf,2026-06-01 12:29:13+00:00,commercial_production_or_purchase_order,"[""capacity"", ""commissioning""]","[""defence_aerospace"", ""green_hydrogen""]",2026-10-05,INE184H01027,105.13,105.13,63771014.10984127,210.26,0.3111394177031372,0.0395330874676018,0.2191865101787226,0.1803627761369387,0.1664475493482156,0.0730976241830516,0.0289013291100924,0.0390026944695155,0.0507116786958603,0.0289013291100924,0.4043479616358962,0.0703199731068447,0.4043479616358962,0.3887016320215966,0.0798788363985695,0.1578542883492161,0.2191865101787226,0.0395330874676018,0.1578542883492161,0.4043479616358962,False,,,N100_drop0.50_s0.20_c0.05,1.0,0.0,0.0,False,False,1.0068271698186462,1.0170734897113791,-0.0865463796488452,-0.1149304575594532,False,,,-0.0174766355140186,-0.0779687774074724,-0.0168334424389788,-0.2554005241164389,0.0085129569551388,1.407222157170712,0.4,1.3980714998644896,0.8748984275381025,0.15,0.05,,0.5732747973154106,0.0,0.7484055880252942,0.0,0.0,0.0,0.0,0.0,0.0,0.0,0.0,0.0,0.0,0.0,0.0,0.0,0.0,1.0,1.0,0.0,0.0,,,1.6855069850316178,0.0,0.8146788990825689,0.0,0.0,0.667672885569187,0.2670691542276748,0.6095812633073102,0.0,1.0,0.3027679205110007,0.4674478414898987,True,False,True,True,True,0.0395330874676018,-3.1902815547693826,0.8146788990825689,0.0,0.5439390113627872,0.0,0.5713271823988645,0.5218922289062541,0.8765081618168914,0.5421774871177056,0.92264017033357,0.5180951747727425,0.9240596167494676,0.9140525195173884,True,0.780958126330731,0.5132477440400283,GDELT_PLUS_GOOGLE_NEWS,0.492681511008155,0.6235952145446461,0.5485306695280721,0.7930946318127391,0.5816417367169487,1.0,1.0,99.0,0.661993196690834,True,932.45,False,False,True,1.0,0.5132477440400283,1.0,0.5816417367169487,0.75,0.2870993407947504,0.9323986393381668,0.748468289507343,0.6095812633073102,0.0,0.6464694506264564,-0.0168334424389788,True,False,False,False,0.7543300395567942,0.0,0.6446039039715098,0.6464694506264564,True,True,False,PRE_OBVIOUS_DISCOVERY,True,0.6464694506264564,B,6
KPIGREEN,8,8,1,0.725349543228417,0.725349543228417,1.1,0.0,0.999998984368529,0.2499997460921322,5300.0,93.05654974946314,2026-09-30 09:48:51+00:00,True,2026-06-30,6938402000.0,,1308698000.0,946328000.0,797487000.0,,2106185000.0,0.3035547666451151,0.1363899064943196,-0.1281321432821371,-0.3913428266378522,0.0,-0.2100699360497889,0.0,-0.0314871008182922,0.1507560666192438,-0.1498777811415538,0.0,0.1218387804670189,0.0,-0.0078246359483974,0.2706495930745738,0.4003610292620321,0.1606204248309144,0.0,0.0,0.0296755111465973,0.5857056220654422,0.6653127145733633,0.5642915304717453,0.0153552263726513,27868072000.0,19903845000.0,8939187000.0,5910092000.0,4925544000.0,3704837000.0,0.4001350995247401,0.5125292465836404,0.3294900693336846,0.0,0.3207680459559599,0.0238358702883941,11825524000.0,3620573000.0,1945070000.0,0.6831258386520547,0.6323637170138539,0.9047319633740688,-0.2829907391273145,-0.0092337921153418,consolidated,12,6,6,12,30,42,8,1,1.0,1.1,1.1,0.85,3,2026-08-26 04:33:12+00:00,2026-09-30 09:48:51+00:00,0.910419465959741,5,1.1,"[""battery_bess"", ""ev_auto"", ""power_td"", ""renewables""]",General Updates,https://nsearchives.nseindia.com/corporate/KPIGLOBAL_29092026152717_7_KPI_Green_Reg30_NACOF_500MW_Order_29092026_Signed.pdf,2026-09-29 09:57:36+00:00,commercial_production_or_purchase_order,"[""commissioning"", ""order""]","[""renewables"", ""power_td""]",2026-10-05,INE542W01025,321.85,321.85,588783376.0428572,643.7,0.3070854246529022,0.0386819417522012,0.2809533154491934,0.1376810296413687,0.1719676942426324,0.0564222683991785,0.0282088056288533,0.0381986077231333,0.0496008511544074,0.0282088056288533,0.40723302498088,0.0679363694684018,0.40723302498088,0.4025282081994614,0.073126972815006,0.1578542883492161,0.2809533154491934,0.0386819417522012,0.1578542883492161,0.40723302498088,False,,,N100_drop0.50_s0.20_c0.05,1.0,0.0,0.0,False,False,1.0068271698186462,1.0170734897113791,-0.0865463796488452,-0.1149304575594532,False,,,0.061335531739489,-0.1909250879839115,-0.1754835404124504,-0.3391848886151318,0.1249772277341261,0.7696548906050571,0.3833333333333333,0.7861278536499632,0.7645478207807362,0.35,0.3,,0.2169413401380033,0.0,0.0,0.0,0.0,0.0,0.0,0.0,0.0,0.0,0.0,0.0,0.0,0.0,0.0,0.0,0.0,0.0,0.0,0.0,0.0,,,0.0,0.0,0.0,0.0,0.0,0.8373228515480868,0.3349291406192347,0.5908445706174592,0.0,1.0,0.4308374733853797,0.1781911212087476,False,False,True,True,False,0.0386819417522012,-3.2129324503878327,0.0,0.0,0.0,0.0,0.5557132718239887,0.4761192509209366,0.6870120652945352,0.4690076351284626,0.5393896380411639,0.4856891465722761,0.6430092264017033,0.6155429382540809,False,0.5545102909865153,0.5132477440400283,GDELT_PLUS_GOOGLE_NEWS,0.6792517742132608,0.8916032569001399,0.8336750697246987,0.945383103942329,0.8031440034466284,1.0,1.0,99.0,0.661993196690834,True,2786.8072,False,False,True,1.0,0.5132477440400283,1.0,0.8031440034466284,0.9,0.36004882616567735,0.9323986393381668,0.8047735553865909,0.5908445706174592,0.0,0.6275207605619342,-0.1754835404124504,True,False,False,False,0.8433530805077606,0.0,0.6633362026082793,0.6275207605619342,True,True,False,PRE_OBVIOUS_DISCOVERY,True,0.6275207605619342,B,9
JWL,6,6,1,0.7932722936926562,0.7932722936926562,1.1,0.0,0.999998984368529,0.2499997460921322,4550.0,,2026-10-05 08:00:26+00:00,True,2026-06-30,6186885000.0,,514344000.0,380306000.0,128964000.0,,643308000.0,0.1039793046096703,0.0614697056757964,-0.0409687713042353,-0.015024332633182,0.0,-0.0328566080795234,0.0,0.0008721530830198,0.5058707414610162,0.1575285344696393,0.0,0.1477763781887733,0.0,-0.0324404680086268,-0.1055156157049901,-0.3499931197594051,-0.4112771091000851,0.0,0.0,-0.0389407577055954,-0.248513942233762,-0.3519869673719156,-0.4045626242757952,-0.0193480749457582,27469858000.0,33865500000.0,3105636000.0,4786358000.0,1876787000.0,3166627000.0,-0.188854202654619,-0.3511484097094283,-0.4073229969933307,0.0,0.1130561359290608,-0.0282782013758659,37829925000.0,5203283000.0,3584259000.0,-0.1047960047502076,-0.0801272965548866,-0.116518365441783,-0.0840581979044113,0.003790236966372,standalone,12,6,6,13,71,84,6,1,1.1,1.1,0.0,1.1,0,2026-08-10 11:49:36+00:00,2026-10-05 08:00:26+00:00,0.6319342410666015,0,0.10000000000000009,"[""battery_bess"", ""power_td"", ""railways"", ""renewables""]",Analysts/Institutional Investor Meet/Con. Call Updates,https://nsearchives.nseindia.com/corporate/CEBBCO_21082026162908_SETRANSCRIPT30062026.pdf,2026-08-21 10:59:19+00:00,utilisation_ramp_or_repeat_order,"[""capacity"", ""commissioning"", ""order""]","[""battery_bess"", ""railways"", ""renewables""]",2026-10-05,INE209L01016,223.44,223.44,319403110.4350792,446.88,0.2022822198179125,0.0202504298620842,0.2082200208484619,0.097254960303851,0.1725070869408725,0.0597079169704229,0.0131841114846367,0.0198624494454759,0.0283213517007411,0.0131841114846367,0.3786251216616751,0.0849947981113427,0.3786251216616751,0.3135927612200698,0.1313765700041669,0.1130612244897959,0.2082200208484619,0.0202504298620842,0.1130612244897959,0.3786251216616751,False,,,N100_drop0.50_s0.20_c0.05,1.0,0.0,0.0,False,False,1.0068271698186462,1.0170734897113791,-0.0865463796488452,-0.1149304575594532,False,,,-0.0732091749968891,-0.1106865671641791,-0.1346913484625513,-0.3549653579676673,-0.0363136526088294,0.4404208499333744,0.35,0.5082571612827613,0.7278306520742012,0.25,0.05,,0.1205337684742806,0.0,0.0,0.8704091103408589,0.0,0.0,0.0583176832610557,0.0,0.0,0.0,0.0,0.0,0.0,0.0,0.0,0.0,0.0,2.0,2.0,0.0,0.0,68.31,0.0,2.324190577589512,0.0,0.8972477064220183,0.0,0.0,0.6232120075500571,0.2492848030200228,0.2963804116394606,0.0,1.0,0.2606103619588361,0.4669043848728328,True,False,False,True,False,0.0202504298620842,-3.8791209772484527,0.8972477064220183,0.0,0.5591755443889503,0.0,0.1263307310149042,0.4921914258756303,0.7686302342086586,0.5090665316738512,0.8616039744499645,0.5094649584337795,0.8977998580553584,0.8592973740241306,False,0.613346344925479,0.5132477440400283,GDELT_PLUS_GOOGLE_NEWS,0.35394854547479937,0.2709273573005322,0.28649406207107536,0.40284259760372404,0.3270364595698265,1.0,1.0,99.0,0.661993196690834,True,2746.9858,False,False,True,1.0,0.5132477440400283,1.0,0.3270364595698265,0.75,0.26798116324652455,0.9323986393381668,0.7109117329519232,0.2963804116394606,0.0,0.6071566397327238,-0.1106865671641791,True,False,False,False,0.6897228113926024,0.0,0.6385931305195057,0.6071566397327238,True,True,False,PRE_OBVIOUS_DISCOVERY,True,0.6071566397327238,B,12
PLATIND,6,5,2,0.7682044239801512,0.7682044239801512,1.1,0.0,0.9999938557876468,0.2499984639469116,30000.0,,2026-09-29 09:30:00+00:00,True,2026-06-30,1089350000.0,,149520000.0,111290000.0,4880000.0,,154400000.0,0.141735897553587,0.1021618396291366,-0.1748161165945778,-0.2502189584315839,0.0,-0.0959658059605362,0.0,0.012362275258813,-0.0558752665060408,-0.1488987457938207,0.0,-0.167026327147173,0.0,-0.0189130771565064,0.137126460649765,0.1423402536270066,0.3398679323153115,0.0,0.0,0.0006159878674366,0.0515287732526825,-0.0781130215748548,-0.105178304095812,-0.0233200206568018,4439940000.0,4049880000.0,661900000.0,649910000.0,492830000.0,454350000.0,0.096313964858218,0.0184487082826851,0.0846924177396279,0.0,0.1490785911521326,-0.0113977686412439,,,,,,,,,consolidated,11,6,5,12,10,22,5,2,1.0,1.1,1.1,1.1,1,2026-05-13 08:02:27+00:00,2026-08-13 10:15:54+00:00,0.31211539052741005,0,0.0,"[""pharma_specialty"", ""power_td""]",Investor Presentation,https://nsearchives.nseindia.com/corporate/PLATINUM_11082026125054_Investor_Presentation.pdf,2026-08-11 07:21:07+00:00,utilisation_ramp_or_repeat_order,"[""capacity"", ""commissioning"", ""product"", ""approval""]","[""power_td"", ""pharma_specialty""]",2026-10-05,INE0PT501018,203.83,203.83,16863155.152380954,407.66,0.2673392000618032,0.0309220465212229,0.2287068162209296,0.1352038694437176,0.1510260616343407,0.0814689381353939,0.022030629993923,0.0302811342123067,0.0409400226687992,0.022030629993923,0.4369504227899858,0.0417258297987161,0.4369504227899858,0.4059952498189045,0.0667348484243713,0.1578542883492161,0.2287068162209296,0.0309220465212229,0.1578542883492161,0.4369504227899858,False,,,N100_drop0.50_s0.20_c0.05,1.0,0.0,0.0,False,False,1.0068271698186462,1.0170734897113791,-0.0865463796488452,-0.1149304575594532,False,,,-0.130603540200469,-0.1020309264725317,0.0076128330614464,-0.3608341172781435,-0.0965932313762918,0.0356306742642349,0.4666666666666667,0.0711004454122221,0.5415712917261357,0.15,0.05,,0.0048101031148955,0.1091132000831581,0.174581120133053,0.0,0.0,0.0,0.0,0.0,0.0,0.0,0.0,0.0,0.0,0.0,0.0,0.0,0.1974594124737717,2.0,0.0,0.0,0.0,70.03,0.0,1.1273396002494744,0.0,0.6495412844036698,0.0,0.0,0.4230300870148809,0.1692120348059523,0.4725337118523776,0.0,1.0,0.5161793764747987,0.3394689229567905,True,False,True,True,True,0.0309220465212229,-3.4448756468522497,0.6495412844036698,0.0,0.2747755060610419,0.0,0.3995741660752306,0.5292341380284482,0.8921220723917672,0.5076418356850892,0.8594748048261178,0.4982668976375825,0.8353442157558553,0.8551454932576295,True,0.6668561574554298,0.5132477440400283,GDELT_PLUS_GOOGLE_NEWS,0.5854145267572597,0.48102419851896894,0.5470963312094067,,0.5456954430288558,0.9166666666666666,0.9625,99.0,0.661993196690834,True,443.994,False,True,True,1.0,0.5132477440400283,1.0,0.5252318639152737,0.95,0.18190293741639874,0.9157319726715001,0.7530512669772733,0.4725337118523776,0.0,0.6056534058343103,0.0076128330614464,True,False,False,False,0.7733010845207912,0.0,0.5916365554561652,0.6056534058343103,True,True,False,PRE_OBVIOUS_DISCOVERY,True,0.6056534058343103,B,13
SUMEETINDS,7,7,1,0.8627999644528985,0.8627999644528985,1.1,0.0,0.999998984368529,0.2499997460921322,1500.0,900.0,2026-09-19 06:42:03+00:00,True,2026-06-30,2723589000.0,,15265000.0,11423000.0,30235000.0,,45500000.0,0.016705897989748,0.0041940983019097,0.0249965282599637,-0.6981635618972123,0.0,-0.5360267574898538,0.0,-0.0202002980406888,0.0961237084192911,-0.8568510488984686,0.0,-0.5397997370284211,0.0,-0.0230848894790716,0.094765459196535,0.2333954759061505,-0.9126568499877676,0.0,0.0,0.0029989074615477,0.0862358782383576,0.4467986371463113,-0.8298525660247216,0.011012347326263,10742994000.0,9851517000.0,380514000.0,280173000.0,238222000.0,1674605000.0,0.0904913426023625,0.3581394352774893,-0.8577443635961913,0.0,0.0354197349453979,0.0069801555384903,10067994000.0,-561681000.0,-517302000.0,-0.0215015026826594,,,0.111992845285022,0.0842283492452686,standalone,12,6,6,12,106,118,7,1,0.0,1.1,1.0,1.1,0,2026-07-29 11:15:26+00:00,2026-09-19 06:42:03+00:00,0.7848629257977889,4,0.7000000000000001,"[""industrial_automation"", ""renewables""]",Investor Presentation,https://nsearchives.nseindia.com/corporate/SUMEETINDS_07082026123516_Investorpresentation07082026.pdf,2026-08-07 07:05:26+00:00,utilisation_ramp_or_repeat_order,"[""capacity"", ""commissioning"", ""policy""]","[""renewables"", ""industrial_automation""]",,,,,,,,,,,,,,,,,,,,,,,,,,,,,,,,,,,,,,,,,,,,,,,,,,,,,,,,,,,,,,,,,,,,,,,,,,,,,,,,,,,,,,,,,,,,,,,,,,,,,,,,,,,,,,,0.4114339188445192,GDELT_PLUS_GOOGLE_NEWS,0.5097281408166573,0.566791664416725,0.5528439544928745,0.5514396000744085,0.5388739033405804,1.0,1.0,99.0,0.661993196690834,True,1074.2994,True,False,True,1.0,0.4114339188445192,1.0,0.5388739033405804,0.19999999999999998,0.0,0.9323986393381668,0.6294443702199848,0.5,0.0,0.6035554961759878,0.0,True,False,False,False,0.6091017316534136,0.0,0.6300075248991095,0.6035554961759878,True,True,False,PRE_OBVIOUS_DISCOVERY,True,0.6035554961759878,B,14
GRSE,8,7,2,0.4990624594098488,0.4557515856596712,0.85,0.0,0.9726762775527076,0.2431690693881768,90000.0,,2026-10-02 05:00:00+00:00,True,2026-06-30,18146159000.0,,2315261000.0,1728376000.0,37644000.0,,2352905000.0,0.1296640793238943,0.0952474846054198,-0.1437310321640703,-0.4299534530280597,0.0,-0.4309357095850693,0.0,-0.0654409891862243,0.3853410882031445,0.4382135415626518,0.0,0.3616064711614803,0.0,-0.0022602178617639,0.3326405378004868,0.3034773951733374,0.3062697486036203,0.0,0.0,-0.0036897692210215,0.4740828690909788,0.6152706118504201,0.6562619603856716,0.0106301482588558,75069043000.0,53758366000.0,10832997000.0,7667345000.0,8005968000.0,5603839000.0,0.3964160108586634,0.4128746000082166,0.428657746948119,0.0,0.1443071147183799,0.0016810349004033,38464596000.0,5055190000.0,3677808000.0,0.3976064118806812,0.516727363363197,0.5236899261734163,-0.0011904010220178,0.0112015875394148,standalone,12,6,6,6,27,33,7,2,0.85,0.85,0.85,0.85,1,2026-08-11 10:49:01+00:00,2026-09-21 12:57:48+00:00,0.808883579535781,5,0.85,"[""defence_aerospace""]",Press Release,https://nsearchives.nseindia.com/corporate/GRSE_24082026102244_Corp_Ann__Press_Release_regarding_3_new_facilities.pdf,2026-08-24 04:53:20+00:00,unspecified_or_early,"[""capacity"", ""commissioning""]","[""defence_aerospace""]",,,,,,,,,,,,,,,,,,,,,,,,,,,,,,,,,,,,,,,,,,,,,,,,,,,,,,,,,,,,,,,,,,,,,,,,,,,,,,,,,,,,,,,,,,,,,,,,,,,,,,,,,,,,,,,0.3243052926541029,GDELT_PLUS_GOOGLE_NEWS,0.6632259845334078,0.8857152302630318,0.8044856356627912,0.9121516272278483,0.7844390725958565,1.0,1.0,99.0,0.661993196690834,True,7506.9043,False,False,True,1.0,0.3243052926541029,0.85,0.7844390725958565,0.8224999999999999,0.0,0.8798986393381668,0.6866903412014485,0.5,0.0,0.5993522729611587,0.0,True,False,False,False,0.781030161348191,0.0,0.639674612929411,0.5993522729611587,True,True,False,PRE_OBVIOUS_DISCOVERY,True,0.5993522729611587,B,16
ENDURANCE,9,9,1,0.7933068529375142,0.7933068529375142,1.1,0.0,0.999998984368529,0.2499997460921322,4526.0,,2026-09-25 09:55:15+00:00,True,2026-06-30,43148900000.0,,3300800000.0,2445200000.0,172000000.0,,3472800000.0,0.0804840911355793,0.0566688837954154,0.0560310331746594,-0.1155000904322662,0.0,-0.1001710110379852,0.0,-0.0139712986758476,0.3001003347504738,0.0802739120830571,0.0,0.102196267614574,0.0,-0.0144512637571709,0.3372076642989314,0.1642755631068733,0.1049603060979929,0.0,0.0,-0.0129637732306789,0.2458866996140736,0.2220798721090062,0.1588871420347322,-0.0017726933278848,155918800000.0,120542000000.0,13875900000.0,11652210000.0,9698800000.0,8588460000.0,0.2934811103183952,0.1908384761345702,0.1292827817792712,0.0,0.0889943996490481,-0.0076707461092768,106164080000.0,9939010000.0,7208440000.0,0.1354311175682019,0.1723712925130369,0.1914450283279045,0.1580499927501932,0.0030458161319578,consolidated,12,6,6,12,74,86,9,1,1.1,1.1,1.1,1.1,0,2026-06-17 14:46:09+00:00,2026-09-25 09:55:15+00:00,0.6388156981986419,3,0.10000000000000009,"[""battery_bess"", ""ev_auto"", ""industrial_automation"", ""power_td"", ""renewables""]",Investor Presentation,https://nsearchives.nseindia.com/corporate/ENDURANCE_13082026174651_2026_08_13_-_Investor_Presentation-signed.pdf,2026-08-13 12:17:53+00:00,utilisation_ramp_or_repeat_order,"[""capacity"", ""commissioning"", ""order"", ""policy""]","[""battery_bess"", ""ev_auto"", ""renewables"", ""power_td""]",,,,,,,,,,,,,,,,,,,,,,,,,,,,,,,,,,,,,,,,,,,,,,,,,,,,,,,,,,,,,,,,,,,,,,,,,,,,,,,,,,,,,,,,,,,,,,,,,,,,,,,,,,,,,,,0.5132477440400283,GDELT_PLUS_GOOGLE_NEWS,0.6218072884015553,0.6656100272017036,0.6792249133707214,0.6508230953208727,0.6485938691333233,1.0,1.0,99.0,0.661993196690834,True,15591.88,False,False,True,0.29027929922498125,0.5132477440400283,1.0,0.6485938691333233,0.9,0.0,0.9323986393381668,0.619381927826657,0.5,0.0,0.5955055422613257,0.0,True,False,False,False,0.5737968953886448,0.0,0.6048286088373885,0.5955055422613257,True,True,False,PRE_OBVIOUS_DISCOVERY,True,0.5955055422613257,B,17
VIVIANA,7,7,1,0.6751736564192553,0.6751736564192553,1.0,0.0,0.999998984368529,0.2499997460921322,1340.0,,2026-09-21 08:45:01+00:00,True,2026-06-30,723906000.0,,83211000.0,60115000.0,37852000.0,,121063000.0,0.1672358013333222,0.0830425497233066,-0.8357063309617352,-0.8631572956977009,0.0,-0.8059380895971223,0.0,0.0256532345196421,1.2847539152006364,,,0.7819105092728877,0.0,-0.0471928413340008,1.5329848433004545,1.3316159485160166,,,0.0,-0.012540344280981,,,,,,,,,,,,,,,,,,,,,,,,,consolidated,6,6,0,16,0,16,7,1,0.85,1.0,0.2,0.85,1,2026-07-21 09:35:23+00:00,2026-09-21 08:45:01+00:00,0.5245450959469322,0,0.15000000000000002,"[""battery_bess"", ""data_centres"", ""power_td"", ""renewables""]",Press Release,https://nsearchives.nseindia.com/corporate/VIVIANA_21072026150507_Press_release_21072026.pdf,2026-07-21 09:35:23+00:00,commissioned_or_loa,"[""commissioning"", ""order""]","[""battery_bess"", ""renewables"", ""power_td""]",,,,,,,,,,,,,,,,,,,,,,,,,,,,,,,,,,,,,,,,,,,,,,,,,,,,,,,,,,,,,,,,,,,,,,,,,,,,,,,,,,,,,,,,,,,,,,,,,,,,,,,,,,,,,,,0.5132477440400283,GDELT_PLUS_GOOGLE_NEWS,,,,,0.5,0.5,0.775,99.0,0.661993196690834,True,289.5624,False,False,True,1.0,0.5132477440400283,1.0,0.3875,0.675,0.0,0.8323986393381668,0.6775785122874951,0.5,0.0,0.592062809829996,0.0,True,False,False,False,0.6664396383378195,0.0,0.5934034320297217,0.592062809829996,True,True,False,PRE_OBVIOUS_DISCOVERY,True,0.592062809829996,C,19
WELCORP,8,6,3,0.7109997270273262,0.7109997270273262,0.85,0.0,0.9999938557876468,0.2499984639469116,45000.0,,2026-09-25 06:00:00+00:00,True,2026-06-30,15672200000.0,,1564400000.0,1158400000.0,146300000.0,,1710700000.0,0.1091550643815163,0.0739143196232819,-0.3097315510141161,-0.5004958820231986,0.0,-0.4570757561331683,0.0,-0.0296235918320096,-0.1428227636940411,-0.5454224384884041,0.0,-0.437362275941457,0.0,-0.0571424169541141,-0.0661262809016379,-0.09431993889603,-0.516214298632462,0.0,0.0,-0.0039435578553679,-0.0627116980020617,0.2084734216713912,0.9940947117386532,0.0293789205773973,80382400000.0,85910300000.0,10361000000.0,9918600000.0,8745300000.0,9829800000.0,-0.0643450203293435,0.0446030689815095,-0.1103277787950924,0.0,0.128896375325942,0.0134433970451072,90510400000.0,8131400000.0,5026000000.0,-0.0508239937068005,0.2197899500700986,0.9557898925586948,-0.0135210266225429,0.0256135786096367,standalone,12,6,6,12,142,154,6,3,0.85,0.85,0.0,0.85,1,2026-07-24 09:54:01+00:00,2026-09-20 16:11:10+00:00,0.0,0,0.0,"[""power_td""]",Press Release,https://nsearchives.nseindia.com/corporate/WELCORP_24072026170735_SEPRLetter.pdf,2026-07-24 11:37:55+00:00,commissioned_or_loa,"[""capacity"", ""commissioning"", ""order""]",[],,,,,,,,,,,,,,,,,,,,,,,,,,,,,,,,,,,,,,,,,,,,,,,,,,,,,,,,,,,,,,,,,,,,,,,,,,,,,,,,,,,,,,,,,,,,,,,,,,,,,,,,,,,,,,,0.5132477440400283,GDELT_PLUS_GOOGLE_NEWS,0.4292467651598462,0.6108570089886322,0.4798725675235715,0.6100817094393998,0.5118997282317208,1.0,1.0,99.0,0.661993196690834,True,8038.24,False,False,True,1.0,0.5132477440400283,0.85,0.5118997282317208,0.745,0.0,0.8798986393381668,0.673244474239936,0.5,0.0,0.5885955793919488,0.0,True,False,False,False,0.7162895703957497,0.0,0.5429000890075302,0.5885955793919488,True,True,False,PRE_OBVIOUS_DISCOVERY,True,0.5885955793919488,B,21
NAVINFLUOR,10,10,1,0.7427999644528985,0.7427999644528985,1.1,0.0,0.999998984368529,0.2499997460921322,,,2026-09-30 12:12:04+00:00,True,2026-06-30,6946800000.0,,2548400000.0,1906400000.0,48800000.0,,2597200000.0,0.3738699833016641,0.2744285138481027,0.1088091171729102,0.4118344071687774,0.0,0.4382545132351312,0.0,0.0856383509254849,0.2794548300948523,0.6906704505143668,0.0,0.7283556265388966,0.0,0.097104166928149,0.2853418167313624,0.7245701304296737,0.7197549770290965,0.0,0.0,0.0848775579366448,0.3716009157087658,1.230512030420245,1.0806661462399163,0.1156941241693971,24535700000.0,18534800000.0,7805200000.0,4078400000.0,5655500000.0,3046600000.0,0.323763946738028,0.9137897214593956,0.8563316483949321,0.0,0.3181160513048334,0.0980759105965441,14464000000.0,2277000000.0,2222000000.0,0.2814435840707965,0.7911286780851998,0.371107110711071,0.0423203626672314,0.0626148088498822,standalone,12,6,6,12,97,109,10,1,1.0,1.1,1.1,1.1,0,2026-08-05 11:15:17+00:00,2026-09-30 12:12:04+00:00,0.5925579008236629,0,0.0,"[""defence_aerospace"", ""pharma_specialty"", ""renewables""]",Analysts/Institutional Investor Meet/Con. Call Updates,https://nsearchives.nseindia.com/corporate/NAVINFLUOR_11082026154547_NFILIntimationofTranscriptofEarningsCallQ1FY27.pdf,2026-08-11 10:15:57+00:00,utilisation_ramp_or_repeat_order,"[""capacity"", ""commissioning"", ""product""]","[""defence_aerospace"", ""renewables"", ""pharma_specialty""]",,,,,,,,,,,,,,,,,,,,,,,,,,,,,,,,,,,,,,,,,,,,,,,,,,,,,,,,,,,,,,,,,,,,,,,,,,,,,,,,,,,,,,,,,,,,,,,,,,,,,,,,,,,,,,,0.5132477440400283,GDELT_PLUS_GOOGLE_NEWS,0.817445522479125,0.9651559625372292,0.9185808239240201,0.8993461338272746,0.8868852844848526,1.0,1.0,99.0,0.661993196690834,True,2453.57,False,False,True,0.0,0.5132477440400283,1.0,0.8868852844848526,0.9,0.0,0.9323986393381668,0.6004924521153745,0.5,0.0,0.5803939616922996,0.0,True,False,False,False,0.5462859594590327,0.0,0.5842291025090316,0.5803939616922996,True,True,False,PRE_OBVIOUS_DISCOVERY,True,0.5803939616922996,B,22
HAL,7,6,2,0.4878961438883448,0.4878961438883448,1.1,0.0,0.999998984368529,0.2499997460921322,258942.0,11.0,2026-10-01 21:00:00+00:00,True,2026-06-30,55152800000.0,,21252800000.0,15806100000.0,3400000.0,,21256200000.0,0.3854056367038482,0.2865874443364616,-0.6044500162084783,-0.6222504230118444,0.0,-0.618804920913884,0.0,-0.0145134643423875,0.1444531596923932,0.1477398976146389,0.0,0.150239721209104,0.0,0.0019388770745367,0.0507365134529329,0.0914225953281147,0.0804981819544925,0.0,0.0,0.0147548467128651,0.1077706850747053,0.1641698125375148,0.2022880915236609,0.015870829956238,337859300000.0,314524900000.0,123954500000.0,110884200000.0,92791300000.0,82583600000.0,0.0741893567091189,0.1178734211005716,0.1236044444659714,0.0,0.3668820127194959,0.014336951899192,308130700000.0,107241800000.0,82164400000.0,0.0207515836623874,0.033964368371288,0.0051019663017073,0.0534377730467314,0.0045050894704838,standalone,12,6,6,12,53,65,6,2,1.1,1.1,1.1,1.1,5,2026-02-12 07:49:41+00:00,2026-08-12 08:41:48+00:00,0.0,0,0.0,"[""defence_aerospace"", ""renewables""]",Credit Rating,https://nsearchives.nseindia.com/corporate/HAL_10032026121105_CreditRating_10032026.pdf,2026-03-10 06:41:17+00:00,utilisation_ramp_or_repeat_order,"[""capacity"", ""commissioning"", ""order""]","[""defence_aerospace"", ""renewables""]",,,,,,,,,,,,,,,,,,,,,,,,,,,,,,,,,,,,,,,,,,,,,,,,,,,,,,,,,,,,,,,,,,,,,,,,,,,,,,,,,,,,,,,,,,,,,,,,,,,,,,,,,,,,,,,0.4114339188445192,GDELT_PLUS_GOOGLE_NEWS,0.5471963785525424,0.6094925081904111,0.5787607887846862,0.524594137241198,0.5656929568117367,1.0,1.0,99.0,0.661993196690834,True,33785.93,False,False,True,1.0,0.4114339188445192,1.0,0.5656929568117367,0.95,0.0,0.9323986393381668,0.7231990377059466,0.5,0.0,0.5785592301647573,0.0,True,False,False,False,0.7658064950212028,0.0,0.5328199758962829,0.5785592301647573,True,True,False,PRE_OBVIOUS_DISCOVERY,True,0.5785592301647573,C,23
SOLEX,8,8,1,0.7996888390291189,0.7996888390291189,1.1,0.0,0.999998984368529,0.2499997460921322,4000.0,28.205128205128204,2026-10-06 09:04:40+00:00,True,2026-06-30,2608240000.0,,111210000.0,82560000.0,124840000.0,,236050000.0,0.0905016409532865,0.0316535288163665,-0.7054606722286716,-0.8598040381055885,0.0,-0.7325606426248825,0.0,-0.0091706464400544,-0.3297271793490677,,,-0.540765902476226,0.0,-0.0415895745779316,,,,,,,,,,,,,,,,,,,,,,,,,,,,,,,consolidated,5,5,0,11,0,11,8,1,1.1,1.1,1.0,1.1,1,2026-08-14 09:52:20+00:00,2026-10-06 09:04:40+00:00,0.6407974190359774,0,0.0,"[""battery_bess"", ""industrial_automation"", ""renewables""]",Analysts/Institutional Investor Meet/Con. Call Updates,https://nsearchives.nseindia.com/corporate/SOLEX_17082026100305_Investor_Presentation.pdf,2026-08-17 04:34:17+00:00,commercial_production_or_purchase_order,"[""capacity"", ""commissioning"", ""order"", ""product"", ""approval"", ""policy""]","[""battery_bess"", ""renewables"", ""industrial_automation""]",2026-10-05,INE880Y01017,682.2,682.2,47204568.09285715,1364.4,0.2756946845843939,0.0324688255351736,0.2908799564955603,0.1116227667466293,0.1602623907984798,0.1201924246724981,0.0233869525146959,0.0319098596809928,0.0422458858408581,0.0233869525146959,0.4280755982546753,0.0596225255223679,0.4280755982546753,0.3838156078227129,0.0974297353014444,0.1578542883492161,0.2908799564955603,0.0324688255351736,0.1578542883492161,0.4280755982546753,False,,,N100_drop0.50_s0.20_c0.05,1.0,0.0,0.0,False,False,1.0068271698186462,1.0170734897113791,-0.0865463796488452,-0.1149304575594532,False,,,-0.064133342478908,-0.3301256873527101,-0.3340491995314331,,0.0459085533053286,0.5539224978960102,0.2666666666666666,0.6903139490723051,0.6788494752089228,0.15,0.1,,0.1377146725455889,0.2900820035811269,0.0,0.6880730254482033,0.0,0.0,0.0,0.0,0.0,0.0,0.0,0.0,0.0,0.0,0.0,0.0,0.1032166648013819,2.0,3.0,0.0,0.0,66.15,0.0,2.75934772648451,0.0,0.9321100917431192,0.0,0.0,0.6370189637432051,0.254807585497282,0.4747338537970191,0.0,1.0,0.5201832465893858,0.4593863268757062,True,False,True,True,True,0.0324688255351736,-3.394467231361,0.9321100917431192,0.0,0.5937718047367856,0.0,0.4272533711852377,0.5274413945226145,0.8899929027679205,0.5034260839393303,0.8410220014194464,0.5048252403375115,0.879347054648687,0.8680624556422994,True,0.6838014056462423,0.4114339188445192,GDELT_PLUS_GOOGLE_NEWS,,,,,0.5,0.4166666666666667,0.7375,99.0,0.661993196690834,True,1043.296,False,False,True,1.0,0.4114339188445192,1.0,0.36875,0.9,0.2739181544095782,0.8157319726715001,0.7100188391932613,0.4747338537970191,0.0,0.571347182386862,-0.3301256873527101,True,False,False,False,0.708599996872081,0.0,0.5878116546786398,0.571347182386862,True,True,False,PRE_OBVIOUS_DISCOVERY,True,0.571347182386862,C,24
KPEL,21,4,11,0.7329999644528986,0.7329999644528986,1.1,0.0,0.999998984368529,0.2499997460921322,17600.0,220.00000000000003,2026-10-02 07:00:00+00:00,True,2026-06-30,5194646000.0,,374436000.0,262003000.0,154301000.0,,528737000.0,0.1017849917010706,0.0504371231456388,-0.1778151659517892,-0.667557399618076,0.0,-0.5752495545533565,0.0,-0.0952391136470561,1.366881090179075,0.0257049683483598,0.0,0.1988522478890613,0.0,-0.0991680219380143,0.8548966129707389,0.510849925758958,0.4694301910184526,0.0,0.0,-0.0350801781901101,,,,,,,,,,,,,,,,,,,,,,,,,consolidated,7,6,1,12,2,14,4,11,1.0,1.1,1.1,1.0,5,2026-08-11 07:21:17+00:00,2026-09-30 09:51:58+00:00,0.7587047832782305,1,0.2500000000000001,"[""battery_bess"", ""ev_auto"", ""green_hydrogen"", ""power_td"", ""renewables""]",Analysts/Institutional Investor Meet/Con. Call Updates,https://nsearchives.nseindia.com/corporate/KPENERGY_19082026184949_17_KPE_Transcript_Earning_Call_12082026_Exchange_Signed.pdf,2026-08-19 13:20:11+00:00,commercial_production_or_purchase_order,"[""capacity"", ""commissioning"", ""order""]","[""renewables"", ""power_td""]",2026-10-05,INE127T01021,213.74,213.74,83590623.88047619,427.48,0.3124644797524223,0.0398138137979828,0.277397201308247,0.1435263716079861,0.1621262825759057,0.0049404793709054,0.0291278632116883,0.0392609542099865,0.0511150221217376,0.0291278632116883,0.4525546129955856,0.0615296687231506,0.4525546129955856,0.4484116684978271,0.0440933305932768,0.1648675171736997,0.277397201308247,0.0398138137979828,0.1648675171736997,0.4525546129955856,False,,,N100_drop0.50_s0.20_c0.05,1.0,0.0,0.0,False,False,1.0068271698186462,1.0170734897113791,-0.0865463796488452,-0.1149304575594532,False,,,-0.1127070447092032,-0.3401049706699598,-0.258182070593135,-0.4974961796167861,0.00066127884745,-0.0391083881328554,0.3166666666666666,0.0912254306865281,0.342893431987937,0.2,0.05,,0.0,0.0,0.2975918267722983,0.0,0.0,0.0,0.0,0.0,0.0,0.0,0.0,0.0,0.0,0.0,0.0,0.0,0.0933943004771655,1.0,1.0,0.0,0.0,45.31,-0.1299999999999954,1.1219897834653727,0.0,0.6477064220183486,0.0,0.0,0.3572246720512909,0.1428898688205163,0.4854506742370476,0.0,1.0,0.4704355926188787,0.3403994434424241,True,False,True,True,True,0.0398138137979828,-3.182913277194351,0.6477064220183486,0.0,0.2313767141910196,0.0,0.5762952448545068,0.5294847829114842,0.8942512420156139,0.5185493818712328,0.8892831795599716,0.5055368573104847,0.8821859474804826,0.88708303761533,True,0.7468031405251951,0.5132477440400283,GDELT_PLUS_GOOGLE_NEWS,0.7295859722170156,,,,0.7295859722170156,0.5833333333333334,0.8125,99.0,0.661993196690834,True,2077.8584,False,False,True,1.0,0.5132477440400283,1.0,0.5927886024263251,1.0,0.15360660898205505,0.8490653060048334,0.7616795775253862,0.4854506742370476,0.0,0.5687989494582083,-0.258182070593135,True,False,False,False,0.7921087860601703,0.0,0.599167281215805,0.5687989494582083,True,True,False,PRE_OBVIOUS_DISCOVERY,True,0.5687989494582083,C,25
VASCONEQ,8,6,3,0.5633333333333334,0.5633333333333334,1.1,0.0,0.99177025295098,0.247942563237745,2850.0,,2026-09-25 06:30:00+00:00,True,2026-06-30,1518800000.0,,23800000.0,19300000.0,60500000.0,,84300000.0,0.0555043455359494,0.0127074005794047,-0.3995888678051865,-0.677257525083612,0.0,-0.4428288169200264,0.0,-0.0043074824210398,-0.3124801955547508,-0.9119927040583676,0.0,-0.7321258341277407,0.0,-0.0869518583479851,-0.332013332013332,-0.6758392955421024,-0.8597020219936148,0.0,0.0,-0.0617262894705835,-0.0396552421802289,-0.0616010854816825,-0.7503274199309442,-0.0017037549522996,8795000000.0,11003200000.0,581400000.0,1095300000.0,288800000.0,1403700000.0,-0.2006870728515341,-0.4691865242399342,-0.7942580323430932,0.0,0.0661057418988061,-0.0334380271865508,8104800000.0,835800000.0,593400000.0,0.3576152403513968,0.3104809763101219,1.365520728008089,-0.5583023132029309,-0.0035803055370889,standalone,12,6,6,12,112,124,6,3,1.1,0.0,1.1,1.1,3,2026-05-11 12:34:20+00:00,2026-08-19 08:18:49+00:00,0.38970484970783303,2,0.10000000000000009,"[""railways""]",Bagging/Receiving of orders/contracts,https://nsearchives.nseindia.com/corporate/VASCONEQ_18052026160330_18052026LetterofIntent_Sd.pdf,2026-05-18 10:33:54+00:00,commercial_production_or_purchase_order,"[""order""]",[],2026-10-05,INE893I01013,32.27,32.27,15985994.83111111,64.54,0.3057186945762996,0.0383975978622452,0.2715258281095327,0.1414141635423197,0.1800300235680618,0.0794864929979172,0.0279761191263056,0.037935404675903,0.0492682766867832,0.0279761191263056,0.4090146892294389,0.0863558999185712,0.4090146892294389,0.412412878835229,0.1039495742488879,0.1578542883492161,0.2715258281095327,0.0383975978622452,0.1578542883492161,0.4090146892294389,False,,,N100_drop0.50_s0.20_c0.05,1.0,0.0,0.0,False,False,1.0068271698186462,1.0170734897113791,-0.0865463796488452,-0.1149304575594532,False,,,0.0738768718801996,0.0074929753356229,-0.0131498470948011,-0.4761363636363636,0.0713792134349919,0.7896217879427749,0.4666666666666667,0.7576309022986605,0.7664073184305022,0.4,0.25,,0.2043004402936915,0.0,0.0,0.3252630459837726,0.0,0.0,0.0,0.0,0.0,0.0,0.0,0.0,0.0,0.0,0.0,0.0,0.0,1.0,1.0,0.0,0.0,30.38,-0.7300000000000004,1.0427367413853954,0.0,0.6018348623853211,0.0,0.0,0.8324977628593098,0.3329991051437239,0.6735982966643009,0.0,1.0,0.4206174591909155,0.3981591889085861,True,False,True,True,True,0.0383975978622452,-3.2206061598749165,0.6018348623853211,0.0,0.5010261765465204,0.0,0.5521646557842441,0.5043421554788309,0.8239886444286728,0.5090297139520398,0.8608942512420156,0.4909036268705416,0.7615330021291696,0.8088005677785663,True,0.6897480482611781,0.2588559614607049,GDELT_PLUS_GOOGLE_NEWS,0.18717925827210602,0.4062501296150917,0.21985676306001473,0.875830091308986,0.3517801020209662,1.0,1.0,99.0,0.661993196690834,True,879.5,False,False,True,1.0,0.2588559614607049,1.0,0.3517801020209662,1.0,0.35797403802950317,0.9323986393381668,0.7075846095091024,0.6735982966643009,0.0,0.567137950204869,0.0074929753356229,True,False,False,False,0.7249691874866039,0.0,0.5404870633069722,0.567137950204869,True,True,False,PRE_OBVIOUS_DISCOVERY,True,0.567137950204869,C,26
WAAREEENER,6,6,1,0.619972642048527,0.619972642048527,1.0,0.0,0.999998984368529,0.2499997460921322,,36.0655737704918,2026-09-30 14:28:10+00:00,True,2026-06-30,79317900000.0,,12103800000.0,8918700000.0,703700000.0,,12807500000.0,0.1614704877461455,0.1124424625462852,-0.0646749801008225,-0.208113579457674,0.0,-0.1202673370700077,0.0,-0.0102036963875769,0.7921587589220553,0.1539416993362574,0.0,0.298131987310082,0.0,-0.0614504107067999,0.9469166381961052,0.4457816685245745,0.4238654964158717,0.0,0.0,-0.0577961838957234,0.9384726092611066,1.5470301044494923,1.249203090914942,0.0558222471184444,300427300000.0,154614250000.0,59212100000.0,31431368000.0,40031300000.0,22998948000.0,0.9430763981974496,0.8838537349058431,0.740570916548009,0.0,0.1970929406215746,-0.0061960059017891,,,,,,,,,consolidated,8,6,2,15,4,19,6,1,0.85,1.0,0.0,0.0,0,2026-08-28 08:59:57+00:00,2026-09-30 14:28:10+00:00,0.9127770287873602,2,1.0,"[""battery_bess"", ""renewables""]",Updates,https://nsearchives.nseindia.com/corporate/WAAREE_30092026195755_Capacityaddition_Signed.pdf,2026-09-30 14:28:10+00:00,commercial_production_or_purchase_order,"[""commissioning""]","[""renewables""]",,,,,,,,,,,,,,,,,,,,,,,,,,,,,,,,,,,,,,,,,,,,,,,,,,,,,,,,,,,,,,,,,,,,,,,,,,,,,,,,,,,,,,,,,,,,,,,,,,,,,,,,,,,,,,,0.4114339188445192,GDELT_PLUS_GOOGLE_NEWS,0.6970998230371396,0.9668666853388332,0.877074108181849,,0.8187899084540398,0.6666666666666666,0.8500000000000001,99.0,0.661993196690834,True,30042.73,False,False,True,0.24043715846994537,0.4114339188445192,1.0,0.6959714221859339,0.645,0.0,0.8657319726715001,0.5641167113829244,0.5,0.0,0.5512933691063395,0.0,True,False,False,False,0.5028405922390691,0.0,0.58644346007069,0.5512933691063395,True,True,False,PRE_OBVIOUS_DISCOVERY,True,0.5512933691063395,C,31
MBEL,17,7,7,0.7756860730557911,0.7756860730557911,1.1,0.0,0.999998984368529,0.2499997460921322,1259.0,83.33333333333333,2026-10-01 20:15:00+00:00,True,2026-06-30,2910992000.0,,292670000.0,219015000.0,28046000.0,,320716000.0,0.1101741262085227,0.0752372387145,-0.1996320111782378,-0.1888543630350324,0.0,-0.1803749591102388,0.0,0.0025885359513182,0.2248953618374407,0.2202888376291245,0.0,0.0652716190855795,0.0,-0.0165088471942173,,,,,,,,,,,,,,,,,,,,,,,,,,,,,,,consolidated,5,5,0,12,0,12,7,7,1.1,1.1,1.1,1.1,5,2026-08-10 07:24:20+00:00,2026-09-17 08:02:43+00:00,0.7647808988975565,4,1.1,"[""data_centres"", ""renewables""]",Investor Presentation,https://nsearchives.nseindia.com/corporate/MBENG_10082026131722_intimation_IP.pdf,2026-08-10 07:48:48+00:00,commissioned_or_loa,"[""capacity"", ""commissioning"", ""approval""]","[""renewables""]",2026-10-05,INE08N601015,247.63,247.63,51593627.75095238,495.26,0.2719631725949633,0.0317727059451805,0.2534436710788037,0.1253639746060236,0.1602218706984134,0.0681146725220885,0.0227572244090461,0.0311239343584095,0.0416155378522489,0.0227572244090461,0.4104071477112045,0.0763088834375952,0.4104071477112045,0.400701548887841,0.0946734441334433,0.1578542883492161,0.2534436710788037,0.0317727059451805,0.1578542883492161,0.4104071477112045,False,,,N100_drop0.50_s0.20_c0.05,1.0,0.0,0.0,False,False,1.0068271698186462,1.0170734897113791,-0.0865463796488452,-0.1149304575594532,False,,,-0.100998366309675,-0.2018372280419017,-0.153691045796309,-0.4014984894259819,-0.0337192902957078,-0.3682091385454228,0.4666666666666667,-0.3090992261326157,0.3127742435173126,0.1,0.0,,0.0,0.2683751663928265,0.0,0.2240175010281416,0.0,0.0,0.0,0.0,0.0,0.0,0.0,0.0,0.0,0.0,0.0,0.0,0.0,2.0,1.0,0.0,0.0,,,1.619990917318154,0.0,0.7908256880733945,0.0,0.0,0.1753548616039744,0.0701419446415897,0.4364797728885735,0.0,1.0,0.3950674237047551,0.3787123407192296,True,False,True,True,True,0.0317727059451805,-3.4168592499993773,0.7908256880733945,0.0,0.1386751290849779,0.0,0.4144783534421575,0.5123524070578441,0.8481192334989354,0.4836386916568838,0.7274662881476224,0.5028659628131968,0.8694109297374024,0.8154719659332861,True,0.655667139815472,0.5132477440400283,GDELT_PLUS_GOOGLE_NEWS,,,,,0.5801118564580989,0.4166666666666667,0.7375,99.0,0.661993196690834,True,1164.3968,False,False,True,1.0,0.5132477440400283,1.0,0.42783249413784796,1.0,0.07540259048970897,0.8157319726715001,0.7287653205157648,0.4364797728885735,0.0,0.5387028170939462,-0.153691045796309,True,False,False,False,0.7436262247301002,0.0,0.5730190201162781,0.5387028170939462,True,True,False,PRE_OBVIOUS_DISCOVERY,True,0.5387028170939462,C,34
JNPR,20,20,1,0.5983332977862319,0.5983332977862319,1.1,0.0,0.999998984368529,0.2499997460921322,21000.0,,2026-10-06 15:33:29+00:00,True,2026-06-30,1136320000.0,,100480000.0,74470000.0,512150000.0,,612630000.0,0.5391351027879471,0.0655361165868769,,,,,,,,,,,,,,,,,,,,,,,,,,,,,,,,,,,,,,,,,,,standalone,1,1,0,2,0,2,20,1,1.1,1.1,0.0,1.1,4,2026-08-31 19:44:22+00:00,2026-10-06 15:33:29+00:00,0.9893978241192057,4,1.1,"[""battery_bess"", ""power_td"", ""renewables""]",Commencement of commercial production/operations,https://nsearchives.nseindia.com/corporate/JGEL2025_01102026214736_2026_10_01_JGEL_Reg_30_Letter_2026-_Stellar.pdf,2026-10-01 16:17:54+00:00,commercial_production_or_purchase_order,"[""commissioning""]","[""battery_bess"", ""renewables""]",,,,,,,,,,,,,,,,,,,,,,,,,,,,,,,,,,,,,,,,,,,,,,,,,,,,,,,,,,,,,,,,,,,,,,,,,,,,,,,,,,,,,,,,,,,,,,,,,,,,,,,,,,,,,,,0.5132477440400283,GDELT_PLUS_GOOGLE_NEWS,,,,,0.5,0.08333333333333333,0.5875,99.0,0.661993196690834,True,454.528,False,True,True,1.0,0.5132477440400283,1.0,0.29375,0.75,0.0,0.7490653060048335,0.668453512287495,0.5,0.0,0.534762809829996,0.0,True,False,False,False,0.6496688050044862,0.0,0.5818241215136157,0.534762809829996,True,True,False,PRE_OBVIOUS_DISCOVERY,True,0.534762809829996,C,35
TIMETECHNO,4,4,1,0.7072813343296764,0.7072813343296764,1.0,0.0,0.999998984368529,0.2499997460921322,38.0,,2026-09-17 13:38:36+00:00,True,2026-06-30,16927100000.0,,1575700000.0,1178600000.0,168800000.0,,1744500000.0,0.1030595908336336,0.0696279929816684,0.0095665813785659,-0.122477849750577,0.0,-0.1230142770963201,0.0,-0.0155803323474335,0.2514028019073671,0.2207146556188504,0.0,0.1540751521566552,0.0,-0.0086914164483683,0.1942269590520984,0.1564097004986526,0.2102610865809175,0.0,0.0,-0.0036238293897248,0.1151523061640309,0.169368166793796,0.2156106247217688,0.0055458855314736,64452600000.0,55796500000.0,7413000000.0,6375100000.0,4979300000.0,4105300000.0,0.1551369709569596,0.1628052893287948,0.2128955252965678,0.0,0.1150147550292773,0.0007584844746726,51432300000.0,5638200000.0,3392900000.0,0.0848532925807323,0.1306977404136071,0.2099678740900115,0.0702836783762272,0.0046325516075616,consolidated,12,6,6,12,141,153,4,1,0.85,1.0,0.85,1.0,0,2026-08-05 16:16:49+00:00,2026-09-17 13:38:36+00:00,0.7671630485896119,5,1.0,"[""defence_aerospace"", ""green_hydrogen"", ""industrial_automation"", ""power_td"", ""railways"", ""renewables""]",Investor Presentation,https://nsearchives.nseindia.com/corporate/TIMETECHNO_05082026214633_EarningsPresentation.pdf,2026-08-05 16:16:49+00:00,commissioned_or_loa,"[""capacity"", ""commissioning"", ""order"", ""product"", ""approval""]","[""defence_aerospace"", ""railways"", ""renewables"", ""power_td"", ""green_hydrogen""]",2026-10-05,INE508G01029,178.71,178.71,667311291.2280952,357.42,0.2555016723728447,0.0288032574769019,0.1735687618382497,0.165947242878554,0.1601748200577316,0.0992142239152634,0.0202872715803076,0.0281373121277689,0.038646907323539,0.0202872715803076,0.4290888156809425,0.0494097573115904,0.4290888156809425,0.3880678327618153,0.0788734359580005,0.1578542883492161,0.1735687618382497,0.0288032574769019,0.1578542883492161,0.4290888156809425,False,,,N100_drop0.50_s0.20_c0.05,1.0,0.0,0.0,False,False,1.0068271698186462,1.0170734897113791,-0.0865463796488452,-0.1149304575594532,False,,,-0.0562420785804816,0.0121198391572747,0.051482701812191,-0.2501416133431238,-0.0602820249662399,-0.3438497250001617,0.5333333333333333,-0.2955215688436299,0.5910884963719217,0.25,0.0,,0.0,0.4093653765389909,0.6549846024623855,0.0,0.0,0.0,0.0,0.0,0.0,0.0,0.1025410276809149,0.0,0.0,0.0,0.0,0.0,0.0,3.0,1.0,0.0,0.0,,,2.8344936948414765,0.0,0.9357798165137616,0.0,0.0,0.3495564229950319,0.1398225691980127,0.453584102200142,0.0,1.0,0.1220014194464158,0.4895367753823715,True,False,True,True,True,0.0288032574769019,-3.518040578642693,0.9357798165137616,0.0,0.3271078453714978,0.0,0.36124911284599,0.48124506932645,0.7139815471965933,0.4784527997469893,0.6792051100070973,0.5173292304142875,0.921220723917672,0.7950674237047551,True,0.652721788502484,0.5132477440400283,GDELT_PLUS_GOOGLE_NEWS,0.59275593780981,0.6071794023070811,0.623333414286005,0.6105360435466545,0.6051443150898935,1.0,1.0,99.0,0.661993196690834,True,6445.26,False,False,True,0.005895805599774097,0.5132477440400283,1.0,0.6051443150898935,0.7725,0.1503092618878637,0.9323986393381668,0.5618408875968258,0.453584102200142,0.0,0.5304294169617758,0.051482701812191,True,False,False,False,0.4596349218846183,0.0,0.551566715029502,0.5304294169617758,True,True,False,PRE_OBVIOUS_DISCOVERY,True,0.5304294169617758,C,36
LT,2,1,2,0.3858570030476781,0.139742549127135,0.7,0.0,0.999998984368529,0.2499997460921322,778954.0,,2026-09-29 07:00:00+00:00,True,2026-06-30,360240700000.0,,51800500000.0,44552600000.0,3523700000.0,,55324200000.0,0.1535756509467142,0.1236745320559281,-0.2366303559629979,0.2511541961066241,0.0,-0.0246877016320961,0.0,0.0333731371548486,0.0762857577351914,0.2783002897885405,0.0,0.2255566311713455,0.0,0.0187052731569259,0.2156148980184211,0.380220689859057,0.3575977021616752,0.0,0.0,0.0160584097974343,0.1199665138531447,0.071320475700179,-1.1532137775131448,-0.0048204950844224,1562335100000.0,1336521200000.0,189565800000.0,153538300000.0,72570900000.0,108591300000.0,0.16895646698309,0.2346482929666409,-0.3317061311541532,0.0,0.1213349172018218,0.0064558565479391,,,,,,,,,standalone,11,5,6,16,129,145,1,2,0.7,0.0,0.0,0.0,1,2026-07-28 11:48:41+00:00,2026-07-28 11:48:41+00:00,0.29119688043733805,1,0.15,"[""renewables""]",Outcome of Board Meeting,https://nsearchives.nseindia.com/corporate/PAM_28072026171704_LTJune2026.pdf,2026-07-28 11:48:41+00:00,unspecified_or_early,"[""order""]","[""renewables""]",,,,,,,,,,,,,,,,,,,,,,,,,,,,,,,,,,,,,,,,,,,,,,,,,,,,,,,,,,,,,,,,,,,,,,,,,,,,,,,,,,,,,,,,,,,,,,,,,,,,,,,,,,,,,,,0.4114339188445192,GDELT_PLUS_GOOGLE_NEWS,0.6607074839954072,0.48896717442811666,0.6021566201600203,,0.5964189543967013,0.9166666666666666,0.9625,99.0,0.661993196690834,True,156233.51,False,False,True,1.0,0.4114339188445192,0.7,0.5740532436068251,0.59,0.0,0.6440653060048335,0.597869477857259,0.5,0.0,0.5282955822858072,0.0,True,False,False,False,0.6670632333866415,0.0,0.5143346458824791,0.5282955822858072,True,True,False,PRE_OBVIOUS_DISCOVERY,True,0.5282955822858072,C,37
HILINFRA,10,10,1,0.7144557300200314,0.7144557300200314,1.0,0.0,0.999998984368529,0.2499997460921322,1614.06,,2026-10-01 10:33:35+00:00,True,2026-06-30,3032825000.0,,15409000.0,10596000.0,25782000.0,,41191000.0,0.0135817266080304,0.0034937723079966,0.1043513882567137,-0.878069549607604,0.0,-0.7319393738245381,0.0,-0.0423720285125885,1.709062260218971,-0.8527208284105914,0.0,-0.6409494255678946,0.0,-0.088893371894798,,,,,,,,,,,,,,,,,,,,,,,,,,,,,,,consolidated,5,5,0,15,0,15,10,1,1.0,0.0,0.2,1.0,2,2026-07-27 09:46:05+00:00,2026-10-01 10:33:35+00:00,0.5999642511091502,0,0.0,"[""ev_auto"", ""renewables""]",Investor Presentation,https://nsearchives.nseindia.com/corporate/HIGHWAY123_14082026173858_HIL_Presentation_Q1_14082026.pdf,2026-08-14 12:09:08+00:00,commercial_production_or_purchase_order,"[""capacity"", ""order""]","[""ev_auto"", ""renewables""]",,,,,,,,,,,,,,,,,,,,,,,,,,,,,,,,,,,,,,,,,,,,,,,,,,,,,,,,,,,,,,,,,,,,,,,,,,,,,,,,,,,,,,,,,,,,,,,,,,,,,,,,,,,,,,,0.4114339188445192,GDELT_PLUS_GOOGLE_NEWS,,,,,0.4226934261383857,0.4166666666666667,0.7375,99.0,0.661993196690834,True,1213.13,False,False,True,1.0,0.4114339188445192,1.0,0.31173640177705947,0.78,0.0,0.8157319726715001,0.6602451200010918,0.5,0.0,0.5281960960008735,0.0,True,False,False,False,0.6566506895958668,0.0,0.537833078071266,0.5281960960008735,True,True,False,PRE_OBVIOUS_DISCOVERY,True,0.5281960960008735,C,38
INTERARCH,10,10,1,0.7304860624453661,0.7304860624453661,1.0,0.0,0.999998984368529,0.2499997460921322,1864.0,70.0,2026-09-24 09:54:31+00:00,True,2026-06-30,4596462000.0,,375524000.0,282460000.0,8200000.0,,383724000.0,0.0834824697778421,0.0614516121312435,-0.0873107243713183,-0.2282935358723566,0.0,-0.2872776712878349,0.0,-0.0234224941888515,0.2071336634846468,-0.0046830567780992,0.0,-0.0012727315317284,0.0,-0.0174204521321891,0.1409216432119229,0.0305344023317097,-0.0329998061466426,0.0,0.0,-0.0102540821449257,0.4756440746760337,0.484899861283625,0.4231222578744025,0.0006043074583658,19768723000.0,15311779000.0,1904796000.0,1556576000.0,1343920000.0,1159282000.0,0.2910794362954167,0.2237089612071623,0.1592692718423989,0.0,0.0963540234743539,-0.0053047060566822,,,,,,,,,standalone,9,6,3,8,3,11,10,1,1.0,1.0,0.0,1.0,2,2026-07-09 08:22:10+00:00,2026-09-24 09:54:31+00:00,0.6303503963131291,1,0.15000000000000002,"[""battery_bess"", ""data_centres"", ""ev_auto"", ""renewables"", ""semiconductor_electronics""]",Investor Presentation,https://nsearchives.nseindia.com/corporate/INTERARCH1983_07082026135940_Investor_PPT_Q1_FY_27.pdf,2026-08-07 08:29:50+00:00,commissioned_or_loa,"[""capacity"", ""commissioning"", ""order""]","[""battery_bess"", ""ev_auto"", ""renewables""]",2026-10-05,INE00M901018,1661.7,1661.7,87894148.67936508,3323.4,0.1925505716198106,0.018846136952325,0.1913808476203226,0.098474519193862,0.1820569934969209,0.0208806359718592,0.0120610244361221,0.0184471986343106,0.0267780915726785,0.0120610244361221,0.3881517498757494,0.0808605462486771,0.3881517498757494,0.3198811882623483,0.1280519489891905,0.1130612244897959,0.1913808476203226,0.018846136952325,0.1130612244897959,0.3881517498757494,False,,,N100_drop0.50_s0.20_c0.05,1.0,0.0,0.0,False,False,1.0068271698186462,1.0170734897113791,-0.0865463796488452,-0.1149304575594532,False,,,-0.023218904302845,-0.0775507938270234,-0.0912720113748222,-0.2059160852527954,0.0026313603061628,-0.074313737371487,0.4333333333333333,-0.0555979780880684,0.4238374168390597,0.15,0.1,,0.0,0.6305488708077426,1.008878193292388,0.2516687183567611,0.0,0.0,0.0,0.0,0.0,0.0,0.0,0.0,0.0,0.0,0.0,0.0,0.0,3.0,4.0,0.0,0.0,59.43,0.0,4.718148458944313,0.0,0.98348623853211,0.0,0.0,0.3917153109998916,0.1566861243999566,0.3132008516678495,0.0,1.0,0.1903477643718949,0.4861596350972283,True,False,True,True,True,0.018846136952325,-3.95242133365716,0.98348623853211,0.0,0.385246617790719,0.0,0.0773598296664301,0.5017513650796995,0.8112136266855926,0.4908919313121413,0.7785663591199432,0.5419400010636778,0.9680624556422996,0.8703690560681334,False,0.6134315117104329,0.5132477440400283,GDELT_PLUS_GOOGLE_NEWS,0.535863311826648,0.8326933910066996,0.6891980252130746,,0.6592450323822929,0.75,0.8875000000000001,99.0,0.661993196690834,True,1976.8723,False,False,True,0.9429035957456635,0.5132477440400283,1.0,0.585079966239285,0.75,0.16843758372995338,0.8823986393381669,0.7238061131682098,0.3132008516678495,0.0,0.5264572397183862,-0.0775507938270234,True,False,False,False,0.7271275878078375,0.0,0.5585043416468768,0.5264572397183862,True,True,False,PRE_OBVIOUS_DISCOVERY,True,0.5264572397183862,C,39
AVANTEL,3,1,3,0.518347779657447,0.1233253363810114,1.0,0.0,0.99177025295098,0.247942563237745,177.35,,2026-09-24 08:15:00+00:00,True,2026-06-30,704216000.0,,86989000.0,53946000.0,17550000.0,,104539000.0,0.1484473513808263,0.0766043373055994,0.1033458413956804,0.1298301463966322,0.0,0.1456077675009863,0.0,0.0054762818239877,0.3565363455640997,0.6716556660779027,0.0,0.7126591195792853,0.0,0.0308674866846435,0.3268919614802603,0.2835387439360168,0.0921461020480491,0.0,0.0,-0.0049260652961582,-0.2766150960391246,-0.7559411762800056,-0.8369043990535067,-0.2761855916882265,2413812000.0,2492752000.0,346449000.0,769842000.0,171791000.0,522910000.0,-0.0316678113185747,-0.5499738907464129,-0.6714711900709491,0.0,0.1435277478113457,-0.1653044184049485,,,,,,,,,consolidated,8,6,2,18,4,22,1,3,1.0,0.15,0.15,0.0,1,2026-09-18 09:54:02+00:00,2026-09-18 09:54:02+00:00,0.5818841756919674,2,0.15,"[""defence_aerospace""]",Outcome of Board Meeting,https://nsearchives.nseindia.com/corporate/AVANTEL_18092026152243_Outcome18092026F.pdf,2026-09-18 09:54:02+00:00,unspecified_or_early,"[""commissioning"", ""approval""]","[""defence_aerospace""]",2026-10-05,INE005B01027,147.59,147.59,328725652.42190474,295.18,0.2459227711857414,0.0271490276118351,0.1932569077345473,0.1404815379180458,0.1630531282707778,0.0793335160669686,0.0188911741096359,0.0266133975628401,0.0364522631248625,0.0188911741096359,0.4260828218138108,0.0519107937772153,0.4260828218138108,0.402740562031785,0.0813816385762494,0.1578542883492161,0.1932569077345473,0.0271490276118351,0.1578542883492161,0.4260828218138108,False,,,N100_drop0.50_s0.20_c0.05,1.0,0.0,0.0,False,False,1.0068271698186462,1.0170734897113791,-0.0865463796488452,-0.1149304575594532,False,,,-0.0569329073482427,-0.1791891440965463,0.0846623061659441,-0.1663936741033607,0.002796807350606,0.015746145180731,0.3833333333333333,0.1058550293410995,0.6845572029810573,0.2,0.15,,0.0220018785038002,0.0,0.0,0.3157461475966194,0.0,0.0,0.0,0.0,0.0,0.0,0.0,0.0,0.0,0.0,0.0,0.0,0.0,1.0,0.0,0.0,0.0,37.04,-0.0399999999999991,0.6841715328369575,0.0,0.436697247706422,0.0,0.0,0.6093059452990158,0.2437223781196063,0.4011355571327183,0.0,1.0,0.195457771469127,0.3245695212200521,True,False,True,True,True,0.0271490276118351,-3.578889677105626,0.436697247706422,0.0,0.2660822293232399,0.0,0.3278921220723917,0.4605429921897163,0.5479063165365508,0.4851547699663809,0.7402413058907026,0.4919719142371297,0.7743080198722498,0.7171043293115684,False,0.5807948899929026,0.3243052926541029,GDELT_PLUS_GOOGLE_NEWS,0.6436954181046947,0.08231792406148575,0.24481692596440957,,0.38473062758838966,0.6666666666666666,0.8500000000000001,99.0,0.661993196690834,True,241.3812,False,False,True,0.7347299623997229,0.3243052926541029,1.0,0.3270210334501312,0.8724999999999999,0.2620015564785768,0.6990653060048335,0.6292533646008547,0.4011355571327183,0.0,0.5179931813896973,0.0846623061659441,True,False,False,False,0.5921113847722722,0.0,0.5323538452627639,0.5179931813896973,True,True,False,PRE_OBVIOUS_DISCOVERY,True,0.5179931813896973,C,41
NGLFINE,5,5,1,0.7561612468997386,0.7561612468997386,1.0,0.0,0.9877226600969315,0.2469306650242329,222.0,,2026-09-24 09:58:11+00:00,True,2026-06-30,1391628000.0,,244768000.0,183972000.0,9851000.0,,254619000.0,0.1829648440531521,0.132199122179203,-0.0674784631796763,0.3642107136501156,0.0,0.3529099207761914,0.0,0.0568524880563471,0.3357226636361716,0.990909681189533,0.0,0.9493855988975232,0.0,0.0575969902079876,0.4480831184272895,1.9334958563261413,2.25856729658739,0.0,0.0,0.0777499757361226,0.3570190384959801,1.312293708096957,1.282930392360203,0.0598067898739642,5361638000.0,3817395000.0,801503000.0,306073000.0,571989000.0,208736000.0,0.404527956892069,1.6186661352030396,1.7402508431703203,0.0,0.1494884585643417,0.0693099598761001,3586440000.0,577149000.0,420554000.0,0.0643967276742396,-0.4696811395324257,-0.5036642143458391,0.3401312292178293,-0.0807468200121967,consolidated,12,6,6,15,22,37,5,1,0.0,1.0,1.0,1.0,1,2026-05-22 17:18:14+00:00,2026-09-24 09:58:11+00:00,0.5463222096318585,0,0.0,"[""industrial_automation"", ""pharma_specialty""]",Analysts/Institutional Investor Meet/Con. Call Updates,https://nsearchives.nseindia.com/corporate/NGL2022_30052026225536_Reg_30_Trascript_of_the_Earning_Call_Signed.pdf,2026-05-30 17:26:12+00:00,commercial_production_or_purchase_order,"[""capacity"", ""commissioning"", ""approval""]","[""industrial_automation"", ""pharma_specialty""]",,,,,,,,,,,,,,,,,,,,,,,,,,,,,,,,,,,,,,,,,,,,,,,,,,,,,,,,,,,,,,,,,,,,,,,,,,,,,,,,,,,,,,,,,,,,,,,,,,,,,,,,,,,,,,,0.5132477440400283,GDELT_PLUS_GOOGLE_NEWS,0.889473785750571,0.9285302206259087,0.93362042718825,0.33323778003822246,0.8246318219000889,1.0,1.0,99.0,0.661993196690834,True,536.1638,False,False,True,0.4140525712478164,0.5132477440400283,1.0,0.8246318219000889,0.19999999999999998,0.0,0.9323986393381668,0.5823064301781145,0.5,0.0,0.5158451441424915,0.0,True,False,False,False,0.5149383651871867,0.0,0.5137405586065846,0.5158451441424915,True,True,False,PRE_OBVIOUS_DISCOVERY,True,0.5158451441424915,C,42
MAZDOCK,6,6,1,0.6852997849525676,0.6852997849525676,0.85,0.0,0.9999938557876468,0.2499984639469116,,,2026-10-02 07:23:31+00:00,True,2026-06-30,29427000000.0,,6864500000.0,5120400000.0,443400000.0,,7307900000.0,0.2483399599007714,0.174003466204506,-0.2357397562324855,-0.1908471737172294,0.0,-0.0903670695428123,0.0,0.0396883687632502,0.1207766635308635,0.2212364052661706,0.0,0.2867380357079974,0.0,0.032030482792769,0.1712224137931035,0.6340881494578532,0.6131463998872764,0.0,0.0,0.063971789654812,0.1067511799947462,0.1451757641558557,0.1711002437584217,0.0106221836879123,133234200000.0,117004500000.0,36015200000.0,27441200000.0,26918500000.0,20306800000.0,0.1387100496134763,0.3124498928618282,0.3255904426103571,0.0,0.2703149791870256,0.0357838286757204,96508400000.0,29352200000.0,21882000000.0,0.2123763320084055,-0.0651058523722242,-0.0719861073028059,-0.0736662823949292,-0.0696102506517024,consolidated,12,6,6,14,36,50,6,1,0.85,0.85,0.85,0.85,0,2026-03-10 12:30:08+00:00,2026-10-02 07:23:31+00:00,0.7003248874014896,1,0.0,"[""defence_aerospace"", ""power_td"", ""railways""]",Investor Presentation,https://nsearchives.nseindia.com/corporate/MAZDOCK_10032026175941_SE_Discl_Investor_Presentation.pdf,2026-03-10 12:30:08+00:00,commissioned_or_loa,"[""commissioning"", ""order"", ""approval""]","[""defence_aerospace"", ""power_td""]",,,,,,,,,,,,,,,,,,,,,,,,,,,,,,,,,,,,,,,,,,,,,,,,,,,,,,,,,,,,,,,,,,,,,,,,,,,,,,,,,,,,,,,,,,,,,,,,,,,,,,,,,,,,,,,0.5132477440400283,GDELT_PLUS_GOOGLE_NEWS,0.7447263919468571,0.5987051131301944,0.680746201579911,0.5782474428562157,0.670453191805706,1.0,1.0,99.0,0.661993196690834,True,13323.42,False,False,True,0.0,0.5132477440400283,0.85,0.670453191805706,0.7725,0.0,0.8798986393381668,0.5187419591402939,0.5,0.0,0.5149935673122351,0.0,True,False,False,False,0.46142793628924605,0.0,0.5292946537672792,0.5149935673122351,True,True,False,PRE_OBVIOUS_DISCOVERY,True,0.5149935673122351,C,43
CPPLUS,5,4,2,0.4436,0.4436,1.0,0.0,0.999998984368529,0.2499997460921322,2157.0,,2026-09-28 03:30:00+00:00,True,2026-06-30,14024190000.0,,1906320000.0,1422000000.0,43130000.0,,1949450000.0,0.1390062456370029,0.101396230370524,-0.0137901547718084,-0.1592166879523201,0.0,-0.1725875182506536,0.0,-0.0266781391399601,0.8950660575079354,3.3250806010097937,0.0,2.5721877118721714,0.0,0.0652626355202114,,,,,,,,,,,,,,,,,,,,,,,,,,,,,,,consolidated,5,5,0,14,0,14,4,2,1.0,1.0,1.0,1.0,2,2026-05-27 14:32:23+00:00,2026-08-18 11:28:33+00:00,0.513625958505445,1,0.8,"[""data_centres"", ""defence_aerospace"", ""ev_auto"", ""industrial_automation"", ""renewables""]",Analysts/Institutional Investor Meet/Con. Call Updates,https://nsearchives.nseindia.com/corporate/CPPLUS_03062026200053_signedtranscript.pdf,2026-06-03 14:31:23+00:00,management_intent,"[""capacity"", ""commissioning"", ""approval""]",[],,,,,,,,,,,,,,,,,,,,,,,,,,,,,,,,,,,,,,,,,,,,,,,,,,,,,,,,,,,,,,,,,,,,,,,,,,,,,,,,,,,,,,,,,,,,,,,,,,,,,,,,,,,,,,,0.5132477440400283,GDELT_PLUS_GOOGLE_NEWS,,,,,0.8850724827120136,0.4166666666666667,0.7375,99.0,0.661993196690834,True,5609.676,False,False,True,0.3845141858460274,0.5132477440400283,1.0,0.6527409560001101,0.95,0.0,0.8157319726715001,0.6359247995797954,0.5,0.0,0.5087398396638364,0.0,True,False,False,False,0.6014374664249886,0.0,0.5066537021989002,0.5087398396638364,True,True,False,PRE_OBVIOUS_DISCOVERY,True,0.5087398396638364,C,44
TTML,2,1,2,0.4413333333333333,0.328033118285901,1.0,0.0,0.9999938557876468,0.2499984639469116,,,2026-09-28 07:30:00+00:00,True,2026-06-30,3015700000.0,,-721500000.0,-721500000.0,2060900000.0,,1339400000.0,0.4441423218489903,-0.2392479358026329,0.020403329498545,-1.1241974076050472,-1.0,0.0039727156884792,0.0,-0.0072686546685707,0.0609322779243624,,0.0,0.1989974039924804,0.0,0.0511432013564661,0.0077465739553095,0.1902853835537152,,1.0,0.0,0.0686641356264305,-0.1417037573750129,0.1904323381155486,,0.1180592640438506,11775500000.0,12687900000.0,5129600000.0,4309300000.0,375300000.0,-12769000000.0,-0.0719110333467318,0.1903557422319171,,1.0,0.4356163220245425,0.0959777687572563,12296400000.0,4002700000.0,-12506600000.0,0.0318385869034838,0.0765982961500986,,-0.1037496202502157,0.0141205154676049,standalone,12,6,6,7,83,90,1,2,1.0,0.0,0.15,0.0,0,2026-07-28 06:05:04+00:00,2026-07-28 06:05:04+00:00,0.2902718514088108,1,0.15,"[""power_td""]",Press Release,https://nsearchives.nseindia.com/corporate/TTML_28072026113147_TTML532371_Press_Release.pdf,2026-07-28 06:05:04+00:00,unspecified_or_early,"[""product""]","[""power_td""]",2026-10-05,INE517B01013,34.33,34.33,155108086.6293651,68.66,0.2343915710261905,0.0252267001368738,0.2361303238390975,0.1068338014649218,0.160270986037359,0.0923531279341292,0.0172712779243639,0.0247225027611237,0.0343960159693813,0.0172712779243639,0.3764472431721675,0.0849214150712801,0.3764472431721675,0.3570020058120502,0.1104339311226962,0.1428571428571428,0.2361303238390975,0.0252267001368738,0.1428571428571428,0.3764472431721675,False,,,N100_drop0.50_s0.20_c0.05,1.0,0.0,0.0,False,False,1.0068271698186462,1.0170734897113791,-0.0865463796488452,-0.1149304575594532,False,,,-0.0968166272033674,-0.1521363299580144,-0.0845333333333333,-0.4114520829761701,-0.0461045172173626,0.4578535512365849,0.3333333333333333,0.5226849625044325,0.7484517937778253,0.2,0.2,,0.125790200242578,0.0,0.0,0.1988632591114862,0.3219582715376759,0.0,0.0,0.0,0.0,0.0,0.0,0.0,0.0,0.0,0.0,0.0,0.0,2.0,0.0,0.0,0.0,,,1.2526414640073622,0.0,0.6935779816513762,0.0,0.0,0.7244742610518489,0.2897897044207395,0.358694109297374,0.0,1.0,0.3513129879347054,0.398372182422698,True,False,True,True,True,0.0252267001368738,-3.654301968148165,0.6935779816513762,0.0,0.5024793957387136,0.0,0.2746628814762242,0.4363607884025738,0.3073101490418736,0.4646197418978926,0.4073811213626686,0.4541728563158546,0.0269694819020582,0.2161816891412349,True,0.1985947480482611,0.5132477440400283,GDELT_PLUS_GOOGLE_NEWS,0.6524795591525344,0.558949435177508,0.636795850633623,0.5549146997420112,0.6113255575434171,1.0,1.0,99.0,0.661993196690834,True,1177.55,False,False,True,0.0,0.5132477440400283,1.0,0.6113255575434171,0.8224999999999999,0.311523932252295,0.7657319726715002,0.5737664835688029,0.358694109297374,0.0,0.5026469696797407,-0.0845333333333333,True,False,False,False,0.46080555766962183,0.0,0.4845086513009662,0.5026469696797407,True,True,False,PRE_OBVIOUS_DISCOVERY,True,0.5026469696797407,C,46
POWERINDIA,2,2,1,0.5407532079637314,0.5407532079637314,0.2,0.0,0.999998984368529,0.2499997460921322,32222.1,,2026-08-14 10:55:01+00:00,True,2026-06-30,24936900000.0,,3895100000.0,2941500000.0,32800000.0,,3927900000.0,0.157513564236132,0.1179577252986538,-0.0945371362175705,-0.1098771409550324,0.0,-0.1208621500033573,0.0,-0.0047166058769741,0.6861789167624586,1.2351823708206688,0.0,1.172150638721451,0.0,0.0352402529912878,0.5606290407960555,0.9367920828623496,0.979809185711116,0.0,0.0,0.0310729794359701,0.2333798570262852,1.6863583365720949,1.7720778193704856,0.1050476910630154,91625000000.0,65365900000.0,15999000000.0,7165200000.0,11503900000.0,5051600000.0,0.401724752508571,1.2328755652319543,1.27727848602423,0.0,0.1746139154160982,0.0649971274578508,55246700000.0,2798400000.0,1717900000.0,0.183163881281597,1.5604631217838767,1.9405669713021712,0.2185608712269739,0.0589639887865321,standalone,12,6,6,6,18,24,2,1,0.2,0.2,0.0,0.2,0,2026-08-07 11:50:25+00:00,2026-08-14 10:55:01+00:00,0.365099284079188,3,0.2,"[""battery_bess"", ""data_centres"", ""power_td"", ""renewables""]",Press Release,https://nsearchives.nseindia.com/corporate/HitachiEnergy_07082026171934_Outcome.pdf,2026-08-07 11:50:25+00:00,management_intent,"[""capacity"", ""commissioning"", ""order""]","[""battery_bess""]",,,,,,,,,,,,,,,,,,,,,,,,,,,,,,,,,,,,,,,,,,,,,,,,,,,,,,,,,,,,,,,,,,,,,,,,,,,,,,,,,,,,,,,,,,,,,,,,,,,,,,,,,,,,,,,0.5132477440400283,GDELT_PLUS_GOOGLE_NEWS,0.8640327698002573,0.9037243809005713,0.9306798596303528,0.8722302037885784,0.8885147056396031,1.0,1.0,99.0,0.661993196690834,True,9162.5,False,False,True,1.0,0.5132477440400283,0.2,0.8885147056396031,0.18999999999999997,0.0,0.5690653060048335,0.49772057107703954,0.5,0.0,0.4981764568616317,0.0,True,False,False,False,0.668359981414387,0.0,0.5017503263032852,0.4981764568616317,True,True,False,PRE_OBVIOUS_DISCOVERY,True,0.4981764568616317,C,47
CEINSYS,9,9,1,0.6319666311195652,0.6319666311195652,1.0,0.0,0.999998984368529,0.2499997460921322,977.0,,2026-10-01 12:16:47+00:00,True,2026-06-30,1479000000.0,,422000000.0,312500000.0,14200000.0,,436200000.0,0.2949290060851927,0.2112914131169709,-0.0954681670845819,-0.1182279909706546,0.0,-0.0874476987447698,0.0,0.0025921459543138,,,,,,,,,,,,,,,,,,,,,,,,,,,,,,,,,,,,,standalone,2,2,0,4,0,4,9,1,1.0,0.85,0.0,0.2,3,2026-06-26 12:00:50+00:00,2026-10-01 12:16:47+00:00,0.6929282775250617,2,0.0,"[""data_centres"", ""defence_aerospace"", ""renewables""]",Bagging/Receiving of orders/contracts,https://nsearchives.nseindia.com/corporate/CEINSYSTECH_10092026123225_SEIntimationReceiptofLOAfromRiteWater.pdf,2026-09-10 07:07:42+00:00,commissioned_or_loa,"[""commissioning"", ""order""]","[""renewables""]",2026-10-05,INE016Q01014,649.6,649.6,48991927.98888889,1299.2,0.2613699797635205,0.0298431518942465,0.2746072608837999,0.1086757567815175,0.1556990576785074,0.1231242641726659,0.021247860484636,0.0292541845923187,0.0398529373793041,0.021247860484636,0.4061212409822627,0.0653205121901167,0.4061212409822627,0.3934123780844163,0.0941088441956662,0.1578542883492161,0.2746072608837999,0.0298431518942465,0.1578542883492161,0.4061212409822627,False,,,N100_drop0.50_s0.20_c0.05,1.0,0.0,0.0,False,False,1.0068271698186462,1.0170734897113791,-0.0865463796488452,-0.1149304575594532,False,,,-0.042805569881382,-0.2844238819123154,-0.3448641016590187,,0.0520023907560563,-0.0843877503990967,0.2666666666666666,0.0165132671243497,0.3726079837509369,0.2,0.15,,0.0,0.0,0.0,1.6205709667997672,0.0,0.0,0.0,0.0,0.0,0.0,0.0,0.0,0.0,0.0,0.0,0.0,0.0,1.0,3.0,0.0,0.0,,,2.9085138701197906,0.0,0.9394495412844036,0.0,0.0,0.4462248486298796,0.1784899394519518,0.3900638750887154,0.0,1.0,0.4247693399574166,0.4487208108277882,True,False,True,True,True,0.0298431518942465,-3.48150236126337,0.9394495412844036,0.0,0.4192057293550428,0.0,0.3775727466288147,0.5170858096238194,0.8644428672817601,0.5164745075510747,0.8836053938963804,0.5388426844271904,0.964513839602555,0.9161816891412348,True,0.7121220723917671,0.5132477440400283,GDELT_PLUS_GOOGLE_NEWS,,,,,0.5,0.16666666666666666,0.625,99.0,0.661993196690834,True,591.6,False,False,True,1.0,0.5132477440400283,1.0,0.3125,0.75,0.19187668491084822,0.7657319726715002,0.6912661807785798,0.3900638750887154,0.0,0.49704417244401367,-0.2844238819123154,True,False,False,False,0.6656168059166953,0.0,0.5247656752014598,0.49704417244401367,True,True,False,PRE_OBVIOUS_DISCOVERY,True,0.49704417244401367,C,48
OMINFRAL,7,6,2,0.6832527408645932,0.6832527408645932,1.0,0.0,0.999998984368529,0.2499997460921322,12461.0,59.52380952380953,2026-09-26 08:32:38+00:00,True,2026-06-30,1207081000.0,,83238000.0,118311000.0,43887000.0,,127125000.0,0.1053160475560463,0.0980141349254938,-0.2323145276793414,0.4231190232753954,0.0,-0.4086054019855041,0.0,-0.0313940272103563,0.209778806739028,10.943367655966082,0.0,1.401031239375968,0.0,0.0522517140924224,-0.0163391094251053,0.7147791128421834,-0.1565438756625941,0.0,0.0,0.0524750463773608,-0.3384193883027412,-0.4236098800449093,164.79177718832892,-0.0109109386615054,4893549000.0,6021148000.0,498151000.0,470259000.0,326453000.0,239588000.0,-0.1872730914436914,0.0593119961553101,0.3625598944855335,0.0,0.1017974888981391,0.023696269662206,9609105000.0,1132687000.0,543317000.0,-0.3733913824440465,-0.5848288185526982,-0.559027234561039,0.1861182910003551,-0.0397752115034542,standalone,12,6,6,12,81,93,6,2,1.0,0.7,0.0,0.7,4,2026-02-12 08:08:36+00:00,2026-09-26 08:32:38+00:00,0.8625269348421586,0,0.5499999999999999,"[""battery_bess"", ""industrial_automation"", ""power_td"", ""railways"", ""renewables"", ""water_environment""]",Investor Presentation,https://nsearchives.nseindia.com/corporate/OMINFRAL_05092026165152_ilovepdf_merged__24_.pdf,2026-09-05 11:22:08+00:00,trial_production_or_l1_bidder,"[""capacity"", ""commissioning"", ""order""]","[""railways"", ""power_td""]",2026-10-05,INE239D01028,74.84,74.84,11598749.873174602,149.68,0.2305363292674338,0.0246003992357957,0.1995769259485032,0.1232627425183578,0.1473723609117754,0.0685460163727777,0.0166961203456869,0.0241256981583042,0.0336199693719361,0.0166961203456869,0.4500151755885486,0.0680624579934008,0.4500151755885486,0.3758881156946244,0.0851270344414315,0.1578542883492161,0.1995769259485032,0.0246003992357957,0.1578542883492161,0.4500151755885486,False,,,N100_drop0.50_s0.20_c0.05,1.0,0.0,0.0,False,False,1.0068271698186462,1.0170734897113791,-0.0865463796488452,-0.1149304575594532,False,,,-0.0948234155781325,-0.1747711985885984,-0.14877161055505,-0.3203160475887748,-0.036566349381933,-0.5882880803962891,0.35,-0.5415910141332801,0.3614213564331912,0.05,0.05,,0.0,0.0,0.0,0.0,0.0,0.0,0.0,0.0,0.0,0.0,0.0,0.0,0.0,0.0,0.0,0.0,0.1020761608369469,0.0,0.0,0.0,0.0,67.05,0.0,0.0,0.0,0.0,0.0,0.0,0.1654574612634982,0.0661829845053992,0.2149751596877217,0.0,1.0,0.3017690760859675,0.0927779006822268,False,False,False,True,False,0.0246003992357957,-3.680084562067164,0.0,0.0,0.0,0.0,0.2583392476933995,0.4433440051548953,0.3733144073811213,0.465284260121778,0.4265436479772888,0.4788677952170188,0.2342086586231369,0.329347054648687,False,0.277867804953504,0.5132477440400283,GDELT_PLUS_GOOGLE_NEWS,0.6432513992049057,0.3316862029714486,0.47437548214634184,0.0530024661539944,0.443047576777192,1.0,1.0,99.0,0.661993196690834,True,489.3549,False,True,True,1.0,0.5132477440400283,1.0,0.443047576777192,0.7999999999999999,0.0711467083433042,0.9323986393381668,0.7134698438706324,0.2149751596877217,0.0,0.489629380947173,-0.14877161055505,True,False,False,False,0.7188838679492827,0.0,0.5549259608704815,0.489629380947173,True,True,False,PRE_OBVIOUS_DISCOVERY,True,0.489629380947173,C,51
OSWALPUMPS,8,7,2,0.7222729663080177,0.7222729663080177,1.1,0.0,0.999998984368529,0.2499997460921322,22000.0,,2026-09-23 06:26:10+00:00,True,2026-06-30,4735600000.0,,684250000.0,539640000.0,83940000.0,,768190000.0,0.162215981079483,0.1139538812399695,-0.070971893348923,-0.4168197635463722,0.0,-0.3629737125798159,0.0,-0.0743569967502605,-0.0785820327776988,-0.427376910016978,0.0,-0.4437194954161658,0.0,-0.1064770942765361,0.1191850969117316,-0.1545508274231678,-0.0678179643157117,0.0,0.0,-0.0650019713153825,,,,,,,,,,,,,,,,,,,,,,,,,consolidated,6,6,0,15,0,15,7,2,1.1,1.1,0.0,1.0,3,2026-07-04 14:32:44+00:00,2026-09-23 06:26:10+00:00,0.6208026980486989,2,0.0,"[""industrial_automation"", ""power_td"", ""renewables""]",Press Release,https://nsearchives.nseindia.com/corporate/OSWALPUMPS_04072026200159_SELetterPMKusumOPL04072026.pdf,2026-07-04 14:32:44+00:00,utilisation_ramp_or_repeat_order,"[""commissioning"", ""order""]","[""renewables"", ""power_td""]",2026-10-05,INE0BYP01024,265.1,265.1,184762734.56904763,530.2,0.2059907287082698,0.0207979573160325,0.2816838005721463,0.0738344103345255,0.1637774445066692,0.0720476748228851,0.0136276587459973,0.020457132536007,0.0290406785716942,0.0136276587459973,0.3812257155059293,0.0857681961873635,0.3812257155059293,0.3846539546240453,0.1139312977173999,0.1578542883492161,0.2816838005721463,0.0207979573160325,0.1578542883492161,0.3812257155059293,False,,,N100_drop0.50_s0.20_c0.05,1.0,0.0,0.0,False,False,1.0068271698186462,1.0170734897113791,-0.0865463796488452,-0.1149304575594532,False,,,-0.0516902164192452,-0.3537298878595806,-0.1932440657334144,-0.6660157480314961,0.0662197462006149,-0.251097604370329,0.3666666666666666,-0.1601050350984827,0.5565348640015576,0.15,0.05,,0.0,0.0,0.0,0.1847246596294528,0.0,0.0,0.0,0.0,0.0,0.0,0.0,0.0,0.0,0.0,0.0,0.0,0.0808330467384935,1.0,0.0,0.0,0.0,75.65,-0.019999999999996,0.5662521936665076,0.0,0.3330275229357798,0.0,0.0,0.3648541965367416,0.1459416786146966,0.2607523066004258,0.0,1.0,0.449370386040897,0.2117147254351051,True,False,False,True,False,0.0207979573160325,-3.851883221905424,0.3330275229357798,0.0,0.1215064893053552,0.0,0.1419446415897799,0.4930625381867343,0.7721788502484032,0.4889912005106443,0.7665010645848119,0.4921550459361488,0.7764371894960965,0.7721078779276083,False,0.53812186842217,0.5132477440400283,GDELT_PLUS_GOOGLE_NEWS,0.45139676706627224,,,,0.45139676706627224,0.5,0.775,99.0,0.661993196690834,True,1894.24,False,False,True,1.0,0.5132477440400283,1.0,0.349832494476361,0.7999999999999999,0.15688730451079888,0.8323986393381668,0.7029937919652656,0.2607523066004258,0.0,0.4785958640090259,-0.1932440657334144,True,False,False,False,0.6898671271824498,0.0,0.5132882366755717,0.4785958640090259,True,True,False,PRE_OBVIOUS_DISCOVERY,True,0.4785958640090259,C,53
ASIANPAINT,3,3,1,0.6319664516192343,0.6319664516192343,1.0,0.0,0.9999938557876468,0.2499984639469116,,,2026-09-17 16:26:02+00:00,True,2026-06-30,91834400000.0,,19820000000.0,14783500000.0,272500000.0,,20092500000.0,0.2187905621422909,0.1609799813577483,0.1594901164611173,0.273627168875028,0.0,0.2572427947488955,0.0,0.0170113231293316,0.1671218600868023,0.344406754999409,0.0,0.3409124277572375,0.0,0.02835661390598,0.1356376727490993,0.3404043444173197,0.4711384629106254,0.0,0.0,0.0322201070448307,0.0558105279479028,0.1215142342618491,0.1578116780641767,0.011446666237813,320844700000.0,292497600000.0,65344300000.0,53011700000.0,46199900000.0,35048100000.0,0.0969139575846091,0.23263920983481,0.3181855792468064,0.0,0.2036633299537128,0.0224252616755457,306177800000.0,66988800000.0,50055800000.0,-0.0446805744897246,-0.2086483113595109,-0.2998194015478725,0.1415945320743338,-0.0375524514786539,standalone,12,6,6,16,164,180,3,1,0.0,1.0,0.85,0.0,0,2026-07-29 11:27:26+00:00,2026-09-17 16:26:02+00:00,0.4994297127283486,0,0.15000000000000002,"[""power_td""]",Investor Presentation,https://nsearchives.nseindia.com/corporate/ASIANPAINT_29072026165710_Intimation_Investor_Presentation_Q1FY26-27finsigned.pdf,2026-07-29 11:27:26+00:00,commissioned_or_loa,"[""commissioning"", ""product""]","[""power_td""]",,,,,,,,,,,,,,,,,,,,,,,,,,,,,,,,,,,,,,,,,,,,,,,,,,,,,,,,,,,,,,,,,,,,,,,,,,,,,,,,,,,,,,,,,,,,,,,,,,,,,,,,,,,,,,,0.5132477440400283,GDELT_PLUS_GOOGLE_NEWS,0.6515716032233557,0.5708434987907011,0.6352652678215388,0.370356529808328,0.5859460490225745,1.0,1.0,99.0,0.661993196690834,True,32084.47,False,False,True,0.0,0.5132477440400283,1.0,0.5859460490225745,0.1775,0.0,0.9323986393381668,0.47166095915065553,0.5,0.0,0.4773287673205244,0.0,True,False,False,False,0.3265511505934631,0.0,0.46276075773764,0.4773287673205244,True,True,False,PRE_OBVIOUS_DISCOVERY,True,0.4773287673205244,C,54
BORORENEW,5,5,1,0.6852999644528985,0.6852999644528985,0.85,0.0,0.999998984368529,0.2499997460921322,18500.0,60.0,2026-09-22 06:39:46+00:00,True,2026-06-30,4056907000.0,,1183473000.0,877055000.0,23242000.0,,1206715000.0,0.2974470452490037,0.2161880960051586,-0.0729546779386262,-0.4810604872755372,0.0,-0.0219754925520473,0.0,0.0155043232014777,0.2210022620811869,,1.0,0.7055753117968318,0.0,0.0845080371697983,0.2787296095793012,0.9850229243443768,,1.0,0.0,0.1029722486011095,0.4159897834442632,9.91953534641769,30.198742770932864,0.2397840150164676,16082553000.0,11997098000.0,4548058000.0,1422483000.0,3807920000.0,-2352366000.0,0.3405369365158142,2.197267032365237,,1.0,0.2827945289532079,0.164225605035107,9894505000.0,-198671000.0,-338465000.0,0.2125010801449895,,,0.1280358563708246,0.1386478465120052,standalone,12,6,6,12,43,55,5,1,0.0,0.85,0.85,0.85,2,2026-07-17 03:36:22+00:00,2026-09-22 06:39:46+00:00,0.6126574540695116,1,0.0,"[""power_td"", ""railways"", ""renewables""]",Analysts/Institutional Investor Meet/Con. Call Updates,https://nsearchives.nseindia.com/corporate/BORORENEW12_22072026100346_INTIMATION.pdf,2026-07-22 04:34:04+00:00,commissioned_or_loa,"[""capacity"", ""commissioning"", ""policy""]","[""renewables""]",2026-10-05,INE666D01022,442.7,442.7,338018893.4126984,885.4,0.2313818322066526,0.0247370620678335,0.1823985253158773,0.1356209543086709,0.1598579475385965,0.014091636414224,0.0168188084155272,0.0242538676380503,0.0338104426097623,0.0168188084155272,0.447061151621927,0.041231732281975,0.447061151621927,0.3880756067839772,0.0791847739170606,0.1578542883492161,0.1823985253158773,0.0247370620678335,0.1578542883492161,0.447061151621927,False,,,N100_drop0.50_s0.20_c0.05,1.0,0.0,0.0,False,False,1.0068271698186462,1.0170734897113791,-0.0865463796488452,-0.1149304575594532,False,,,-0.1101507537688442,-0.3206475868948054,0.0640548011056363,-0.2112952075538927,-0.003268224803909,-0.2222030534770113,0.3833333333333333,-0.1004845044041525,0.5342809651791967,0.3,0.05,,0.0,0.4327514972835885,0.0,0.0,0.0630345595382508,0.0,0.0,0.0,0.0,0.0,0.0,0.0,0.0,0.0,0.0,0.0,0.31646598962647,2.0,1.0,0.0,0.0,56.02,-2.75,1.6363308728911017,0.0,0.7981651376146789,0.0,0.0,0.4333779722642079,0.1733511889056831,0.3171043293115685,0.0,1.0,0.4076669062740745,0.3932559923816041,True,False,True,True,True,0.0247370620678335,-3.674404506969141,0.7981651376146789,0.0,0.3459071888714319,0.0,0.2590489709013485,0.494689823795762,0.7828246983676366,0.4670153198779896,0.4776437189496096,0.4817414151300457,0.4506742370475514,0.5265436479772889,True,0.4055285542270993,0.5132477440400283,GDELT_PLUS_GOOGLE_NEWS,0.8859760809250052,0.9848843481974503,0.968703650797797,0.8392869767928448,0.9202452960978508,1.0,1.0,99.0,0.661993196690834,True,1608.2553,False,False,True,1.0,0.5132477440400283,0.85,0.9202452960978508,0.1775,0.18635252807360936,0.8798986393381668,0.6809481065485551,0.3171043293115685,0.0,0.47556599859923177,0.0640548011056363,True,False,False,False,0.7141935887659627,0.0,0.5084458592967668,0.47556599859923177,True,True,False,PRE_OBVIOUS_DISCOVERY,True,0.47556599859923177,C,55
MILKYMIST,9,9,1,0.7329997849525677,0.7329997849525677,1.0,0.0,0.999998984368529,0.2499997460921322,973.45,,2026-09-30 10:34:15+00:00,True,2026-06-30,9733904000.0,,731894000.0,644519000.0,238673000.0,,970567000.0,0.0997099416636942,0.0662138233539184,,,,,,,,,,,,,,,,,,,,,,,,,,,,,,,,,,,,,,,,,,,standalone,1,1,0,2,0,2,9,1,0.0,1.0,1.0,1.0,0,2026-08-31 11:45:53+00:00,2026-09-30 10:34:15+00:00,0.9108022493529333,3,1.0,"[""industrial_automation"", ""power_td"", ""renewables""]",Analysts/Institutional Investor Meet/Con. Call Updates,https://nsearchives.nseindia.com/corporate/MILKYMIST_07092026173231_intimationanalystcalltranscript792026.pdf,2026-09-07 12:02:47+00:00,commercial_production_or_purchase_order,"[""capacity"", ""commissioning"", ""product""]","[""power_td"", ""industrial_automation""]",,,,,,,,,,,,,,,,,,,,,,,,,,,,,,,,,,,,,,,,,,,,,,,,,,,,,,,,,,,,,,,,,,,,,,,,,,,,,,,,,,,,,,,,,,,,,,,,,,,,,,,,,,,,,,,0.5132477440400283,GDELT_PLUS_GOOGLE_NEWS,,,,,0.5,0.08333333333333333,0.5875,99.0,0.661993196690834,True,3893.5616,False,False,True,0.25001530732170774,0.5132477440400283,1.0,0.29375,0.19999999999999998,0.0,0.7490653060048335,0.46745626760540254,0.5,0.0,0.473965014084322,0.0,True,False,False,False,0.3146733972009985,0.0,0.4997669519791749,0.473965014084322,True,True,False,PRE_OBVIOUS_DISCOVERY,True,0.473965014084322,C,56
DCMSHRIRAM,9,9,1,0.5633333333333334,0.5633333333333334,1.1,0.0,0.999998984368529,0.2499997460921322,1000.0,70.0,2026-09-30 12:48:08+00:00,True,2026-06-30,36596400000.0,,1848200000.0,7114300000.0,401700000.0,,2249900000.0,0.0614787246833021,0.1943989026243018,0.1394713080300151,0.9176527669209412,0.0,-0.1260487880671223,0.0,-0.0186782015551385,0.0928049927587082,6.354802026258658,0.0,0.1760493439966546,0.0,0.0043516512103189,0.0900210347311012,-0.0272411985320805,2.9879890943924545,0.0,0.0,-0.008463419357002,0.1177105698089309,0.3443039414563862,0.2402910993359714,0.0165171915174578,141075100000.0,127779600000.0,11915100000.0,10234100000.0,14522500000.0,5696000000.0,0.104050255283316,0.164254795243353,1.5495962078651684,0.0,0.0844592702751938,0.0043674559323723,113077400000.0,8328800000.0,4688600000.0,0.1300189074032476,0.2287604456824512,0.2148615791494261,-0.0259686521199316,0.0064360705779313,standalone,12,6,6,14,144,158,9,1,1.1,1.1,1.1,1.1,3,2026-07-17 13:46:27+00:00,2026-09-30 12:48:08+00:00,0.592755848180591,0,0.0,"[""green_hydrogen"", ""renewables"", ""water_environment""]",Commencement of commercial production/operations,https://nsearchives.nseindia.com/corporate/DCMSHRIRAM_30092026181754_DCMALUMINIUMCHLORIDEBHARUCH30SEP2026SIGNED.pdf,2026-09-30 12:48:08+00:00,commercial_production_or_purchase_order,"[""commissioning""]",[],2026-10-05,INE499A01024,1044.55,1044.55,148955538.0436508,2089.1,0.3097181253658834,0.0392333618618961,0.1985912326415503,0.1975583782830479,0.1677924517658441,0.0611337200193305,0.0286609338366745,0.0387183194070528,0.0503224303608816,0.0286609338366745,0.4443085486479879,0.0405533326563085,0.4443085486479879,0.4138546567772541,0.0640467126972045,0.1578542883492161,0.1985912326415503,0.0392333618618961,0.1578542883492161,0.4443085486479879,False,,,N100_drop0.50_s0.20_c0.05,1.0,0.0,0.0,False,False,1.0068271698186462,1.0170734897113791,-0.0865463796488452,-0.1149304575594532,False,,,0.0248724489795917,-0.0014816939107159,-0.0790424969141245,-0.2429151264767703,0.0253663469498303,-0.2441468324347238,0.3833333333333333,-0.203340944916554,0.5456270340247119,0.15,0.05,,0.0,0.0,1.3050738079502024,0.1747528275737689,0.0,0.0,0.0,0.0,0.0,0.0,0.0,0.0591663776825517,0.0,0.0,0.0,0.0,0.328506565224772,3.0,2.0,0.0,0.0,,,3.709328036943039,0.0,0.9669724770642202,0.0,0.0,0.350446815415379,0.1401787261661516,0.4772888573456352,0.0,1.0,0.4684653145529653,0.4509441370656336,True,False,True,True,True,0.0392333618618961,-3.198204094410288,0.9669724770642202,0.0,0.3388724251814765,0.0,0.5656493967352733,0.5745755172302136,0.9347054648687012,0.569025793367279,0.9460610361958836,0.5614419207106265,0.9843860894251242,0.9610361958836052,True,0.7955736246838091,0.4114339188445192,GDELT_PLUS_GOOGLE_NEWS,0.5787595068424731,0.6535887490113375,0.6529142475812757,0.6654778879551801,0.6253055226993558,1.0,1.0,99.0,0.661993196690834,True,14107.51,False,False,True,0.4666666666666666,0.4114339188445192,1.0,0.6253055226993558,0.9,0.15069213062861295,0.9323986393381668,0.6446140099930745,0.4772888573456352,0.0,0.4736717542993495,-0.0014816939107159,True,False,False,False,0.6182442430245383,0.0,0.4825814766859914,0.4736717542993495,True,True,False,PRE_OBVIOUS_DISCOVERY,True,0.4736717542993495,C,57
NEUEON,2,2,1,0.5633333333333334,0.5633333333333334,1.0,0.0,0.0,0.0,,,2026-09-30 07:04:33+00:00,True,2026-06-30,0.0,,-8211000.0,-8211000.0,68000.0,,-8143000.0,,,-1.0,,0.0,,0.0,,-1.0,,0.0,,0.0,,-0.3954535706626635,,,0.0,0.0,3.336108519172007,440.87603305785126,,,4056.706529570182,112666000.0,98044000.0,-412116000.0,-843396000.0,-1122066000.0,-844673000.0,0.1491371221084412,,,0.0,-3.657855963644755,4.944363448047955,854000.0,-945136000.0,-945136000.0,113.8056206088993,,,-113.65648348679086,1098.1144082229678,standalone,12,6,6,17,62,79,2,1,1.0,0.0,0.0,0.0,0,2026-09-30 07:04:33+00:00,2026-09-30 07:04:33+00:00,0.9090354842369035,1,1.0,[],Updates,https://nsearchives.nseindia.com/corporate/NTL_30092026123410_a.pdf,2026-09-30 07:04:33+00:00,commercial_production_or_purchase_order,"[""order""]",[],,,,,,,,,,,,,,,,,,,,,,,,,,,,,,,,,,,,,,,,,,,,,,,,,,,,,,,,,,,,,,,,,,,,,,,,,,,,,,,,,,,,,,,,,,,,,,,,,,,,,,,,,,,,,,,0.0,GDELT_PLUS_GOOGLE_NEWS,0.4473852743398189,1.0,0.7301054785449548,1.0,0.7249752054449186,1.0,1.0,99.0,0.661993196690834,True,11.2666,False,False,True,0.0,0.0,1.0,0.7249752054449186,0.75,0.0,0.8490653060048334,0.4624404471225786,0.5,0.0,0.4699523576980629,0.0,True,False,False,False,0.416150331961713,0.0,0.5062268946056667,0.4699523576980629,True,True,False,PRE_OBVIOUS_DISCOVERY,True,0.4699523576980629,C,59
LCCPROJECT,2,1,2,0.4257150603504926,0.2828331182859009,1.0,0.0,0.999998984368529,0.2499997460921322,653.34,,2026-10-05 13:22:32+00:00,True,2026-06-30,7780170000.0,,849190000.0,610880000.0,243680000.0,,1092870000.0,0.1404686529985848,0.078517564526225,,,,,,,,,,,,,,,,,,,,,,,,,,,,,,,,,,,,,,,,,,,standalone,1,1,0,2,0,2,1,2,1.0,0.0,0.0,0.0,1,2026-10-05 13:22:32+00:00,2026-10-05 13:22:32+00:00,0.9751103650892664,1,1.0,"[""power_td"", ""railways""]",Investor Presentation,https://nsearchives.nseindia.com/corporate/LCCPROJECTS_05102026185115_Investor_Presentation_Q1.pdf,2026-10-05 13:22:32+00:00,commercial_production_or_purchase_order,"[""order""]","[""railways"", ""power_td""]",,,,,,,,,,,,,,,,,,,,,,,,,,,,,,,,,,,,,,,,,,,,,,,,,,,,,,,,,,,,,,,,,,,,,,,,,,,,,,,,,,,,,,,,,,,,,,,,,,,,,,,,,,,,,,,0.5132477440400283,GDELT_PLUS_GOOGLE_NEWS,,,,,0.5,0.08333333333333333,0.5875,99.0,0.661993196690834,True,3112.068,False,False,True,0.2099375720581941,0.5132477440400283,1.0,0.29375,0.7999999999999999,0.0,0.5823986393381668,0.5222422752579701,0.5,0.0,0.4677938202063761,0.0,True,False,False,False,0.40598340995527776,0.0,0.5036789701850334,0.4677938202063761,True,True,False,PRE_OBVIOUS_DISCOVERY,True,0.4677938202063761,C,60
SUPREMEIND,8,3,5,0.6446666666666667,0.6446666666666667,1.0,0.0,0.9999938557876468,0.2499984639469116,1000.0,,2026-10-01 22:15:00+00:00,True,2026-06-30,27176600000.0,,2806800000.0,2077600000.0,41600000.0,,2848400000.0,0.1048107563124158,0.0764481208098143,-0.2296117812141227,-0.4563675851061046,0.0,-0.4422448060467211,0.0,-0.0399570069294023,0.0415643049045495,0.171402796571944,0.0,0.1721810699588477,0.0,0.0116791187669518,0.1080553130788393,0.3694548208844743,0.3438347114968449,0.0,0.0,0.0243141794529609,0.0623020262062419,-0.0977756653992395,-0.1184622710071924,-0.0165723311409958,113261200000.0,104191100000.0,12701000000.0,11069100000.0,9416900000.0,8380200000.0,0.0870525409559934,0.1474284268820409,0.1237082647192191,0.0,0.1121390202470042,0.0059005795356575,104020100000.0,14271000000.0,10579500000.0,0.0016439130514198,-0.2243640950178683,-0.2078831702821494,0.0854086279045736,-0.0309561976325886,standalone,12,6,6,15,139,154,3,5,1.0,1.0,1.0,1.0,4,2026-05-04 12:50:01+00:00,2026-08-03 13:01:02+00:00,0.2735730302211975,0,0.0,"[""power_td""]",Press Release,https://nsearchives.nseindia.com/corporate/SUPREMEIND_28072026130607_PressReleaseJune26.pdf,2026-07-28 07:36:50+00:00,commercial_production_or_purchase_order,"[""capacity"", ""commissioning""]",[],,,,,,,,,,,,,,,,,,,,,,,,,,,,,,,,,,,,,,,,,,,,,,,,,,,,,,,,,,,,,,,,,,,,,,,,,,,,,,,,,,,,,,,,,,,,,,,,,,,,,,,,,,,,,,,0.5132477440400283,GDELT_PLUS_GOOGLE_NEWS,0.6332151875497093,0.48583355207213563,0.5850648178293208,0.40869936164836496,0.5530623308510365,1.0,1.0,99.0,0.661993196690834,True,11326.12,False,False,True,0.08829148905362118,0.5132477440400283,1.0,0.5530623308510365,1.0,0.0,0.9323986393381668,0.581649706636292,0.5,0.0,0.46531976530903363,0.0,True,False,False,False,0.509317667766665,0.0,0.4354438644441906,0.46531976530903363,True,True,False,PRE_OBVIOUS_DISCOVERY,True,0.46531976530903363,C,61
IDEA,5,4,2,0.4082197582302676,0.4082197582302676,0.2,0.0,0.9999938557876468,0.2499984639469116,45000.0,,2026-10-01 14:45:00+00:00,True,2026-06-30,116890000000.0,,-53580000000.0,-37540000000.0,51200000000.0,,-2380000000.0,-0.0203610231841902,-0.3211566429976901,0.0315037063183905,-1.072233981142967,-1.0,,0.0,0.0259679566957956,0.0604672261283738,,0.0,,0.0,0.044805681283943,0.0446995825013614,,,1.0,0.0,0.0310739924068318,0.0212340415882446,,,-0.0032628159988184,455387000000.0,440855000000.0,-20835000000.0,-26362000000.0,374058000000.0,-275611000000.0,0.0329632191990563,,,1.0,-0.0457522942025134,0.0140451448647535,424714000000.0,-48642000000.0,-298257000000.0,0.0380043982538838,,,-0.0050411790548274,0.0547313968081691,consolidated,12,6,6,14,146,160,4,2,0.0,0.0,0.0,0.2,0,2026-06-30 10:22:09+00:00,2026-09-15 06:08:10+00:00,0.12397781301083427,0,0.05000000000000002,"[""power_td""]",Outcome of Board Meeting,https://nsearchives.nseindia.com/corporate/IDEA_10082026190518_SEIntimationFinancialresult10august2026signed.pdf,2026-08-10 13:38:36+00:00,management_intent,"[""capacity""]","[""power_td""]",,,,,,,,,,,,,,,,,,,,,,,,,,,,,,,,,,,,,,,,,,,,,,,,,,,,,,,,,,,,,,,,,,,,,,,,,,,,,,,,,,,,,,,,,,,,,,,,,,,,,,,,,,,,,,,0.5132477440400283,GDELT_PLUS_GOOGLE_NEWS,0.6324915702497373,0.5127095269416069,0.6184853357662974,0.594176540511966,0.593997558065351,1.0,1.0,99.0,0.661993196690834,True,45538.7,False,False,True,0.9881705011342002,0.5132477440400283,0.2,0.593997558065351,0.09999999999999999,0.0,0.6523986393381669,0.4485588606208003,0.5,0.0,0.45884708849664024,0.0,True,False,False,False,0.5815151781944173,0.0,0.43454050155508533,0.45884708849664024,True,True,False,PRE_OBVIOUS_DISCOVERY,True,0.45884708849664024,C,62
MCLOUD,14,14,1,0.7136109576806691,0.7136109576806691,1.1,0.0,0.999998984368529,0.2499997460921322,111.0,,2026-09-21 03:44:54+00:00,True,2026-06-30,1802763000.0,,311671000.0,237034000.0,66696000.0,,378367000.0,0.2098817204480012,0.1314837280330248,-0.1229398173937622,-0.2169058010036704,0.0,-0.1080856821594506,0.0,0.0034954158671796,0.0995393891783293,-0.1464355291160572,0.0,-0.184256765934144,0.0,-0.0730176148622828,0.2045431556074504,-0.0421561291261939,0.0717380598733905,0.0,0.0,-0.0535768661881433,,,,,,,,,,,,,,,,,,,,,,,,,consolidated,7,6,1,22,2,24,14,1,1.1,0.85,1.1,0.0,0,2026-08-20 03:39:53+00:00,2026-09-21 03:44:54+00:00,0.8047531040656878,3,1.1,"[""industrial_automation"", ""railways"", ""renewables""]",Press Release,https://nsearchives.nseindia.com/corporate/MCLOUD_24082026093324_RatlamPressRelease.pdf,2026-08-24 04:04:46+00:00,commissioned_or_loa,"[""commissioning"", ""order"", ""approval""]","[""railways"", ""renewables""]",2026-10-05,INE613C01026,24.54,24.54,88270223.40428571,49.08,0.2268407001525161,0.0240075907305864,0.2956519033612648,0.0812022194264412,0.1611506302791454,0.0393152031265815,0.0161724121047118,0.023563584073544,0.0327878394757494,0.0161724121047118,0.4075599655187438,0.1235517826190409,0.4075599655187438,0.4011579857542691,0.1309248172539272,0.1578542883492161,0.2956519033612648,0.0240075907305864,0.1578542883492161,0.4075599655187438,False,,,N100_drop0.50_s0.20_c0.05,1.0,0.0,0.0,False,False,1.0068271698186462,1.0170734897113791,-0.0865463796488452,-0.1149304575594532,False,,,-0.072562358276644,-0.1715057393652937,0.1054054054054054,-0.6883413766827533,-0.0153937784882127,-0.5198934697081405,0.4,-0.4684725717809798,0.5191653114915212,0.05,0.05,,0.0,0.0,0.0,5.988888347466037,0.0,0.0,0.0,0.0,0.0,0.0,0.0,0.0683606851206099,0.0,0.0,0.0,0.0,0.0,2.0,18.0,0.0,0.0,,,12.513925752511646,0.0,0.998165137614679,0.0,0.0,0.2426043739675436,0.0970417495870174,0.2678495386799148,0.0,1.0,0.4400993612491128,0.4343882852425165,True,False,False,True,False,0.0240075907305864,-3.705084748212022,0.998165137614679,0.0,0.2421592283272362,0.0,0.2420156139105748,0.4773913432135692,0.6955287437899219,0.4923752821235915,0.78708303761533,0.6652859404855419,0.9992902767920512,0.8642654364797729,True,0.6335805535841021,0.4114339188445192,GDELT_PLUS_GOOGLE_NEWS,0.5131265411472943,,,,0.5131265411472943,0.5833333333333334,0.8125,99.0,0.661993196690834,True,721.1052,False,False,True,0.15393038352795127,0.4114339188445192,1.0,0.4169153146821766,0.9,0.10431988080604374,0.8490653060048334,0.5495096249234438,0.2678495386799148,0.0,0.457969658774809,0.1054054054054054,True,False,False,False,0.46167386025416707,0.0,0.5028764388464585,0.457969658774809,True,True,False,PRE_OBVIOUS_DISCOVERY,True,0.457969658774809,C,63
NILAINFRA,2,2,1,0.5633333333333334,0.5633333333333334,1.0,0.0,0.0,0.0,,,2026-08-27 08:01:06+00:00,True,2026-06-30,742043000.0,,94645000.0,67361000.0,7604000.0,,102249000.0,0.1377939014315882,0.0907777581622628,-0.0843395348665027,0.0298272435407429,0.0,-0.0359506703626181,0.0,0.0069163373915137,-0.1986291088127331,-0.0927811447811447,0.0,-0.0909179817737274,0.0,0.016326289734843,-0.2464486929879615,0.0079401945129917,-0.0165912407137196,0.0,0.0,0.0338658850423412,0.6406611475651605,0.2058119699335137,0.2354849419018259,-0.0483938126849205,3043142000.0,2968759000.0,408354000.0,372569000.0,263022000.0,240436000.0,0.0250552503588199,0.096049322407393,0.0939376798815485,0.0,0.1341882830311566,0.0086917371680535,2015780000.0,286538000.0,158396000.0,0.4727594281121947,0.300242899720107,0.5179423722821284,-0.4477041777533748,-0.0166509107045779,standalone,12,6,6,14,67,81,2,1,1.0,0.0,0.0,0.0,0,2026-08-27 08:01:06+00:00,2026-08-27 08:01:06+00:00,0.5780003103366003,1,1.0,[],Updates,https://nsearchives.nseindia.com/corporate/NILAINFRA_27082026133018_530377Reg30OrderCancellation27082026.pdf,2026-08-27 08:01:06+00:00,commercial_production_or_purchase_order,"[""order""]",[],,,,,,,,,,,,,,,,,,,,,,,,,,,,,,,,,,,,,,,,,,,,,,,,,,,,,,,,,,,,,,,,,,,,,,,,,,,,,,,,,,,,,,,,,,,,,,,,,,,,,,,,,,,,,,,0.0,GDELT_PLUS_GOOGLE_NEWS,0.45580786941882345,0.7244907796314979,0.5454711943565501,0.8435295068059507,0.5990695075676065,1.0,1.0,99.0,0.661993196690834,True,304.3142,False,False,True,0.0,0.0,1.0,0.5990695075676065,0.75,0.0,0.8490653060048334,0.4448136494197549,0.5,0.0,0.4558509195358039,0.0,True,False,False,False,0.384673907492385,0.0,0.4576369763767269,0.4558509195358039,True,True,False,PRE_OBVIOUS_DISCOVERY,True,0.4558509195358039,C,64
RVNL,9,9,1,0.5575404821965492,0.5575404821965492,0.85,0.0,0.999998984368529,0.2499997460921322,93492.0,,2026-10-01 13:24:20+00:00,True,2026-06-30,43212300000.0,,2173800000.0,1533600000.0,978800000.0,,3152600000.0,0.0729560796347336,0.0354898952381613,-0.3546463438128648,-0.1364378624922574,0.0,-0.0830667209586412,0.0,0.0216083165972973,0.1055216858500245,0.2269781582526602,0.0,0.1581499577532052,0.0,0.0033152463291157,0.0659358627662507,-0.2535984869933523,-0.3775976529441633,0.0,0.0,-0.0256102787276214,0.0408720560625661,-0.1566943666147093,-0.1483117816091954,-0.0210657557105939,208245800000.0,197579800000.0,15409500000.0,19287400000.0,8051700000.0,10885300000.0,0.053983251324275,-0.2010587222746456,-0.260314368919552,0.0,0.0739966904494592,-0.0236215883421986,203914570000.0,23298390000.0,13566520000.0,-0.0310658036843566,-0.1721573894161785,-0.1976350604281717,0.0850490550086316,-0.0166373626762372,consolidated,12,6,6,12,47,59,9,1,0.85,0.85,0.0,0.4,2,2026-08-18 08:42:59+00:00,2026-10-01 13:24:20+00:00,0.9244823419883855,3,0.85,"[""industrial_automation"", ""power_td"", ""railways"", ""renewables""]",Analysts/Institutional Investor Meet/Con. Call Updates,https://nsearchives.nseindia.com/corporate/RVNL_18082026141230_Transcriptcovering.pdf,2026-08-18 08:42:59+00:00,board_approved_or_funded,"[""capacity"", ""order""]","[""railways"", ""renewables"", ""power_td""]",2026-10-05,INE415G01027,196.95,196.95,1008628455.0820634,393.9,0.1741375938140737,0.0163143657087563,0.2293735605080328,0.0711257464575345,0.1830803292271156,0.0686320053171193,0.0101123227519418,0.0159658531413494,0.0241455675115944,0.0101123227519418,0.3629467958029814,0.0952682049046715,0.3629467958029814,0.337288668867487,0.1312287235330047,0.1130612244897959,0.2293735605080328,0.0163143657087563,0.1130612244897959,0.3629467958029814,False,,,N100_drop0.50_s0.20_c0.05,1.0,0.0,0.0,False,False,1.0068271698186462,1.0170734897113791,-0.0865463796488452,-0.1149304575594532,False,,,-0.0590062111801242,-0.1294258055960747,-0.2469891034219079,-0.454129711751663,-0.0158642759814326,0.1108654245628417,0.3166666666666666,0.1734849851707931,0.4188971374687281,0.2,0.1,,0.0,0.0,0.0,1.4129607867133498,0.0,0.0,0.0,0.0,0.0,0.0,0.0,0.0,0.0,0.0,0.0,0.0,0.0,1.0,2.0,0.0,0.0,72.84,0.0,2.3716647080420152,0.0,0.908256880733945,0.0,0.0,0.4558388028380747,0.1823355211352298,0.2246983676366217,0.0,1.0,0.3340667139815472,0.4358336182071183,True,False,False,True,False,0.0163143657087563,-4.0992603171687945,0.908256880733945,0.0,0.4140187291832055,0.0,0.027679205110007,0.5030945012078412,0.8183108587650816,0.5118872643138337,0.872249822569198,0.5313723729539843,0.9531582682753726,0.8978708303761533,False,0.6034066713981547,0.5132477440400283,GDELT_PLUS_GOOGLE_NEWS,0.4335574008122886,0.4586678530100425,0.44406617785501473,0.4089075914679332,0.43823929786861904,1.0,1.0,99.0,0.661993196690834,True,20824.58,False,False,True,1.0,0.5132477440400283,0.85,0.43823929786861904,0.645,0.1960106852203721,0.8798986393381668,0.6705330825111391,0.2246983676366217,0.0,0.4546408024177119,-0.1294258055960747,True,False,False,False,0.6876749970659929,0.0,0.5263333913083735,0.4546408024177119,True,True,False,PRE_OBVIOUS_DISCOVERY,True,0.4546408024177119,C,65
SEDEMAC,6,6,1,0.7413733228607572,0.7413733228607572,1.1,0.0,0.999998984368529,0.2499997460921322,200.0,,2026-09-25 11:27:02+00:00,True,2026-06-30,3097700000.0,,413400000.0,333100000.0,23200000.0,,436600000.0,0.1409432804984343,0.1075313942602576,0.0766744291126482,0.0383416458852867,0.0,0.0099467962063382,0.0,-0.0093121850745384,,,,,,,,,,,,,,,,,,,,,,,,,,,,,,,,,,,,,standalone,2,2,0,2,0,2,6,1,0.0,1.1,1.1,1.1,0,2026-07-02 10:38:37+00:00,2026-09-25 11:27:02+00:00,0.5541109406047328,0,0.0,"[""ev_auto"", ""renewables""]",Investor Presentation,https://nsearchives.nseindia.com/corporate/SEDEMAC2007_02072026160824_20260702-CorrigendumtoInvestorPresentation.pdf,2026-07-02 10:38:37+00:00,utilisation_ramp_or_repeat_order,"[""capacity"", ""commissioning"", ""product""]","[""ev_auto""]",,,,,,,,,,,,,,,,,,,,,,,,,,,,,,,,,,,,,,,,,,,,,,,,,,,,,,,,,,,,,,,,,,,,,,,,,,,,,,,,,,,,,,,,,,,,,,,,,,,,,,,,,,,,,,,0.4114339188445192,GDELT_PLUS_GOOGLE_NEWS,,,,,0.5,0.16666666666666666,0.625,99.0,0.661993196690834,True,1239.08,False,False,True,0.16141007844529814,0.4114339188445192,1.0,0.3125,0.19999999999999998,0.0,0.7657319726715002,0.43680583787245714,0.5,0.0,0.44944467029796575,0.0,True,False,False,False,0.2842646126851914,0.0,0.4396016418397124,0.44944467029796575,True,True,False,PRE_OBVIOUS_DISCOVERY,True,0.44944467029796575,C,66
POWERGRID,7,4,3,0.7484119862622965,0.7484119862622965,0.85,0.0,0.999998984368529,0.2499997460921322,37000.0,3.0,2026-10-01 13:00:00+00:00,True,2026-06-30,97954000000.0,,42463200000.0,34109500000.0,25147800000.0,,67611000000.0,0.6902321497845928,0.3482195724523756,-0.0176199392443554,-0.2508017044456159,0.0,0.0584047301115684,0.0,0.049579021590985,-0.0133790212354064,-0.0663193940704527,0.0,0.0439080275201027,0.0,0.0378782055266535,-0.0547224924177863,-0.071134705180099,-0.0032105039176909,0.0,0.0,-0.0117538786645768,0.0306219879710196,0.018935148176997,0.0144268761710659,-0.0076145217632982,407713700000.0,412915600000.0,270939100000.0,278417600000.0,156787200000.0,155946500000.0,-0.0125979740169661,-0.0268607300687887,0.0053909513839682,0.0,0.664532734612548,-0.0097396832859281,422147000000.0,275669500000.0,153050500000.0,-0.0218677380154306,0.0099688213603608,0.0189218591249293,0.0092697639984644,0.021254630255783,standalone,12,6,6,12,93,105,4,3,0.0,0.85,0.0,0.85,3,2026-08-04 13:15:06+00:00,2026-09-30 14:27:36+00:00,0.0,0,0.0,"[""data_centres"", ""green_hydrogen"", ""power_td"", ""renewables""]",Investor Presentation,https://nsearchives.nseindia.com/corporate/POWERGRID1_07082026104951_NSEBSE.pdf,2026-08-07 05:20:17+00:00,commissioned_or_loa,"[""capacity"", ""commissioning"", ""policy""]","[""power_td""]",2026-10-05,INE752E01010,257.0,257.0,2440339116.106349,514.0,0.1616910909171498,0.0146927950859664,0.144591720415373,0.1016157428914878,0.2014152819423238,0.076470421270176,0.008917960482495,0.0143850664572959,0.0221110770373786,0.008917960482495,0.3367622263680179,0.1198914121387465,0.3367622263680179,0.2682196625944736,0.1645202759861853,0.1045667947076397,0.144591720415373,0.0146927950859664,0.1045667947076397,0.3367622263680179,False,,,N100_drop0.50_s0.20_c0.05,1.0,0.0,0.0,False,False,1.0068271698186462,1.0170734897113791,-0.0865463796488452,-0.1149304575594532,False,,,-0.0323795180722892,-0.0865470055091524,-0.1292563103506691,-0.1049973881246734,-0.003530516235905,0.0712423298512647,0.4833333333333333,0.0990411954289247,0.4174078582810889,0.2,0.05,,0.0,0.0,1.184879470387616,0.0,0.0,0.0,0.0,0.0,0.0,0.0,0.0,0.0,0.0,0.0,0.0,0.0,0.0,1.0,2.0,0.0,0.0,51.34,0.0,2.5810993379845195,0.0,0.9211009174311928,0.0,0.0,0.3876717976722987,0.1550687190689195,0.3547196593328602,0.0,1.0,0.0312987934705464,0.4919296477808513,True,False,True,True,True,0.0146927950859664,-4.20559623228285,0.9211009174311928,0.0,0.3570848484981541,0.0,0.0127750177430802,0.502793313897656,0.815471965933286,0.5448754035424265,0.9276082327892122,0.5446976471971426,0.9701916252661462,0.9243435060326473,False,0.6477430801987224,0.5132477440400283,GDELT_PLUS_GOOGLE_NEWS,0.46230059658822253,0.5128881504254121,0.48245729291222145,0.5009538747991263,0.4847768160439553,1.0,1.0,99.0,0.661993196690834,True,40771.37,False,False,True,0.9074995517688024,0.5132477440400283,0.85,0.4847768160439553,0.15,0.16669887299908845,0.8798986393381668,0.5980670731519422,0.3547196593328602,0.0,0.44689368691048204,-0.0865470055091524,True,False,False,False,0.5710936515294035,0.0,0.40872437881494217,0.44689368691048204,True,True,False,PRE_OBVIOUS_DISCOVERY,True,0.44689368691048204,C,67
RRKABEL,3,3,1,0.6446666666666667,0.6446666666666667,1.0,0.0,0.999998984368529,0.2499997460921322,,,2026-09-15 13:08:39+00:00,True,2026-06-30,31682000000.0,,2601000000.0,2031000000.0,263000000.0,,2864000000.0,0.0903983334385455,0.0641058014014266,0.0688424333887187,0.2229878357571293,0.0,0.1528959869639023,0.0,0.0065906215727178,0.5390147177451283,1.2882779553543564,0.0,1.134700813929221,0.0,0.0252255632246836,0.4339875369753871,0.6637975312037148,0.6943250901620761,0.0,0.0,0.0120461440666601,0.3082551289684088,1.0108816904400388,0.9748672527263332,0.0271667274897408,108319688000.0,78687125000.0,9002130000.0,5031530000.0,6015458000.0,3355526000.0,0.3765871862772976,0.7891436600795385,0.7927019489641862,0.0,0.0831070525240065,0.0191635547789815,68053663000.0,4429564000.0,2876396000.0,0.1562511337560184,0.1358973479105392,0.166573030973482,0.2203360525212792,-0.0011457833418725,consolidated,12,6,6,14,12,26,3,1,0.0,1.0,0.2,1.0,1,2026-08-03 10:50:56+00:00,2026-09-15 13:08:39+00:00,0.7467686282112622,3,1.0,"[""data_centres"", ""power_td"", ""renewables""]",Commencement of commercial production/operations,https://nsearchives.nseindia.com/corporate/RRKL1995_15092026183656_Intimation_Reg_30_Commercial_Operation_15_09_2026.pdf,2026-09-15 13:08:39+00:00,commercial_production_or_purchase_order,"[""capacity"", ""commissioning""]",[],,,,,,,,,,,,,,,,,,,,,,,,,,,,,,,,,,,,,,,,,,,,,,,,,,,,,,,,,,,,,,,,,,,,,,,,,,,,,,,,,,,,,,,,,,,,,,,,,,,,,,,,,,,,,,,0.5132477440400283,GDELT_PLUS_GOOGLE_NEWS,0.788540848195676,0.8823773251588206,0.888165515398434,0.65050590581863,0.8112196595204569,1.0,1.0,99.0,0.661993196690834,True,10831.9688,False,False,True,0.0,0.5132477440400283,1.0,0.8112196595204569,0.07999999999999999,0.0,0.9323986393381668,0.49149926462035903,0.5,0.0,0.44319941169628724,0.0,True,False,False,False,0.36336955321793374,0.0,0.4550633033771709,0.44319941169628724,True,True,False,PRE_OBVIOUS_DISCOVERY,True,0.44319941169628724,C,68
ACC,5,5,1,0.6438541228594944,0.6438541228594944,1.1,0.0,0.999998984368529,0.2499997460921322,20562.0,,2026-09-30 14:14:02+00:00,True,2026-06-30,57660000000.0,,2220000000.0,1480000000.0,270000000.0,,2490000000.0,0.0431841831425598,0.0256677072493929,-0.1851063559160345,-0.404953361209392,0.0,-0.3941605839416058,0.0,-0.0149013679706052,-0.0494293443766146,-0.6150845253576073,0.0,-0.5878779854019431,0.0,-0.0564213119009873,0.063557872680517,-0.50826634083103,-0.6457509219655502,0.0,0.0,-0.0597656507734574,0.1720349237387934,-0.3263827493261455,0.249913072399353,-0.0751001563253507,251528600000.0,225783800000.0,19095600000.0,31971900000.0,20502800000.0,24428300000.0,0.1140241239628352,-0.4027380293320072,-0.160694767953562,0.0,0.0759182057229277,-0.065685842043121,199066800000.0,25503200000.0,20265440000.0,0.134211229597301,0.2536426801342577,0.205416709432413,-0.0201871056344657,0.0134902688737372,standalone,12,6,6,12,157,169,5,1,0.0,1.1,0.7,1.1,2,2026-07-24 09:28:42+00:00,2026-09-30 14:14:02+00:00,0.5932275182171692,0,0.0,"[""ev_auto"", ""industrial_automation"", ""power_td"", ""renewables""]",Press Release,https://nsearchives.nseindia.com/corporate/ACC_1_24072026145827_Press_Release_Financial_Results_30062026_Final.pdf,2026-07-24 09:28:42+00:00,trial_production_or_l1_bidder,"[""capacity"", ""approval""]","[""renewables""]",2026-10-05,INE012A01025,1184.4,1184.4,204272648.87619045,2368.8,0.1838643224869371,0.0176316793282625,0.1778642916377112,0.0991299555740858,0.1745614585598566,0.0416172667975823,0.0111075834711106,0.0172010252141222,0.0255767043039912,0.0111075834711106,0.3727625717153605,0.0869372276311807,0.3727625717153605,0.3062101157952397,0.1359267904917883,0.1130612244897959,0.1778642916377112,0.0176316793282625,0.1130612244897959,0.3727625717153605,False,,,N100_drop0.50_s0.20_c0.05,1.0,0.0,0.0,False,False,1.0068271698186462,1.0170734897113791,-0.0865463796488452,-0.1149304575594532,False,,,-0.0688679245283018,-0.1305241521068858,-0.1304603186256514,-0.3618534482758619,-0.0253598738260065,-0.1336849051796892,0.4,-0.0760787199935049,0.3053517653572643,0.05,0.05,,0.0,0.0,0.7567675751254124,0.0,0.0,0.0,0.0,0.0,0.0,0.0,0.0,0.0,0.0,0.0,0.0,0.0,0.0864056046954706,1.0,1.0,0.0,0.0,,,1.6959594689067656,0.0,0.818348623853211,0.0,0.0,0.2548825854650596,0.1019530341860238,0.2376153300212917,0.0,1.0,0.1679313160816,0.410482112485019,True,False,False,True,False,0.0176316793282625,-4.020269064112547,0.818348623853211,0.0,0.2085828130594799,0.0,0.0503903477643718,0.508360043832309,0.8353442157558553,0.5278856098816888,0.9098651525904896,0.5289755072474851,0.9460610361958836,0.91124911284599,False,0.6361983517133446,0.5132477440400283,GDELT_PLUS_GOOGLE_NEWS,0.3463969039080417,0.475684388363501,0.40885727338451566,0.6769761230119393,0.44079773178278603,1.0,1.0,99.0,0.661993196690834,True,25152.86,False,False,True,0.8174815905626637,0.5132477440400283,1.0,0.44079773178278603,0.155,0.10959951174997562,0.9323986393381668,0.6067468322133621,0.2376153300212917,0.0,0.41948602648842004,-0.1304603186256514,True,False,False,False,0.536488524039814,0.0,0.4480214144906529,0.41948602648842004,True,True,False,PRE_OBVIOUS_DISCOVERY,True,0.41948602648842004,C,69
PROSTARM,7,7,1,0.6319666311195652,0.6319666311195652,1.0,0.0,0.999998984368529,0.2499997460921322,,,2026-09-22 13:56:11+00:00,True,2026-06-30,760482000.0,,61424000.0,45793000.0,20807000.0,,82231000.0,0.1081301069584815,0.0602157579009102,-0.2719371811957171,-0.4237337192474674,0.0,-0.3181113331619579,0.0,-0.0073220398484972,0.3848624847260893,1.5050875273522974,0.0,1.0135409779867284,0.0,0.0337609581637319,0.3181615363324932,0.3708029197080291,0.4554221907207512,0.0,0.0,0.0043151113202942,,,,,,,,,,,,,,,,,,,,,,,,,consolidated,6,6,0,14,0,14,7,1,1.0,1.0,0.0,0.2,4,2026-07-15 12:19:22+00:00,2026-09-22 13:56:11+00:00,0.6151380992334212,3,0.0,"[""battery_bess"", ""defence_aerospace"", ""industrial_automation"", ""power_td"", ""railways"", ""renewables""]",Investor Presentation,https://nsearchives.nseindia.com/corporate/PROSTARM_13082026142849_SE_IP_S.pdf,2026-08-13 08:58:57+00:00,commissioned_or_loa,"[""commissioning"", ""order""]","[""battery_bess"", ""railways"", ""renewables"", ""power_td"", ""industrial_automation""]",2026-10-05,INE0BX301013,132.0,132.0,38264622.16444445,264.0,0.3025473147466828,0.0377428090568486,0.2599493956403558,0.1451929094271347,0.1751145074779972,0.0785662460989258,0.0274723013583645,0.0372919727988091,0.0485950730669769,0.0274723013583645,0.4132721839963762,0.0682451856709528,0.4132721839963762,0.3917481328671556,0.0885924273724801,0.1578542883492161,0.2599493956403558,0.0377428090568486,0.1578542883492161,0.4132721839963762,False,,,N100_drop0.50_s0.20_c0.05,1.0,0.0,0.0,False,False,1.0068271698186462,1.0170734897113791,-0.0865463796488452,-0.1149304575594532,False,,,0.0174978802127496,0.0044897648580777,0.0199350950394066,-0.4017132756198159,0.0160012919267237,0.3909033539866202,0.4666666666666667,0.3840107590821175,0.7468961374987453,0.4,0.25,,0.1100213985993589,0.0,0.3216617786204505,0.4327514972835885,0.0,0.0,0.0,0.0,0.0,0.0,0.0,0.0,0.0,0.0,0.0,0.0,0.5897672242640666,2.0,2.0,0.0,0.0,72.83,0.0,2.291553570830793,0.0,0.8954128440366973,0.0,0.0,0.7914014218191767,0.3165605687276707,0.6351312987934705,0.0,1.0,0.7105167937495829,0.4494702484116714,True,False,True,True,True,0.0377428090568486,-3.2384867961972708,0.8954128440366973,0.0,0.708630997885795,0.0,0.5365507452093683,0.5718976552966535,0.9332860184528036,0.5518597603116873,0.9347054648687012,0.5111236948258758,0.9034776437189496,0.9203690560681336,True,0.7341718834355456,0.5132477440400283,GDELT_PLUS_GOOGLE_NEWS,0.6858931023609988,,,,0.6858931023609988,0.5,0.775,99.0,0.661993196690834,True,304.1928,False,False,True,0.0,0.5132477440400283,1.0,0.5315671543297741,0.75,0.340302611382246,0.8323986393381668,0.5607781750318881,0.6351312987934705,0.0,0.418807456284238,0.0199350950394066,True,False,False,False,0.4344715574893754,0.0,0.4041774745739818,0.418807456284238,True,True,False,PRE_OBVIOUS_DISCOVERY,True,0.418807456284238,C,70
NH,5,5,1,0.5633333333333334,0.5633333333333334,1.1,0.0,0.9850044231795224,0.2462511057948805,,,2026-10-05 12:14:47+00:00,True,2026-06-30,26836340000.0,,2622960000.0,2072700000.0,868010000.0,,3490970000.0,0.1300836850330559,0.0772348241228125,0.0346317342160515,-0.0910526108063306,0.0,-0.0942896430053964,0.0,-0.0185164801296432,0.7804612182695989,0.0572249057643163,0.0,0.2628264258919626,0.0,-0.0533215332790038,0.769345765440588,0.2697181004798583,0.1096430965788153,0.0,0.0,-0.0547683351569022,0.3716631998221698,0.1625655753398429,-0.013977215887631,-0.028778087059447,90724000000.0,57493920000.0,13417450000.0,11008040000.0,8216780000.0,7841430000.0,0.5779755494146164,0.2188772933237888,0.0478675445677638,0.0,0.1478930602707111,-0.0435713589235271,51292530000.0,10242330000.0,8070730000.0,0.1209024004080125,0.0747593565136057,-0.0284113085185603,0.4570731490066038,-0.0082202132463919,consolidated,12,6,6,13,82,95,5,1,1.1,1.0,1.1,0.55,1,2026-07-31 14:03:39+00:00,2026-10-05 12:14:47+00:00,0.7308741281368789,1,0.0,"[""industrial_automation""]",Commencement of commercial production/operations,https://nsearchives.nseindia.com/corporate/Narayana_05102026174434_SENHLCommercialOperation.pdf,2026-10-05 12:14:47+00:00,commercial_production_or_purchase_order,"[""commissioning""]",[],2026-10-05,INE410P01011,1722.4,1722.4,516367290.6571429,3444.8,0.2092942965010166,0.0212915421651973,0.1495015244445108,0.1424168900237535,0.1654391727316635,0.059384962393264,0.0140299636537852,0.0209648631059011,0.0297050506388877,0.0140299636537852,0.4242584356865341,0.0509404721531145,0.4242584356865341,0.3650254845294298,0.0944239863957119,0.1428571428571428,0.1495015244445108,0.0212915421651973,0.1428571428571428,0.4242584356865341,False,,,N100_drop0.50_s0.20_c0.05,1.0,0.0,0.0,False,False,1.0068271698186462,1.0170734897113791,-0.0865463796488452,-0.1149304575594532,False,,,-0.0849006481776644,-0.1358619305639172,0.0216501571860727,-0.0468706767749431,-0.0396133379896919,-0.2140386074276566,0.4,-0.1912131132196205,0.3516502939267726,0.2,0.0,,0.0,0.0,0.8,0.0,0.0,0.0,0.0,0.0,0.0,0.0,0.0,0.0,0.0,0.0,0.0,0.0,0.0,1.0,1.0,0.0,0.0,,,1.75,0.0,0.828440366972477,0.0,0.0,0.2634315117104329,0.1053726046841731,0.2660752306600425,0.0,1.0,0.0450319375443577,0.4361500120457609,True,False,False,True,False,0.0212915421651973,-3.827923889890334,0.828440366972477,0.0,0.2182372982335054,0.0,0.1611071682044003,0.4911177059330202,0.7615330021291696,0.524557145527044,0.9020581973030518,0.5296413916930424,0.9481902058197303,0.8947125621007808,False,0.6701277501774309,0.1478562110337886,GDELT_PLUS_GOOGLE_NEWS,0.6517178312936291,0.6749484261481562,0.7021083706579678,0.5894615733442147,0.6582651491877164,1.0,1.0,99.0,0.661993196690834,True,9072.4,False,False,True,0.0,0.1478562110337886,1.0,0.6582651491877164,0.9,0.11327555003548613,0.9323986393381668,0.5140427122362009,0.2660752306600425,0.0,0.41084666091742067,0.0216501571860727,True,False,False,False,0.45825554983589895,0.0,0.451747834425074,0.41084666091742067,True,True,False,PRE_OBVIOUS_DISCOVERY,True,0.41084666091742067,C,71
COCHINSHIP,6,5,2,0.742670574769923,0.742670574769923,1.1,0.0,0.999998984368529,0.2499997460921322,1570.0,,2026-09-29 07:30:00+00:00,True,2026-06-30,9099185000.0,,1783472000.0,1357957000.0,236136000.0,,2019608000.0,0.2219548234264937,0.1492394099031946,-0.2502309042456635,-0.3724829206438399,0.0,-0.4087883399799007,0.0,-0.059526206993539,-0.0690648000187431,-0.2771580018694414,0.0,-0.2211163183892336,0.0,-0.0433294068272927,-0.1921365280368445,-0.1588780867261318,-0.2547065262772983,0.0,0.0,0.0101213696676897,-0.0231652715862271,-0.3108148174735726,-0.3672427623229783,-0.0726941663727612,42401851000.0,47954233000.0,9122245000.0,11811587000.0,5909759000.0,8499240000.0,-0.115785023607822,-0.2276867621599028,-0.3046720647963817,0.0,0.2151378957489379,-0.0311716844710188,39109774000.0,12201615000.0,8845360000.0,0.2261444671094239,-0.0319652767277118,-0.0391301201986126,-0.341929490717246,-0.065674196520865,standalone,12,6,6,12,58,70,5,2,1.1,1.1,0.2,1.1,2,2026-05-06 05:14:51+00:00,2026-09-18 05:37:19+00:00,0.7740035568785674,4,0.55,"[""battery_bess"", ""defence_aerospace"", ""green_hydrogen""]",Analysts/Institutional Investor Meet/Con. Call Updates,https://nsearchives.nseindia.com/corporate/Aswi4739_18092026110658_SE_Intimation_sd.pdf,2026-09-18 05:37:19+00:00,utilisation_ramp_or_repeat_order,"[""capacity"", ""commissioning"", ""order"", ""policy""]","[""battery_bess"", ""defence_aerospace""]",2026-10-05,INE704P01025,1283.8,1283.8,1742939822.3380952,2567.6,0.2115873996542888,0.0216374191396759,0.2063698190047247,0.104847788518827,0.1636921211804492,0.0889554668081012,0.0143132421411489,0.0213275528047165,0.030159370676507,0.0143132421411489,0.3994978742840608,0.0709752231709385,0.3994978742840608,0.3508395304020488,0.105739985655966,0.1428571428571428,0.2063698190047247,0.0216374191396759,0.1428571428571428,0.3994978742840608,False,,,N100_drop0.50_s0.20_c0.05,1.0,0.0,0.0,False,False,1.0068271698186462,1.0170734897113791,-0.0865463796488452,-0.1149304575594532,False,,,-0.1364767606107486,-0.0873675979242198,-0.0375590374091012,-0.3209203914308384,-0.107354227969342,0.1245543276079379,0.45,0.1572819177857449,0.3528924681312173,0.2,0.0,,0.0,0.0,0.0,0.0,0.0,0.0,0.0,0.0,0.0,0.0,0.0,0.0,0.0,0.0,0.0,0.0,0.0,0.0,0.0,0.0,0.0,,,0.0,0.0,0.0,0.0,0.0,0.3401880766501065,0.1360752306600426,0.350319375443577,0.0,1.0,0.2494322214336408,0.1316359119943222,False,False,True,True,False,0.0216374191396759,-3.811456154955056,0.0,0.0,0.0,0.0,0.170333569907736,0.4387669997852034,0.3300212916962384,0.4624097728970349,0.3392476933995741,0.4797596460253208,0.3200851667849538,0.3287792760823279,False,0.2563023420865862,0.3333091163711693,GDELT_PLUS_GOOGLE_NEWS,0.4101533509515653,0.3424171719382544,0.35238419982562413,0.6006371565366937,0.4102380468108186,1.0,1.0,99.0,0.661993196690834,True,4240.1851,False,False,True,0.3702668546238701,0.3333091163711693,1.0,0.4102380468108186,0.83,0.14628087295954578,0.9323986393381668,0.5742490069888663,0.350319375443577,0.0,0.4095085029651172,-0.0375590374091012,True,False,False,False,0.5135243873087766,0.0,0.4458044591406073,0.4095085029651172,True,True,False,PRE_OBVIOUS_DISCOVERY,True,0.4095085029651172,C,72
SHREERAMA,3,3,1,0.6629338012930073,0.6629338012930073,1.0,0.0,0.0,0.0,20.0,,2026-09-21 09:56:03+00:00,True,2026-06-30,805197000.0,,111885000.0,80613000.0,2319000.0,,114204000.0,0.1418336133890215,0.1001158722647997,0.2892558410616386,0.709568647410612,0.0,0.7169144729918668,0.0,0.0353287074096189,0.4547476404526862,0.0971934886759582,0.0,0.114652976370575,0.0,-0.0432752220858508,0.2610870069513475,0.0108343028458921,-0.7092471013915596,0.0,0.0,-0.0312932058679087,0.1530581158380939,0.5680866477021751,0.20355768684016,0.0385471642178053,2648475000.0,2190695000.0,358219000.0,291978000.0,254764000.0,544953000.0,0.2089656478879991,0.2268698326586249,-0.5325028029940196,0.0,0.1352548164509765,0.0019738257151597,1768273000.0,127411000.0,122097000.0,0.2388895832261195,1.2916231722535731,3.4632791960490428,-0.0299239353381204,0.0612270714597773,standalone,12,6,6,6,84,90,3,1,0.0,1.0,0.0,1.0,0,2026-06-03 11:09:00+00:00,2026-09-21 09:56:03+00:00,0.5248902245388161,0,0.0,[],Capacity addition,https://nsearchives.nseindia.com/corporate/SHREERAMA_21092026152034_Reg30DisclCOPTubingMachine.pdf,2026-09-21 09:56:03+00:00,commercial_production_or_purchase_order,"[""capacity"", ""commissioning""]",[],,,,,,,,,,,,,,,,,,,,,,,,,,,,,,,,,,,,,,,,,,,,,,,,,,,,,,,,,,,,,,,,,,,,,,,,,,,,,,,,,,,,,,,,,,,,,,,,,,,,,,,,,,,,,,,0.0,GDELT_PLUS_GOOGLE_NEWS,0.5075636828341531,0.7275166725351774,0.5985414838336863,0.9091854106609655,0.6409907496333376,1.0,1.0,99.0,0.661993196690834,True,264.8475,False,False,True,0.07551515494765855,0.0,1.0,0.6409907496333376,0.049999999999999996,0.0,0.9323986393381668,0.3852753511995358,0.5,0.0,0.4082202809596287,0.0,True,False,False,False,0.28614209782644867,0.0,0.40079597807620154,0.4082202809596287,True,True,False,PRE_OBVIOUS_DISCOVERY,True,0.4082202809596287,C,73
IOC,8,2,5,0.5480337580958317,0.5480337580958317,1.0,0.0,0.99177025295098,0.247942563237745,1000.0,31.38686131386863,2026-10-01 02:15:00+00:00,True,2026-06-30,2759717700000.0,,-32743000000.0,-26613700000.0,16098200000.0,,-16644800000.0,-0.0060313415390277,-0.0096436313033032,0.1851640673202541,-1.2339149778818037,-1.0,-1.0969319179763843,-1.0,-0.0797751549187772,0.2624064477143302,-1.4678427029497592,-1.0,-1.177495686520403,-1.0,-0.0489281836905164,0.1661436030277232,-0.2326622145336938,-0.3271182580702438,0.0,0.0,-0.0158393346567652,0.0557626485250393,3.624412268601096,5.463419506539951,0.0536122319191234,9435884800000.0,8481315500000.0,457113700000.0,267405100000.0,284524500000.0,160069900000.0,0.1125496746347898,0.709442714443367,0.7775015789976754,0.0,0.0484441798187277,0.0169154505785526,8611887200000.0,453848100000.0,285115800000.0,-0.015161798682175,-0.4108048485825984,-0.4385793421479974,0.1277114733169648,-0.0211714617237753,standalone,12,6,6,14,109,123,2,5,1.0,1.0,0.0,0.85,2,2026-05-19 05:21:50+00:00,2026-07-28 10:03:33+00:00,0.3878847384370299,0,0.7,"[""green_hydrogen""]",Press Release,https://nsearchives.nseindia.com/corporate/IOC_28072026153323_2026_07_28_Press_Release_Final_S.pdf,2026-07-28 10:03:33+00:00,commissioned_or_loa,"[""commissioning""]","[""green_hydrogen""]",2026-10-05,INE242A01010,130.5,130.5,1346402802.9071429,261.0,0.1748573938690142,0.0164103291610565,0.1405178415144264,0.1167846658060977,0.1829228759219212,0.0875822184550267,0.0101825091244575,0.0160588614632218,0.0242566915801334,0.0101825091244575,0.3467292125640406,0.1070216611455734,0.3467292125640406,0.2759339171304686,0.15790870951932,0.1045667947076397,0.1405178415144264,0.0164103291610565,0.1045667947076397,0.3467292125640406,False,,,N100_drop0.50_s0.20_c0.05,1.0,0.0,0.0,False,False,1.0068271698186462,1.0170734897113791,-0.0865463796488452,-0.1149304575594532,False,,,-0.0529753265602322,-0.0561261391581078,-0.0264826557254757,-0.1057969028367822,-0.0342666135075296,-0.1296956179503066,0.4333333333333333,-0.1069890058105959,0.3768480525905355,0.2,0.0,,0.0,0.0,0.0,0.0,0.9512441040048972,0.0,0.0,0.0,0.0,0.0,0.0,0.084428835116436,0.0,0.0,0.0,0.0,0.0,2.0,2.0,0.0,0.0,51.5,0.0,2.338107580694915,0.0,0.9045871559633027,0.0,0.0,0.2949787083037615,0.1179914833215046,0.2588360539389638,0.0,1.0,0.0229950319375443,0.4685377260207968,True,False,False,True,False,0.0164103291610565,-4.093297845437023,0.9045871559633027,0.0,0.2668339508142283,0.0,0.0305180979418026,0.2943081539932066,0.0042583392476933,0.3669774900670184,0.0063875088715401,0.3930597465473705,0.0056777856635912,0.0056422995031937,False,0.010805535841022,0.3333091163711693,GDELT_PLUS_GOOGLE_NEWS,0.47809567103610345,0.7899925732838045,0.765320180256674,0.3331082521962648,0.5917666856161671,1.0,1.0,99.0,0.661993196690834,True,943588.48,False,False,True,0.20924574209245753,0.3333091163711693,1.0,0.5917666856161671,0.85,0.12684084457061742,0.8490653060048334,0.566135213327068,0.2588360539389638,0.0,0.40283577889444355,-0.0264826557254757,True,False,False,False,0.5052948784979102,0.0,0.40965661386133434,0.40283577889444355,True,True,False,PRE_OBVIOUS_DISCOVERY,True,0.40283577889444355,C,74
RELIANCE,6,4,3,0.4306170030476781,0.4065099644528985,1.1,0.0,0.999998984368529,0.2499997460921322,,,2026-10-01 19:30:00+00:00,True,2026-06-30,1660130000000.0,,176000000000.0,132720000000.0,18380000000.0,,194380000000.0,0.1170872160613927,0.0799455464331106,0.134084776445674,0.7881972514147131,0.0,0.7278222222222221,0.0,0.0402350795719983,0.3678369270571562,-0.2587131367292224,0.0,-0.1360888888888889,0.0,-0.0682978493177402,0.2131207381288928,-0.2076221952542022,-0.289378798804986,0.0,0.0,-0.0521608751240209,-0.0227322979330115,0.0143793771420057,0.1272362175976633,0.00388617873819,5687490000000.0,5198300000000.0,579180000000.0,655730000000.0,392190000000.0,455550000000.0,0.0941057653463632,-0.1167401216964298,-0.1390846229832071,0.0,0.1018340252026816,-0.0243091369849565,5563740000000.0,654740000000.0,400260000000.0,-0.0656824366343502,0.001512050584965,0.1381352121121271,0.1597882019807135,0.0084633281191879,standalone,12,6,6,12,130,142,4,3,1.1,1.1,1.1,1.1,4,2026-07-19 12:36:37+00:00,2026-09-25 17:19:03+00:00,0.6414461168265748,2,0.0,"[""battery_bess"", ""data_centres"", ""green_hydrogen"", ""industrial_automation"", ""power_td"", ""railways"", ""renewables""]",Credit Rating,https://nsearchives.nseindia.com/corporate/PVIVINMA_25092026224843_SE.pdf,2026-09-25 17:19:03+00:00,utilisation_ramp_or_repeat_order,"[""capacity"", ""commissioning"", ""product"", ""approval""]","[""battery_bess"", ""railways"", ""renewables"", ""power_td"", ""green_hydrogen""]",2026-10-05,INE002A01018,1186.4,1186.4,15268069474.363491,2372.8,0.1419393105428587,0.0122627933643026,0.1404794519986745,0.0872924345150372,0.2007199519013395,0.0956988401703909,0.007085209481164,0.012081111598207,0.019053686452833,0.007085209481164,0.3055561057921803,0.1361484085795741,0.3055561057921803,0.234679044906651,0.1878610620801446,0.0721649484536082,0.1404794519986745,0.0122627933643026,0.0721649484536082,0.3055561057921803,False,,,N100_drop0.50_s0.20_c0.05,1.0,0.0,0.0,False,False,1.0068271698186462,1.0170734897113791,-0.0865463796488452,-0.1149304575594532,False,,,-0.0891362763915546,-0.0729801531489293,-0.0906721851766689,-0.1608431178384495,-0.0648095586752448,0.0359751584620653,0.4833333333333333,0.071464348334737,0.369939706053602,0.2,0.0,,0.0,0.0864056046954706,0.0,0.0,0.0,0.0,0.0,0.0,0.0,0.0,0.0,0.0,0.0,0.0,0.0,0.0,0.4861773982397567,1.0,0.0,0.0,0.0,50.48,0.4799999999999969,0.4864056046954706,0.0,0.1486238532110091,0.0,0.0924242424242424,0.3295777146912704,0.1734219949674172,0.305748757984386,0.0,1.0,0.3120987334170442,0.1791339131515895,True,False,True,True,True,0.0122627933643026,-4.388846928881277,0.1486238532110091,0.0304609706002537,0.0489831098898952,0.0,0.0007097232079489,0.4670446738900088,0.609652235628105,0.4781035735180408,0.6749467707594038,0.4891999586067638,0.7224982256919801,0.6832860184528033,False,0.4473032565376425,0.5132477440400283,GDELT_PLUS_GOOGLE_NEWS,0.4676261116106396,0.5062902840893994,0.4898561985872701,0.47619877436639424,0.48302407153901883,1.0,1.0,99.0,0.661993196690834,True,568749.0,False,False,True,0.0,0.5132477440400283,1.0,0.48302407153901883,1.0,0.19162750822633715,0.9323986393381668,0.5751146331255915,0.305748757984386,0.0,0.3962735594239869,-0.0729801531489293,True,False,False,False,0.4749020316338911,0.0,0.4198220351590357,0.3962735594239869,True,True,False,PRE_OBVIOUS_DISCOVERY,True,0.3962735594239869,C,75
ULTRACEMCO,3,3,1,0.5633333333333334,0.5633333333333334,1.0,0.0,0.0,0.0,,,2026-09-23 16:59:16+00:00,True,2026-06-30,235354900000.0,,32526200000.0,23971200000.0,3962800000.0,,36489000000.0,0.1550381997570477,0.1018512892657004,-0.0425757126428224,-0.0775482560108364,0.0,-0.0813767893377372,0.0,-0.0065485489693623,0.1986339880398833,0.0740795504953422,0.0,0.0792432963223681,0.0,-0.0171510149515937,0.1802219968928087,0.071107925398097,0.0166526588697843,0.0,0.0,-0.0161345921821509,0.2151089561710026,0.29928100394136,0.1539757805007036,0.0075234161199199,860698800000.0,720036000000.0,120285000000.0,105073300000.0,75705800000.0,71451900000.0,0.195355232238388,0.1447722685020838,0.0595351558181098,0.0,0.1397527218580994,-0.0061751206386645,690287500000.0,100845400000.0,68624300000.0,0.0430958115278055,0.0419245696878587,0.0412040632837056,0.1522594207105825,-0.0001640395089219,standalone,12,6,6,12,128,140,3,1,0.0,1.0,0.0,0.15,0,2026-09-01 01:41:25+00:00,2026-09-23 16:59:16+00:00,0.8326033689006604,2,1.0,[],Commencement of commercial production/operations,https://nsearchives.nseindia.com/corporate/ULTRACEMCO1_01092026071110_Wires_and_Cables_Commercial_production.pdf,2026-09-01 01:41:25+00:00,commercial_production_or_purchase_order,"[""commissioning""]",[],,,,,,,,,,,,,,,,,,,,,,,,,,,,,,,,,,,,,,,,,,,,,,,,,,,,,,,,,,,,,,,,,,,,,,,,,,,,,,,,,,,,,,,,,,,,,,,,,,,,,,,,,,,,,,,0.0,GDELT_PLUS_GOOGLE_NEWS,0.5521396543709399,0.6739340584403828,0.6200333468518961,0.5422239792637492,0.5946796426184133,1.0,1.0,99.0,0.661993196690834,True,86069.88,False,False,True,0.0,0.0,1.0,0.5946796426184133,0.049999999999999996,0.0,0.9323986393381668,0.3651990683268679,0.5,0.0,0.39215925466149437,0.0,True,False,False,False,0.25190977458842,0.0,0.41409066217771556,0.39215925466149437,True,True,False,PRE_OBVIOUS_DISCOVERY,True,0.39215925466149437,C,76
MARUTI,4,3,2,0.5506332977862318,0.5506332977862318,0.85,0.0,0.999998984368529,0.2499997460921322,,,2026-09-29 06:45:00+00:00,True,2026-06-30,524557000000.0,,43413000000.0,33521000000.0,635000000.0,,44048000000.0,0.0839718085927744,0.063903446145986,0.0001220226008735,-0.0663974376827739,0.0,-0.1027093094316561,0.0,-0.0096233394835582,0.365550221796447,-0.0968828299700945,0.0,-0.0975249959023111,0.0,-0.0430873579524074,0.3264439088906703,-0.0417605481650668,-0.0646925688419464,0.0,0.0,-0.0341150265596935,0.2153038051440718,-0.0603921969155346,0.0747475053835189,-0.0293431032397886,1968973000000.0,1547823000000.0,185135000000.0,195107000000.0,140297000000.0,140170000000.0,0.2720918347898953,-0.0511104163356517,0.0009060426624811,0.0,0.0940261750669003,-0.0320263516108915,1441371000000.0,187433000000.0,143742000000.0,0.0738546841860978,0.0409426301665127,-0.0248500786130706,0.1982371506037974,-0.0039854718666494,standalone,12,6,6,12,108,120,3,2,0.0,0.85,0.15,0.2,1,2026-08-08 16:41:06+00:00,2026-09-24 05:48:38+00:00,0.8385558695715064,2,0.6499999999999999,"[""battery_bess"", ""green_hydrogen"", ""power_td"", ""renewables""]",Press Release,https://nsearchives.nseindia.com/corporate/MARUTI_24092026111220_STxIntimation_HydrogenPlant_24Sep2026.pdf,2026-09-24 05:48:38+00:00,commissioned_or_loa,"[""commissioning""]","[""battery_bess"", ""renewables"", ""green_hydrogen""]",,,,,,,,,,,,,,,,,,,,,,,,,,,,,,,,,,,,,,,,,,,,,,,,,,,,,,,,,,,,,,,,,,,,,,,,,,,,,,,,,,,,,,,,,,,,,,,,,,,,,,,,,,,,,,,0.5132477440400283,GDELT_PLUS_GOOGLE_NEWS,0.557168047549106,0.5678337720330434,0.5911967124766483,0.5532359250094878,0.566050393274656,1.0,1.0,99.0,0.661993196690834,True,196897.3,False,False,True,0.0,0.5132477440400283,0.85,0.566050393274656,0.1225,0.0,0.8798986393381668,0.4261255673459469,0.5,0.0,0.3909004538767576,0.0,True,False,False,False,0.30532723665648354,0.0,0.4126762077649618,0.3909004538767576,True,True,False,PRE_OBVIOUS_DISCOVERY,True,0.3909004538767576,C,77
ADANIENT,9,4,6,0.7946108244054454,0.7946108244054454,1.1,0.0,0.999998984368529,0.2499997460921322,2644.0,7.547169811320755,2026-10-02 08:00:00+00:00,True,2026-06-30,59538900000.0,,14541200000.0,-8903400000.0,2944100000.0,,17485300000.0,0.2936785866047239,-0.14953920881978,0.1225134660741655,-1.141413820542917,-1.0,0.6271752684769865,0.0,0.0910832211589436,-0.096104097210836,-2.4053635976196865,-1.0,0.6517381447194408,0.0,0.1329661443707208,-0.2175272299128351,0.3753355385912007,3.3609777741922477,0.0,0.0,0.1080969926190161,-0.411825032959201,-0.1385354606348244,-0.3022186219639557,0.0539821608009395,232903200000.0,348447800000.0,48705700000.0,44293900000.0,64479400000.0,27332700000.0,-0.33159801841194,0.0996028798547881,1.3590571001035392,0.0,0.209124219847559,0.0820064707901679,,,,,,,,,standalone,9,3,6,13,158,171,4,6,0.0,1.1,1.1,1.1,2,2026-07-29 09:06:38+00:00,2026-09-09 03:35:34+00:00,0.6857061502466432,3,1.1,"[""data_centres"", ""green_hydrogen"", ""power_td"", ""renewables""]",Investor Presentation,https://nsearchives.nseindia.com/corporate/ADANIENT_29072026145631_AELsubmissionofMediaRelease29072026_1.pdf,2026-07-29 09:26:44+00:00,utilisation_ramp_or_repeat_order,"[""capacity"", ""commissioning"", ""approval""]","[""renewables"", ""power_td"", ""data_centres"", ""green_hydrogen""]",,,,,,,,,,,,,,,,,,,,,,,,,,,,,,,,,,,,,,,,,,,,,,,,,,,,,,,,,,,,,,,,,,,,,,,,,,,,,,,,,,,,,,,,,,,,,,,,,,,,,,,,,,,,,,,0.5132477440400283,GDELT_PLUS_GOOGLE_NEWS,0.6434244771325066,0.3045612953282097,0.4942646580483141,,0.5086624074055504,0.75,0.8875000000000001,99.0,0.661993196690834,True,23290.32,False,False,True,0.11352355828515881,0.5132477440400283,1.0,0.45143788657242595,0.3,0.0,0.8823986393381669,0.48496405689896327,0.5,0.0,0.3879712455191706,0.0,True,False,False,False,0.34648117746647367,0.0,0.392693572600586,0.3879712455191706,True,True,False,PRE_OBVIOUS_DISCOVERY,True,0.3879712455191706,C,78
KALPATARU,3,2,2,0.4202333333333334,0.4202333333333334,0.85,0.0,0.0,0.0,,,2026-09-28 07:30:00+00:00,True,2026-06-30,4722000000.0,,-537700000.0,-477600000.0,204900000.0,,-332800000.0,-0.0704786107581533,-0.101143583227446,-0.7212070400831301,-1.244672131147541,-1.0,-1.139392670157068,-1.0,-0.2114396848372568,0.0654332129963899,,0.0,,0.0,-0.0172295132852291,1.0824447884317705,11.652093596059114,,1.0,0.0,0.0792505282423107,,,,,,,,,,,,,,,,,,,,,,,,,consolidated,6,6,0,13,0,13,2,2,0.85,0.0,0.15,0.55,0,2026-05-14 10:48:48+00:00,2026-08-03 13:28:58+00:00,0.3157428630946003,1,0.0,[],Analysts/Institutional Investor Meet/Con. Call Updates,https://nsearchives.nseindia.com/corporate/IMREVATINAIR_14052026161706_KL_Intimation_of_Transcript_of_Earning_call_Q4_FY26.pdf,2026-05-14 10:48:48+00:00,under_construction_or_vendor_approved,"[""capacity""]",[],2026-10-05,INE227J01012,272.3,272.3,37563486.35,544.6,0.2917271399229609,0.0355604926012873,0.2072972404024673,0.1715434924857018,0.1559990086567557,0.0460404984636533,0.0260052904813415,0.0350885822392916,0.0457147170229289,0.0260052904813415,0.4440741100975849,0.0402990179364913,0.4440741100975849,0.4370826018941873,0.0473329403426178,0.1578542883492161,0.2072972404024673,0.0355604926012873,0.1578542883492161,0.4440741100975849,False,,,N100_drop0.50_s0.20_c0.05,1.0,0.0,0.0,False,False,1.0068271698186462,1.0170734897113791,-0.0865463796488452,-0.1149304575594532,False,,,-0.0153679262339541,-0.0533634625412826,-0.0566429932444135,-0.3114173726134782,0.0024198946131401,-0.5439387048380067,0.4333333333333333,-0.5345668762308249,0.6445239329075245,0.25,0.15,,0.0,0.0,0.0,0.0954929614681747,0.0,0.0,0.0,0.0,0.0,0.0,0.0,0.0,0.0,0.0,0.0,0.0,2.180878882521212,1.0,0.0,0.0,0.0,81.34,0.0,0.4859436653213573,0.0,0.146788990825688,0.0,0.0,0.4464732517526618,0.1785893007010647,0.4298083747338538,0.0,1.0,0.6046433792530315,0.1483078025496876,True,False,True,True,True,0.0355604926012873,-3.300311848019063,0.146788990825688,0.0,0.0655373580554365,0.0,0.4847409510290986,0.504814127098067,0.8268275372604684,0.4860885476963318,0.7466288147622427,0.4886041680385761,0.7118523775727467,0.7470191625266146,False,0.6078713611520566,0.0,GDELT_PLUS_GOOGLE_NEWS,0.9410199303323405,,,,0.9410199303323405,0.5,0.775,99.0,0.661993196690834,True,1888.8,False,False,True,0.0,0.0,0.85,0.729290446007564,0.7174999999999999,0.19198349825364455,0.6965653060048335,0.43619293062671344,0.4298083747338538,0.0,0.386544549107899,-0.0533634625412826,True,False,False,False,0.4050783170150566,0.0,0.37202653658280793,0.386544549107899,True,True,False,PRE_OBVIOUS_DISCOVERY,True,0.386544549107899,C,79
CEWATER,1,1,1,0.3651141081378857,0.3651141081378857,1.0,0.0,0.999998984368529,0.2499997460921322,14.25,,2026-10-01 12:29:19+00:00,True,2026-06-30,853470000.0,,-186740000.0,-161000000.0,50130000.0,,-136610000.0,-0.1600642084666127,-0.1886416628586827,-0.5857826483663684,-2.102739726027397,-1.0,-1.755669874986171,-1.0,-0.2478027497490573,-0.1664680834440191,-3.96010296010296,-1.0,-2.286104311805686,-1.0,-0.2638027817926539,-0.0581605443056385,-0.9357863518739278,-1.027470011903672,-1.0,0.0,-0.2071730726048242,-0.1239660713344923,-0.3909296657381615,-1.1236119840771004,-0.0245920757959213,5408110000.0,5941000000.0,184110000.0,917620000.0,-26800000.0,641510000.0,-0.0896970207035852,-0.7993613914256446,-1.0417764337266762,-1.0,0.0340433164266259,-0.1204121624489842,,,,,,,,,consolidated,8,6,2,18,4,22,1,1,1.0,1.0,0.0,0.0,1,2026-10-01 12:29:19+00:00,2026-10-01 12:29:19+00:00,0.9240115941536906,2,1.0,"[""renewables"", ""water_environment""]",Bagging/Receiving of orders/contracts,https://nsearchives.nseindia.com/corporate/CONCORDENVIRO_01102026175901_Press_Release_Concord_Enviro_Updated_Order.pdf,2026-10-01 12:29:19+00:00,commercial_production_or_purchase_order,"[""commissioning"", ""order""]","[""renewables"", ""water_environment""]",2026-10-05,INE037Z01029,259.1,259.1,47074570.73174603,518.2,0.2675321602247393,0.030957282835125,0.2811556679299258,0.1101072692684992,0.1561099045619227,0.0346900911147179,0.0220562448842949,0.0303184101190154,0.0409666178121237,0.0220562448842949,0.4028075916489942,0.0675429972754193,0.4028075916489942,0.4219422480223077,0.082667277427862,0.1578542883492161,0.2811556679299258,0.030957282835125,0.1578542883492161,0.4028075916489942,False,,,N100_drop0.50_s0.20_c0.05,1.0,0.0,0.0,False,False,1.0068271698186462,1.0170734897113791,-0.0865463796488452,-0.1149304575594532,False,,,-0.023737754333082,-0.1890453834115805,-0.1117586561535823,-0.4914123073903228,0.0392773734707781,-0.1995558402824472,0.4166666666666667,-0.1378450216328501,0.6688483939899569,0.25,0.15,,0.0,0.0,0.7652229912824234,0.2439323813157993,0.0,0.0,0.0,0.0,0.0,0.0,0.0,0.0,0.0,0.0,0.0,0.0,0.0,2.0,1.0,0.0,0.0,51.43,0.0,2.3260678822872487,0.0,0.8990825688073395,0.0,0.0,0.5413632446554297,0.2165452978621719,0.4445706174591909,0.0,1.0,0.4311568488289567,0.4485987579696874,True,False,True,True,True,0.030957282835125,-3.443700413533874,0.8990825688073395,0.0,0.48673025666268,0.0,0.4002838892831795,0.5469216778985164,0.9162526614620298,0.5496829600474722,0.9332860184528036,0.5312898679446072,0.9517388218594748,0.9381831085876507,True,0.7336976579134137,0.4114339188445192,GDELT_PLUS_GOOGLE_NEWS,0.16495238092629366,0.2732739783012079,0.1410468087710977,,0.19118683376475176,0.6666666666666666,0.8500000000000001,99.0,0.661993196690834,True,540.811,False,False,True,0.026349316119679517,0.4114339188445192,1.0,0.162508808700039,0.75,0.23278619520183477,0.6990653060048335,0.4767747533920348,0.4445706174591909,0.0,0.3858413782991495,-0.1117586561535823,True,False,False,False,0.32122122925594065,0.0,0.41823012355499,0.3858413782991495,True,True,False,PRE_OBVIOUS_DISCOVERY,True,0.3858413782991495,C,80
BCPL,3,3,1,0.5026452921866177,0.5026452921866177,0.7,0.0,0.99177025295098,0.247942563237745,,,2026-09-10 11:08:11+00:00,True,2026-06-30,254639000.0,,28120000.0,20305000.0,5736000.0,,33856000.0,0.1329568526423682,0.0797403382828239,0.7559857115273219,,1.0,,1.0,0.1460316326605736,,,,,,,,,,,,,,,,,,,,,,,,,,,,,,,,,,,,,standalone,2,2,0,5,0,5,3,1,0.7,0.0,0.0,0.0,0,2026-09-05 12:54:06+00:00,2026-09-10 11:08:11+00:00,0.6978285154879543,1,0.7,"[""railways""]",Updates,https://nsearchives.nseindia.com/corporate/BCPL_10092026163756_L1HWH100926.pdf,2026-09-10 11:08:11+00:00,trial_production_or_l1_bidder,"[""order""]","[""railways""]",,,,,,,,,,,,,,,,,,,,,,,,,,,,,,,,,,,,,,,,,,,,,,,,,,,,,,,,,,,,,,,,,,,,,,,,,,,,,,,,,,,,,,,,,,,,,,,,,,,,,,,,,,,,,,,0.2588559614607049,GDELT_PLUS_GOOGLE_NEWS,,,,,0.5,0.16666666666666666,0.625,99.0,0.661993196690834,True,101.8556,False,False,True,0.0,0.2588559614607049,0.7,0.3125,0.5399999999999999,0.0,0.6607319726715001,0.34878799142321687,0.5,0.0,0.37903039313857356,0.0,True,False,False,False,0.2780837934132205,0.0,0.3917428248863693,0.37903039313857356,True,True,False,PRE_OBVIOUS_DISCOVERY,True,0.37903039313857356,C,81
VGUARD,3,2,2,0.1908199644528986,0.1908199644528986,1.1,0.0,0.999998984368529,0.2499997460921322,62.0,,2026-09-27 05:00:00+00:00,True,2026-06-30,17368700000.0,,1437200000.0,1077900000.0,15900000.0,,1453100000.0,0.0836619896710749,0.0620599123711043,0.0294637141705587,0.13046670162559,0.0,0.1260849349039057,0.0,0.007178431502318,0.2349933872779761,0.934841141626279,0.0,0.8503756526168342,0.0,0.027823596064795,0.18624261636266,0.5066725245757593,0.5185766614338043,0.0,0.0,0.0170404704358674,0.0762010876993874,0.1220946130708231,0.0800757877941762,0.0025837893694707,60222700000.0,53007200000.0,4384900000.0,3283700000.0,3114500000.0,2340500000.0,0.1361230172504868,0.3353534123092851,0.3306985686819055,0.0,0.072811414964789,0.0108632267941254,48262800000.0,3735700000.0,2596600000.0,0.0983034552491775,-0.1209947265572717,-0.0986289763536932,0.0378195620013093,-0.0154551120937222,standalone,12,6,6,12,98,110,2,2,1.0,0.0,0.2,0.2,3,2026-05-18 12:09:32+00:00,2026-08-05 12:53:57+00:00,0.3241707942789972,3,0.0,"[""battery_bess"", ""power_td"", ""renewables""]",Analysts/Institutional Investor Meet/Con. Call Updates,https://nsearchives.nseindia.com/corporate/VGIL1_05082026182341_Intimation.pdf,2026-08-05 12:53:57+00:00,management_intent,"[""capacity"", ""product"", ""policy""]","[""battery_bess"", ""renewables"", ""power_td""]",2026-10-05,INE951I01027,296.55,296.55,403671215.4920634,593.1,0.2322621371321264,0.0248797628445331,0.1612880308201422,0.1542567214567669,0.1452674220975257,0.0787750979011005,0.0169430982384896,0.0243883342203328,0.034009346695491,0.0169430982384896,0.4110502539521053,0.056124575115702,0.4110502539521053,0.3804981879210292,0.0829605088109031,0.1578542883492161,0.1612880308201422,0.0248797628445331,0.1578542883492161,0.4110502539521053,False,,,N100_drop0.50_s0.20_c0.05,1.0,0.0,0.0,False,False,1.0068271698186462,1.0170734897113791,-0.0865463796488452,-0.1149304575594532,False,,,-0.1258658806190125,-0.0318315377081293,-0.0848634469989199,-0.2062366167023555,-0.115255368049636,-0.6962881417711538,0.35,-0.692535157184003,0.2090800504612884,0.15,0.0,,0.0,0.0,0.0,0.0,0.0,0.0,0.0,0.0,0.0,0.0,0.0,0.0,0.0,0.0,0.0,0.0,0.0,0.0,0.0,0.0,0.0,53.22,-0.009999999999998,0.0,0.0,0.0,0.0,0.0,0.1115507452093683,0.0446202980837473,0.1691980127750177,0.0,1.0,0.0808019872249822,0.1159545777146912,False,False,False,True,False,0.0248797628445331,-3.668506047700588,0.0,0.0,0.0,0.0,0.2633073101490418,0.4090532062826274,0.0681334279630943,0.455576827885453,0.1504613200851667,0.4761606740138607,0.0752306600425833,0.1001419446415897,False,0.1410113555713271,0.5132477440400283,GDELT_PLUS_GOOGLE_NEWS,0.6831523170578717,0.5668968970460656,0.6678192441174695,0.5153559430529229,0.6258523913660974,1.0,1.0,99.0,0.661993196690834,True,6022.27,False,False,True,0.010295121274868113,0.5132477440400283,1.0,0.6258523913660974,0.83,0.04796682044002836,0.8490653060048334,0.5571976509522278,0.1691980127750177,0.0,0.3731335643387873,-0.0318315377081293,True,False,False,False,0.46418128025047245,0.0,0.3793292054190096,0.3731335643387873,True,True,False,PRE_OBVIOUS_DISCOVERY,True,0.3731335643387873,C,82
PVSL,3,3,1,0.5633333333333334,0.5633333333333334,1.0,0.0,0.0,0.0,,,2026-10-05 11:44:43+00:00,True,2026-06-30,18895780000.0,,18620000.0,13660000.0,300840000.0,,319460000.0,0.016906420375343,0.0007229127350127,0.0770183071304846,,1.0,0.6199797160243408,0.0,0.0056664498546166,0.4414367544715496,,1.0,1.782510234300148,0.0,0.0081483085757307,0.3580605837449282,2.2596845425867507,,0.0,0.0,0.0082712632652254,0.1523330986321764,0.0192036725603381,,-0.0017667108817849,69597750000.0,55606790000.0,965130000.0,598520000.0,-23470000.0,-246740000.0,0.2516052446113146,0.6125275680010693,,0.0,0.0138672586398267,0.003103824893696,,,,,,,,,consolidated,11,6,5,15,10,25,3,1,0.0,1.0,0.0,0.2,0,2026-08-19 11:49:19+00:00,2026-10-05 11:44:43+00:00,0.9742275636490974,1,0.8,[],Commencement of commercial production/operations,https://nsearchives.nseindia.com/corporate/9072530155_05102026171254_Intimation_Commencement_Sd.pdf,2026-10-05 11:44:43+00:00,commercial_production_or_purchase_order,"[""commissioning""]",[],2026-10-05,INE772T01024,91.08,91.08,6152452.948412699,182.16,0.3192403717572068,0.0412690963181631,0.2448445523194672,0.1685522341714845,0.1528667555567293,0.1120496666813781,0.0302939430002017,0.0407201419719345,0.0529312254236934,0.0302939430002017,0.4669720859018511,0.0227269504549236,0.4669720859018511,0.478308813508094,0.0202979899315421,0.1732057416267942,0.2448445523194672,0.0412690963181631,0.1732057416267942,0.4669720859018511,False,,,N100_drop0.50_s0.20_c0.05,1.0,0.0,0.0,False,False,1.0068271698186462,1.0170734897113791,-0.0865463796488452,-0.1149304575594532,False,,,-0.1203399652308286,-0.0209609803289262,-0.0565568676196396,-0.3461124273099288,-0.1133529717878532,-0.6044035478954186,0.4833333333333333,-0.5645419560910592,0.343154776904617,0.05,0.0,,0.0,0.0,0.8,0.0,0.0,0.0,0.0,0.0,0.0,0.0,0.0,0.0,0.0,0.0,0.0,0.0,0.0,1.0,1.0,0.0,0.0,61.38,0.0200000000000031,1.75,0.0,0.828440366972477,0.0,0.0196969696969697,0.1216643009226401,0.0575293567326924,0.4757984386089425,0.0,1.0,0.3746273953158268,0.3957222021870603,True,False,True,True,True,0.0412690963181631,-3.145496487847284,0.828440366972477,0.0023964180484762,0.1007916181038018,0.0,0.602555003548616,0.5455856782431241,0.9141234918381832,0.5386752712574713,0.9205110007097232,0.5384271579480734,0.963804116394606,0.9387154009936124,True,0.8004045422285309,0.0,GDELT_PLUS_GOOGLE_NEWS,0.7753324927921847,0.5826109420503616,0.7836663228089303,,0.7206105849308827,0.9166666666666666,0.9625,99.0,0.661993196690834,True,6959.775,False,False,True,0.0,0.0,1.0,0.6935876879959746,0.049999999999999996,0.06295201303309889,0.9157319726715001,0.38434139598303635,0.4757984386089425,0.0,0.37266261288295144,-0.0209609803289262,True,False,False,False,0.2781177199177986,0.0,0.41188315778044315,0.37266261288295144,True,True,False,PRE_OBVIOUS_DISCOVERY,True,0.37266261288295144,C,83
GREENPOWER,8,8,1,0.5756796214056057,0.5756796214056057,1.0,0.0,0.999998984368529,0.2499997460921322,64.0,26.262626262626256,2026-09-23 00:50:50+00:00,True,2026-06-30,814300000.0,,237400000.0,239500000.0,135100000.0,,372500000.0,0.4574481149453518,0.2941176470588235,1.1101321585903086,,1.0,,1.0,0.5520322040876167,-0.0680933852140077,-0.169844020797227,0.0,-0.1698239358145754,0.0,-0.0560561194332244,-0.0685292976329065,-0.2749244712990937,-0.4593023255813954,0.0,0.0,-0.0796896546216556,0.0532357764601993,-0.0091393754760091,0.3518728717366628,-0.0294281618728859,2870000000.0,2873900000.0,1116600000.0,1251200000.0,669900000.0,578100000.0,-0.0013570409548,-0.1075767263427109,0.1587960560456669,0.0,0.3890592334494773,-0.0463073415879282,2557400000.0,1009100000.0,351100000.0,0.1237585047313678,0.2399167575066891,0.6465394474508688,-0.1251155456861679,0.0407861417848835,consolidated,12,6,6,12,120,132,8,1,0.0,1.0,0.0,1.0,4,2026-07-22 12:14:04+00:00,2026-09-23 00:50:50+00:00,0.5363610733501385,0,0.0,"[""renewables""]",Press Release,https://nsearchives.nseindia.com/corporate/GREENPOWER_09092026111034_SEIntimationPressrelease.pdf,2026-09-09 05:40:45+00:00,commissioned_or_loa,"[""commissioning""]","[""renewables""]",,,,,,,,,,,,,,,,,,,,,,,,,,,,,,,,,,,,,,,,,,,,,,,,,,,,,,,,,,,,,,,,,,,,,,,,,,,,,,,,,,,,,,,,,,,,,,,,,,,,,,,,,,,,,,,0.4114339188445192,GDELT_PLUS_GOOGLE_NEWS,0.3392619308641037,0.5290840879049442,0.45877518654468696,0.7245852437700802,0.468418618196327,1.0,1.0,99.0,0.661993196690834,True,287.0,False,False,True,0.2229965156794425,0.4114339188445192,1.0,0.468418618196327,0.049999999999999996,0.0,0.9323986393381668,0.46172000312208894,0.5,0.0,0.3693760024976712,0.0,True,False,False,False,0.32838686507118314,0.0,0.35967879602759434,0.3693760024976712,True,True,False,PRE_OBVIOUS_DISCOVERY,True,0.3693760024976712,C,84
STYLAMIND,6,6,1,0.6789093282551599,0.6789093282551599,1.1,0.0,0.0,0.0,300.0,74.0,2026-09-22 05:13:14+00:00,True,2026-06-30,3264674000.0,,650550000.0,481609000.0,5929000.0,,656479000.0,0.2010856214127352,0.147521314532477,0.1538037977188806,0.2592632297301891,0.0,0.2308827389657628,0.0,0.012592155457057,0.1536586469077447,0.7034840124504811,0.0,0.3463639831499157,0.0,0.0287814237255129,0.1115445626505784,0.3768774381092019,0.4935138788300957,0.0,0.0,0.0376238024190103,0.0892023190766229,0.1280924212505065,0.3038274855036078,0.0064044894286226,11727768000.0,10654838000.0,2236409000.0,1791895000.0,1697595000.0,1217840000.0,0.1006988562378892,0.2480692228060237,0.3939392695263746,0.0,0.190693489161791,0.0225168355139364,9309906000.0,1691700000.0,1290212000.0,0.1444624682569297,0.0592274043861205,-0.0560931071792852,-0.0437636120190405,-0.0135330220459708,consolidated,12,6,6,12,23,35,6,1,0.0,1.1,0.15,1.1,2,2026-05-16 10:15:02+00:00,2026-09-22 05:13:14+00:00,0.5305444774766551,0,0.0,[],Commencement of commercial production/operations,https://nsearchives.nseindia.com/corporate/STYLAMIND_22092026104225_Intimation_for_commencement.pdf,2026-09-22 05:13:14+00:00,commercial_production_or_purchase_order,"[""capacity"", ""commissioning""]",[],,,,,,,,,,,,,,,,,,,,,,,,,,,,,,,,,,,,,,,,,,,,,,,,,,,,,,,,,,,,,,,,,,,,,,,,,,,,,,,,,,,,,,,,,,,,,,,,,,,,,,,,,,,,,,,0.0,GDELT_PLUS_GOOGLE_NEWS,0.6562224236478349,0.5953862835920346,0.6467414590881468,0.5952997589493567,0.6299787960171755,1.0,1.0,99.0,0.661993196690834,True,1172.7768,False,False,True,0.49333333333333335,0.0,1.0,0.6299787960171755,0.0725,0.0,0.9323986393381668,0.4616409498026946,0.5,0.0,0.3693127598421557,0.0,True,False,False,False,0.41323456293811056,0.0,0.36752656890336277,0.3693127598421557,True,True,False,PRE_OBVIOUS_DISCOVERY,True,0.3693127598421557,C,85
TATAPOWER,9,9,1,0.5506332977862318,0.5506332977862318,0.85,0.0,0.999998984368529,0.2499997460921322,,,2026-09-03 05:18:14+00:00,True,2026-06-30,56888000000.0,,5107500000.0,2773700000.0,5562100000.0,,10669600000.0,0.1875544930389537,0.0487572071438616,1.0082181335517304,-0.1690284310494622,0.0,0.8142492773337868,0.0,-0.0200522226729314,0.0763641867857414,-0.4666884577669249,0.0,-0.1811071968563161,0.0,-0.0589697633751838,-0.242533386429252,-0.3189277719252041,-0.3422729229444683,0.0,0.0,-0.0217852679915418,-0.519083955090373,-0.6075756871614539,-0.8636919653868806,-0.067105574664725,136291000000.0,218705200000.0,31749900000.0,63032600000.0,8819400000.0,29157300000.0,-0.3768278029054636,-0.4962939812097232,-0.6975234332397033,0.0,0.2329566882626145,-0.0552513653181873,206752400000.0,49634500000.0,25204900000.0,0.0578121463160765,0.2699352265057571,0.156810778856492,-0.4346399492215401,0.0481407073250873,standalone,12,6,6,12,142,154,9,1,0.85,0.85,0.85,0.85,1,2026-07-30 12:13:01+00:00,2026-09-03 05:18:14+00:00,0.6335884863377185,4,0.85,"[""battery_bess"", ""power_td"", ""renewables"", ""semiconductor_electronics""]",Press Release,https://nsearchives.nseindia.com/corporate/VPTPCL_31082026114916_PR31082026.pdf,2026-08-31 06:19:28+00:00,commissioned_or_loa,"[""commissioning""]","[""battery_bess"", ""semiconductor_electronics"", ""renewables"", ""power_td""]",2026-10-05,INE245A01021,351.5,351.5,1551954096.688095,703.0,0.1708074436044294,0.0158735229594326,0.1431561797202494,0.1108825549162608,0.1902254428607987,0.0640121167824687,0.0097908772828312,0.0155383805109647,0.0236296319918064,0.0097908772828312,0.372119519540997,0.0925844104480639,0.372119519540997,0.290816954868861,0.1483546298488949,0.1045667947076397,0.1431561797202494,0.0158735229594326,0.1045667947076397,0.372119519540997,False,,,N100_drop0.50_s0.20_c0.05,1.0,0.0,0.0,False,False,1.0068271698186462,1.0170734897113791,-0.0865463796488452,-0.1149304575594532,False,,,-0.038829641782882,-0.0639147802929427,-0.0842777126481699,-0.1093373875585961,-0.0175247150185678,-0.1218705508766454,0.3666666666666666,-0.1081913666559196,0.3137103919626185,0.1,0.0,,0.0,0.0,0.0,0.0,0.0,0.0,0.0,0.0,0.0,0.0,0.0,0.0,0.0,0.0,0.0,0.0,0.0,0.0,0.0,0.0,0.0,,,0.0,0.0,0.0,0.0,0.0,0.2317068843151171,0.0926827537260468,0.2020581973030518,0.0,1.0,0.0293825408090844,0.1389691270404542,False,False,False,True,False,0.0158735229594326,-4.127101923845752,0.0,0.0,0.0,0.0,0.021291696238467,0.4036814563932472,0.0347764371894961,0.4529185186462813,0.0830376153300213,0.4766154263489191,0.0901348474095102,0.0765791341376863,False,0.057054648687012,0.5132477440400283,GDELT_PLUS_GOOGLE_NEWS,0.3371683222893298,0.05618135112025879,0.12747761128476248,0.6444001893778242,0.27106821735942277,1.0,1.0,99.0,0.661993196690834,True,13629.1,False,False,True,0.0,0.5132477440400283,0.85,0.27106821735942277,0.7725,0.09963396025550035,0.8798986393381668,0.47279145874336426,0.2020581973030518,0.0,0.3662942031905751,-0.0639147802929427,True,False,False,False,0.36656339069045024,0.0,0.39882442528875023,0.3662942031905751,True,True,False,PRE_OBVIOUS_DISCOVERY,True,0.3662942031905751,C,86
BERGEPAINT,2,2,1,0.5633333333333334,0.5633333333333334,1.0,0.0,0.0,0.0,,,2026-09-08 14:02:30+00:00,True,2026-06-30,32266800000.0,,5002900000.0,3686800000.0,99600000.0,,5102500000.0,0.1581346771294333,0.114259858430337,0.2886102236421726,0.1264971889513566,0.0,0.2544868958056743,0.0,-0.0043014251069883,0.127177201305098,0.2550381263616557,0.0,0.1493152536264528,0.0,0.0030459821576941,0.0999238014076586,0.186151497904486,0.3114494610688174,0.0,0.0,0.0116322858033893,0.0075805609056796,-0.0607073123779665,-0.1129592942847531,-0.0098274928809977,107841600000.0,102255300000.0,16001000000.0,15003400000.0,11705800000.0,10657400000.0,0.0546309091069117,0.0664915952384126,0.0983729615103121,0.0,0.1483750241094345,0.001650111073142,100694800000.0,13986300000.0,9942500000.0,0.0154973245887573,0.0727211628522197,0.0719034448076438,0.0391335845181544,0.0078269759034912,standalone,12,6,6,12,142,154,2,1,0.0,1.0,0.0,0.0,0,2026-09-08 14:02:30+00:00,2026-09-08 14:02:30+00:00,0.6805632530368948,1,1.0,[],Commencement of commercial production/operations,https://nsearchives.nseindia.com/corporate/PAINTBERGE_08092026193217_Commercial_Production_Hindupur_Final_080926.pdf,2026-09-08 14:02:30+00:00,commercial_production_or_purchase_order,"[""commissioning""]",[],2026-10-05,INE463A01038,458.4,458.4,195700307.9436508,916.8,0.2328620235201484,0.024977248505448,0.1621020955572566,0.1540834399431052,0.1648036133197941,0.049790717623636,0.0170362828546132,0.0244801803353773,0.0341439544375813,0.0170362828546132,0.4282205452114065,0.0509770610953301,0.4282205452114065,0.342910045571194,0.112330852528173,0.1330698287220026,0.1621020955572566,0.024977248505448,0.1330698287220026,0.4282205452114065,False,,,N100_drop0.50_s0.20_c0.05,1.0,0.0,0.0,False,False,1.0068271698186462,1.0170734897113791,-0.0865463796488452,-0.1149304575594532,False,,,-0.0671550671550671,-0.0776659959758552,0.0635730858468677,-0.141974730931212,-0.041266401829782,-0.0141348716509568,0.4,0.0833467225375235,0.4282463735832124,0.3,0.05,,0.0,0.0,0.0,0.0,0.0,0.0,0.0,0.0,0.0,0.0,0.0,0.0,0.0,0.0,0.0,0.0,0.0,0.0,0.0,0.0,0.0,,,0.0,0.0,0.0,0.0,0.0,0.4253226138539879,0.1701290455415951,0.3572746628814762,0.0,1.0,0.0836763662171753,0.1657082727409701,False,False,True,True,False,0.024977248505448,-3.664495454861495,0.0,0.0,0.0,0.0,0.2661462029808374,0.415426038268461,0.1213626685592619,0.4547491932529088,0.1263307310149042,0.4787551510687817,0.2249822569198012,0.1697303051809794,False,0.1902874378992193,0.0,GDELT_PLUS_GOOGLE_NEWS,0.5888709590960358,0.47444378152023103,0.5482906520779015,0.5392466889526232,0.544704462776946,1.0,1.0,99.0,0.661993196690834,True,10784.16,False,False,True,0.0,0.0,1.0,0.544704462776946,0.049999999999999996,0.18288872395721478,0.8490653060048334,0.37149141554478393,0.3572746628814762,0.0,0.3619539557147484,0.0635730858468677,True,False,False,False,0.2402270824925806,0.0,0.38115638142506986,0.3619539557147484,True,True,False,PRE_OBVIOUS_DISCOVERY,True,0.3619539557147484,C,87
RPPINFRA,1,1,1,0.2825452921866176,0.2825452921866176,1.0,0.0,0.99177025295098,0.247942563237745,,,2026-08-27 11:33:27+00:00,True,2026-06-30,3470900000.0,,36100000.0,27800000.0,37000000.0,,73100000.0,0.0210608199602408,0.0080094499985594,-0.2208803789086174,,1.0,,1.0,0.0640696417070814,0.0175608326004104,-0.7440147329650092,0.0,-0.6233900051519835,0.0,-0.0358433137248954,0.1537162653934611,-1.3650646950092422,-1.5836891545687446,-1.0,-1.0,-0.0622014559724844,-0.0719830533470979,-0.5033487892838743,-0.5671518813512771,-0.0362888653292474,14847600000.0,14328500000.0,170700000.0,906900000.0,20900000.0,598300000.0,0.0362284956555116,-0.8117763810783989,-0.9650676917934148,0.0,0.0114968075648589,-0.0517966285938457,14299500000.0,1137100000.0,716000000.0,0.0020280429385641,-0.2024448157593878,-0.1643854748603351,0.0342004527169474,-0.0162268267875521,standalone,12,6,6,12,105,117,1,1,1.0,0.0,0.0,0.0,1,2026-08-27 11:33:27+00:00,2026-08-27 11:33:27+00:00,0.5791378825890582,1,1.0,"[""railways""]",Updates,https://nsearchives.nseindia.com/corporate/RPPINFRA_27082026170207_SDAT_Termination-SE_Intimation.pdf,2026-08-27 11:33:27+00:00,commercial_production_or_purchase_order,"[""order""]","[""railways""]",2026-10-05,INE324L01013,50.82,50.82,10766832.444285717,101.64,0.2343928976063541,0.0252269170427777,0.3082077517236503,0.0818503652218231,0.1617504439469554,0.0144738215202147,0.0172714774583036,0.02472272040493,0.0343962348679767,0.0172714774583036,0.4357470492595478,0.0432563905760793,0.4357470492595478,0.4370127929566287,0.0500688380409338,0.1578542883492161,0.3082077517236503,0.0252269170427777,0.1578542883492161,0.4357470492595478,False,,,N100_drop0.50_s0.20_c0.05,1.0,0.0,0.0,False,False,1.0068271698186462,1.0170734897113791,-0.0865463796488452,-0.1149304575594532,False,,,-0.0766715116279069,-0.187789675563369,-0.2430741733690795,-0.651798561151079,-0.0140749531067839,-0.1987720259238261,0.4166666666666667,-0.1828343182256807,0.8095838042006455,0.2,0.15,,0.0,0.0,0.0,0.5733491469076408,0.0,0.0,0.0,0.0,0.0,0.0,0.0,0.0,0.0,0.0,0.0,0.0,0.0,1.0,1.0,0.0,0.0,39.18,0.0,1.2660142322168768,0.0,0.6990825688073394,0.0,0.0,0.5379210870968776,0.215168434838751,0.360681334279631,0.0,1.0,0.4423349893541519,0.3681888928170969,True,False,True,True,True,0.0252269170427777,-3.6542931473987488,0.6990825688073394,0.0,0.3760512553833217,0.0,0.2753726046841732,0.5135157900880497,0.8537970191625266,0.5102832265961945,0.8672817601135557,0.5044690196649494,0.8765081618168914,0.868736692689851,True,0.6464939673527325,0.2588559614607049,GDELT_PLUS_GOOGLE_NEWS,0.22593155670781956,0.29285846821275074,0.2766061603476105,0.42614057706942043,0.2828295583662507,1.0,1.0,99.0,0.661993196690834,True,1484.76,False,False,True,0.0,0.2588559614607049,1.0,0.2828295583662507,0.75,0.23130606745165735,0.7657319726715002,0.4652647363396577,0.360681334279631,0.0,0.3589612567793203,-0.187789675563369,True,False,False,False,0.3347314863773661,0.0,0.36775358661403373,0.3589612567793203,True,True,False,PRE_OBVIOUS_DISCOVERY,True,0.3589612567793203,C,88
JSLL,14,14,1,0.5633333333333334,0.5633333333333334,1.0,0.0,0.0,0.0,,,2026-10-05 12:42:22+00:00,True,2026-06-30,2244048000.0,,875299000.0,658901000.0,34735000.0,,910034000.0,0.4055323237292607,0.293621615936914,0.0410645724582146,0.4617005747853151,0.0,0.4010632286988611,0.0,0.1042002163887062,0.2875671525923784,0.2851238702278462,0.0,0.2969063526085369,0.0,0.002920293725686,,,,,,,,,,,,,,,,,,,,,,,,,,,,,,,consolidated,5,5,0,13,0,13,14,1,0.0,1.0,0.15,0.0,0,2026-08-26 07:09:50+00:00,2026-10-05 12:42:22+00:00,0.9747477815425111,2,1.0,[],Postponement of commercial production/operations,https://nsearchives.nseindia.com/corporate/JEENASIKHO_09092026143834_Intimation_postponement_Lucknow-_Sign.pdf,2026-09-09 09:08:46+00:00,commercial_production_or_purchase_order,"[""commissioning""]",[],2026-10-05,INE0J5801029,449.9,449.9,292978578.81428576,899.8,0.256519809536381,0.0289822182992474,0.2349013811445988,0.1233803656582454,0.1542718195647165,0.0153971778300786,0.0204466202052544,0.0283171811781346,0.0388732798097041,0.0204466202052544,0.4389269109759943,0.0744212160138003,0.4389269109759943,0.4203949225543475,0.0546414633263045,0.1578542883492161,0.2349013811445988,0.0289822182992474,0.1578542883492161,0.4389269109759943,False,,,N100_drop0.50_s0.20_c0.05,1.0,0.0,0.0,False,False,1.0068271698186462,1.0170734897113791,-0.0865463796488452,-0.1149304575594532,False,,,-0.1028018745637651,-0.2395199459093983,-0.2695242734210099,-0.4630944567098276,-0.0229618925939656,-0.0366995833889527,0.4,0.0215326155794806,0.491627282977474,0.25,0.05,,0.0007120525370896,0.0,0.0,0.0,0.0,0.0,0.0,0.0,0.0,0.0,0.0,0.0,0.0,0.0,0.0,0.0,0.0,0.0,0.0,0.0,0.0,63.62,0.0,0.0,0.0,0.0,0.0,0.0,0.427522410434538,0.1710089641738152,0.4154009936124911,0.0,1.0,0.3474804826117814,0.1321702680129357,False,False,True,True,False,0.0289822182992474,-3.511662301063962,0.0,0.0,0.0,0.0,0.3669268985095812,0.4553779380715801,0.4882895670688431,0.4665288031629374,0.4641589779985806,0.481480159518024,0.4364797728885735,0.4565294535131299,False,0.3949006387508871,0.0,GDELT_PLUS_GOOGLE_NEWS,,,,,0.6558030866956497,0.4166666666666667,0.7375,99.0,0.661993196690834,True,897.6192,False,False,True,0.0,0.0,1.0,0.48365477643804167,0.0725,0.18383463648685133,0.8157319726715001,0.36373905071030094,0.4154009936124911,0.0,0.3462730006817965,-0.2395199459093983,True,False,False,False,0.22617862320100302,0.0,0.38845163672386873,0.3462730006817965,True,True,False,PRE_OBVIOUS_DISCOVERY,True,0.3462730006817965,C,89
SJVN,10,10,1,0.5633333333333334,0.5633333333333334,1.0,0.0,0.999998984368529,0.2499997460921322,520.78,25.0,2026-09-11 12:13:01+00:00,True,2026-06-30,7588300000.0,,3764100000.0,2468800000.0,1410600000.0,,5174700000.0,0.6819313943834587,0.3253429621917952,-0.1874785848894979,0.9687400318979268,0.0,-0.0669659760913073,0.0,0.0880796726085744,-0.0773430280628374,-0.0449885884491896,0.0,-0.1733177838839542,0.0,-0.0791697193755996,0.3345237813675172,0.2173735309146653,0.2871417211215987,0.0,0.0,-0.0609471972005931,0.1041228010595667,0.1779934153526252,0.0190753049925691,0.0476811152341223,34809100000.0,28879600000.0,24317200000.0,20348500000.0,9962700000.0,9015400000.0,0.2053179406916994,0.1950364891761062,0.1050757592563835,0.0,0.6985874383422725,-0.0060102707672718,27007000000.0,16674600000.0,9653500000.0,0.0693375791461472,0.2203291233372915,-0.0661003781012068,0.1359803615455521,0.0871800025890127,standalone,12,6,6,13,86,99,10,1,0.0,1.0,0.0,0.85,2,2026-04-01 11:52:30+00:00,2026-09-11 12:13:01+00:00,0.45995286538826013,0,0.15000000000000002,"[""battery_bess"", ""power_td"", ""renewables""]",Commencement of commercial production/operations,https://nsearchives.nseindia.com/corporate/SJVN_11092026174237_1.pdf,2026-09-11 12:13:01+00:00,commercial_production_or_purchase_order,"[""commissioning""]",[],2026-10-05,INE002L01015,57.16,57.16,134406942.32904762,114.32,0.1900349225256625,0.0184906718359477,0.1909292739272999,0.0968456615143701,0.1697049850060409,0.0743903572836446,0.0117803817910248,0.0180885323805,0.0264089329399405,0.0117803817910248,0.4046290630537532,0.0655424771796737,0.4046290630537532,0.3152283476023112,0.1292650377174846,0.1130612244897959,0.1909292739272999,0.0184906718359477,0.1130612244897959,0.4046290630537532,False,,,N100_drop0.50_s0.20_c0.05,1.0,0.0,0.0,False,False,1.0068271698186462,1.0170734897113791,-0.0865463796488452,-0.1149304575594532,False,,,-0.1203447214527547,-0.1842443271014698,-0.155562121435958,-0.3944273757813328,-0.0589299457522648,0.3326908340699377,0.35,0.3888791505992943,0.3089429021144575,0.25,0.1,,0.0,0.0,0.612742670691719,0.0,0.0,0.0,0.0,0.0,0.0,0.0,0.0,0.0,0.0,0.0,0.0,0.0,0.0,1.0,1.0,0.0,0.0,81.85,0.0,1.515928338364649,0.0,0.7706422018348624,0.0,0.0,0.4588906126322549,0.183556245052902,0.2468417317246274,0.0,1.0,0.1874733853797019,0.4121769972709348,True,False,False,True,False,0.0184906718359477,-3.971825137823025,0.7706422018348624,0.0,0.3536404721202698,0.0,0.0688431511710433,0.501233771569603,0.8055358410220014,0.5254260126082273,0.9048970901348474,0.5162156270074051,0.9190915542938254,0.8914123491838184,False,0.6258942512420157,0.5132477440400283,GDELT_PLUS_GOOGLE_NEWS,0.6003638071259809,0.619225928716416,0.6391004911634393,0.6366364023412318,0.6182675636133689,1.0,1.0,99.0,0.661993196690834,True,3480.91,False,False,True,0.16666666666666666,0.5132477440400283,1.0,0.6182675636133689,0.049999999999999996,0.1973229634318696,0.9323986393381668,0.5106182675365537,0.2468417317246274,0.0,0.34286508954379236,-0.155562121435958,True,False,False,False,0.3689976774127552,0.0,0.35001414389777574,0.34286508954379236,True,True,False,PRE_OBVIOUS_DISCOVERY,True,0.34286508954379236,C,90
GHCL,5,5,1,0.7201126747051609,0.7201126747051609,1.0,0.0,0.999998984368529,0.2499997460921322,330.0,,2026-08-31 09:14:39+00:00,True,2026-06-30,7742600000.0,,2039100000.0,1911800000.0,15500000.0,,2054600000.0,0.2653630563376643,0.2469196393976183,-0.020556349698296,0.5935650579311496,0.0,0.2372636396483198,0.0,0.055296137513108,-0.0271526756882405,0.3204862550075977,0.0,0.0396720979657929,0.0,0.0170561720475164,-0.0079691125565826,-0.1009147669522287,0.0462340282447881,0.0,0.0,-0.0245448233985627,-0.0596174404398289,-0.3180795546793459,-0.3373986256422955,-0.0754051146304836,30426000000.0,31488600000.0,6655300000.0,8443700000.0,5252100000.0,6204600000.0,-0.0337455460071264,-0.2118028826225469,-0.1535151339328885,0.0,0.2187372641819496,-0.0494137492006714,32566200000.0,7200600000.0,5178400000.0,-0.0330895222654162,0.1726383912451741,0.1981693187084814,-0.0006560237417101,0.0470444673318076,standalone,12,6,6,13,109,122,5,1,0.0,1.0,1.0,1.0,1,2026-08-01 08:53:21+00:00,2026-08-31 09:14:39+00:00,0.6100792089306104,4,1.0,"[""battery_bess"", ""ev_auto"", ""renewables""]",Investor Presentation,https://nsearchives.nseindia.com/corporate/GHCL_01082026142313_GHCL_Investor_Presentation_Q1FY2027.pdf,2026-08-01 08:53:21+00:00,commissioned_or_loa,"[""capacity"", ""commissioning"", ""policy""]","[""battery_bess"", ""ev_auto"", ""renewables""]",2026-10-05,INE539A01019,402.0,402.0,59880734.99126985,804.0,0.1951531472450686,0.0192171275871045,0.1875560051733625,0.1024607426957176,0.1701056285274221,0.0232380156016425,0.0123552864998862,0.0188377434146137,0.0271894597926401,0.0123552864998862,0.4178181727984728,0.062669664371328,0.4178181727984728,0.344698364450219,0.1111334795731475,0.1330698287220026,0.1875560051733625,0.0192171275871045,0.1330698287220026,0.4178181727984728,False,,,N100_drop0.50_s0.20_c0.05,1.0,0.0,0.0,False,False,1.0068271698186462,1.0170734897113791,-0.0865463796488452,-0.1149304575594532,False,,,-0.0812478573877271,-0.0615151161433408,-0.1099302557289936,-0.3031721268850753,-0.0607428186732801,-0.106721110512106,0.4,-0.0728569761645919,0.2313253193433187,0.05,0.0,,0.0,0.0,0.0,0.0,0.3389047890027251,0.0,0.0,0.0,0.0,0.0,0.0,0.0,0.0,0.0,0.0,0.0,0.1826835240527346,1.0,1.0,0.0,0.0,19.83,-0.0400000000000027,1.0380690706523164,0.0,0.5926605504587156,0.0,0.0,0.2072569198012775,0.082902767920511,0.2401703335699077,0.0,1.0,0.3434506423904933,0.3006563216390949,True,False,False,True,False,0.0192171275871045,-3.9325491589437673,0.5926605504587156,0.0,0.122833000175803,0.0,0.0894251242015613,0.4313645048400344,0.2533711852377572,0.4486554399421665,0.0376153300212916,0.4563887448094064,0.0298083747338537,0.0772533711852377,False,0.0465598328510855,0.4114339188445192,GDELT_PLUS_GOOGLE_NEWS,0.46373900044190647,0.32521706075893064,0.3934520754474674,0.5652269276059922,0.43027431959688756,1.0,1.0,99.0,0.661993196690834,True,3042.6,False,False,True,0.10845986984815618,0.4114339188445192,1.0,0.43027431959688756,0.19999999999999998,0.08912047551454932,0.9323986393381668,0.46267525261999076,0.2401703335699077,0.0,0.3406982174187347,-0.0615151161433408,True,False,False,False,0.31894582044766484,0.0,0.36331616173757236,0.3406982174187347,True,True,False,PRE_OBVIOUS_DISCOVERY,True,0.3406982174187347,C,91
ASHOKA,7,7,1,0.672419488648389,0.672419488648389,1.1,0.0,0.9999938557876468,0.2499984639469116,846.4,,2026-08-29 04:42:47+00:00,True,2026-06-30,12878765000.0,,429568000.0,314833000.0,602459000.0,,1032027000.0,0.0801340035321709,0.0244458998980104,-0.2731559558447307,-0.355446093876356,0.0,-0.2815453888533847,0.0,-0.0009357290549996,-0.0173675575526474,0.0297813742934895,0.0,-0.1895315662128319,0.0,-0.0170224905782214,-0.0687006053481935,-0.126043949157565,-0.1091647074479883,0.0,0.0,-0.0052934292106137,-0.1496803305062177,-0.1007547590056816,1.491408131346149,0.005328300181456,57888940000.0,64950138000.0,5141224000.0,5796698000.0,3211798000.0,1868448000.0,-0.1087172131951436,-0.1130771346031827,0.7189656870300913,0.0,0.0888118524885755,-0.0004365799012062,80716563000.0,6361189000.0,4669090000.0,-0.1953307278457829,-0.0887398566525848,-0.5998260903088182,0.0866135146506393,0.0104394647681054,standalone,12,6,6,14,112,126,7,1,1.1,0.85,0.0,1.1,2,2026-05-21 20:20:30+00:00,2026-08-29 04:42:47+00:00,0.4937766678957731,0,0.2500000000000001,"[""power_td"", ""railways""]",Investor Presentation,https://nsearchives.nseindia.com/corporate/ASHOKA_22052026015253_ABL_BSE_NSE__Investor_Presentation_Q4_FY2026.pdf,2026-05-21 20:24:56+00:00,commissioned_or_loa,"[""commissioning"", ""order""]","[""railways"", ""power_td""]",2026-10-05,INE442H01029,105.9,105.9,286203172.7163492,211.8,0.1971006191674683,0.0194969051910283,0.2329430491814238,0.0836981625317504,0.1541756243447502,0.0392420640848221,0.0125784751632314,0.0191094243951521,0.0274972356212734,0.0125784751632314,0.3676561249291809,0.08906970055015,0.3676561249291809,0.3665323019759194,0.1149334381497218,0.1496062992125984,0.2329430491814238,0.0194969051910283,0.1496062992125984,0.3676561249291809,False,,,N100_drop0.50_s0.20_c0.05,1.0,0.0,0.0,False,False,1.0068271698186462,1.0170734897113791,-0.0865463796488452,-0.1149304575594532,False,,,-0.0973406068871461,-0.1673873732211651,-0.0625829866336195,-0.453391142768659,-0.0415448158134244,-0.774710613222586,0.3333333333333333,-0.7521735628028539,0.3026037157332292,0.1,0.0,,0.0,0.0,0.0,0.0,0.0,0.0,0.0,0.0,0.0,0.0,0.0,0.0,0.0,0.0,0.0,0.0,0.0,0.0,0.0,0.0,0.0,54.48,0.0,0.0,0.0,0.0,0.0,0.0,0.1056955287437899,0.0422782114975159,0.1134847409510291,0.0,1.0,0.3420511000709723,0.070610361958836,False,False,False,True,False,0.0194969051910283,-3.9178100571675367,0.0,0.0,0.0,0.0,0.1022001419446416,0.4483178789661962,0.4229950319375443,0.4672697514365707,0.4882895670688431,0.4787924062170949,0.2264017033356991,0.3573811213626685,False,0.2466217175301632,0.5132477440400283,GDELT_PLUS_GOOGLE_NEWS,0.4481701401626068,0.4923206819988589,0.4878384256960267,0.29748240557487854,0.44453827254019457,1.0,1.0,99.0,0.661993196690834,True,5788.894,False,False,True,0.14621100334537132,0.5132477440400283,1.0,0.44453827254019457,0.75,0.04544907735982964,0.9323986393381668,0.5514267587812722,0.1134847409510291,0.0,0.3364742672095459,-0.0625829866336195,True,False,False,False,0.45183496134447104,0.0,0.36454428016034013,0.3364742672095459,True,True,False,PRE_OBVIOUS_DISCOVERY,True,0.3364742672095459,C,92
HDFCBANK,4,2,3,0.3965733333333333,0.2930333333333333,0.85,0.0,0.0,0.0,,,2026-10-02 07:15:00+00:00,True,2026-06-30,,,,,,,,,,,,,,,,,,,,,,,,,,,,,,,,,,,,,,,,,,,,,,,,,,,,standalone,12,6,6,12,103,115,2,3,0.0,0.85,0.0,0.15,0,2026-09-06 16:24:52+00:00,2026-09-06 16:24:52+00:00,0.49764661133122,1,0.15,[],Updates,https://nsearchives.nseindia.com/corporate/HDFCBANK_06092026214946_Draft_SE_intimation_LTI_grant.pdf,2026-09-06 16:24:52+00:00,unspecified_or_early,"[""policy""]",[],2026-10-05,INE040A01034,704.8,704.8,22501178419.29524,1409.6,0.1442520511094063,0.0125384088604795,0.1424538428834864,0.0880173437703243,0.2069010044643104,0.0700183694334246,0.0072952697864264,0.012360000014304,0.0193915457353815,0.0072952697864264,0.2827964444620103,0.1543530232611837,0.2827964444620103,0.229466863104974,0.1929945162477575,0.0721649484536082,0.1424538428834864,0.0125384088604795,0.0721649484536082,0.2827964444620103,False,,,N100_drop0.50_s0.20_c0.05,1.0,0.0,0.0,False,False,1.0068271698186462,1.0170734897113791,-0.0865463796488452,-0.1149304575594532,False,,,-0.0026179862732611,-0.1379120543086049,-0.0858625162127108,-0.2707708225556131,0.0433526984962738,0.0465772504007722,0.4,0.0702279575700397,0.5138980886123322,0.4,0.0,,0.0044639361837773,0.0,0.0,0.0,0.0,0.0,0.0,0.0,0.0,0.0,0.0,0.0,0.0,0.0,0.0,0.0,0.0,0.0,0.0,0.0,0.0,,,0.0,0.0,0.0,0.0,0.0,0.4607690135883501,0.18430760543534,0.2725337118523775,0.0,1.0,0.0268275372604684,0.1693061419550025,False,False,False,True,False,0.0125384088604795,-4.366340958945309,0.0,0.0,0.0,0.0,0.0014194464158978,0.4076199648658752,0.0546486870120652,0.4521075941277139,0.0652945351312987,0.478461766252694,0.1994322214336409,0.123527324343506,False,0.0842122072391767,0.0,GDELT_PLUS_GOOGLE_NEWS,,,,,0.5,1.0,1.0,99.0,0.661993196690834,True,,False,False,True,0.0,0.0,0.85,0.5,0.15,0.19813067584299052,0.7965653060048334,0.3426069859445891,0.2725337118523775,0.0,0.3264461281453094,-0.0858625162127108,True,False,False,False,0.2445630643926329,0.0,0.33915302593799795,0.3264461281453094,True,True,False,PRE_OBVIOUS_DISCOVERY,True,0.3264461281453094,C,93
BOROSCI,5,5,1,0.6980000000000001,0.6980000000000001,1.0,0.0,0.9877226600969315,0.2469306650242329,,,2026-09-22 07:49:32+00:00,True,2026-06-30,1067523000.0,,59807000.0,43551000.0,2547000.0,,62354000.0,0.0584099827357349,0.0407963107118066,-0.2543600661317732,-0.840155766555702,0.0,-0.787973585957849,0.0,-0.1470022337613066,0.1122765596542483,,1.0,1.1392205297104434,0.0,0.0280400167857722,0.1084878462458285,1.0514414305529178,6.171939539739458,0.0,0.0,0.0655563671027809,0.1182370582354901,0.0060881662204006,-0.1176726839184996,-0.0098563328520091,4781174000.0,4295292000.0,558214000.0,374304000.0,431459000.0,174908000.0,0.1131196668352232,0.4913385910917329,1.4667768198138451,0.0,0.1167524963534061,0.0296096432016296,,,,,,,,,consolidated,9,6,3,12,6,18,5,1,0.0,1.0,0.15,1.0,3,2026-02-13 09:32:19+00:00,2026-09-22 07:49:32+00:00,0.8174044673886296,2,0.85,"[""pharma_specialty""]",Capacity addition,https://nsearchives.nseindia.com/corporate/BOROSCI_22092026131923_BSL_SE_Capex.pdf,2026-09-22 07:49:32+00:00,commercial_production_or_purchase_order,"[""capacity"", ""commissioning"", ""policy""]",[],2026-10-05,INE02L001032,112.15,112.15,12550537.285396826,224.3,0.2547703569874896,0.0286750872472367,0.2559059459977952,0.1120532277412726,0.148632087697582,0.1729005856479409,0.0201747469682522,0.0280204025662183,0.0384827676358301,0.0201747469682522,0.4534625975761788,0.0547023400423167,0.4534625975761788,0.3874895010833164,0.0800297188272068,0.1578542883492161,0.2559059459977952,0.0286750872472367,0.1578542883492161,0.4534625975761788,False,,,N100_drop0.50_s0.20_c0.05,1.0,0.0,0.0,False,False,1.0068271698186462,1.0170734897113791,-0.0865463796488452,-0.1149304575594532,False,,,-0.1688282813310605,-0.2915798117617333,-0.0008908685968819,-0.1973232178642999,-0.0716350107438161,-0.1419550873327426,0.2666666666666666,-0.0072790878233999,0.2973047442654043,0.1,0.1,,0.0,0.4327514972835885,0.0,0.0,0.0,0.0,0.0,0.0,0.0,0.0,0.0,0.0,0.0,0.0,0.0,0.0,0.0,1.0,1.0,0.0,0.0,68.27,0.1899999999999977,1.1827514972835886,0.0,0.6752293577981652,0.0,0.0712121212121212,0.3394796828948525,0.1678373277033955,0.3090134847409511,0.0,1.0,0.3985805535841021,0.3494038725916864,True,False,True,True,True,0.0286750872472367,-3.522632323320269,0.6752293577981652,0.0241750683273607,0.2292266482666159,0.0,0.3591199432221433,0.5063595840751267,0.830376153300213,0.4766841645755844,0.6579134137686302,0.4945346964152891,0.8034066713981547,0.7578779276082328,True,0.5983924769339957,0.5132477440400283,GDELT_PLUS_GOOGLE_NEWS,0.778412807871882,0.5365691302720829,0.742866267756646,,0.6989184226683562,0.75,0.8875000000000001,99.0,0.661993196690834,True,478.1174,False,False,True,0.0,0.5132477440400283,1.0,0.6202901001181662,0.0725,0.184430809099332,0.8823986393381669,0.47931220721397155,0.3090134847409511,0.0,0.31336601843263934,-0.0008908685968819,True,False,False,False,0.31835870382232767,0.0,0.34810976635824276,0.31336601843263934,True,True,False,PRE_OBVIOUS_DISCOVERY,True,0.31336601843263934,C,94
RNBDENIMS,5,5,1,0.5633333333333334,0.5633333333333334,1.0,0.0,0.0,0.0,,,2026-09-30 10:47:42+00:00,True,2026-06-30,1193365000.0,,60395000.0,43795000.0,16991000.0,,77386000.0,0.0648468825547925,0.0366987468209642,-0.1330433222254429,2.918314395633891,0.0,1.5969327829792943,0.0,0.0431984832461116,,,,,,,,,,,,,,,,,,,,,,,,,,,,,,,,,,,,,consolidated,4,4,0,8,0,8,5,1,0.0,1.0,0.0,0.0,1,2026-05-29 12:37:34+00:00,2026-09-30 10:47:42+00:00,0.9109156588975448,1,0.85,[],Commencement of commercial production/operations,https://nsearchives.nseindia.com/corporate/RBDENIMS_30092026161719_Regulation_30__polyster_yarn_by_ricon_indus.pdf,2026-09-30 10:47:42+00:00,commercial_production_or_purchase_order,"[""commissioning""]",[],,,,,,,,,,,,,,,,,,,,,,,,,,,,,,,,,,,,,,,,,,,,,,,,,,,,,,,,,,,,,,,,,,,,,,,,,,,,,,,,,,,,,,,,,,,,,,,,,,,,,,,,,,,,,,,0.0,GDELT_PLUS_GOOGLE_NEWS,,,,,0.5,0.3333333333333333,0.7000000000000001,99.0,0.661993196690834,True,477.346,False,False,True,0.0,0.0,1.0,0.35000000000000003,0.049999999999999996,0.0,0.7990653060048335,0.32294391836029,0.5,0.0,0.308355134688232,0.0,True,False,False,False,0.17740653060048336,0.0,0.33489296180200584,0.308355134688232,True,True,False,PRE_OBVIOUS_DISCOVERY,True,0.308355134688232,C,95
AMBUJACEM,4,4,1,0.5969666666666666,0.5969666666666666,1.1,0.0,0.999998984368529,0.2499997460921322,,,2026-09-30 14:20:16+00:00,True,2026-06-30,63280000000.0,,6260000000.0,5040000000.0,760000000.0,,7020000000.0,0.1109355246523388,0.079646017699115,-0.0926674973366464,-0.6933672414002896,0.0,1.465320456540825,0.0,0.0701069958701975,0.1474785573104611,-0.4108639493155969,0.0,-0.3594481399359448,0.0,-0.0877933273251033,0.1881203063929517,-0.5671807423393075,0.2035956668179805,0.0,0.0,-0.129447669305118,0.1950322046752415,-0.5164880802688192,-0.2953681415231797,-0.1173997663935171,243640100000.0,204525000000.0,18692400000.0,41049870000.0,37392000000.0,40430530000.0,0.1912485026280406,-0.5446416760881339,-0.0751543449962194,0.0,0.0767213607283858,-0.123986963437364,177054200000.0,32006800000.0,22604600000.0,0.155154749223684,0.2825358986215429,0.7885974536156357,0.0360937534043566,0.0199343012959168,standalone,12,6,6,13,116,129,4,1,0.0,1.1,0.0,1.1,1,2026-08-03 14:19:45+00:00,2026-09-30 14:20:16+00:00,0.5932617523159868,0,0.0,"[""renewables""]",General Updates,https://nsearchives.nseindia.com/corporate/AMBUJACEM_30092026195001_ACL_Disclosure_30092026.pdf,2026-09-30 14:20:16+00:00,commissioned_or_loa,"[""capacity"", ""commissioning""]",[],2026-10-05,INE079A01024,366.5,366.5,877950088.2626984,733.0,0.1845756889341775,0.0177297766674859,0.1740910784904235,0.1018419600890763,0.1643133907452849,0.0563200419180002,0.0111840263385798,0.0173175441259843,0.0256730457041573,0.0111840263385798,0.392784198205449,0.0715338424936355,0.392784198205449,0.3031448817113363,0.1383521259152194,0.1130612244897959,0.1740910784904235,0.0177297766674859,0.1130612244897959,0.392784198205449,False,,,N100_drop0.50_s0.20_c0.05,1.0,0.0,0.0,False,False,1.0068271698186462,1.0170734897113791,-0.0865463796488452,-0.1149304575594532,False,,,-0.0950617283950617,-0.1439915917318696,-0.1477735147075921,-0.3703290095352632,-0.0470645311511052,-0.3552013054718466,0.3833333333333333,-0.2979600197036767,0.355723255319067,0.15,0.0,,0.0,0.0,1.1861678413539347,0.0,0.0,0.0,0.0,0.0,0.0,0.0,0.0,0.0,0.0,0.0,0.0,0.0,0.1595206706160762,1.0,2.0,0.0,0.0,67.33,-0.3500000000000085,2.5827098016924186,0.0,0.9229357798165138,0.0,0.0,0.2099893541518807,0.0839957416607523,0.1611071682044003,0.0,1.0,0.279893753829169,0.4181531120970325,True,False,False,True,False,0.0177297766674859,-4.014620923309752,0.9229357798165138,0.0,0.193806688327332,0.0,0.0518097941802696,0.5448485321826397,0.9119943222143364,0.551781126905662,0.9339957416607524,0.5532187069963925,0.9772888573456352,0.9490773598296663,False,0.6519077147519305,0.4114339188445192,GDELT_PLUS_GOOGLE_NEWS,0.39386897716971314,0.38376935200830076,0.3980836280317287,0.7553434640899981,0.44640817408980593,1.0,1.0,99.0,0.661993196690834,True,24364.01,False,False,True,0.0,0.4114339188445192,1.0,0.44640817408980593,0.049999999999999996,0.0902954222853087,0.9323986393381668,0.42752871035340717,0.1611071682044003,0.0,0.3018529016172723,-0.1439915917318696,True,False,False,False,0.2605000704549855,0.0,0.3283654960385887,0.3018529016172723,True,True,False,PRE_OBVIOUS_DISCOVERY,True,0.3018529016172723,C,96
STUDDS,1,1,1,0.2478333333333333,0.2478333333333333,1.0,0.0,0.0,0.0,,,2026-10-01 11:03:03+00:00,True,2026-06-30,1696760000.0,,171960000.0,122970000.0,1860000.0,,173820000.0,0.1024423017987222,0.0724734199297484,0.0127371047259792,-0.4171761694867055,0.0,-0.4035208126008029,0.0,-0.0714902046772658,,,,,,,,,,,,,,,,,,,,,,,,,,,,,,,,,,,,,consolidated,4,4,0,9,0,9,1,1,0.0,1.0,0.0,0.0,1,2026-10-01 11:03:03+00:00,2026-10-01 11:03:03+00:00,0.9232737292184494,1,1.0,[],Postponement of commercial production/operations,https://nsearchives.nseindia.com/corporate/Studds1983_01102026163010_Intimation30092026.pdf,2026-10-01 11:03:03+00:00,commercial_production_or_purchase_order,"[""commissioning""]",[],2026-10-05,INE00Q601028,403.1,403.1,27873309.94523809,806.2,0.22446550372735,0.0236304592046822,0.2202421002660329,0.1072931068861891,0.1664974678485609,0.0989289569318758,0.0158695452377545,0.0232576225069464,0.032339388396493,0.0158695452377545,0.383318851290547,0.0858373457752504,0.383318851290547,0.3429795971537197,0.119852214073368,0.1330698287220026,0.2202421002660329,0.0236304592046822,0.1330698287220026,0.383318851290547,False,,,N100_drop0.50_s0.20_c0.05,1.0,0.0,0.0,False,False,1.0068271698186462,1.0170734897113791,-0.0865463796488452,-0.1149304575594532,False,,,-0.0558613420775265,-0.123981310442247,-0.0941573033707864,,-0.0145342385967775,0.3594685203519081,0.3166666666666666,0.3865000961495184,0.6865406470732093,0.3,0.05,,0.0812089618010464,0.0,0.7652229912824234,0.0,0.0,0.0,0.0,0.0,0.0,0.0,0.0,0.0,0.0,0.0,0.0,0.0,0.0,1.0,1.0,0.0,0.0,61.75,0.0,1.7065287391030295,0.0,0.8220183486238533,0.0,0.0,0.6134086751319386,0.2453634700527754,0.3495386799148332,0.0,1.0,0.3066004258339248,0.4380110936479371,True,False,True,True,True,0.0236304592046822,-3.7213046184833143,0.8220183486238533,0.0,0.5042331861635019,0.0,0.2327892122072391,0.5242307664207579,0.8814762242725337,0.5422333299373057,0.9233498935415188,0.5204834866793436,0.9311568488289568,0.9184882895670688,True,0.6821185237757273,0.0,GDELT_PLUS_GOOGLE_NEWS,,,,,0.5,0.3333333333333333,0.7000000000000001,99.0,0.661993196690834,True,678.704,False,False,True,0.0,0.0,1.0,0.35000000000000003,0.049999999999999996,0.26376573030673356,0.6323986393381669,0.33932049139096343,0.3495386799148332,0.0,0.2668360950290234,-0.0941573033707864,True,False,False,False,0.17392815044915336,0.0,0.307670365865204,0.2668360950290234,True,True,False,PRE_OBVIOUS_DISCOVERY,True,0.2668360950290234,C,97
JSWCEMENT,8,8,1,0.6850119588532843,0.6850119588532843,0.85,0.0,0.999998984368529,0.2499997460921322,55.0,16.203703703703702,2026-10-06 12:20:01+00:00,True,2026-06-30,18964100000.0,,1774400000.0,1407100000.0,973500000.0,,2747900000.0,0.1449001007166172,0.0741980900754583,0.0007493443237167,-0.6043025871766029,0.0,-0.0903101930016221,0.0,-0.0145044343996631,0.215787719095793,,1.0,0.0300633504517,0.0,-0.0261260433256441,,,,,,,,,,,,,,,,,,,,,,,,,,,,,,,consolidated,5,5,0,12,0,12,8,1,0.0,0.85,0.85,0.85,2,2026-08-19 14:48:02+00:00,2026-10-06 12:20:01+00:00,0.7407202825490533,1,0.0,"[""railways"", ""renewables"", ""semiconductor_electronics""]",Investor Presentation,https://nsearchives.nseindia.com/corporate/JSWCL_28082026175358_SE_Intimation_Investor_Presentation___1_.pdf,2026-08-28 12:25:49+00:00,commissioned_or_loa,"[""capacity"", ""commissioning"", ""product""]","[""railways""]",2026-10-05,INE718I01012,111.09,111.09,203190229.8590476,222.18,0.1899467569027066,0.0184782695309632,0.169552639504796,0.1089824940793128,0.1741613056671168,0.0339674356605345,0.0117706133470694,0.0180760801525648,0.0263971968991541,0.0117706133470694,0.3940543403003956,0.0752188753958002,0.3940543403003956,0.3073512575084097,0.1386693550720122,0.1130612244897959,0.169552639504796,0.0184782695309632,0.1130612244897959,0.3940543403003956,False,,,N100_drop0.50_s0.20_c0.05,1.0,0.0,0.0,False,False,1.0068271698186462,1.0170734897113791,-0.0865463796488452,-0.1149304575594532,False,,,-0.0995379751965631,-0.1787536039033045,-0.0626107501476669,-0.2482235907153008,-0.0399534405621283,-0.0591592837045769,0.4166666666666667,0.0328858620299079,0.3961784964910802,0.25,0.05,,0.0,0.1091132000831581,0.0,0.0,0.0,0.0,0.0,0.0,0.0,0.0,0.0,0.0,0.0,0.0,0.0,0.0,1.903179799909395,1.0,0.0,0.0,0.0,72.02,-0.0100000000000051,0.5091132000831582,0.0,0.2128440366972477,0.0,0.0,0.3874588807099141,0.1549835522839656,0.269056068133428,0.0,1.0,0.4542095836897114,0.1720154701749142,True,False,False,True,False,0.0184782695309632,-3.9725087318019416,0.2128440366972477,0.0,0.0824683122244954,0.0,0.0674237047551454,0.4830046201511854,0.7239176721078779,0.4735507258412329,0.6181689141234918,0.4844205743705647,0.5904897090134847,0.6268630234208659,False,0.4136102694521786,0.4114339188445192,GDELT_PLUS_GOOGLE_NEWS,,,,,0.6065695815558227,0.4166666666666667,0.7375,99.0,0.661993196690834,True,7585.64,False,False,True,0.10802469135802469,0.4114339188445192,0.85,0.4473450663974193,0.1775,0.16660731870526302,0.7632319726715001,0.4268855093629129,0.269056068133428,0.0,0.258982854421839,-0.0626107501476669,True,False,False,False,0.30554062909362734,0.0,0.29401478783647295,0.258982854421839,True,True,False,PRE_OBVIOUS_DISCOVERY,True,0.258982854421839,C,98
UNOMINDA,1,1,1,0.1928607922375877,0.1928607922375877,0.55,0.0,0.9592377960216338,0.2398094490054084,155.0,,2026-09-14 15:40:21+00:00,True,2026-06-30,40293900000.0,,3026600000.0,2444300000.0,320100000.0,,3346700000.0,0.0830572369514988,0.0606617875162245,0.0250370773625847,0.2035550741050766,0.0,0.1428425078541182,0.0,0.008561628997228,0.1884248185386945,-0.1074636675673701,0.0,-0.1075466666666666,0.0,-0.0275449402892275,0.1769134327652075,-0.0132094164268528,-0.0120753217510319,0.0,0.0,-0.0151878835919133,0.2657182264522526,0.2737011344750344,0.1430617808788872,0.0005989331424667,153385100000.0,125929800000.0,13325800000.0,11894700000.0,9422600000.0,8858100000.0,0.2180206750109981,0.1203140894684187,0.0637269843420147,0.0,0.0868780605156563,-0.0075769453685743,94888600000.0,8049200000.0,5736300000.0,0.3271330802646472,0.4777493415494707,0.544218398619319,-0.1091124052536491,0.0096271129655871,standalone,12,6,6,14,124,138,1,1,0.0,0.0,0.0,0.55,1,2026-09-14 15:40:21+00:00,2026-09-14 15:40:21+00:00,0.7379135447845746,1,0.55,"[""ev_auto""]",Capacity addition,https://nsearchives.nseindia.com/corporate/MINDAIND1_14092026211010_Outcome_Board_Meeting_14092026.pdf,2026-09-14 15:40:21+00:00,under_construction_or_vendor_approved,"[""capacity""]","[""ev_auto""]",2026-10-05,INE405E01023,1101.0,1101.0,909264112.4603176,2202.0,0.2251283010724574,0.023735394668847,0.1589294225501148,0.1493455037336631,0.155797257715069,0.0932439662666792,0.0159447990049744,0.0233449561736078,0.0324536489521811,0.0159447990049744,0.416243226894179,0.0565102310553631,0.416243226894179,0.3619899587683188,0.0959471312116169,0.1428571428571428,0.1589294225501148,0.023735394668847,0.1428571428571428,0.416243226894179,False,,,N100_drop0.50_s0.20_c0.05,1.0,0.0,0.0,False,False,1.0068271698186462,1.0170734897113791,-0.0865463796488452,-0.1149304575594532,False,,,-0.1323877068557919,-0.0463404071026418,0.0501716901945821,-0.1553509781357882,-0.1169409044882446,-0.2350874927009465,0.45,-0.2267493838745033,0.2796469533687261,0.05,0.0,,0.0,0.8670408891412151,0.0,0.0,0.0,0.0,0.0,0.0,0.0,0.0,0.182735685332352,0.1839397205857211,0.0,0.0,0.0,0.0,0.2211552062942319,3.0,4.0,0.0,0.0,68.36,-0.0100000000000051,3.631924418279011,0.0,0.9596330275229358,0.0,0.0,0.1731547196593328,0.0692618878637331,0.3130589070262597,0.0,1.0,0.28391733847731,0.4419053215299902,True,False,True,True,True,0.023735394668847,-3.7167662816858136,0.9596330275229358,0.0,0.1661649878565707,0.0,0.2342086586231369,0.472142741368584,0.6593328601845281,0.4077099691460695,0.0106458481192335,0.4902304088783197,0.7459190915542938,0.4712562100780696,True,0.3717502107938588,0.3565847945794296,GDELT_PLUS_GOOGLE_NEWS,0.5367367823428364,0.685208231359432,0.624606202853145,0.8889725690450806,0.6442638967043837,1.0,1.0,99.0,0.661993196690834,True,15338.51,False,False,True,0.010105284020416586,0.3565847945794296,0.55,0.6442638967043837,0.049999999999999996,0.0744565294535131,0.6082319726715002,0.3271407309922274,0.3130589070262597,0.0,0.2516109791208491,0.0501716901945821,True,False,False,False,0.2743020625799895,0.0,0.2888125760554568,0.2516109791208491,True,True,False,PRE_OBVIOUS_DISCOVERY,True,0.2516109791208491,C,99
