name,pool_n,risk_drop,w_safety,w_consensus,baseline,folds,mean_precision_2x,median_precision_2x,mean_lift_2x,median_lift_2x,hit_fold_rate,hit_folds,mean_dd30_rate,median_dd30_rate,dd30_iqr,mean_selected_p_cal,mean_selected_p_dd30,feasible,objective,gate_mean_precision_required,gate_mean_lift_required,gate_hit_fold_rate_required,gate_median_precision_required
N100_drop0.50_s0.15_c0.05,100,0.5,0.15,0.05,False,26,0.11538461538461539,0.1,5.581026336284229,2.0846846846846847,0.6538461538461539,17,0.34615384615384615,0.3,0.4,0.07255021667585207,0.2617585656954897,True,0.5111538461538461,0.09000000000000001,3.971714947004404,0.5538461538461539,0.09000000000000001
N100_drop0.50_s0.10_c0.00,100,0.5,0.1,0.0,False,26,0.11153846153846156,0.1,4.715690867471696,2.2153846153846155,0.6538461538461539,17,0.35000000000000003,0.3,0.4,0.07266609803201816,0.26276720811780285,True,0.515,0.09000000000000001,3.971714947004404,0.5538461538461539,0.09000000000000001
N100_drop0.50_s0.20_c0.10,100,0.5,0.2,0.1,False,26,0.11923076923076924,0.1,5.612769455550284,2.2153846153846155,0.6538461538461539,17,0.3538461538461538,0.3,0.4,0.07219245481772342,0.2607897795907491,True,0.5188461538461537,0.09000000000000001,3.971714947004404,0.5538461538461539,0.09000000000000001
N100_drop0.50_s0.15_c0.10,100,0.5,0.15,0.1,False,26,0.11153846153846153,0.1,5.4433120505699435,1.7900000000000003,0.6153846153846154,16,0.3538461538461538,0.3,0.4,0.07237571712068763,0.2612073453635907,True,0.5188461538461537,0.09000000000000001,3.971714947004404,0.5538461538461539,0.09000000000000001
N100_drop0.50_s0.15_c0.15,100,0.5,0.15,0.15,False,26,0.11153846153846153,0.1,5.4433120505699435,1.7900000000000003,0.6153846153846154,16,0.3538461538461538,0.3,0.4,0.07226953650186888,0.2614831010832544,True,0.5188461538461537,0.09000000000000001,3.971714947004404,0.5538461538461539,0.09000000000000001
N100_drop0.50_s0.10_c0.05,100,0.5,0.1,0.05,False,26,0.11153846153846156,0.1,4.715690867471696,2.2153846153846155,0.6538461538461539,17,0.35384615384615387,0.3,0.4,0.07264689202741482,0.2631260697927153,True,0.5188461538461538,0.09000000000000001,3.971714947004404,0.5538461538461539,0.09000000000000001
N100_drop0.50_s0.15_c0.00,100,0.5,0.15,0.0,False,26,0.11538461538461539,0.1,5.11630625208708,2.2153846153846155,0.6538461538461539,17,0.3461538461538461,0.3,0.475,0.07254329147638702,0.26184239068320453,True,0.522403846153846,0.09000000000000001,3.971714947004404,0.5538461538461539,0.09000000000000001
N100_drop0.50_s0.10_c0.10,100,0.5,0.1,0.1,False,26,0.1153846153846154,0.1,5.2473651151524185,2.2153846153846155,0.6538461538461539,17,0.3576923076923077,0.3,0.4,0.07260906403278317,0.2630844141965332,True,0.5226923076923077,0.09000000000000001,3.971714947004404,0.5538461538461539,0.09000000000000001
N100_drop0.50_s0.10_c0.15,100,0.5,0.1,0.15,False,26,0.1153846153846154,0.1,5.2473651151524185,2.2153846153846155,0.6538461538461539,17,0.3576923076923077,0.3,0.4,0.07251838158851896,0.262935156306907,True,0.5226923076923077,0.09000000000000001,3.971714947004404,0.5538461538461539,0.09000000000000001
N100_drop0.50_s0.05_c0.15,100,0.5,0.05,0.15,False,26,0.11153846153846156,0.1,5.178284034071338,2.2153846153846155,0.6538461538461539,17,0.3576923076923077,0.3,0.4,0.07262380836073128,0.26369930553372717,True,0.5226923076923077,0.09000000000000001,3.971714947004404,0.5538461538461539,0.09000000000000001
N100_drop0.50_s0.20_c0.00,100,0.5,0.2,0.0,False,26,0.11538461538461539,0.1,5.503774084031977,1.7900000000000003,0.6153846153846154,16,0.35,0.3,0.475,0.07234750238582563,0.26095151925075116,True,0.52625,0.09000000000000001,3.971714947004404,0.5538461538461539,0.09000000000000001
N75_drop0.50_s0.20_c0.00,75,0.5,0.2,0.0,False,26,0.11538461538461539,0.1,5.11630625208708,2.2153846153846155,0.6538461538461539,17,0.35,0.3,0.475,0.07271663365045657,0.262201934185959,True,0.52625,0.09000000000000001,3.971714947004404,0.5538461538461539,0.09000000000000001
N100_drop0.40_s0.20_c0.00,100,0.4,0.2,0.0,False,26,0.11153846153846153,0.1,5.434693002950897,1.7900000000000003,0.6153846153846154,16,0.35,0.3,0.475,0.07295027514953238,0.2621943204088097,True,0.52625,0.09000000000000001,3.971714947004404,0.5538461538461539,0.09000000000000001
N100_drop0.50_s0.05_c0.10,100,0.5,0.05,0.1,False,26,0.10769230769230773,0.1,4.610174638961943,2.0846846846846847,0.6153846153846154,16,0.36153846153846153,0.3,0.4,0.07271282313506118,0.2638556671329412,True,0.5265384615384615,0.09000000000000001,3.971714947004404,0.5538461538461539,0.09000000000000001
N100_drop0.50_s0.00_c0.05,100,0.5,0.0,0.05,False,26,0.11153846153846156,0.1,4.641917758227997,2.2153846153846155,0.6153846153846154,16,0.36538461538461536,0.3,0.375,0.07274336481773812,0.26469405503671734,True,0.5266346153846153,0.09000000000000001,3.971714947004404,0.5538461538461539,0.09000000000000001
N100_drop0.50_s0.00_c0.00,100,0.5,0.0,0.0,False,26,0.1076923076923077,0.1,4.577976581757409,2.0846846846846847,0.6153846153846154,16,0.36538461538461536,0.3,0.375,0.0727449390318109,0.2647000840488669,True,0.5266346153846153,0.09000000000000001,3.971714947004404,0.5538461538461539,0.09000000000000001
N100_drop0.50_s0.00_c0.15,100,0.5,0.0,0.15,False,26,0.10384615384615385,0.1,4.5410935578808616,2.0846846846846847,0.6153846153846154,16,0.36538461538461536,0.3,0.375,0.07268858532067148,0.26447482241130454,True,0.5266346153846153,0.09000000000000001,3.971714947004404,0.5538461538461539,0.09000000000000001
N100_drop0.50_s0.00_c0.10,100,0.5,0.0,0.1,False,26,0.10384615384615385,0.1,4.5410935578808616,2.0846846846846847,0.6153846153846154,16,0.3692307692307692,0.3,0.375,0.07272417191751482,0.2645007082885464,True,0.5304807692307691,0.09000000000000001,3.971714947004404,0.5538461538461539,0.09000000000000001
N100_drop0.50_s0.20_c0.05,100,0.5,0.2,0.05,False,26,0.11923076923076922,0.1,5.535517203298031,2.0846846846846847,0.6153846153846154,16,0.35769230769230764,0.3,0.475,0.07225910709042226,0.2606952405358328,True,0.5339423076923077,0.09000000000000001,3.971714947004404,0.5538461538461539,0.09000000000000001
N100_drop0.40_s0.20_c0.05,100,0.4,0.2,0.05,False,26,0.11153846153846153,0.1,5.434693002950897,1.7900000000000003,0.6153846153846154,16,0.35769230769230764,0.3,0.475,0.0727251711583936,0.26176976590476597,True,0.5339423076923077,0.09000000000000001,3.971714947004404,0.5538461538461539,0.09000000000000001
N75_drop0.50_s0.10_c0.15,75,0.5,0.1,0.15,False,26,0.1076923076923077,0.1,5.031950700738005,2.0846846846846847,0.6153846153846154,16,0.3576923076923077,0.3,0.475,0.07271360867241913,0.2637342550414595,True,0.5339423076923077,0.09000000000000001,3.971714947004404,0.5538461538461539,0.09000000000000001
N100_drop0.30_s0.20_c0.00,100,0.3,0.2,0.0,False,26,0.10769230769230768,0.1,5.273211422146378,1.5985294117647058,0.5769230769230769,15,0.35769230769230764,0.3,0.475,0.07342122017888683,0.26482432324075683,True,0.5339423076923077,0.09000000000000001,3.971714947004404,0.5538461538461539,0.09000000000000001
N75_drop0.40_s0.20_c0.00,75,0.4,0.2,0.0,False,26,0.10384615384615385,0.1,4.555747248482205,1.7900000000000003,0.6153846153846154,16,0.35769230769230764,0.3,0.475,0.07318145559440214,0.2633661251606939,True,0.5339423076923077,0.09000000000000001,3.971714947004404,0.5538461538461539,0.09000000000000001
N75_drop0.50_s0.15_c0.00,75,0.5,0.15,0.0,False,26,0.10384615384615385,0.1,4.614866667124559,2.0846846846846847,0.6538461538461539,17,0.35769230769230764,0.3,0.5,0.07277727861491091,0.2630391366010192,True,0.5376923076923076,0.09000000000000001,3.971714947004404,0.5538461538461539,0.09000000000000001
N100_drop0.40_s0.15_c0.00,100,0.4,0.15,0.0,False,26,0.10384615384615385,0.1,4.518409286667179,1.7900000000000003,0.6153846153846154,16,0.35769230769230764,0.3,0.5,0.0733026911437799,0.26365618304621463,True,0.5376923076923076,0.09000000000000001,3.971714947004404,0.5538461538461539,0.09000000000000001
N75_drop0.50_s0.15_c0.05,75,0.5,0.15,0.05,False,26,0.10769230769230773,0.1,4.68394774820564,2.0846846846846847,0.6538461538461539,17,0.3576923076923077,0.3,0.5,0.07276506656977996,0.262968017604984,True,0.5376923076923077,0.09000000000000001,3.971714947004404,0.5538461538461539,0.09000000000000001
N75_drop0.50_s0.00_c0.15,75,0.5,0.0,0.15,False,26,0.1076923076923077,0.1,4.952422262732503,2.3807339449541285,0.6538461538461539,17,0.36153846153846153,0.3,0.475,0.0727940817616462,0.2652991526951678,True,0.5377884615384615,0.09000000000000001,3.971714947004404,0.5538461538461539,0.09000000000000001
N75_drop0.50_s0.20_c0.05,75,0.5,0.2,0.05,False,26,0.11538461538461539,0.1,5.575420275678169,2.0846846846846847,0.6538461538461539,17,0.3615384615384615,0.3,0.5,0.07260964089925467,0.26187886062959553,True,0.5415384615384614,0.09000000000000001,3.971714947004404,0.5538461538461539,0.09000000000000001
N75_drop0.50_s0.15_c0.10,75,0.5,0.15,0.1,False,26,0.10769230769230773,0.1,5.037090605348498,1.7900000000000003,0.6153846153846154,16,0.36153846153846153,0.3,0.5,0.07269802259141402,0.26267591984330874,True,0.5415384615384615,0.09000000000000001,3.971714947004404,0.5538461538461539,0.09000000000000001
N75_drop0.50_s0.05_c0.15,75,0.5,0.05,0.15,False,26,0.10384615384615385,0.1,4.962869619656924,2.0846846846846847,0.6153846153846154,16,0.36538461538461536,0.3,0.475,0.07276975610363134,0.26410365902278704,True,0.5416346153846153,0.09000000000000001,3.971714947004404,0.5538461538461539,0.09000000000000001
N75_drop0.40_s0.15_c0.00,75,0.4,0.15,0.0,False,26,0.09615384615384616,0.1,4.4175850863200425,1.7900000000000003,0.6153846153846154,16,0.36538461538461536,0.3,0.475,0.07330767470165615,0.2648635285550268,True,0.5416346153846153,0.09000000000000001,3.971714947004404,0.5538461538461539,0.09000000000000001
N75_drop0.30_s0.20_c0.00,75,0.3,0.2,0.0,False,26,0.10384615384615385,0.1,4.522466167401124,2.0846846846846847,0.6153846153846154,16,0.37692307692307686,0.3,0.39999999999999997,0.0737210509241034,0.26695379123729707,True,0.5419230769230768,0.09000000000000001,3.971714947004404,0.5538461538461539,0.09000000000000001
N75_drop0.50_s0.20_c0.10,75,0.5,0.2,0.1,False,26,0.11538461538461539,0.1,5.575420275678169,2.0846846846846847,0.6538461538461539,17,0.3653846153846153,0.3,0.5,0.07244218426551449,0.26136222514563745,True,0.5453846153846152,0.09000000000000001,3.971714947004404,0.5538461538461539,0.09000000000000001
N75_drop0.50_s0.15_c0.15,75,0.5,0.15,0.15,False,26,0.11153846153846156,0.1,5.101031781819086,2.0846846846846847,0.6153846153846154,16,0.36538461538461536,0.3,0.5,0.07261544672876531,0.2627947784970856,True,0.5453846153846154,0.09000000000000001,3.971714947004404,0.5538461538461539,0.09000000000000001
N75_drop0.50_s0.10_c0.10,75,0.5,0.1,0.1,False,26,0.10384615384615385,0.1,4.9680095242674165,1.7900000000000003,0.6153846153846154,16,0.36538461538461536,0.3,0.5,0.07277457066971482,0.2637483123727625,True,0.5453846153846154,0.09000000000000001,3.971714947004404,0.5538461538461539,0.09000000000000001
N75_drop0.50_s0.00_c0.00,75,0.5,0.0,0.0,False,26,0.10384615384615385,0.1,4.433119751002274,2.0846846846846847,0.6153846153846154,16,0.36538461538461536,0.3,0.5,0.07286550129399222,0.2649669765653568,True,0.5453846153846154,0.09000000000000001,3.971714947004404,0.5538461538461539,0.09000000000000001
N75_drop0.50_s0.00_c0.05,75,0.5,0.0,0.05,False,26,0.10384615384615385,0.1,4.433119751002274,2.0846846846846847,0.6153846153846154,16,0.36538461538461536,0.3,0.5,0.07286550129399222,0.2649669765653568,True,0.5453846153846154,0.09000000000000001,3.971714947004404,0.5538461538461539,0.09000000000000001
N100_drop0.40_s0.00_c0.00,100,0.4,0.0,0.0,False,26,0.09230769230769233,0.1,4.300552431389082,1.7900000000000003,0.6153846153846154,16,0.36538461538461536,0.3,0.5,0.07351111887885561,0.2660739281396314,True,0.5453846153846154,0.09000000000000001,3.971714947004404,0.5538461538461539,0.09000000000000001
N100_drop0.40_s0.00_c0.15,100,0.4,0.0,0.15,False,26,0.1076923076923077,0.1,5.010441855330854,2.2440677966101696,0.6923076923076923,18,0.3653846153846155,0.3,0.5,0.07342324161299443,0.26703418128944467,True,0.5453846153846155,0.09000000000000001,3.971714947004404,0.5538461538461539,0.09000000000000001
N100_drop0.40_s0.10_c0.05,100,0.4,0.1,0.05,False,26,0.10000000000000002,0.1,4.449328205586098,1.7900000000000003,0.6153846153846154,16,0.3653846153846155,0.3,0.5,0.07342075761730794,0.26476373143317383,True,0.5453846153846155,0.09000000000000001,3.971714947004404,0.5538461538461539,0.09000000000000001
N100_drop0.40_s0.10_c0.00,100,0.4,0.1,0.0,False,26,0.09230769230769233,0.1,4.348504005238961,1.7900000000000003,0.6153846153846154,16,0.3653846153846155,0.3,0.5,0.07345196522893013,0.2649241922754524,True,0.5453846153846155,0.09000000000000001,3.971714947004404,0.5538461538461539,0.09000000000000001
N100_drop0.30_s0.20_c0.05,100,0.3,0.2,0.05,False,26,0.10769230769230768,0.1,5.273211422146378,1.5985294117647058,0.5769230769230769,15,0.3692307692307692,0.3,0.475,0.07324621098656069,0.2644547818877455,True,0.5454807692307692,0.09000000000000001,3.971714947004404,0.5538461538461539,0.09000000000000001
N100_drop0.20_s0.20_c0.00,100,0.2,0.2,0.0,False,26,0.10384615384615385,0.1,4.522466167401124,2.0846846846846847,0.6153846153846154,16,0.3692307692307692,0.3,0.475,0.07366514141221099,0.26586860212533864,True,0.5454807692307692,0.09000000000000001,3.971714947004404,0.5538461538461539,0.09000000000000001
N75_drop0.40_s0.15_c0.05,75,0.4,0.15,0.05,False,26,0.10384615384615385,0.1,4.518409286667179,1.7900000000000003,0.6153846153846154,16,0.3692307692307692,0.3,0.475,0.07329043113349676,0.264699369390701,True,0.5454807692307692,0.09000000000000001,3.971714947004404,0.5538461538461539,0.09000000000000001
N75_drop0.50_s0.05_c0.10,75,0.5,0.05,0.1,False,26,0.10384615384615385,0.1,4.508895500676329,2.0846846846846847,0.6153846153846154,16,0.3692307692307692,0.3,0.475,0.07282462704241167,0.2642625079489093,True,0.5454807692307692,0.09000000000000001,3.971714947004404,0.5538461538461539,0.09000000000000001
N100_drop0.50_s0.05_c0.05,100,0.5,0.05,0.05,False,26,0.10769230769230773,0.1,4.610174638961943,2.0846846846846847,0.6153846153846154,16,0.37307692307692303,0.3,0.44999999999999996,0.07273605863457007,0.2638732484127759,True,0.545576923076923,0.09000000000000001,3.971714947004404,0.5538461538461539,0.09000000000000001
N75_drop0.40_s0.00_c0.15,75,0.4,0.0,0.15,False,26,0.10384615384615385,0.1,4.824221763009067,2.0846846846846847,0.6153846153846154,16,0.37307692307692314,0.3,0.44999999999999996,0.07333051853367366,0.26714472393882066,True,0.5455769230769231,0.09000000000000001,3.971714947004404,0.5538461538461539,0.09000000000000001
N100_drop0.50_s0.05_c0.00,100,0.5,0.05,0.0,False,26,0.1076923076923077,0.1,4.577976581757409,2.0846846846846847,0.6153846153846154,16,0.3692307692307693,0.35,0.375,0.0727378472804299,0.2640817821790357,True,0.5479807692307693,0.09000000000000001,3.971714947004404,0.5538461538461539,0.09000000000000001
N100_drop0.40_s0.05_c0.15,100,0.4,0.05,0.15,False,26,0.10769230769230773,0.1,5.31507890586621,2.0846846846846847,0.6153846153846154,16,0.3692307692307692,0.3,0.5,0.0733650586207142,0.2658913541909492,True,0.5492307692307692,0.09000000000000001,3.971714947004404,0.5538461538461539,0.09000000000000001
N75_drop0.50_s0.10_c0.00,75,0.5,0.1,0.0,False,26,0.10384615384615385,0.1,4.481071324852153,2.0846846846846847,0.6153846153846154,16,0.3692307692307692,0.3,0.5,0.07284112502547538,0.26388240284381775,True,0.5492307692307692,0.09000000000000001,3.971714947004404,0.5538461538461539,0.09000000000000001
N75_drop0.50_s0.00_c0.10,75,0.5,0.0,0.1,False,26,0.10384615384615385,0.1,4.433119751002274,2.0846846846846847,0.6153846153846154,16,0.3692307692307692,0.3,0.5,0.0728597891203982,0.2649323415402232,True,0.5492307692307692,0.09000000000000001,3.971714947004404,0.5538461538461539,0.09000000000000001
N75_drop0.50_s0.10_c0.05,75,0.5,0.1,0.05,False,26,0.10000000000000002,0.1,4.477152381410274,1.7900000000000003,0.6153846153846154,16,0.3692307692307692,0.3,0.5,0.07281188625908609,0.26367229615566523,True,0.5492307692307692,0.09000000000000001,3.971714947004404,0.5538461538461539,0.09000000000000001
N75_drop0.50_s0.05_c0.05,75,0.5,0.05,0.05,False,26,0.1,0.1,4.343357039137867,1.7900000000000003,0.5769230769230769,15,0.3692307692307692,0.3,0.5,0.07284969726682383,0.2642366724744782,True,0.5492307692307692,0.09000000000000001,3.971714947004404,0.5538461538461539,0.09000000000000001
N50_drop0.50_s0.20_c0.00,50,0.5,0.2,0.0,False,26,0.09615384615384616,0.1,4.233828205586097,1.5985294117647058,0.5769230769230769,15,0.3692307692307692,0.3,0.5,0.07291398622020645,0.2638719128320223,True,0.5492307692307692,0.09000000000000001,3.971714947004404,0.5538461538461539,0.09000000000000001
N100_drop0.30_s0.20_c0.10,100,0.3,0.2,0.1,False,26,0.1076923076923077,0.1,5.034077618335511,1.7900000000000003,0.6153846153846154,16,0.37307692307692303,0.3,0.475,0.07269405008193004,0.2630879794062928,True,0.549326923076923,0.09000000000000001,3.971714947004404,0.5538461538461539,0.09000000000000001
N75_drop0.30_s0.20_c0.10,75,0.3,0.2,0.1,False,26,0.10384615384615385,0.1,4.872596037530994,1.5985294117647058,0.5769230769230769,15,0.37307692307692303,0.3,0.4749999999999999,0.07341816958040306,0.265972815064745,True,0.549326923076923,0.09000000000000001,3.971714947004404,0.5538461538461539,0.09000000000000001
N100_drop0.20_s0.20_c0.05,100,0.2,0.2,0.05,False,26,0.10384615384615385,0.1,4.872596037530994,1.5985294117647058,0.5769230769230769,15,0.37307692307692303,0.3,0.475,0.07342008494217592,0.2650711448096678,True,0.549326923076923,0.09000000000000001,3.971714947004404,0.5538461538461539,0.09000000000000001
N100_drop0.20_s0.20_c0.10,100,0.2,0.2,0.1,False,26,0.10384615384615385,0.1,4.868539156797048,1.5985294117647058,0.5769230769230769,15,0.37307692307692303,0.3,0.475,0.0731466593118373,0.26384338381824524,True,0.549326923076923,0.09000000000000001,3.971714947004404,0.5538461538461539,0.09000000000000001
N75_drop0.40_s0.00_c0.00,75,0.4,0.0,0.0,False,26,0.09230769230769233,0.1,4.279870800605757,1.5985294117647058,0.5769230769230769,15,0.37307692307692314,0.3,0.475,0.07339953765544004,0.2662830350399246,True,0.5493269230769231,0.09000000000000001,3.971714947004404,0.5538461538461539,0.09000000000000001
N75_drop0.40_s0.00_c0.05,75,0.4,0.0,0.05,False,26,0.09230769230769233,0.1,4.279870800605757,1.5985294117647058,0.5769230769230769,15,0.37307692307692314,0.3,0.475,0.07339953765544004,0.2662830350399246,True,0.5493269230769231,0.09000000000000001,3.971714947004404,0.5538461538461539,0.09000000000000001
N75_drop0.40_s0.05_c0.15,75,0.4,0.05,0.15,False,26,0.10384615384615385,0.1,4.866412239199543,1.7900000000000003,0.5769230769230769,15,0.37692307692307697,0.3,0.44999999999999996,0.07330085420668837,0.26595505390038776,True,0.5494230769230769,0.09000000000000001,3.971714947004404,0.5538461538461539,0.09000000000000001
N100_drop0.10_s0.20_c0.05,100,0.1,0.2,0.05,False,26,0.10769230769230773,0.1,5.013323310258267,2.0846846846846847,0.6153846153846154,16,0.38461538461538464,0.3,0.39999999999999997,0.07363288260811779,0.2660278118277317,True,0.5496153846153846,0.09000000000000001,3.971714947004404,0.5538461538461539,0.09000000000000001
N75_drop0.30_s0.10_c0.10,75,0.3,0.1,0.1,False,26,0.10000000000000002,0.1,4.8065279434629,1.5985294117647058,0.5769230769230769,15,0.3846153846153847,0.3,0.39999999999999997,0.07401434048635576,0.2706497617822328,True,0.5496153846153846,0.09000000000000001,3.971714947004404,0.5538461538461539,0.09000000000000001
N100_drop0.40_s0.15_c0.05,100,0.4,0.15,0.05,False,26,0.11153846153846156,0.1,5.1748048910627835,2.0846846846846847,0.6538461538461539,17,0.3653846153846153,0.3,0.5499999999999999,0.07313452472627682,0.2631213810886264,True,0.5528846153846153,0.09000000000000001,3.971714947004404,0.5538461538461539,0.09000000000000001
N100_drop0.40_s0.15_c0.10,100,0.4,0.15,0.1,False,26,0.11153846153846156,0.1,5.1748048910627835,2.0846846846846847,0.6538461538461539,17,0.3653846153846153,0.3,0.5499999999999999,0.07296075358971002,0.2629004604223494,True,0.5528846153846153,0.09000000000000001,3.971714947004404,0.5538461538461539,0.09000000000000001
N100_drop0.40_s0.00_c0.05,100,0.4,0.0,0.05,False,26,0.09230769230769233,0.1,4.300552431389082,1.7900000000000003,0.6153846153846154,16,0.37307692307692303,0.3,0.5,0.07350625865251245,0.26619833084591876,True,0.553076923076923,0.09000000000000001,3.971714947004404,0.5538461538461539,0.09000000000000001
N100_drop0.40_s0.00_c0.10,100,0.4,0.0,0.1,False,26,0.10384615384615385,0.1,4.844903393792393,2.2153846153846155,0.6538461538461539,17,0.37307692307692314,0.3,0.5,0.07347425503081793,0.2666509400717926,True,0.5530769230769231,0.09000000000000001,3.971714947004404,0.5538461538461539,0.09000000000000001
N50_drop0.50_s0.15_c0.00,50,0.5,0.15,0.0,False,26,0.09230769230769233,0.1,4.202085086320043,1.5985294117647058,0.5769230769230769,15,0.37307692307692314,0.3,0.5,0.07294786439823012,0.26452068200881973,True,0.5530769230769231,0.09000000000000001,3.971714947004404,0.5538461538461539,0.09000000000000001
N75_drop0.30_s0.20_c0.05,75,0.3,0.2,0.05,False,26,0.10769230769230773,0.1,5.013323310258267,2.0846846846846847,0.6153846153846154,16,0.37692307692307686,0.3,0.4749999999999999,0.07354081603632628,0.26635687900174526,True,0.5531730769230768,0.09000000000000001,3.971714947004404,0.5538461538461539,0.09000000000000001
N75_drop0.40_s0.15_c0.15,75,0.4,0.15,0.15,False,26,0.10384615384615385,0.1,4.871552143810036,1.5985294117647058,0.5769230769230769,15,0.37692307692307697,0.3,0.475,0.07302343874066407,0.2637616657424522,True,0.5531730769230769,0.09000000000000001,3.971714947004404,0.5538461538461539,0.09000000000000001
N75_drop0.40_s0.10_c0.10,75,0.4,0.1,0.1,False,26,0.10000000000000002,0.1,4.802471062728955,1.5985294117647058,0.5769230769230769,15,0.37692307692307697,0.3,0.475,0.07332149437036416,0.2653833990343613,True,0.5531730769230769,0.09000000000000001,3.971714947004404,0.5538461538461539,0.09000000000000001
N100_drop0.30_s0.00_c0.15,100,0.3,0.0,0.15,False,26,0.10000000000000002,0.1,4.764337467272424,2.0846846846846847,0.6153846153846154,16,0.37692307692307697,0.3,0.475,0.07402967328780165,0.27450804683588187,True,0.5531730769230769,0.09000000000000001,3.971714947004404,0.5538461538461539,0.09000000000000001
N50_drop0.30_s0.20_c0.00,50,0.3,0.2,0.0,False,26,0.10000000000000002,0.1,4.453385086320043,2.0846846846846847,0.6153846153846154,16,0.38846153846153847,0.3,0.39999999999999997,0.07412475446607861,0.27017994015543656,True,0.5534615384615384,0.09000000000000001,3.971714947004404,0.5538461538461539,0.09000000000000001
N50_drop0.40_s0.20_c0.00,50,0.4,0.2,0.0,False,26,0.09615384615384616,0.1,4.4175850863200425,1.7900000000000003,0.6153846153846154,16,0.38846153846153847,0.3,0.39999999999999997,0.07360736380453867,0.2650788331976472,True,0.5534615384615384,0.09000000000000001,3.971714947004404,0.5538461538461539,0.09000000000000001
N100_drop0.30_s0.15_c0.10,100,0.3,0.15,0.1,False,26,0.10769230769230773,0.1,5.013323310258267,2.0846846846846847,0.6153846153846154,16,0.36923076923076914,0.3,0.5499999999999999,0.07340073110182314,0.265918153102249,True,0.5567307692307691,0.09000000000000001,3.971714947004404,0.5538461538461539,0.09000000000000001
N75_drop0.40_s0.20_c0.05,75,0.4,0.2,0.05,False,26,0.10769230769230773,0.1,5.009266429524322,1.7900000000000003,0.6153846153846154,16,0.36923076923076914,0.3,0.5499999999999999,0.07300896827281353,0.26291103097462837,True,0.5567307692307691,0.09000000000000001,3.971714947004404,0.5538461538461539,0.09000000000000001
N100_drop0.40_s0.10_c0.10,100,0.4,0.1,0.1,False,26,0.10384615384615385,0.1,4.9680095242674165,1.7900000000000003,0.6153846153846154,16,0.3692307692307692,0.3,0.5499999999999999,0.07327749222586673,0.26462650918156055,True,0.5567307692307691,0.09000000000000001,3.971714947004404,0.5538461538461539,0.09000000000000001
N100_drop0.40_s0.15_c0.15,100,0.4,0.15,0.15,False,26,0.10384615384615385,0.1,4.896363332621225,1.5985294117647058,0.5769230769230769,15,0.36923076923076914,0.3,0.5499999999999999,0.07273045726812774,0.2625444345283271,True,0.5567307692307691,0.09000000000000001,3.971714947004404,0.5538461538461539,0.09000000000000001
N75_drop0.40_s0.10_c0.15,75,0.4,0.1,0.15,False,26,0.10000000000000002,0.1,4.802471062728955,1.5985294117647058,0.5769230769230769,15,0.37307692307692303,0.3,0.5249999999999999,0.07319054444206342,0.26547511428048154,True,0.5568269230769229,0.09000000000000001,3.971714947004404,0.5538461538461539,0.09000000000000001
N75_drop0.30_s0.15_c0.15,75,0.3,0.15,0.15,False,26,0.1076923076923077,0.1,4.907352143810036,1.5985294117647058,0.5769230769230769,15,0.37692307692307686,0.3,0.49999999999999994,0.07354753001303156,0.2684334337052683,True,0.5569230769230769,0.09000000000000001,3.971714947004404,0.5538461538461539,0.09000000000000001
N75_drop0.40_s0.10_c0.00,75,0.4,0.1,0.0,False,26,0.09615384615384616,0.1,4.4175850863200425,1.7900000000000003,0.6153846153846154,16,0.37692307692307697,0.3,0.5,0.0733830608102915,0.2656344109289769,True,0.556923076923077,0.09000000000000001,3.971714947004404,0.5538461538461539,0.09000000000000001
N100_drop0.30_s0.05_c0.15,100,0.3,0.05,0.15,False,26,0.11153846153846156,0.1,5.356018810476703,2.0846846846846847,0.6153846153846154,16,0.3807692307692308,0.3,0.475,0.07395737914988015,0.2712398341305013,True,0.5570192307692308,0.09000000000000001,3.971714947004404,0.5538461538461539,0.09000000000000001
N100_drop0.20_s0.10_c0.00,100,0.2,0.1,0.0,False,26,0.10384615384615385,0.1,4.571577243182788,2.2153846153846155,0.6153846153846154,16,0.3846153846153847,0.3,0.4499999999999999,0.07440080335536409,0.2719998863978911,True,0.5571153846153847,0.09000000000000001,3.971714947004404,0.5538461538461539,0.09000000000000001
N50_drop0.50_s0.20_c0.05,50,0.5,0.2,0.05,False,26,0.09615384615384616,0.1,4.233828205586097,1.5985294117647058,0.5769230769230769,15,0.3692307692307692,0.3,0.575,0.07289793300301983,0.26385572731643414,True,0.5604807692307692,0.09000000000000001,3.971714947004404,0.5538461538461539,0.09000000000000001
N100_drop0.30_s0.15_c0.05,100,0.3,0.15,0.05,False,26,0.10769230769230773,0.1,5.013323310258267,2.0846846846846847,0.6153846153846154,16,0.37307692307692303,0.3,0.5499999999999999,0.07355851424943104,0.2661104743050474,True,0.560576923076923,0.09000000000000001,3.971714947004404,0.5538461538461539,0.09000000000000001
N75_drop0.40_s0.15_c0.10,75,0.4,0.15,0.1,False,26,0.1076923076923077,0.1,4.9406332248911164,1.5985294117647058,0.5769230769230769,15,0.37307692307692303,0.3,0.5499999999999999,0.07315474775859707,0.2644982154971029,True,0.560576923076923,0.09000000000000001,3.971714947004404,0.5538461538461539,0.09000000000000001
N75_drop0.20_s0.20_c0.10,75,0.2,0.2,0.1,False,26,0.10769230769230773,0.1,4.904339156797049,1.5985294117647058,0.5769230769230769,15,0.3807692307692307,0.3,0.49999999999999994,0.0736094120568047,0.2666257280228678,True,0.5607692307692307,0.09000000000000001,3.971714947004404,0.5538461538461539,0.09000000000000001
N100_drop0.20_s0.15_c0.10,100,0.2,0.15,0.1,False,26,0.1076923076923077,0.1,4.907352143810036,1.5985294117647058,0.5769230769230769,15,0.3807692307692307,0.3,0.49999999999999994,0.07364794367489362,0.2667078223075524,True,0.5607692307692307,0.09000000000000001,3.971714947004404,0.5538461538461539,0.09000000000000001
N30_drop0.50_s0.00_c0.00,30,0.5,0.0,0.0,False,26,0.09230769230769233,0.1,4.202085086320043,1.5985294117647058,0.5769230769230769,15,0.3807692307692308,0.3,0.5,0.0731787502037732,0.26604620894311376,True,0.5607692307692308,0.09000000000000001,3.971714947004404,0.5538461538461539,0.09000000000000001
N30_drop0.50_s0.00_c0.05,30,0.5,0.0,0.05,False,26,0.09230769230769233,0.1,4.202085086320043,1.5985294117647058,0.5769230769230769,15,0.3807692307692308,0.3,0.5,0.0731787502037732,0.26604620894311376,True,0.5607692307692308,0.09000000000000001,3.971714947004404,0.5538461538461539,0.09000000000000001
N50_drop0.50_s0.10_c0.00,50,0.5,0.1,0.0,False,26,0.09230769230769233,0.1,4.202085086320043,1.5985294117647058,0.5769230769230769,15,0.3807692307692308,0.3,0.5,0.0729799756217124,0.264986739528133,True,0.5607692307692308,0.09000000000000001,3.971714947004404,0.5538461538461539,0.09000000000000001
N75_drop0.20_s0.20_c0.05,75,0.2,0.2,0.05,False,26,0.10769230769230773,0.1,5.013323310258267,2.0846846846846847,0.6153846153846154,16,0.3846153846153847,0.3,0.4749999999999999,0.07385529895481488,0.2672523967485977,True,0.5608653846153846,0.09000000000000001,3.971714947004404,0.5538461538461539,0.09000000000000001
N75_drop0.20_s0.15_c0.15,75,0.2,0.15,0.15,False,26,0.1076923076923077,0.1,4.907352143810036,1.5985294117647058,0.5769230769230769,15,0.3846153846153847,0.3,0.4749999999999999,0.07377628221956506,0.26926824628550583,True,0.5608653846153846,0.09000000000000001,3.971714947004404,0.5538461538461539,0.09000000000000001
N100_drop0.30_s0.15_c0.00,100,0.3,0.15,0.0,False,26,0.10384615384615385,0.1,4.522466167401124,2.0846846846846847,0.6153846153846154,16,0.38461538461538464,0.3,0.475,0.07381342809752488,0.2677188644636094,True,0.5608653846153846,0.09000000000000001,3.971714947004404,0.5538461538461539,0.09000000000000001
N100_drop0.30_s0.10_c0.00,100,0.3,0.1,0.0,False,26,0.1,0.1,4.4252439098494545,2.0846846846846847,0.5769230769230769,15,0.3846153846153847,0.3,0.475,0.07401768346915169,0.2703999106868381,True,0.5608653846153847,0.09000000000000001,3.971714947004404,0.5538461538461539,0.09000000000000001
N100_drop0.30_s0.00_c0.10,100,0.3,0.0,0.1,False,26,0.1,0.1,4.351470800605757,1.5985294117647058,0.5769230769230769,15,0.3846153846153847,0.3,0.475,0.07408917550354327,0.27279914051848103,True,0.5608653846153847,0.09000000000000001,3.971714947004404,0.5538461538461539,0.09000000000000001
N75_drop0.40_s0.05_c0.05,75,0.4,0.05,0.05,False,26,0.09230769230769233,0.1,4.279870800605757,1.5985294117647058,0.5769230769230769,15,0.3846153846153847,0.3,0.475,0.0733969223482648,0.26595635230159625,True,0.5608653846153847,0.09000000000000001,3.971714947004404,0.5538461538461539,0.09000000000000001
N30_drop0.40_s0.00_c0.00,30,0.4,0.0,0.0,False,26,0.1,0.1,4.273685086320042,1.5985294117647058,0.5769230769230769,15,0.3884615384615385,0.3,0.44999999999999996,0.073687204403769,0.27279748584998287,True,0.5609615384615385,0.09000000000000001,3.971714947004404,0.5538461538461539,0.09000000000000001
N30_drop0.40_s0.00_c0.05,30,0.4,0.0,0.05,False,26,0.1,0.1,4.273685086320042,1.5985294117647058,0.5769230769230769,15,0.3884615384615385,0.3,0.44999999999999996,0.073687204403769,0.27279748584998287,True,0.5609615384615385,0.09000000000000001,3.971714947004404,0.5538461538461539,0.09000000000000001
N30_drop0.40_s0.00_c0.10,30,0.4,0.0,0.1,False,26,0.1,0.1,4.273685086320042,1.5985294117647058,0.5769230769230769,15,0.3884615384615385,0.3,0.44999999999999996,0.07368716011297169,0.27279748584998287,True,0.5609615384615385,0.09000000000000001,3.971714947004404,0.5538461538461539,0.09000000000000001
N75_drop0.00_s0.15_c0.15,75,0.0,0.15,0.15,False,26,0.09615384615384617,0.1,4.759694345158713,1.5535714285714286,0.5769230769230769,15,0.39615384615384613,0.3,0.39999999999999997,0.0752573855235334,0.2762623345060662,True,0.5611538461538461,0.09000000000000001,3.971714947004404,0.5538461538461539,0.09000000000000001
N50_drop0.40_s0.15_c0.00,50,0.4,0.15,0.0,False,26,0.09615384615384616,0.1,4.4175850863200425,1.7900000000000003,0.6153846153846154,16,0.3961538461538462,0.3,0.39999999999999997,0.07363805908844243,0.26643621689775243,True,0.5611538461538461,0.09000000000000001,3.971714947004404,0.5538461538461539,0.09000000000000001
N75_drop0.40_s0.20_c0.10,75,0.4,0.2,0.1,False,26,0.10384615384615385,0.1,4.868539156797048,1.5985294117647058,0.5769230769230769,15,0.3769230769230768,0.3,0.5499999999999999,0.07288564603286196,0.26260726298321835,True,0.5644230769230768,0.09000000000000001,3.971714947004404,0.5538461538461539,0.09000000000000001
N100_drop0.10_s0.20_c0.10,100,0.1,0.2,0.1,False,26,0.10384615384615385,0.1,4.868539156797048,1.5985294117647058,0.5769230769230769,15,0.37692307692307686,0.3,0.5499999999999999,0.07320545301741202,0.2643866957521847,True,0.5644230769230768,0.09000000000000001,3.971714947004404,0.5538461538461539,0.09000000000000001
N75_drop0.30_s0.15_c0.10,75,0.3,0.15,0.1,False,26,0.1153846153846154,0.1,5.114147510605402,2.0846846846846847,0.6153846153846154,16,0.38461538461538464,0.3,0.49999999999999994,0.0737882439888708,0.2689386293860279,True,0.5646153846153846,0.09000000000000001,3.971714947004404,0.5538461538461539,0.09000000000000001
N75_drop0.10_s0.20_c0.10,75,0.1,0.2,0.1,False,26,0.10769230769230773,0.1,5.013323310258267,2.0846846846846847,0.6153846153846154,16,0.38461538461538464,0.3,0.49999999999999994,0.07380023587715495,0.26761629306327145,True,0.5646153846153846,0.09000000000000001,3.971714947004404,0.5538461538461539,0.09000000000000001
N100_drop0.20_s0.00_c0.15,100,0.2,0.0,0.15,False,26,0.10384615384615387,0.1,5.01226808567363,2.685,0.6538461538461539,17,0.38461538461538464,0.3,0.49999999999999994,0.0744631963759905,0.2766660739707062,True,0.5646153846153846,0.09000000000000001,3.971714947004404,0.5538461538461539,0.09000000000000001
N75_drop0.10_s0.15_c0.15,75,0.1,0.15,0.15,False,26,0.11153846153846156,0.1,5.029312912878976,2.2153846153846155,0.6153846153846154,16,0.3884615384615385,0.3,0.4749999999999999,0.07417985896145131,0.2716291620378138,True,0.5647115384615384,0.09000000000000001,3.971714947004404,0.5538461538461539,0.09000000000000001
N50_drop0.40_s0.20_c0.10,50,0.4,0.2,0.1,False,26,0.10000000000000002,0.1,4.839809024543981,1.5985294117647058,0.5769230769230769,15,0.38846153846153847,0.3,0.4749999999999999,0.07352428003249208,0.2652357326758778,True,0.5647115384615384,0.09000000000000001,3.971714947004404,0.5538461538461539,0.09000000000000001
N100_drop0.10_s0.20_c0.00,100,0.1,0.2,0.0,False,26,0.10000000000000002,0.1,4.458524990930536,2.0846846846846847,0.5769230769230769,15,0.38846153846153847,0.3,0.4749999999999999,0.07393583829119604,0.2668408021833529,True,0.5647115384615384,0.09000000000000001,3.971714947004404,0.5538461538461539,0.09000000000000001
N50_drop0.40_s0.20_c0.05,50,0.4,0.2,0.05,False,26,0.09615384615384616,0.1,4.4175850863200425,1.7900000000000003,0.6153846153846154,16,0.38846153846153847,0.3,0.4749999999999999,0.07356112525658152,0.26534128897082426,True,0.5647115384615384,0.09000000000000001,3.971714947004404,0.5538461538461539,0.09000000000000001
N100_drop0.30_s0.00_c0.00,100,0.3,0.0,0.0,False,26,0.1,0.1,4.351470800605757,1.5985294117647058,0.5769230769230769,15,0.3884615384615385,0.3,0.475,0.07411022279293879,0.27238306756920055,True,0.5647115384615385,0.09000000000000001,3.971714947004404,0.5538461538461539,0.09000000000000001
N75_drop0.30_s0.10_c0.00,75,0.3,0.1,0.0,False,26,0.10384615384615385,0.1,4.489185086320043,2.0846846846846847,0.6153846153846154,16,0.4,0.3,0.39999999999999997,0.07411477290338128,0.2720565711743789,True,0.565,0.09000000000000001,3.971714947004404,0.5538461538461539,0.09000000000000001
N100_drop0.40_s0.20_c0.10,100,0.4,0.2,0.1,False,26,0.11153846153846153,0.1,5.434693002950897,1.7900000000000003,0.6153846153846154,16,0.3692307692307692,0.35,0.5,0.07243815000112741,0.26121893633391385,True,0.5667307692307691,0.09000000000000001,3.971714947004404,0.5538461538461539,0.09000000000000001
N75_drop0.50_s0.05_c0.00,75,0.5,0.05,0.0,False,26,0.1,0.1,4.343357039137867,1.7900000000000003,0.5769230769230769,15,0.3692307692307692,0.35,0.5,0.07285133926914322,0.2643621019497169,True,0.5667307692307691,0.09000000000000001,3.971714947004404,0.5538461538461539,0.09000000000000001
N100_drop0.40_s0.10_c0.15,100,0.4,0.1,0.15,False,26,0.1076923076923077,0.1,5.031950700738005,2.0846846846846847,0.6153846153846154,16,0.37307692307692303,0.35,0.475,0.07314223491242833,0.26427135812858954,True,0.5668269230769231,0.09000000000000001,3.971714947004404,0.5538461538461539,0.09000000000000001
N100_drop0.20_s0.15_c0.15,100,0.2,0.15,0.15,False,26,0.10769230769230773,0.1,4.935493320280624,1.7900000000000003,0.5769230769230769,15,0.37307692307692303,0.3,0.6,0.07338138553937971,0.26651524690184514,True,0.568076923076923,0.09000000000000001,3.971714947004404,0.5538461538461539,0.09000000000000001
N50_drop0.50_s0.15_c0.05,50,0.5,0.15,0.05,False,26,0.09615384615384616,0.1,4.233828205586097,1.5985294117647058,0.5769230769230769,15,0.37692307692307686,0.3,0.575,0.07294645478596438,0.26450391604992435,True,0.5681730769230768,0.09000000000000001,3.971714947004404,0.5538461538461539,0.09000000000000001
N100_drop0.10_s0.15_c0.15,100,0.1,0.15,0.15,False,26,0.11153846153846156,0.1,5.025256032145031,2.0846846846846847,0.6153846153846154,16,0.376923076923077,0.3,0.575,0.07348512671123136,0.26733010505883775,True,0.5681730769230771,0.09000000000000001,3.971714947004404,0.5538461538461539,0.09000000000000001
N100_drop0.30_s0.10_c0.05,100,0.3,0.1,0.05,False,26,0.10000000000000002,0.1,4.453385086320043,2.0846846846846847,0.6153846153846154,16,0.3807692307692308,0.3,0.5499999999999999,0.07398624403485726,0.26963252880207855,True,0.5682692307692307,0.09000000000000001,3.971714947004404,0.5538461538461539,0.09000000000000001
N75_drop0.40_s0.10_c0.05,75,0.4,0.1,0.05,False,26,0.09230769230769233,0.1,4.279870800605757,1.5985294117647058,0.5769230769230769,15,0.3807692307692308,0.3,0.5499999999999999,0.07334854228171148,0.26539876140752783,True,0.5682692307692307,0.09000000000000001,3.971714947004404,0.5538461538461539,0.09000000000000001
N75_drop0.40_s0.00_c0.10,75,0.4,0.0,0.1,False,26,0.09230769230769233,0.1,4.279870800605757,1.5985294117647058,0.5769230769230769,15,0.38461538461538464,0.3,0.5249999999999999,0.07338040738694647,0.266438762397244,True,0.5683653846153847,0.09000000000000001,3.971714947004404,0.5538461538461539,0.09000000000000001
N75_drop0.40_s0.05_c0.10,75,0.4,0.05,0.1,False,26,0.09230769230769233,0.1,4.279870800605757,1.5985294117647058,0.5769230769230769,15,0.38461538461538464,0.3,0.5249999999999999,0.07337109912038903,0.2660519154027268,True,0.5683653846153847,0.09000000000000001,3.971714947004404,0.5538461538461539,0.09000000000000001
N50_drop0.40_s0.05_c0.10,50,0.4,0.05,0.1,False,26,0.09230769230769233,0.1,4.279870800605757,1.5985294117647058,0.5769230769230769,15,0.38846153846153847,0.3,0.5,0.07367117166089245,0.26681712240873573,True,0.5684615384615385,0.09000000000000001,3.971714947004404,0.5538461538461539,0.09000000000000001
N50_drop0.30_s0.20_c0.10,50,0.3,0.2,0.1,False,26,0.10384615384615385,0.1,4.944242229177186,2.0846846846846847,0.6153846153846154,16,0.39230769230769236,0.3,0.4749999999999999,0.07403563417927918,0.2701230898122559,True,0.5685576923076923,0.09000000000000001,3.971714947004404,0.5538461538461539,0.09000000000000001
N75_drop0.20_s0.15_c0.10,75,0.2,0.15,0.1,False,26,0.10384615384615385,0.1,4.87560902454398,1.5985294117647058,0.5769230769230769,15,0.39230769230769236,0.3,0.4749999999999999,0.07410744446925088,0.26970620285939045,True,0.5685576923076923,0.09000000000000001,3.971714947004404,0.5538461538461539,0.09000000000000001
N100_drop0.20_s0.15_c0.05,100,0.2,0.15,0.05,False,26,0.10384615384615385,0.1,4.522466167401124,2.0846846846846847,0.6153846153846154,16,0.39230769230769236,0.3,0.4749999999999999,0.0739924532068385,0.26730397929401906,True,0.5685576923076923,0.09000000000000001,3.971714947004404,0.5538461538461539,0.09000000000000001
N100_drop0.00_s0.15_c0.15,100,0.0,0.15,0.15,False,26,0.10000000000000002,0.1,4.834669119933489,1.7900000000000003,0.5769230769230769,15,0.39230769230769236,0.3,0.4749999999999999,0.07464065142839728,0.27227857831722607,True,0.5685576923076923,0.09000000000000001,3.971714947004404,0.5538461538461539,0.09000000000000001
N100_drop0.20_s0.15_c0.00,100,0.2,0.15,0.0,False,26,0.10000000000000002,0.1,4.453385086320043,2.0846846846846847,0.6153846153846154,16,0.39230769230769236,0.3,0.4749999999999999,0.07412372967589853,0.2689929786218276,True,0.5685576923076923,0.09000000000000001,3.971714947004404,0.5538461538461539,0.09000000000000001
N100_drop0.00_s0.20_c0.05,100,0.0,0.2,0.05,False,26,0.09615384615384617,0.1,4.428986529392074,1.5535714285714286,0.5769230769230769,15,0.39230769230769236,0.3,0.4749999999999999,0.07461434411057231,0.2690715078097704,True,0.5685576923076923,0.09000000000000001,3.971714947004404,0.5538461538461539,0.09000000000000001
N100_drop0.20_s0.10_c0.10,100,0.2,0.1,0.1,False,26,0.09615384615384616,0.1,4.315670800605757,1.5985294117647058,0.5769230769230769,15,0.39230769230769236,0.3,0.4749999999999999,0.07429008120461232,0.2711954005420735,True,0.5685576923076923,0.09000000000000001,3.971714947004404,0.5538461538461539,0.09000000000000001
N50_drop0.40_s0.15_c0.10,50,0.4,0.15,0.1,False,26,0.09230769230769233,0.1,4.279870800605757,1.5985294117647058,0.5769230769230769,15,0.39230769230769236,0.3,0.4749999999999999,0.07359392931918067,0.2658310717572384,True,0.5685576923076923,0.09000000000000001,3.971714947004404,0.5538461538461539,0.09000000000000001
N75_drop0.30_s0.05_c0.15,75,0.3,0.05,0.15,False,26,0.10000000000000002,0.1,4.8065279434629,1.5985294117647058,0.5769230769230769,15,0.39230769230769236,0.3,0.475,0.07404478195444116,0.27200810679662113,True,0.5685576923076924,0.09000000000000001,3.971714947004404,0.5538461538461539,0.09000000000000001
N75_drop0.30_s0.00_c0.00,75,0.3,0.0,0.0,False,26,0.1,0.1,4.351470800605757,1.5985294117647058,0.5769230769230769,15,0.39230769230769236,0.3,0.475,0.07413886216176578,0.27307652182445297,True,0.5685576923076924,0.09000000000000001,3.971714947004404,0.5538461538461539,0.09000000000000001
N75_drop0.30_s0.00_c0.05,75,0.3,0.0,0.05,False,26,0.1,0.1,4.351470800605757,1.5985294117647058,0.5769230769230769,15,0.39230769230769236,0.3,0.475,0.07413816722310063,0.2729890139136838,True,0.5685576923076924,0.09000000000000001,3.971714947004404,0.5538461538461539,0.09000000000000001
N75_drop0.30_s0.00_c0.10,75,0.3,0.0,0.1,False,26,0.1,0.1,4.351470800605757,1.5985294117647058,0.5769230769230769,15,0.39230769230769236,0.3,0.475,0.07411400084573551,0.2732483347038743,True,0.5685576923076924,0.09000000000000001,3.971714947004404,0.5538461538461539,0.09000000000000001
N100_drop0.00_s0.20_c0.00,100,0.0,0.2,0.0,False,26,0.09615384615384617,0.1,4.428986529392074,1.5535714285714286,0.5769230769230769,15,0.39230769230769236,0.3,0.475,0.07504780054686708,0.27170354324773693,True,0.5685576923076924,0.09000000000000001,3.971714947004404,0.5538461538461539,0.09000000000000001
N75_drop0.30_s0.00_c0.15,75,0.3,0.0,0.15,False,26,0.09615384615384616,0.1,4.315670800605757,1.5985294117647058,0.5769230769230769,15,0.39230769230769236,0.3,0.475,0.07407679063750156,0.2747019023345293,True,0.5685576923076924,0.09000000000000001,3.971714947004404,0.5538461538461539,0.09000000000000001
N30_drop0.40_s0.20_c0.10,30,0.4,0.2,0.1,False,26,0.09615384615384616,0.1,4.237885086320042,1.5985294117647058,0.5769230769230769,15,0.39230769230769236,0.35,0.37499999999999994,0.073634777377808,0.2710939796462573,True,0.5710576923076923,0.09000000000000001,3.971714947004404,0.5538461538461539,0.09000000000000001
N100_drop0.00_s0.20_c0.10,100,0.0,0.2,0.1,False,26,0.10000000000000002,0.1,4.839809024543981,1.5985294117647058,0.5769230769230769,15,0.3923076923076923,0.3,0.49999999999999994,0.0743045735899105,0.26739813370040283,True,0.5723076923076923,0.09000000000000001,3.971714947004404,0.5538461538461539,0.09000000000000001
N50_drop0.30_s0.15_c0.05,50,0.3,0.15,0.05,False,26,0.1,0.1,4.4252439098494545,2.0846846846846847,0.5769230769230769,15,0.3923076923076923,0.3,0.49999999999999994,0.07419864695068788,0.2720369352478248,True,0.5723076923076923,0.09000000000000001,3.971714947004404,0.5538461538461539,0.09000000000000001
N50_drop0.40_s0.00_c0.00,50,0.4,0.0,0.0,False,26,0.09230769230769233,0.1,4.279870800605757,1.5985294117647058,0.5769230769230769,15,0.39230769230769236,0.3,0.5,0.07368353403642519,0.2671526179467136,True,0.5723076923076923,0.09000000000000001,3.971714947004404,0.5538461538461539,0.09000000000000001
N50_drop0.40_s0.00_c0.05,50,0.4,0.0,0.05,False,26,0.09230769230769233,0.1,4.279870800605757,1.5985294117647058,0.5769230769230769,15,0.39230769230769236,0.3,0.5,0.07368353403642519,0.2671526179467136,True,0.5723076923076923,0.09000000000000001,3.971714947004404,0.5538461538461539,0.09000000000000001
N50_drop0.40_s0.10_c0.15,50,0.4,0.1,0.15,False,26,0.10000000000000002,0.1,4.839809024543981,1.5985294117647058,0.5769230769230769,15,0.3961538461538462,0.3,0.4749999999999999,0.07358772648043836,0.2663704784978666,True,0.5724038461538461,0.09000000000000001,3.971714947004404,0.5538461538461539,0.09000000000000001
N50_drop0.30_s0.15_c0.15,50,0.3,0.15,0.15,False,26,0.10000000000000002,0.1,4.8065279434629,1.5985294117647058,0.5769230769230769,15,0.3961538461538462,0.3,0.4749999999999999,0.07403446297421423,0.2704978906049159,True,0.5724038461538461,0.09000000000000001,3.971714947004404,0.5538461538461539,0.09000000000000001
N50_drop0.30_s0.20_c0.05,50,0.3,0.2,0.05,False,26,0.10000000000000002,0.1,4.453385086320043,2.0846846846846847,0.6153846153846154,16,0.3961538461538462,0.3,0.4749999999999999,0.07408238603102876,0.27012754179360415,True,0.5724038461538461,0.09000000000000001,3.971714947004404,0.5538461538461539,0.09000000000000001
N100_drop0.10_s0.15_c0.05,100,0.1,0.15,0.05,False,26,0.10000000000000002,0.1,4.453385086320043,2.0846846846846847,0.6153846153846154,16,0.39615384615384613,0.3,0.4749999999999999,0.07426760147903894,0.26831659521802476,True,0.5724038461538461,0.09000000000000001,3.971714947004404,0.5538461538461539,0.09000000000000001
N50_drop0.20_s0.20_c0.00,50,0.2,0.2,0.0,False,26,0.1,0.1,4.535777243182788,2.2153846153846155,0.6153846153846154,16,0.39615384615384613,0.3,0.4749999999999999,0.07451121891931602,0.27134956654873743,True,0.5724038461538461,0.09000000000000001,3.971714947004404,0.5538461538461539,0.09000000000000001
N50_drop0.30_s0.15_c0.00,50,0.3,0.15,0.0,False,26,0.1,0.1,4.4252439098494545,2.0846846846846847,0.5769230769230769,15,0.3961538461538462,0.3,0.4749999999999999,0.07421372498054554,0.27293686832437714,True,0.5724038461538461,0.09000000000000001,3.971714947004404,0.5538461538461539,0.09000000000000001
N50_drop0.40_s0.15_c0.05,50,0.4,0.15,0.05,False,26,0.09615384615384616,0.1,4.4175850863200425,1.7900000000000003,0.6153846153846154,16,0.3961538461538462,0.3,0.4749999999999999,0.07361797568494795,0.26598349275623834,True,0.5724038461538461,0.09000000000000001,3.971714947004404,0.5538461538461539,0.09000000000000001
N75_drop0.20_s0.20_c0.00,75,0.2,0.2,0.0,False,26,0.09615384615384616,0.1,4.389443909849454,2.0846846846846847,0.5769230769230769,15,0.39615384615384613,0.3,0.4749999999999999,0.07409257875586862,0.2679492439406172,True,0.5724038461538461,0.09000000000000001,3.971714947004404,0.5538461538461539,0.09000000000000001
N50_drop0.40_s0.10_c0.00,50,0.4,0.1,0.0,False,26,0.09615384615384616,0.1,4.4175850863200425,1.7900000000000003,0.6153846153846154,16,0.39615384615384613,0.3,0.475,0.07366316152165008,0.2666518134216679,True,0.5724038461538462,0.09000000000000001,3.971714947004404,0.5538461538461539,0.09000000000000001
N20_drop0.10_s0.20_c0.10,20,0.1,0.2,0.1,False,26,0.1076923076923077,0.1,4.587566845803497,2.2153846153846155,0.6538461538461539,17,0.4115384615384615,0.3,0.37499999999999994,0.0757163371993692,0.28318885373192065,True,0.5727884615384615,0.09000000000000001,3.971714947004404,0.5538461538461539,0.09000000000000001
N100_drop0.40_s0.05_c0.00,100,0.4,0.05,0.0,False,26,0.09230769230769233,0.1,4.300552431389082,1.7900000000000003,0.6153846153846154,16,0.37692307692307686,0.35,0.5,0.07350096276060278,0.265577348993818,True,0.5744230769230768,0.09000000000000001,3.971714947004404,0.5538461538461539,0.09000000000000001
N100_drop0.30_s0.10_c0.15,100,0.3,0.1,0.15,False,26,0.1076923076923077,0.1,4.902212239199543,2.0846846846846847,0.5769230769230769,15,0.3807692307692308,0.35,0.475,0.07367730465488542,0.2693110047816475,True,0.5745192307692308,0.09000000000000001,3.971714947004404,0.5538461538461539,0.09000000000000001
N75_drop0.30_s0.15_c0.00,75,0.3,0.15,0.0,False,26,0.10000000000000002,0.1,4.453385086320043,2.0846846846846847,0.6153846153846154,16,0.39230769230769236,0.35,0.39999999999999997,0.07395393523412051,0.2690052519092614,True,0.5748076923076922,0.09000000000000001,3.971714947004404,0.5538461538461539,0.09000000000000001
N30_drop0.40_s0.15_c0.00,30,0.4,0.15,0.0,False,26,0.1,0.1,4.273685086320042,1.5985294117647058,0.5769230769230769,15,0.3961538461538462,0.35,0.37499999999999994,0.07367934098354628,0.27247170571339585,True,0.5749038461538462,0.09000000000000001,3.971714947004404,0.5538461538461539,0.09000000000000001
N30_drop0.40_s0.15_c0.05,30,0.4,0.15,0.05,False,26,0.1,0.1,4.273685086320042,1.5985294117647058,0.5769230769230769,15,0.3961538461538462,0.35,0.37499999999999994,0.07367759558203316,0.27246017883700446,True,0.5749038461538462,0.09000000000000001,3.971714947004404,0.5538461538461539,0.09000000000000001
N30_drop0.40_s0.15_c0.10,30,0.4,0.15,0.1,False,26,0.1,0.1,4.273685086320042,1.5985294117647058,0.5769230769230769,15,0.3961538461538462,0.35,0.37499999999999994,0.07366659130849079,0.272416980709557,True,0.5749038461538462,0.09000000000000001,3.971714947004404,0.5538461538461539,0.09000000000000001
N30_drop0.40_s0.20_c0.00,30,0.4,0.2,0.0,False,26,0.1,0.1,4.273685086320042,1.5985294117647058,0.5769230769230769,15,0.3961538461538462,0.35,0.37499999999999994,0.07367169115940403,0.27237454108585984,True,0.5749038461538462,0.09000000000000001,3.971714947004404,0.5538461538461539,0.09000000000000001
N30_drop0.40_s0.20_c0.05,30,0.4,0.2,0.05,False,26,0.1,0.1,4.273685086320042,1.5985294117647058,0.5769230769230769,15,0.3961538461538462,0.35,0.37499999999999994,0.07367163309307888,0.2721792239651696,True,0.5749038461538462,0.09000000000000001,3.971714947004404,0.5538461538461539,0.09000000000000001
N100_drop0.30_s0.10_c0.10,100,0.3,0.1,0.1,False,26,0.10384615384615385,0.1,4.87560902454398,1.5985294117647058,0.5769230769230769,15,0.38461538461538464,0.3,0.575,0.07379947007223761,0.26915647037630985,True,0.5758653846153846,0.09000000000000001,3.971714947004404,0.5538461538461539,0.09000000000000001
N50_drop0.40_s0.15_c0.15,50,0.4,0.15,0.15,False,26,0.10384615384615385,0.1,4.871552143810036,1.5985294117647058,0.5769230769230769,15,0.3961538461538462,0.3,0.49999999999999994,0.07347150169295774,0.2658016032515436,True,0.5761538461538461,0.09000000000000001,3.971714947004404,0.5538461538461539,0.09000000000000001
N100_drop0.20_s0.05_c0.05,100,0.2,0.05,0.05,False,26,0.1,0.1,4.433862957468502,2.0846846846846847,0.5769230769230769,15,0.3961538461538462,0.3,0.49999999999999994,0.07451480417259317,0.27418835116160456,True,0.5761538461538461,0.09000000000000001,3.971714947004404,0.5538461538461539,0.09000000000000001
N50_drop0.30_s0.15_c0.10,50,0.3,0.15,0.1,False,26,0.09615384615384616,0.1,4.315670800605757,1.5985294117647058,0.5769230769230769,15,0.3961538461538462,0.3,0.49999999999999994,0.07415808454506741,0.2715604974612953,True,0.5761538461538461,0.09000000000000001,3.971714947004404,0.5538461538461539,0.09000000000000001
N75_drop0.10_s0.20_c0.05,75,0.1,0.2,0.05,False,26,0.09615384615384616,0.1,4.389443909849454,2.0846846846846847,0.5769230769230769,15,0.4,0.3,0.4749999999999999,0.07420898405799933,0.26849713853183343,True,0.5762499999999999,0.09000000000000001,3.971714947004404,0.5538461538461539,0.09000000000000001
N50_drop0.20_s0.20_c0.10,50,0.2,0.2,0.1,False,26,0.09615384615384616,0.1,4.315670800605757,1.5985294117647058,0.5769230769230769,15,0.4,0.3,0.4749999999999999,0.07427044835703654,0.2706992771867414,True,0.5762499999999999,0.09000000000000001,3.971714947004404,0.5538461538461539,0.09000000000000001
N50_drop0.40_s0.10_c0.10,50,0.4,0.1,0.1,False,26,0.09230769230769233,0.1,4.279870800605757,1.5985294117647058,0.5769230769230769,15,0.4,0.3,0.4749999999999999,0.07363484739767437,0.2664485534555136,True,0.5762499999999999,0.09000000000000001,3.971714947004404,0.5538461538461539,0.09000000000000001
N75_drop0.30_s0.05_c0.05,75,0.3,0.05,0.05,False,26,0.1,0.1,4.351470800605757,1.5985294117647058,0.5769230769230769,15,0.4,0.3,0.475,0.07413422085506377,0.27261732042007486,True,0.57625,0.09000000000000001,3.971714947004404,0.5538461538461539,0.09000000000000001
N100_drop0.10_s0.15_c0.00,100,0.1,0.15,0.0,False,26,0.10000000000000002,0.1,4.453385086320043,2.0846846846846847,0.6153846153846154,16,0.40384615384615385,0.3,0.44999999999999996,0.07446965294160722,0.27010575189165087,True,0.5763461538461538,0.09000000000000001,3.971714947004404,0.5538461538461539,0.09000000000000001
N75_drop0.10_s0.20_c0.00,75,0.1,0.2,0.0,False,26,0.09615384615384616,0.1,4.389443909849454,2.0846846846846847,0.5769230769230769,15,0.40384615384615385,0.3,0.44999999999999996,0.07432682838292716,0.26892057564723143,True,0.5763461538461538,0.09000000000000001,3.971714947004404,0.5538461538461539,0.09000000000000001
N20_drop0.10_s0.05_c0.15,20,0.1,0.05,0.15,False,26,0.1,0.1,4.330544874679831,1.5985294117647058,0.5769230769230769,15,0.4153846153846154,0.3,0.37499999999999994,0.07574767075204106,0.2850686050395649,True,0.5766346153846155,0.09000000000000001,3.971714947004404,0.5538461538461539,0.09000000000000001
N75_drop0.40_s0.05_c0.00,75,0.4,0.05,0.0,False,26,0.09230769230769233,0.1,4.279870800605757,1.5985294117647058,0.5769230769230769,15,0.3807692307692308,0.35,0.5,0.07339805733309704,0.26600156731291974,True,0.5782692307692308,0.09000000000000001,3.971714947004404,0.5538461538461539,0.09000000000000001
N30_drop0.50_s0.15_c0.05,30,0.5,0.15,0.05,False,26,0.09230769230769233,0.1,4.202085086320043,1.5985294117647058,0.5769230769230769,15,0.3807692307692308,0.35,0.5,0.073175112510587,0.2659034248988298,True,0.5782692307692308,0.09000000000000001,3.971714947004404,0.5538461538461539,0.09000000000000001
N50_drop0.10_s0.00_c0.00,50,0.1,0.0,0.0,False,26,0.10384615384615387,0.1,4.420307586544238,2.0846846846846847,0.6153846153846154,16,0.4115384615384615,0.35,0.3,0.07528539660846621,0.28341775532867886,True,0.5790384615384615,0.09000000000000001,3.971714947004404,0.5538461538461539,0.09000000000000001
N50_drop0.10_s0.00_c0.05,50,0.1,0.0,0.05,False,26,0.10384615384615387,0.1,4.420307586544238,2.0846846846846847,0.6153846153846154,16,0.4115384615384615,0.35,0.3,0.0752806563040749,0.2834594288287503,True,0.5790384615384615,0.09000000000000001,3.971714947004404,0.5538461538461539,0.09000000000000001
N50_drop0.40_s0.00_c0.10,50,0.4,0.0,0.1,False,26,0.09230769230769233,0.1,4.279870800605757,1.5985294117647058,0.5769230769230769,15,0.3884615384615385,0.3,0.575,0.07366413435750724,0.2673114931073476,True,0.5797115384615386,0.09000000000000001,3.971714947004404,0.5538461538461539,0.09000000000000001
N50_drop0.40_s0.05_c0.15,50,0.4,0.05,0.15,False,26,0.09230769230769233,0.1,4.279870800605757,1.5985294117647058,0.5769230769230769,15,0.3923076923076923,0.3,0.5499999999999999,0.0736454961137421,0.2668561768448073,True,0.5798076923076922,0.09000000000000001,3.971714947004404,0.5538461538461539,0.09000000000000001
N20_drop0.40_s0.05_c0.15,20,0.4,0.05,0.15,False,26,0.10384615384615385,0.1,4.465045083252323,2.2153846153846155,0.6153846153846154,16,0.39230769230769236,0.3,0.5499999999999999,0.07387058510259367,0.2734561166734789,True,0.5798076923076924,0.09000000000000001,3.971714947004404,0.5538461538461539,0.09000000000000001
N100_drop0.30_s0.00_c0.05,100,0.3,0.0,0.05,False,26,0.1,0.1,4.351470800605757,1.5985294117647058,0.5769230769230769,15,0.39230769230769236,0.3,0.5499999999999999,0.07410204547591824,0.27259050675112567,True,0.5798076923076924,0.09000000000000001,3.971714947004404,0.5538461538461539,0.09000000000000001
N100_drop0.30_s0.05_c0.05,100,0.3,0.05,0.05,False,26,0.1,0.1,4.351470800605757,1.5985294117647058,0.5769230769230769,15,0.39230769230769236,0.3,0.5499999999999999,0.0741041099675436,0.2721304931661469,True,0.5798076923076924,0.09000000000000001,3.971714947004404,0.5538461538461539,0.09000000000000001
N100_drop0.10_s0.10_c0.00,100,0.1,0.1,0.0,False,26,0.11153846153846156,0.1,4.725281131517783,2.2440677966101696,0.6923076923076923,18,0.39999999999999997,0.3,0.49999999999999994,0.074805575557152,0.2737884609293422,True,0.58,0.09000000000000001,3.971714947004404,0.5538461538461539,0.09000000000000001
N100_drop0.20_s0.00_c0.10,100,0.2,0.0,0.1,False,26,0.10384615384615385,0.1,4.599401419006964,2.2153846153846155,0.6153846153846154,16,0.4,0.3,0.49999999999999994,0.07452154205521927,0.27580235940091213,True,0.58,0.09000000000000001,3.971714947004404,0.5538461538461539,0.09000000000000001
N100_drop0.20_s0.05_c0.15,100,0.2,0.05,0.15,False,26,0.10000000000000002,0.1,4.764337467272424,2.0846846846846847,0.6153846153846154,16,0.4000000000000001,0.3,0.49999999999999994,0.07436457275071182,0.27327414816969114,True,0.5800000000000001,0.09000000000000001,3.971714947004404,0.5538461538461539,0.09000000000000001
N50_drop0.30_s0.10_c0.00,50,0.3,0.1,0.0,False,26,0.1,0.1,4.4252439098494545,2.0846846846846847,0.5769230769230769,15,0.40384615384615385,0.3,0.4749999999999999,0.07425256266896652,0.27339790627701405,True,0.5800961538461538,0.09000000000000001,3.971714947004404,0.5538461538461539,0.09000000000000001
N50_drop0.40_s0.10_c0.05,50,0.4,0.1,0.05,False,26,0.09230769230769233,0.1,4.279870800605757,1.5985294117647058,0.5769230769230769,15,0.40384615384615385,0.3,0.4749999999999999,0.07366095440778582,0.2665536625441435,True,0.5800961538461538,0.09000000000000001,3.971714947004404,0.5538461538461539,0.09000000000000001
N75_drop0.10_s0.15_c0.10,75,0.1,0.15,0.1,False,26,0.09615384615384616,0.1,4.315670800605757,1.5985294117647058,0.5769230769230769,15,0.4038461538461539,0.3,0.4749999999999999,0.07444458926489142,0.2718900419687728,True,0.580096153846154,0.09000000000000001,3.971714947004404,0.5538461538461539,0.09000000000000001
N20_drop0.10_s0.10_c0.15,20,0.1,0.1,0.15,False,26,0.1,0.1,4.330544874679831,1.5985294117647058,0.5769230769230769,15,0.41923076923076924,0.3,0.37499999999999994,0.07574767075204104,0.2849770356360401,True,0.5804807692307693,0.09000000000000001,3.971714947004404,0.5538461538461539,0.09000000000000001
N30_drop0.50_s0.20_c0.10,30,0.5,0.2,0.1,False,26,0.09615384615384616,0.1,4.233828205586097,1.5985294117647058,0.5769230769230769,15,0.3846153846153847,0.35,0.5,0.07313259581764303,0.26532158377970083,True,0.5821153846153846,0.09000000000000001,3.971714947004404,0.5538461538461539,0.09000000000000001
N100_drop0.40_s0.05_c0.10,100,0.4,0.05,0.1,False,26,0.09230769230769233,0.1,4.242532838790732,1.5985294117647058,0.5769230769230769,15,0.38461538461538464,0.35,0.5,0.07346750443594742,0.2657743460443582,True,0.5821153846153846,0.09000000000000001,3.971714947004404,0.5538461538461539,0.09000000000000001
N30_drop0.50_s0.05_c0.00,30,0.5,0.05,0.0,False,26,0.09230769230769233,0.1,4.202085086320043,1.5985294117647058,0.5769230769230769,15,0.3846153846153847,0.35,0.5,0.0731787502037732,0.26597050106955106,True,0.5821153846153846,0.09000000000000001,3.971714947004404,0.5538461538461539,0.09000000000000001
N30_drop0.50_s0.05_c0.05,30,0.5,0.05,0.05,False,26,0.09230769230769233,0.1,4.202085086320043,1.5985294117647058,0.5769230769230769,15,0.3846153846153847,0.35,0.5,0.0731787502037732,0.26597050106955106,True,0.5821153846153846,0.09000000000000001,3.971714947004404,0.5538461538461539,0.09000000000000001
N30_drop0.50_s0.10_c0.00,30,0.5,0.1,0.0,False,26,0.09230769230769233,0.1,4.202085086320043,1.5985294117647058,0.5769230769230769,15,0.3846153846153847,0.35,0.5,0.0731787502037732,0.26597050106955106,True,0.5821153846153846,0.09000000000000001,3.971714947004404,0.5538461538461539,0.09000000000000001
N30_drop0.50_s0.10_c0.05,30,0.5,0.1,0.05,False,26,0.09230769230769233,0.1,4.202085086320043,1.5985294117647058,0.5769230769230769,15,0.3846153846153847,0.35,0.5,0.0731787502037732,0.26597050106955106,True,0.5821153846153846,0.09000000000000001,3.971714947004404,0.5538461538461539,0.09000000000000001
N30_drop0.50_s0.15_c0.00,30,0.5,0.15,0.0,False,26,0.09230769230769233,0.1,4.202085086320043,1.5985294117647058,0.5769230769230769,15,0.3846153846153847,0.35,0.5,0.07317597679746403,0.2658041743137616,True,0.5821153846153846,0.09000000000000001,3.971714947004404,0.5538461538461539,0.09000000000000001
N30_drop0.50_s0.20_c0.00,30,0.5,0.2,0.0,False,26,0.09230769230769233,0.1,4.202085086320043,1.5985294117647058,0.5769230769230769,15,0.3846153846153847,0.35,0.5,0.07316082753540534,0.2656181331983538,True,0.5821153846153846,0.09000000000000001,3.971714947004404,0.5538461538461539,0.09000000000000001
N30_drop0.50_s0.20_c0.05,30,0.5,0.2,0.05,False,26,0.09230769230769233,0.1,4.202085086320043,1.5985294117647058,0.5769230769230769,15,0.3846153846153847,0.35,0.5,0.0731499691742236,0.2655150007348548,True,0.5821153846153846,0.09000000000000001,3.971714947004404,0.5538461538461539,0.09000000000000001
N75_drop0.30_s0.10_c0.15,75,0.3,0.1,0.15,False,26,0.1076923076923077,0.1,4.907352143810036,1.5985294117647058,0.5769230769230769,15,0.3884615384615385,0.35,0.4749999999999999,0.0738298041395643,0.2703936201922783,True,0.5822115384615385,0.09000000000000001,3.971714947004404,0.5538461538461539,0.09000000000000001
N30_drop0.40_s0.10_c0.00,30,0.4,0.1,0.0,False,26,0.1,0.1,4.273685086320042,1.5985294117647058,0.5769230769230769,15,0.39230769230769236,0.35,0.44999999999999996,0.07368541038126941,0.2726179395449569,True,0.5823076923076923,0.09000000000000001,3.971714947004404,0.5538461538461539,0.09000000000000001
N50_drop0.00_s0.15_c0.10,50,0.0,0.15,0.1,False,26,0.09615384615384617,0.1,4.355679576143944,1.5535714285714286,0.5769230769230769,15,0.4192307692307693,0.35,0.27499999999999997,0.07623676595463298,0.2856147301180345,True,0.5829807692307692,0.09000000000000001,3.971714947004404,0.5538461538461539,0.09000000000000001
N50_drop0.40_s0.00_c0.15,50,0.4,0.0,0.15,False,26,0.09230769230769233,0.1,4.279870800605757,1.5985294117647058,0.5769230769230769,15,0.3923076923076923,0.3,0.575,0.07366061677777777,0.26738621331720325,True,0.5835576923076923,0.09000000000000001,3.971714947004404,0.5538461538461539,0.09000000000000001
N100_drop0.20_s0.00_c0.00,100,0.2,0.0,0.0,False,26,0.10384615384615385,0.1,4.599401419006964,2.2153846153846155,0.6153846153846154,16,0.39230769230769236,0.3,0.575,0.07455796758426816,0.2755362543773446,True,0.5835576923076924,0.09000000000000001,3.971714947004404,0.5538461538461539,0.09000000000000001
N100_drop0.20_s0.00_c0.05,100,0.2,0.0,0.05,False,26,0.10384615384615385,0.1,4.599401419006964,2.2153846153846155,0.6153846153846154,16,0.39230769230769236,0.3,0.575,0.07455796758426816,0.27553625437734464,True,0.5835576923076924,0.09000000000000001,3.971714947004404,0.5538461538461539,0.09000000000000001
N20_drop0.40_s0.00_c0.00,20,0.4,0.0,0.0,False,26,0.10384615384615385,0.1,4.465045083252323,2.2153846153846155,0.6153846153846154,16,0.3961538461538462,0.3,0.5499999999999999,0.07387512605273368,0.27346320762921805,True,0.5836538461538462,0.09000000000000001,3.971714947004404,0.5538461538461539,0.09000000000000001
N20_drop0.40_s0.00_c0.05,20,0.4,0.0,0.05,False,26,0.10384615384615385,0.1,4.465045083252323,2.2153846153846155,0.6153846153846154,16,0.3961538461538462,0.3,0.5499999999999999,0.07387512605273368,0.27346320762921805,True,0.5836538461538462,0.09000000000000001,3.971714947004404,0.5538461538461539,0.09000000000000001
N20_drop0.40_s0.00_c0.10,20,0.4,0.0,0.1,False,26,0.10384615384615385,0.1,4.465045083252323,2.2153846153846155,0.6153846153846154,16,0.3961538461538462,0.3,0.5499999999999999,0.07387512605273368,0.27346320762921805,True,0.5836538461538462,0.09000000000000001,3.971714947004404,0.5538461538461539,0.09000000000000001
N20_drop0.40_s0.00_c0.15,20,0.4,0.0,0.15,False,26,0.10384615384615385,0.1,4.465045083252323,2.2153846153846155,0.6153846153846154,16,0.3961538461538462,0.3,0.5499999999999999,0.07386992656684581,0.2734904944853353,True,0.5836538461538462,0.09000000000000001,3.971714947004404,0.5538461538461539,0.09000000000000001
N100_drop0.10_s0.10_c0.15,100,0.1,0.1,0.15,False,26,0.10384615384615385,0.1,4.819504559070622,2.0846846846846847,0.5769230769230769,15,0.39615384615384625,0.3,0.5499999999999999,0.07428854466120069,0.27147784239877343,True,0.5836538461538463,0.09000000000000001,3.971714947004404,0.5538461538461539,0.09000000000000001
N100_drop0.20_s0.05_c0.00,100,0.2,0.05,0.0,False,26,0.1,0.1,4.433862957468502,2.0846846846846847,0.5769230769230769,15,0.40384615384615385,0.3,0.49999999999999994,0.07451764013563897,0.27426447682068755,True,0.5838461538461538,0.09000000000000001,3.971714947004404,0.5538461538461539,0.09000000000000001
N100_drop0.10_s0.05_c0.05,100,0.1,0.05,0.05,False,26,0.11153846153846153,0.1,4.677329557667904,2.2153846153846155,0.6538461538461539,17,0.40769230769230774,0.3,0.4749999999999999,0.07492416467865765,0.276184534121864,True,0.5839423076923078,0.09000000000000001,3.971714947004404,0.5538461538461539,0.09000000000000001
N75_drop0.30_s0.15_c0.05,75,0.3,0.15,0.05,False,26,0.10384615384615385,0.1,4.522466167401124,2.0846846846846847,0.6153846153846154,16,0.39230769230769236,0.35,0.4749999999999999,0.073925017993699,0.26891445398610947,True,0.5860576923076923,0.09000000000000001,3.971714947004404,0.5538461538461539,0.09000000000000001
N100_drop0.20_s0.10_c0.05,100,0.2,0.1,0.05,False,26,0.09615384615384616,0.1,4.315670800605757,1.5985294117647058,0.5769230769230769,15,0.39230769230769236,0.35,0.4749999999999999,0.07431947779850213,0.2709863126929944,True,0.5860576923076923,0.09000000000000001,3.971714947004404,0.5538461538461539,0.09000000000000001
N100_drop0.30_s0.05_c0.10,100,0.3,0.05,0.1,False,26,0.09615384615384616,0.1,4.315670800605757,1.5985294117647058,0.5769230769230769,15,0.39230769230769236,0.35,0.475,0.07406766890485536,0.27130704700520686,True,0.5860576923076923,0.09000000000000001,3.971714947004404,0.5538461538461539,0.09000000000000001
N30_drop0.40_s0.05_c0.00,30,0.4,0.05,0.0,False,26,0.1,0.1,4.273685086320042,1.5985294117647058,0.5769230769230769,15,0.3961538461538462,0.35,0.44999999999999996,0.073687204403769,0.27267086738955004,True,0.5861538461538461,0.09000000000000001,3.971714947004404,0.5538461538461539,0.09000000000000001
N30_drop0.40_s0.05_c0.05,30,0.4,0.05,0.05,False,26,0.1,0.1,4.273685086320042,1.5985294117647058,0.5769230769230769,15,0.3961538461538462,0.35,0.44999999999999996,0.073687204403769,0.2726855998772964,True,0.5861538461538461,0.09000000000000001,3.971714947004404,0.5538461538461539,0.09000000000000001
N30_drop0.40_s0.05_c0.10,30,0.4,0.05,0.1,False,26,0.1,0.1,4.273685086320042,1.5985294117647058,0.5769230769230769,15,0.3961538461538462,0.35,0.44999999999999996,0.07368511254101595,0.2726855998772964,True,0.5861538461538461,0.09000000000000001,3.971714947004404,0.5538461538461539,0.09000000000000001
N30_drop0.40_s0.10_c0.05,30,0.4,0.1,0.05,False,26,0.1,0.1,4.273685086320042,1.5985294117647058,0.5769230769230769,15,0.3961538461538462,0.35,0.44999999999999996,0.073687204403769,0.27267086738955004,True,0.5861538461538461,0.09000000000000001,3.971714947004404,0.5538461538461539,0.09000000000000001
N30_drop0.40_s0.10_c0.10,30,0.4,0.1,0.1,False,26,0.1,0.1,4.273685086320042,1.5985294117647058,0.5769230769230769,15,0.3961538461538462,0.35,0.44999999999999996,0.07367994766693263,0.27262154899710633,True,0.5861538461538461,0.09000000000000001,3.971714947004404,0.5538461538461539,0.09000000000000001
N100_drop0.10_s0.00_c0.05,100,0.1,0.0,0.05,False,26,0.11153846153846153,0.1,4.677329557667904,2.2153846153846155,0.6538461538461539,17,0.4076923076923077,0.35,0.37499999999999994,0.0749777107846911,0.27784701095057185,True,0.5864423076923077,0.09000000000000001,3.971714947004404,0.5538461538461539,0.09000000000000001
N100_drop0.10_s0.00_c0.00,100,0.1,0.0,0.0,False,26,0.1076923076923077,0.1,4.587566845803497,2.2153846153846155,0.6538461538461539,17,0.4076923076923077,0.35,0.37499999999999994,0.07500338906303346,0.2777349000945287,True,0.5864423076923077,0.09000000000000001,3.971714947004404,0.5538461538461539,0.09000000000000001
N75_drop0.00_s0.20_c0.00,75,0.0,0.2,0.0,False,26,0.1,0.1,4.570179958114915,2.0846846846846847,0.6538461538461539,17,0.41153846153846163,0.35,0.35,0.07586974228918832,0.2779855710048315,True,0.5865384615384616,0.09000000000000001,3.971714947004404,0.5538461538461539,0.09000000000000001
N75_drop0.20_s0.00_c0.15,75,0.2,0.0,0.15,False,26,0.1,0.1,4.563601419006964,2.2153846153846155,0.6153846153846154,16,0.4076923076923077,0.3,0.49999999999999994,0.07452751064535014,0.27687629744970654,True,0.5876923076923076,0.09000000000000001,3.971714947004404,0.5538461538461539,0.09000000000000001
N50_drop0.20_s0.00_c0.00,50,0.2,0.0,0.0,False,26,0.1,0.1,4.433862957468502,2.0846846846846847,0.5769230769230769,15,0.40769230769230763,0.3,0.49999999999999994,0.07471927167906899,0.27609580180580384,True,0.5876923076923076,0.09000000000000001,3.971714947004404,0.5538461538461539,0.09000000000000001
N50_drop0.20_s0.15_c0.05,50,0.2,0.15,0.05,False,26,0.10384615384615385,0.1,4.571577243182788,2.2153846153846155,0.6153846153846154,16,0.40769230769230774,0.3,0.49999999999999994,0.07460450385424647,0.2735499188071865,True,0.5876923076923077,0.09000000000000001,3.971714947004404,0.5538461538461539,0.09000000000000001
N75_drop0.20_s0.05_c0.15,75,0.2,0.05,0.15,False,26,0.09615384615384617,0.1,4.398062957468502,2.0846846846846847,0.5769230769230769,15,0.40769230769230774,0.3,0.49999999999999994,0.07452321454778701,0.27387030964220693,True,0.5876923076923077,0.09000000000000001,3.971714947004404,0.5538461538461539,0.09000000000000001
N50_drop0.30_s0.00_c0.15,50,0.3,0.0,0.15,False,26,0.1,0.1,4.45306808567363,2.0846846846846847,0.5769230769230769,15,0.4115384615384615,0.3,0.4749999999999999,0.07425147044029828,0.27456169736283587,True,0.5877884615384614,0.09000000000000001,3.971714947004404,0.5538461538461539,0.09000000000000001
N100_drop0.10_s0.05_c0.15,100,0.1,0.05,0.15,False,26,0.1,0.1,4.4054335124701645,2.0846846846846847,0.6153846153846154,16,0.41153846153846163,0.3,0.4749999999999999,0.07471517148078255,0.2747879627825921,True,0.5877884615384616,0.09000000000000001,3.971714947004404,0.5538461538461539,0.09000000000000001
N100_drop0.20_s0.10_c0.15,100,0.2,0.1,0.15,False,26,0.1076923076923077,0.1,4.902212239199543,2.0846846846846847,0.5769230769230769,15,0.3961538461538462,0.35,0.4749999999999999,0.07392699653042507,0.270165784733034,True,0.5899038461538462,0.09000000000000001,3.971714947004404,0.5538461538461539,0.09000000000000001
N75_drop0.30_s0.10_c0.05,75,0.3,0.1,0.05,False,26,0.1,0.1,4.351470800605757,1.5985294117647058,0.5769230769230769,15,0.39615384615384613,0.35,0.4749999999999999,0.07409941550718385,0.27199939274631185,True,0.5899038461538462,0.09000000000000001,3.971714947004404,0.5538461538461539,0.09000000000000001
N100_drop0.30_s0.05_c0.00,100,0.3,0.05,0.0,False,26,0.1,0.1,4.351470800605757,1.5985294117647058,0.5769230769230769,15,0.3961538461538462,0.35,0.475,0.07410756011706379,0.2721003549571047,True,0.5899038461538462,0.09000000000000001,3.971714947004404,0.5538461538461539,0.09000000000000001
N75_drop0.30_s0.05_c0.00,75,0.3,0.05,0.0,False,26,0.1,0.1,4.351470800605757,1.5985294117647058,0.5769230769230769,15,0.4076923076923077,0.35,0.39999999999999997,0.07413040066582513,0.2726002149559255,True,0.5901923076923076,0.09000000000000001,3.971714947004404,0.5538461538461539,0.09000000000000001
N75_drop0.00_s0.20_c0.05,75,0.0,0.2,0.05,False,26,0.09615384615384616,0.1,4.423846624781581,1.5985294117647058,0.6153846153846154,16,0.4076923076923077,0.35,0.39999999999999997,0.07550962180698548,0.2753712407549366,True,0.5901923076923076,0.09000000000000001,3.971714947004404,0.5538461538461539,0.09000000000000001
N50_drop0.10_s0.00_c0.10,50,0.1,0.0,0.1,False,26,0.10384615384615387,0.1,4.420307586544238,2.0846846846846847,0.6153846153846154,16,0.4115384615384615,0.35,0.37499999999999994,0.0752699035409947,0.2834543707486547,True,0.5902884615384615,0.09000000000000001,3.971714947004404,0.5538461538461539,0.09000000000000001
N30_drop0.00_s0.20_c0.00,30,0.0,0.2,0.0,False,26,0.1076923076923077,0.1,4.669921134585502,3.040579710144928,0.6538461538461539,17,0.4230769230769231,0.35,0.3,0.07641898413197873,0.2884519892354442,True,0.5905769230769231,0.09000000000000001,3.971714947004404,0.5538461538461539,0.09000000000000001
N50_drop0.40_s0.05_c0.05,50,0.4,0.05,0.05,False,26,0.09230769230769233,0.1,4.279870800605757,1.5985294117647058,0.5769230769230769,15,0.4,0.3,0.575,0.0736813897652846,0.2668933137032762,True,0.59125,0.09000000000000001,3.971714947004404,0.5538461538461539,0.09000000000000001
N50_drop0.20_s0.00_c0.05,50,0.2,0.0,0.05,False,26,0.10384615384615387,0.1,4.523625669332909,2.2153846153846155,0.6153846153846154,16,0.4115384615384615,0.3,0.49999999999999994,0.07471413577724698,0.2762911313479695,True,0.5915384615384615,0.09000000000000001,3.971714947004404,0.5538461538461539,0.09000000000000001
N50_drop0.20_s0.00_c0.10,50,0.2,0.0,0.1,False,26,0.10384615384615387,0.1,4.523625669332909,2.2153846153846155,0.6153846153846154,16,0.4115384615384615,0.3,0.49999999999999994,0.07470577965500741,0.2761543221719555,True,0.5915384615384615,0.09000000000000001,3.971714947004404,0.5538461538461539,0.09000000000000001
N50_drop0.20_s0.05_c0.15,50,0.2,0.05,0.15,False,26,0.10384615384615387,0.1,4.523625669332909,2.2153846153846155,0.6153846153846154,16,0.4115384615384615,0.3,0.49999999999999994,0.07466264140152651,0.2756607399677955,True,0.5915384615384615,0.09000000000000001,3.971714947004404,0.5538461538461539,0.09000000000000001
N50_drop0.20_s0.15_c0.00,50,0.2,0.15,0.0,False,26,0.10384615384615385,0.1,4.571577243182788,2.2153846153846155,0.6153846153846154,16,0.4115384615384615,0.3,0.49999999999999994,0.0746615013336524,0.27446305917059605,True,0.5915384615384615,0.09000000000000001,3.971714947004404,0.5538461538461539,0.09000000000000001
N75_drop0.10_s0.15_c0.05,75,0.1,0.15,0.05,False,26,0.10000000000000002,0.1,4.453385086320043,2.0846846846846847,0.6153846153846154,16,0.4115384615384615,0.3,0.49999999999999994,0.07457613104980791,0.27224415847366407,True,0.5915384615384615,0.09000000000000001,3.971714947004404,0.5538461538461539,0.09000000000000001
N75_drop0.20_s0.00_c0.00,75,0.2,0.0,0.0,False,26,0.1,0.1,4.433862957468502,2.0846846846846847,0.5769230769230769,15,0.4115384615384615,0.3,0.49999999999999994,0.07459724899045171,0.275480209635708,True,0.5915384615384615,0.09000000000000001,3.971714947004404,0.5538461538461539,0.09000000000000001
N75_drop0.20_s0.00_c0.05,75,0.2,0.0,0.05,False,26,0.1,0.1,4.433862957468502,2.0846846846846847,0.5769230769230769,15,0.4115384615384615,0.3,0.49999999999999994,0.0745963164492906,0.27539178307032813,True,0.5915384615384615,0.09000000000000001,3.971714947004404,0.5538461538461539,0.09000000000000001
N75_drop0.20_s0.00_c0.10,75,0.2,0.0,0.1,False,26,0.1,0.1,4.433862957468502,2.0846846846846847,0.5769230769230769,15,0.4115384615384615,0.3,0.49999999999999994,0.0745763924168749,0.27559123029725374,True,0.5915384615384615,0.09000000000000001,3.971714947004404,0.5538461538461539,0.09000000000000001
N75_drop0.20_s0.10_c0.05,75,0.2,0.1,0.05,False,26,0.1,0.1,4.433862957468502,2.0846846846846847,0.5769230769230769,15,0.4115384615384615,0.3,0.49999999999999994,0.07451785325332269,0.27395465504171673,True,0.5915384615384615,0.09000000000000001,3.971714947004404,0.5538461538461539,0.09000000000000001
N50_drop0.20_s0.15_c0.10,50,0.2,0.15,0.1,False,26,0.09615384615384617,0.1,4.398062957468502,2.0846846846846847,0.5769230769230769,15,0.4115384615384615,0.3,0.49999999999999994,0.07458228739654772,0.27317090716759684,True,0.5915384615384615,0.09000000000000001,3.971714947004404,0.5538461538461539,0.09000000000000001
N75_drop0.20_s0.05_c0.10,75,0.2,0.05,0.1,False,26,0.1,0.1,4.433862957468502,2.0846846846846847,0.5769230769230769,15,0.4115384615384616,0.3,0.49999999999999994,0.07455929055746645,0.27446767242825093,True,0.5915384615384616,0.09000000000000001,3.971714947004404,0.5538461538461539,0.09000000000000001
N75_drop0.10_s0.05_c0.15,75,0.1,0.05,0.15,False,26,0.10384615384615385,0.1,4.551766845803497,2.2153846153846155,0.6538461538461539,17,0.4153846153846154,0.3,0.4749999999999999,0.07475532565952878,0.2760155735297576,True,0.5916346153846155,0.09000000000000001,3.971714947004404,0.5538461538461539,0.09000000000000001
N30_drop0.30_s0.00_c0.15,30,0.3,0.0,0.15,False,26,0.1,0.1,4.308125669332909,2.0846846846846847,0.5769230769230769,15,0.4153846153846154,0.3,0.4749999999999999,0.0742414441593072,0.2751895778584943,True,0.5916346153846155,0.09000000000000001,3.971714947004404,0.5538461538461539,0.09000000000000001
N50_drop0.40_s0.05_c0.00,50,0.4,0.05,0.0,False,26,0.09230769230769233,0.1,4.279870800605757,1.5985294117647058,0.5769230769230769,15,0.3961538461538462,0.35,0.5,0.0736817400139256,0.26694221191666856,True,0.5936538461538461,0.09000000000000001,3.971714947004404,0.5538461538461539,0.09000000000000001
N100_drop0.10_s0.00_c0.15,100,0.1,0.0,0.15,False,26,0.10384615384615387,0.1,4.474270298408644,2.0846846846846847,0.6153846153846154,16,0.40384615384615385,0.35,0.4499999999999999,0.07484015264265438,0.27930353110549994,True,0.5938461538461538,0.09000000000000001,3.971714947004404,0.5538461538461539,0.09000000000000001
N75_drop0.20_s0.15_c0.00,75,0.2,0.15,0.0,False,26,0.1,0.1,4.535777243182788,2.2153846153846155,0.6153846153846154,16,0.40769230769230774,0.35,0.42499999999999993,0.07433455805649533,0.2702663415307158,True,0.5939423076923077,0.09000000000000001,3.971714947004404,0.5538461538461539,0.09000000000000001
N50_drop0.00_s0.15_c0.00,50,0.0,0.15,0.0,False,26,0.1076923076923077,0.1,4.669921134585502,3.040579710144928,0.6538461538461539,17,0.4153846153846154,0.35,0.375,0.07638855651851476,0.28660135409162946,True,0.5941346153846154,0.09000000000000001,3.971714947004404,0.5538461538461539,0.09000000000000001
N100_drop0.00_s0.15_c0.00,100,0.0,0.15,0.0,False,26,0.10384615384615387,0.1,4.634121134585502,2.685,0.6538461538461539,17,0.4153846153846154,0.35,0.375,0.07594767767631336,0.2783564037993475,True,0.5941346153846154,0.09000000000000001,3.971714947004404,0.5538461538461539,0.09000000000000001
N20_drop0.00_s0.20_c0.10,20,0.0,0.2,0.1,False,26,0.10384615384615387,0.1,4.454710301476365,2.0846846846846847,0.6153846153846154,16,0.42692307692307696,0.35,0.3,0.07646075670904957,0.28961338888284854,True,0.5944230769230769,0.09000000000000001,3.971714947004404,0.5538461538461539,0.09000000000000001
N100_drop0.00_s0.05_c0.05,100,0.0,0.05,0.05,False,26,0.1,0.1,4.364947589611957,1.5535714285714286,0.5769230769230769,15,0.42692307692307696,0.35,0.3,0.07645590869818684,0.2896029356644943,True,0.5944230769230769,0.09000000000000001,3.971714947004404,0.5538461538461539,0.09000000000000001
N50_drop0.30_s0.00_c0.00,50,0.3,0.0,0.0,False,26,0.1,0.1,4.45306808567363,2.0846846846846847,0.5769230769230769,15,0.4076923076923077,0.3,0.5499999999999999,0.07427766787509571,0.2745223846324769,True,0.5951923076923077,0.09000000000000001,3.971714947004404,0.5538461538461539,0.09000000000000001
N50_drop0.30_s0.00_c0.05,50,0.3,0.0,0.05,False,26,0.1,0.1,4.45306808567363,2.0846846846846847,0.5769230769230769,15,0.4076923076923077,0.3,0.5499999999999999,0.07427766787509571,0.2745223846324769,True,0.5951923076923077,0.09000000000000001,3.971714947004404,0.5538461538461539,0.09000000000000001
N50_drop0.30_s0.00_c0.10,50,0.3,0.0,0.1,False,26,0.1,0.1,4.45306808567363,2.0846846846846847,0.5769230769230769,15,0.4076923076923077,0.3,0.5499999999999999,0.07427412667986724,0.2744557750833888,True,0.5951923076923077,0.09000000000000001,3.971714947004404,0.5538461538461539,0.09000000000000001
N50_drop0.30_s0.05_c0.00,50,0.3,0.05,0.0,False,26,0.1,0.1,4.45306808567363,2.0846846846846847,0.5769230769230769,15,0.4076923076923077,0.3,0.5499999999999999,0.074272064440677,0.27419167255025084,True,0.5951923076923077,0.09000000000000001,3.971714947004404,0.5538461538461539,0.09000000000000001
N30_drop0.30_s0.20_c0.00,30,0.3,0.2,0.0,False,26,0.1,0.1,4.356077243182788,2.0846846846846847,0.5769230769230769,15,0.4076923076923077,0.3,0.5499999999999999,0.07423884456711628,0.2739957567029778,True,0.5951923076923077,0.09000000000000001,3.971714947004404,0.5538461538461539,0.09000000000000001
N30_drop0.30_s0.20_c0.05,30,0.3,0.2,0.05,False,26,0.1,0.1,4.356077243182788,2.0846846846846847,0.5769230769230769,15,0.4076923076923077,0.3,0.5499999999999999,0.0742376476319708,0.2737687359554336,True,0.5951923076923077,0.09000000000000001,3.971714947004404,0.5538461538461539,0.09000000000000001
N50_drop0.20_s0.00_c0.15,50,0.2,0.0,0.15,False,26,0.10384615384615387,0.1,4.523625669332909,2.2153846153846155,0.6153846153846154,16,0.4153846153846154,0.3,0.49999999999999994,0.07468208148854875,0.2762874712321585,True,0.5953846153846154,0.09000000000000001,3.971714947004404,0.5538461538461539,0.09000000000000001
N50_drop0.20_s0.10_c0.00,50,0.2,0.1,0.0,False,26,0.10384615384615385,0.1,4.571577243182788,2.2153846153846155,0.6153846153846154,16,0.4153846153846154,0.3,0.49999999999999994,0.07469520828011812,0.274981125918442,True,0.5953846153846154,0.09000000000000001,3.971714947004404,0.5538461538461539,0.09000000000000001
N75_drop0.10_s0.10_c0.10,75,0.1,0.1,0.1,False,26,0.10384615384615385,0.1,4.551766845803497,2.2153846153846155,0.6538461538461539,17,0.4153846153846154,0.3,0.49999999999999994,0.07475965404304016,0.2752087383939446,True,0.5953846153846154,0.09000000000000001,3.971714947004404,0.5538461538461539,0.09000000000000001
N75_drop0.20_s0.05_c0.05,75,0.2,0.05,0.05,False,26,0.1,0.1,4.433862957468502,2.0846846846846847,0.5769230769230769,15,0.4153846153846154,0.3,0.49999999999999994,0.07458309734834206,0.27479844947859833,True,0.5953846153846154,0.09000000000000001,3.971714947004404,0.5538461538461539,0.09000000000000001
N30_drop0.30_s0.05_c0.15,30,0.3,0.05,0.15,False,26,0.1,0.1,4.308125669332909,2.0846846846846847,0.5769230769230769,15,0.4192307692307692,0.3,0.4749999999999999,0.07423716753123139,0.275029378222611,True,0.5954807692307691,0.09000000000000001,3.971714947004404,0.5538461538461539,0.09000000000000001
N75_drop0.30_s0.05_c0.10,75,0.3,0.05,0.1,False,26,0.1,0.1,4.351470800605757,1.5985294117647058,0.5769230769230769,15,0.40384615384615385,0.35,0.4749999999999999,0.07411263859689088,0.2724966437742508,True,0.5975961538461538,0.09000000000000001,3.971714947004404,0.5538461538461539,0.09000000000000001
N75_drop0.20_s0.15_c0.05,75,0.2,0.15,0.05,False,26,0.09615384615384616,0.1,4.389443909849454,2.0846846846846847,0.5769230769230769,15,0.40384615384615385,0.35,0.4749999999999999,0.07423987812840407,0.27019952215212056,True,0.5975961538461538,0.09000000000000001,3.971714947004404,0.5538461538461539,0.09000000000000001
N50_drop0.10_s0.15_c0.00,50,0.1,0.15,0.0,False,26,0.11153846153846156,0.1,4.725281131517783,2.2440677966101696,0.6923076923076923,18,0.4076923076923077,0.35,0.4499999999999999,0.07517970680795176,0.2802716166862388,True,0.5976923076923076,0.09000000000000001,3.971714947004404,0.5538461538461539,0.09000000000000001
N20_drop0.10_s0.00_c0.00,20,0.1,0.0,0.0,False,26,0.10384615384615387,0.1,4.420307586544238,2.0846846846846847,0.6153846153846154,16,0.41923076923076924,0.35,0.37499999999999994,0.07576128916219362,0.28527420229478784,True,0.5979807692307693,0.09000000000000001,3.971714947004404,0.5538461538461539,0.09000000000000001
N20_drop0.10_s0.00_c0.05,20,0.1,0.0,0.05,False,26,0.10384615384615387,0.1,4.420307586544238,2.0846846846846847,0.6153846153846154,16,0.41923076923076924,0.35,0.37499999999999994,0.07576128916219362,0.28527420229478784,True,0.5979807692307693,0.09000000000000001,3.971714947004404,0.5538461538461539,0.09000000000000001
N30_drop0.10_s0.00_c0.10,30,0.1,0.0,0.1,False,26,0.10384615384615387,0.1,4.420307586544238,2.0846846846846847,0.6153846153846154,16,0.41923076923076924,0.35,0.37499999999999994,0.0754884102766791,0.28485195721289086,True,0.5979807692307693,0.09000000000000001,3.971714947004404,0.5538461538461539,0.09000000000000001
N50_drop0.10_s0.00_c0.15,50,0.1,0.0,0.15,False,26,0.10384615384615387,0.1,4.420307586544238,2.0846846846846847,0.6153846153846154,16,0.41923076923076924,0.35,0.37499999999999994,0.07521625427014854,0.28351605352737147,True,0.5979807692307693,0.09000000000000001,3.971714947004404,0.5538461538461539,0.09000000000000001
N50_drop0.10_s0.05_c0.10,50,0.1,0.05,0.1,False,26,0.10384615384615387,0.1,4.420307586544238,2.0846846846846847,0.6153846153846154,16,0.41923076923076924,0.35,0.37499999999999994,0.07524704680900422,0.2829392366144076,True,0.5979807692307693,0.09000000000000001,3.971714947004404,0.5538461538461539,0.09000000000000001
N20_drop0.10_s0.00_c0.15,20,0.1,0.0,0.15,False,26,0.10384615384615387,0.1,4.399625955760912,1.5985294117647058,0.5769230769230769,15,0.41923076923076924,0.35,0.37499999999999994,0.07574675172404227,0.2854071542528263,True,0.5979807692307693,0.09000000000000001,3.971714947004404,0.5538461538461539,0.09000000000000001
N20_drop0.10_s0.05_c0.10,20,0.1,0.05,0.1,False,26,0.1,0.1,4.330544874679831,1.5985294117647058,0.5769230769230769,15,0.41923076923076924,0.35,0.37499999999999994,0.07575025973401607,0.2850774492250576,True,0.5979807692307693,0.09000000000000001,3.971714947004404,0.5538461538461539,0.09000000000000001
N75_drop0.00_s0.15_c0.10,75,0.0,0.15,0.1,False,26,0.09615384615384616,0.1,4.350073515537884,1.5535714285714286,0.5769230769230769,15,0.41923076923076924,0.35,0.375,0.07580031762583092,0.2799326925634721,True,0.5979807692307693,0.09000000000000001,3.971714947004404,0.5538461538461539,0.09000000000000001
N30_drop0.30_s0.15_c0.00,30,0.3,0.15,0.0,False,26,0.1,0.1,4.356077243182788,2.0846846846846847,0.5769230769230769,15,0.4115384615384615,0.3,0.5499999999999999,0.07424182094314785,0.27414793152172406,True,0.5990384615384615,0.09000000000000001,3.971714947004404,0.5538461538461539,0.09000000000000001
N75_drop0.20_s0.10_c0.00,75,0.2,0.1,0.0,False,26,0.10384615384615385,0.1,4.571577243182788,2.2153846153846155,0.6153846153846154,16,0.41923076923076924,0.3,0.49999999999999994,0.07456005013270312,0.2739645213583501,True,0.5992307692307692,0.09000000000000001,3.971714947004404,0.5538461538461539,0.09000000000000001
N50_drop0.10_s0.20_c0.00,50,0.1,0.2,0.0,False,26,0.1076923076923077,0.1,4.689481131517783,2.2440677966101696,0.6923076923076923,18,0.4076923076923077,0.35,0.4749999999999999,0.0749973585750858,0.275883988245751,True,0.6014423076923077,0.09000000000000001,3.971714947004404,0.5538461538461539,0.09000000000000001
N50_drop0.20_s0.20_c0.05,50,0.2,0.2,0.05,False,26,0.09615384615384616,0.1,4.389443909849454,2.0846846846846847,0.5769230769230769,15,0.4076923076923077,0.35,0.4749999999999999,0.07444868636125819,0.27084810092099987,True,0.6014423076923077,0.09000000000000001,3.971714947004404,0.5538461538461539,0.09000000000000001
N50_drop0.10_s0.20_c0.10,50,0.1,0.2,0.1,False,26,0.09615384615384616,0.1,4.315670800605757,1.5985294117647058,0.5769230769230769,15,0.4076923076923077,0.35,0.4749999999999999,0.07459801664664084,0.27531858207622784,True,0.6014423076923077,0.09000000000000001,3.971714947004404,0.5538461538461539,0.09000000000000001
N75_drop0.10_s0.00_c0.00,75,0.1,0.0,0.0,False,26,0.1076923076923077,0.1,4.587566845803497,2.2153846153846155,0.6538461538461539,17,0.4115384615384615,0.35,0.4499999999999999,0.07496471864919461,0.2786903566200825,True,0.6015384615384615,0.09000000000000001,3.971714947004404,0.5538461538461539,0.09000000000000001
N75_drop0.10_s0.00_c0.05,75,0.1,0.0,0.05,False,26,0.1076923076923077,0.1,4.587566845803497,2.2153846153846155,0.6538461538461539,17,0.4115384615384615,0.35,0.4499999999999999,0.07494753768015067,0.27860193005470263,True,0.6015384615384615,0.09000000000000001,3.971714947004404,0.5538461538461539,0.09000000000000001
N30_drop0.10_s0.00_c0.00,30,0.1,0.0,0.0,False,26,0.10384615384615387,0.1,4.420307586544238,2.0846846846846847,0.6153846153846154,16,0.4230769230769231,0.35,0.37499999999999994,0.07549612544094265,0.28496549072922506,True,0.6018269230769231,0.09000000000000001,3.971714947004404,0.5538461538461539,0.09000000000000001
N30_drop0.10_s0.00_c0.05,30,0.1,0.0,0.05,False,26,0.10384615384615387,0.1,4.420307586544238,2.0846846846846847,0.6153846153846154,16,0.4230769230769231,0.35,0.37499999999999994,0.07549612544094265,0.28496549072922506,True,0.6018269230769231,0.09000000000000001,3.971714947004404,0.5538461538461539,0.09000000000000001
N30_drop0.10_s0.05_c0.15,30,0.1,0.05,0.15,False,26,0.10384615384615387,0.1,4.420307586544238,2.0846846846846847,0.6153846153846154,16,0.4230769230769231,0.35,0.37499999999999994,0.0754816179534345,0.2847291373213705,True,0.6018269230769231,0.09000000000000001,3.971714947004404,0.5538461538461539,0.09000000000000001
N20_drop0.10_s0.00_c0.10,20,0.1,0.0,0.1,False,26,0.1,0.1,4.330544874679831,1.5985294117647058,0.5769230769230769,15,0.4230769230769231,0.35,0.37499999999999994,0.07575239985794403,0.28527083401567405,True,0.6018269230769231,0.09000000000000001,3.971714947004404,0.5538461538461539,0.09000000000000001
N50_drop0.00_s0.00_c0.15,50,0.0,0.0,0.15,False,26,0.1,0.1,4.3923349769993445,1.476923076923077,0.5769230769230769,15,0.42692307692307696,0.35,0.35,0.07640695915151575,0.2934501155029791,True,0.6019230769230769,0.09000000000000001,3.971714947004404,0.5538461538461539,0.09000000000000001
N75_drop0.00_s0.10_c0.10,75,0.0,0.1,0.1,False,26,0.09615384615384617,0.1,4.355679576143944,1.5535714285714286,0.5769230769230769,15,0.43461538461538457,0.35,0.3,0.07624415643434937,0.28721069424318657,True,0.6021153846153846,0.09000000000000001,3.971714947004404,0.5538461538461539,0.09000000000000001
N75_drop0.10_s0.10_c0.00,75,0.1,0.1,0.0,False,26,0.11153846153846156,0.1,4.725281131517783,2.2440677966101696,0.6923076923076923,18,0.4115384615384615,0.3,0.575,0.07487005339986345,0.2761104633798177,True,0.6027884615384616,0.09000000000000001,3.971714947004404,0.5538461538461539,0.09000000000000001
N30_drop0.30_s0.10_c0.00,30,0.3,0.1,0.0,False,26,0.1,0.1,4.356077243182788,2.0846846846846847,0.5769230769230769,15,0.4153846153846154,0.3,0.5499999999999999,0.07424718311923978,0.2745012951965321,True,0.6028846153846155,0.09000000000000001,3.971714947004404,0.5538461538461539,0.09000000000000001
N30_drop0.30_s0.10_c0.15,30,0.3,0.1,0.15,False,26,0.1,0.1,4.308125669332909,2.0846846846846847,0.5769230769230769,15,0.4153846153846154,0.3,0.5499999999999999,0.07423956010916145,0.2747901334811434,True,0.6028846153846155,0.09000000000000001,3.971714947004404,0.5538461538461539,0.09000000000000001
N50_drop0.20_s0.05_c0.10,50,0.2,0.05,0.1,False,26,0.10384615384615387,0.1,4.523625669332909,2.2153846153846155,0.6153846153846154,16,0.4230769230769231,0.3,0.49999999999999994,0.07470100956398038,0.2759179367241233,True,0.6030769230769231,0.09000000000000001,3.971714947004404,0.5538461538461539,0.09000000000000001
N20_drop0.30_s0.00_c0.00,20,0.3,0.0,0.0,False,26,0.10384615384615387,0.1,4.4458399550471945,2.2153846153846155,0.6153846153846154,16,0.4230769230769231,0.3,0.49999999999999994,0.07437078997932552,0.27549660798519715,True,0.6030769230769231,0.09000000000000001,3.971714947004404,0.5538461538461539,0.09000000000000001
N20_drop0.30_s0.00_c0.05,20,0.3,0.0,0.05,False,26,0.10384615384615387,0.1,4.4458399550471945,2.2153846153846155,0.6153846153846154,16,0.4230769230769231,0.3,0.49999999999999994,0.07437078997932552,0.27549660798519715,True,0.6030769230769231,0.09000000000000001,3.971714947004404,0.5538461538461539,0.09000000000000001
N20_drop0.30_s0.00_c0.10,20,0.3,0.0,0.1,False,26,0.10384615384615387,0.1,4.4458399550471945,2.2153846153846155,0.6153846153846154,16,0.4230769230769231,0.3,0.49999999999999994,0.07437078997932552,0.27549660798519715,True,0.6030769230769231,0.09000000000000001,3.971714947004404,0.5538461538461539,0.09000000000000001
N75_drop0.20_s0.05_c0.00,75,0.2,0.05,0.0,False,26,0.1,0.1,4.433862957468502,2.0846846846846847,0.5769230769230769,15,0.4230769230769231,0.3,0.49999999999999994,0.07457966895532915,0.27466259281409433,True,0.6030769230769231,0.09000000000000001,3.971714947004404,0.5538461538461539,0.09000000000000001
N100_drop0.00_s0.05_c0.15,100,0.0,0.05,0.15,False,26,0.09615384615384616,0.1,4.2725769681430315,1.5535714285714286,0.5769230769230769,15,0.4307692307692308,0.3,0.44999999999999996,0.07615237037636419,0.28826450833270856,True,0.6032692307692308,0.09000000000000001,3.971714947004404,0.5538461538461539,0.09000000000000001
N20_drop0.20_s0.00_c0.00,20,0.2,0.0,0.0,False,26,0.1076923076923077,0.1,4.587566845803497,2.2153846153846155,0.6538461538461539,17,0.4153846153846153,0.35,0.4499999999999999,0.07496704772743877,0.28290739916663543,True,0.6053846153846153,0.09000000000000001,3.971714947004404,0.5538461538461539,0.09000000000000001
N20_drop0.20_s0.00_c0.05,20,0.2,0.0,0.05,False,26,0.1076923076923077,0.1,4.587566845803497,2.2153846153846155,0.6538461538461539,17,0.4153846153846153,0.35,0.4499999999999999,0.07496704772743877,0.28290739916663543,True,0.6053846153846153,0.09000000000000001,3.971714947004404,0.5538461538461539,0.09000000000000001
N20_drop0.20_s0.00_c0.10,20,0.2,0.0,0.1,False,26,0.1076923076923077,0.1,4.587566845803497,2.2153846153846155,0.6538461538461539,17,0.4153846153846153,0.35,0.4499999999999999,0.07496559839496335,0.2828407896175474,True,0.6053846153846153,0.09000000000000001,3.971714947004404,0.5538461538461539,0.09000000000000001
N20_drop0.20_s0.00_c0.15,20,0.2,0.0,0.15,False,26,0.10384615384615387,0.1,4.420307586544238,2.0846846846846847,0.6153846153846154,16,0.4153846153846153,0.35,0.4499999999999999,0.0749616465495604,0.28284022643374507,True,0.6053846153846153,0.09000000000000001,3.971714947004404,0.5538461538461539,0.09000000000000001
N75_drop0.10_s0.00_c0.10,75,0.1,0.0,0.1,False,26,0.11153846153846153,0.1,4.677329557667904,2.2153846153846155,0.6538461538461539,17,0.4153846153846154,0.35,0.4499999999999999,0.07493376375055107,0.2786920059608413,True,0.6053846153846154,0.09000000000000001,3.971714947004404,0.5538461538461539,0.09000000000000001
N100_drop0.10_s0.00_c0.10,100,0.1,0.0,0.1,False,26,0.11153846153846153,0.1,4.677329557667904,2.2153846153846155,0.6538461538461539,17,0.4153846153846154,0.35,0.4499999999999999,0.07492747535042105,0.27829809746418005,True,0.6053846153846154,0.09000000000000001,3.971714947004404,0.5538461538461539,0.09000000000000001
N75_drop0.10_s0.00_c0.15,75,0.1,0.0,0.15,False,26,0.10384615384615387,0.1,4.474270298408644,2.0846846846846847,0.6153846153846154,16,0.4153846153846154,0.35,0.4499999999999999,0.07484315286968077,0.2800339980097485,True,0.6053846153846154,0.09000000000000001,3.971714947004404,0.5538461538461539,0.09000000000000001
N20_drop0.10_s0.10_c0.05,20,0.1,0.1,0.05,False,26,0.10384615384615387,0.1,4.420307586544238,2.0846846846846847,0.6153846153846154,16,0.4230769230769231,0.35,0.39999999999999997,0.07575068719407134,0.28473797066003387,True,0.605576923076923,0.09000000000000001,3.971714947004404,0.5538461538461539,0.09000000000000001
N20_drop0.10_s0.15_c0.10,20,0.1,0.15,0.1,False,26,0.10384615384615387,0.1,4.420307586544238,2.0846846846846847,0.6153846153846154,16,0.4230769230769231,0.35,0.39999999999999997,0.07574769539810043,0.2836698005264266,True,0.605576923076923,0.09000000000000001,3.971714947004404,0.5538461538461539,0.09000000000000001
N30_drop0.10_s0.00_c0.15,30,0.1,0.0,0.15,False,26,0.10384615384615387,0.1,4.420307586544238,2.0846846846846847,0.6153846153846154,16,0.4230769230769231,0.35,0.39999999999999997,0.07547042437161802,0.285205017254707,True,0.605576923076923,0.09000000000000001,3.971714947004404,0.5538461538461539,0.09000000000000001
N20_drop0.30_s0.00_c0.15,20,0.3,0.0,0.15,False,26,0.1,0.1,4.308125669332909,2.0846846846846847,0.5769230769230769,15,0.4269230769230769,0.3,0.49999999999999994,0.07436645559674307,0.27558616633630584,True,0.6069230769230769,0.09000000000000001,3.971714947004404,0.5538461538461539,0.09000000000000001
N20_drop0.40_s0.05_c0.00,20,0.4,0.05,0.0,False,26,0.10384615384615385,0.1,4.465045083252323,2.2153846153846155,0.6153846153846154,16,0.40384615384615385,0.35,0.5499999999999999,0.07387512605273368,0.2733933732602051,True,0.6088461538461538,0.09000000000000001,3.971714947004404,0.5538461538461539,0.09000000000000001
N20_drop0.40_s0.05_c0.05,20,0.4,0.05,0.05,False,26,0.10384615384615385,0.1,4.465045083252323,2.2153846153846155,0.6153846153846154,16,0.40384615384615385,0.35,0.5499999999999999,0.07387512605273368,0.2733933732602051,True,0.6088461538461538,0.09000000000000001,3.971714947004404,0.5538461538461539,0.09000000000000001
N20_drop0.40_s0.05_c0.10,20,0.4,0.05,0.1,False,26,0.10384615384615385,0.1,4.465045083252323,2.2153846153846155,0.6153846153846154,16,0.40384615384615385,0.35,0.5499999999999999,0.07387512605273368,0.2733933732602051,True,0.6088461538461538,0.09000000000000001,3.971714947004404,0.5538461538461539,0.09000000000000001
N20_drop0.40_s0.10_c0.00,20,0.4,0.1,0.0,False,26,0.10384615384615385,0.1,4.465045083252323,2.2153846153846155,0.6153846153846154,16,0.40384615384615385,0.35,0.5499999999999999,0.07387512605273368,0.2733933732602051,True,0.6088461538461538,0.09000000000000001,3.971714947004404,0.5538461538461539,0.09000000000000001
N20_drop0.40_s0.10_c0.15,20,0.4,0.1,0.15,False,26,0.10000000000000002,0.1,4.299506621713862,2.0846846846846847,0.5769230769230769,15,0.40384615384615385,0.35,0.5499999999999999,0.07386982253639907,0.27330101501290766,True,0.6088461538461538,0.09000000000000001,3.971714947004404,0.5538461538461539,0.09000000000000001
N20_drop0.40_s0.15_c0.00,20,0.4,0.15,0.0,False,26,0.10000000000000002,0.1,4.299506621713862,2.0846846846846847,0.5769230769230769,15,0.40384615384615385,0.35,0.5499999999999999,0.07387256946403949,0.27325517812405364,True,0.6088461538461538,0.09000000000000001,3.971714947004404,0.5538461538461539,0.09000000000000001
N20_drop0.40_s0.15_c0.05,20,0.4,0.15,0.05,False,26,0.10000000000000002,0.1,4.299506621713862,2.0846846846846847,0.5769230769230769,15,0.40384615384615385,0.35,0.5499999999999999,0.07387256946403949,0.27325517812405364,True,0.6088461538461538,0.09000000000000001,3.971714947004404,0.5538461538461539,0.09000000000000001
N20_drop0.40_s0.15_c0.15,20,0.4,0.15,0.15,False,26,0.10000000000000002,0.1,4.299506621713862,2.0846846846846847,0.5769230769230769,15,0.40384615384615385,0.35,0.5499999999999999,0.07386177124749677,0.2730830553996083,True,0.6088461538461538,0.09000000000000001,3.971714947004404,0.5538461538461539,0.09000000000000001
N20_drop0.40_s0.20_c0.00,20,0.4,0.2,0.0,False,26,0.10000000000000002,0.1,4.299506621713862,2.0846846846846847,0.5769230769230769,15,0.40384615384615385,0.35,0.5499999999999999,0.07387256946403949,0.27325517812405364,True,0.6088461538461538,0.09000000000000001,3.971714947004404,0.5538461538461539,0.09000000000000001
N20_drop0.40_s0.20_c0.05,20,0.4,0.2,0.05,False,26,0.10000000000000002,0.1,4.299506621713862,2.0846846846846847,0.5769230769230769,15,0.40384615384615385,0.35,0.5499999999999999,0.07386744109997842,0.2730865369031981,True,0.6088461538461538,0.09000000000000001,3.971714947004404,0.5538461538461539,0.09000000000000001
N20_drop0.40_s0.20_c0.10,20,0.4,0.2,0.1,False,26,0.10000000000000002,0.1,4.299506621713862,2.0846846846846847,0.5769230769230769,15,0.40384615384615385,0.35,0.5499999999999999,0.07386182911182974,0.27297657833942773,True,0.6088461538461538,0.09000000000000001,3.971714947004404,0.5538461538461539,0.09000000000000001
N50_drop0.10_s0.20_c0.05,50,0.1,0.2,0.05,False,26,0.10384615384615387,0.1,4.599718419653376,2.2153846153846155,0.6538461538461539,17,0.41538461538461535,0.35,0.4749999999999999,0.0749380348620228,0.2756456884659076,True,0.6091346153846153,0.09000000000000001,3.971714947004404,0.5538461538461539,0.09000000000000001
N100_drop0.10_s0.05_c0.10,100,0.1,0.05,0.1,False,26,0.10384615384615385,0.1,4.4951962243345704,2.0846846846846847,0.6153846153846154,16,0.4153846153846154,0.35,0.4749999999999999,0.07484208280707998,0.2752387991602172,True,0.6091346153846153,0.09000000000000001,3.971714947004404,0.5538461538461539,0.09000000000000001
N20_drop0.20_s0.05_c0.10,20,0.2,0.05,0.1,False,26,0.1076923076923077,0.1,4.587566845803497,2.2153846153846155,0.6538461538461539,17,0.4192307692307692,0.35,0.4499999999999999,0.07496466585380224,0.2826800772084463,True,0.6092307692307691,0.09000000000000001,3.971714947004404,0.5538461538461539,0.09000000000000001
N20_drop0.20_s0.05_c0.15,20,0.2,0.05,0.15,False,26,0.1076923076923077,0.1,4.587566845803497,2.2153846153846155,0.6538461538461539,17,0.4192307692307692,0.35,0.4499999999999999,0.07496187789290612,0.282694091219983,True,0.6092307692307691,0.09000000000000001,3.971714947004404,0.5538461538461539,0.09000000000000001
N50_drop0.10_s0.10_c0.00,50,0.1,0.1,0.0,False,26,0.11153846153846156,0.1,4.725281131517783,2.2440677966101696,0.6923076923076923,18,0.41923076923076924,0.35,0.4499999999999999,0.07523262152444367,0.28083012009398595,True,0.6092307692307692,0.09000000000000001,3.971714947004404,0.5538461538461539,0.09000000000000001
N30_drop0.10_s0.20_c0.00,30,0.1,0.2,0.0,False,26,0.1076923076923077,0.1,4.635518419653376,2.2153846153846155,0.6538461538461539,17,0.41923076923076924,0.35,0.4499999999999999,0.07541962611460977,0.2820538824977431,True,0.6092307692307692,0.09000000000000001,3.971714947004404,0.5538461538461539,0.09000000000000001
N30_drop0.10_s0.20_c0.05,30,0.1,0.2,0.05,False,26,0.1076923076923077,0.1,4.635518419653376,2.2153846153846155,0.6538461538461539,17,0.41923076923076924,0.35,0.4499999999999999,0.07539395881678779,0.2818611060596312,True,0.6092307692307692,0.09000000000000001,3.971714947004404,0.5538461538461539,0.09000000000000001
N20_drop0.00_s0.05_c0.10,20,0.0,0.05,0.1,False,26,0.10384615384615387,0.1,4.454710301476365,2.0846846846846847,0.6153846153846154,16,0.4230769230769231,0.35,0.42499999999999993,0.07651370172144432,0.29232029799274617,True,0.609326923076923,0.09000000000000001,3.971714947004404,0.5538461538461539,0.09000000000000001
V9.2_baseline,10,0.0,0.0,0.0,True,26,0.1,0.1,4.413016607782671,1.5535714285714286,0.6153846153846154,16,0.42307692307692313,0.35,0.42499999999999993,0.07652595606968716,0.2927273410862131,True,0.609326923076923,0.09000000000000001,3.971714947004404,0.5538461538461539,0.09000000000000001
N20_drop0.00_s0.00_c0.00,20,0.0,0.0,0.0,False,26,0.1,0.1,4.413016607782671,1.5535714285714286,0.6153846153846154,16,0.42307692307692313,0.35,0.42499999999999993,0.07652595606968716,0.2927273410862131,True,0.609326923076923,0.09000000000000001,3.971714947004404,0.5538461538461539,0.09000000000000001
N20_drop0.00_s0.00_c0.05,20,0.0,0.0,0.05,False,26,0.1,0.1,4.413016607782671,1.5535714285714286,0.6153846153846154,16,0.42307692307692313,0.35,0.42499999999999993,0.07652595606968716,0.2927273410862131,True,0.609326923076923,0.09000000000000001,3.971714947004404,0.5538461538461539,0.09000000000000001
N30_drop0.00_s0.00_c0.00,30,0.0,0.0,0.0,False,26,0.1,0.1,4.413016607782671,1.5535714285714286,0.6153846153846154,16,0.42307692307692313,0.35,0.42499999999999993,0.07652595606968716,0.2927273410862131,True,0.609326923076923,0.09000000000000001,3.971714947004404,0.5538461538461539,0.09000000000000001
N30_drop0.00_s0.00_c0.05,30,0.0,0.0,0.05,False,26,0.1,0.1,4.413016607782671,1.5535714285714286,0.6153846153846154,16,0.42307692307692313,0.35,0.42499999999999993,0.07651929202589475,0.2927523413506719,True,0.609326923076923,0.09000000000000001,3.971714947004404,0.5538461538461539,0.09000000000000001
N50_drop0.00_s0.00_c0.00,50,0.0,0.0,0.0,False,26,0.1,0.1,4.413016607782671,1.5535714285714286,0.6153846153846154,16,0.42307692307692313,0.35,0.42499999999999993,0.07652595606968716,0.2927273410862131,True,0.609326923076923,0.09000000000000001,3.971714947004404,0.5538461538461539,0.09000000000000001
N75_drop0.00_s0.00_c0.00,75,0.0,0.0,0.0,False,26,0.1,0.1,4.413016607782671,1.5535714285714286,0.6153846153846154,16,0.42307692307692313,0.35,0.42499999999999993,0.07652595606968716,0.2927273410862131,True,0.609326923076923,0.09000000000000001,3.971714947004404,0.5538461538461539,0.09000000000000001
N100_drop0.00_s0.00_c0.00,100,0.0,0.0,0.0,False,26,0.1,0.1,4.413016607782671,1.5535714285714286,0.6153846153846154,16,0.42307692307692313,0.35,0.42499999999999993,0.07652595606968716,0.2927273410862131,True,0.609326923076923,0.09000000000000001,3.971714947004404,0.5538461538461539,0.09000000000000001
N30_drop0.10_s0.05_c0.10,30,0.1,0.05,0.1,False,26,0.10384615384615387,0.1,4.420307586544238,2.0846846846846847,0.6153846153846154,16,0.4269230769230769,0.35,0.39999999999999997,0.07548636270472335,0.2847281204702202,True,0.6094230769230768,0.09000000000000001,3.971714947004404,0.5538461538461539,0.09000000000000001
N20_drop0.00_s0.10_c0.05,20,0.0,0.1,0.05,False,26,0.10384615384615387,0.1,4.454710301476365,2.0846846846846847,0.6153846153846154,16,0.4307692307692308,0.35,0.37499999999999994,0.07652356556283033,0.2920116093561029,True,0.6095192307692308,0.09000000000000001,3.971714947004404,0.5538461538461539,0.09000000000000001
N30_drop0.10_s0.10_c0.15,30,0.1,0.1,0.15,False,26,0.1,0.1,4.330544874679831,1.5985294117647058,0.5769230769230769,15,0.4307692307692308,0.35,0.375,0.07542515799264253,0.2831313412515694,True,0.6095192307692308,0.09000000000000001,3.971714947004404,0.5538461538461539,0.09000000000000001
N75_drop0.00_s0.00_c0.15,75,0.0,0.0,0.15,False,26,0.09615384615384616,0.1,4.299964355530418,1.476923076923077,0.5769230769230769,15,0.4307692307692308,0.35,0.375,0.07634308804415842,0.29471397148921846,True,0.6095192307692308,0.09000000000000001,3.971714947004404,0.5538461538461539,0.09000000000000001
N20_drop0.20_s0.20_c0.05,20,0.2,0.2,0.05,False,26,0.11153846153846156,0.1,4.725281131517783,2.2440677966101696,0.6923076923076923,18,0.43076923076923074,0.3,0.49999999999999994,0.07492140769140267,0.2805098310727028,True,0.6107692307692307,0.09000000000000001,3.971714947004404,0.5538461538461539,0.09000000000000001
N20_drop0.30_s0.05_c0.15,20,0.3,0.05,0.15,False,26,0.1,0.1,4.308125669332909,2.0846846846846847,0.5769230769230769,15,0.43076923076923074,0.3,0.49999999999999994,0.07436567494641098,0.2754442858375279,True,0.6107692307692307,0.09000000000000001,3.971714947004404,0.5538461538461539,0.09000000000000001
N30_drop0.00_s0.15_c0.05,30,0.0,0.15,0.05,False,26,0.10384615384615387,0.1,4.454710301476365,2.0846846846846847,0.6153846153846154,16,0.42692307692307696,0.4,0.3,0.07647386474253864,0.2898007205048252,True,0.611923076923077,0.09000000000000001,3.971714947004404,0.5538461538461539,0.09000000000000001
N30_drop0.00_s0.15_c0.10,30,0.0,0.15,0.1,False,26,0.10384615384615387,0.1,4.454710301476365,2.0846846846846847,0.6153846153846154,16,0.42692307692307696,0.4,0.3,0.07642217130483334,0.2889259298546153,True,0.611923076923077,0.09000000000000001,3.971714947004404,0.5538461538461539,0.09000000000000001
N50_drop0.00_s0.10_c0.05,50,0.0,0.1,0.05,False,26,0.10384615384615387,0.1,4.454710301476365,2.0846846846846847,0.6153846153846154,16,0.42692307692307696,0.4,0.3,0.07645736933704841,0.28963389562306624,True,0.611923076923077,0.09000000000000001,3.971714947004404,0.5538461538461539,0.09000000000000001
N30_drop0.00_s0.20_c0.05,30,0.0,0.2,0.05,False,26,0.10384615384615385,0.1,4.532206848871217,2.0846846846846847,0.6153846153846154,16,0.42692307692307696,0.4,0.3,0.07640083214983323,0.2882691009433841,True,0.611923076923077,0.09000000000000001,3.971714947004404,0.5538461538461539,0.09000000000000001
N75_drop0.00_s0.10_c0.00,75,0.0,0.1,0.0,False,26,0.10384615384615385,0.1,4.532206848871217,2.0846846846846847,0.6153846153846154,16,0.42692307692307696,0.4,0.3,0.07640975305286199,0.287328988181562,True,0.611923076923077,0.09000000000000001,3.971714947004404,0.5538461538461539,0.09000000000000001
N30_drop0.00_s0.20_c0.10,30,0.0,0.2,0.1,False,26,0.09615384615384617,0.1,4.329147589611957,1.5535714285714286,0.5769230769230769,15,0.42692307692307696,0.4,0.3,0.07633402194918268,0.2873530534402344,True,0.611923076923077,0.09000000000000001,3.971714947004404,0.5538461538461539,0.09000000000000001
N20_drop0.40_s0.10_c0.05,20,0.4,0.1,0.05,False,26,0.10000000000000002,0.1,4.299506621713862,2.0846846846846847,0.5769230769230769,15,0.4076923076923077,0.35,0.5499999999999999,0.07387436348653906,0.2733081059686468,True,0.6126923076923076,0.09000000000000001,3.971714947004404,0.5538461538461539,0.09000000000000001
N20_drop0.40_s0.10_c0.10,20,0.4,0.1,0.1,False,26,0.10000000000000002,0.1,4.299506621713862,2.0846846846846847,0.5769230769230769,15,0.4076923076923077,0.35,0.5499999999999999,0.07387431919574176,0.2733081059686468,True,0.6126923076923076,0.09000000000000001,3.971714947004404,0.5538461538461539,0.09000000000000001
N20_drop0.40_s0.15_c0.10,20,0.4,0.15,0.1,False,26,0.10000000000000002,0.1,4.299506621713862,2.0846846846846847,0.5769230769230769,15,0.4076923076923077,0.35,0.5499999999999999,0.07387431919574176,0.2733081059686468,True,0.6126923076923076,0.09000000000000001,3.971714947004404,0.5538461538461539,0.09000000000000001
N50_drop0.20_s0.05_c0.00,50,0.2,0.05,0.0,False,26,0.1,0.1,4.433862957468502,2.0846846846846847,0.5769230769230769,15,0.41538461538461535,0.35,0.49999999999999994,0.07471195505315706,0.27562499211540253,True,0.6128846153846153,0.09000000000000001,3.971714947004404,0.5538461538461539,0.09000000000000001
N100_drop0.10_s0.10_c0.10,100,0.1,0.1,0.1,False,26,0.09615384615384616,0.1,4.264706239742891,1.5985294117647058,0.5769230769230769,15,0.4153846153846154,0.35,0.49999999999999994,0.07462456439408899,0.2726459150710605,True,0.6128846153846154,0.09000000000000001,3.971714947004404,0.5538461538461539,0.09000000000000001
N75_drop0.10_s0.05_c0.10,75,0.1,0.05,0.1,False,26,0.11153846153846153,0.1,4.677329557667904,2.2153846153846155,0.6538461538461539,17,0.4192307692307693,0.35,0.4749999999999999,0.07485815064943878,0.2770101857223594,True,0.6129807692307692,0.09000000000000001,3.971714947004404,0.5538461538461539,0.09000000000000001
N20_drop0.10_s0.20_c0.05,20,0.1,0.2,0.05,False,26,0.11153846153846156,0.1,4.725281131517783,2.2440677966101696,0.6923076923076923,18,0.4230769230769231,0.35,0.4499999999999999,0.0757414317370261,0.283380950045943,True,0.6130769230769231,0.09000000000000001,3.971714947004404,0.5538461538461539,0.09000000000000001
N30_drop0.10_s0.15_c0.00,30,0.1,0.15,0.0,False,26,0.11153846153846156,0.1,4.725281131517783,2.2440677966101696,0.6923076923076923,18,0.4230769230769231,0.35,0.4499999999999999,0.07547455384185257,0.2828312682995004,True,0.6130769230769231,0.09000000000000001,3.971714947004404,0.5538461538461539,0.09000000000000001
N50_drop0.10_s0.05_c0.15,50,0.1,0.05,0.15,False,26,0.10000000000000002,0.1,4.2739742532109055,1.5985294117647058,0.5769230769230769,15,0.4230769230769231,0.35,0.4499999999999999,0.07513087232454853,0.28174571944536536,True,0.6130769230769231,0.09000000000000001,3.971714947004404,0.5538461538461539,0.09000000000000001
N20_drop0.10_s0.15_c0.15,20,0.1,0.15,0.15,False,26,0.1,0.1,4.330544874679831,1.5985294117647058,0.5769230769230769,15,0.43076923076923074,0.35,0.39999999999999997,0.07573637955549241,0.28369797407326947,True,0.6132692307692307,0.09000000000000001,3.971714947004404,0.5538461538461539,0.09000000000000001
N50_drop0.00_s0.15_c0.05,50,0.0,0.15,0.05,False,26,0.10384615384615385,0.1,4.532206848871217,2.0846846846846847,0.6153846153846154,16,0.4192307692307693,0.4,0.375,0.07636010267004636,0.28560248132532806,True,0.6154807692307693,0.09000000000000001,3.971714947004404,0.5538461538461539,0.09000000000000001
N100_drop0.00_s0.10_c0.00,100,0.0,0.1,0.0,False,26,0.10384615384615385,0.1,4.532206848871217,2.0846846846846847,0.6153846153846154,16,0.4192307692307693,0.4,0.375,0.07632766510740577,0.2842554005015582,True,0.6154807692307693,0.09000000000000001,3.971714947004404,0.5538461538461539,0.09000000000000001
N20_drop0.00_s0.10_c0.10,20,0.0,0.1,0.1,False,26,0.10384615384615387,0.1,4.454710301476365,2.0846846846846847,0.6153846153846154,16,0.4307692307692308,0.4,0.3,0.0765141982210955,0.2918100429855905,True,0.6157692307692308,0.09000000000000001,3.971714947004404,0.5538461538461539,0.09000000000000001
N20_drop0.00_s0.20_c0.00,20,0.0,0.2,0.0,False,26,0.10384615384615387,0.1,4.454710301476365,2.0846846846846847,0.6153846153846154,16,0.4307692307692308,0.4,0.3,0.07647089644236202,0.28972420609714117,True,0.6157692307692308,0.09000000000000001,3.971714947004404,0.5538461538461539,0.09000000000000001
N20_drop0.00_s0.20_c0.05,20,0.0,0.2,0.05,False,26,0.10384615384615387,0.1,4.454710301476365,2.0846846846846847,0.6153846153846154,16,0.4307692307692308,0.4,0.3,0.0764763279273652,0.28987095880358893,True,0.6157692307692308,0.09000000000000001,3.971714947004404,0.5538461538461539,0.09000000000000001
N30_drop0.00_s0.15_c0.00,30,0.0,0.15,0.0,False,26,0.10384615384615387,0.1,4.454710301476365,2.0846846846846847,0.6153846153846154,16,0.4307692307692308,0.4,0.3,0.07648365658308728,0.29004480582588593,True,0.6157692307692308,0.09000000000000001,3.971714947004404,0.5538461538461539,0.09000000000000001
N75_drop0.00_s0.05_c0.00,75,0.0,0.05,0.0,False,26,0.10384615384615387,0.1,4.454710301476365,2.0846846846846847,0.6153846153846154,16,0.4307692307692308,0.4,0.3,0.07648365658308728,0.29004480582588593,True,0.6157692307692308,0.09000000000000001,3.971714947004404,0.5538461538461539,0.09000000000000001
N50_drop0.00_s0.10_c0.00,50,0.0,0.1,0.0,False,26,0.10384615384615385,0.1,4.532206848871217,2.0846846846846847,0.6153846153846154,16,0.4307692307692308,0.4,0.3,0.07646844300306163,0.2894260655311729,True,0.6157692307692308,0.09000000000000001,3.971714947004404,0.5538461538461539,0.09000000000000001
N100_drop0.00_s0.05_c0.00,100,0.0,0.05,0.0,False,26,0.10384615384615385,0.1,4.532206848871217,2.0846846846846847,0.6153846153846154,16,0.4307692307692308,0.4,0.3,0.07646510170974136,0.28932038897524115,True,0.6157692307692308,0.09000000000000001,3.971714947004404,0.5538461538461539,0.09000000000000001
N30_drop0.00_s0.15_c0.15,30,0.0,0.15,0.15,False,26,0.09615384615384617,0.1,4.329147589611957,1.5535714285714286,0.5769230769230769,15,0.4307692307692308,0.4,0.3,0.07633010575540733,0.2879587760605443,True,0.6157692307692308,0.09000000000000001,3.971714947004404,0.5538461538461539,0.09000000000000001
N50_drop0.00_s0.10_c0.10,50,0.0,0.1,0.1,False,26,0.09615384615384617,0.1,4.329147589611957,1.5535714285714286,0.5769230769230769,15,0.4307692307692308,0.4,0.3,0.07638913970720557,0.2879999701962151,True,0.6157692307692308,0.09000000000000001,3.971714947004404,0.5538461538461539,0.09000000000000001
N20_drop0.00_s0.10_c0.15,20,0.0,0.1,0.15,False,26,0.1,0.1,4.364947589611957,1.5535714285714286,0.5769230769230769,15,0.4346153846153846,0.4,0.27499999999999997,0.07647357870514071,0.2917752720179378,True,0.6158653846153846,0.09000000000000001,3.971714947004404,0.5538461538461539,0.09000000000000001
N50_drop0.00_s0.05_c0.10,50,0.0,0.05,0.1,False,26,0.1,0.1,4.364947589611957,1.5535714285714286,0.5769230769230769,15,0.4346153846153846,0.4,0.27499999999999997,0.0764567391328803,0.2915812155351708,True,0.6158653846153846,0.09000000000000001,3.971714947004404,0.5538461538461539,0.09000000000000001
N75_drop0.10_s0.10_c0.05,75,0.1,0.1,0.05,False,26,0.1076923076923077,0.1,4.587566845803497,2.2153846153846155,0.6538461538461539,17,0.40769230769230774,0.35,0.575,0.07480624363507521,0.27633140933182065,True,0.6164423076923078,0.09000000000000001,3.971714947004404,0.5538461538461539,0.09000000000000001
N75_drop0.10_s0.05_c0.05,75,0.1,0.05,0.05,False,26,0.1076923076923077,0.1,4.587566845803497,2.2153846153846155,0.6538461538461539,17,0.4192307692307693,0.35,0.49999999999999994,0.07488773496998392,0.2773336118260527,True,0.6167307692307692,0.09000000000000001,3.971714947004404,0.5538461538461539,0.09000000000000001
N50_drop0.20_s0.05_c0.05,50,0.2,0.05,0.05,False,26,0.1,0.1,4.433862957468502,2.0846846846846847,0.5769230769230769,15,0.41923076923076924,0.35,0.49999999999999994,0.07470984061240617,0.275542985061186,True,0.6167307692307692,0.09000000000000001,3.971714947004404,0.5538461538461539,0.09000000000000001
N50_drop0.20_s0.10_c0.05,50,0.2,0.1,0.05,False,26,0.1,0.1,4.433862957468502,2.0846846846846847,0.5769230769230769,15,0.41923076923076924,0.35,0.49999999999999994,0.07470046853923774,0.2751537406157193,True,0.6167307692307692,0.09000000000000001,3.971714947004404,0.5538461538461539,0.09000000000000001
N50_drop0.20_s0.15_c0.15,50,0.2,0.15,0.15,False,26,0.1,0.1,4.4054335124701645,2.0846846846846847,0.6153846153846154,16,0.41923076923076924,0.35,0.49999999999999994,0.07441735983329133,0.2720748343265463,True,0.6167307692307692,0.09000000000000001,3.971714947004404,0.5538461538461539,0.09000000000000001
N20_drop0.20_s0.05_c0.05,20,0.2,0.05,0.05,False,26,0.1076923076923077,0.1,4.587566845803497,2.2153846153846155,0.6538461538461539,17,0.4230769230769231,0.35,0.4749999999999999,0.07496704772743877,0.28276923741845417,True,0.616826923076923,0.09000000000000001,3.971714947004404,0.5538461538461539,0.09000000000000001
N20_drop0.20_s0.10_c0.15,20,0.2,0.1,0.15,False,26,0.1076923076923077,0.1,4.587566845803497,2.2153846153846155,0.6538461538461539,17,0.42692307692307696,0.35,0.4499999999999999,0.07496082962362825,0.2824793337803988,True,0.6169230769230769,0.09000000000000001,3.971714947004404,0.5538461538461539,0.09000000000000001
N30_drop0.20_s0.05_c0.15,30,0.2,0.05,0.15,False,26,0.10384615384615387,0.1,4.420307586544238,2.0846846846846847,0.6153846153846154,16,0.42692307692307696,0.35,0.4499999999999999,0.0747705939938703,0.2776438738426489,True,0.6169230769230769,0.09000000000000001,3.971714947004404,0.5538461538461539,0.09000000000000001
N20_drop0.00_s0.05_c0.15,20,0.0,0.05,0.15,False,26,0.1,0.1,4.364947589611957,1.5535714285714286,0.5769230769230769,15,0.4307692307692308,0.35,0.42499999999999993,0.07647508022817505,0.2925362391758013,True,0.6170192307692307,0.09000000000000001,3.971714947004404,0.5538461538461539,0.09000000000000001
N50_drop0.00_s0.00_c0.05,50,0.0,0.0,0.05,False,26,0.09615384615384617,0.1,4.323253895918263,1.476923076923077,0.5769230769230769,15,0.4307692307692308,0.35,0.42499999999999993,0.07651416280586384,0.2932693293826257,True,0.6170192307692307,0.09000000000000001,3.971714947004404,0.5538461538461539,0.09000000000000001
N75_drop0.00_s0.00_c0.05,75,0.0,0.0,0.05,False,26,0.09615384615384617,0.1,4.323253895918263,1.476923076923077,0.5769230769230769,15,0.4307692307692308,0.35,0.42499999999999993,0.07649791437798101,0.2932693293826257,True,0.6170192307692307,0.09000000000000001,3.971714947004404,0.5538461538461539,0.09000000000000001
N100_drop0.00_s0.00_c0.05,100,0.0,0.0,0.05,False,26,0.09615384615384617,0.1,4.323253895918263,1.476923076923077,0.5769230769230769,15,0.4307692307692308,0.35,0.42499999999999993,0.07649791437798101,0.2932693293826257,True,0.6170192307692307,0.09000000000000001,3.971714947004404,0.5538461538461539,0.09000000000000001
N50_drop0.10_s0.05_c0.05,50,0.1,0.05,0.05,False,26,0.10384615384615387,0.1,4.420307586544238,2.0846846846846847,0.6153846153846154,16,0.4230769230769231,0.4,0.37499999999999994,0.07527713815524358,0.2817920450825793,True,0.619326923076923,0.09000000000000001,3.971714947004404,0.5538461538461539,0.09000000000000001
N30_drop0.10_s0.15_c0.10,30,0.1,0.15,0.1,False,26,0.10384615384615385,0.1,4.49780413393909,2.0846846846846847,0.6153846153846154,16,0.4230769230769231,0.4,0.37499999999999994,0.0754191591932818,0.282677652762018,True,0.619326923076923,0.09000000000000001,3.971714947004404,0.5538461538461539,0.09000000000000001
N75_drop0.00_s0.10_c0.05,75,0.0,0.1,0.05,False,26,0.10384615384615385,0.1,4.532206848871217,2.0846846846846847,0.6153846153846154,16,0.42307692307692313,0.4,0.375,0.07641311125060386,0.28819702826740745,True,0.6193269230769232,0.09000000000000001,3.971714947004404,0.5538461538461539,0.09000000000000001
N100_drop0.00_s0.10_c0.05,100,0.0,0.1,0.05,False,26,0.09615384615384617,0.1,4.427325767790136,2.0846846846846847,0.6153846153846154,16,0.42307692307692313,0.4,0.375,0.07615829456875159,0.2825014025557779,True,0.6193269230769232,0.09000000000000001,3.971714947004404,0.5538461538461539,0.09000000000000001
N50_drop0.00_s0.05_c0.15,50,0.0,0.05,0.15,False,26,0.10384615384615387,0.1,4.4340286706930385,1.5535714285714286,0.5769230769230769,15,0.42692307692307696,0.4,0.35,0.07641458272909918,0.29106225787108075,True,0.619423076923077,0.09000000000000001,3.971714947004404,0.5538461538461539,0.09000000000000001
N20_drop0.00_s0.15_c0.15,20,0.0,0.15,0.15,False,26,0.10384615384615387,0.1,4.454710301476365,2.0846846846846847,0.6153846153846154,16,0.4346153846153846,0.4,0.3,0.0764540249336163,0.29028259054029715,True,0.6196153846153847,0.09000000000000001,3.971714947004404,0.5538461538461539,0.09000000000000001
N75_drop0.00_s0.05_c0.10,75,0.0,0.05,0.1,False,26,0.10384615384615387,0.1,4.4340286706930385,1.5535714285714286,0.5769230769230769,15,0.4346153846153846,0.4,0.3,0.07643615140805086,0.2904149977750779,True,0.6196153846153847,0.09000000000000001,3.971714947004404,0.5538461538461539,0.09000000000000001
N30_drop0.00_s0.10_c0.15,30,0.0,0.1,0.15,False,26,0.1,0.1,4.364947589611957,1.5535714285714286,0.5769230769230769,15,0.4346153846153846,0.4,0.3,0.0764430491033635,0.290448288744084,True,0.6196153846153847,0.09000000000000001,3.971714947004404,0.5538461538461539,0.09000000000000001
N20_drop0.00_s0.15_c0.00,20,0.0,0.15,0.0,False,26,0.10384615384615387,0.1,4.454710301476365,2.0846846846846847,0.6153846153846154,16,0.43461538461538474,0.4,0.3,0.07651808315215126,0.2906912088141199,True,0.6196153846153848,0.09000000000000001,3.971714947004404,0.5538461538461539,0.09000000000000001
N20_drop0.00_s0.15_c0.05,20,0.0,0.15,0.05,False,26,0.10384615384615387,0.1,4.454710301476365,2.0846846846846847,0.6153846153846154,16,0.43461538461538474,0.4,0.3,0.07648886707236037,0.2903479766316135,True,0.6196153846153848,0.09000000000000001,3.971714947004404,0.5538461538461539,0.09000000000000001
N20_drop0.00_s0.15_c0.10,20,0.0,0.15,0.1,False,26,0.10384615384615387,0.1,4.454710301476365,2.0846846846846847,0.6153846153846154,16,0.43461538461538474,0.4,0.3,0.07647909651010623,0.2904498400878027,True,0.6196153846153848,0.09000000000000001,3.971714947004404,0.5538461538461539,0.09000000000000001
N30_drop0.00_s0.10_c0.00,30,0.0,0.1,0.0,False,26,0.10384615384615387,0.1,4.454710301476365,2.0846846846846847,0.6153846153846154,16,0.43461538461538474,0.4,0.3,0.07651808315215126,0.2906912088141199,True,0.6196153846153848,0.09000000000000001,3.971714947004404,0.5538461538461539,0.09000000000000001
N75_drop0.00_s0.05_c0.05,75,0.0,0.05,0.05,False,26,0.1,0.1,4.364947589611957,1.5535714285714286,0.5769230769230769,15,0.43461538461538474,0.4,0.3,0.07647897833968562,0.29035704225108644,True,0.6196153846153848,0.09000000000000001,3.971714947004404,0.5538461538461539,0.09000000000000001
N20_drop0.20_s0.15_c0.10,20,0.2,0.15,0.1,False,26,0.1076923076923077,0.1,4.587566845803497,2.2153846153846155,0.6538461538461539,17,0.42692307692307696,0.35,0.4749999999999999,0.07492306551207659,0.28065987112362567,True,0.6206730769230768,0.09000000000000001,3.971714947004404,0.5538461538461539,0.09000000000000001
N30_drop0.20_s0.10_c0.10,30,0.2,0.1,0.1,False,26,0.1076923076923077,0.1,4.587566845803497,2.2153846153846155,0.6538461538461539,17,0.42692307692307696,0.35,0.4749999999999999,0.07477260667746043,0.2772774678226465,True,0.6206730769230768,0.09000000000000001,3.971714947004404,0.5538461538461539,0.09000000000000001
N30_drop0.20_s0.10_c0.15,30,0.2,0.1,0.15,False,26,0.1076923076923077,0.1,4.587566845803497,2.2153846153846155,0.6538461538461539,17,0.42692307692307696,0.35,0.4749999999999999,0.07473572277647532,0.2769865641776501,True,0.6206730769230768,0.09000000000000001,3.971714947004404,0.5538461538461539,0.09000000000000001
N30_drop0.20_s0.15_c0.15,30,0.2,0.15,0.15,False,26,0.10384615384615385,0.1,4.551766845803497,2.2153846153846155,0.6538461538461539,17,0.42692307692307696,0.35,0.4749999999999999,0.07466436540616682,0.2757332159824861,True,0.6206730769230768,0.09000000000000001,3.971714947004404,0.5538461538461539,0.09000000000000001
N50_drop0.00_s0.00_c0.10,50,0.0,0.0,0.1,False,26,0.1,0.1,4.3923349769993445,1.476923076923077,0.5769230769230769,15,0.4346153846153846,0.35,0.42499999999999993,0.07647404428669859,0.2933773783457179,True,0.6208653846153845,0.09000000000000001,3.971714947004404,0.5538461538461539,0.09000000000000001
N75_drop0.00_s0.00_c0.10,75,0.0,0.0,0.1,False,26,0.1,0.1,4.3923349769993445,1.476923076923077,0.5769230769230769,15,0.4346153846153846,0.35,0.42499999999999993,0.07644133644319359,0.29363892253409113,True,0.6208653846153845,0.09000000000000001,3.971714947004404,0.5538461538461539,0.09000000000000001
N100_drop0.00_s0.00_c0.10,100,0.0,0.0,0.1,False,26,0.1,0.1,4.3923349769993445,1.476923076923077,0.5769230769230769,15,0.4346153846153846,0.35,0.42499999999999993,0.07644133644319359,0.29363892253409113,True,0.6208653846153845,0.09000000000000001,3.971714947004404,0.5538461538461539,0.09000000000000001
N20_drop0.00_s0.00_c0.15,20,0.0,0.0,0.15,False,26,0.1,0.1,4.364947589611957,1.5535714285714286,0.5769230769230769,15,0.4346153846153846,0.35,0.42499999999999993,0.07650318306661488,0.29330992954914437,True,0.6208653846153845,0.09000000000000001,3.971714947004404,0.5538461538461539,0.09000000000000001
N20_drop0.00_s0.00_c0.10,20,0.0,0.0,0.1,False,26,0.09615384615384617,0.1,4.323253895918263,1.476923076923077,0.5769230769230769,15,0.4346153846153846,0.35,0.42499999999999993,0.07650703910044174,0.2933268116142599,True,0.6208653846153845,0.09000000000000001,3.971714947004404,0.5538461538461539,0.09000000000000001
N30_drop0.00_s0.00_c0.10,30,0.0,0.0,0.1,False,26,0.09615384615384617,0.1,4.323253895918263,1.476923076923077,0.5769230769230769,15,0.4346153846153846,0.35,0.42499999999999993,0.07650610702169351,0.29359863978818684,True,0.6208653846153845,0.09000000000000001,3.971714947004404,0.5538461538461539,0.09000000000000001
N30_drop0.00_s0.00_c0.15,30,0.0,0.0,0.15,False,26,0.09615384615384617,0.1,4.323253895918263,1.476923076923077,0.5769230769230769,15,0.4346153846153846,0.35,0.42499999999999993,0.07645825270581351,0.29299392639421445,True,0.6208653846153845,0.09000000000000001,3.971714947004404,0.5538461538461539,0.09000000000000001
N50_drop0.00_s0.20_c0.00,50,0.0,0.2,0.0,False,26,0.10384615384615387,0.1,4.634121134585502,2.685,0.6538461538461539,17,0.4230769230769231,0.4,0.39999999999999997,0.07612917737072168,0.28194862456832215,True,0.623076923076923,0.09000000000000001,3.971714947004404,0.5538461538461539,0.09000000000000001
N50_drop0.00_s0.20_c0.10,50,0.0,0.2,0.1,False,26,0.1,0.1,4.496406848871216,2.0846846846846847,0.6153846153846154,16,0.4230769230769231,0.4,0.39999999999999997,0.07600192191729085,0.2819473944248658,True,0.623076923076923,0.09000000000000001,3.971714947004404,0.5538461538461539,0.09000000000000001
N20_drop0.20_s0.10_c0.05,20,0.2,0.1,0.05,False,26,0.1076923076923077,0.1,4.587566845803497,2.2153846153846155,0.6538461538461539,17,0.42692307692307685,0.35,0.49999999999999994,0.0749590934092511,0.28236730801279797,True,0.6244230769230767,0.09000000000000001,3.971714947004404,0.5538461538461539,0.09000000000000001
N30_drop0.20_s0.20_c0.00,30,0.2,0.2,0.0,False,26,0.11153846153846156,0.1,4.725281131517783,2.2440677966101696,0.6923076923076923,18,0.42692307692307696,0.35,0.49999999999999994,0.07472729742079527,0.2760256037804562,True,0.6244230769230769,0.09000000000000001,3.971714947004404,0.5538461538461539,0.09000000000000001
N20_drop0.30_s0.20_c0.00,20,0.3,0.2,0.0,False,26,0.10384615384615387,0.1,4.4458399550471945,2.2153846153846155,0.6153846153846154,16,0.42692307692307696,0.35,0.49999999999999994,0.07436324897156922,0.2747092551292818,True,0.6244230769230769,0.09000000000000001,3.971714947004404,0.5538461538461539,0.09000000000000001
N20_drop0.20_s0.10_c0.10,20,0.2,0.1,0.1,False,26,0.1076923076923077,0.1,4.587566845803497,2.2153846153846155,0.6538461538461539,17,0.4307692307692308,0.35,0.4749999999999999,0.07495730475103286,0.28220237884760446,True,0.6245192307692307,0.09000000000000001,3.971714947004404,0.5538461538461539,0.09000000000000001
N20_drop0.20_s0.20_c0.10,20,0.2,0.2,0.1,False,26,0.10384615384615385,0.1,4.49780413393909,2.0846846846846847,0.6153846153846154,16,0.43076923076923074,0.35,0.4749999999999999,0.07490987630845401,0.2802194155674147,True,0.6245192307692307,0.09000000000000001,3.971714947004404,0.5538461538461539,0.09000000000000001
N100_drop0.10_s0.10_c0.05,100,0.1,0.1,0.05,False,26,0.1,0.1,4.46200413393909,2.0846846846846847,0.6153846153846154,16,0.4115384615384616,0.4,0.49999999999999994,0.07469229924785822,0.2727396438545817,True,0.6265384615384615,0.09000000000000001,3.971714947004404,0.5538461538461539,0.09000000000000001
N75_drop0.10_s0.15_c0.00,75,0.1,0.15,0.0,False,26,0.10384615384615387,0.1,4.599718419653376,2.2153846153846155,0.6538461538461539,17,0.4153846153846154,0.4,0.475,0.07462640085416819,0.2725848376696848,True,0.6266346153846154,0.09000000000000001,3.971714947004404,0.5538461538461539,0.09000000000000001
N20_drop0.10_s0.10_c0.10,20,0.1,0.1,0.1,False,26,0.10384615384615387,0.1,4.420307586544238,2.0846846846846847,0.6153846153846154,16,0.4269230769230769,0.4,0.39999999999999997,0.07574916651803106,0.2847214399646724,True,0.6269230769230768,0.09000000000000001,3.971714947004404,0.5538461538461539,0.09000000000000001
N50_drop0.00_s0.20_c0.05,50,0.0,0.2,0.05,False,26,0.1,0.1,4.496406848871216,2.0846846846846847,0.6153846153846154,16,0.4269230769230769,0.4,0.39999999999999997,0.07610389884265338,0.2817497400343561,True,0.6269230769230768,0.09000000000000001,3.971714947004404,0.5538461538461539,0.09000000000000001
N75_drop0.00_s0.15_c0.05,75,0.0,0.15,0.05,False,26,0.1,0.1,4.496406848871216,2.0846846846846847,0.6153846153846154,16,0.4269230769230769,0.4,0.39999999999999997,0.07609511239399933,0.2817050158015167,True,0.6269230769230768,0.09000000000000001,3.971714947004404,0.5538461538461539,0.09000000000000001
N75_drop0.00_s0.05_c0.15,75,0.0,0.05,0.15,False,26,0.10000000000000002,0.1,4.341658049224112,1.5535714285714286,0.5769230769230769,15,0.4307692307692308,0.4,0.375,0.07625657127665796,0.2895210812045722,True,0.6270192307692308,0.09000000000000001,3.971714947004404,0.5538461538461539,0.09000000000000001
N30_drop0.00_s0.10_c0.10,30,0.0,0.1,0.1,False,26,0.1,0.1,4.364947589611957,1.5535714285714286,0.5769230769230769,15,0.4423076923076923,0.4,0.3,0.07647401852488346,0.29054423871019625,True,0.6273076923076923,0.09000000000000001,3.971714947004404,0.5538461538461539,0.09000000000000001
N50_drop0.20_s0.10_c0.10,50,0.2,0.1,0.1,False,26,0.1,0.1,4.487825669332909,2.2153846153846155,0.6153846153846154,16,0.41923076923076924,0.35,0.575,0.07464728409466824,0.2741147192583322,True,0.6279807692307693,0.09000000000000001,3.971714947004404,0.5538461538461539,0.09000000000000001
N50_drop0.20_s0.10_c0.15,50,0.2,0.1,0.15,False,26,0.1,0.1,4.487825669332909,2.2153846153846155,0.6153846153846154,16,0.41923076923076924,0.35,0.575,0.07461673827759993,0.2738680582014449,True,0.6279807692307693,0.09000000000000001,3.971714947004404,0.5538461538461539,0.09000000000000001
N20_drop0.20_s0.15_c0.00,20,0.2,0.15,0.0,False,26,0.11153846153846156,0.1,4.725281131517783,2.2440677966101696,0.6923076923076923,18,0.43076923076923074,0.35,0.49999999999999994,0.07494810600966663,0.28068469680526115,True,0.6282692307692307,0.09000000000000001,3.971714947004404,0.5538461538461539,0.09000000000000001
N20_drop0.20_s0.20_c0.00,20,0.2,0.2,0.0,False,26,0.11153846153846156,0.1,4.725281131517783,2.2440677966101696,0.6923076923076923,18,0.43076923076923074,0.35,0.49999999999999994,0.07492202330549692,0.280444103312596,True,0.6282692307692307,0.09000000000000001,3.971714947004404,0.5538461538461539,0.09000000000000001
N30_drop0.20_s0.20_c0.05,30,0.2,0.2,0.05,False,26,0.11153846153846156,0.1,4.725281131517783,2.2440677966101696,0.6923076923076923,18,0.4307692307692308,0.35,0.49999999999999994,0.07472689376059834,0.2763414458503158,True,0.6282692307692307,0.09000000000000001,3.971714947004404,0.5538461538461539,0.09000000000000001
N20_drop0.20_s0.15_c0.05,20,0.2,0.15,0.05,False,26,0.1076923076923077,0.1,4.587566845803497,2.2153846153846155,0.6538461538461539,17,0.43076923076923074,0.35,0.49999999999999994,0.07495382133751854,0.28069757222092584,True,0.6282692307692307,0.09000000000000001,3.971714947004404,0.5538461538461539,0.09000000000000001
N30_drop0.20_s0.15_c0.10,30,0.2,0.15,0.1,False,26,0.1076923076923077,0.1,4.587566845803497,2.2153846153846155,0.6538461538461539,17,0.43076923076923074,0.35,0.49999999999999994,0.07473727829186758,0.2766578667512161,True,0.6282692307692307,0.09000000000000001,3.971714947004404,0.5538461538461539,0.09000000000000001
N20_drop0.30_s0.05_c0.00,20,0.3,0.05,0.0,False,26,0.10384615384615387,0.1,4.4458399550471945,2.2153846153846155,0.6153846153846154,16,0.4307692307692308,0.35,0.49999999999999994,0.07437078997932552,0.2754149234065139,True,0.6282692307692307,0.09000000000000001,3.971714947004404,0.5538461538461539,0.09000000000000001
N20_drop0.30_s0.05_c0.05,20,0.3,0.05,0.05,False,26,0.10384615384615387,0.1,4.4458399550471945,2.2153846153846155,0.6153846153846154,16,0.4307692307692308,0.35,0.49999999999999994,0.07437078997932552,0.2754149234065139,True,0.6282692307692307,0.09000000000000001,3.971714947004404,0.5538461538461539,0.09000000000000001
N20_drop0.30_s0.10_c0.00,20,0.3,0.1,0.0,False,26,0.10384615384615387,0.1,4.4458399550471945,2.2153846153846155,0.6153846153846154,16,0.4307692307692308,0.35,0.49999999999999994,0.07437075898945794,0.2753726260332688,True,0.6282692307692307,0.09000000000000001,3.971714947004404,0.5538461538461539,0.09000000000000001
N20_drop0.30_s0.10_c0.05,20,0.3,0.1,0.05,False,26,0.10384615384615387,0.1,4.4458399550471945,2.2153846153846155,0.6153846153846154,16,0.4307692307692308,0.35,0.49999999999999994,0.07437000932899343,0.2752997064530981,True,0.6282692307692307,0.09000000000000001,3.971714947004404,0.5538461538461539,0.09000000000000001
N20_drop0.30_s0.15_c0.00,20,0.3,0.15,0.0,False,26,0.10384615384615387,0.1,4.4458399550471945,2.2153846153846155,0.6153846153846154,16,0.4307692307692308,0.35,0.49999999999999994,0.07436757430220785,0.274972198720037,True,0.6282692307692307,0.09000000000000001,3.971714947004404,0.5538461538461539,0.09000000000000001
N20_drop0.30_s0.15_c0.05,20,0.3,0.15,0.05,False,26,0.10384615384615387,0.1,4.4458399550471945,2.2153846153846155,0.6153846153846154,16,0.4307692307692308,0.35,0.49999999999999994,0.07436844049596908,0.2751245072234091,True,0.6282692307692307,0.09000000000000001,3.971714947004404,0.5538461538461539,0.09000000000000001
N20_drop0.30_s0.20_c0.05,20,0.3,0.2,0.05,False,26,0.10384615384615387,0.1,4.4458399550471945,2.2153846153846155,0.6153846153846154,16,0.4307692307692308,0.35,0.49999999999999994,0.07436110844990441,0.2750547608367457,True,0.6282692307692307,0.09000000000000001,3.971714947004404,0.5538461538461539,0.09000000000000001
N30_drop0.20_s0.20_c0.10,30,0.2,0.2,0.1,False,26,0.10384615384615385,0.1,4.551766845803497,2.2153846153846155,0.6538461538461539,17,0.43076923076923074,0.35,0.49999999999999994,0.07466660044133713,0.27541211196175525,True,0.6282692307692307,0.09000000000000001,3.971714947004404,0.5538461538461539,0.09000000000000001
N20_drop0.20_s0.15_c0.15,20,0.2,0.15,0.15,False,26,0.10384615384615385,0.1,4.49780413393909,2.0846846846846847,0.6153846153846154,16,0.4346153846153846,0.35,0.4749999999999999,0.07491203848860103,0.2808898331103171,True,0.6283653846153845,0.09000000000000001,3.971714947004404,0.5538461538461539,0.09000000000000001
N50_drop0.10_s0.15_c0.05,50,0.1,0.15,0.05,False,26,0.1076923076923077,0.1,4.635518419653376,2.2153846153846155,0.6538461538461539,17,0.41923076923076924,0.4,0.4749999999999999,0.07508108146953765,0.27922681189178733,True,0.6304807692307692,0.09000000000000001,3.971714947004404,0.5538461538461539,0.09000000000000001
N75_drop0.10_s0.10_c0.15,75,0.1,0.1,0.15,False,26,0.1,0.1,4.4054335124701645,2.0846846846846847,0.6153846153846154,16,0.4192307692307693,0.4,0.4749999999999999,0.07460376602267765,0.2749247905005338,True,0.6304807692307692,0.09000000000000001,3.971714947004404,0.5538461538461539,0.09000000000000001
N30_drop0.20_s0.00_c0.10,30,0.2,0.0,0.1,False,26,0.1076923076923077,0.1,4.587566845803497,2.2153846153846155,0.6538461538461539,17,0.4230769230769231,0.4,0.4499999999999999,0.07478393088849115,0.2777363971233544,True,0.630576923076923,0.09000000000000001,3.971714947004404,0.5538461538461539,0.09000000000000001
N30_drop0.10_s0.15_c0.05,30,0.1,0.15,0.05,False,26,0.10384615384615385,0.1,4.49780413393909,2.0846846846846847,0.6153846153846154,16,0.4230769230769231,0.4,0.4499999999999999,0.0754380673345491,0.2825299249058953,True,0.630576923076923,0.09000000000000001,3.971714947004404,0.5538461538461539,0.09000000000000001
N30_drop0.00_s0.05_c0.15,30,0.0,0.05,0.15,False,26,0.1,0.1,4.364947589611957,1.5535714285714286,0.5769230769230769,15,0.42692307692307696,0.4,0.42499999999999993,0.07645468098024133,0.2918718584276633,True,0.630673076923077,0.09000000000000001,3.971714947004404,0.5538461538461539,0.09000000000000001
N20_drop0.10_s0.05_c0.05,20,0.1,0.05,0.05,False,26,0.10384615384615387,0.1,4.420307586544238,2.0846846846846847,0.6153846153846154,16,0.43076923076923074,0.4,0.39999999999999997,0.07576128916219362,0.2851427510744307,True,0.6307692307692306,0.09000000000000001,3.971714947004404,0.5538461538461539,0.09000000000000001
N30_drop0.10_s0.05_c0.05,30,0.1,0.05,0.05,False,26,0.10384615384615387,0.1,4.420307586544238,2.0846846846846847,0.6153846153846154,16,0.43076923076923074,0.4,0.39999999999999997,0.07549546170225765,0.2846864350996739,True,0.6307692307692306,0.09000000000000001,3.971714947004404,0.5538461538461539,0.09000000000000001
N30_drop0.10_s0.10_c0.10,30,0.1,0.1,0.1,False,26,0.10384615384615387,0.1,4.420307586544238,2.0846846846846847,0.6153846153846154,16,0.43076923076923074,0.4,0.39999999999999997,0.07547730528230476,0.28345571326313707,True,0.6307692307692306,0.09000000000000001,3.971714947004404,0.5538461538461539,0.09000000000000001
N100_drop0.00_s0.00_c0.15,100,0.0,0.0,0.15,False,26,0.09230769230769233,0.1,4.2641643555304185,1.476923076923077,0.5769230769230769,15,0.4307692307692308,0.4,0.39999999999999997,0.07631378784254093,0.29376128457878903,True,0.6307692307692307,0.09000000000000001,3.971714947004404,0.5538461538461539,0.09000000000000001
N75_drop0.00_s0.15_c0.00,75,0.0,0.15,0.0,False,26,0.10384615384615387,0.1,4.634121134585502,2.685,0.6538461538461539,17,0.4346153846153846,0.4,0.375,0.07605719116948272,0.28123974781964467,True,0.6308653846153847,0.09000000000000001,3.971714947004404,0.5538461538461539,0.09000000000000001
N50_drop0.10_s0.10_c0.10,50,0.1,0.1,0.1,False,26,0.1,0.1,4.46200413393909,2.0846846846846847,0.6153846153846154,16,0.4346153846153846,0.4,0.37499999999999994,0.07513605252247599,0.27994594078446605,True,0.6308653846153847,0.09000000000000001,3.971714947004404,0.5538461538461539,0.09000000000000001
N20_drop0.00_s0.05_c0.00,20,0.0,0.05,0.0,False,26,0.1,0.1,4.413016607782671,1.5535714285714286,0.6153846153846154,16,0.43461538461538474,0.4,0.37499999999999994,0.07652595606968716,0.29244324787751025,True,0.6308653846153848,0.09000000000000001,3.971714947004404,0.5538461538461539,0.09000000000000001
N20_drop0.00_s0.05_c0.05,20,0.0,0.05,0.05,False,26,0.1,0.1,4.413016607782671,1.5535714285714286,0.6153846153846154,16,0.43461538461538474,0.4,0.37499999999999994,0.07652595606968716,0.29247574234612805,True,0.6308653846153848,0.09000000000000001,3.971714947004404,0.5538461538461539,0.09000000000000001
N20_drop0.00_s0.10_c0.00,20,0.0,0.1,0.0,False,26,0.1,0.1,4.413016607782671,1.5535714285714286,0.6153846153846154,16,0.43461538461538474,0.4,0.37499999999999994,0.07652459994825413,0.2921427741842425,True,0.6308653846153848,0.09000000000000001,3.971714947004404,0.5538461538461539,0.09000000000000001
N30_drop0.00_s0.05_c0.00,30,0.0,0.05,0.0,False,26,0.1,0.1,4.413016607782671,1.5535714285714286,0.6153846153846154,16,0.43461538461538474,0.4,0.37499999999999994,0.07652595606968716,0.29244324787751025,True,0.6308653846153848,0.09000000000000001,3.971714947004404,0.5538461538461539,0.09000000000000001
N30_drop0.00_s0.05_c0.05,30,0.0,0.05,0.05,False,26,0.1,0.1,4.413016607782671,1.5535714285714286,0.6153846153846154,16,0.43461538461538474,0.4,0.37499999999999994,0.07652368500627574,0.2921496556694019,True,0.6308653846153848,0.09000000000000001,3.971714947004404,0.5538461538461539,0.09000000000000001
N75_drop0.20_s0.10_c0.15,75,0.2,0.1,0.15,False,26,0.10000000000000002,0.1,4.8065279434629,1.5985294117647058,0.5769230769230769,15,0.41153846153846163,0.35,0.65,0.0742782880694573,0.2723468125202978,True,0.6315384615384616,0.09000000000000001,3.971714947004404,0.5538461538461539,0.09000000000000001
N20_drop0.30_s0.05_c0.10,20,0.3,0.05,0.1,False,26,0.1,0.1,4.308125669332909,2.0846846846846847,0.5769230769230769,15,0.4346153846153846,0.35,0.49999999999999994,0.07436869490311086,0.2754108771594304,True,0.6321153846153845,0.09000000000000001,3.971714947004404,0.5538461538461539,0.09000000000000001
N20_drop0.30_s0.10_c0.10,20,0.3,0.1,0.1,False,26,0.1,0.1,4.308125669332909,2.0846846846846847,0.5769230769230769,15,0.4346153846153846,0.35,0.49999999999999994,0.0743678699619815,0.2752956602060146,True,0.6321153846153845,0.09000000000000001,3.971714947004404,0.5538461538461539,0.09000000000000001
N20_drop0.30_s0.10_c0.15,20,0.3,0.1,0.15,False,26,0.1,0.1,4.308125669332909,2.0846846846846847,0.5769230769230769,15,0.4346153846153846,0.35,0.49999999999999994,0.07436413710325421,0.275256362947763,True,0.6321153846153845,0.09000000000000001,3.971714947004404,0.5538461538461539,0.09000000000000001
N20_drop0.30_s0.15_c0.10,20,0.3,0.15,0.1,False,26,0.1,0.1,4.308125669332909,2.0846846846846847,0.5769230769230769,15,0.4346153846153846,0.35,0.49999999999999994,0.07436633211882471,0.2751627583495707,True,0.6321153846153845,0.09000000000000001,3.971714947004404,0.5538461538461539,0.09000000000000001
N20_drop0.30_s0.15_c0.15,20,0.3,0.15,0.15,False,26,0.1,0.1,4.308125669332909,2.0846846846846847,0.5769230769230769,15,0.4346153846153846,0.35,0.49999999999999994,0.07436413710325421,0.275256362947763,True,0.6321153846153845,0.09000000000000001,3.971714947004404,0.5538461538461539,0.09000000000000001
N20_drop0.30_s0.20_c0.10,20,0.3,0.2,0.1,False,26,0.1,0.1,4.308125669332909,2.0846846846846847,0.5769230769230769,15,0.4346153846153846,0.35,0.49999999999999994,0.07436630112895713,0.2751204609763256,True,0.6321153846153845,0.09000000000000001,3.971714947004404,0.5538461538461539,0.09000000000000001
N100_drop0.10_s0.05_c0.00,100,0.1,0.05,0.0,False,26,0.1076923076923077,0.1,4.587566845803497,2.2153846153846155,0.6538461538461539,17,0.42307692307692313,0.4,0.4749999999999999,0.0749614845065336,0.2766247052035227,True,0.6343269230769231,0.09000000000000001,3.971714947004404,0.5538461538461539,0.09000000000000001
N20_drop0.10_s0.15_c0.00,20,0.1,0.15,0.0,False,26,0.11153846153846156,0.1,4.725281131517783,2.2440677966101696,0.6923076923076923,18,0.4269230769230769,0.4,0.4499999999999999,0.07574777102637723,0.2835008379778782,True,0.6344230769230769,0.09000000000000001,3.971714947004404,0.5538461538461539,0.09000000000000001
N20_drop0.10_s0.20_c0.00,20,0.1,0.2,0.0,False,26,0.11153846153846156,0.1,4.725281131517783,2.2440677966101696,0.6923076923076923,18,0.4269230769230769,0.4,0.4499999999999999,0.07574777102637723,0.2835008379778782,True,0.6344230769230769,0.09000000000000001,3.971714947004404,0.5538461538461539,0.09000000000000001
N30_drop0.20_s0.00_c0.00,30,0.2,0.0,0.0,False,26,0.1076923076923077,0.1,4.587566845803497,2.2153846153846155,0.6538461538461539,17,0.42692307692307685,0.4,0.4499999999999999,0.07478716823522474,0.27791982006536586,True,0.6344230769230769,0.09000000000000001,3.971714947004404,0.5538461538461539,0.09000000000000001
N30_drop0.20_s0.00_c0.05,30,0.2,0.0,0.05,False,26,0.1076923076923077,0.1,4.587566845803497,2.2153846153846155,0.6538461538461539,17,0.42692307692307685,0.4,0.4499999999999999,0.07478716823522474,0.27791982006536586,True,0.6344230769230769,0.09000000000000001,3.971714947004404,0.5538461538461539,0.09000000000000001
N50_drop0.10_s0.05_c0.00,50,0.1,0.05,0.0,False,26,0.1076923076923077,0.1,4.587566845803497,2.2153846153846155,0.6538461538461539,17,0.4269230769230769,0.4,0.4499999999999999,0.07527526456944639,0.28148047856481256,True,0.6344230769230769,0.09000000000000001,3.971714947004404,0.5538461538461539,0.09000000000000001
N50_drop0.10_s0.10_c0.05,50,0.1,0.1,0.05,False,26,0.10384615384615385,0.1,4.49780413393909,2.0846846846846847,0.6153846153846154,16,0.4269230769230769,0.4,0.4499999999999999,0.07521310727848499,0.28079551818050574,True,0.6344230769230769,0.09000000000000001,3.971714947004404,0.5538461538461539,0.09000000000000001
N30_drop0.20_s0.00_c0.15,30,0.2,0.0,0.15,False,26,0.10384615384615387,0.1,4.420307586544238,2.0846846846846847,0.6153846153846154,16,0.42692307692307696,0.4,0.4499999999999999,0.07477556488132885,0.27794618807350185,True,0.634423076923077,0.09000000000000001,3.971714947004404,0.5538461538461539,0.09000000000000001
N30_drop0.00_s0.10_c0.05,30,0.0,0.1,0.05,False,26,0.10384615384615387,0.1,4.454710301476365,2.0846846846846847,0.6153846153846154,16,0.43846153846153846,0.4,0.37499999999999994,0.0764891790430814,0.2905836255546817,True,0.6347115384615385,0.09000000000000001,3.971714947004404,0.5538461538461539,0.09000000000000001
N50_drop0.00_s0.05_c0.00,50,0.0,0.05,0.0,False,26,0.10384615384615387,0.1,4.454710301476365,2.0846846846846847,0.6153846153846154,16,0.43846153846153846,0.4,0.37499999999999994,0.07651931006485069,0.29092685773718807,True,0.6347115384615385,0.09000000000000001,3.971714947004404,0.5538461538461539,0.09000000000000001
N30_drop0.10_s0.15_c0.15,30,0.1,0.15,0.15,False,26,0.09615384615384617,0.1,4.2947448746798305,1.5985294117647058,0.5769230769230769,15,0.43846153846153857,0.4,0.375,0.07531744685146294,0.2819670754743425,True,0.6347115384615386,0.09000000000000001,3.971714947004404,0.5538461538461539,0.09000000000000001
N30_drop0.20_s0.05_c0.05,30,0.2,0.05,0.05,False,26,0.1076923076923077,0.1,4.587566845803497,2.2153846153846155,0.6538461538461539,17,0.4269230769230769,0.4,0.4749999999999999,0.07478412262290321,0.2775330207838485,True,0.6381730769230769,0.09000000000000001,3.971714947004404,0.5538461538461539,0.09000000000000001
N50_drop0.10_s0.15_c0.15,50,0.1,0.15,0.15,False,26,0.09615384615384616,0.1,4.315670800605757,1.5985294117647058,0.5769230769230769,15,0.42692307692307696,0.4,0.4749999999999999,0.07494328559915284,0.27823386251270193,True,0.6381730769230769,0.09000000000000001,3.971714947004404,0.5538461538461539,0.09000000000000001
N30_drop0.10_s0.10_c0.00,30,0.1,0.1,0.0,False,26,0.1076923076923077,0.1,4.587566845803497,2.2153846153846155,0.6538461538461539,17,0.43076923076923074,0.4,0.4499999999999999,0.07548509659573024,0.2831386353567007,True,0.6382692307692307,0.09000000000000001,3.971714947004404,0.5538461538461539,0.09000000000000001
N20_drop0.10_s0.15_c0.05,20,0.1,0.15,0.05,False,26,0.10384615384615387,0.1,4.420307586544238,2.0846846846846847,0.6153846153846154,16,0.43076923076923074,0.4,0.4499999999999999,0.0757488994650751,0.28358240193525003,True,0.6382692307692307,0.09000000000000001,3.971714947004404,0.5538461538461539,0.09000000000000001
N30_drop0.10_s0.10_c0.05,30,0.1,0.1,0.05,False,26,0.10384615384615387,0.1,4.420307586544238,2.0846846846846847,0.6153846153846154,16,0.43076923076923074,0.4,0.4499999999999999,0.0754881015287103,0.2833474030406916,True,0.6382692307692307,0.09000000000000001,3.971714947004404,0.5538461538461539,0.09000000000000001
N30_drop0.10_s0.20_c0.10,30,0.1,0.2,0.1,False,26,0.1,0.1,4.46200413393909,2.0846846846846847,0.6153846153846154,16,0.4346153846153846,0.4,0.42499999999999993,0.07532963635013609,0.28126433269096657,True,0.6383653846153846,0.09000000000000001,3.971714947004404,0.5538461538461539,0.09000000000000001
N30_drop0.00_s0.05_c0.10,30,0.0,0.05,0.1,False,26,0.1,0.1,4.364947589611957,1.5535714285714286,0.5769230769230769,15,0.4423076923076923,0.4,0.37499999999999994,0.0764798545150744,0.29200696229881073,True,0.6385576923076923,0.09000000000000001,3.971714947004404,0.5538461538461539,0.09000000000000001
N50_drop0.00_s0.05_c0.05,50,0.0,0.05,0.05,False,26,0.1,0.1,4.364947589611957,1.5535714285714286,0.5769230769230769,15,0.4423076923076924,0.4,0.37499999999999994,0.0764881816993923,0.29071246005072265,True,0.6385576923076924,0.09000000000000001,3.971714947004404,0.5538461538461539,0.09000000000000001
N20_drop0.20_s0.10_c0.00,20,0.2,0.1,0.0,False,26,0.1076923076923077,0.1,4.587566845803497,2.2153846153846155,0.6538461538461539,17,0.42692307692307685,0.4,0.49999999999999994,0.07495892157928466,0.28202303985497545,True,0.6419230769230768,0.09000000000000001,3.971714947004404,0.5538461538461539,0.09000000000000001
N75_drop0.10_s0.05_c0.00,75,0.1,0.05,0.0,False,26,0.1076923076923077,0.1,4.587566845803497,2.2153846153846155,0.6538461538461539,17,0.42692307692307696,0.4,0.49999999999999994,0.07492528123288808,0.2773579560207311,True,0.6419230769230769,0.09000000000000001,3.971714947004404,0.5538461538461539,0.09000000000000001
N30_drop0.20_s0.05_c0.10,30,0.2,0.05,0.1,False,26,0.1076923076923077,0.1,4.587566845803497,2.2153846153846155,0.6538461538461539,17,0.4307692307692308,0.4,0.4749999999999999,0.07478118721839234,0.2775692756143751,True,0.6420192307692307,0.09000000000000001,3.971714947004404,0.5538461538461539,0.09000000000000001
N20_drop0.20_s0.05_c0.00,20,0.2,0.05,0.0,False,26,0.1076923076923077,0.1,4.587566845803497,2.2153846153846155,0.6538461538461539,17,0.43076923076923074,0.4,0.49999999999999994,0.07496704772743877,0.282725069828092,True,0.6457692307692307,0.09000000000000001,3.971714947004404,0.5538461538461539,0.09000000000000001
N30_drop0.20_s0.10_c0.05,30,0.2,0.1,0.05,False,26,0.1076923076923077,0.1,4.587566845803497,2.2153846153846155,0.6538461538461539,17,0.4346153846153846,0.4,0.49999999999999994,0.07477785408020901,0.2772492717967477,True,0.6496153846153846,0.09000000000000001,3.971714947004404,0.5538461538461539,0.09000000000000001
N30_drop0.20_s0.15_c0.05,30,0.2,0.15,0.05,False,26,0.1076923076923077,0.1,4.587566845803497,2.2153846153846155,0.6538461538461539,17,0.4346153846153846,0.4,0.49999999999999994,0.07474093507423497,0.27690972606566244,True,0.6496153846153846,0.09000000000000001,3.971714947004404,0.5538461538461539,0.09000000000000001
N50_drop0.10_s0.15_c0.10,50,0.1,0.15,0.1,False,26,0.09615384615384616,0.1,4.315670800605757,1.5985294117647058,0.5769230769230769,15,0.4346153846153846,0.4,0.49999999999999994,0.0750187196592059,0.27936044087756834,True,0.6496153846153846,0.09000000000000001,3.971714947004404,0.5538461538461539,0.09000000000000001
N20_drop0.10_s0.05_c0.00,20,0.1,0.05,0.0,False,26,0.10384615384615387,0.1,4.420307586544238,2.0846846846846847,0.6153846153846154,16,0.4384615384615384,0.4,0.4749999999999999,0.07576128916219362,0.2850733156113181,True,0.6497115384615384,0.09000000000000001,3.971714947004404,0.5538461538461539,0.09000000000000001
N20_drop0.10_s0.10_c0.00,20,0.1,0.1,0.0,False,26,0.10384615384615387,0.1,4.420307586544238,2.0846846846846847,0.6153846153846154,16,0.4384615384615384,0.4,0.4749999999999999,0.07575571671764247,0.2848570216928024,True,0.6497115384615384,0.09000000000000001,3.971714947004404,0.5538461538461539,0.09000000000000001
N30_drop0.10_s0.05_c0.00,30,0.1,0.05,0.0,False,26,0.10384615384615387,0.1,4.420307586544238,2.0846846846846847,0.6153846153846154,16,0.4384615384615384,0.4,0.4749999999999999,0.07549612544094265,0.28479866633519796,True,0.6497115384615384,0.09000000000000001,3.971714947004404,0.5538461538461539,0.09000000000000001
N30_drop0.20_s0.10_c0.00,30,0.2,0.1,0.0,False,26,0.11153846153846156,0.1,4.725281131517783,2.2440677966101696,0.6923076923076923,18,0.4384615384615384,0.4,0.49999999999999994,0.0747727715011745,0.27729559636182055,True,0.6534615384615383,0.09000000000000001,3.971714947004404,0.5538461538461539,0.09000000000000001
N30_drop0.20_s0.05_c0.00,30,0.2,0.05,0.0,False,26,0.1076923076923077,0.1,4.587566845803497,2.2153846153846155,0.6538461538461539,17,0.4384615384615384,0.4,0.49999999999999994,0.07478716823522474,0.27776680279820887,True,0.6534615384615383,0.09000000000000001,3.971714947004404,0.5538461538461539,0.09000000000000001
N30_drop0.20_s0.15_c0.00,30,0.2,0.15,0.0,False,26,0.11153846153846156,0.1,4.725281131517783,2.2440677966101696,0.6923076923076923,18,0.43846153846153846,0.4,0.49999999999999994,0.0747693439695036,0.2769948954342276,True,0.6534615384615384,0.09000000000000001,3.971714947004404,0.5538461538461539,0.09000000000000001
N50_drop0.10_s0.10_c0.15,50,0.1,0.1,0.15,False,26,0.09615384615384616,0.1,4.315670800605757,1.5985294117647058,0.5769230769230769,15,0.4423076923076923,0.4,0.4749999999999999,0.07504982246463585,0.2798004710851171,True,0.6535576923076922,0.09000000000000001,3.971714947004404,0.5538461538461539,0.09000000000000001
N50_drop0.50_s0.00_c0.00,50,0.5,0.0,0.0,False,26,0.08846153846153847,0.1,4.064370800605757,1.5535714285714286,0.5384615384615384,14,0.3692307692307693,0.3,0.5,0.07298757407098021,0.265538612054875,False,0.5492307692307693,0.09000000000000001,3.971714947004404,0.5538461538461539,0.09000000000000001
N50_drop0.50_s0.00_c0.05,50,0.5,0.0,0.05,False,26,0.08846153846153847,0.1,4.064370800605757,1.5535714285714286,0.5384615384615384,14,0.3692307692307693,0.3,0.5,0.07298757407098021,0.265538612054875,False,0.5492307692307693,0.09000000000000001,3.971714947004404,0.5538461538461539,0.09000000000000001
N50_drop0.50_s0.00_c0.15,50,0.5,0.0,0.15,False,26,0.09615384615384616,0.1,4.160055096342401,1.5871559633027525,0.5384615384615384,14,0.37307692307692314,0.3,0.5,0.07297009285098756,0.26541714041513165,False,0.5530769230769231,0.09000000000000001,3.971714947004404,0.5538461538461539,0.09000000000000001
N50_drop0.50_s0.00_c0.10,50,0.5,0.0,0.1,False,26,0.08846153846153847,0.1,4.064370800605757,1.5535714285714286,0.5384615384615384,14,0.37307692307692314,0.3,0.5,0.07298186189738617,0.26550397702974143,False,0.5530769230769231,0.09000000000000001,3.971714947004404,0.5538461538461539,0.09000000000000001
N50_drop0.50_s0.05_c0.10,50,0.5,0.05,0.1,False,26,0.09230769230769233,0.1,4.096113919871812,1.5871559633027525,0.5384615384615384,14,0.37692307692307697,0.3,0.5,0.07297987089172722,0.2650979607396628,False,0.556923076923077,0.09000000000000001,3.971714947004404,0.5538461538461539,0.09000000000000001
N50_drop0.50_s0.05_c0.15,50,0.5,0.05,0.15,False,26,0.09230769230769233,0.1,4.096113919871812,1.5871559633027525,0.5384615384615384,14,0.37692307692307697,0.3,0.5,0.07297633520172382,0.2651874134372648,False,0.556923076923077,0.09000000000000001,3.971714947004404,0.5538461538461539,0.09000000000000001
N100_drop0.30_s0.15_c0.15,100,0.3,0.15,0.15,False,26,0.10000000000000002,0.1,4.763022928287296,1.5535714285714286,0.5384615384615384,14,0.36923076923076914,0.3,0.575,0.07313912105301665,0.26559642328481436,False,0.5604807692307692,0.09000000000000001,3.971714947004404,0.5538461538461539,0.09000000000000001
N100_drop0.40_s0.05_c0.05,100,0.4,0.05,0.05,False,26,0.08846153846153847,0.1,4.2107897195246755,1.5985294117647058,0.5769230769230769,15,0.3807692307692308,0.3,0.5,0.07349164262354178,0.2655019542189055,False,0.5607692307692308,0.09000000000000001,3.971714947004404,0.5538461538461539,0.09000000000000001
N30_drop0.50_s0.00_c0.10,30,0.5,0.0,0.1,False,26,0.08846153846153847,0.1,4.064370800605757,1.5535714285714286,0.5384615384615384,14,0.3807692307692308,0.3,0.5,0.07317521978851843,0.2660359095385384,False,0.5607692307692308,0.09000000000000001,3.971714947004404,0.5538461538461539,0.09000000000000001
N30_drop0.50_s0.00_c0.15,30,0.5,0.0,0.15,False,26,0.08846153846153847,0.1,4.064370800605757,1.5535714285714286,0.5384615384615384,14,0.3807692307692308,0.3,0.5,0.07316632498576345,0.2660310928351659,False,0.5607692307692308,0.09000000000000001,3.971714947004404,0.5538461538461539,0.09000000000000001
N30_drop0.50_s0.05_c0.15,30,0.5,0.05,0.15,False,26,0.08846153846153847,0.1,4.064370800605757,1.5535714285714286,0.5384615384615384,14,0.3807692307692308,0.3,0.5,0.07316868362237725,0.2659599677505256,False,0.5607692307692308,0.09000000000000001,3.971714947004404,0.5538461538461539,0.09000000000000001
N50_drop0.50_s0.20_c0.10,50,0.5,0.2,0.1,False,26,0.10000000000000002,0.1,4.656052143810037,1.5871559633027525,0.5384615384615384,14,0.37307692307692314,0.3,0.575,0.07285453193144971,0.2634850343664041,False,0.5643269230769231,0.09000000000000001,3.971714947004404,0.5538461538461539,0.09000000000000001
N100_drop0.10_s0.15_c0.10,100,0.1,0.15,0.1,False,26,0.10000000000000002,0.1,4.734881751816708,1.5535714285714286,0.5384615384615384,14,0.39230769230769236,0.3,0.4749999999999999,0.07392559034485913,0.26767261403558396,False,0.5685576923076923,0.09000000000000001,3.971714947004404,0.5538461538461539,0.09000000000000001
N30_drop0.40_s0.15_c0.15,30,0.4,0.15,0.15,False,26,0.09230769230769233,0.1,4.100170800605757,1.5535714285714286,0.5384615384615384,14,0.3961538461538462,0.35,0.37499999999999994,0.07363689904693338,0.27131666287805345,False,0.5749038461538462,0.09000000000000001,3.971714947004404,0.5538461538461539,0.09000000000000001
N30_drop0.40_s0.00_c0.15,30,0.4,0.0,0.15,False,26,0.09615384615384616,0.1,4.135970800605757,1.5535714285714286,0.5384615384615384,14,0.39230769230769236,0.3,0.5249999999999999,0.07367087466797313,0.2731127387748449,False,0.5760576923076923,0.09000000000000001,3.971714947004404,0.5538461538461539,0.09000000000000001
N30_drop0.40_s0.05_c0.15,30,0.4,0.05,0.15,False,26,0.09615384615384616,0.1,4.135970800605757,1.5535714285714286,0.5384615384615384,14,0.4,0.3,0.475,0.07366976607130124,0.2728035057068196,False,0.57625,0.09000000000000001,3.971714947004404,0.5538461538461539,0.09000000000000001
N50_drop0.50_s0.10_c0.15,50,0.5,0.1,0.15,False,26,0.09615384615384616,0.1,4.586971062728955,1.5871559633027525,0.5384615384615384,14,0.3807692307692308,0.35,0.5,0.07293731545253221,0.2648725909866228,False,0.5782692307692308,0.09000000000000001,3.971714947004404,0.5538461538461539,0.09000000000000001
N50_drop0.50_s0.05_c0.00,50,0.5,0.05,0.0,False,26,0.08846153846153847,0.1,4.064370800605757,1.5535714285714286,0.5384615384615384,14,0.3807692307692308,0.35,0.5,0.07298757407098021,0.26533964853488307,False,0.5782692307692308,0.09000000000000001,3.971714947004404,0.5538461538461539,0.09000000000000001
N30_drop0.50_s0.05_c0.10,30,0.5,0.05,0.1,False,26,0.08846153846153847,0.1,4.064370800605757,1.5535714285714286,0.5384615384615384,14,0.3846153846153847,0.35,0.5,0.07317092557161932,0.26591411113949265,False,0.5821153846153846,0.09000000000000001,3.971714947004404,0.5538461538461539,0.09000000000000001
N30_drop0.50_s0.10_c0.10,30,0.5,0.1,0.1,False,26,0.08846153846153847,0.1,4.064370800605757,1.5535714285714286,0.5384615384615384,14,0.3846153846153847,0.35,0.5,0.07316868362237725,0.2658993786517463,False,0.5821153846153846,0.09000000000000001,3.971714947004404,0.5538461538461539,0.09000000000000001
N30_drop0.50_s0.10_c0.15,30,0.5,0.1,0.15,False,26,0.08846153846153847,0.1,4.064370800605757,1.5535714285714286,0.5384615384615384,14,0.3846153846153847,0.35,0.5,0.07316576069753601,0.2658500602593026,False,0.5821153846153846,0.09000000000000001,3.971714947004404,0.5538461538461539,0.09000000000000001
N30_drop0.50_s0.15_c0.10,30,0.5,0.15,0.1,False,26,0.08846153846153847,0.1,4.064370800605757,1.5535714285714286,0.5384615384615384,14,0.3846153846153847,0.35,0.5,0.0731615212131018,0.2658139530875942,False,0.5821153846153846,0.09000000000000001,3.971714947004404,0.5538461538461539,0.09000000000000001
N30_drop0.40_s0.10_c0.15,30,0.4,0.1,0.15,False,26,0.09615384615384616,0.1,4.135970800605757,1.5535714285714286,0.5384615384615384,14,0.4038461538461539,0.35,0.37499999999999994,0.07365544511291479,0.27245479100533887,False,0.5825961538461539,0.09000000000000001,3.971714947004404,0.5538461538461539,0.09000000000000001
N50_drop0.30_s0.10_c0.15,50,0.3,0.1,0.15,False,26,0.09615384615384616,0.1,4.742586766992312,1.5535714285714286,0.5384615384615384,14,0.4076923076923077,0.3,0.4749999999999999,0.07418317852840742,0.27253896358442625,False,0.5839423076923076,0.09000000000000001,3.971714947004404,0.5538461538461539,0.09000000000000001
N50_drop0.30_s0.05_c0.15,50,0.3,0.05,0.15,False,26,0.09615384615384616,0.1,4.287529624135169,1.5535714285714286,0.5384615384615384,14,0.4076923076923077,0.3,0.4749999999999999,0.07424207796950394,0.2741030434861072,False,0.5839423076923076,0.09000000000000001,3.971714947004404,0.5538461538461539,0.09000000000000001
N30_drop0.50_s0.15_c0.15,30,0.5,0.15,0.15,False,26,0.09230769230769233,0.1,4.096113919871812,1.5871559633027525,0.5384615384615384,14,0.3884615384615385,0.35,0.5,0.07314787601229411,0.2656205361324403,False,0.5859615384615384,0.09000000000000001,3.971714947004404,0.5538461538461539,0.09000000000000001
N50_drop0.50_s0.15_c0.10,50,0.5,0.15,0.1,False,26,0.09230769230769233,0.1,4.096113919871812,1.5871559633027525,0.5384615384615384,14,0.3807692307692308,0.35,0.575,0.07292110908363901,0.2646297883007885,False,0.5895192307692307,0.09000000000000001,3.971714947004404,0.5538461538461539,0.09000000000000001
N50_drop0.30_s0.10_c0.10,50,0.3,0.1,0.1,False,26,0.09230769230769233,0.1,4.2517296241351685,1.5535714285714286,0.5384615384615384,14,0.4115384615384615,0.3,0.49999999999999994,0.074232008104678,0.2724050245017147,False,0.5915384615384615,0.09000000000000001,3.971714947004404,0.5538461538461539,0.09000000000000001
N30_drop0.30_s0.00_c0.10,30,0.3,0.0,0.1,False,26,0.09615384615384617,0.1,4.218362957468502,1.5535714285714286,0.5384615384615384,14,0.4153846153846154,0.3,0.4749999999999999,0.07424871253255677,0.27510246726691,False,0.5916346153846155,0.09000000000000001,3.971714947004404,0.5538461538461539,0.09000000000000001
N50_drop0.50_s0.15_c0.15,50,0.5,0.15,0.15,False,26,0.10000000000000002,0.1,4.656052143810037,1.5871559633027525,0.5384615384615384,14,0.3846153846153847,0.35,0.575,0.07288204425516809,0.2642471320728986,False,0.5933653846153846,0.09000000000000001,3.971714947004404,0.5538461538461539,0.09000000000000001
N50_drop0.30_s0.10_c0.05,50,0.3,0.1,0.05,False,26,0.09615384615384616,0.1,4.287529624135169,1.5535714285714286,0.5384615384615384,14,0.4153846153846154,0.3,0.49999999999999994,0.07425243125204065,0.27344933780946395,False,0.5953846153846154,0.09000000000000001,3.971714947004404,0.5538461538461539,0.09000000000000001
N75_drop0.20_s0.10_c0.10,75,0.2,0.1,0.1,False,26,0.09230769230769233,0.1,4.2517296241351685,1.5535714285714286,0.5384615384615384,14,0.4153846153846154,0.3,0.49999999999999994,0.0744275280120436,0.2724307529436138,False,0.5953846153846154,0.09000000000000001,3.971714947004404,0.5538461538461539,0.09000000000000001
N50_drop0.50_s0.10_c0.05,50,0.5,0.1,0.05,False,26,0.09230769230769233,0.1,4.096113919871812,1.5871559633027525,0.5384615384615384,14,0.38846153846153847,0.35,0.575,0.07298420470372234,0.26499182883052097,False,0.5972115384615384,0.09000000000000001,3.971714947004404,0.5538461538461539,0.09000000000000001
N50_drop0.50_s0.10_c0.10,50,0.5,0.1,0.1,False,26,0.09230769230769233,0.1,4.096113919871812,1.5871559633027525,0.5384615384615384,14,0.38846153846153847,0.35,0.575,0.07297270848245177,0.26490640326636894,False,0.5972115384615384,0.09000000000000001,3.971714947004404,0.5538461538461539,0.09000000000000001
N50_drop0.50_s0.05_c0.05,50,0.5,0.05,0.05,False,26,0.08846153846153847,0.1,4.064370800605757,1.5535714285714286,0.5384615384615384,14,0.38846153846153847,0.35,0.575,0.07298680847454347,0.265199204019879,False,0.5972115384615384,0.09000000000000001,3.971714947004404,0.5538461538461539,0.09000000000000001
N30_drop0.30_s0.00_c0.00,30,0.3,0.0,0.0,False,26,0.09615384615384617,0.1,4.218362957468502,1.5535714285714286,0.5384615384615384,14,0.4115384615384615,0.3,0.5499999999999999,0.07425428402053111,0.27497434422296363,False,0.5990384615384615,0.09000000000000001,3.971714947004404,0.5538461538461539,0.09000000000000001
N30_drop0.30_s0.00_c0.05,30,0.3,0.0,0.05,False,26,0.09615384615384617,0.1,4.218362957468502,1.5535714285714286,0.5384615384615384,14,0.4115384615384615,0.3,0.5499999999999999,0.07425428402053111,0.27497434422296363,False,0.5990384615384615,0.09000000000000001,3.971714947004404,0.5538461538461539,0.09000000000000001
N50_drop0.30_s0.05_c0.10,50,0.3,0.05,0.1,False,26,0.09615384615384616,0.1,4.287529624135169,1.5535714285714286,0.5384615384615384,14,0.4115384615384615,0.3,0.5499999999999999,0.07426754964244003,0.27411172775503173,False,0.5990384615384615,0.09000000000000001,3.971714947004404,0.5538461538461539,0.09000000000000001
N20_drop0.50_s0.00_c0.00,20,0.5,0.0,0.0,False,26,0.08846153846153847,0.1,4.133004005238962,1.5985294117647058,0.5769230769230769,15,0.3923076923076923,0.35,0.575,0.07286992933303046,0.26622034368962055,False,0.6010576923076922,0.09000000000000001,3.971714947004404,0.5538461538461539,0.09000000000000001
N20_drop0.50_s0.00_c0.05,20,0.5,0.0,0.05,False,26,0.08846153846153847,0.1,4.133004005238962,1.5985294117647058,0.5769230769230769,15,0.3923076923076923,0.35,0.575,0.07286992933303046,0.26622034368962055,False,0.6010576923076922,0.09000000000000001,3.971714947004404,0.5538461538461539,0.09000000000000001
N20_drop0.50_s0.00_c0.10,20,0.5,0.0,0.1,False,26,0.08846153846153847,0.1,4.133004005238962,1.5985294117647058,0.5769230769230769,15,0.3923076923076923,0.35,0.575,0.07286992933303046,0.26622034368962055,False,0.6010576923076922,0.09000000000000001,3.971714947004404,0.5538461538461539,0.09000000000000001
N20_drop0.50_s0.00_c0.15,20,0.5,0.0,0.15,False,26,0.08846153846153847,0.1,4.133004005238962,1.5985294117647058,0.5769230769230769,15,0.3923076923076923,0.35,0.575,0.0728678374702774,0.26622034368962055,False,0.6010576923076922,0.09000000000000001,3.971714947004404,0.5538461538461539,0.09000000000000001
N20_drop0.50_s0.05_c0.00,20,0.5,0.05,0.0,False,26,0.08846153846153847,0.1,4.133004005238962,1.5985294117647058,0.5769230769230769,15,0.3923076923076923,0.35,0.575,0.07286992933303046,0.26622034368962055,False,0.6010576923076922,0.09000000000000001,3.971714947004404,0.5538461538461539,0.09000000000000001
N20_drop0.50_s0.05_c0.05,20,0.5,0.05,0.05,False,26,0.08846153846153847,0.1,4.133004005238962,1.5985294117647058,0.5769230769230769,15,0.3923076923076923,0.35,0.575,0.07286992933303046,0.26622034368962055,False,0.6010576923076922,0.09000000000000001,3.971714947004404,0.5538461538461539,0.09000000000000001
N20_drop0.50_s0.05_c0.10,20,0.5,0.05,0.1,False,26,0.08846153846153847,0.1,4.133004005238962,1.5985294117647058,0.5769230769230769,15,0.3923076923076923,0.35,0.575,0.07286992933303046,0.26622034368962055,False,0.6010576923076922,0.09000000000000001,3.971714947004404,0.5538461538461539,0.09000000000000001
N20_drop0.50_s0.05_c0.15,20,0.5,0.05,0.15,False,26,0.08846153846153847,0.1,4.133004005238962,1.5985294117647058,0.5769230769230769,15,0.3923076923076923,0.35,0.575,0.0728678374702774,0.26622034368962055,False,0.6010576923076922,0.09000000000000001,3.971714947004404,0.5538461538461539,0.09000000000000001
N20_drop0.50_s0.10_c0.00,20,0.5,0.1,0.0,False,26,0.08846153846153847,0.1,4.133004005238962,1.5985294117647058,0.5769230769230769,15,0.3923076923076923,0.35,0.575,0.07286992933303046,0.26622034368962055,False,0.6010576923076922,0.09000000000000001,3.971714947004404,0.5538461538461539,0.09000000000000001
N20_drop0.50_s0.10_c0.05,20,0.5,0.1,0.05,False,26,0.08846153846153847,0.1,4.133004005238962,1.5985294117647058,0.5769230769230769,15,0.3923076923076923,0.35,0.575,0.07286992933303046,0.26622034368962055,False,0.6010576923076922,0.09000000000000001,3.971714947004404,0.5538461538461539,0.09000000000000001
N20_drop0.50_s0.10_c0.10,20,0.5,0.1,0.1,False,26,0.08846153846153847,0.1,4.133004005238962,1.5985294117647058,0.5769230769230769,15,0.3923076923076923,0.35,0.575,0.07286988504223316,0.26622034368962055,False,0.6010576923076922,0.09000000000000001,3.971714947004404,0.5538461538461539,0.09000000000000001
N20_drop0.50_s0.10_c0.15,20,0.5,0.1,0.15,False,26,0.08846153846153847,0.1,4.133004005238962,1.5985294117647058,0.5769230769230769,15,0.3923076923076923,0.35,0.575,0.0728678374702774,0.26622034368962055,False,0.6010576923076922,0.09000000000000001,3.971714947004404,0.5538461538461539,0.09000000000000001
N20_drop0.50_s0.15_c0.00,20,0.5,0.15,0.0,False,26,0.08846153846153847,0.1,4.133004005238962,1.5985294117647058,0.5769230769230769,15,0.3923076923076923,0.35,0.575,0.07286992933303046,0.26622034368962055,False,0.6010576923076922,0.09000000000000001,3.971714947004404,0.5538461538461539,0.09000000000000001
N20_drop0.50_s0.15_c0.05,20,0.5,0.15,0.05,False,26,0.08846153846153847,0.1,4.133004005238962,1.5985294117647058,0.5769230769230769,15,0.3923076923076923,0.35,0.575,0.07286992933303046,0.26622034368962055,False,0.6010576923076922,0.09000000000000001,3.971714947004404,0.5538461538461539,0.09000000000000001
N20_drop0.50_s0.15_c0.10,20,0.5,0.15,0.1,False,26,0.08846153846153847,0.1,4.133004005238962,1.5985294117647058,0.5769230769230769,15,0.3923076923076923,0.35,0.575,0.07286988504223316,0.26622034368962055,False,0.6010576923076922,0.09000000000000001,3.971714947004404,0.5538461538461539,0.09000000000000001
N20_drop0.50_s0.15_c0.15,20,0.5,0.15,0.15,False,26,0.08846153846153847,0.1,4.133004005238962,1.5985294117647058,0.5769230769230769,15,0.3923076923076923,0.35,0.575,0.0728678374702774,0.26622034368962055,False,0.6010576923076922,0.09000000000000001,3.971714947004404,0.5538461538461539,0.09000000000000001
N20_drop0.50_s0.20_c0.00,20,0.5,0.2,0.0,False,26,0.08846153846153847,0.1,4.133004005238962,1.5985294117647058,0.5769230769230769,15,0.3923076923076923,0.35,0.575,0.07286992933303046,0.26622034368962055,False,0.6010576923076922,0.09000000000000001,3.971714947004404,0.5538461538461539,0.09000000000000001
N20_drop0.50_s0.20_c0.05,20,0.5,0.2,0.05,False,26,0.08846153846153847,0.1,4.133004005238962,1.5985294117647058,0.5769230769230769,15,0.3923076923076923,0.35,0.575,0.07286992933303046,0.26622034368962055,False,0.6010576923076922,0.09000000000000001,3.971714947004404,0.5538461538461539,0.09000000000000001
N20_drop0.50_s0.20_c0.10,20,0.5,0.2,0.1,False,26,0.08846153846153847,0.1,4.133004005238962,1.5985294117647058,0.5769230769230769,15,0.3923076923076923,0.35,0.575,0.07286988504223316,0.26622034368962055,False,0.6010576923076922,0.09000000000000001,3.971714947004404,0.5538461538461539,0.09000000000000001
N75_drop0.00_s0.20_c0.10,75,0.0,0.2,0.1,False,26,0.08846153846153847,0.05,4.572321032726577,0.7935779816513763,0.5,13,0.4115384615384616,0.35,0.44999999999999996,0.07505672615865937,0.2733034869526547,False,0.6015384615384616,0.09000000000000001,3.971714947004404,0.5538461538461539,0.09000000000000001
N100_drop0.20_s0.05_c0.10,100,0.2,0.05,0.1,False,26,0.09230769230769233,0.1,4.2517296241351685,1.5535714285714286,0.5384615384615384,14,0.41153846153846163,0.3,0.575,0.07446354401718246,0.2734396767427791,False,0.6027884615384616,0.09000000000000001,3.971714947004404,0.5538461538461539,0.09000000000000001
N30_drop0.30_s0.05_c0.10,30,0.3,0.05,0.1,False,26,0.09615384615384617,0.1,4.218362957468502,1.5535714285714286,0.5384615384615384,14,0.4153846153846154,0.3,0.5499999999999999,0.07425059538168788,0.2749565880361763,False,0.6028846153846155,0.09000000000000001,3.971714947004404,0.5538461538461539,0.09000000000000001
N30_drop0.30_s0.20_c0.10,30,0.3,0.2,0.1,False,26,0.09230769230769233,0.1,4.182562957468502,1.5535714285714286,0.5384615384615384,14,0.4115384615384615,0.35,0.4749999999999999,0.07420931697630763,0.27272030871453556,False,0.6052884615384615,0.09000000000000001,3.971714947004404,0.5538461538461539,0.09000000000000001
N50_drop0.00_s0.10_c0.15,50,0.0,0.1,0.15,False,26,0.09230769230769233,0.1,4.182814256278624,1.476923076923077,0.5384615384615384,14,0.43846153846153846,0.35,0.3,0.07627518329579833,0.2878206397870277,False,0.6059615384615384,0.09000000000000001,3.971714947004404,0.5538461538461539,0.09000000000000001
N50_drop0.30_s0.05_c0.05,50,0.3,0.05,0.05,False,26,0.09615384615384616,0.1,4.287529624135169,1.5535714285714286,0.5384615384615384,14,0.4153846153846154,0.3,0.575,0.07426834568871775,0.27396742033883476,False,0.6066346153846154,0.09000000000000001,3.971714947004404,0.5538461538461539,0.09000000000000001
N100_drop0.00_s0.10_c0.10,100,0.0,0.1,0.1,False,26,0.08846153846153847,0.1,4.14026516172953,1.476923076923077,0.5384615384615384,14,0.4192307692307692,0.35,0.44999999999999996,0.07602512373023888,0.2827523610694128,False,0.6092307692307691,0.09000000000000001,3.971714947004404,0.5538461538461539,0.09000000000000001
N100_drop0.00_s0.15_c0.05,100,0.0,0.15,0.05,False,26,0.08846153846153847,0.1,4.14026516172953,1.476923076923077,0.5384615384615384,14,0.41538461538461535,0.4,0.39999999999999997,0.07569197287749928,0.27678993589965795,False,0.6153846153846153,0.09000000000000001,3.971714947004404,0.5538461538461539,0.09000000000000001
N100_drop0.00_s0.05_c0.10,100,0.0,0.05,0.1,False,26,0.09230769230769233,0.1,4.182814256278624,1.476923076923077,0.5384615384615384,14,0.4346153846153846,0.4,0.3,0.07633326238251646,0.28816103246867547,False,0.6196153846153847,0.09000000000000001,3.971714947004404,0.5538461538461539,0.09000000000000001
N30_drop0.30_s0.15_c0.05,30,0.3,0.15,0.05,False,26,0.09615384615384617,0.1,4.218362957468502,1.5535714285714286,0.5384615384615384,14,0.4153846153846154,0.35,0.5499999999999999,0.07424636297433268,0.2741261237505348,False,0.6203846153846154,0.09000000000000001,3.971714947004404,0.5538461538461539,0.09000000000000001
N30_drop0.30_s0.15_c0.15,30,0.3,0.15,0.15,False,26,0.09230769230769233,0.1,4.182562957468502,1.5535714285714286,0.5384615384615384,14,0.4153846153846154,0.35,0.5499999999999999,0.07422352159868656,0.27353157087163127,False,0.6203846153846154,0.09000000000000001,3.971714947004404,0.5538461538461539,0.09000000000000001
N100_drop0.00_s0.15_c0.10,100,0.0,0.15,0.1,False,26,0.08846153846153847,0.1,4.14026516172953,1.476923076923077,0.5384615384615384,14,0.4115384615384615,0.4,0.4749999999999999,0.07524503427300339,0.27402227523206635,False,0.6227884615384616,0.09000000000000001,3.971714947004404,0.5538461538461539,0.09000000000000001
N30_drop0.30_s0.05_c0.00,30,0.3,0.05,0.0,False,26,0.09615384615384617,0.1,4.218362957468502,1.5535714285714286,0.5384615384615384,14,0.41923076923076924,0.35,0.5499999999999999,0.07425428402053111,0.27487792715653403,False,0.6242307692307693,0.09000000000000001,3.971714947004404,0.5538461538461539,0.09000000000000001
N30_drop0.30_s0.05_c0.05,30,0.3,0.05,0.05,False,26,0.09615384615384617,0.1,4.218362957468502,1.5535714285714286,0.5384615384615384,14,0.41923076923076924,0.35,0.5499999999999999,0.07425283468805567,0.27482605009519234,False,0.6242307692307693,0.09000000000000001,3.971714947004404,0.5538461538461539,0.09000000000000001
N30_drop0.30_s0.10_c0.05,30,0.3,0.1,0.05,False,26,0.09615384615384617,0.1,4.218362957468502,1.5535714285714286,0.5384615384615384,14,0.41923076923076924,0.35,0.5499999999999999,0.07425283468805567,0.2748124769619184,False,0.6242307692307693,0.09000000000000001,3.971714947004404,0.5538461538461539,0.09000000000000001
N30_drop0.30_s0.10_c0.10,30,0.3,0.1,0.1,False,26,0.09615384615384617,0.1,4.218362957468502,1.5535714285714286,0.5384615384615384,14,0.41923076923076924,0.35,0.5499999999999999,0.07424478091045528,0.2746660895467673,False,0.6242307692307693,0.09000000000000001,3.971714947004404,0.5538461538461539,0.09000000000000001
N30_drop0.30_s0.15_c0.10,30,0.3,0.15,0.1,False,26,0.09615384615384617,0.1,4.218362957468502,1.5535714285714286,0.5384615384615384,14,0.41923076923076924,0.35,0.5499999999999999,0.07424489736420245,0.274516614442056,False,0.6242307692307693,0.09000000000000001,3.971714947004404,0.5538461538461539,0.09000000000000001
N100_drop0.00_s0.10_c0.15,100,0.0,0.1,0.15,False,26,0.09230769230769233,0.1,4.65850969197406,1.0423423423423424,0.5384615384615384,14,0.4192307692307692,0.4,0.4749999999999999,0.07564954553642686,0.28068946650977816,False,0.6304807692307692,0.09000000000000001,3.971714947004404,0.5538461538461539,0.09000000000000001
N50_drop0.00_s0.15_c0.15,50,0.0,0.15,0.15,False,26,0.09230769230769233,0.1,4.209346242810612,1.476923076923077,0.5384615384615384,14,0.43846153846153846,0.4,0.37499999999999994,0.07600970347313597,0.28474377542881024,False,0.6347115384615385,0.09000000000000001,3.971714947004404,0.5538461538461539,0.09000000000000001
N75_drop0.00_s0.10_c0.15,75,0.0,0.1,0.15,False,26,0.09230769230769233,0.1,4.209346242810612,1.476923076923077,0.5384615384615384,14,0.4423076923076924,0.4,0.37499999999999994,0.07599689737754332,0.28721232653442547,False,0.6385576923076924,0.09000000000000001,3.971714947004404,0.5538461538461539,0.09000000000000001
