symbol,error
DTIL,"RuntimeError('GET failed https://www.nseindia.com/api/corporate-share-holdings-master?index=equities&symbol=DTIL: RuntimeError(\'HTTP 403: <HTML><HEAD>\\n<TITLE>Access Denied</TITLE>\\n</HEAD><BODY>\\n<H1>Access Denied</H1>\\n \\nYou don\\\'t have permission to access ""ht\')')"
DUCON,"RuntimeError('GET failed https://www.nseindia.com/api/corporate-share-holdings-master?index=equities&symbol=DUCON: RuntimeError(\'HTTP 403: <HTML><HEAD>\\n<TITLE>Access Denied</TITLE>\\n</HEAD><BODY>\\n<H1>Access Denied</H1>\\n \\nYou don\\\'t have permission to access ""ht\')')"
DSSL,"RuntimeError('GET failed https://www.nseindia.com/api/corporate-share-holdings-master?index=equities&symbol=DSSL: RuntimeError(\'HTTP 403: <HTML><HEAD>\\n<TITLE>Access Denied</TITLE>\\n</HEAD><BODY>\\n<H1>Access Denied</H1>\\n \\nYou don\\\'t have permission to access ""ht\')')"
DRREDDY,"RuntimeError('GET failed https://www.nseindia.com/api/corporate-share-holdings-master?index=equities&symbol=DRREDDY: RuntimeError(\'HTTP 403: <HTML><HEAD>\\n<TITLE>Access Denied</TITLE>\\n</HEAD><BODY>\\n<H1>Access Denied</H1>\\n \\nYou don\\\'t have permission to access ""ht\')')"
DSKULKARNI,"RuntimeError('GET failed https://www.nseindia.com/api/corporate-share-holdings-master?index=equities&symbol=DSKULKARNI: RuntimeError(\'HTTP 403: <HTML><HEAD>\\n<TITLE>Access Denied</TITLE>\\n</HEAD><BODY>\\n<H1>Access Denied</H1>\\n \\nYou don\\\'t have permission to access ""ht\')')"
DUNCANSIND,"RuntimeError('GET failed https://www.nseindia.com/api/corporate-share-holdings-master?index=equities&symbol=DUNCANSIND: RuntimeError(\'HTTP 403: <HTML><HEAD>\\n<TITLE>Access Denied</TITLE>\\n</HEAD><BODY>\\n<H1>Access Denied</H1>\\n \\nYou don\\\'t have permission to access ""ht\')')"
DVL,"RuntimeError('GET failed https://www.nseindia.com/api/corporate-share-holdings-master?index=equities&symbol=DVL: RuntimeError(\'HTTP 403: <HTML><HEAD>\\n<TITLE>Access Denied</TITLE>\\n</HEAD><BODY>\\n<H1>Access Denied</H1>\\n \\nYou don\\\'t have permission to access ""ht\')')"
DWARKESH,"RuntimeError('GET failed https://www.nseindia.com/api/corporate-share-holdings-master?index=equities&symbol=DWARKESH: RuntimeError(\'HTTP 403: <HTML><HEAD>\\n<TITLE>Access Denied</TITLE>\\n</HEAD><BODY>\\n<H1>Access Denied</H1>\\n \\nYou don\\\'t have permission to access ""ht\')')"
DYNAMATECH,"RuntimeError('GET failed https://www.nseindia.com/api/corporate-share-holdings-master?index=equities&symbol=DYNAMATECH: RuntimeError(\'HTTP 403: <HTML><HEAD>\\n<TITLE>Access Denied</TITLE>\\n</HEAD><BODY>\\n<H1>Access Denied</H1>\\n \\nYou don\\\'t have permission to access ""ht\')')"
DYNPRO,"RuntimeError('GET failed https://www.nseindia.com/api/corporate-share-holdings-master?index=equities&symbol=DYNPRO: RuntimeError(\'HTTP 403: <HTML><HEAD>\\n<TITLE>Access Denied</TITLE>\\n</HEAD><BODY>\\n<H1>Access Denied</H1>\\n \\nYou don\\\'t have permission to access ""ht\')')"
E-SERVEINT,"RuntimeError('GET failed https://www.nseindia.com/api/corporate-share-holdings-master?index=equities&symbol=E-SERVEINT: RuntimeError(\'HTTP 403: <HTML><HEAD>\\n<TITLE>Access Denied</TITLE>\\n</HEAD><BODY>\\n<H1>Access Denied</H1>\\n \\nYou don\\\'t have permission to access ""ht\')')"
E2E,"RuntimeError('GET failed https://www.nseindia.com/api/corporate-share-holdings-master?index=equities&symbol=E2E: RuntimeError(\'HTTP 403: <HTML><HEAD>\\n<TITLE>Access Denied</TITLE>\\n</HEAD><BODY>\\n<H1>Access Denied</H1>\\n \\nYou don\\\'t have permission to access ""ht\')')"
EASEMYTRIP,"RuntimeError('GET failed https://www.nseindia.com/api/corporate-share-holdings-master?index=equities&symbol=EASEMYTRIP: RuntimeError(\'HTTP 403: <HTML><HEAD>\\n<TITLE>Access Denied</TITLE>\\n</HEAD><BODY>\\n<H1>Access Denied</H1>\\n \\nYou don\\\'t have permission to access ""ht\')')"
EASTSILK,"RuntimeError('GET failed https://www.nseindia.com/api/corporate-share-holdings-master?index=equities&symbol=EASTSILK: RuntimeError(\'HTTP 403: <HTML><HEAD>\\n<TITLE>Access Denied</TITLE>\\n</HEAD><BODY>\\n<H1>Access Denied</H1>\\n \\nYou don\\\'t have permission to access ""ht\')')"
EASUNREYRL,"RuntimeError('GET failed https://www.nseindia.com/api/corporate-share-holdings-master?index=equities&symbol=EASUNREYRL: RuntimeError(\'HTTP 403: <HTML><HEAD>\\n<TITLE>Access Denied</TITLE>\\n</HEAD><BODY>\\n<H1>Access Denied</H1>\\n \\nYou don\\\'t have permission to access ""ht\')')"
EBGNG,"RuntimeError('GET failed https://www.nseindia.com/api/corporate-share-holdings-master?index=equities&symbol=EBGNG: RuntimeError(\'HTTP 403: <HTML><HEAD>\\n<TITLE>Access Denied</TITLE>\\n</HEAD><BODY>\\n<H1>Access Denied</H1>\\n \\nYou don\\\'t have permission to access ""ht\')')"
ECLERX,"RuntimeError('GET failed https://www.nseindia.com/api/corporate-share-holdings-master?index=equities&symbol=ECLERX: RuntimeError(\'HTTP 403: <HTML><HEAD>\\n<TITLE>Access Denied</TITLE>\\n</HEAD><BODY>\\n<H1>Access Denied</H1>\\n \\nYou don\\\'t have permission to access ""ht\')')"
ECOSMOBLTY,"RuntimeError('GET failed https://www.nseindia.com/api/corporate-share-holdings-master?index=equities&symbol=ECOSMOBLTY: RuntimeError(\'HTTP 403: <HTML><HEAD>\\n<TITLE>Access Denied</TITLE>\\n</HEAD><BODY>\\n<H1>Access Denied</H1>\\n \\nYou don\\\'t have permission to access ""ht\')')"
EDELWEISS,"RuntimeError('GET failed https://www.nseindia.com/api/corporate-share-holdings-master?index=equities&symbol=EDELWEISS: RuntimeError(\'HTTP 403: <HTML><HEAD>\\n<TITLE>Access Denied</TITLE>\\n</HEAD><BODY>\\n<H1>Access Denied</H1>\\n \\nYou don\\\'t have permission to access ""ht\')')"
EDL,"RuntimeError('GET failed https://www.nseindia.com/api/corporate-share-holdings-master?index=equities&symbol=EDL: RuntimeError(\'HTTP 403: <HTML><HEAD>\\n<TITLE>Access Denied</TITLE>\\n</HEAD><BODY>\\n<H1>Access Denied</H1>\\n \\nYou don\\\'t have permission to access ""ht\')')"
EDSERV,"RuntimeError('GET failed https://www.nseindia.com/api/corporate-share-holdings-master?index=equities&symbol=EDSERV: RuntimeError(\'HTTP 403: <HTML><HEAD>\\n<TITLE>Access Denied</TITLE>\\n</HEAD><BODY>\\n<H1>Access Denied</H1>\\n \\nYou don\\\'t have permission to access ""ht\')')"
EDUCOMP,"RuntimeError('GET failed https://www.nseindia.com/api/corporate-share-holdings-master?index=equities&symbol=EDUCOMP: RuntimeError(\'HTTP 403: <HTML><HEAD>\\n<TITLE>Access Denied</TITLE>\\n</HEAD><BODY>\\n<H1>Access Denied</H1>\\n \\nYou don\\\'t have permission to access ""ht\')')"
EFCIL,"RuntimeError('GET failed https://www.nseindia.com/api/corporate-share-holdings-master?index=equities&symbol=EFCIL: RuntimeError(\'HTTP 403: <HTML><HEAD>\\n<TITLE>Access Denied</TITLE>\\n</HEAD><BODY>\\n<H1>Access Denied</H1>\\n \\nYou don\\\'t have permission to access ""ht\')')"
EICHER,"RuntimeError('GET failed https://www.nseindia.com/api/corporate-share-holdings-master?index=equities&symbol=EICHER: RuntimeError(\'HTTP 403: <HTML><HEAD>\\n<TITLE>Access Denied</TITLE>\\n</HEAD><BODY>\\n<H1>Access Denied</H1>\\n \\nYou don\\\'t have permission to access ""ht\')')"
EICHERMOT,"RuntimeError('GET failed https://www.nseindia.com/api/corporate-share-holdings-master?index=equities&symbol=EICHERMOT: RuntimeError(\'HTTP 403: <HTML><HEAD>\\n<TITLE>Access Denied</TITLE>\\n</HEAD><BODY>\\n<H1>Access Denied</H1>\\n \\nYou don\\\'t have permission to access ""ht\')')"
EIDPARRY,"RuntimeError('GET failed https://www.nseindia.com/api/corporate-share-holdings-master?index=equities&symbol=EIDPARRY: RuntimeError(\'HTTP 403: <HTML><HEAD>\\n<TITLE>Access Denied</TITLE>\\n</HEAD><BODY>\\n<H1>Access Denied</H1>\\n \\nYou don\\\'t have permission to access ""ht\')')"
EIEL,"RuntimeError('GET failed https://www.nseindia.com/api/corporate-share-holdings-master?index=equities&symbol=EIEL: RuntimeError(\'HTTP 403: <HTML><HEAD>\\n<TITLE>Access Denied</TITLE>\\n</HEAD><BODY>\\n<H1>Access Denied</H1>\\n \\nYou don\\\'t have permission to access ""ht\')')"
EIFFL,"RuntimeError('GET failed https://www.nseindia.com/api/corporate-share-holdings-master?index=equities&symbol=EIFFL: RuntimeError(\'HTTP 403: <HTML><HEAD>\\n<TITLE>Access Denied</TITLE>\\n</HEAD><BODY>\\n<H1>Access Denied</H1>\\n \\nYou don\\\'t have permission to access ""ht\')')"
EIHAHOTELS,"RuntimeError('GET failed https://www.nseindia.com/api/corporate-share-holdings-master?index=equities&symbol=EIHAHOTELS: RuntimeError(\'HTTP 403: <HTML><HEAD>\\n<TITLE>Access Denied</TITLE>\\n</HEAD><BODY>\\n<H1>Access Denied</H1>\\n \\nYou don\\\'t have permission to access ""ht\')')"
EIHOTEL,"RuntimeError('GET failed https://www.nseindia.com/api/corporate-share-holdings-master?index=equities&symbol=EIHOTEL: RuntimeError(\'HTTP 403: <HTML><HEAD>\\n<TITLE>Access Denied</TITLE>\\n</HEAD><BODY>\\n<H1>Access Denied</H1>\\n \\nYou don\\\'t have permission to access ""ht\')')"
EIMCOELECO,"RuntimeError('GET failed https://www.nseindia.com/api/corporate-share-holdings-master?index=equities&symbol=EIMCOELECO: RuntimeError(\'HTTP 403: <HTML><HEAD>\\n<TITLE>Access Denied</TITLE>\\n</HEAD><BODY>\\n<H1>Access Denied</H1>\\n \\nYou don\\\'t have permission to access ""ht\')')"
EKC,"RuntimeError('GET failed https://www.nseindia.com/api/corporate-share-holdings-master?index=equities&symbol=EKC: RuntimeError(\'HTTP 403: <HTML><HEAD>\\n<TITLE>Access Denied</TITLE>\\n</HEAD><BODY>\\n<H1>Access Denied</H1>\\n \\nYou don\\\'t have permission to access ""ht\')')"
ELAND,"RuntimeError('GET failed https://www.nseindia.com/api/corporate-share-holdings-master?index=equities&symbol=ELAND: RuntimeError(\'HTTP 403: <HTML><HEAD>\\n<TITLE>Access Denied</TITLE>\\n</HEAD><BODY>\\n<H1>Access Denied</H1>\\n \\nYou don\\\'t have permission to access ""ht\')')"
ELDEHSG,"RuntimeError('GET failed https://www.nseindia.com/api/corporate-share-holdings-master?index=equities&symbol=ELDEHSG: RuntimeError(\'HTTP 403: <HTML><HEAD>\\n<TITLE>Access Denied</TITLE>\\n</HEAD><BODY>\\n<H1>Access Denied</H1>\\n \\nYou don\\\'t have permission to access ""ht\')')"
ELDERPHARM,"RuntimeError('GET failed https://www.nseindia.com/api/corporate-share-holdings-master?index=equities&symbol=ELDERPHARM: RuntimeError(\'HTTP 403: <HTML><HEAD>\\n<TITLE>Access Denied</TITLE>\\n</HEAD><BODY>\\n<H1>Access Denied</H1>\\n \\nYou don\\\'t have permission to access ""ht\')')"
ELECON,"RuntimeError('GET failed https://www.nseindia.com/api/corporate-share-holdings-master?index=equities&symbol=ELECON: RuntimeError(\'HTTP 403: <HTML><HEAD>\\n<TITLE>Access Denied</TITLE>\\n</HEAD><BODY>\\n<H1>Access Denied</H1>\\n \\nYou don\\\'t have permission to access ""ht\')')"
ELECTCAST,"RuntimeError('GET failed https://www.nseindia.com/api/corporate-share-holdings-master?index=equities&symbol=ELECTCAST: RuntimeError(\'HTTP 403: <HTML><HEAD>\\n<TITLE>Access Denied</TITLE>\\n</HEAD><BODY>\\n<H1>Access Denied</H1>\\n \\nYou don\\\'t have permission to access ""ht\')')"
ELGIEQUIP,"RuntimeError('GET failed https://www.nseindia.com/api/corporate-share-holdings-master?index=equities&symbol=ELGIEQUIP: RuntimeError(\'HTTP 403: <HTML><HEAD>\\n<TITLE>Access Denied</TITLE>\\n</HEAD><BODY>\\n<H1>Access Denied</H1>\\n \\nYou don\\\'t have permission to access ""ht\')')"
ELECTHERM,"RuntimeError('GET failed https://www.nseindia.com/api/corporate-share-holdings-master?index=equities&symbol=ELECTHERM: RuntimeError(\'HTTP 403: <HTML><HEAD>\\n<TITLE>Access Denied</TITLE>\\n</HEAD><BODY>\\n<H1>Access Denied</H1>\\n \\nYou don\\\'t have permission to access ""ht\')')"
ELGIRUBCO,"RuntimeError('GET failed https://www.nseindia.com/api/corporate-share-holdings-master?index=equities&symbol=ELGIRUBCO: RuntimeError(\'HTTP 403: <HTML><HEAD>\\n<TITLE>Access Denied</TITLE>\\n</HEAD><BODY>\\n<H1>Access Denied</H1>\\n \\nYou don\\\'t have permission to access ""ht\')')"
ELIN,"RuntimeError('GET failed https://www.nseindia.com/api/corporate-share-holdings-master?index=equities&symbol=ELIN: RuntimeError(\'HTTP 403: <HTML><HEAD>\\n<TITLE>Access Denied</TITLE>\\n</HEAD><BODY>\\n<H1>Access Denied</H1>\\n \\nYou don\\\'t have permission to access ""ht\')')"
ELLEN,"RuntimeError('GET failed https://www.nseindia.com/api/corporate-share-holdings-master?index=equities&symbol=ELLEN: RuntimeError(\'HTTP 403: <HTML><HEAD>\\n<TITLE>Access Denied</TITLE>\\n</HEAD><BODY>\\n<H1>Access Denied</H1>\\n \\nYou don\\\'t have permission to access ""ht\')')"
EMAMILTD,"RuntimeError('GET failed https://www.nseindia.com/api/corporate-share-holdings-master?index=equities&symbol=EMAMILTD: RuntimeError(\'HTTP 403: <HTML><HEAD>\\n<TITLE>Access Denied</TITLE>\\n</HEAD><BODY>\\n<H1>Access Denied</H1>\\n \\nYou don\\\'t have permission to access ""ht\')')"
EMAMIPAP,"RuntimeError('GET failed https://www.nseindia.com/api/corporate-share-holdings-master?index=equities&symbol=EMAMIPAP: RuntimeError(\'HTTP 403: <HTML><HEAD>\\n<TITLE>Access Denied</TITLE>\\n</HEAD><BODY>\\n<H1>Access Denied</H1>\\n \\nYou don\\\'t have permission to access ""ht\')')"
EMAMIREAL,"RuntimeError('GET failed https://www.nseindia.com/api/corporate-share-holdings-master?index=equities&symbol=EMAMIREAL: RuntimeError(\'HTTP 403: <HTML><HEAD>\\n<TITLE>Access Denied</TITLE>\\n</HEAD><BODY>\\n<H1>Access Denied</H1>\\n \\nYou don\\\'t have permission to access ""ht\')')"
EMBDL,"RuntimeError('GET failed https://www.nseindia.com/api/corporate-share-holdings-master?index=equities&symbol=EMBDL: RuntimeError(\'HTTP 403: <HTML><HEAD>\\n<TITLE>Access Denied</TITLE>\\n</HEAD><BODY>\\n<H1>Access Denied</H1>\\n \\nYou don\\\'t have permission to access ""ht\')')"
EMCO,"RuntimeError('GET failed https://www.nseindia.com/api/corporate-share-holdings-master?index=equities&symbol=EMCO: RuntimeError(\'HTTP 403: <HTML><HEAD>\\n<TITLE>Access Denied</TITLE>\\n</HEAD><BODY>\\n<H1>Access Denied</H1>\\n \\nYou don\\\'t have permission to access ""ht\')')"
EMCURE,"RuntimeError('GET failed https://www.nseindia.com/api/corporate-share-holdings-master?index=equities&symbol=EMCURE: RuntimeError(\'HTTP 403: <HTML><HEAD>\\n<TITLE>Access Denied</TITLE>\\n</HEAD><BODY>\\n<H1>Access Denied</H1>\\n \\nYou don\\\'t have permission to access ""ht\')')"
EMERCK,"RuntimeError('GET failed https://www.nseindia.com/api/corporate-share-holdings-master?index=equities&symbol=EMERCK: RuntimeError(\'HTTP 403: <HTML><HEAD>\\n<TITLE>Access Denied</TITLE>\\n</HEAD><BODY>\\n<H1>Access Denied</H1>\\n \\nYou don\\\'t have permission to access ""ht\')')"
EMIL,"RuntimeError('GET failed https://www.nseindia.com/api/corporate-share-holdings-master?index=equities&symbol=EMIL: RuntimeError(\'HTTP 403: <HTML><HEAD>\\n<TITLE>Access Denied</TITLE>\\n</HEAD><BODY>\\n<H1>Access Denied</H1>\\n \\nYou don\\\'t have permission to access ""ht\')')"
EMKAY,"RuntimeError('GET failed https://www.nseindia.com/api/corporate-share-holdings-master?index=equities&symbol=EMKAY: RuntimeError(\'HTTP 403: <HTML><HEAD>\\n<TITLE>Access Denied</TITLE>\\n</HEAD><BODY>\\n<H1>Access Denied</H1>\\n \\nYou don\\\'t have permission to access ""ht\')')"
EMMBI,"RuntimeError('GET failed https://www.nseindia.com/api/corporate-share-holdings-master?index=equities&symbol=EMMBI: RuntimeError(\'HTTP 403: <HTML><HEAD>\\n<TITLE>Access Denied</TITLE>\\n</HEAD><BODY>\\n<H1>Access Denied</H1>\\n \\nYou don\\\'t have permission to access ""ht\')')"
EMMVEE,"RuntimeError('GET failed https://www.nseindia.com/api/corporate-share-holdings-master?index=equities&symbol=EMMVEE: RuntimeError(\'HTTP 403: <HTML><HEAD>\\n<TITLE>Access Denied</TITLE>\\n</HEAD><BODY>\\n<H1>Access Denied</H1>\\n \\nYou don\\\'t have permission to access ""ht\')')"
EMPEESUG,"RuntimeError('GET failed https://www.nseindia.com/api/corporate-share-holdings-master?index=equities&symbol=EMPEESUG: RuntimeError(\'HTTP 403: <HTML><HEAD>\\n<TITLE>Access Denied</TITLE>\\n</HEAD><BODY>\\n<H1>Access Denied</H1>\\n \\nYou don\\\'t have permission to access ""ht\')')"
EMSLIMITED,"RuntimeError('GET failed https://www.nseindia.com/api/corporate-share-holdings-master?index=equities&symbol=EMSLIMITED: RuntimeError(\'HTTP 403: <HTML><HEAD>\\n<TITLE>Access Denied</TITLE>\\n</HEAD><BODY>\\n<H1>Access Denied</H1>\\n \\nYou don\\\'t have permission to access ""ht\')')"
EMUDHRA,"RuntimeError('GET failed https://www.nseindia.com/api/corporate-share-holdings-master?index=equities&symbol=EMUDHRA: RuntimeError(\'HTTP 403: <HTML><HEAD>\\n<TITLE>Access Denied</TITLE>\\n</HEAD><BODY>\\n<H1>Access Denied</H1>\\n \\nYou don\\\'t have permission to access ""ht\')')"
ENDURANCE,"RuntimeError('GET failed https://www.nseindia.com/api/corporate-share-holdings-master?index=equities&symbol=ENDURANCE: RuntimeError(\'HTTP 403: <HTML><HEAD>\\n<TITLE>Access Denied</TITLE>\\n</HEAD><BODY>\\n<H1>Access Denied</H1>\\n \\nYou don\\\'t have permission to access ""ht\')')"
ENERGYDEV,"RuntimeError('GET failed https://www.nseindia.com/api/corporate-share-holdings-master?index=equities&symbol=ENERGYDEV: RuntimeError(\'HTTP 403: <HTML><HEAD>\\n<TITLE>Access Denied</TITLE>\\n</HEAD><BODY>\\n<H1>Access Denied</H1>\\n \\nYou don\\\'t have permission to access ""ht\')')"
ENGINERSIN,"RuntimeError('GET failed https://www.nseindia.com/api/corporate-share-holdings-master?index=equities&symbol=ENGINERSIN: RuntimeError(\'HTTP 403: <HTML><HEAD>\\n<TITLE>Access Denied</TITLE>\\n</HEAD><BODY>\\n<H1>Access Denied</H1>\\n \\nYou don\\\'t have permission to access ""ht\')')"
KPIGREEN,"RuntimeError('GET failed https://www.nseindia.com/api/corporate-share-holdings-master?index=equities&symbol=KPIGREEN: RuntimeError(\'HTTP 403: <HTML><HEAD>\\n<TITLE>Access Denied</TITLE>\\n</HEAD><BODY>\\n<H1>Access Denied</H1>\\n \\nYou don\\\'t have permission to access ""ht\')')"
KPIT,"RuntimeError('GET failed https://www.nseindia.com/api/corporate-share-holdings-master?index=equities&symbol=KPIT: RuntimeError(\'HTTP 403: <HTML><HEAD>\\n<TITLE>Access Denied</TITLE>\\n</HEAD><BODY>\\n<H1>Access Denied</H1>\\n \\nYou don\\\'t have permission to access ""ht\')')"
KPITTECH,"RuntimeError('GET failed https://www.nseindia.com/api/corporate-share-holdings-master?index=equities&symbol=KPITTECH: RuntimeError(\'HTTP 403: <HTML><HEAD>\\n<TITLE>Access Denied</TITLE>\\n</HEAD><BODY>\\n<H1>Access Denied</H1>\\n \\nYou don\\\'t have permission to access ""ht\')')"
KRISHANA,"RuntimeError('GET failed https://www.nseindia.com/api/corporate-share-holdings-master?index=equities&symbol=KRISHANA: RuntimeError(\'HTTP 403: <HTML><HEAD>\\n<TITLE>Access Denied</TITLE>\\n</HEAD><BODY>\\n<H1>Access Denied</H1>\\n \\nYou don\\\'t have permission to access ""ht\')')"
KRISHIVAL,"RuntimeError('GET failed https://www.nseindia.com/api/corporate-share-holdings-master?index=equities&symbol=KRISHIVAL: RuntimeError(\'HTTP 403: <HTML><HEAD>\\n<TITLE>Access Denied</TITLE>\\n</HEAD><BODY>\\n<H1>Access Denied</H1>\\n \\nYou don\\\'t have permission to access ""ht\')')"
KRITI,"RuntimeError('GET failed https://www.nseindia.com/api/corporate-share-holdings-master?index=equities&symbol=KRITI: RuntimeError(\'HTTP 403: <HTML><HEAD>\\n<TITLE>Access Denied</TITLE>\\n</HEAD><BODY>\\n<H1>Access Denied</H1>\\n \\nYou don\\\'t have permission to access ""ht\')')"
KRITINUT,"RuntimeError('GET failed https://www.nseindia.com/api/corporate-share-holdings-master?index=equities&symbol=KRITINUT: RuntimeError(\'HTTP 403: <HTML><HEAD>\\n<TITLE>Access Denied</TITLE>\\n</HEAD><BODY>\\n<H1>Access Denied</H1>\\n \\nYou don\\\'t have permission to access ""ht\')')"
KRN,"RuntimeError('GET failed https://www.nseindia.com/api/corporate-share-holdings-master?index=equities&symbol=KRN: RuntimeError(\'HTTP 403: <HTML><HEAD>\\n<TITLE>Access Denied</TITLE>\\n</HEAD><BODY>\\n<H1>Access Denied</H1>\\n \\nYou don\\\'t have permission to access ""ht\')')"
KRONOX,"RuntimeError('GET failed https://www.nseindia.com/api/corporate-share-holdings-master?index=equities&symbol=KRONOX: RuntimeError(\'HTTP 403: <HTML><HEAD>\\n<TITLE>Access Denied</TITLE>\\n</HEAD><BODY>\\n<H1>Access Denied</H1>\\n \\nYou don\\\'t have permission to access ""ht\')')"
KROSS,"RuntimeError('GET failed https://www.nseindia.com/api/corporate-share-holdings-master?index=equities&symbol=KROSS: RuntimeError(\'HTTP 403: <HTML><HEAD>\\n<TITLE>Access Denied</TITLE>\\n</HEAD><BODY>\\n<H1>Access Denied</H1>\\n \\nYou don\\\'t have permission to access ""ht\')')"
KRSNAA,"RuntimeError('GET failed https://www.nseindia.com/api/corporate-share-holdings-master?index=equities&symbol=KRSNAA: RuntimeError(\'HTTP 403: <HTML><HEAD>\\n<TITLE>Access Denied</TITLE>\\n</HEAD><BODY>\\n<H1>Access Denied</H1>\\n \\nYou don\\\'t have permission to access ""ht\')')"
KRYSTAL,"RuntimeError('GET failed https://www.nseindia.com/api/corporate-share-holdings-master?index=equities&symbol=KRYSTAL: RuntimeError(\'HTTP 403: <HTML><HEAD>\\n<TITLE>Access Denied</TITLE>\\n</HEAD><BODY>\\n<H1>Access Denied</H1>\\n \\nYou don\\\'t have permission to access ""ht\')')"
KSBPUMPS,"RuntimeError('GET failed https://www.nseindia.com/api/corporate-share-holdings-master?index=equities&symbol=KSBPUMPS: RuntimeError(\'HTTP 403: <HTML><HEAD>\\n<TITLE>Access Denied</TITLE>\\n</HEAD><BODY>\\n<H1>Access Denied</H1>\\n \\nYou don\\\'t have permission to access ""ht\')')"
KSB,"RuntimeError('GET failed https://www.nseindia.com/api/corporate-share-holdings-master?index=equities&symbol=KSB: RuntimeError(\'HTTP 403: <HTML><HEAD>\\n<TITLE>Access Denied</TITLE>\\n</HEAD><BODY>\\n<H1>Access Denied</H1>\\n \\nYou don\\\'t have permission to access ""ht\')')"
KSCL,"RuntimeError('GET failed https://www.nseindia.com/api/corporate-share-holdings-master?index=equities&symbol=KSCL: RuntimeError(\'HTTP 403: <HTML><HEAD>\\n<TITLE>Access Denied</TITLE>\\n</HEAD><BODY>\\n<H1>Access Denied</H1>\\n \\nYou don\\\'t have permission to access ""ht\')')"
KSERAPRO,"RuntimeError('GET failed https://www.nseindia.com/api/corporate-share-holdings-master?index=equities&symbol=KSERAPRO: RuntimeError(\'HTTP 403: <HTML><HEAD>\\n<TITLE>Access Denied</TITLE>\\n</HEAD><BODY>\\n<H1>Access Denied</H1>\\n \\nYou don\\\'t have permission to access ""ht\')')"
KSK,"RuntimeError('GET failed https://www.nseindia.com/api/corporate-share-holdings-master?index=equities&symbol=KSK: RuntimeError(\'HTTP 403: <HTML><HEAD>\\n<TITLE>Access Denied</TITLE>\\n</HEAD><BODY>\\n<H1>Access Denied</H1>\\n \\nYou don\\\'t have permission to access ""ht\')')"
KSL,"RuntimeError('GET failed https://www.nseindia.com/api/corporate-share-holdings-master?index=equities&symbol=KSL: RuntimeError(\'HTTP 403: <HTML><HEAD>\\n<TITLE>Access Denied</TITLE>\\n</HEAD><BODY>\\n<H1>Access Denied</H1>\\n \\nYou don\\\'t have permission to access ""ht\')')"
KSOLVES,"RuntimeError('GET failed https://www.nseindia.com/api/corporate-share-holdings-master?index=equities&symbol=KSOLVES: RuntimeError(\'HTTP 403: <HTML><HEAD>\\n<TITLE>Access Denied</TITLE>\\n</HEAD><BODY>\\n<H1>Access Denied</H1>\\n \\nYou don\\\'t have permission to access ""ht\')')"
KSOILS,"RuntimeError('GET failed https://www.nseindia.com/api/corporate-share-holdings-master?index=equities&symbol=KSOILS: RuntimeError(\'HTTP 403: <HTML><HEAD>\\n<TITLE>Access Denied</TITLE>\\n</HEAD><BODY>\\n<H1>Access Denied</H1>\\n \\nYou don\\\'t have permission to access ""ht\')')"
KTIL,"RuntimeError('GET failed https://www.nseindia.com/api/corporate-share-holdings-master?index=equities&symbol=KTIL: RuntimeError(\'HTTP 403: <HTML><HEAD>\\n<TITLE>Access Denied</TITLE>\\n</HEAD><BODY>\\n<H1>Access Denied</H1>\\n \\nYou don\\\'t have permission to access ""ht\')')"
KTKBANK,"RuntimeError('GET failed https://www.nseindia.com/api/corporate-share-holdings-master?index=equities&symbol=KTKBANK: RuntimeError(\'HTTP 403: <HTML><HEAD>\\n<TITLE>Access Denied</TITLE>\\n</HEAD><BODY>\\n<H1>Access Denied</H1>\\n \\nYou don\\\'t have permission to access ""ht\')')"
KUANTUM,"RuntimeError('GET failed https://www.nseindia.com/api/corporate-share-holdings-master?index=equities&symbol=KUANTUM: RuntimeError(\'HTTP 403: <HTML><HEAD>\\n<TITLE>Access Denied</TITLE>\\n</HEAD><BODY>\\n<H1>Access Denied</H1>\\n \\nYou don\\\'t have permission to access ""ht\')')"
KWALITY,"RuntimeError('GET failed https://www.nseindia.com/api/corporate-share-holdings-master?index=equities&symbol=KWALITY: RuntimeError(\'HTTP 403: <HTML><HEAD>\\n<TITLE>Access Denied</TITLE>\\n</HEAD><BODY>\\n<H1>Access Denied</H1>\\n \\nYou don\\\'t have permission to access ""ht\')')"
L&T,"RuntimeError('GET failed https://www.nseindia.com/api/corporate-share-holdings-master?index=equities&symbol=L%26T: RuntimeError(\'HTTP 403: <HTML><HEAD>\\n<TITLE>Access Denied</TITLE>\\n</HEAD><BODY>\\n<H1>Access Denied</H1>\\n \\nYou don\\\'t have permission to access ""ht\')')"
LAGNAM,"RuntimeError('GET failed https://www.nseindia.com/api/corporate-share-holdings-master?index=equities&symbol=LAGNAM: RuntimeError(\'HTTP 403: <HTML><HEAD>\\n<TITLE>Access Denied</TITLE>\\n</HEAD><BODY>\\n<H1>Access Denied</H1>\\n \\nYou don\\\'t have permission to access ""ht\')')"
LAKSHMIEFL,"RuntimeError('GET failed https://www.nseindia.com/api/corporate-share-holdings-master?index=equities&symbol=LAKSHMIEFL: RuntimeError(\'HTTP 403: <HTML><HEAD>\\n<TITLE>Access Denied</TITLE>\\n</HEAD><BODY>\\n<H1>Access Denied</H1>\\n \\nYou don\\\'t have permission to access ""ht\')')"
LAKSHVILAS,"RuntimeError('GET failed https://www.nseindia.com/api/corporate-share-holdings-master?index=equities&symbol=LAKSHVILAS: RuntimeError(\'HTTP 403: <HTML><HEAD>\\n<TITLE>Access Denied</TITLE>\\n</HEAD><BODY>\\n<H1>Access Denied</H1>\\n \\nYou don\\\'t have permission to access ""ht\')')"
LAL,"RuntimeError('GET failed https://www.nseindia.com/api/corporate-share-holdings-master?index=equities&symbol=LAL: RuntimeError(\'HTTP 403: <HTML><HEAD>\\n<TITLE>Access Denied</TITLE>\\n</HEAD><BODY>\\n<H1>Access Denied</H1>\\n \\nYou don\\\'t have permission to access ""ht\')')"
LALPATHLAB,"RuntimeError('GET failed https://www.nseindia.com/api/corporate-share-holdings-master?index=equities&symbol=LALPATHLAB: RuntimeError(\'HTTP 403: <HTML><HEAD>\\n<TITLE>Access Denied</TITLE>\\n</HEAD><BODY>\\n<H1>Access Denied</H1>\\n \\nYou don\\\'t have permission to access ""ht\')')"
LAMBODHARA,"RuntimeError('GET failed https://www.nseindia.com/api/corporate-share-holdings-master?index=equities&symbol=LAMBODHARA: RuntimeError(\'HTTP 403: <HTML><HEAD>\\n<TITLE>Access Denied</TITLE>\\n</HEAD><BODY>\\n<H1>Access Denied</H1>\\n \\nYou don\\\'t have permission to access ""ht\')')"
LANCOIN,"RuntimeError('GET failed https://www.nseindia.com/api/corporate-share-holdings-master?index=equities&symbol=LANCOIN: RuntimeError(\'HTTP 403: <HTML><HEAD>\\n<TITLE>Access Denied</TITLE>\\n</HEAD><BODY>\\n<H1>Access Denied</H1>\\n \\nYou don\\\'t have permission to access ""ht\')')"
LANCER,"RuntimeError('GET failed https://www.nseindia.com/api/corporate-share-holdings-master?index=equities&symbol=LANCER: RuntimeError(\'HTTP 403: <HTML><HEAD>\\n<TITLE>Access Denied</TITLE>\\n</HEAD><BODY>\\n<H1>Access Denied</H1>\\n \\nYou don\\\'t have permission to access ""ht\')')"
LANCORHOL,"RuntimeError('GET failed https://www.nseindia.com/api/corporate-share-holdings-master?index=equities&symbol=LANCORHOL: RuntimeError(\'HTTP 403: <HTML><HEAD>\\n<TITLE>Access Denied</TITLE>\\n</HEAD><BODY>\\n<H1>Access Denied</H1>\\n \\nYou don\\\'t have permission to access ""ht\')')"
LANDMARK,"RuntimeError('GET failed https://www.nseindia.com/api/corporate-share-holdings-master?index=equities&symbol=LANDMARK: RuntimeError(\'HTTP 403: <HTML><HEAD>\\n<TITLE>Access Denied</TITLE>\\n</HEAD><BODY>\\n<H1>Access Denied</H1>\\n \\nYou don\\\'t have permission to access ""ht\')')"
LAOPALA,"RuntimeError('GET failed https://www.nseindia.com/api/corporate-share-holdings-master?index=equities&symbol=LAOPALA: RuntimeError(\'HTTP 403: <HTML><HEAD>\\n<TITLE>Access Denied</TITLE>\\n</HEAD><BODY>\\n<H1>Access Denied</H1>\\n \\nYou don\\\'t have permission to access ""ht\')')"
LASA,"RuntimeError('GET failed https://www.nseindia.com/api/corporate-share-holdings-master?index=equities&symbol=LASA: RuntimeError(\'HTTP 403: <HTML><HEAD>\\n<TITLE>Access Denied</TITLE>\\n</HEAD><BODY>\\n<H1>Access Denied</H1>\\n \\nYou don\\\'t have permission to access ""ht\')')"
LATENTVIEW,"RuntimeError('GET failed https://www.nseindia.com/api/corporate-share-holdings-master?index=equities&symbol=LATENTVIEW: RuntimeError(\'HTTP 403: <HTML><HEAD>\\n<TITLE>Access Denied</TITLE>\\n</HEAD><BODY>\\n<H1>Access Denied</H1>\\n \\nYou don\\\'t have permission to access ""ht\')')"
LATTEYS,"RuntimeError('GET failed https://www.nseindia.com/api/corporate-share-holdings-master?index=equities&symbol=LATTEYS: RuntimeError(\'HTTP 403: <HTML><HEAD>\\n<TITLE>Access Denied</TITLE>\\n</HEAD><BODY>\\n<H1>Access Denied</H1>\\n \\nYou don\\\'t have permission to access ""ht\')')"
LAURUSLABS,"RuntimeError('GET failed https://www.nseindia.com/api/corporate-share-holdings-master?index=equities&symbol=LAURUSLABS: RuntimeError(\'HTTP 403: <HTML><HEAD>\\n<TITLE>Access Denied</TITLE>\\n</HEAD><BODY>\\n<H1>Access Denied</H1>\\n \\nYou don\\\'t have permission to access ""ht\')')"
LAXMIDENTL,"RuntimeError('GET failed https://www.nseindia.com/api/corporate-share-holdings-master?index=equities&symbol=LAXMIDENTL: RuntimeError(\'HTTP 403: <HTML><HEAD>\\n<TITLE>Access Denied</TITLE>\\n</HEAD><BODY>\\n<H1>Access Denied</H1>\\n \\nYou don\\\'t have permission to access ""ht\')')"
LAXMIINDIA,"RuntimeError('GET failed https://www.nseindia.com/api/corporate-share-holdings-master?index=equities&symbol=LAXMIINDIA: RuntimeError(\'HTTP 403: <HTML><HEAD>\\n<TITLE>Access Denied</TITLE>\\n</HEAD><BODY>\\n<H1>Access Denied</H1>\\n \\nYou don\\\'t have permission to access ""ht\')')"
LAXMIMACH,"RuntimeError('GET failed https://www.nseindia.com/api/corporate-share-holdings-master?index=equities&symbol=LAXMIMACH: RuntimeError(\'HTTP 403: <HTML><HEAD>\\n<TITLE>Access Denied</TITLE>\\n</HEAD><BODY>\\n<H1>Access Denied</H1>\\n \\nYou don\\\'t have permission to access ""ht\')')"
LEMERITE,"RuntimeError('GET failed https://www.nseindia.com/api/corporate-share-holdings-master?index=equities&symbol=LEMERITE: RuntimeError(\'HTTP 403: <HTML><HEAD>\\n<TITLE>Access Denied</TITLE>\\n</HEAD><BODY>\\n<H1>Access Denied</H1>\\n \\nYou don\\\'t have permission to access ""ht\')')"
LEEL,"RuntimeError('GET failed https://www.nseindia.com/api/corporate-share-holdings-master?index=equities&symbol=LEEL: RuntimeError(\'HTTP 403: <HTML><HEAD>\\n<TITLE>Access Denied</TITLE>\\n</HEAD><BODY>\\n<H1>Access Denied</H1>\\n \\nYou don\\\'t have permission to access ""ht\')')"
LEMONTREE,"RuntimeError('GET failed https://www.nseindia.com/api/corporate-share-holdings-master?index=equities&symbol=LEMONTREE: RuntimeError(\'HTTP 403: <HTML><HEAD>\\n<TITLE>Access Denied</TITLE>\\n</HEAD><BODY>\\n<H1>Access Denied</H1>\\n \\nYou don\\\'t have permission to access ""ht\')')"
LENSKART,"RuntimeError('GET failed https://www.nseindia.com/api/corporate-share-holdings-master?index=equities&symbol=LENSKART: RuntimeError(\'HTTP 403: <HTML><HEAD>\\n<TITLE>Access Denied</TITLE>\\n</HEAD><BODY>\\n<H1>Access Denied</H1>\\n \\nYou don\\\'t have permission to access ""ht\')')"
LEXUS,"RuntimeError('GET failed https://www.nseindia.com/api/corporate-share-holdings-master?index=equities&symbol=LEXUS: RuntimeError(\'HTTP 403: <HTML><HEAD>\\n<TITLE>Access Denied</TITLE>\\n</HEAD><BODY>\\n<H1>Access Denied</H1>\\n \\nYou don\\\'t have permission to access ""ht\')')"
LFIC,"RuntimeError('GET failed https://www.nseindia.com/api/corporate-share-holdings-master?index=equities&symbol=LFIC: RuntimeError(\'HTTP 403: <HTML><HEAD>\\n<TITLE>Access Denied</TITLE>\\n</HEAD><BODY>\\n<H1>Access Denied</H1>\\n \\nYou don\\\'t have permission to access ""ht\')')"
LGBBROSLTD,"RuntimeError('GET failed https://www.nseindia.com/api/corporate-share-holdings-master?index=equities&symbol=LGBBROSLTD: RuntimeError(\'HTTP 403: <HTML><HEAD>\\n<TITLE>Access Denied</TITLE>\\n</HEAD><BODY>\\n<H1>Access Denied</H1>\\n \\nYou don\\\'t have permission to access ""ht\')')"
LGBROS,"RuntimeError('GET failed https://www.nseindia.com/api/corporate-share-holdings-master?index=equities&symbol=LGBROS: RuntimeError(\'HTTP 403: <HTML><HEAD>\\n<TITLE>Access Denied</TITLE>\\n</HEAD><BODY>\\n<H1>Access Denied</H1>\\n \\nYou don\\\'t have permission to access ""ht\')')"
LGEINDIA,"RuntimeError('GET failed https://www.nseindia.com/api/corporate-share-holdings-master?index=equities&symbol=LGEINDIA: RuntimeError(\'HTTP 403: <HTML><HEAD>\\n<TITLE>Access Denied</TITLE>\\n</HEAD><BODY>\\n<H1>Access Denied</H1>\\n \\nYou don\\\'t have permission to access ""ht\')')"
LGHL,"RuntimeError('GET failed https://www.nseindia.com/api/corporate-share-holdings-master?index=equities&symbol=LGHL: RuntimeError(\'HTTP 403: <HTML><HEAD>\\n<TITLE>Access Denied</TITLE>\\n</HEAD><BODY>\\n<H1>Access Denied</H1>\\n \\nYou don\\\'t have permission to access ""ht\')')"
LIBAS,"RuntimeError('GET failed https://www.nseindia.com/api/corporate-share-holdings-master?index=equities&symbol=LIBAS: RuntimeError(\'HTTP 403: <HTML><HEAD>\\n<TITLE>Access Denied</TITLE>\\n</HEAD><BODY>\\n<H1>Access Denied</H1>\\n \\nYou don\\\'t have permission to access ""ht\')')"
LIBERTSHOE,"RuntimeError('GET failed https://www.nseindia.com/api/corporate-share-holdings-master?index=equities&symbol=LIBERTSHOE: RuntimeError(\'HTTP 403: <HTML><HEAD>\\n<TITLE>Access Denied</TITLE>\\n</HEAD><BODY>\\n<H1>Access Denied</H1>\\n \\nYou don\\\'t have permission to access ""ht\')')"
LICHSGFIN,"RuntimeError('GET failed https://www.nseindia.com/api/corporate-share-holdings-master?index=equities&symbol=LICHSGFIN: RuntimeError(\'HTTP 403: <HTML><HEAD>\\n<TITLE>Access Denied</TITLE>\\n</HEAD><BODY>\\n<H1>Access Denied</H1>\\n \\nYou don\\\'t have permission to access ""ht\')')"
LICI,"RuntimeError('GET failed https://www.nseindia.com/api/corporate-share-holdings-master?index=equities&symbol=LICI: RuntimeError(\'HTTP 403: <HTML><HEAD>\\n<TITLE>Access Denied</TITLE>\\n</HEAD><BODY>\\n<H1>Access Denied</H1>\\n \\nYou don\\\'t have permission to access ""ht\')')"
LIKHITHA,"RuntimeError('GET failed https://www.nseindia.com/api/corporate-share-holdings-master?index=equities&symbol=LIKHITHA: RuntimeError(\'HTTP 403: <HTML><HEAD>\\n<TITLE>Access Denied</TITLE>\\n</HEAD><BODY>\\n<H1>Access Denied</H1>\\n \\nYou don\\\'t have permission to access ""ht\')')"
LINC,"RuntimeError('GET failed https://www.nseindia.com/api/corporate-share-holdings-master?index=equities&symbol=LINC: RuntimeError(\'HTTP 403: <HTML><HEAD>\\n<TITLE>Access Denied</TITLE>\\n</HEAD><BODY>\\n<H1>Access Denied</H1>\\n \\nYou don\\\'t have permission to access ""ht\')')"
LINCOLN,"RuntimeError('GET failed https://www.nseindia.com/api/corporate-share-holdings-master?index=equities&symbol=LINCOLN: RuntimeError(\'HTTP 403: <HTML><HEAD>\\n<TITLE>Access Denied</TITLE>\\n</HEAD><BODY>\\n<H1>Access Denied</H1>\\n \\nYou don\\\'t have permission to access ""ht\')')"
LINDEINDIA,"RuntimeError('GET failed https://www.nseindia.com/api/corporate-share-holdings-master?index=equities&symbol=LINDEINDIA: RuntimeError(\'HTTP 403: <HTML><HEAD>\\n<TITLE>Access Denied</TITLE>\\n</HEAD><BODY>\\n<H1>Access Denied</H1>\\n \\nYou don\\\'t have permission to access ""ht\')')"
LITL,"RuntimeError('GET failed https://www.nseindia.com/api/corporate-share-holdings-master?index=equities&symbol=LITL: RuntimeError(\'HTTP 403: <HTML><HEAD>\\n<TITLE>Access Denied</TITLE>\\n</HEAD><BODY>\\n<H1>Access Denied</H1>\\n \\nYou don\\\'t have permission to access ""ht\')')"
LIQUIDBEES,"RuntimeError('GET failed https://www.nseindia.com/api/corporate-share-holdings-master?index=equities&symbol=LIQUIDBEES: RuntimeError(\'HTTP 403: <HTML><HEAD>\\n<TITLE>Access Denied</TITLE>\\n</HEAD><BODY>\\n<H1>Access Denied</H1>\\n \\nYou don\\\'t have permission to access ""ht\')')"
LLOYDELENG,"RuntimeError('GET failed https://www.nseindia.com/api/corporate-share-holdings-master?index=equities&symbol=LLOYDELENG: RuntimeError(\'HTTP 403: <HTML><HEAD>\\n<TITLE>Access Denied</TITLE>\\n</HEAD><BODY>\\n<H1>Access Denied</H1>\\n \\nYou don\\\'t have permission to access ""ht\')')"
LLOYDSENGG,"RuntimeError('GET failed https://www.nseindia.com/api/corporate-share-holdings-master?index=equities&symbol=LLOYDSENGG: RuntimeError(\'HTTP 403: <HTML><HEAD>\\n<TITLE>Access Denied</TITLE>\\n</HEAD><BODY>\\n<H1>Access Denied</H1>\\n \\nYou don\\\'t have permission to access ""ht\')')"
LLOYDSENT,"RuntimeError('GET failed https://www.nseindia.com/api/corporate-share-holdings-master?index=equities&symbol=LLOYDSENT: RuntimeError(\'HTTP 403: <HTML><HEAD>\\n<TITLE>Access Denied</TITLE>\\n</HEAD><BODY>\\n<H1>Access Denied</H1>\\n \\nYou don\\\'t have permission to access ""ht\')')"
LLOYDSME,"RuntimeError('GET failed https://www.nseindia.com/api/corporate-share-holdings-master?index=equities&symbol=LLOYDSME: RuntimeError(\'HTTP 403: <HTML><HEAD>\\n<TITLE>Access Denied</TITLE>\\n</HEAD><BODY>\\n<H1>Access Denied</H1>\\n \\nYou don\\\'t have permission to access ""ht\')')"
LLOYDSTEEL,"RuntimeError('GET failed https://www.nseindia.com/api/corporate-share-holdings-master?index=equities&symbol=LLOYDSTEEL: RuntimeError(\'HTTP 403: <HTML><HEAD>\\n<TITLE>Access Denied</TITLE>\\n</HEAD><BODY>\\n<H1>Access Denied</H1>\\n \\nYou don\\\'t have permission to access ""ht\')')"
LML,"RuntimeError('GET failed https://www.nseindia.com/api/corporate-share-holdings-master?index=equities&symbol=LML: RuntimeError(\'HTTP 403: <HTML><HEAD>\\n<TITLE>Access Denied</TITLE>\\n</HEAD><BODY>\\n<H1>Access Denied</H1>\\n \\nYou don\\\'t have permission to access ""ht\')')"
LMW,"RuntimeError('GET failed https://www.nseindia.com/api/corporate-share-holdings-master?index=equities&symbol=LMW: RuntimeError(\'HTTP 403: <HTML><HEAD>\\n<TITLE>Access Denied</TITLE>\\n</HEAD><BODY>\\n<H1>Access Denied</H1>\\n \\nYou don\\\'t have permission to access ""ht\')')"
LODHA,"RuntimeError('GET failed https://www.nseindia.com/api/corporate-share-holdings-master?index=equities&symbol=LODHA: RuntimeError(\'HTTP 403: <HTML><HEAD>\\n<TITLE>Access Denied</TITLE>\\n</HEAD><BODY>\\n<H1>Access Denied</H1>\\n \\nYou don\\\'t have permission to access ""ht\')')"
LOKESHMACH,"RuntimeError('GET failed https://www.nseindia.com/api/corporate-share-holdings-master?index=equities&symbol=LOKESHMACH: RuntimeError(\'HTTP 403: <HTML><HEAD>\\n<TITLE>Access Denied</TITLE>\\n</HEAD><BODY>\\n<H1>Access Denied</H1>\\n \\nYou don\\\'t have permission to access ""ht\')')"
LORDSCHLO,"RuntimeError('GET failed https://www.nseindia.com/api/corporate-share-holdings-master?index=equities&symbol=LORDSCHLO: RuntimeError(\'HTTP 403: <HTML><HEAD>\\n<TITLE>Access Denied</TITLE>\\n</HEAD><BODY>\\n<H1>Access Denied</H1>\\n \\nYou don\\\'t have permission to access ""ht\')')"
LOTUSEYE,"RuntimeError('GET failed https://www.nseindia.com/api/corporate-share-holdings-master?index=equities&symbol=LOTUSEYE: RuntimeError(\'HTTP 403: <HTML><HEAD>\\n<TITLE>Access Denied</TITLE>\\n</HEAD><BODY>\\n<H1>Access Denied</H1>\\n \\nYou don\\\'t have permission to access ""ht\')')"
LOTUSDEV,"RuntimeError('GET failed https://www.nseindia.com/api/corporate-share-holdings-master?index=equities&symbol=LOTUSDEV: RuntimeError(\'HTTP 403: <HTML><HEAD>\\n<TITLE>Access Denied</TITLE>\\n</HEAD><BODY>\\n<H1>Access Denied</H1>\\n \\nYou don\\\'t have permission to access ""ht\')')"
LOVABLE,"RuntimeError('GET failed https://www.nseindia.com/api/corporate-share-holdings-master?index=equities&symbol=LOVABLE: RuntimeError(\'HTTP 403: <HTML><HEAD>\\n<TITLE>Access Denied</TITLE>\\n</HEAD><BODY>\\n<H1>Access Denied</H1>\\n \\nYou don\\\'t have permission to access ""ht\')')"
LT,"RuntimeError('GET failed https://www.nseindia.com/api/corporate-share-holdings-master?index=equities&symbol=LT: RuntimeError(\'HTTP 403: <HTML><HEAD>\\n<TITLE>Access Denied</TITLE>\\n</HEAD><BODY>\\n<H1>Access Denied</H1>\\n \\nYou don\\\'t have permission to access ""ht\')')"
LTF,"RuntimeError('GET failed https://www.nseindia.com/api/corporate-share-holdings-master?index=equities&symbol=LTF: RuntimeError(\'HTTP 403: <HTML><HEAD>\\n<TITLE>Access Denied</TITLE>\\n</HEAD><BODY>\\n<H1>Access Denied</H1>\\n \\nYou don\\\'t have permission to access ""ht\')')"
LTFOODS,"RuntimeError('GET failed https://www.nseindia.com/api/corporate-share-holdings-master?index=equities&symbol=LTFOODS: RuntimeError(\'HTTP 403: <HTML><HEAD>\\n<TITLE>Access Denied</TITLE>\\n</HEAD><BODY>\\n<H1>Access Denied</H1>\\n \\nYou don\\\'t have permission to access ""ht\')')"
LTM,"RuntimeError('GET failed https://www.nseindia.com/api/corporate-share-holdings-master?index=equities&symbol=LTM: RuntimeError(\'HTTP 403: <HTML><HEAD>\\n<TITLE>Access Denied</TITLE>\\n</HEAD><BODY>\\n<H1>Access Denied</H1>\\n \\nYou don\\\'t have permission to access ""ht\')')"
LTTS,"RuntimeError('GET failed https://www.nseindia.com/api/corporate-share-holdings-master?index=equities&symbol=LTTS: RuntimeError(\'HTTP 403: <HTML><HEAD>\\n<TITLE>Access Denied</TITLE>\\n</HEAD><BODY>\\n<H1>Access Denied</H1>\\n \\nYou don\\\'t have permission to access ""ht\')')"
LUMAXIND,"RuntimeError('GET failed https://www.nseindia.com/api/corporate-share-holdings-master?index=equities&symbol=LUMAXIND: RuntimeError(\'HTTP 403: <HTML><HEAD>\\n<TITLE>Access Denied</TITLE>\\n</HEAD><BODY>\\n<H1>Access Denied</H1>\\n \\nYou don\\\'t have permission to access ""ht\')')"
LUMAXTECH,"RuntimeError('GET failed https://www.nseindia.com/api/corporate-share-holdings-master?index=equities&symbol=LUMAXTECH: RuntimeError(\'HTTP 403: <HTML><HEAD>\\n<TITLE>Access Denied</TITLE>\\n</HEAD><BODY>\\n<H1>Access Denied</H1>\\n \\nYou don\\\'t have permission to access ""ht\')')"
LUPIN,"RuntimeError('GET failed https://www.nseindia.com/api/corporate-share-holdings-master?index=equities&symbol=LUPIN: RuntimeError(\'HTTP 403: <HTML><HEAD>\\n<TITLE>Access Denied</TITLE>\\n</HEAD><BODY>\\n<H1>Access Denied</H1>\\n \\nYou don\\\'t have permission to access ""ht\')')"
LUXIND,"RuntimeError('GET failed https://www.nseindia.com/api/corporate-share-holdings-master?index=equities&symbol=LUXIND: RuntimeError(\'HTTP 403: <HTML><HEAD>\\n<TITLE>Access Denied</TITLE>\\n</HEAD><BODY>\\n<H1>Access Denied</H1>\\n \\nYou don\\\'t have permission to access ""ht\')')"
LXCHEM,"RuntimeError('GET failed https://www.nseindia.com/api/corporate-share-holdings-master?index=equities&symbol=LXCHEM: RuntimeError(\'HTTP 403: <HTML><HEAD>\\n<TITLE>Access Denied</TITLE>\\n</HEAD><BODY>\\n<H1>Access Denied</H1>\\n \\nYou don\\\'t have permission to access ""ht\')')"
LYKALABS,"RuntimeError('GET failed https://www.nseindia.com/api/corporate-share-holdings-master?index=equities&symbol=LYKALABS: RuntimeError(\'HTTP 403: <HTML><HEAD>\\n<TITLE>Access Denied</TITLE>\\n</HEAD><BODY>\\n<H1>Access Denied</H1>\\n \\nYou don\\\'t have permission to access ""ht\')')"
M&M,"RuntimeError('GET failed https://www.nseindia.com/api/corporate-share-holdings-master?index=equities&symbol=M%26M: RuntimeError(\'HTTP 403: <HTML><HEAD>\\n<TITLE>Access Denied</TITLE>\\n</HEAD><BODY>\\n<H1>Access Denied</H1>\\n \\nYou don\\\'t have permission to access ""ht\')')"
M&MFIN,"RuntimeError('GET failed https://www.nseindia.com/api/corporate-share-holdings-master?index=equities&symbol=M%26MFIN: RuntimeError(\'HTTP 403: <HTML><HEAD>\\n<TITLE>Access Denied</TITLE>\\n</HEAD><BODY>\\n<H1>Access Denied</H1>\\n \\nYou don\\\'t have permission to access ""ht\')')"
MAANALU,"RuntimeError('GET failed https://www.nseindia.com/api/corporate-share-holdings-master?index=equities&symbol=MAANALU: RuntimeError(\'HTTP 403: <HTML><HEAD>\\n<TITLE>Access Denied</TITLE>\\n</HEAD><BODY>\\n<H1>Access Denied</H1>\\n \\nYou don\\\'t have permission to access ""ht\')')"
MACPOWER,"RuntimeError('GET failed https://www.nseindia.com/api/corporate-share-holdings-master?index=equities&symbol=MACPOWER: RuntimeError(\'HTTP 403: <HTML><HEAD>\\n<TITLE>Access Denied</TITLE>\\n</HEAD><BODY>\\n<H1>Access Denied</H1>\\n \\nYou don\\\'t have permission to access ""ht\')')"
MADRASCEM,"RuntimeError('GET failed https://www.nseindia.com/api/corporate-share-holdings-master?index=equities&symbol=MADRASCEM: RuntimeError(\'HTTP 403: <HTML><HEAD>\\n<TITLE>Access Denied</TITLE>\\n</HEAD><BODY>\\n<H1>Access Denied</H1>\\n \\nYou don\\\'t have permission to access ""ht\')')"
MADRASFERT,"RuntimeError('GET failed https://www.nseindia.com/api/corporate-share-holdings-master?index=equities&symbol=MADRASFERT: RuntimeError(\'HTTP 403: <HTML><HEAD>\\n<TITLE>Access Denied</TITLE>\\n</HEAD><BODY>\\n<H1>Access Denied</H1>\\n \\nYou don\\\'t have permission to access ""ht\')')"
MADHUCON,"RuntimeError('GET failed https://www.nseindia.com/api/corporate-share-holdings-master?index=equities&symbol=MADHUCON: RuntimeError(\'HTTP 403: <HTML><HEAD>\\n<TITLE>Access Denied</TITLE>\\n</HEAD><BODY>\\n<H1>Access Denied</H1>\\n \\nYou don\\\'t have permission to access ""ht\')')"
MAGADSUGAR,"RuntimeError('GET failed https://www.nseindia.com/api/corporate-share-holdings-master?index=equities&symbol=MAGADSUGAR: RuntimeError(\'HTTP 403: <HTML><HEAD>\\n<TITLE>Access Denied</TITLE>\\n</HEAD><BODY>\\n<H1>Access Denied</H1>\\n \\nYou don\\\'t have permission to access ""ht\')')"
MAGMA,"RuntimeError('GET failed https://www.nseindia.com/api/corporate-share-holdings-master?index=equities&symbol=MAGMA: RuntimeError(\'HTTP 403: <HTML><HEAD>\\n<TITLE>Access Denied</TITLE>\\n</HEAD><BODY>\\n<H1>Access Denied</H1>\\n \\nYou don\\\'t have permission to access ""ht\')')"
MAGNUM,"RuntimeError('GET failed https://www.nseindia.com/api/corporate-share-holdings-master?index=equities&symbol=MAGNUM: RuntimeError(\'HTTP 403: <HTML><HEAD>\\n<TITLE>Access Denied</TITLE>\\n</HEAD><BODY>\\n<H1>Access Denied</H1>\\n \\nYou don\\\'t have permission to access ""ht\')')"
MAHABANK,"RuntimeError('GET failed https://www.nseindia.com/api/corporate-share-holdings-master?index=equities&symbol=MAHABANK: RuntimeError(\'HTTP 403: <HTML><HEAD>\\n<TITLE>Access Denied</TITLE>\\n</HEAD><BODY>\\n<H1>Access Denied</H1>\\n \\nYou don\\\'t have permission to access ""ht\')')"
MAHASTEEL,"RuntimeError('GET failed https://www.nseindia.com/api/corporate-share-holdings-master?index=equities&symbol=MAHASTEEL: RuntimeError(\'HTTP 403: <HTML><HEAD>\\n<TITLE>Access Denied</TITLE>\\n</HEAD><BODY>\\n<H1>Access Denied</H1>\\n \\nYou don\\\'t have permission to access ""ht\')')"
MAHAPEXLTD,"RuntimeError('GET failed https://www.nseindia.com/api/corporate-share-holdings-master?index=equities&symbol=MAHAPEXLTD: RuntimeError(\'HTTP 403: <HTML><HEAD>\\n<TITLE>Access Denied</TITLE>\\n</HEAD><BODY>\\n<H1>Access Denied</H1>\\n \\nYou don\\\'t have permission to access ""ht\')')"
MAHAVIRSPG,"RuntimeError('GET failed https://www.nseindia.com/api/corporate-share-holdings-master?index=equities&symbol=MAHAVIRSPG: RuntimeError(\'HTTP 403: <HTML><HEAD>\\n<TITLE>Access Denied</TITLE>\\n</HEAD><BODY>\\n<H1>Access Denied</H1>\\n \\nYou don\\\'t have permission to access ""ht\')')"
MAHEPC,"RuntimeError('GET failed https://www.nseindia.com/api/corporate-share-holdings-master?index=equities&symbol=MAHEPC: RuntimeError(\'HTTP 403: <HTML><HEAD>\\n<TITLE>Access Denied</TITLE>\\n</HEAD><BODY>\\n<H1>Access Denied</H1>\\n \\nYou don\\\'t have permission to access ""ht\')')"
MAHESHWARI,"RuntimeError('GET failed https://www.nseindia.com/api/corporate-share-holdings-master?index=equities&symbol=MAHESHWARI: RuntimeError(\'HTTP 403: <HTML><HEAD>\\n<TITLE>Access Denied</TITLE>\\n</HEAD><BODY>\\n<H1>Access Denied</H1>\\n \\nYou don\\\'t have permission to access ""ht\')')"
MAHINDFORG,"RuntimeError('GET failed https://www.nseindia.com/api/corporate-share-holdings-master?index=equities&symbol=MAHINDFORG: RuntimeError(\'HTTP 403: <HTML><HEAD>\\n<TITLE>Access Denied</TITLE>\\n</HEAD><BODY>\\n<H1>Access Denied</H1>\\n \\nYou don\\\'t have permission to access ""ht\')')"
MAHLIFE,"RuntimeError('GET failed https://www.nseindia.com/api/corporate-share-holdings-master?index=equities&symbol=MAHLIFE: RuntimeError(\'HTTP 403: <HTML><HEAD>\\n<TITLE>Access Denied</TITLE>\\n</HEAD><BODY>\\n<H1>Access Denied</H1>\\n \\nYou don\\\'t have permission to access ""ht\')')"
MAHINDUGIN,"RuntimeError('GET failed https://www.nseindia.com/api/corporate-share-holdings-master?index=equities&symbol=MAHINDUGIN: RuntimeError(\'HTTP 403: <HTML><HEAD>\\n<TITLE>Access Denied</TITLE>\\n</HEAD><BODY>\\n<H1>Access Denied</H1>\\n \\nYou don\\\'t have permission to access ""ht\')')"
MAHLOG,"RuntimeError('GET failed https://www.nseindia.com/api/corporate-share-holdings-master?index=equities&symbol=MAHLOG: RuntimeError(\'HTTP 403: <HTML><HEAD>\\n<TITLE>Access Denied</TITLE>\\n</HEAD><BODY>\\n<H1>Access Denied</H1>\\n \\nYou don\\\'t have permission to access ""ht\')')"
MAHSCOOTER,"RuntimeError('GET failed https://www.nseindia.com/api/corporate-share-holdings-master?index=equities&symbol=MAHSCOOTER: RuntimeError(\'HTTP 403: <HTML><HEAD>\\n<TITLE>Access Denied</TITLE>\\n</HEAD><BODY>\\n<H1>Access Denied</H1>\\n \\nYou don\\\'t have permission to access ""ht\')')"
MAHSEAMLES,"RuntimeError('GET failed https://www.nseindia.com/api/corporate-share-holdings-master?index=equities&symbol=MAHSEAMLES: RuntimeError(\'HTTP 403: <HTML><HEAD>\\n<TITLE>Access Denied</TITLE>\\n</HEAD><BODY>\\n<H1>Access Denied</H1>\\n \\nYou don\\\'t have permission to access ""ht\')')"
MAITHANALL,"RuntimeError('GET failed https://www.nseindia.com/api/corporate-share-holdings-master?index=equities&symbol=MAITHANALL: RuntimeError(\'HTTP 403: <HTML><HEAD>\\n<TITLE>Access Denied</TITLE>\\n</HEAD><BODY>\\n<H1>Access Denied</H1>\\n \\nYou don\\\'t have permission to access ""ht\')')"
MALLCOM,"RuntimeError('GET failed https://www.nseindia.com/api/corporate-share-holdings-master?index=equities&symbol=MALLCOM: RuntimeError(\'HTTP 403: <HTML><HEAD>\\n<TITLE>Access Denied</TITLE>\\n</HEAD><BODY>\\n<H1>Access Denied</H1>\\n \\nYou don\\\'t have permission to access ""ht\')')"
MALUPAPER,"RuntimeError('GET failed https://www.nseindia.com/api/corporate-share-holdings-master?index=equities&symbol=MALUPAPER: RuntimeError(\'HTTP 403: <HTML><HEAD>\\n<TITLE>Access Denied</TITLE>\\n</HEAD><BODY>\\n<H1>Access Denied</H1>\\n \\nYou don\\\'t have permission to access ""ht\')')"
MALWACOTT,"RuntimeError('GET failed https://www.nseindia.com/api/corporate-share-holdings-master?index=equities&symbol=MALWACOTT: RuntimeError(\'HTTP 403: <HTML><HEAD>\\n<TITLE>Access Denied</TITLE>\\n</HEAD><BODY>\\n<H1>Access Denied</H1>\\n \\nYou don\\\'t have permission to access ""ht\')')"
MAMATA,"RuntimeError('GET failed https://www.nseindia.com/api/corporate-share-holdings-master?index=equities&symbol=MAMATA: RuntimeError(\'HTTP 403: <HTML><HEAD>\\n<TITLE>Access Denied</TITLE>\\n</HEAD><BODY>\\n<H1>Access Denied</H1>\\n \\nYou don\\\'t have permission to access ""ht\')')"
MANAKALUCO,"RuntimeError('GET failed https://www.nseindia.com/api/corporate-share-holdings-master?index=equities&symbol=MANAKALUCO: RuntimeError(\'HTTP 403: <HTML><HEAD>\\n<TITLE>Access Denied</TITLE>\\n</HEAD><BODY>\\n<H1>Access Denied</H1>\\n \\nYou don\\\'t have permission to access ""ht\')')"
MANAKCOAT,"RuntimeError('GET failed https://www.nseindia.com/api/corporate-share-holdings-master?index=equities&symbol=MANAKCOAT: RuntimeError(\'HTTP 403: <HTML><HEAD>\\n<TITLE>Access Denied</TITLE>\\n</HEAD><BODY>\\n<H1>Access Denied</H1>\\n \\nYou don\\\'t have permission to access ""ht\')')"
MANAKSIA,"RuntimeError('GET failed https://www.nseindia.com/api/corporate-share-holdings-master?index=equities&symbol=MANAKSIA: RuntimeError(\'HTTP 403: <HTML><HEAD>\\n<TITLE>Access Denied</TITLE>\\n</HEAD><BODY>\\n<H1>Access Denied</H1>\\n \\nYou don\\\'t have permission to access ""ht\')')"
MANAKSTEEL,"RuntimeError('GET failed https://www.nseindia.com/api/corporate-share-holdings-master?index=equities&symbol=MANAKSTEEL: RuntimeError(\'HTTP 403: <HTML><HEAD>\\n<TITLE>Access Denied</TITLE>\\n</HEAD><BODY>\\n<H1>Access Denied</H1>\\n \\nYou don\\\'t have permission to access ""ht\')')"
MANALIPET,"RuntimeError('GET failed https://www.nseindia.com/api/corporate-share-holdings-master?index=equities&symbol=MANALIPET: RuntimeError(\'HTTP 403: <HTML><HEAD>\\n<TITLE>Access Denied</TITLE>\\n</HEAD><BODY>\\n<H1>Access Denied</H1>\\n \\nYou don\\\'t have permission to access ""ht\')')"
MANALIPETC,"RuntimeError('GET failed https://www.nseindia.com/api/corporate-share-holdings-master?index=equities&symbol=MANALIPETC: RuntimeError(\'HTTP 403: <HTML><HEAD>\\n<TITLE>Access Denied</TITLE>\\n</HEAD><BODY>\\n<H1>Access Denied</H1>\\n \\nYou don\\\'t have permission to access ""ht\')')"
MANAPPURAM,"RuntimeError('GET failed https://www.nseindia.com/api/corporate-share-holdings-master?index=equities&symbol=MANAPPURAM: RuntimeError(\'HTTP 403: <HTML><HEAD>\\n<TITLE>Access Denied</TITLE>\\n</HEAD><BODY>\\n<H1>Access Denied</H1>\\n \\nYou don\\\'t have permission to access ""ht\')')"
MANBA,"RuntimeError('GET failed https://www.nseindia.com/api/corporate-share-holdings-master?index=equities&symbol=MANBA: RuntimeError(\'HTTP 403: <HTML><HEAD>\\n<TITLE>Access Denied</TITLE>\\n</HEAD><BODY>\\n<H1>Access Denied</H1>\\n \\nYou don\\\'t have permission to access ""ht\')')"
MANCREDIT,"RuntimeError('GET failed https://www.nseindia.com/api/corporate-share-holdings-master?index=equities&symbol=MANCREDIT: RuntimeError(\'HTTP 403: <HTML><HEAD>\\n<TITLE>Access Denied</TITLE>\\n</HEAD><BODY>\\n<H1>Access Denied</H1>\\n \\nYou don\\\'t have permission to access ""ht\')')"
MANDHANA,"RuntimeError('GET failed https://www.nseindia.com/api/corporate-share-holdings-master?index=equities&symbol=MANDHANA: RuntimeError(\'HTTP 403: <HTML><HEAD>\\n<TITLE>Access Denied</TITLE>\\n</HEAD><BODY>\\n<H1>Access Denied</H1>\\n \\nYou don\\\'t have permission to access ""ht\')')"
MANGALAM,"RuntimeError('GET failed https://www.nseindia.com/api/corporate-share-holdings-master?index=equities&symbol=MANGALAM: RuntimeError(\'HTTP 403: <HTML><HEAD>\\n<TITLE>Access Denied</TITLE>\\n</HEAD><BODY>\\n<H1>Access Denied</H1>\\n \\nYou don\\\'t have permission to access ""ht\')')"
MANGCHEFER,"RuntimeError('GET failed https://www.nseindia.com/api/corporate-share-holdings-master?index=equities&symbol=MANGCHEFER: RuntimeError(\'HTTP 403: <HTML><HEAD>\\n<TITLE>Access Denied</TITLE>\\n</HEAD><BODY>\\n<H1>Access Denied</H1>\\n \\nYou don\\\'t have permission to access ""ht\')')"
MANGLMCEM,"RuntimeError('GET failed https://www.nseindia.com/api/corporate-share-holdings-master?index=equities&symbol=MANGLMCEM: RuntimeError(\'HTTP 403: <HTML><HEAD>\\n<TITLE>Access Denied</TITLE>\\n</HEAD><BODY>\\n<H1>Access Denied</H1>\\n \\nYou don\\\'t have permission to access ""ht\')')"
MANINDS,"RuntimeError('GET failed https://www.nseindia.com/api/corporate-share-holdings-master?index=equities&symbol=MANINDS: RuntimeError(\'HTTP 403: <HTML><HEAD>\\n<TITLE>Access Denied</TITLE>\\n</HEAD><BODY>\\n<H1>Access Denied</H1>\\n \\nYou don\\\'t have permission to access ""ht\')')"
MANGTIMBER,"RuntimeError('GET failed https://www.nseindia.com/api/corporate-share-holdings-master?index=equities&symbol=MANGTIMBER: RuntimeError(\'HTTP 403: <HTML><HEAD>\\n<TITLE>Access Denied</TITLE>\\n</HEAD><BODY>\\n<H1>Access Denied</H1>\\n \\nYou don\\\'t have permission to access ""ht\')')"
MANINFRA,"RuntimeError('GET failed https://www.nseindia.com/api/corporate-share-holdings-master?index=equities&symbol=MANINFRA: RuntimeError(\'HTTP 403: <HTML><HEAD>\\n<TITLE>Access Denied</TITLE>\\n</HEAD><BODY>\\n<H1>Access Denied</H1>\\n \\nYou don\\\'t have permission to access ""ht\')')"
MANJUSHREE,"RuntimeError('GET failed https://www.nseindia.com/api/corporate-share-holdings-master?index=equities&symbol=MANJUSHREE: RuntimeError(\'HTTP 403: <HTML><HEAD>\\n<TITLE>Access Denied</TITLE>\\n</HEAD><BODY>\\n<H1>Access Denied</H1>\\n \\nYou don\\\'t have permission to access ""ht\')')"
MANKIND,"RuntimeError('GET failed https://www.nseindia.com/api/corporate-share-holdings-master?index=equities&symbol=MANKIND: RuntimeError(\'HTTP 403: <HTML><HEAD>\\n<TITLE>Access Denied</TITLE>\\n</HEAD><BODY>\\n<H1>Access Denied</H1>\\n \\nYou don\\\'t have permission to access ""ht\')')"
MANOMAY,"RuntimeError('GET failed https://www.nseindia.com/api/corporate-share-holdings-master?index=equities&symbol=MANOMAY: RuntimeError(\'HTTP 403: <HTML><HEAD>\\n<TITLE>Access Denied</TITLE>\\n</HEAD><BODY>\\n<H1>Access Denied</H1>\\n \\nYou don\\\'t have permission to access ""ht\')')"
MANORAMA,"RuntimeError('GET failed https://www.nseindia.com/api/corporate-share-holdings-master?index=equities&symbol=MANORAMA: RuntimeError(\'HTTP 403: <HTML><HEAD>\\n<TITLE>Access Denied</TITLE>\\n</HEAD><BODY>\\n<H1>Access Denied</H1>\\n \\nYou don\\\'t have permission to access ""ht\')')"
MANORG,"RuntimeError('GET failed https://www.nseindia.com/api/corporate-share-holdings-master?index=equities&symbol=MANORG: RuntimeError(\'HTTP 403: <HTML><HEAD>\\n<TITLE>Access Denied</TITLE>\\n</HEAD><BODY>\\n<H1>Access Denied</H1>\\n \\nYou don\\\'t have permission to access ""ht\')')"
MANPASAND,"RuntimeError('GET failed https://www.nseindia.com/api/corporate-share-holdings-master?index=equities&symbol=MANPASAND: RuntimeError(\'HTTP 403: <HTML><HEAD>\\n<TITLE>Access Denied</TITLE>\\n</HEAD><BODY>\\n<H1>Access Denied</H1>\\n \\nYou don\\\'t have permission to access ""ht\')')"
MANUGRAPH,"RuntimeError('GET failed https://www.nseindia.com/api/corporate-share-holdings-master?index=equities&symbol=MANUGRAPH: RuntimeError(\'HTTP 403: <HTML><HEAD>\\n<TITLE>Access Denied</TITLE>\\n</HEAD><BODY>\\n<H1>Access Denied</H1>\\n \\nYou don\\\'t have permission to access ""ht\')')"
MANYAVAR,"RuntimeError('GET failed https://www.nseindia.com/api/corporate-share-holdings-master?index=equities&symbol=MANYAVAR: RuntimeError(\'HTTP 403: <HTML><HEAD>\\n<TITLE>Access Denied</TITLE>\\n</HEAD><BODY>\\n<H1>Access Denied</H1>\\n \\nYou don\\\'t have permission to access ""ht\')')"
MAPMYINDIA,"RuntimeError('GET failed https://www.nseindia.com/api/corporate-share-holdings-master?index=equities&symbol=MAPMYINDIA: RuntimeError(\'HTTP 403: <HTML><HEAD>\\n<TITLE>Access Denied</TITLE>\\n</HEAD><BODY>\\n<H1>Access Denied</H1>\\n \\nYou don\\\'t have permission to access ""ht\')')"
MARALOVER,"RuntimeError('GET failed https://www.nseindia.com/api/corporate-share-holdings-master?index=equities&symbol=MARALOVER: RuntimeError(\'HTTP 403: <HTML><HEAD>\\n<TITLE>Access Denied</TITLE>\\n</HEAD><BODY>\\n<H1>Access Denied</H1>\\n \\nYou don\\\'t have permission to access ""ht\')')"
MARATHON,"RuntimeError('GET failed https://www.nseindia.com/api/corporate-share-holdings-master?index=equities&symbol=MARATHON: RuntimeError(\'HTTP 403: <HTML><HEAD>\\n<TITLE>Access Denied</TITLE>\\n</HEAD><BODY>\\n<H1>Access Denied</H1>\\n \\nYou don\\\'t have permission to access ""ht\')')"
MARG,"RuntimeError('GET failed https://www.nseindia.com/api/corporate-share-holdings-master?index=equities&symbol=MARG: RuntimeError(\'HTTP 403: <HTML><HEAD>\\n<TITLE>Access Denied</TITLE>\\n</HEAD><BODY>\\n<H1>Access Denied</H1>\\n \\nYou don\\\'t have permission to access ""ht\')')"
MARICO,"RuntimeError('GET failed https://www.nseindia.com/api/corporate-share-holdings-master?index=equities&symbol=MARICO: RuntimeError(\'HTTP 403: <HTML><HEAD>\\n<TITLE>Access Denied</TITLE>\\n</HEAD><BODY>\\n<H1>Access Denied</H1>\\n \\nYou don\\\'t have permission to access ""ht\')')"
MARINE,"RuntimeError('GET failed https://www.nseindia.com/api/corporate-share-holdings-master?index=equities&symbol=MARINE: RuntimeError(\'HTTP 403: <HTML><HEAD>\\n<TITLE>Access Denied</TITLE>\\n</HEAD><BODY>\\n<H1>Access Denied</H1>\\n \\nYou don\\\'t have permission to access ""ht\')')"
MARKOLINES,"RuntimeError('GET failed https://www.nseindia.com/api/corporate-share-holdings-master?index=equities&symbol=MARKOLINES: RuntimeError(\'HTTP 403: <HTML><HEAD>\\n<TITLE>Access Denied</TITLE>\\n</HEAD><BODY>\\n<H1>Access Denied</H1>\\n \\nYou don\\\'t have permission to access ""ht\')')"
MARKSANS,"RuntimeError('GET failed https://www.nseindia.com/api/corporate-share-holdings-master?index=equities&symbol=MARKSANS: RuntimeError(\'HTTP 403: <HTML><HEAD>\\n<TITLE>Access Denied</TITLE>\\n</HEAD><BODY>\\n<H1>Access Denied</H1>\\n \\nYou don\\\'t have permission to access ""ht\')')"
MARUTI,"RuntimeError('GET failed https://www.nseindia.com/api/corporate-share-holdings-master?index=equities&symbol=MARUTI: RuntimeError(\'HTTP 403: <HTML><HEAD>\\n<TITLE>Access Denied</TITLE>\\n</HEAD><BODY>\\n<H1>Access Denied</H1>\\n \\nYou don\\\'t have permission to access ""ht\')')"
MARSHALL,"RuntimeError('GET failed https://www.nseindia.com/api/corporate-share-holdings-master?index=equities&symbol=MARSHALL: RuntimeError(\'HTTP 403: <HTML><HEAD>\\n<TITLE>Access Denied</TITLE>\\n</HEAD><BODY>\\n<H1>Access Denied</H1>\\n \\nYou don\\\'t have permission to access ""ht\')')"
MASFIN,"RuntimeError('GET failed https://www.nseindia.com/api/corporate-share-holdings-master?index=equities&symbol=MASFIN: RuntimeError(\'HTTP 403: <HTML><HEAD>\\n<TITLE>Access Denied</TITLE>\\n</HEAD><BODY>\\n<H1>Access Denied</H1>\\n \\nYou don\\\'t have permission to access ""ht\')')"
MASTEK,"RuntimeError('GET failed https://www.nseindia.com/api/corporate-share-holdings-master?index=equities&symbol=MASTEK: RuntimeError(\'HTTP 403: <HTML><HEAD>\\n<TITLE>Access Denied</TITLE>\\n</HEAD><BODY>\\n<H1>Access Denied</H1>\\n \\nYou don\\\'t have permission to access ""ht\')')"
MASTERTR,"RuntimeError('GET failed https://www.nseindia.com/api/corporate-share-holdings-master?index=equities&symbol=MASTERTR: RuntimeError(\'HTTP 403: <HTML><HEAD>\\n<TITLE>Access Denied</TITLE>\\n</HEAD><BODY>\\n<H1>Access Denied</H1>\\n \\nYou don\\\'t have permission to access ""ht\')')"
MATRIMONY,"RuntimeError('GET failed https://www.nseindia.com/api/corporate-share-holdings-master?index=equities&symbol=MATRIMONY: RuntimeError(\'HTTP 403: <HTML><HEAD>\\n<TITLE>Access Denied</TITLE>\\n</HEAD><BODY>\\n<H1>Access Denied</H1>\\n \\nYou don\\\'t have permission to access ""ht\')')"
MATRIXLABS,"RuntimeError('GET failed https://www.nseindia.com/api/corporate-share-holdings-master?index=equities&symbol=MATRIXLABS: RuntimeError(\'HTTP 403: <HTML><HEAD>\\n<TITLE>Access Denied</TITLE>\\n</HEAD><BODY>\\n<H1>Access Denied</H1>\\n \\nYou don\\\'t have permission to access ""ht\')')"
MAWANASUG,"RuntimeError('GET failed https://www.nseindia.com/api/corporate-share-holdings-master?index=equities&symbol=MAWANASUG: RuntimeError(\'HTTP 403: <HTML><HEAD>\\n<TITLE>Access Denied</TITLE>\\n</HEAD><BODY>\\n<H1>Access Denied</H1>\\n \\nYou don\\\'t have permission to access ""ht\')')"
MAX,"RuntimeError('GET failed https://www.nseindia.com/api/corporate-share-holdings-master?index=equities&symbol=MAX: RuntimeError(\'HTTP 403: <HTML><HEAD>\\n<TITLE>Access Denied</TITLE>\\n</HEAD><BODY>\\n<H1>Access Denied</H1>\\n \\nYou don\\\'t have permission to access ""ht\')')"
MAXESTATES,"RuntimeError('GET failed https://www.nseindia.com/api/corporate-share-holdings-master?index=equities&symbol=MAXESTATES: RuntimeError(\'HTTP 403: <HTML><HEAD>\\n<TITLE>Access Denied</TITLE>\\n</HEAD><BODY>\\n<H1>Access Denied</H1>\\n \\nYou don\\\'t have permission to access ""ht\')')"
MAXHEALTH,"RuntimeError('GET failed https://www.nseindia.com/api/corporate-share-holdings-master?index=equities&symbol=MAXHEALTH: RuntimeError(\'HTTP 403: <HTML><HEAD>\\n<TITLE>Access Denied</TITLE>\\n</HEAD><BODY>\\n<H1>Access Denied</H1>\\n \\nYou don\\\'t have permission to access ""ht\')')"
MAXIND,"RuntimeError('GET failed https://www.nseindia.com/api/corporate-share-holdings-master?index=equities&symbol=MAXIND: RuntimeError(\'HTTP 403: <HTML><HEAD>\\n<TITLE>Access Denied</TITLE>\\n</HEAD><BODY>\\n<H1>Access Denied</H1>\\n \\nYou don\\\'t have permission to access ""ht\')')"
MAXINDIA,"RuntimeError('GET failed https://www.nseindia.com/api/corporate-share-holdings-master?index=equities&symbol=MAXINDIA: RuntimeError(\'HTTP 403: <HTML><HEAD>\\n<TITLE>Access Denied</TITLE>\\n</HEAD><BODY>\\n<H1>Access Denied</H1>\\n \\nYou don\\\'t have permission to access ""ht\')')"
MAXVIL,"RuntimeError('GET failed https://www.nseindia.com/api/corporate-share-holdings-master?index=equities&symbol=MAXVIL: RuntimeError(\'HTTP 403: <HTML><HEAD>\\n<TITLE>Access Denied</TITLE>\\n</HEAD><BODY>\\n<H1>Access Denied</H1>\\n \\nYou don\\\'t have permission to access ""ht\')')"
MAYTASINFR,"RuntimeError('GET failed https://www.nseindia.com/api/corporate-share-holdings-master?index=equities&symbol=MAYTASINFR: RuntimeError(\'HTTP 403: <HTML><HEAD>\\n<TITLE>Access Denied</TITLE>\\n</HEAD><BODY>\\n<H1>Access Denied</H1>\\n \\nYou don\\\'t have permission to access ""ht\')')"
MAYURUNIQ,"RuntimeError('GET failed https://www.nseindia.com/api/corporate-share-holdings-master?index=equities&symbol=MAYURUNIQ: RuntimeError(\'HTTP 403: <HTML><HEAD>\\n<TITLE>Access Denied</TITLE>\\n</HEAD><BODY>\\n<H1>Access Denied</H1>\\n \\nYou don\\\'t have permission to access ""ht\')')"
MAZDA,"RuntimeError('GET failed https://www.nseindia.com/api/corporate-share-holdings-master?index=equities&symbol=MAZDA: RuntimeError(\'HTTP 403: <HTML><HEAD>\\n<TITLE>Access Denied</TITLE>\\n</HEAD><BODY>\\n<H1>Access Denied</H1>\\n \\nYou don\\\'t have permission to access ""ht\')')"
MAZDOCK,"RuntimeError('GET failed https://www.nseindia.com/api/corporate-share-holdings-master?index=equities&symbol=MAZDOCK: RuntimeError(\'HTTP 403: <HTML><HEAD>\\n<TITLE>Access Denied</TITLE>\\n</HEAD><BODY>\\n<H1>Access Denied</H1>\\n \\nYou don\\\'t have permission to access ""ht\')')"
MBECL,"RuntimeError('GET failed https://www.nseindia.com/api/corporate-share-holdings-master?index=equities&symbol=MBECL: RuntimeError(\'HTTP 403: <HTML><HEAD>\\n<TITLE>Access Denied</TITLE>\\n</HEAD><BODY>\\n<H1>Access Denied</H1>\\n \\nYou don\\\'t have permission to access ""ht\')')"
MBAPL,"RuntimeError('GET failed https://www.nseindia.com/api/corporate-share-holdings-master?index=equities&symbol=MBAPL: RuntimeError(\'HTTP 403: <HTML><HEAD>\\n<TITLE>Access Denied</TITLE>\\n</HEAD><BODY>\\n<H1>Access Denied</H1>\\n \\nYou don\\\'t have permission to access ""ht\')')"
MBEL,"RuntimeError('GET failed https://www.nseindia.com/api/corporate-share-holdings-master?index=equities&symbol=MBEL: RuntimeError(\'HTTP 403: <HTML><HEAD>\\n<TITLE>Access Denied</TITLE>\\n</HEAD><BODY>\\n<H1>Access Denied</H1>\\n \\nYou don\\\'t have permission to access ""ht\')')"
MBLINFRA,"RuntimeError('GET failed https://www.nseindia.com/api/corporate-share-holdings-master?index=equities&symbol=MBLINFRA: RuntimeError(\'HTTP 403: <HTML><HEAD>\\n<TITLE>Access Denied</TITLE>\\n</HEAD><BODY>\\n<H1>Access Denied</H1>\\n \\nYou don\\\'t have permission to access ""ht\')')"
MBSWITCH,"RuntimeError('GET failed https://www.nseindia.com/api/corporate-share-holdings-master?index=equities&symbol=MBSWITCH: RuntimeError(\'HTTP 403: <HTML><HEAD>\\n<TITLE>Access Denied</TITLE>\\n</HEAD><BODY>\\n<H1>Access Denied</H1>\\n \\nYou don\\\'t have permission to access ""ht\')')"
MCDHOLDING,"RuntimeError('GET failed https://www.nseindia.com/api/corporate-share-holdings-master?index=equities&symbol=MCDHOLDING: RuntimeError(\'HTTP 403: <HTML><HEAD>\\n<TITLE>Access Denied</TITLE>\\n</HEAD><BODY>\\n<H1>Access Denied</H1>\\n \\nYou don\\\'t have permission to access ""ht\')')"
MCDOWELL-N,"RuntimeError('GET failed https://www.nseindia.com/api/corporate-share-holdings-master?index=equities&symbol=MCDOWELL-N: RuntimeError(\'HTTP 403: <HTML><HEAD>\\n<TITLE>Access Denied</TITLE>\\n</HEAD><BODY>\\n<H1>Access Denied</H1>\\n \\nYou don\\\'t have permission to access ""ht\')')"
MCL,"RuntimeError('GET failed https://www.nseindia.com/api/corporate-share-holdings-master?index=equities&symbol=MCL: RuntimeError(\'HTTP 403: <HTML><HEAD>\\n<TITLE>Access Denied</TITLE>\\n</HEAD><BODY>\\n<H1>Access Denied</H1>\\n \\nYou don\\\'t have permission to access ""ht\')')"
MCLEODRUSS,"RuntimeError('GET failed https://www.nseindia.com/api/corporate-share-holdings-master?index=equities&symbol=MCLEODRUSS: RuntimeError(\'HTTP 403: <HTML><HEAD>\\n<TITLE>Access Denied</TITLE>\\n</HEAD><BODY>\\n<H1>Access Denied</H1>\\n \\nYou don\\\'t have permission to access ""ht\')')"
MCLOUD,"RuntimeError('GET failed https://www.nseindia.com/api/corporate-share-holdings-master?index=equities&symbol=MCLOUD: RuntimeError(\'HTTP 403: <HTML><HEAD>\\n<TITLE>Access Denied</TITLE>\\n</HEAD><BODY>\\n<H1>Access Denied</H1>\\n \\nYou don\\\'t have permission to access ""ht\')')"
MCX,"RuntimeError('GET failed https://www.nseindia.com/api/corporate-share-holdings-master?index=equities&symbol=MCX: RuntimeError(\'HTTP 403: <HTML><HEAD>\\n<TITLE>Access Denied</TITLE>\\n</HEAD><BODY>\\n<H1>Access Denied</H1>\\n \\nYou don\\\'t have permission to access ""ht\')')"
MEDANTA,"RuntimeError('GET failed https://www.nseindia.com/api/corporate-share-holdings-master?index=equities&symbol=MEDANTA: RuntimeError(\'HTTP 403: <HTML><HEAD>\\n<TITLE>Access Denied</TITLE>\\n</HEAD><BODY>\\n<H1>Access Denied</H1>\\n \\nYou don\\\'t have permission to access ""ht\')')"
MEDIASSIST,"RuntimeError('GET failed https://www.nseindia.com/api/corporate-share-holdings-master?index=equities&symbol=MEDIASSIST: RuntimeError(\'HTTP 403: <HTML><HEAD>\\n<TITLE>Access Denied</TITLE>\\n</HEAD><BODY>\\n<H1>Access Denied</H1>\\n \\nYou don\\\'t have permission to access ""ht\')')"
MEDIAVIDEO,"RuntimeError('GET failed https://www.nseindia.com/api/corporate-share-holdings-master?index=equities&symbol=MEDIAVIDEO: RuntimeError(\'HTTP 403: <HTML><HEAD>\\n<TITLE>Access Denied</TITLE>\\n</HEAD><BODY>\\n<H1>Access Denied</H1>\\n \\nYou don\\\'t have permission to access ""ht\')')"
MEDICAMEQ,"RuntimeError('GET failed https://www.nseindia.com/api/corporate-share-holdings-master?index=equities&symbol=MEDICAMEQ: RuntimeError(\'HTTP 403: <HTML><HEAD>\\n<TITLE>Access Denied</TITLE>\\n</HEAD><BODY>\\n<H1>Access Denied</H1>\\n \\nYou don\\\'t have permission to access ""ht\')')"
MEDICO,"RuntimeError('GET failed https://www.nseindia.com/api/corporate-share-holdings-master?index=equities&symbol=MEDICO: RuntimeError(\'HTTP 403: <HTML><HEAD>\\n<TITLE>Access Denied</TITLE>\\n</HEAD><BODY>\\n<H1>Access Denied</H1>\\n \\nYou don\\\'t have permission to access ""ht\')')"
MEDPLUS,"RuntimeError('GET failed https://www.nseindia.com/api/corporate-share-holdings-master?index=equities&symbol=MEDPLUS: RuntimeError(\'HTTP 403: <HTML><HEAD>\\n<TITLE>Access Denied</TITLE>\\n</HEAD><BODY>\\n<H1>Access Denied</H1>\\n \\nYou don\\\'t have permission to access ""ht\')')"
MEESHO,"RuntimeError('GET failed https://www.nseindia.com/api/corporate-share-holdings-master?index=equities&symbol=MEESHO: RuntimeError(\'HTTP 403: <HTML><HEAD>\\n<TITLE>Access Denied</TITLE>\\n</HEAD><BODY>\\n<H1>Access Denied</H1>\\n \\nYou don\\\'t have permission to access ""ht\')')"
MEGASTAR,"RuntimeError('GET failed https://www.nseindia.com/api/corporate-share-holdings-master?index=equities&symbol=MEGASTAR: RuntimeError(\'HTTP 403: <HTML><HEAD>\\n<TITLE>Access Denied</TITLE>\\n</HEAD><BODY>\\n<H1>Access Denied</H1>\\n \\nYou don\\\'t have permission to access ""ht\')')"
MEIL,"RuntimeError('GET failed https://www.nseindia.com/api/corporate-share-holdings-master?index=equities&symbol=MEIL: RuntimeError(\'HTTP 403: <HTML><HEAD>\\n<TITLE>Access Denied</TITLE>\\n</HEAD><BODY>\\n<H1>Access Denied</H1>\\n \\nYou don\\\'t have permission to access ""ht\')')"
MEGH,"RuntimeError('GET failed https://www.nseindia.com/api/corporate-share-holdings-master?index=equities&symbol=MEGH: RuntimeError(\'HTTP 403: <HTML><HEAD>\\n<TITLE>Access Denied</TITLE>\\n</HEAD><BODY>\\n<H1>Access Denied</H1>\\n \\nYou don\\\'t have permission to access ""ht\')')"
MENONBE,"RuntimeError('GET failed https://www.nseindia.com/api/corporate-share-holdings-master?index=equities&symbol=MENONBE: RuntimeError(\'HTTP 403: <HTML><HEAD>\\n<TITLE>Access Denied</TITLE>\\n</HEAD><BODY>\\n<H1>Access Denied</H1>\\n \\nYou don\\\'t have permission to access ""ht\')')"
MEP,"RuntimeError('GET failed https://www.nseindia.com/api/corporate-share-holdings-master?index=equities&symbol=MEP: RuntimeError(\'HTTP 403: <HTML><HEAD>\\n<TITLE>Access Denied</TITLE>\\n</HEAD><BODY>\\n<H1>Access Denied</H1>\\n \\nYou don\\\'t have permission to access ""ht\')')"
MERCATOR,"RuntimeError('GET failed https://www.nseindia.com/api/corporate-share-holdings-master?index=equities&symbol=MERCATOR: RuntimeError(\'HTTP 403: <HTML><HEAD>\\n<TITLE>Access Denied</TITLE>\\n</HEAD><BODY>\\n<H1>Access Denied</H1>\\n \\nYou don\\\'t have permission to access ""ht\')')"
MERCK,"RuntimeError('GET failed https://www.nseindia.com/api/corporate-share-holdings-master?index=equities&symbol=MERCK: RuntimeError(\'HTTP 403: <HTML><HEAD>\\n<TITLE>Access Denied</TITLE>\\n</HEAD><BODY>\\n<H1>Access Denied</H1>\\n \\nYou don\\\'t have permission to access ""ht\')')"
METALFORGE,"RuntimeError('GET failed https://www.nseindia.com/api/corporate-share-holdings-master?index=equities&symbol=METALFORGE: RuntimeError(\'HTTP 403: <HTML><HEAD>\\n<TITLE>Access Denied</TITLE>\\n</HEAD><BODY>\\n<H1>Access Denied</H1>\\n \\nYou don\\\'t have permission to access ""ht\')')"
METROBRAND,"RuntimeError('GET failed https://www.nseindia.com/api/corporate-share-holdings-master?index=equities&symbol=METROBRAND: RuntimeError(\'HTTP 403: <HTML><HEAD>\\n<TITLE>Access Denied</TITLE>\\n</HEAD><BODY>\\n<H1>Access Denied</H1>\\n \\nYou don\\\'t have permission to access ""ht\')')"
METROPOLIS,"RuntimeError('GET failed https://www.nseindia.com/api/corporate-share-holdings-master?index=equities&symbol=METROPOLIS: RuntimeError(\'HTTP 403: <HTML><HEAD>\\n<TITLE>Access Denied</TITLE>\\n</HEAD><BODY>\\n<H1>Access Denied</H1>\\n \\nYou don\\\'t have permission to access ""ht\')')"
MFSL,"RuntimeError('GET failed https://www.nseindia.com/api/corporate-share-holdings-master?index=equities&symbol=MFSL: RuntimeError(\'HTTP 403: <HTML><HEAD>\\n<TITLE>Access Denied</TITLE>\\n</HEAD><BODY>\\n<H1>Access Denied</H1>\\n \\nYou don\\\'t have permission to access ""ht\')')"
MGEL,"RuntimeError('GET failed https://www.nseindia.com/api/corporate-share-holdings-master?index=equities&symbol=MGEL: RuntimeError(\'HTTP 403: <HTML><HEAD>\\n<TITLE>Access Denied</TITLE>\\n</HEAD><BODY>\\n<H1>Access Denied</H1>\\n \\nYou don\\\'t have permission to access ""ht\')')"
MGL,"RuntimeError('GET failed https://www.nseindia.com/api/corporate-share-holdings-master?index=equities&symbol=MGL: RuntimeError(\'HTTP 403: <HTML><HEAD>\\n<TITLE>Access Denied</TITLE>\\n</HEAD><BODY>\\n<H1>Access Denied</H1>\\n \\nYou don\\\'t have permission to access ""ht\')')"
MHRIL,"RuntimeError('GET failed https://www.nseindia.com/api/corporate-share-holdings-master?index=equities&symbol=MHRIL: RuntimeError(\'HTTP 403: <HTML><HEAD>\\n<TITLE>Access Denied</TITLE>\\n</HEAD><BODY>\\n<H1>Access Denied</H1>\\n \\nYou don\\\'t have permission to access ""ht\')')"
MHLXMIRU,"RuntimeError('GET failed https://www.nseindia.com/api/corporate-share-holdings-master?index=equities&symbol=MHLXMIRU: RuntimeError(\'HTTP 403: <HTML><HEAD>\\n<TITLE>Access Denied</TITLE>\\n</HEAD><BODY>\\n<H1>Access Denied</H1>\\n \\nYou don\\\'t have permission to access ""ht\')')"
MIC,"RuntimeError('GET failed https://www.nseindia.com/api/corporate-share-holdings-master?index=equities&symbol=MIC: RuntimeError(\'HTTP 403: <HTML><HEAD>\\n<TITLE>Access Denied</TITLE>\\n</HEAD><BODY>\\n<H1>Access Denied</H1>\\n \\nYou don\\\'t have permission to access ""ht\')')"
MICEL,"RuntimeError('GET failed https://www.nseindia.com/api/corporate-share-holdings-master?index=equities&symbol=MICEL: RuntimeError(\'HTTP 403: <HTML><HEAD>\\n<TITLE>Access Denied</TITLE>\\n</HEAD><BODY>\\n<H1>Access Denied</H1>\\n \\nYou don\\\'t have permission to access ""ht\')')"
MICO,"RuntimeError('GET failed https://www.nseindia.com/api/corporate-share-holdings-master?index=equities&symbol=MICO: RuntimeError(\'HTTP 403: <HTML><HEAD>\\n<TITLE>Access Denied</TITLE>\\n</HEAD><BODY>\\n<H1>Access Denied</H1>\\n \\nYou don\\\'t have permission to access ""ht\')')"
MICRO,"RuntimeError('GET failed https://www.nseindia.com/api/corporate-share-holdings-master?index=equities&symbol=MICRO: RuntimeError(\'HTTP 403: <HTML><HEAD>\\n<TITLE>Access Denied</TITLE>\\n</HEAD><BODY>\\n<H1>Access Denied</H1>\\n \\nYou don\\\'t have permission to access ""ht\')')"
MICROTECH,"RuntimeError('GET failed https://www.nseindia.com/api/corporate-share-holdings-master?index=equities&symbol=MICROTECH: RuntimeError(\'HTTP 403: <HTML><HEAD>\\n<TITLE>Access Denied</TITLE>\\n</HEAD><BODY>\\n<H1>Access Denied</H1>\\n \\nYou don\\\'t have permission to access ""ht\')')"
MID-DAY,"RuntimeError('GET failed https://www.nseindia.com/api/corporate-share-holdings-master?index=equities&symbol=MID-DAY: RuntimeError(\'HTTP 403: <HTML><HEAD>\\n<TITLE>Access Denied</TITLE>\\n</HEAD><BODY>\\n<H1>Access Denied</H1>\\n \\nYou don\\\'t have permission to access ""ht\')')"
MIDHANI,"RuntimeError('GET failed https://www.nseindia.com/api/corporate-share-holdings-master?index=equities&symbol=MIDHANI: RuntimeError(\'HTTP 403: <HTML><HEAD>\\n<TITLE>Access Denied</TITLE>\\n</HEAD><BODY>\\n<H1>Access Denied</H1>\\n \\nYou don\\\'t have permission to access ""ht\')')"
MIDWESTLTD,"RuntimeError('GET failed https://www.nseindia.com/api/corporate-share-holdings-master?index=equities&symbol=MIDWESTLTD: RuntimeError(\'HTTP 403: <HTML><HEAD>\\n<TITLE>Access Denied</TITLE>\\n</HEAD><BODY>\\n<H1>Access Denied</H1>\\n \\nYou don\\\'t have permission to access ""ht\')')"
MINDACORP,"RuntimeError('GET failed https://www.nseindia.com/api/corporate-share-holdings-master?index=equities&symbol=MINDACORP: RuntimeError(\'HTTP 403: <HTML><HEAD>\\n<TITLE>Access Denied</TITLE>\\n</HEAD><BODY>\\n<H1>Access Denied</H1>\\n \\nYou don\\\'t have permission to access ""ht\')')"
MINDAIND,"RuntimeError('GET failed https://www.nseindia.com/api/corporate-share-holdings-master?index=equities&symbol=MINDAIND: RuntimeError(\'HTTP 403: <HTML><HEAD>\\n<TITLE>Access Denied</TITLE>\\n</HEAD><BODY>\\n<H1>Access Denied</H1>\\n \\nYou don\\\'t have permission to access ""ht\')')"
MINDTECK,"RuntimeError('GET failed https://www.nseindia.com/api/corporate-share-holdings-master?index=equities&symbol=MINDTECK: RuntimeError(\'HTTP 403: <HTML><HEAD>\\n<TITLE>Access Denied</TITLE>\\n</HEAD><BODY>\\n<H1>Access Denied</H1>\\n \\nYou don\\\'t have permission to access ""ht\')')"
MIRCELECTR,"RuntimeError('GET failed https://www.nseindia.com/api/corporate-share-holdings-master?index=equities&symbol=MIRCELECTR: RuntimeError(\'HTTP 403: <HTML><HEAD>\\n<TITLE>Access Denied</TITLE>\\n</HEAD><BODY>\\n<H1>Access Denied</H1>\\n \\nYou don\\\'t have permission to access ""ht\')')"
MINDTREE,"RuntimeError('GET failed https://www.nseindia.com/api/corporate-share-holdings-master?index=equities&symbol=MINDTREE: RuntimeError(\'HTTP 403: <HTML><HEAD>\\n<TITLE>Access Denied</TITLE>\\n</HEAD><BODY>\\n<H1>Access Denied</H1>\\n \\nYou don\\\'t have permission to access ""ht\')')"
MIRZAINT,"RuntimeError('GET failed https://www.nseindia.com/api/corporate-share-holdings-master?index=equities&symbol=MIRZAINT: RuntimeError(\'HTTP 403: <HTML><HEAD>\\n<TITLE>Access Denied</TITLE>\\n</HEAD><BODY>\\n<H1>Access Denied</H1>\\n \\nYou don\\\'t have permission to access ""ht\')')"
MIRZATAN,"RuntimeError('GET failed https://www.nseindia.com/api/corporate-share-holdings-master?index=equities&symbol=MIRZATAN: RuntimeError(\'HTTP 403: <HTML><HEAD>\\n<TITLE>Access Denied</TITLE>\\n</HEAD><BODY>\\n<H1>Access Denied</H1>\\n \\nYou don\\\'t have permission to access ""ht\')')"
MITCON,"RuntimeError('GET failed https://www.nseindia.com/api/corporate-share-holdings-master?index=equities&symbol=MITCON: RuntimeError(\'HTTP 403: <HTML><HEAD>\\n<TITLE>Access Denied</TITLE>\\n</HEAD><BODY>\\n<H1>Access Denied</H1>\\n \\nYou don\\\'t have permission to access ""ht\')')"
MKPL,"RuntimeError('GET failed https://www.nseindia.com/api/corporate-share-holdings-master?index=equities&symbol=MKPL: RuntimeError(\'HTTP 403: <HTML><HEAD>\\n<TITLE>Access Denied</TITLE>\\n</HEAD><BODY>\\n<H1>Access Denied</H1>\\n \\nYou don\\\'t have permission to access ""ht\')')"
MLL,"RuntimeError('GET failed https://www.nseindia.com/api/corporate-share-holdings-master?index=equities&symbol=MLL: RuntimeError(\'HTTP 403: <HTML><HEAD>\\n<TITLE>Access Denied</TITLE>\\n</HEAD><BODY>\\n<H1>Access Denied</H1>\\n \\nYou don\\\'t have permission to access ""ht\')')"
MMFL,"RuntimeError('GET failed https://www.nseindia.com/api/corporate-share-holdings-master?index=equities&symbol=MMFL: RuntimeError(\'HTTP 403: <HTML><HEAD>\\n<TITLE>Access Denied</TITLE>\\n</HEAD><BODY>\\n<H1>Access Denied</H1>\\n \\nYou don\\\'t have permission to access ""ht\')')"
MMP,"RuntimeError('GET failed https://www.nseindia.com/api/corporate-share-holdings-master?index=equities&symbol=MMP: RuntimeError(\'HTTP 403: <HTML><HEAD>\\n<TITLE>Access Denied</TITLE>\\n</HEAD><BODY>\\n<H1>Access Denied</H1>\\n \\nYou don\\\'t have permission to access ""ht\')')"
MMTC,"RuntimeError('GET failed https://www.nseindia.com/api/corporate-share-holdings-master?index=equities&symbol=MMTC: RuntimeError(\'HTTP 403: <HTML><HEAD>\\n<TITLE>Access Denied</TITLE>\\n</HEAD><BODY>\\n<H1>Access Denied</H1>\\n \\nYou don\\\'t have permission to access ""ht\')')"
MOBIKWIK,"RuntimeError('GET failed https://www.nseindia.com/api/corporate-share-holdings-master?index=equities&symbol=MOBIKWIK: RuntimeError(\'HTTP 403: <HTML><HEAD>\\n<TITLE>Access Denied</TITLE>\\n</HEAD><BODY>\\n<H1>Access Denied</H1>\\n \\nYou don\\\'t have permission to access ""ht\')')"
MODINATUR,"RuntimeError('GET failed https://www.nseindia.com/api/corporate-share-holdings-master?index=equities&symbol=MODINATUR: RuntimeError(\'HTTP 403: <HTML><HEAD>\\n<TITLE>Access Denied</TITLE>\\n</HEAD><BODY>\\n<H1>Access Denied</H1>\\n \\nYou don\\\'t have permission to access ""ht\')')"
MODIRUBBER,"RuntimeError('GET failed https://www.nseindia.com/api/corporate-share-holdings-master?index=equities&symbol=MODIRUBBER: RuntimeError(\'HTTP 403: <HTML><HEAD>\\n<TITLE>Access Denied</TITLE>\\n</HEAD><BODY>\\n<H1>Access Denied</H1>\\n \\nYou don\\\'t have permission to access ""ht\')')"
MODIS,"RuntimeError('GET failed https://www.nseindia.com/api/corporate-share-holdings-master?index=equities&symbol=MODIS: RuntimeError(\'HTTP 403: <HTML><HEAD>\\n<TITLE>Access Denied</TITLE>\\n</HEAD><BODY>\\n<H1>Access Denied</H1>\\n \\nYou don\\\'t have permission to access ""ht\')')"
MODISONLTD,"RuntimeError('GET failed https://www.nseindia.com/api/corporate-share-holdings-master?index=equities&symbol=MODISONLTD: RuntimeError(\'HTTP 403: <HTML><HEAD>\\n<TITLE>Access Denied</TITLE>\\n</HEAD><BODY>\\n<H1>Access Denied</H1>\\n \\nYou don\\\'t have permission to access ""ht\')')"
MOHITIND,"RuntimeError('GET failed https://www.nseindia.com/api/corporate-share-holdings-master?index=equities&symbol=MOHITIND: RuntimeError(\'HTTP 403: <HTML><HEAD>\\n<TITLE>Access Denied</TITLE>\\n</HEAD><BODY>\\n<H1>Access Denied</H1>\\n \\nYou don\\\'t have permission to access ""ht\')')"
MOHOTAIND,"RuntimeError('GET failed https://www.nseindia.com/api/corporate-share-holdings-master?index=equities&symbol=MOHOTAIND: RuntimeError(\'HTTP 403: <HTML><HEAD>\\n<TITLE>Access Denied</TITLE>\\n</HEAD><BODY>\\n<H1>Access Denied</H1>\\n \\nYou don\\\'t have permission to access ""ht\')')"
MOIL,"RuntimeError('GET failed https://www.nseindia.com/api/corporate-share-holdings-master?index=equities&symbol=MOIL: RuntimeError(\'HTTP 403: <HTML><HEAD>\\n<TITLE>Access Denied</TITLE>\\n</HEAD><BODY>\\n<H1>Access Denied</H1>\\n \\nYou don\\\'t have permission to access ""ht\')')"
MOKSH,"RuntimeError('GET failed https://www.nseindia.com/api/corporate-share-holdings-master?index=equities&symbol=MOKSH: RuntimeError(\'HTTP 403: <HTML><HEAD>\\n<TITLE>Access Denied</TITLE>\\n</HEAD><BODY>\\n<H1>Access Denied</H1>\\n \\nYou don\\\'t have permission to access ""ht\')')"
MOL,"RuntimeError('GET failed https://www.nseindia.com/api/corporate-share-holdings-master?index=equities&symbol=MOL: RuntimeError(\'HTTP 403: <HTML><HEAD>\\n<TITLE>Access Denied</TITLE>\\n</HEAD><BODY>\\n<H1>Access Denied</H1>\\n \\nYou don\\\'t have permission to access ""ht\')')"
MOLDTECH,"RuntimeError('GET failed https://www.nseindia.com/api/corporate-share-holdings-master?index=equities&symbol=MOLDTECH: RuntimeError(\'HTTP 403: <HTML><HEAD>\\n<TITLE>Access Denied</TITLE>\\n</HEAD><BODY>\\n<H1>Access Denied</H1>\\n \\nYou don\\\'t have permission to access ""ht\')')"
MOLDTKPAC,"RuntimeError('GET failed https://www.nseindia.com/api/corporate-share-holdings-master?index=equities&symbol=MOLDTKPAC: RuntimeError(\'HTTP 403: <HTML><HEAD>\\n<TITLE>Access Denied</TITLE>\\n</HEAD><BODY>\\n<H1>Access Denied</H1>\\n \\nYou don\\\'t have permission to access ""ht\')')"
MONARCH,"RuntimeError('GET failed https://www.nseindia.com/api/corporate-share-holdings-master?index=equities&symbol=MONARCH: RuntimeError(\'HTTP 403: <HTML><HEAD>\\n<TITLE>Access Denied</TITLE>\\n</HEAD><BODY>\\n<H1>Access Denied</H1>\\n \\nYou don\\\'t have permission to access ""ht\')')"
MONNETISPA,"RuntimeError('GET failed https://www.nseindia.com/api/corporate-share-holdings-master?index=equities&symbol=MONNETISPA: RuntimeError(\'HTTP 403: <HTML><HEAD>\\n<TITLE>Access Denied</TITLE>\\n</HEAD><BODY>\\n<H1>Access Denied</H1>\\n \\nYou don\\\'t have permission to access ""ht\')')"
MONSANTO,"RuntimeError('GET failed https://www.nseindia.com/api/corporate-share-holdings-master?index=equities&symbol=MONSANTO: RuntimeError(\'HTTP 403: <HTML><HEAD>\\n<TITLE>Access Denied</TITLE>\\n</HEAD><BODY>\\n<H1>Access Denied</H1>\\n \\nYou don\\\'t have permission to access ""ht\')')"
MONTECARLO,"RuntimeError('GET failed https://www.nseindia.com/api/corporate-share-holdings-master?index=equities&symbol=MONTECARLO: RuntimeError(\'HTTP 403: <HTML><HEAD>\\n<TITLE>Access Denied</TITLE>\\n</HEAD><BODY>\\n<H1>Access Denied</H1>\\n \\nYou don\\\'t have permission to access ""ht\')')"
MORARJEE,"RuntimeError('GET failed https://www.nseindia.com/api/corporate-share-holdings-master?index=equities&symbol=MORARJEE: RuntimeError(\'HTTP 403: <HTML><HEAD>\\n<TITLE>Access Denied</TITLE>\\n</HEAD><BODY>\\n<H1>Access Denied</H1>\\n \\nYou don\\\'t have permission to access ""ht\')')"
MOREPENLAB,"RuntimeError('GET failed https://www.nseindia.com/api/corporate-share-holdings-master?index=equities&symbol=MOREPENLAB: RuntimeError(\'HTTP 403: <HTML><HEAD>\\n<TITLE>Access Denied</TITLE>\\n</HEAD><BODY>\\n<H1>Access Denied</H1>\\n \\nYou don\\\'t have permission to access ""ht\')')"
MORGANSTAN,"RuntimeError('GET failed https://www.nseindia.com/api/corporate-share-holdings-master?index=equities&symbol=MORGANSTAN: RuntimeError(\'HTTP 403: <HTML><HEAD>\\n<TITLE>Access Denied</TITLE>\\n</HEAD><BODY>\\n<H1>Access Denied</H1>\\n \\nYou don\\\'t have permission to access ""ht\')')"
MOSCHIP,"RuntimeError('GET failed https://www.nseindia.com/api/corporate-share-holdings-master?index=equities&symbol=MOSCHIP: RuntimeError(\'HTTP 403: <HTML><HEAD>\\n<TITLE>Access Denied</TITLE>\\n</HEAD><BODY>\\n<H1>Access Denied</H1>\\n \\nYou don\\\'t have permission to access ""ht\')')"
MOSERBAER,"RuntimeError('GET failed https://www.nseindia.com/api/corporate-share-holdings-master?index=equities&symbol=MOSERBAER: RuntimeError(\'HTTP 403: <HTML><HEAD>\\n<TITLE>Access Denied</TITLE>\\n</HEAD><BODY>\\n<H1>Access Denied</H1>\\n \\nYou don\\\'t have permission to access ""ht\')')"
MOTHERSON,"RuntimeError('GET failed https://www.nseindia.com/api/corporate-share-holdings-master?index=equities&symbol=MOTHERSON: RuntimeError(\'HTTP 403: <HTML><HEAD>\\n<TITLE>Access Denied</TITLE>\\n</HEAD><BODY>\\n<H1>Access Denied</H1>\\n \\nYou don\\\'t have permission to access ""ht\')')"
MOTHERSUMI,"RuntimeError('GET failed https://www.nseindia.com/api/corporate-share-holdings-master?index=equities&symbol=MOTHERSUMI: RuntimeError(\'HTTP 403: <HTML><HEAD>\\n<TITLE>Access Denied</TITLE>\\n</HEAD><BODY>\\n<H1>Access Denied</H1>\\n \\nYou don\\\'t have permission to access ""ht\')')"
MOTILALOFS,"RuntimeError('GET failed https://www.nseindia.com/api/corporate-share-holdings-master?index=equities&symbol=MOTILALOFS: RuntimeError(\'HTTP 403: <HTML><HEAD>\\n<TITLE>Access Denied</TITLE>\\n</HEAD><BODY>\\n<H1>Access Denied</H1>\\n \\nYou don\\\'t have permission to access ""ht\')')"
MOTISONS,"RuntimeError('GET failed https://www.nseindia.com/api/corporate-share-holdings-master?index=equities&symbol=MOTISONS: RuntimeError(\'HTTP 403: <HTML><HEAD>\\n<TITLE>Access Denied</TITLE>\\n</HEAD><BODY>\\n<H1>Access Denied</H1>\\n \\nYou don\\\'t have permission to access ""ht\')')"
MPHASIS,"RuntimeError('GET failed https://www.nseindia.com/api/corporate-share-holdings-master?index=equities&symbol=MPHASIS: RuntimeError(\'HTTP 403: <HTML><HEAD>\\n<TITLE>Access Denied</TITLE>\\n</HEAD><BODY>\\n<H1>Access Denied</H1>\\n \\nYou don\\\'t have permission to access ""ht\')')"
MPSLTD,"RuntimeError('GET failed https://www.nseindia.com/api/corporate-share-holdings-master?index=equities&symbol=MPSLTD: RuntimeError(\'HTTP 403: <HTML><HEAD>\\n<TITLE>Access Denied</TITLE>\\n</HEAD><BODY>\\n<H1>Access Denied</H1>\\n \\nYou don\\\'t have permission to access ""ht\')')"
MPHASISBFL,"RuntimeError('GET failed https://www.nseindia.com/api/corporate-share-holdings-master?index=equities&symbol=MPHASISBFL: RuntimeError(\'HTTP 403: <HTML><HEAD>\\n<TITLE>Access Denied</TITLE>\\n</HEAD><BODY>\\n<H1>Access Denied</H1>\\n \\nYou don\\\'t have permission to access ""ht\')')"
MRO-TEK,"RuntimeError('GET failed https://www.nseindia.com/api/corporate-share-holdings-master?index=equities&symbol=MRO-TEK: RuntimeError(\'HTTP 403: <HTML><HEAD>\\n<TITLE>Access Denied</TITLE>\\n</HEAD><BODY>\\n<H1>Access Denied</H1>\\n \\nYou don\\\'t have permission to access ""ht\')')"
MRPL,"RuntimeError('GET failed https://www.nseindia.com/api/corporate-share-holdings-master?index=equities&symbol=MRPL: RuntimeError(\'HTTP 403: <HTML><HEAD>\\n<TITLE>Access Denied</TITLE>\\n</HEAD><BODY>\\n<H1>Access Denied</H1>\\n \\nYou don\\\'t have permission to access ""ht\')')"
MSKPROJ,"RuntimeError('GET failed https://www.nseindia.com/api/corporate-share-holdings-master?index=equities&symbol=MSKPROJ: RuntimeError(\'HTTP 403: <HTML><HEAD>\\n<TITLE>Access Denied</TITLE>\\n</HEAD><BODY>\\n<H1>Access Denied</H1>\\n \\nYou don\\\'t have permission to access ""ht\')')"
MSPL,"RuntimeError('GET failed https://www.nseindia.com/api/corporate-share-holdings-master?index=equities&symbol=MSPL: RuntimeError(\'HTTP 403: <HTML><HEAD>\\n<TITLE>Access Denied</TITLE>\\n</HEAD><BODY>\\n<H1>Access Denied</H1>\\n \\nYou don\\\'t have permission to access ""ht\')')"
MSTCLTD,"RuntimeError('GET failed https://www.nseindia.com/api/corporate-share-holdings-master?index=equities&symbol=MSTCLTD: RuntimeError(\'HTTP 403: <HTML><HEAD>\\n<TITLE>Access Denied</TITLE>\\n</HEAD><BODY>\\n<H1>Access Denied</H1>\\n \\nYou don\\\'t have permission to access ""ht\')')"
MSUMI,"RuntimeError('GET failed https://www.nseindia.com/api/corporate-share-holdings-master?index=equities&symbol=MSUMI: RuntimeError(\'HTTP 403: <HTML><HEAD>\\n<TITLE>Access Denied</TITLE>\\n</HEAD><BODY>\\n<H1>Access Denied</H1>\\n \\nYou don\\\'t have permission to access ""ht\')')"
MTARTECH,"RuntimeError('GET failed https://www.nseindia.com/api/corporate-share-holdings-master?index=equities&symbol=MTARTECH: RuntimeError(\'HTTP 403: <HTML><HEAD>\\n<TITLE>Access Denied</TITLE>\\n</HEAD><BODY>\\n<H1>Access Denied</H1>\\n \\nYou don\\\'t have permission to access ""ht\')')"
MTEDUCARE,"RuntimeError('GET failed https://www.nseindia.com/api/corporate-share-holdings-master?index=equities&symbol=MTEDUCARE: RuntimeError(\'HTTP 403: <HTML><HEAD>\\n<TITLE>Access Denied</TITLE>\\n</HEAD><BODY>\\n<H1>Access Denied</H1>\\n \\nYou don\\\'t have permission to access ""ht\')')"
MTNL,"RuntimeError('GET failed https://www.nseindia.com/api/corporate-share-holdings-master?index=equities&symbol=MTNL: RuntimeError(\'HTTP 403: <HTML><HEAD>\\n<TITLE>Access Denied</TITLE>\\n</HEAD><BODY>\\n<H1>Access Denied</H1>\\n \\nYou don\\\'t have permission to access ""ht\')')"
MUFIN,"RuntimeError('GET failed https://www.nseindia.com/api/corporate-share-holdings-master?index=equities&symbol=MUFIN: RuntimeError(\'HTTP 403: <HTML><HEAD>\\n<TITLE>Access Denied</TITLE>\\n</HEAD><BODY>\\n<H1>Access Denied</H1>\\n \\nYou don\\\'t have permission to access ""ht\')')"
MUDRA,"RuntimeError('GET failed https://www.nseindia.com/api/corporate-share-holdings-master?index=equities&symbol=MUDRA: RuntimeError(\'HTTP 403: <HTML><HEAD>\\n<TITLE>Access Denied</TITLE>\\n</HEAD><BODY>\\n<H1>Access Denied</H1>\\n \\nYou don\\\'t have permission to access ""ht\')')"
MUFTI,"RuntimeError('GET failed https://www.nseindia.com/api/corporate-share-holdings-master?index=equities&symbol=MUFTI: RuntimeError(\'HTTP 403: <HTML><HEAD>\\n<TITLE>Access Denied</TITLE>\\n</HEAD><BODY>\\n<H1>Access Denied</H1>\\n \\nYou don\\\'t have permission to access ""ht\')')"
MUKANDENGG,"RuntimeError('GET failed https://www.nseindia.com/api/corporate-share-holdings-master?index=equities&symbol=MUKANDENGG: RuntimeError(\'HTTP 403: <HTML><HEAD>\\n<TITLE>Access Denied</TITLE>\\n</HEAD><BODY>\\n<H1>Access Denied</H1>\\n \\nYou don\\\'t have permission to access ""ht\')')"
MUKAND,"RuntimeError('GET failed https://www.nseindia.com/api/corporate-share-holdings-master?index=equities&symbol=MUKAND: RuntimeError(\'HTTP 403: <HTML><HEAD>\\n<TITLE>Access Denied</TITLE>\\n</HEAD><BODY>\\n<H1>Access Denied</H1>\\n \\nYou don\\\'t have permission to access ""ht\')')"
MUKANDLTD,"RuntimeError('GET failed https://www.nseindia.com/api/corporate-share-holdings-master?index=equities&symbol=MUKANDLTD: RuntimeError(\'HTTP 403: <HTML><HEAD>\\n<TITLE>Access Denied</TITLE>\\n</HEAD><BODY>\\n<H1>Access Denied</H1>\\n \\nYou don\\\'t have permission to access ""ht\')')"
MUKKA,"RuntimeError('GET failed https://www.nseindia.com/api/corporate-share-holdings-master?index=equities&symbol=MUKKA: RuntimeError(\'HTTP 403: <HTML><HEAD>\\n<TITLE>Access Denied</TITLE>\\n</HEAD><BODY>\\n<H1>Access Denied</H1>\\n \\nYou don\\\'t have permission to access ""ht\')')"
MUKTAARTS,"RuntimeError('GET failed https://www.nseindia.com/api/corporate-share-holdings-master?index=equities&symbol=MUKTAARTS: RuntimeError(\'HTTP 403: <HTML><HEAD>\\n<TITLE>Access Denied</TITLE>\\n</HEAD><BODY>\\n<H1>Access Denied</H1>\\n \\nYou don\\\'t have permission to access ""ht\')')"
MUNDRAPORT,"RuntimeError('GET failed https://www.nseindia.com/api/corporate-share-holdings-master?index=equities&symbol=MUNDRAPORT: RuntimeError(\'HTTP 403: <HTML><HEAD>\\n<TITLE>Access Denied</TITLE>\\n</HEAD><BODY>\\n<H1>Access Denied</H1>\\n \\nYou don\\\'t have permission to access ""ht\')')"
MUNJALAU,"RuntimeError('GET failed https://www.nseindia.com/api/corporate-share-holdings-master?index=equities&symbol=MUNJALAU: RuntimeError(\'HTTP 403: <HTML><HEAD>\\n<TITLE>Access Denied</TITLE>\\n</HEAD><BODY>\\n<H1>Access Denied</H1>\\n \\nYou don\\\'t have permission to access ""ht\')')"
MUNJALSHOW,"RuntimeError('GET failed https://www.nseindia.com/api/corporate-share-holdings-master?index=equities&symbol=MUNJALSHOW: RuntimeError(\'HTTP 403: <HTML><HEAD>\\n<TITLE>Access Denied</TITLE>\\n</HEAD><BODY>\\n<H1>Access Denied</H1>\\n \\nYou don\\\'t have permission to access ""ht\')')"
MURUDCERA,"RuntimeError('GET failed https://www.nseindia.com/api/corporate-share-holdings-master?index=equities&symbol=MURUDCERA: RuntimeError(\'HTTP 403: <HTML><HEAD>\\n<TITLE>Access Denied</TITLE>\\n</HEAD><BODY>\\n<H1>Access Denied</H1>\\n \\nYou don\\\'t have permission to access ""ht\')')"
MUTHOOTCAP,"RuntimeError('GET failed https://www.nseindia.com/api/corporate-share-holdings-master?index=equities&symbol=MUTHOOTCAP: RuntimeError(\'HTTP 403: <HTML><HEAD>\\n<TITLE>Access Denied</TITLE>\\n</HEAD><BODY>\\n<H1>Access Denied</H1>\\n \\nYou don\\\'t have permission to access ""ht\')')"
MUTHOOTFIN,"RuntimeError('GET failed https://www.nseindia.com/api/corporate-share-holdings-master?index=equities&symbol=MUTHOOTFIN: RuntimeError(\'HTTP 403: <HTML><HEAD>\\n<TITLE>Access Denied</TITLE>\\n</HEAD><BODY>\\n<H1>Access Denied</H1>\\n \\nYou don\\\'t have permission to access ""ht\')')"
MUTHOOTMF,"RuntimeError('GET failed https://www.nseindia.com/api/corporate-share-holdings-master?index=equities&symbol=MUTHOOTMF: RuntimeError(\'HTTP 403: <HTML><HEAD>\\n<TITLE>Access Denied</TITLE>\\n</HEAD><BODY>\\n<H1>Access Denied</H1>\\n \\nYou don\\\'t have permission to access ""ht\')')"
MVGJL,"RuntimeError('GET failed https://www.nseindia.com/api/corporate-share-holdings-master?index=equities&symbol=MVGJL: RuntimeError(\'HTTP 403: <HTML><HEAD>\\n<TITLE>Access Denied</TITLE>\\n</HEAD><BODY>\\n<H1>Access Denied</H1>\\n \\nYou don\\\'t have permission to access ""ht\')')"
MVL,"RuntimeError('GET failed https://www.nseindia.com/api/corporate-share-holdings-master?index=equities&symbol=MVL: RuntimeError(\'HTTP 403: <HTML><HEAD>\\n<TITLE>Access Denied</TITLE>\\n</HEAD><BODY>\\n<H1>Access Denied</H1>\\n \\nYou don\\\'t have permission to access ""ht\')')"
MWL,"RuntimeError('GET failed https://www.nseindia.com/api/corporate-share-holdings-master?index=equities&symbol=MWL: RuntimeError(\'HTTP 403: <HTML><HEAD>\\n<TITLE>Access Denied</TITLE>\\n</HEAD><BODY>\\n<H1>Access Denied</H1>\\n \\nYou don\\\'t have permission to access ""ht\')')"
MYSOREBANK,"RuntimeError('GET failed https://www.nseindia.com/api/corporate-share-holdings-master?index=equities&symbol=MYSOREBANK: RuntimeError(\'HTTP 403: <HTML><HEAD>\\n<TITLE>Access Denied</TITLE>\\n</HEAD><BODY>\\n<H1>Access Denied</H1>\\n \\nYou don\\\'t have permission to access ""ht\')')"
NACLIND,"RuntimeError('GET failed https://www.nseindia.com/api/corporate-share-holdings-master?index=equities&symbol=NACLIND: RuntimeError(\'HTTP 403: <HTML><HEAD>\\n<TITLE>Access Denied</TITLE>\\n</HEAD><BODY>\\n<H1>Access Denied</H1>\\n \\nYou don\\\'t have permission to access ""ht\')')"
MYSORECEM,"RuntimeError('GET failed https://www.nseindia.com/api/corporate-share-holdings-master?index=equities&symbol=MYSORECEM: RuntimeError(\'HTTP 403: <HTML><HEAD>\\n<TITLE>Access Denied</TITLE>\\n</HEAD><BODY>\\n<H1>Access Denied</H1>\\n \\nYou don\\\'t have permission to access ""ht\')')"
NAGAFERT,"RuntimeError('GET failed https://www.nseindia.com/api/corporate-share-holdings-master?index=equities&symbol=NAGAFERT: RuntimeError(\'HTTP 403: <HTML><HEAD>\\n<TITLE>Access Denied</TITLE>\\n</HEAD><BODY>\\n<H1>Access Denied</H1>\\n \\nYou don\\\'t have permission to access ""ht\')')"
NAGARCONST,"RuntimeError('GET failed https://www.nseindia.com/api/corporate-share-holdings-master?index=equities&symbol=NAGARCONST: RuntimeError(\'HTTP 403: <HTML><HEAD>\\n<TITLE>Access Denied</TITLE>\\n</HEAD><BODY>\\n<H1>Access Denied</H1>\\n \\nYou don\\\'t have permission to access ""ht\')')"
NAGARFERT,"RuntimeError('GET failed https://www.nseindia.com/api/corporate-share-holdings-master?index=equities&symbol=NAGARFERT: RuntimeError(\'HTTP 403: <HTML><HEAD>\\n<TITLE>Access Denied</TITLE>\\n</HEAD><BODY>\\n<H1>Access Denied</H1>\\n \\nYou don\\\'t have permission to access ""ht\')')"
NAGPURENG,"RuntimeError('GET failed https://www.nseindia.com/api/corporate-share-holdings-master?index=equities&symbol=NAGPURENG: RuntimeError(\'HTTP 403: <HTML><HEAD>\\n<TITLE>Access Denied</TITLE>\\n</HEAD><BODY>\\n<H1>Access Denied</H1>\\n \\nYou don\\\'t have permission to access ""ht\')')"
NAHARCAP,"RuntimeError('GET failed https://www.nseindia.com/api/corporate-share-holdings-master?index=equities&symbol=NAHARCAP: RuntimeError(\'HTTP 403: <HTML><HEAD>\\n<TITLE>Access Denied</TITLE>\\n</HEAD><BODY>\\n<H1>Access Denied</H1>\\n \\nYou don\\\'t have permission to access ""ht\')')"
NAGREEKEXP,"RuntimeError('GET failed https://www.nseindia.com/api/corporate-share-holdings-master?index=equities&symbol=NAGREEKEXP: RuntimeError(\'HTTP 403: <HTML><HEAD>\\n<TITLE>Access Denied</TITLE>\\n</HEAD><BODY>\\n<H1>Access Denied</H1>\\n \\nYou don\\\'t have permission to access ""ht\')')"
NAHAREXP,"RuntimeError('GET failed https://www.nseindia.com/api/corporate-share-holdings-master?index=equities&symbol=NAHAREXP: RuntimeError(\'HTTP 403: <HTML><HEAD>\\n<TITLE>Access Denied</TITLE>\\n</HEAD><BODY>\\n<H1>Access Denied</H1>\\n \\nYou don\\\'t have permission to access ""ht\')')"
NAHARINDUS,"RuntimeError('GET failed https://www.nseindia.com/api/corporate-share-holdings-master?index=equities&symbol=NAHARINDUS: RuntimeError(\'HTTP 403: <HTML><HEAD>\\n<TITLE>Access Denied</TITLE>\\n</HEAD><BODY>\\n<H1>Access Denied</H1>\\n \\nYou don\\\'t have permission to access ""ht\')')"
NAHARPOLY,"RuntimeError('GET failed https://www.nseindia.com/api/corporate-share-holdings-master?index=equities&symbol=NAHARPOLY: RuntimeError(\'HTTP 403: <HTML><HEAD>\\n<TITLE>Access Denied</TITLE>\\n</HEAD><BODY>\\n<H1>Access Denied</H1>\\n \\nYou don\\\'t have permission to access ""ht\')')"
NAHARSPG,"RuntimeError('GET failed https://www.nseindia.com/api/corporate-share-holdings-master?index=equities&symbol=NAHARSPG: RuntimeError(\'HTTP 403: <HTML><HEAD>\\n<TITLE>Access Denied</TITLE>\\n</HEAD><BODY>\\n<H1>Access Denied</H1>\\n \\nYou don\\\'t have permission to access ""ht\')')"
NAHARSPING,"RuntimeError('GET failed https://www.nseindia.com/api/corporate-share-holdings-master?index=equities&symbol=NAHARSPING: RuntimeError(\'HTTP 403: <HTML><HEAD>\\n<TITLE>Access Denied</TITLE>\\n</HEAD><BODY>\\n<H1>Access Denied</H1>\\n \\nYou don\\\'t have permission to access ""ht\')')"
NAM-INDIA,"RuntimeError('GET failed https://www.nseindia.com/api/corporate-share-holdings-master?index=equities&symbol=NAM-INDIA: RuntimeError(\'HTTP 403: <HTML><HEAD>\\n<TITLE>Access Denied</TITLE>\\n</HEAD><BODY>\\n<H1>Access Denied</H1>\\n \\nYou don\\\'t have permission to access ""ht\')')"
NARMADA,"RuntimeError('GET failed https://www.nseindia.com/api/corporate-share-holdings-master?index=equities&symbol=NARMADA: RuntimeError(\'HTTP 403: <HTML><HEAD>\\n<TITLE>Access Denied</TITLE>\\n</HEAD><BODY>\\n<H1>Access Denied</H1>\\n \\nYou don\\\'t have permission to access ""ht\')')"
NARMDCHEMA,"RuntimeError('GET failed https://www.nseindia.com/api/corporate-share-holdings-master?index=equities&symbol=NARMDCHEMA: RuntimeError(\'HTTP 403: <HTML><HEAD>\\n<TITLE>Access Denied</TITLE>\\n</HEAD><BODY>\\n<H1>Access Denied</H1>\\n \\nYou don\\\'t have permission to access ""ht\')')"
NATCOPHARM,"RuntimeError('GET failed https://www.nseindia.com/api/corporate-share-holdings-master?index=equities&symbol=NATCOPHARM: RuntimeError(\'HTTP 403: <HTML><HEAD>\\n<TITLE>Access Denied</TITLE>\\n</HEAD><BODY>\\n<H1>Access Denied</H1>\\n \\nYou don\\\'t have permission to access ""ht\')')"
NATHBIOGEN,"RuntimeError('GET failed https://www.nseindia.com/api/corporate-share-holdings-master?index=equities&symbol=NATHBIOGEN: RuntimeError(\'HTTP 403: <HTML><HEAD>\\n<TITLE>Access Denied</TITLE>\\n</HEAD><BODY>\\n<H1>Access Denied</H1>\\n \\nYou don\\\'t have permission to access ""ht\')')"
NATNLSTEEL,"RuntimeError('GET failed https://www.nseindia.com/api/corporate-share-holdings-master?index=equities&symbol=NATNLSTEEL: RuntimeError(\'HTTP 403: <HTML><HEAD>\\n<TITLE>Access Denied</TITLE>\\n</HEAD><BODY>\\n<H1>Access Denied</H1>\\n \\nYou don\\\'t have permission to access ""ht\')')"
NATIONALUM,"RuntimeError('GET failed https://www.nseindia.com/api/corporate-share-holdings-master?index=equities&symbol=NATIONALUM: RuntimeError(\'HTTP 403: <HTML><HEAD>\\n<TITLE>Access Denied</TITLE>\\n</HEAD><BODY>\\n<H1>Access Denied</H1>\\n \\nYou don\\\'t have permission to access ""ht\')')"
NAUKRI,"RuntimeError('GET failed https://www.nseindia.com/api/corporate-share-holdings-master?index=equities&symbol=NAUKRI: RuntimeError(\'HTTP 403: <HTML><HEAD>\\n<TITLE>Access Denied</TITLE>\\n</HEAD><BODY>\\n<H1>Access Denied</H1>\\n \\nYou don\\\'t have permission to access ""ht\')')"
NAVA,"RuntimeError('GET failed https://www.nseindia.com/api/corporate-share-holdings-master?index=equities&symbol=NAVA: RuntimeError(\'HTTP 403: <HTML><HEAD>\\n<TITLE>Access Denied</TITLE>\\n</HEAD><BODY>\\n<H1>Access Denied</H1>\\n \\nYou don\\\'t have permission to access ""ht\')')"
NAVBARFERO,"RuntimeError('GET failed https://www.nseindia.com/api/corporate-share-holdings-master?index=equities&symbol=NAVBARFERO: RuntimeError(\'HTTP 403: <HTML><HEAD>\\n<TITLE>Access Denied</TITLE>\\n</HEAD><BODY>\\n<H1>Access Denied</H1>\\n \\nYou don\\\'t have permission to access ""ht\')')"
NAVINFLUOR,"RuntimeError('GET failed https://www.nseindia.com/api/corporate-share-holdings-master?index=equities&symbol=NAVINFLUOR: RuntimeError(\'HTTP 403: <HTML><HEAD>\\n<TITLE>Access Denied</TITLE>\\n</HEAD><BODY>\\n<H1>Access Denied</H1>\\n \\nYou don\\\'t have permission to access ""ht\')')"
NAVNETEDUL,"RuntimeError('GET failed https://www.nseindia.com/api/corporate-share-holdings-master?index=equities&symbol=NAVNETEDUL: RuntimeError(\'HTTP 403: <HTML><HEAD>\\n<TITLE>Access Denied</TITLE>\\n</HEAD><BODY>\\n<H1>Access Denied</H1>\\n \\nYou don\\\'t have permission to access ""ht\')')"
NAVKARCORP,"RuntimeError('GET failed https://www.nseindia.com/api/corporate-share-holdings-master?index=equities&symbol=NAVKARCORP: RuntimeError(\'HTTP 403: <HTML><HEAD>\\n<TITLE>Access Denied</TITLE>\\n</HEAD><BODY>\\n<H1>Access Denied</H1>\\n \\nYou don\\\'t have permission to access ""ht\')')"
NAVNETPUBL,"RuntimeError('GET failed https://www.nseindia.com/api/corporate-share-holdings-master?index=equities&symbol=NAVNETPUBL: RuntimeError(\'HTTP 403: <HTML><HEAD>\\n<TITLE>Access Denied</TITLE>\\n</HEAD><BODY>\\n<H1>Access Denied</H1>\\n \\nYou don\\\'t have permission to access ""ht\')')"
NAZARA,"RuntimeError('GET failed https://www.nseindia.com/api/corporate-share-holdings-master?index=equities&symbol=NAZARA: RuntimeError(\'HTTP 403: <HTML><HEAD>\\n<TITLE>Access Denied</TITLE>\\n</HEAD><BODY>\\n<H1>Access Denied</H1>\\n \\nYou don\\\'t have permission to access ""ht\')')"
NBCC,"RuntimeError('GET failed https://www.nseindia.com/api/corporate-share-holdings-master?index=equities&symbol=NBCC: RuntimeError(\'HTTP 403: <HTML><HEAD>\\n<TITLE>Access Denied</TITLE>\\n</HEAD><BODY>\\n<H1>Access Denied</H1>\\n \\nYou don\\\'t have permission to access ""ht\')')"
NBIFIN,"RuntimeError('GET failed https://www.nseindia.com/api/corporate-share-holdings-master?index=equities&symbol=NBIFIN: RuntimeError(\'HTTP 403: <HTML><HEAD>\\n<TITLE>Access Denied</TITLE>\\n</HEAD><BODY>\\n<H1>Access Denied</H1>\\n \\nYou don\\\'t have permission to access ""ht\')')"
NBVENTURES,"RuntimeError('GET failed https://www.nseindia.com/api/corporate-share-holdings-master?index=equities&symbol=NBVENTURES: RuntimeError(\'HTTP 403: <HTML><HEAD>\\n<TITLE>Access Denied</TITLE>\\n</HEAD><BODY>\\n<H1>Access Denied</H1>\\n \\nYou don\\\'t have permission to access ""ht\')')"
NCC,"RuntimeError('GET failed https://www.nseindia.com/api/corporate-share-holdings-master?index=equities&symbol=NCC: RuntimeError(\'HTTP 403: <HTML><HEAD>\\n<TITLE>Access Denied</TITLE>\\n</HEAD><BODY>\\n<H1>Access Denied</H1>\\n \\nYou don\\\'t have permission to access ""ht\')')"
NCLIND,"RuntimeError('GET failed https://www.nseindia.com/api/corporate-share-holdings-master?index=equities&symbol=NCLIND: RuntimeError(\'HTTP 403: <HTML><HEAD>\\n<TITLE>Access Denied</TITLE>\\n</HEAD><BODY>\\n<H1>Access Denied</H1>\\n \\nYou don\\\'t have permission to access ""ht\')')"
NDGL,"RuntimeError('GET failed https://www.nseindia.com/api/corporate-share-holdings-master?index=equities&symbol=NDGL: RuntimeError(\'HTTP 403: <HTML><HEAD>\\n<TITLE>Access Denied</TITLE>\\n</HEAD><BODY>\\n<H1>Access Denied</H1>\\n \\nYou don\\\'t have permission to access ""ht\')')"
NDL,"RuntimeError('GET failed https://www.nseindia.com/api/corporate-share-holdings-master?index=equities&symbol=NDL: RuntimeError(\'HTTP 403: <HTML><HEAD>\\n<TITLE>Access Denied</TITLE>\\n</HEAD><BODY>\\n<H1>Access Denied</H1>\\n \\nYou don\\\'t have permission to access ""ht\')')"
NDLVENTURE,"RuntimeError('GET failed https://www.nseindia.com/api/corporate-share-holdings-master?index=equities&symbol=NDLVENTURE: RuntimeError(\'HTTP 403: <HTML><HEAD>\\n<TITLE>Access Denied</TITLE>\\n</HEAD><BODY>\\n<H1>Access Denied</H1>\\n \\nYou don\\\'t have permission to access ""ht\')')"
NDRAUTO,"RuntimeError('GET failed https://www.nseindia.com/api/corporate-share-holdings-master?index=equities&symbol=NDRAUTO: RuntimeError(\'HTTP 403: <HTML><HEAD>\\n<TITLE>Access Denied</TITLE>\\n</HEAD><BODY>\\n<H1>Access Denied</H1>\\n \\nYou don\\\'t have permission to access ""ht\')')"
NDTV,"RuntimeError('GET failed https://www.nseindia.com/api/corporate-share-holdings-master?index=equities&symbol=NDTV: RuntimeError(\'HTTP 403: <HTML><HEAD>\\n<TITLE>Access Denied</TITLE>\\n</HEAD><BODY>\\n<H1>Access Denied</H1>\\n \\nYou don\\\'t have permission to access ""ht\')')"
NECLIFE,"RuntimeError('GET failed https://www.nseindia.com/api/corporate-share-holdings-master?index=equities&symbol=NECLIFE: RuntimeError(\'HTTP 403: <HTML><HEAD>\\n<TITLE>Access Denied</TITLE>\\n</HEAD><BODY>\\n<H1>Access Denied</H1>\\n \\nYou don\\\'t have permission to access ""ht\')')"
NECCLTD,"RuntimeError('GET failed https://www.nseindia.com/api/corporate-share-holdings-master?index=equities&symbol=NECCLTD: RuntimeError(\'HTTP 403: <HTML><HEAD>\\n<TITLE>Access Denied</TITLE>\\n</HEAD><BODY>\\n<H1>Access Denied</H1>\\n \\nYou don\\\'t have permission to access ""ht\')')"
NEHAINT,"RuntimeError('GET failed https://www.nseindia.com/api/corporate-share-holdings-master?index=equities&symbol=NEHAINT: RuntimeError(\'HTTP 403: <HTML><HEAD>\\n<TITLE>Access Denied</TITLE>\\n</HEAD><BODY>\\n<H1>Access Denied</H1>\\n \\nYou don\\\'t have permission to access ""ht\')')"
NELCAST,"RuntimeError('GET failed https://www.nseindia.com/api/corporate-share-holdings-master?index=equities&symbol=NELCAST: RuntimeError(\'HTTP 403: <HTML><HEAD>\\n<TITLE>Access Denied</TITLE>\\n</HEAD><BODY>\\n<H1>Access Denied</H1>\\n \\nYou don\\\'t have permission to access ""ht\')')"
NEOGEN,"RuntimeError('GET failed https://www.nseindia.com/api/corporate-share-holdings-master?index=equities&symbol=NEOGEN: RuntimeError(\'HTTP 403: <HTML><HEAD>\\n<TITLE>Access Denied</TITLE>\\n</HEAD><BODY>\\n<H1>Access Denied</H1>\\n \\nYou don\\\'t have permission to access ""ht\')')"
NELCO,"RuntimeError('GET failed https://www.nseindia.com/api/corporate-share-holdings-master?index=equities&symbol=NELCO: RuntimeError(\'HTTP 403: <HTML><HEAD>\\n<TITLE>Access Denied</TITLE>\\n</HEAD><BODY>\\n<H1>Access Denied</H1>\\n \\nYou don\\\'t have permission to access ""ht\')')"
NEPCMICON,"RuntimeError('GET failed https://www.nseindia.com/api/corporate-share-holdings-master?index=equities&symbol=NEPCMICON: RuntimeError(\'HTTP 403: <HTML><HEAD>\\n<TITLE>Access Denied</TITLE>\\n</HEAD><BODY>\\n<H1>Access Denied</H1>\\n \\nYou don\\\'t have permission to access ""ht\')')"
NESCO,"RuntimeError('GET failed https://www.nseindia.com/api/corporate-share-holdings-master?index=equities&symbol=NESCO: RuntimeError(\'HTTP 403: <HTML><HEAD>\\n<TITLE>Access Denied</TITLE>\\n</HEAD><BODY>\\n<H1>Access Denied</H1>\\n \\nYou don\\\'t have permission to access ""ht\')')"
NESTLEIND,"RuntimeError('GET failed https://www.nseindia.com/api/corporate-share-holdings-master?index=equities&symbol=NESTLEIND: RuntimeError(\'HTTP 403: <HTML><HEAD>\\n<TITLE>Access Denied</TITLE>\\n</HEAD><BODY>\\n<H1>Access Denied</H1>\\n \\nYou don\\\'t have permission to access ""ht\')')"
NETWEB,"RuntimeError('GET failed https://www.nseindia.com/api/corporate-share-holdings-master?index=equities&symbol=NETWEB: RuntimeError(\'HTTP 403: <HTML><HEAD>\\n<TITLE>Access Denied</TITLE>\\n</HEAD><BODY>\\n<H1>Access Denied</H1>\\n \\nYou don\\\'t have permission to access ""ht\')')"
NEULANDLAB,"RuntimeError('GET failed https://www.nseindia.com/api/corporate-share-holdings-master?index=equities&symbol=NEULANDLAB: RuntimeError(\'HTTP 403: <HTML><HEAD>\\n<TITLE>Access Denied</TITLE>\\n</HEAD><BODY>\\n<H1>Access Denied</H1>\\n \\nYou don\\\'t have permission to access ""ht\')')"
NETWORK18,"RuntimeError('GET failed https://www.nseindia.com/api/corporate-share-holdings-master?index=equities&symbol=NETWORK18: RuntimeError(\'HTTP 403: <HTML><HEAD>\\n<TITLE>Access Denied</TITLE>\\n</HEAD><BODY>\\n<H1>Access Denied</H1>\\n \\nYou don\\\'t have permission to access ""ht\')')"
NEWGEN,"RuntimeError('GET failed https://www.nseindia.com/api/corporate-share-holdings-master?index=equities&symbol=NEWGEN: RuntimeError(\'HTTP 403: <HTML><HEAD>\\n<TITLE>Access Denied</TITLE>\\n</HEAD><BODY>\\n<H1>Access Denied</H1>\\n \\nYou don\\\'t have permission to access ""ht\')')"
NEXTMEDIA,"RuntimeError('GET failed https://www.nseindia.com/api/corporate-share-holdings-master?index=equities&symbol=NEXTMEDIA: RuntimeError(\'HTTP 403: <HTML><HEAD>\\n<TITLE>Access Denied</TITLE>\\n</HEAD><BODY>\\n<H1>Access Denied</H1>\\n \\nYou don\\\'t have permission to access ""ht\')')"
NEYVELILIG,"RuntimeError('GET failed https://www.nseindia.com/api/corporate-share-holdings-master?index=equities&symbol=NEYVELILIG: RuntimeError(\'HTTP 403: <HTML><HEAD>\\n<TITLE>Access Denied</TITLE>\\n</HEAD><BODY>\\n<H1>Access Denied</H1>\\n \\nYou don\\\'t have permission to access ""ht\')')"
NFL,"RuntimeError('GET failed https://www.nseindia.com/api/corporate-share-holdings-master?index=equities&symbol=NFL: RuntimeError(\'HTTP 403: <HTML><HEAD>\\n<TITLE>Access Denied</TITLE>\\n</HEAD><BODY>\\n<H1>Access Denied</H1>\\n \\nYou don\\\'t have permission to access ""ht\')')"
NGIL,"RuntimeError('GET failed https://www.nseindia.com/api/corporate-share-holdings-master?index=equities&symbol=NGIL: RuntimeError(\'HTTP 403: <HTML><HEAD>\\n<TITLE>Access Denied</TITLE>\\n</HEAD><BODY>\\n<H1>Access Denied</H1>\\n \\nYou don\\\'t have permission to access ""ht\')')"
NGLFINE,"RuntimeError('GET failed https://www.nseindia.com/api/corporate-share-holdings-master?index=equities&symbol=NGLFINE: RuntimeError(\'HTTP 403: <HTML><HEAD>\\n<TITLE>Access Denied</TITLE>\\n</HEAD><BODY>\\n<H1>Access Denied</H1>\\n \\nYou don\\\'t have permission to access ""ht\')')"
NH,"RuntimeError('GET failed https://www.nseindia.com/api/corporate-share-holdings-master?index=equities&symbol=NH: RuntimeError(\'HTTP 403: <HTML><HEAD>\\n<TITLE>Access Denied</TITLE>\\n</HEAD><BODY>\\n<H1>Access Denied</H1>\\n \\nYou don\\\'t have permission to access ""ht\')')"
NHPC,"RuntimeError('GET failed https://www.nseindia.com/api/corporate-share-holdings-master?index=equities&symbol=NHPC: RuntimeError(\'HTTP 403: <HTML><HEAD>\\n<TITLE>Access Denied</TITLE>\\n</HEAD><BODY>\\n<H1>Access Denied</H1>\\n \\nYou don\\\'t have permission to access ""ht\')')"
NIACL,"RuntimeError('GET failed https://www.nseindia.com/api/corporate-share-holdings-master?index=equities&symbol=NIACL: RuntimeError(\'HTTP 403: <HTML><HEAD>\\n<TITLE>Access Denied</TITLE>\\n</HEAD><BODY>\\n<H1>Access Denied</H1>\\n \\nYou don\\\'t have permission to access ""ht\')')"
NIBE,"RuntimeError('GET failed https://www.nseindia.com/api/corporate-share-holdings-master?index=equities&symbol=NIBE: RuntimeError(\'HTTP 403: <HTML><HEAD>\\n<TITLE>Access Denied</TITLE>\\n</HEAD><BODY>\\n<H1>Access Denied</H1>\\n \\nYou don\\\'t have permission to access ""ht\')')"
NICCO,"RuntimeError('GET failed https://www.nseindia.com/api/corporate-share-holdings-master?index=equities&symbol=NICCO: RuntimeError(\'HTTP 403: <HTML><HEAD>\\n<TITLE>Access Denied</TITLE>\\n</HEAD><BODY>\\n<H1>Access Denied</H1>\\n \\nYou don\\\'t have permission to access ""ht\')')"
NICOLASPIR,"RuntimeError('GET failed https://www.nseindia.com/api/corporate-share-holdings-master?index=equities&symbol=NICOLASPIR: RuntimeError(\'HTTP 403: <HTML><HEAD>\\n<TITLE>Access Denied</TITLE>\\n</HEAD><BODY>\\n<H1>Access Denied</H1>\\n \\nYou don\\\'t have permission to access ""ht\')')"
NIFTYBEES,"RuntimeError('GET failed https://www.nseindia.com/api/corporate-share-holdings-master?index=equities&symbol=NIFTYBEES: RuntimeError(\'HTTP 403: <HTML><HEAD>\\n<TITLE>Access Denied</TITLE>\\n</HEAD><BODY>\\n<H1>Access Denied</H1>\\n \\nYou don\\\'t have permission to access ""ht\')')"
NIIT,"RuntimeError('GET failed https://www.nseindia.com/api/corporate-share-holdings-master?index=equities&symbol=NIIT: RuntimeError(\'HTTP 403: <HTML><HEAD>\\n<TITLE>Access Denied</TITLE>\\n</HEAD><BODY>\\n<H1>Access Denied</H1>\\n \\nYou don\\\'t have permission to access ""ht\')')"
NIITLTD,"RuntimeError('GET failed https://www.nseindia.com/api/corporate-share-holdings-master?index=equities&symbol=NIITLTD: RuntimeError(\'HTTP 403: <HTML><HEAD>\\n<TITLE>Access Denied</TITLE>\\n</HEAD><BODY>\\n<H1>Access Denied</H1>\\n \\nYou don\\\'t have permission to access ""ht\')')"
NIITMTS,"RuntimeError('GET failed https://www.nseindia.com/api/corporate-share-holdings-master?index=equities&symbol=NIITMTS: RuntimeError(\'HTTP 403: <HTML><HEAD>\\n<TITLE>Access Denied</TITLE>\\n</HEAD><BODY>\\n<H1>Access Denied</H1>\\n \\nYou don\\\'t have permission to access ""ht\')')"
NIITTECH,"RuntimeError('GET failed https://www.nseindia.com/api/corporate-share-holdings-master?index=equities&symbol=NIITTECH: RuntimeError(\'HTTP 403: <HTML><HEAD>\\n<TITLE>Access Denied</TITLE>\\n</HEAD><BODY>\\n<H1>Access Denied</H1>\\n \\nYou don\\\'t have permission to access ""ht\')')"
NILAINFRA,"RuntimeError('GET failed https://www.nseindia.com/api/corporate-share-holdings-master?index=equities&symbol=NILAINFRA: RuntimeError(\'HTTP 403: <HTML><HEAD>\\n<TITLE>Access Denied</TITLE>\\n</HEAD><BODY>\\n<H1>Access Denied</H1>\\n \\nYou don\\\'t have permission to access ""ht\')')"
NILKAMAL,"RuntimeError('GET failed https://www.nseindia.com/api/corporate-share-holdings-master?index=equities&symbol=NILKAMAL: RuntimeError(\'HTTP 403: <HTML><HEAD>\\n<TITLE>Access Denied</TITLE>\\n</HEAD><BODY>\\n<H1>Access Denied</H1>\\n \\nYou don\\\'t have permission to access ""ht\')')"
NILKAMPLST,"RuntimeError('GET failed https://www.nseindia.com/api/corporate-share-holdings-master?index=equities&symbol=NILKAMPLST: RuntimeError(\'HTTP 403: <HTML><HEAD>\\n<TITLE>Access Denied</TITLE>\\n</HEAD><BODY>\\n<H1>Access Denied</H1>\\n \\nYou don\\\'t have permission to access ""ht\')')"
NINSYS,"RuntimeError('GET failed https://www.nseindia.com/api/corporate-share-holdings-master?index=equities&symbol=NINSYS: RuntimeError(\'HTTP 403: <HTML><HEAD>\\n<TITLE>Access Denied</TITLE>\\n</HEAD><BODY>\\n<H1>Access Denied</H1>\\n \\nYou don\\\'t have permission to access ""ht\')')"
NIPPOBATRY,"RuntimeError('GET failed https://www.nseindia.com/api/corporate-share-holdings-master?index=equities&symbol=NIPPOBATRY: RuntimeError(\'HTTP 403: <HTML><HEAD>\\n<TITLE>Access Denied</TITLE>\\n</HEAD><BODY>\\n<H1>Access Denied</H1>\\n \\nYou don\\\'t have permission to access ""ht\')')"
NIPPONDENR,"RuntimeError('GET failed https://www.nseindia.com/api/corporate-share-holdings-master?index=equities&symbol=NIPPONDENR: RuntimeError(\'HTTP 403: <HTML><HEAD>\\n<TITLE>Access Denied</TITLE>\\n</HEAD><BODY>\\n<H1>Access Denied</H1>\\n \\nYou don\\\'t have permission to access ""ht\')')"
NIRAJ,"RuntimeError('GET failed https://www.nseindia.com/api/corporate-share-holdings-master?index=equities&symbol=NIRAJ: RuntimeError(\'HTTP 403: <HTML><HEAD>\\n<TITLE>Access Denied</TITLE>\\n</HEAD><BODY>\\n<H1>Access Denied</H1>\\n \\nYou don\\\'t have permission to access ""ht\')')"
SUNTV,"RuntimeError('GET failed https://www.nseindia.com/api/corporate-share-holdings-master?index=equities&symbol=SUNTV: RuntimeError(\'HTTP 403: <HTML><HEAD>\\n<TITLE>Access Denied</TITLE>\\n</HEAD><BODY>\\n<H1>Access Denied</H1>\\n \\nYou don\\\'t have permission to access ""ht\')')"
SUNPHARMA,"RuntimeError('GET failed https://www.nseindia.com/api/corporate-share-holdings-master?index=equities&symbol=SUNPHARMA: RuntimeError(\'HTTP 403: <HTML><HEAD>\\n<TITLE>Access Denied</TITLE>\\n</HEAD><BODY>\\n<H1>Access Denied</H1>\\n \\nYou don\\\'t have permission to access ""ht\')')"
SUPERHOUSE,"RuntimeError('GET failed https://www.nseindia.com/api/corporate-share-holdings-master?index=equities&symbol=SUPERHOUSE: RuntimeError(\'HTTP 403: <HTML><HEAD>\\n<TITLE>Access Denied</TITLE>\\n</HEAD><BODY>\\n<H1>Access Denied</H1>\\n \\nYou don\\\'t have permission to access ""ht\')')"
SUPPETRO,"RuntimeError('GET failed https://www.nseindia.com/api/corporate-share-holdings-master?index=equities&symbol=SUPPETRO: RuntimeError(\'HTTP 403: <HTML><HEAD>\\n<TITLE>Access Denied</TITLE>\\n</HEAD><BODY>\\n<H1>Access Denied</H1>\\n \\nYou don\\\'t have permission to access ""ht\')')"
SUPREME,"RuntimeError('GET failed https://www.nseindia.com/api/corporate-share-holdings-master?index=equities&symbol=SUPREME: RuntimeError(\'HTTP 403: <HTML><HEAD>\\n<TITLE>Access Denied</TITLE>\\n</HEAD><BODY>\\n<H1>Access Denied</H1>\\n \\nYou don\\\'t have permission to access ""ht\')')"
SUPREMEIND,"RuntimeError('GET failed https://www.nseindia.com/api/corporate-share-holdings-master?index=equities&symbol=SUPREMEIND: RuntimeError(\'HTTP 403: <HTML><HEAD>\\n<TITLE>Access Denied</TITLE>\\n</HEAD><BODY>\\n<H1>Access Denied</H1>\\n \\nYou don\\\'t have permission to access ""ht\')')"
SUPREMEINF,"RuntimeError('GET failed https://www.nseindia.com/api/corporate-share-holdings-master?index=equities&symbol=SUPREMEINF: RuntimeError(\'HTTP 403: <HTML><HEAD>\\n<TITLE>Access Denied</TITLE>\\n</HEAD><BODY>\\n<H1>Access Denied</H1>\\n \\nYou don\\\'t have permission to access ""ht\')')"
SURAJDIAMN,"RuntimeError('GET failed https://www.nseindia.com/api/corporate-share-holdings-master?index=equities&symbol=SURAJDIAMN: RuntimeError(\'HTTP 403: <HTML><HEAD>\\n<TITLE>Access Denied</TITLE>\\n</HEAD><BODY>\\n<H1>Access Denied</H1>\\n \\nYou don\\\'t have permission to access ""ht\')')"
SUPRIYA,"RuntimeError('GET failed https://www.nseindia.com/api/corporate-share-holdings-master?index=equities&symbol=SUPRIYA: RuntimeError(\'HTTP 403: <HTML><HEAD>\\n<TITLE>Access Denied</TITLE>\\n</HEAD><BODY>\\n<H1>Access Denied</H1>\\n \\nYou don\\\'t have permission to access ""ht\')')"
SURAJEST,"RuntimeError('GET failed https://www.nseindia.com/api/corporate-share-holdings-master?index=equities&symbol=SURAJEST: RuntimeError(\'HTTP 403: <HTML><HEAD>\\n<TITLE>Access Denied</TITLE>\\n</HEAD><BODY>\\n<H1>Access Denied</H1>\\n \\nYou don\\\'t have permission to access ""ht\')')"
SURAJLTD,"RuntimeError('GET failed https://www.nseindia.com/api/corporate-share-holdings-master?index=equities&symbol=SURAJLTD: RuntimeError(\'HTTP 403: <HTML><HEAD>\\n<TITLE>Access Denied</TITLE>\\n</HEAD><BODY>\\n<H1>Access Denied</H1>\\n \\nYou don\\\'t have permission to access ""ht\')')"
SURAKSHA,"RuntimeError('GET failed https://www.nseindia.com/api/corporate-share-holdings-master?index=equities&symbol=SURAKSHA: RuntimeError(\'HTTP 403: <HTML><HEAD>\\n<TITLE>Access Denied</TITLE>\\n</HEAD><BODY>\\n<H1>Access Denied</H1>\\n \\nYou don\\\'t have permission to access ""ht\')')"
SURANATELE,"RuntimeError('GET failed https://www.nseindia.com/api/corporate-share-holdings-master?index=equities&symbol=SURANATELE: RuntimeError(\'HTTP 403: <HTML><HEAD>\\n<TITLE>Access Denied</TITLE>\\n</HEAD><BODY>\\n<H1>Access Denied</H1>\\n \\nYou don\\\'t have permission to access ""ht\')')"
SURANAT&P,"RuntimeError('GET failed https://www.nseindia.com/api/corporate-share-holdings-master?index=equities&symbol=SURANAT%26P: RuntimeError(\'HTTP 403: <HTML><HEAD>\\n<TITLE>Access Denied</TITLE>\\n</HEAD><BODY>\\n<H1>Access Denied</H1>\\n \\nYou don\\\'t have permission to access ""ht\')')"
SURANASOL,"RuntimeError('GET failed https://www.nseindia.com/api/corporate-share-holdings-master?index=equities&symbol=SURANASOL: RuntimeError(\'HTTP 403: <HTML><HEAD>\\n<TITLE>Access Denied</TITLE>\\n</HEAD><BODY>\\n<H1>Access Denied</H1>\\n \\nYou don\\\'t have permission to access ""ht\')')"
SURYALAXMI,"RuntimeError('GET failed https://www.nseindia.com/api/corporate-share-holdings-master?index=equities&symbol=SURYALAXMI: RuntimeError(\'HTTP 403: <HTML><HEAD>\\n<TITLE>Access Denied</TITLE>\\n</HEAD><BODY>\\n<H1>Access Denied</H1>\\n \\nYou don\\\'t have permission to access ""ht\')')"
SURANAIND,"RuntimeError('GET failed https://www.nseindia.com/api/corporate-share-holdings-master?index=equities&symbol=SURANAIND: RuntimeError(\'HTTP 403: <HTML><HEAD>\\n<TITLE>Access Denied</TITLE>\\n</HEAD><BODY>\\n<H1>Access Denied</H1>\\n \\nYou don\\\'t have permission to access ""ht\')')"
SURYAJYOTI,"RuntimeError('GET failed https://www.nseindia.com/api/corporate-share-holdings-master?index=equities&symbol=SURYAJYOTI: RuntimeError(\'HTTP 403: <HTML><HEAD>\\n<TITLE>Access Denied</TITLE>\\n</HEAD><BODY>\\n<H1>Access Denied</H1>\\n \\nYou don\\\'t have permission to access ""ht\')')"
SURYAPHARM,"RuntimeError('GET failed https://www.nseindia.com/api/corporate-share-holdings-master?index=equities&symbol=SURYAPHARM: RuntimeError(\'HTTP 403: <HTML><HEAD>\\n<TITLE>Access Denied</TITLE>\\n</HEAD><BODY>\\n<H1>Access Denied</H1>\\n \\nYou don\\\'t have permission to access ""ht\')')"
SURYODAY,"RuntimeError('GET failed https://www.nseindia.com/api/corporate-share-holdings-master?index=equities&symbol=SURYODAY: RuntimeError(\'HTTP 403: <HTML><HEAD>\\n<TITLE>Access Denied</TITLE>\\n</HEAD><BODY>\\n<H1>Access Denied</H1>\\n \\nYou don\\\'t have permission to access ""ht\')')"
SURYAROSNI,"RuntimeError('GET failed https://www.nseindia.com/api/corporate-share-holdings-master?index=equities&symbol=SURYAROSNI: RuntimeError(\'HTTP 403: <HTML><HEAD>\\n<TITLE>Access Denied</TITLE>\\n</HEAD><BODY>\\n<H1>Access Denied</H1>\\n \\nYou don\\\'t have permission to access ""ht\')')"
SURYCOTMIL,"RuntimeError('GET failed https://www.nseindia.com/api/corporate-share-holdings-master?index=equities&symbol=SURYCOTMIL: RuntimeError(\'HTTP 403: <HTML><HEAD>\\n<TITLE>Access Denied</TITLE>\\n</HEAD><BODY>\\n<H1>Access Denied</H1>\\n \\nYou don\\\'t have permission to access ""ht\')')"
SUULD,"RuntimeError('GET failed https://www.nseindia.com/api/corporate-share-holdings-master?index=equities&symbol=SUULD: RuntimeError(\'HTTP 403: <HTML><HEAD>\\n<TITLE>Access Denied</TITLE>\\n</HEAD><BODY>\\n<H1>Access Denied</H1>\\n \\nYou don\\\'t have permission to access ""ht\')')"
SUTLEJTEX,"RuntimeError('GET failed https://www.nseindia.com/api/corporate-share-holdings-master?index=equities&symbol=SUTLEJTEX: RuntimeError(\'HTTP 403: <HTML><HEAD>\\n<TITLE>Access Denied</TITLE>\\n</HEAD><BODY>\\n<H1>Access Denied</H1>\\n \\nYou don\\\'t have permission to access ""ht\')')"
SUVEN,"RuntimeError('GET failed https://www.nseindia.com/api/corporate-share-holdings-master?index=equities&symbol=SUVEN: RuntimeError(\'HTTP 403: <HTML><HEAD>\\n<TITLE>Access Denied</TITLE>\\n</HEAD><BODY>\\n<H1>Access Denied</H1>\\n \\nYou don\\\'t have permission to access ""ht\')')"
SUYOG,"RuntimeError('GET failed https://www.nseindia.com/api/corporate-share-holdings-master?index=equities&symbol=SUYOG: RuntimeError(\'HTTP 403: <HTML><HEAD>\\n<TITLE>Access Denied</TITLE>\\n</HEAD><BODY>\\n<H1>Access Denied</H1>\\n \\nYou don\\\'t have permission to access ""ht\')')"
SVOGL,"RuntimeError('GET failed https://www.nseindia.com/api/corporate-share-holdings-master?index=equities&symbol=SVOGL: RuntimeError(\'HTTP 403: <HTML><HEAD>\\n<TITLE>Access Denied</TITLE>\\n</HEAD><BODY>\\n<H1>Access Denied</H1>\\n \\nYou don\\\'t have permission to access ""ht\')')"
SVPGLOB,"RuntimeError('GET failed https://www.nseindia.com/api/corporate-share-holdings-master?index=equities&symbol=SVPGLOB: RuntimeError(\'HTTP 403: <HTML><HEAD>\\n<TITLE>Access Denied</TITLE>\\n</HEAD><BODY>\\n<H1>Access Denied</H1>\\n \\nYou don\\\'t have permission to access ""ht\')')"
SVLL,"RuntimeError('GET failed https://www.nseindia.com/api/corporate-share-holdings-master?index=equities&symbol=SVLL: RuntimeError(\'HTTP 403: <HTML><HEAD>\\n<TITLE>Access Denied</TITLE>\\n</HEAD><BODY>\\n<H1>Access Denied</H1>\\n \\nYou don\\\'t have permission to access ""ht\')')"
SUZLON,"RuntimeError('GET failed https://www.nseindia.com/api/corporate-share-holdings-master?index=equities&symbol=SUZLON: RuntimeError(\'HTTP 403: <HTML><HEAD>\\n<TITLE>Access Denied</TITLE>\\n</HEAD><BODY>\\n<H1>Access Denied</H1>\\n \\nYou don\\\'t have permission to access ""ht\')')"
SWANCORP,"RuntimeError('GET failed https://www.nseindia.com/api/corporate-share-holdings-master?index=equities&symbol=SWANCORP: RuntimeError(\'HTTP 403: <HTML><HEAD>\\n<TITLE>Access Denied</TITLE>\\n</HEAD><BODY>\\n<H1>Access Denied</H1>\\n \\nYou don\\\'t have permission to access ""ht\')')"
SWANENERGY,"RuntimeError('GET failed https://www.nseindia.com/api/corporate-share-holdings-master?index=equities&symbol=SWANENERGY: RuntimeError(\'HTTP 403: <HTML><HEAD>\\n<TITLE>Access Denied</TITLE>\\n</HEAD><BODY>\\n<H1>Access Denied</H1>\\n \\nYou don\\\'t have permission to access ""ht\')')"
SWARAJENG,"RuntimeError('GET failed https://www.nseindia.com/api/corporate-share-holdings-master?index=equities&symbol=SWARAJENG: RuntimeError(\'HTTP 403: <HTML><HEAD>\\n<TITLE>Access Denied</TITLE>\\n</HEAD><BODY>\\n<H1>Access Denied</H1>\\n \\nYou don\\\'t have permission to access ""ht\')')"
SWARAJMAZD,"RuntimeError('GET failed https://www.nseindia.com/api/corporate-share-holdings-master?index=equities&symbol=SWARAJMAZD: RuntimeError(\'HTTP 403: <HTML><HEAD>\\n<TITLE>Access Denied</TITLE>\\n</HEAD><BODY>\\n<H1>Access Denied</H1>\\n \\nYou don\\\'t have permission to access ""ht\')')"
SWIGGY,"RuntimeError('GET failed https://www.nseindia.com/api/corporate-share-holdings-master?index=equities&symbol=SWIGGY: RuntimeError(\'HTTP 403: <HTML><HEAD>\\n<TITLE>Access Denied</TITLE>\\n</HEAD><BODY>\\n<H1>Access Denied</H1>\\n \\nYou don\\\'t have permission to access ""ht\')')"
SWELECTES,"RuntimeError('GET failed https://www.nseindia.com/api/corporate-share-holdings-master?index=equities&symbol=SWELECTES: RuntimeError(\'HTTP 403: <HTML><HEAD>\\n<TITLE>Access Denied</TITLE>\\n</HEAD><BODY>\\n<H1>Access Denied</H1>\\n \\nYou don\\\'t have permission to access ""ht\')')"
SWSOLAR,"RuntimeError('GET failed https://www.nseindia.com/api/corporate-share-holdings-master?index=equities&symbol=SWSOLAR: RuntimeError(\'HTTP 403: <HTML><HEAD>\\n<TITLE>Access Denied</TITLE>\\n</HEAD><BODY>\\n<H1>Access Denied</H1>\\n \\nYou don\\\'t have permission to access ""ht\')')"
SYMPHONY,"RuntimeError('GET failed https://www.nseindia.com/api/corporate-share-holdings-master?index=equities&symbol=SYMPHONY: RuntimeError(\'HTTP 403: <HTML><HEAD>\\n<TITLE>Access Denied</TITLE>\\n</HEAD><BODY>\\n<H1>Access Denied</H1>\\n \\nYou don\\\'t have permission to access ""ht\')')"
SYNCOMF,"RuntimeError('GET failed https://www.nseindia.com/api/corporate-share-holdings-master?index=equities&symbol=SYNCOMF: RuntimeError(\'HTTP 403: <HTML><HEAD>\\n<TITLE>Access Denied</TITLE>\\n</HEAD><BODY>\\n<H1>Access Denied</H1>\\n \\nYou don\\\'t have permission to access ""ht\')')"
SYNGENE,"RuntimeError('GET failed https://www.nseindia.com/api/corporate-share-holdings-master?index=equities&symbol=SYNGENE: RuntimeError(\'HTTP 403: <HTML><HEAD>\\n<TITLE>Access Denied</TITLE>\\n</HEAD><BODY>\\n<H1>Access Denied</H1>\\n \\nYou don\\\'t have permission to access ""ht\')')"
SYNDIBANK,"RuntimeError('GET failed https://www.nseindia.com/api/corporate-share-holdings-master?index=equities&symbol=SYNDIBANK: RuntimeError(\'HTTP 403: <HTML><HEAD>\\n<TITLE>Access Denied</TITLE>\\n</HEAD><BODY>\\n<H1>Access Denied</H1>\\n \\nYou don\\\'t have permission to access ""ht\')')"
SYRMA,"RuntimeError('GET failed https://www.nseindia.com/api/corporate-share-holdings-master?index=equities&symbol=SYRMA: RuntimeError(\'HTTP 403: <HTML><HEAD>\\n<TITLE>Access Denied</TITLE>\\n</HEAD><BODY>\\n<H1>Access Denied</H1>\\n \\nYou don\\\'t have permission to access ""ht\')')"
TAINWALCHM,"RuntimeError('GET failed https://www.nseindia.com/api/corporate-share-holdings-master?index=equities&symbol=TAINWALCHM: RuntimeError(\'HTTP 403: <HTML><HEAD>\\n<TITLE>Access Denied</TITLE>\\n</HEAD><BODY>\\n<H1>Access Denied</H1>\\n \\nYou don\\\'t have permission to access ""ht\')')"
TAJGVK,"RuntimeError('GET failed https://www.nseindia.com/api/corporate-share-holdings-master?index=equities&symbol=TAJGVK: RuntimeError(\'HTTP 403: <HTML><HEAD>\\n<TITLE>Access Denied</TITLE>\\n</HEAD><BODY>\\n<H1>Access Denied</H1>\\n \\nYou don\\\'t have permission to access ""ht\')')"
TALBROAUTO,"RuntimeError('GET failed https://www.nseindia.com/api/corporate-share-holdings-master?index=equities&symbol=TALBROAUTO: RuntimeError(\'HTTP 403: <HTML><HEAD>\\n<TITLE>Access Denied</TITLE>\\n</HEAD><BODY>\\n<H1>Access Denied</H1>\\n \\nYou don\\\'t have permission to access ""ht\')')"
TAKE,"RuntimeError('GET failed https://www.nseindia.com/api/corporate-share-holdings-master?index=equities&symbol=TAKE: RuntimeError(\'HTTP 403: <HTML><HEAD>\\n<TITLE>Access Denied</TITLE>\\n</HEAD><BODY>\\n<H1>Access Denied</H1>\\n \\nYou don\\\'t have permission to access ""ht\')')"
TALWALKARS,"RuntimeError('GET failed https://www.nseindia.com/api/corporate-share-holdings-master?index=equities&symbol=TALWALKARS: RuntimeError(\'HTTP 403: <HTML><HEAD>\\n<TITLE>Access Denied</TITLE>\\n</HEAD><BODY>\\n<H1>Access Denied</H1>\\n \\nYou don\\\'t have permission to access ""ht\')')"
TALWGYM,"RuntimeError('GET failed https://www.nseindia.com/api/corporate-share-holdings-master?index=equities&symbol=TALWGYM: RuntimeError(\'HTTP 403: <HTML><HEAD>\\n<TITLE>Access Denied</TITLE>\\n</HEAD><BODY>\\n<H1>Access Denied</H1>\\n \\nYou don\\\'t have permission to access ""ht\')')"
TANLA,"RuntimeError('GET failed https://www.nseindia.com/api/corporate-share-holdings-master?index=equities&symbol=TANLA: RuntimeError(\'HTTP 403: <HTML><HEAD>\\n<TITLE>Access Denied</TITLE>\\n</HEAD><BODY>\\n<H1>Access Denied</H1>\\n \\nYou don\\\'t have permission to access ""ht\')')"
TANTIACONS,"RuntimeError('GET failed https://www.nseindia.com/api/corporate-share-holdings-master?index=equities&symbol=TANTIACONS: RuntimeError(\'HTTP 403: <HTML><HEAD>\\n<TITLE>Access Denied</TITLE>\\n</HEAD><BODY>\\n<H1>Access Denied</H1>\\n \\nYou don\\\'t have permission to access ""ht\')')"
TARACHAND,"RuntimeError('GET failed https://www.nseindia.com/api/corporate-share-holdings-master?index=equities&symbol=TARACHAND: RuntimeError(\'HTTP 403: <HTML><HEAD>\\n<TITLE>Access Denied</TITLE>\\n</HEAD><BODY>\\n<H1>Access Denied</H1>\\n \\nYou don\\\'t have permission to access ""ht\')')"
TARAJEWELS,"RuntimeError('GET failed https://www.nseindia.com/api/corporate-share-holdings-master?index=equities&symbol=TARAJEWELS: RuntimeError(\'HTTP 403: <HTML><HEAD>\\n<TITLE>Access Denied</TITLE>\\n</HEAD><BODY>\\n<H1>Access Denied</H1>\\n \\nYou don\\\'t have permission to access ""ht\')')"
TARC,"RuntimeError('GET failed https://www.nseindia.com/api/corporate-share-holdings-master?index=equities&symbol=TARC: RuntimeError(\'HTTP 403: <HTML><HEAD>\\n<TITLE>Access Denied</TITLE>\\n</HEAD><BODY>\\n<H1>Access Denied</H1>\\n \\nYou don\\\'t have permission to access ""ht\')')"
TARIL,"RuntimeError('GET failed https://www.nseindia.com/api/corporate-share-holdings-master?index=equities&symbol=TARIL: RuntimeError(\'HTTP 403: <HTML><HEAD>\\n<TITLE>Access Denied</TITLE>\\n</HEAD><BODY>\\n<H1>Access Denied</H1>\\n \\nYou don\\\'t have permission to access ""ht\')')"
TARMAT,"RuntimeError('GET failed https://www.nseindia.com/api/corporate-share-holdings-master?index=equities&symbol=TARMAT: RuntimeError(\'HTTP 403: <HTML><HEAD>\\n<TITLE>Access Denied</TITLE>\\n</HEAD><BODY>\\n<H1>Access Denied</H1>\\n \\nYou don\\\'t have permission to access ""ht\')')"
TARSONS,"RuntimeError('GET failed https://www.nseindia.com/api/corporate-share-holdings-master?index=equities&symbol=TARSONS: RuntimeError(\'HTTP 403: <HTML><HEAD>\\n<TITLE>Access Denied</TITLE>\\n</HEAD><BODY>\\n<H1>Access Denied</H1>\\n \\nYou don\\\'t have permission to access ""ht\')')"
TASCPHARMA,"RuntimeError('GET failed https://www.nseindia.com/api/corporate-share-holdings-master?index=equities&symbol=TASCPHARMA: RuntimeError(\'HTTP 403: <HTML><HEAD>\\n<TITLE>Access Denied</TITLE>\\n</HEAD><BODY>\\n<H1>Access Denied</H1>\\n \\nYou don\\\'t have permission to access ""ht\')')"
TATACAP,"RuntimeError('GET failed https://www.nseindia.com/api/corporate-share-holdings-master?index=equities&symbol=TATACAP: RuntimeError(\'HTTP 403: <HTML><HEAD>\\n<TITLE>Access Denied</TITLE>\\n</HEAD><BODY>\\n<H1>Access Denied</H1>\\n \\nYou don\\\'t have permission to access ""ht\')')"
TATACHEM,"RuntimeError('GET failed https://www.nseindia.com/api/corporate-share-holdings-master?index=equities&symbol=TATACHEM: RuntimeError(\'HTTP 403: <HTML><HEAD>\\n<TITLE>Access Denied</TITLE>\\n</HEAD><BODY>\\n<H1>Access Denied</H1>\\n \\nYou don\\\'t have permission to access ""ht\')')"
TATACOFFEE,"RuntimeError('GET failed https://www.nseindia.com/api/corporate-share-holdings-master?index=equities&symbol=TATACOFFEE: RuntimeError(\'HTTP 403: <HTML><HEAD>\\n<TITLE>Access Denied</TITLE>\\n</HEAD><BODY>\\n<H1>Access Denied</H1>\\n \\nYou don\\\'t have permission to access ""ht\')')"
TATACOMM,"RuntimeError('GET failed https://www.nseindia.com/api/corporate-share-holdings-master?index=equities&symbol=TATACOMM: RuntimeError(\'HTTP 403: <HTML><HEAD>\\n<TITLE>Access Denied</TITLE>\\n</HEAD><BODY>\\n<H1>Access Denied</H1>\\n \\nYou don\\\'t have permission to access ""ht\')')"
TATACONSUM,"RuntimeError('GET failed https://www.nseindia.com/api/corporate-share-holdings-master?index=equities&symbol=TATACONSUM: RuntimeError(\'HTTP 403: <HTML><HEAD>\\n<TITLE>Access Denied</TITLE>\\n</HEAD><BODY>\\n<H1>Access Denied</H1>\\n \\nYou don\\\'t have permission to access ""ht\')')"
TATAELXSI,"RuntimeError('GET failed https://www.nseindia.com/api/corporate-share-holdings-master?index=equities&symbol=TATAELXSI: RuntimeError(\'HTTP 403: <HTML><HEAD>\\n<TITLE>Access Denied</TITLE>\\n</HEAD><BODY>\\n<H1>Access Denied</H1>\\n \\nYou don\\\'t have permission to access ""ht\')')"
TATAFIN,"RuntimeError('GET failed https://www.nseindia.com/api/corporate-share-holdings-master?index=equities&symbol=TATAFIN: RuntimeError(\'HTTP 403: <HTML><HEAD>\\n<TITLE>Access Denied</TITLE>\\n</HEAD><BODY>\\n<H1>Access Denied</H1>\\n \\nYou don\\\'t have permission to access ""ht\')')"
TATAINFO,"RuntimeError('GET failed https://www.nseindia.com/api/corporate-share-holdings-master?index=equities&symbol=TATAINFO: RuntimeError(\'HTTP 403: <HTML><HEAD>\\n<TITLE>Access Denied</TITLE>\\n</HEAD><BODY>\\n<H1>Access Denied</H1>\\n \\nYou don\\\'t have permission to access ""ht\')')"
TATAINFOTE,"RuntimeError('GET failed https://www.nseindia.com/api/corporate-share-holdings-master?index=equities&symbol=TATAINFOTE: RuntimeError(\'HTTP 403: <HTML><HEAD>\\n<TITLE>Access Denied</TITLE>\\n</HEAD><BODY>\\n<H1>Access Denied</H1>\\n \\nYou don\\\'t have permission to access ""ht\')')"
TATAINVEST,"RuntimeError('GET failed https://www.nseindia.com/api/corporate-share-holdings-master?index=equities&symbol=TATAINVEST: RuntimeError(\'HTTP 403: <HTML><HEAD>\\n<TITLE>Access Denied</TITLE>\\n</HEAD><BODY>\\n<H1>Access Denied</H1>\\n \\nYou don\\\'t have permission to access ""ht\')')"
TATAMETALI,"RuntimeError('GET failed https://www.nseindia.com/api/corporate-share-holdings-master?index=equities&symbol=TATAMETALI: RuntimeError(\'HTTP 403: <HTML><HEAD>\\n<TITLE>Access Denied</TITLE>\\n</HEAD><BODY>\\n<H1>Access Denied</H1>\\n \\nYou don\\\'t have permission to access ""ht\')')"
TATAMOTORS,"RuntimeError('GET failed https://www.nseindia.com/api/corporate-share-holdings-master?index=equities&symbol=TATAMOTORS: RuntimeError(\'HTTP 403: <HTML><HEAD>\\n<TITLE>Access Denied</TITLE>\\n</HEAD><BODY>\\n<H1>Access Denied</H1>\\n \\nYou don\\\'t have permission to access ""ht\')')"
TATAMTRDVR,"RuntimeError('GET failed https://www.nseindia.com/api/corporate-share-holdings-master?index=equities&symbol=TATAMTRDVR: RuntimeError(\'HTTP 403: <HTML><HEAD>\\n<TITLE>Access Denied</TITLE>\\n</HEAD><BODY>\\n<H1>Access Denied</H1>\\n \\nYou don\\\'t have permission to access ""ht\')')"
TATAPOWER,"RuntimeError('GET failed https://www.nseindia.com/api/corporate-share-holdings-master?index=equities&symbol=TATAPOWER: RuntimeError(\'HTTP 403: <HTML><HEAD>\\n<TITLE>Access Denied</TITLE>\\n</HEAD><BODY>\\n<H1>Access Denied</H1>\\n \\nYou don\\\'t have permission to access ""ht\')')"
TATASPONGE,"RuntimeError('GET failed https://www.nseindia.com/api/corporate-share-holdings-master?index=equities&symbol=TATASPONGE: RuntimeError(\'HTTP 403: <HTML><HEAD>\\n<TITLE>Access Denied</TITLE>\\n</HEAD><BODY>\\n<H1>Access Denied</H1>\\n \\nYou don\\\'t have permission to access ""ht\')')"
TATASTEEL,"RuntimeError('GET failed https://www.nseindia.com/api/corporate-share-holdings-master?index=equities&symbol=TATASTEEL: RuntimeError(\'HTTP 403: <HTML><HEAD>\\n<TITLE>Access Denied</TITLE>\\n</HEAD><BODY>\\n<H1>Access Denied</H1>\\n \\nYou don\\\'t have permission to access ""ht\')')"
TATASTLBSL,"RuntimeError('GET failed https://www.nseindia.com/api/corporate-share-holdings-master?index=equities&symbol=TATASTLBSL: RuntimeError(\'HTTP 403: <HTML><HEAD>\\n<TITLE>Access Denied</TITLE>\\n</HEAD><BODY>\\n<H1>Access Denied</H1>\\n \\nYou don\\\'t have permission to access ""ht\')')"
TATASTLLP,"RuntimeError('GET failed https://www.nseindia.com/api/corporate-share-holdings-master?index=equities&symbol=TATASTLLP: RuntimeError(\'HTTP 403: <HTML><HEAD>\\n<TITLE>Access Denied</TITLE>\\n</HEAD><BODY>\\n<H1>Access Denied</H1>\\n \\nYou don\\\'t have permission to access ""ht\')')"
TATATEA,"RuntimeError('GET failed https://www.nseindia.com/api/corporate-share-holdings-master?index=equities&symbol=TATATEA: RuntimeError(\'HTTP 403: <HTML><HEAD>\\n<TITLE>Access Denied</TITLE>\\n</HEAD><BODY>\\n<H1>Access Denied</H1>\\n \\nYou don\\\'t have permission to access ""ht\')')"
TATATECH,"RuntimeError('GET failed https://www.nseindia.com/api/corporate-share-holdings-master?index=equities&symbol=TATATECH: RuntimeError(\'HTTP 403: <HTML><HEAD>\\n<TITLE>Access Denied</TITLE>\\n</HEAD><BODY>\\n<H1>Access Denied</H1>\\n \\nYou don\\\'t have permission to access ""ht\')')"
TATATELECM,"RuntimeError('GET failed https://www.nseindia.com/api/corporate-share-holdings-master?index=equities&symbol=TATATELECM: RuntimeError(\'HTTP 403: <HTML><HEAD>\\n<TITLE>Access Denied</TITLE>\\n</HEAD><BODY>\\n<H1>Access Denied</H1>\\n \\nYou don\\\'t have permission to access ""ht\')')"
TATATELSER,"RuntimeError('GET failed https://www.nseindia.com/api/corporate-share-holdings-master?index=equities&symbol=TATATELSER: RuntimeError(\'HTTP 403: <HTML><HEAD>\\n<TITLE>Access Denied</TITLE>\\n</HEAD><BODY>\\n<H1>Access Denied</H1>\\n \\nYou don\\\'t have permission to access ""ht\')')"
TATVA,"RuntimeError('GET failed https://www.nseindia.com/api/corporate-share-holdings-master?index=equities&symbol=TATVA: RuntimeError(\'HTTP 403: <HTML><HEAD>\\n<TITLE>Access Denied</TITLE>\\n</HEAD><BODY>\\n<H1>Access Denied</H1>\\n \\nYou don\\\'t have permission to access ""ht\')')"
TBOTEK,"RuntimeError('GET failed https://www.nseindia.com/api/corporate-share-holdings-master?index=equities&symbol=TBOTEK: RuntimeError(\'HTTP 403: <HTML><HEAD>\\n<TITLE>Access Denied</TITLE>\\n</HEAD><BODY>\\n<H1>Access Denied</H1>\\n \\nYou don\\\'t have permission to access ""ht\')')"
TBZ,"RuntimeError('GET failed https://www.nseindia.com/api/corporate-share-holdings-master?index=equities&symbol=TBZ: RuntimeError(\'HTTP 403: <HTML><HEAD>\\n<TITLE>Access Denied</TITLE>\\n</HEAD><BODY>\\n<H1>Access Denied</H1>\\n \\nYou don\\\'t have permission to access ""ht\')')"
TCI,"RuntimeError('GET failed https://www.nseindia.com/api/corporate-share-holdings-master?index=equities&symbol=TCI: RuntimeError(\'HTTP 403: <HTML><HEAD>\\n<TITLE>Access Denied</TITLE>\\n</HEAD><BODY>\\n<H1>Access Denied</H1>\\n \\nYou don\\\'t have permission to access ""ht\')')"
TCIEXP,"RuntimeError('GET failed https://www.nseindia.com/api/corporate-share-holdings-master?index=equities&symbol=TCIEXP: RuntimeError(\'HTTP 403: <HTML><HEAD>\\n<TITLE>Access Denied</TITLE>\\n</HEAD><BODY>\\n<H1>Access Denied</H1>\\n \\nYou don\\\'t have permission to access ""ht\')')"
TCNSBRANDS,"RuntimeError('GET failed https://www.nseindia.com/api/corporate-share-holdings-master?index=equities&symbol=TCNSBRANDS: RuntimeError(\'HTTP 403: <HTML><HEAD>\\n<TITLE>Access Denied</TITLE>\\n</HEAD><BODY>\\n<H1>Access Denied</H1>\\n \\nYou don\\\'t have permission to access ""ht\')')"
TCPLPACK,"RuntimeError('GET failed https://www.nseindia.com/api/corporate-share-holdings-master?index=equities&symbol=TCPLPACK: RuntimeError(\'HTTP 403: <HTML><HEAD>\\n<TITLE>Access Denied</TITLE>\\n</HEAD><BODY>\\n<H1>Access Denied</H1>\\n \\nYou don\\\'t have permission to access ""ht\')')"
TCS,"RuntimeError('GET failed https://www.nseindia.com/api/corporate-share-holdings-master?index=equities&symbol=TCS: RuntimeError(\'HTTP 403: <HTML><HEAD>\\n<TITLE>Access Denied</TITLE>\\n</HEAD><BODY>\\n<H1>Access Denied</H1>\\n \\nYou don\\\'t have permission to access ""ht\')')"
TDPOWERSYS,"RuntimeError('GET failed https://www.nseindia.com/api/corporate-share-holdings-master?index=equities&symbol=TDPOWERSYS: RuntimeError(\'HTTP 403: <HTML><HEAD>\\n<TITLE>Access Denied</TITLE>\\n</HEAD><BODY>\\n<H1>Access Denied</H1>\\n \\nYou don\\\'t have permission to access ""ht\')')"
TEAMGTY,"RuntimeError('GET failed https://www.nseindia.com/api/corporate-share-holdings-master?index=equities&symbol=TEAMGTY: RuntimeError(\'HTTP 403: <HTML><HEAD>\\n<TITLE>Access Denied</TITLE>\\n</HEAD><BODY>\\n<H1>Access Denied</H1>\\n \\nYou don\\\'t have permission to access ""ht\')')"
TEAMLEASE,"RuntimeError('GET failed https://www.nseindia.com/api/corporate-share-holdings-master?index=equities&symbol=TEAMLEASE: RuntimeError(\'HTTP 403: <HTML><HEAD>\\n<TITLE>Access Denied</TITLE>\\n</HEAD><BODY>\\n<H1>Access Denied</H1>\\n \\nYou don\\\'t have permission to access ""ht\')')"
TECHM,"RuntimeError('GET failed https://www.nseindia.com/api/corporate-share-holdings-master?index=equities&symbol=TECHM: RuntimeError(\'HTTP 403: <HTML><HEAD>\\n<TITLE>Access Denied</TITLE>\\n</HEAD><BODY>\\n<H1>Access Denied</H1>\\n \\nYou don\\\'t have permission to access ""ht\')')"
TECHNO,"RuntimeError('GET failed https://www.nseindia.com/api/corporate-share-holdings-master?index=equities&symbol=TECHNO: RuntimeError(\'HTTP 403: <HTML><HEAD>\\n<TITLE>Access Denied</TITLE>\\n</HEAD><BODY>\\n<H1>Access Denied</H1>\\n \\nYou don\\\'t have permission to access ""ht\')')"
TECHNOE,"RuntimeError('GET failed https://www.nseindia.com/api/corporate-share-holdings-master?index=equities&symbol=TECHNOE: RuntimeError(\'HTTP 403: <HTML><HEAD>\\n<TITLE>Access Denied</TITLE>\\n</HEAD><BODY>\\n<H1>Access Denied</H1>\\n \\nYou don\\\'t have permission to access ""ht\')')"
TECHNOELEC,"RuntimeError('GET failed https://www.nseindia.com/api/corporate-share-holdings-master?index=equities&symbol=TECHNOELEC: RuntimeError(\'HTTP 403: <HTML><HEAD>\\n<TITLE>Access Denied</TITLE>\\n</HEAD><BODY>\\n<H1>Access Denied</H1>\\n \\nYou don\\\'t have permission to access ""ht\')')"
TECHNOFAB,"RuntimeError('GET failed https://www.nseindia.com/api/corporate-share-holdings-master?index=equities&symbol=TECHNOFAB: RuntimeError(\'HTTP 403: <HTML><HEAD>\\n<TITLE>Access Denied</TITLE>\\n</HEAD><BODY>\\n<H1>Access Denied</H1>\\n \\nYou don\\\'t have permission to access ""ht\')')"
TECPRO,"RuntimeError('GET failed https://www.nseindia.com/api/corporate-share-holdings-master?index=equities&symbol=TECPRO: RuntimeError(\'HTTP 403: <HTML><HEAD>\\n<TITLE>Access Denied</TITLE>\\n</HEAD><BODY>\\n<H1>Access Denied</H1>\\n \\nYou don\\\'t have permission to access ""ht\')')"
TEGA,"RuntimeError('GET failed https://www.nseindia.com/api/corporate-share-holdings-master?index=equities&symbol=TEGA: RuntimeError(\'HTTP 403: <HTML><HEAD>\\n<TITLE>Access Denied</TITLE>\\n</HEAD><BODY>\\n<H1>Access Denied</H1>\\n \\nYou don\\\'t have permission to access ""ht\')')"
TELEDATAIN,"RuntimeError('GET failed https://www.nseindia.com/api/corporate-share-holdings-master?index=equities&symbol=TELEDATAIN: RuntimeError(\'HTTP 403: <HTML><HEAD>\\n<TITLE>Access Denied</TITLE>\\n</HEAD><BODY>\\n<H1>Access Denied</H1>\\n \\nYou don\\\'t have permission to access ""ht\')')"
TEJASNET,"RuntimeError('GET failed https://www.nseindia.com/api/corporate-share-holdings-master?index=equities&symbol=TEJASNET: RuntimeError(\'HTTP 403: <HTML><HEAD>\\n<TITLE>Access Denied</TITLE>\\n</HEAD><BODY>\\n<H1>Access Denied</H1>\\n \\nYou don\\\'t have permission to access ""ht\')')"
TEMBO,"RuntimeError('GET failed https://www.nseindia.com/api/corporate-share-holdings-master?index=equities&symbol=TEMBO: RuntimeError(\'HTTP 403: <HTML><HEAD>\\n<TITLE>Access Denied</TITLE>\\n</HEAD><BODY>\\n<H1>Access Denied</H1>\\n \\nYou don\\\'t have permission to access ""ht\')')"
TENNIND,"RuntimeError('GET failed https://www.nseindia.com/api/corporate-share-holdings-master?index=equities&symbol=TENNIND: RuntimeError(\'HTTP 403: <HTML><HEAD>\\n<TITLE>Access Denied</TITLE>\\n</HEAD><BODY>\\n<H1>Access Denied</H1>\\n \\nYou don\\\'t have permission to access ""ht\')')"
TERASOFT,"RuntimeError('GET failed https://www.nseindia.com/api/corporate-share-holdings-master?index=equities&symbol=TERASOFT: RuntimeError(\'HTTP 403: <HTML><HEAD>\\n<TITLE>Access Denied</TITLE>\\n</HEAD><BODY>\\n<H1>Access Denied</H1>\\n \\nYou don\\\'t have permission to access ""ht\')')"
TEXINFRA,"RuntimeError('GET failed https://www.nseindia.com/api/corporate-share-holdings-master?index=equities&symbol=TEXINFRA: RuntimeError(\'HTTP 403: <HTML><HEAD>\\n<TITLE>Access Denied</TITLE>\\n</HEAD><BODY>\\n<H1>Access Denied</H1>\\n \\nYou don\\\'t have permission to access ""ht\')')"
TEXMACOLTD,"RuntimeError('GET failed https://www.nseindia.com/api/corporate-share-holdings-master?index=equities&symbol=TEXMACOLTD: RuntimeError(\'HTTP 403: <HTML><HEAD>\\n<TITLE>Access Denied</TITLE>\\n</HEAD><BODY>\\n<H1>Access Denied</H1>\\n \\nYou don\\\'t have permission to access ""ht\')')"
TEXMOPIPES,"RuntimeError('GET failed https://www.nseindia.com/api/corporate-share-holdings-master?index=equities&symbol=TEXMOPIPES: RuntimeError(\'HTTP 403: <HTML><HEAD>\\n<TITLE>Access Denied</TITLE>\\n</HEAD><BODY>\\n<H1>Access Denied</H1>\\n \\nYou don\\\'t have permission to access ""ht\')')"
TEXRAIL,"RuntimeError('GET failed https://www.nseindia.com/api/corporate-share-holdings-master?index=equities&symbol=TEXRAIL: RuntimeError(\'HTTP 403: <HTML><HEAD>\\n<TITLE>Access Denied</TITLE>\\n</HEAD><BODY>\\n<H1>Access Denied</H1>\\n \\nYou don\\\'t have permission to access ""ht\')')"
TFCILTD,"RuntimeError('GET failed https://www.nseindia.com/api/corporate-share-holdings-master?index=equities&symbol=TFCILTD: RuntimeError(\'HTTP 403: <HTML><HEAD>\\n<TITLE>Access Denied</TITLE>\\n</HEAD><BODY>\\n<H1>Access Denied</H1>\\n \\nYou don\\\'t have permission to access ""ht\')')"
TFL,"RuntimeError('GET failed https://www.nseindia.com/api/corporate-share-holdings-master?index=equities&symbol=TFL: RuntimeError(\'HTTP 403: <HTML><HEAD>\\n<TITLE>Access Denied</TITLE>\\n</HEAD><BODY>\\n<H1>Access Denied</H1>\\n \\nYou don\\\'t have permission to access ""ht\')')"
TGBHOTELS,"RuntimeError('GET failed https://www.nseindia.com/api/corporate-share-holdings-master?index=equities&symbol=TGBHOTELS: RuntimeError(\'HTTP 403: <HTML><HEAD>\\n<TITLE>Access Denied</TITLE>\\n</HEAD><BODY>\\n<H1>Access Denied</H1>\\n \\nYou don\\\'t have permission to access ""ht\')')"
THEINVEST,"RuntimeError('GET failed https://www.nseindia.com/api/corporate-share-holdings-master?index=equities&symbol=THEINVEST: RuntimeError(\'HTTP 403: <HTML><HEAD>\\n<TITLE>Access Denied</TITLE>\\n</HEAD><BODY>\\n<H1>Access Denied</H1>\\n \\nYou don\\\'t have permission to access ""ht\')')"
THANGAMAYL,"RuntimeError('GET failed https://www.nseindia.com/api/corporate-share-holdings-master?index=equities&symbol=THANGAMAYL: RuntimeError(\'HTTP 403: <HTML><HEAD>\\n<TITLE>Access Denied</TITLE>\\n</HEAD><BODY>\\n<H1>Access Denied</H1>\\n \\nYou don\\\'t have permission to access ""ht\')')"
THEJO,"RuntimeError('GET failed https://www.nseindia.com/api/corporate-share-holdings-master?index=equities&symbol=THEJO: RuntimeError(\'HTTP 403: <HTML><HEAD>\\n<TITLE>Access Denied</TITLE>\\n</HEAD><BODY>\\n<H1>Access Denied</H1>\\n \\nYou don\\\'t have permission to access ""ht\')')"
THELEELA,"RuntimeError('GET failed https://www.nseindia.com/api/corporate-share-holdings-master?index=equities&symbol=THELEELA: RuntimeError(\'HTTP 403: <HTML><HEAD>\\n<TITLE>Access Denied</TITLE>\\n</HEAD><BODY>\\n<H1>Access Denied</H1>\\n \\nYou don\\\'t have permission to access ""ht\')')"
THEMISMED,"RuntimeError('GET failed https://www.nseindia.com/api/corporate-share-holdings-master?index=equities&symbol=THEMISMED: RuntimeError(\'HTTP 403: <HTML><HEAD>\\n<TITLE>Access Denied</TITLE>\\n</HEAD><BODY>\\n<H1>Access Denied</H1>\\n \\nYou don\\\'t have permission to access ""ht\')')"
THERMAX,"RuntimeError('GET failed https://www.nseindia.com/api/corporate-share-holdings-master?index=equities&symbol=THERMAX: RuntimeError(\'HTTP 403: <HTML><HEAD>\\n<TITLE>Access Denied</TITLE>\\n</HEAD><BODY>\\n<H1>Access Denied</H1>\\n \\nYou don\\\'t have permission to access ""ht\')')"
THINKSOFT,"RuntimeError('GET failed https://www.nseindia.com/api/corporate-share-holdings-master?index=equities&symbol=THINKSOFT: RuntimeError(\'HTTP 403: <HTML><HEAD>\\n<TITLE>Access Denied</TITLE>\\n</HEAD><BODY>\\n<H1>Access Denied</H1>\\n \\nYou don\\\'t have permission to access ""ht\')')"
THIRUSUGAR,"RuntimeError('GET failed https://www.nseindia.com/api/corporate-share-holdings-master?index=equities&symbol=THIRUSUGAR: RuntimeError(\'HTTP 403: <HTML><HEAD>\\n<TITLE>Access Denied</TITLE>\\n</HEAD><BODY>\\n<H1>Access Denied</H1>\\n \\nYou don\\\'t have permission to access ""ht\')')"
THOMASCOOK,"RuntimeError('GET failed https://www.nseindia.com/api/corporate-share-holdings-master?index=equities&symbol=THOMASCOOK: RuntimeError(\'HTTP 403: <HTML><HEAD>\\n<TITLE>Access Denied</TITLE>\\n</HEAD><BODY>\\n<H1>Access Denied</H1>\\n \\nYou don\\\'t have permission to access ""ht\')')"
THOMASCOTT,"RuntimeError('GET failed https://www.nseindia.com/api/corporate-share-holdings-master?index=equities&symbol=THOMASCOTT: RuntimeError(\'HTTP 403: <HTML><HEAD>\\n<TITLE>Access Denied</TITLE>\\n</HEAD><BODY>\\n<H1>Access Denied</H1>\\n \\nYou don\\\'t have permission to access ""ht\')')"
THYROCARE,"RuntimeError('GET failed https://www.nseindia.com/api/corporate-share-holdings-master?index=equities&symbol=THYROCARE: RuntimeError(\'HTTP 403: <HTML><HEAD>\\n<TITLE>Access Denied</TITLE>\\n</HEAD><BODY>\\n<H1>Access Denied</H1>\\n \\nYou don\\\'t have permission to access ""ht\')')"
TI,"RuntimeError('GET failed https://www.nseindia.com/api/corporate-share-holdings-master?index=equities&symbol=TI: RuntimeError(\'HTTP 403: <HTML><HEAD>\\n<TITLE>Access Denied</TITLE>\\n</HEAD><BODY>\\n<H1>Access Denied</H1>\\n \\nYou don\\\'t have permission to access ""ht\')')"
TIGERLOGS,"RuntimeError('GET failed https://www.nseindia.com/api/corporate-share-holdings-master?index=equities&symbol=TIGERLOGS: RuntimeError(\'HTTP 403: <HTML><HEAD>\\n<TITLE>Access Denied</TITLE>\\n</HEAD><BODY>\\n<H1>Access Denied</H1>\\n \\nYou don\\\'t have permission to access ""ht\')')"
TICL,"RuntimeError('GET failed https://www.nseindia.com/api/corporate-share-holdings-master?index=equities&symbol=TICL: RuntimeError(\'HTTP 403: <HTML><HEAD>\\n<TITLE>Access Denied</TITLE>\\n</HEAD><BODY>\\n<H1>Access Denied</H1>\\n \\nYou don\\\'t have permission to access ""ht\')')"
TIIL,"RuntimeError('GET failed https://www.nseindia.com/api/corporate-share-holdings-master?index=equities&symbol=TIIL: RuntimeError(\'HTTP 403: <HTML><HEAD>\\n<TITLE>Access Denied</TITLE>\\n</HEAD><BODY>\\n<H1>Access Denied</H1>\\n \\nYou don\\\'t have permission to access ""ht\')')"
TIINDIA,"RuntimeError('GET failed https://www.nseindia.com/api/corporate-share-holdings-master?index=equities&symbol=TIINDIA: RuntimeError(\'HTTP 403: <HTML><HEAD>\\n<TITLE>Access Denied</TITLE>\\n</HEAD><BODY>\\n<H1>Access Denied</H1>\\n \\nYou don\\\'t have permission to access ""ht\')')"
TIL,"RuntimeError('GET failed https://www.nseindia.com/api/corporate-share-holdings-master?index=equities&symbol=TIL: RuntimeError(\'HTTP 403: <HTML><HEAD>\\n<TITLE>Access Denied</TITLE>\\n</HEAD><BODY>\\n<H1>Access Denied</H1>\\n \\nYou don\\\'t have permission to access ""ht\')')"
TIMETECHNO,"RuntimeError('GET failed https://www.nseindia.com/api/corporate-share-holdings-master?index=equities&symbol=TIMETECHNO: RuntimeError(\'HTTP 403: <HTML><HEAD>\\n<TITLE>Access Denied</TITLE>\\n</HEAD><BODY>\\n<H1>Access Denied</H1>\\n \\nYou don\\\'t have permission to access ""ht\')')"
TIMKEN,"RuntimeError('GET failed https://www.nseindia.com/api/corporate-share-holdings-master?index=equities&symbol=TIMKEN: RuntimeError(\'HTTP 403: <HTML><HEAD>\\n<TITLE>Access Denied</TITLE>\\n</HEAD><BODY>\\n<H1>Access Denied</H1>\\n \\nYou don\\\'t have permission to access ""ht\')')"
TINNARUBR,"RuntimeError('GET failed https://www.nseindia.com/api/corporate-share-holdings-master?index=equities&symbol=TINNARUBR: RuntimeError(\'HTTP 403: <HTML><HEAD>\\n<TITLE>Access Denied</TITLE>\\n</HEAD><BODY>\\n<H1>Access Denied</H1>\\n \\nYou don\\\'t have permission to access ""ht\')')"
TINPLATE,"RuntimeError('GET failed https://www.nseindia.com/api/corporate-share-holdings-master?index=equities&symbol=TINPLATE: RuntimeError(\'HTTP 403: <HTML><HEAD>\\n<TITLE>Access Denied</TITLE>\\n</HEAD><BODY>\\n<H1>Access Denied</H1>\\n \\nYou don\\\'t have permission to access ""ht\')')"
TIPSFILMS,"RuntimeError('GET failed https://www.nseindia.com/api/corporate-share-holdings-master?index=equities&symbol=TIPSFILMS: RuntimeError(\'HTTP 403: <HTML><HEAD>\\n<TITLE>Access Denied</TITLE>\\n</HEAD><BODY>\\n<H1>Access Denied</H1>\\n \\nYou don\\\'t have permission to access ""ht\')')"
TIPSINDLTD,"RuntimeError('GET failed https://www.nseindia.com/api/corporate-share-holdings-master?index=equities&symbol=TIPSINDLTD: RuntimeError(\'HTTP 403: <HTML><HEAD>\\n<TITLE>Access Denied</TITLE>\\n</HEAD><BODY>\\n<H1>Access Denied</H1>\\n \\nYou don\\\'t have permission to access ""ht\')')"
TIPSMUSIC,"RuntimeError('GET failed https://www.nseindia.com/api/corporate-share-holdings-master?index=equities&symbol=TIPSMUSIC: RuntimeError(\'HTTP 403: <HTML><HEAD>\\n<TITLE>Access Denied</TITLE>\\n</HEAD><BODY>\\n<H1>Access Denied</H1>\\n \\nYou don\\\'t have permission to access ""ht\')')"
TIRUPATIFL,"RuntimeError('GET failed https://www.nseindia.com/api/corporate-share-holdings-master?index=equities&symbol=TIRUPATIFL: RuntimeError(\'HTTP 403: <HTML><HEAD>\\n<TITLE>Access Denied</TITLE>\\n</HEAD><BODY>\\n<H1>Access Denied</H1>\\n \\nYou don\\\'t have permission to access ""ht\')')"
TIRUMALCHM,"RuntimeError('GET failed https://www.nseindia.com/api/corporate-share-holdings-master?index=equities&symbol=TIRUMALCHM: RuntimeError(\'HTTP 403: <HTML><HEAD>\\n<TITLE>Access Denied</TITLE>\\n</HEAD><BODY>\\n<H1>Access Denied</H1>\\n \\nYou don\\\'t have permission to access ""ht\')')"
TISCO,"RuntimeError('GET failed https://www.nseindia.com/api/corporate-share-holdings-master?index=equities&symbol=TISCO: RuntimeError(\'HTTP 403: <HTML><HEAD>\\n<TITLE>Access Denied</TITLE>\\n</HEAD><BODY>\\n<H1>Access Denied</H1>\\n \\nYou don\\\'t have permission to access ""ht\')')"
TITAGARH,"RuntimeError('GET failed https://www.nseindia.com/api/corporate-share-holdings-master?index=equities&symbol=TITAGARH: RuntimeError(\'HTTP 403: <HTML><HEAD>\\n<TITLE>Access Denied</TITLE>\\n</HEAD><BODY>\\n<H1>Access Denied</H1>\\n \\nYou don\\\'t have permission to access ""ht\')')"
TITAN,"RuntimeError('GET failed https://www.nseindia.com/api/corporate-share-holdings-master?index=equities&symbol=TITAN: RuntimeError(\'HTTP 403: <HTML><HEAD>\\n<TITLE>Access Denied</TITLE>\\n</HEAD><BODY>\\n<H1>Access Denied</H1>\\n \\nYou don\\\'t have permission to access ""ht\')')"
TMCV,"RuntimeError('GET failed https://www.nseindia.com/api/corporate-share-holdings-master?index=equities&symbol=TMCV: RuntimeError(\'HTTP 403: <HTML><HEAD>\\n<TITLE>Access Denied</TITLE>\\n</HEAD><BODY>\\n<H1>Access Denied</H1>\\n \\nYou don\\\'t have permission to access ""ht\')')"
TMB,"RuntimeError('GET failed https://www.nseindia.com/api/corporate-share-holdings-master?index=equities&symbol=TMB: RuntimeError(\'HTTP 403: <HTML><HEAD>\\n<TITLE>Access Denied</TITLE>\\n</HEAD><BODY>\\n<H1>Access Denied</H1>\\n \\nYou don\\\'t have permission to access ""ht\')')"
TMPV,"RuntimeError('GET failed https://www.nseindia.com/api/corporate-share-holdings-master?index=equities&symbol=TMPV: RuntimeError(\'HTTP 403: <HTML><HEAD>\\n<TITLE>Access Denied</TITLE>\\n</HEAD><BODY>\\n<H1>Access Denied</H1>\\n \\nYou don\\\'t have permission to access ""ht\')')"
TNPETRO,"RuntimeError('GET failed https://www.nseindia.com/api/corporate-share-holdings-master?index=equities&symbol=TNPETRO: RuntimeError(\'HTTP 403: <HTML><HEAD>\\n<TITLE>Access Denied</TITLE>\\n</HEAD><BODY>\\n<H1>Access Denied</H1>\\n \\nYou don\\\'t have permission to access ""ht\')')"
TNPL,"RuntimeError('GET failed https://www.nseindia.com/api/corporate-share-holdings-master?index=equities&symbol=TNPL: RuntimeError(\'HTTP 403: <HTML><HEAD>\\n<TITLE>Access Denied</TITLE>\\n</HEAD><BODY>\\n<H1>Access Denied</H1>\\n \\nYou don\\\'t have permission to access ""ht\')')"
TODAYS,"RuntimeError('GET failed https://www.nseindia.com/api/corporate-share-holdings-master?index=equities&symbol=TODAYS: RuntimeError(\'HTTP 403: <HTML><HEAD>\\n<TITLE>Access Denied</TITLE>\\n</HEAD><BODY>\\n<H1>Access Denied</H1>\\n \\nYou don\\\'t have permission to access ""ht\')')"
TOKYOPLAST,"RuntimeError('GET failed https://www.nseindia.com/api/corporate-share-holdings-master?index=equities&symbol=TOKYOPLAST: RuntimeError(\'HTTP 403: <HTML><HEAD>\\n<TITLE>Access Denied</TITLE>\\n</HEAD><BODY>\\n<H1>Access Denied</H1>\\n \\nYou don\\\'t have permission to access ""ht\')')"
TOLINS,"RuntimeError('GET failed https://www.nseindia.com/api/corporate-share-holdings-master?index=equities&symbol=TOLINS: RuntimeError(\'HTTP 403: <HTML><HEAD>\\n<TITLE>Access Denied</TITLE>\\n</HEAD><BODY>\\n<H1>Access Denied</H1>\\n \\nYou don\\\'t have permission to access ""ht\')')"
TORNTPHARM,"RuntimeError('GET failed https://www.nseindia.com/api/corporate-share-holdings-master?index=equities&symbol=TORNTPHARM: RuntimeError(\'HTTP 403: <HTML><HEAD>\\n<TITLE>Access Denied</TITLE>\\n</HEAD><BODY>\\n<H1>Access Denied</H1>\\n \\nYou don\\\'t have permission to access ""ht\')')"
TORNTPOWER,"RuntimeError('GET failed https://www.nseindia.com/api/corporate-share-holdings-master?index=equities&symbol=TORNTPOWER: RuntimeError(\'HTTP 403: <HTML><HEAD>\\n<TITLE>Access Denied</TITLE>\\n</HEAD><BODY>\\n<H1>Access Denied</H1>\\n \\nYou don\\\'t have permission to access ""ht\')')"
TOTAL,"RuntimeError('GET failed https://www.nseindia.com/api/corporate-share-holdings-master?index=equities&symbol=TOTAL: RuntimeError(\'HTTP 403: <HTML><HEAD>\\n<TITLE>Access Denied</TITLE>\\n</HEAD><BODY>\\n<H1>Access Denied</H1>\\n \\nYou don\\\'t have permission to access ""ht\')')"
TPLPLASTEH,"RuntimeError('GET failed https://www.nseindia.com/api/corporate-share-holdings-master?index=equities&symbol=TPLPLASTEH: RuntimeError(\'HTTP 403: <HTML><HEAD>\\n<TITLE>Access Denied</TITLE>\\n</HEAD><BODY>\\n<H1>Access Denied</H1>\\n \\nYou don\\\'t have permission to access ""ht\')')"
TRACXN,"RuntimeError('GET failed https://www.nseindia.com/api/corporate-share-holdings-master?index=equities&symbol=TRACXN: RuntimeError(\'HTTP 403: <HTML><HEAD>\\n<TITLE>Access Denied</TITLE>\\n</HEAD><BODY>\\n<H1>Access Denied</H1>\\n \\nYou don\\\'t have permission to access ""ht\')')"
TRANSWORLD,"RuntimeError('GET failed https://www.nseindia.com/api/corporate-share-holdings-master?index=equities&symbol=TRANSWORLD: RuntimeError(\'HTTP 403: <HTML><HEAD>\\n<TITLE>Access Denied</TITLE>\\n</HEAD><BODY>\\n<H1>Access Denied</H1>\\n \\nYou don\\\'t have permission to access ""ht\')')"
TRANSRAILL,"RuntimeError('GET failed https://www.nseindia.com/api/corporate-share-holdings-master?index=equities&symbol=TRANSRAILL: RuntimeError(\'HTTP 403: <HTML><HEAD>\\n<TITLE>Access Denied</TITLE>\\n</HEAD><BODY>\\n<H1>Access Denied</H1>\\n \\nYou don\\\'t have permission to access ""ht\')')"
TREEHOUSE,"RuntimeError('GET failed https://www.nseindia.com/api/corporate-share-holdings-master?index=equities&symbol=TREEHOUSE: RuntimeError(\'HTTP 403: <HTML><HEAD>\\n<TITLE>Access Denied</TITLE>\\n</HEAD><BODY>\\n<H1>Access Denied</H1>\\n \\nYou don\\\'t have permission to access ""ht\')')"
TRAVELFOOD,"RuntimeError('GET failed https://www.nseindia.com/api/corporate-share-holdings-master?index=equities&symbol=TRAVELFOOD: RuntimeError(\'HTTP 403: <HTML><HEAD>\\n<TITLE>Access Denied</TITLE>\\n</HEAD><BODY>\\n<H1>Access Denied</H1>\\n \\nYou don\\\'t have permission to access ""ht\')')"
TREJHARA,"RuntimeError('GET failed https://www.nseindia.com/api/corporate-share-holdings-master?index=equities&symbol=TREJHARA: RuntimeError(\'HTTP 403: <HTML><HEAD>\\n<TITLE>Access Denied</TITLE>\\n</HEAD><BODY>\\n<H1>Access Denied</H1>\\n \\nYou don\\\'t have permission to access ""ht\')')"
TREL,"RuntimeError('GET failed https://www.nseindia.com/api/corporate-share-holdings-master?index=equities&symbol=TREL: RuntimeError(\'HTTP 403: <HTML><HEAD>\\n<TITLE>Access Denied</TITLE>\\n</HEAD><BODY>\\n<H1>Access Denied</H1>\\n \\nYou don\\\'t have permission to access ""ht\')')"
TRF,"RuntimeError('GET failed https://www.nseindia.com/api/corporate-share-holdings-master?index=equities&symbol=TRF: RuntimeError(\'HTTP 403: <HTML><HEAD>\\n<TITLE>Access Denied</TITLE>\\n</HEAD><BODY>\\n<H1>Access Denied</H1>\\n \\nYou don\\\'t have permission to access ""ht\')')"
TRIDENT,"RuntimeError('GET failed https://www.nseindia.com/api/corporate-share-holdings-master?index=equities&symbol=TRIDENT: RuntimeError(\'HTTP 403: <HTML><HEAD>\\n<TITLE>Access Denied</TITLE>\\n</HEAD><BODY>\\n<H1>Access Denied</H1>\\n \\nYou don\\\'t have permission to access ""ht\')')"
TRENT,"RuntimeError('GET failed https://www.nseindia.com/api/corporate-share-holdings-master?index=equities&symbol=TRENT: RuntimeError(\'HTTP 403: <HTML><HEAD>\\n<TITLE>Access Denied</TITLE>\\n</HEAD><BODY>\\n<H1>Access Denied</H1>\\n \\nYou don\\\'t have permission to access ""ht\')')"
TRICOM,"RuntimeError('GET failed https://www.nseindia.com/api/corporate-share-holdings-master?index=equities&symbol=TRICOM: RuntimeError(\'HTTP 403: <HTML><HEAD>\\n<TITLE>Access Denied</TITLE>\\n</HEAD><BODY>\\n<H1>Access Denied</H1>\\n \\nYou don\\\'t have permission to access ""ht\')')"
TRIGYN,"RuntimeError('GET failed https://www.nseindia.com/api/corporate-share-holdings-master?index=equities&symbol=TRIGYN: RuntimeError(\'HTTP 403: <HTML><HEAD>\\n<TITLE>Access Denied</TITLE>\\n</HEAD><BODY>\\n<H1>Access Denied</H1>\\n \\nYou don\\\'t have permission to access ""ht\')')"
TRIL,"RuntimeError('GET failed https://www.nseindia.com/api/corporate-share-holdings-master?index=equities&symbol=TRIL: RuntimeError(\'HTTP 403: <HTML><HEAD>\\n<TITLE>Access Denied</TITLE>\\n</HEAD><BODY>\\n<H1>Access Denied</H1>\\n \\nYou don\\\'t have permission to access ""ht\')')"
TRUALT,"RuntimeError('GET failed https://www.nseindia.com/api/corporate-share-holdings-master?index=equities&symbol=TRUALT: RuntimeError(\'HTTP 403: <HTML><HEAD>\\n<TITLE>Access Denied</TITLE>\\n</HEAD><BODY>\\n<H1>Access Denied</H1>\\n \\nYou don\\\'t have permission to access ""ht\')')"
TRITURBINE,"RuntimeError('GET failed https://www.nseindia.com/api/corporate-share-holdings-master?index=equities&symbol=TRITURBINE: RuntimeError(\'HTTP 403: <HTML><HEAD>\\n<TITLE>Access Denied</TITLE>\\n</HEAD><BODY>\\n<H1>Access Denied</H1>\\n \\nYou don\\\'t have permission to access ""ht\')')"
TRU,"RuntimeError('GET failed https://www.nseindia.com/api/corporate-share-holdings-master?index=equities&symbol=TRU: RuntimeError(\'HTTP 403: <HTML><HEAD>\\n<TITLE>Access Denied</TITLE>\\n</HEAD><BODY>\\n<H1>Access Denied</H1>\\n \\nYou don\\\'t have permission to access ""ht\')')"
TRIVENI,"RuntimeError('GET failed https://www.nseindia.com/api/corporate-share-holdings-master?index=equities&symbol=TRIVENI: RuntimeError(\'HTTP 403: <HTML><HEAD>\\n<TITLE>Access Denied</TITLE>\\n</HEAD><BODY>\\n<H1>Access Denied</H1>\\n \\nYou don\\\'t have permission to access ""ht\')')"
TSFINV,"RuntimeError('GET failed https://www.nseindia.com/api/corporate-share-holdings-master?index=equities&symbol=TSFINV: RuntimeError(\'HTTP 403: <HTML><HEAD>\\n<TITLE>Access Denied</TITLE>\\n</HEAD><BODY>\\n<H1>Access Denied</H1>\\n \\nYou don\\\'t have permission to access ""ht\')')"
TTKHEALTH,"RuntimeError('GET failed https://www.nseindia.com/api/corporate-share-holdings-master?index=equities&symbol=TTKHEALTH: RuntimeError(\'HTTP 403: <HTML><HEAD>\\n<TITLE>Access Denied</TITLE>\\n</HEAD><BODY>\\n<H1>Access Denied</H1>\\n \\nYou don\\\'t have permission to access ""ht\')')"
TTKHLTCARE,"RuntimeError('GET failed https://www.nseindia.com/api/corporate-share-holdings-master?index=equities&symbol=TTKHLTCARE: RuntimeError(\'HTTP 403: <HTML><HEAD>\\n<TITLE>Access Denied</TITLE>\\n</HEAD><BODY>\\n<H1>Access Denied</H1>\\n \\nYou don\\\'t have permission to access ""ht\')')"
TTKPRESTIG,"RuntimeError('GET failed https://www.nseindia.com/api/corporate-share-holdings-master?index=equities&symbol=TTKPRESTIG: RuntimeError(\'HTTP 403: <HTML><HEAD>\\n<TITLE>Access Denied</TITLE>\\n</HEAD><BODY>\\n<H1>Access Denied</H1>\\n \\nYou don\\\'t have permission to access ""ht\')')"
TTL,"RuntimeError('GET failed https://www.nseindia.com/api/corporate-share-holdings-master?index=equities&symbol=TTL: RuntimeError(\'HTTP 403: <HTML><HEAD>\\n<TITLE>Access Denied</TITLE>\\n</HEAD><BODY>\\n<H1>Access Denied</H1>\\n \\nYou don\\\'t have permission to access ""ht\')')"
TTML,"RuntimeError('GET failed https://www.nseindia.com/api/corporate-share-holdings-master?index=equities&symbol=TTML: RuntimeError(\'HTTP 403: <HTML><HEAD>\\n<TITLE>Access Denied</TITLE>\\n</HEAD><BODY>\\n<H1>Access Denied</H1>\\n \\nYou don\\\'t have permission to access ""ht\')')"
TUBEINVEST,"RuntimeError('GET failed https://www.nseindia.com/api/corporate-share-holdings-master?index=equities&symbol=TUBEINVEST: RuntimeError(\'HTTP 403: <HTML><HEAD>\\n<TITLE>Access Denied</TITLE>\\n</HEAD><BODY>\\n<H1>Access Denied</H1>\\n \\nYou don\\\'t have permission to access ""ht\')')"
TULIP,"RuntimeError('GET failed https://www.nseindia.com/api/corporate-share-holdings-master?index=equities&symbol=TULIP: RuntimeError(\'HTTP 403: <HTML><HEAD>\\n<TITLE>Access Denied</TITLE>\\n</HEAD><BODY>\\n<H1>Access Denied</H1>\\n \\nYou don\\\'t have permission to access ""ht\')')"
TULSI,"RuntimeError('GET failed https://www.nseindia.com/api/corporate-share-holdings-master?index=equities&symbol=TULSI: RuntimeError(\'HTTP 403: <HTML><HEAD>\\n<TITLE>Access Denied</TITLE>\\n</HEAD><BODY>\\n<H1>Access Denied</H1>\\n \\nYou don\\\'t have permission to access ""ht\')')"
TV18,"RuntimeError('GET failed https://www.nseindia.com/api/corporate-share-holdings-master?index=equities&symbol=TV18: RuntimeError(\'HTTP 403: <HTML><HEAD>\\n<TITLE>Access Denied</TITLE>\\n</HEAD><BODY>\\n<H1>Access Denied</H1>\\n \\nYou don\\\'t have permission to access ""ht\')')"
TV-18,"RuntimeError('GET failed https://www.nseindia.com/api/corporate-share-holdings-master?index=equities&symbol=TV-18: RuntimeError(\'HTTP 403: <HTML><HEAD>\\n<TITLE>Access Denied</TITLE>\\n</HEAD><BODY>\\n<H1>Access Denied</H1>\\n \\nYou don\\\'t have permission to access ""ht\')')"
TV18BRDCST,"RuntimeError('GET failed https://www.nseindia.com/api/corporate-share-holdings-master?index=equities&symbol=TV18BRDCST: RuntimeError(\'HTTP 403: <HTML><HEAD>\\n<TITLE>Access Denied</TITLE>\\n</HEAD><BODY>\\n<H1>Access Denied</H1>\\n \\nYou don\\\'t have permission to access ""ht\')')"
TVSELECT,"RuntimeError('GET failed https://www.nseindia.com/api/corporate-share-holdings-master?index=equities&symbol=TVSELECT: RuntimeError(\'HTTP 403: <HTML><HEAD>\\n<TITLE>Access Denied</TITLE>\\n</HEAD><BODY>\\n<H1>Access Denied</H1>\\n \\nYou don\\\'t have permission to access ""ht\')')"
TVSHLTD,"RuntimeError('GET failed https://www.nseindia.com/api/corporate-share-holdings-master?index=equities&symbol=TVSHLTD: RuntimeError(\'HTTP 403: <HTML><HEAD>\\n<TITLE>Access Denied</TITLE>\\n</HEAD><BODY>\\n<H1>Access Denied</H1>\\n \\nYou don\\\'t have permission to access ""ht\')')"
TVSMOTOR,"RuntimeError('GET failed https://www.nseindia.com/api/corporate-share-holdings-master?index=equities&symbol=TVSMOTOR: RuntimeError(\'HTTP 403: <HTML><HEAD>\\n<TITLE>Access Denied</TITLE>\\n</HEAD><BODY>\\n<H1>Access Denied</H1>\\n \\nYou don\\\'t have permission to access ""ht\')')"
TVSSCS,"RuntimeError('GET failed https://www.nseindia.com/api/corporate-share-holdings-master?index=equities&symbol=TVSSCS: RuntimeError(\'HTTP 403: <HTML><HEAD>\\n<TITLE>Access Denied</TITLE>\\n</HEAD><BODY>\\n<H1>Access Denied</H1>\\n \\nYou don\\\'t have permission to access ""ht\')')"
TVSSRICHAK,"RuntimeError('GET failed https://www.nseindia.com/api/corporate-share-holdings-master?index=equities&symbol=TVSSRICHAK: RuntimeError(\'HTTP 403: <HTML><HEAD>\\n<TITLE>Access Denied</TITLE>\\n</HEAD><BODY>\\n<H1>Access Denied</H1>\\n \\nYou don\\\'t have permission to access ""ht\')')"
TVTODAY,"RuntimeError('GET failed https://www.nseindia.com/api/corporate-share-holdings-master?index=equities&symbol=TVTODAY: RuntimeError(\'HTTP 403: <HTML><HEAD>\\n<TITLE>Access Denied</TITLE>\\n</HEAD><BODY>\\n<H1>Access Denied</H1>\\n \\nYou don\\\'t have permission to access ""ht\')')"
TVVISION,"RuntimeError('GET failed https://www.nseindia.com/api/corporate-share-holdings-master?index=equities&symbol=TVVISION: RuntimeError(\'HTTP 403: <HTML><HEAD>\\n<TITLE>Access Denied</TITLE>\\n</HEAD><BODY>\\n<H1>Access Denied</H1>\\n \\nYou don\\\'t have permission to access ""ht\')')"
TWL,"RuntimeError('GET failed https://www.nseindia.com/api/corporate-share-holdings-master?index=equities&symbol=TWL: RuntimeError(\'HTTP 403: <HTML><HEAD>\\n<TITLE>Access Denied</TITLE>\\n</HEAD><BODY>\\n<H1>Access Denied</H1>\\n \\nYou don\\\'t have permission to access ""ht\')')"
TWILITAKA,"RuntimeError('GET failed https://www.nseindia.com/api/corporate-share-holdings-master?index=equities&symbol=TWILITAKA: RuntimeError(\'HTTP 403: <HTML><HEAD>\\n<TITLE>Access Denied</TITLE>\\n</HEAD><BODY>\\n<H1>Access Denied</H1>\\n \\nYou don\\\'t have permission to access ""ht\')')"
UBENGG,"RuntimeError('GET failed https://www.nseindia.com/api/corporate-share-holdings-master?index=equities&symbol=UBENGG: RuntimeError(\'HTTP 403: <HTML><HEAD>\\n<TITLE>Access Denied</TITLE>\\n</HEAD><BODY>\\n<H1>Access Denied</H1>\\n \\nYou don\\\'t have permission to access ""ht\')')"
UBHOLDINGS,"RuntimeError('GET failed https://www.nseindia.com/api/corporate-share-holdings-master?index=equities&symbol=UBHOLDINGS: RuntimeError(\'HTTP 403: <HTML><HEAD>\\n<TITLE>Access Denied</TITLE>\\n</HEAD><BODY>\\n<H1>Access Denied</H1>\\n \\nYou don\\\'t have permission to access ""ht\')')"
UBL,"RuntimeError('GET failed https://www.nseindia.com/api/corporate-share-holdings-master?index=equities&symbol=UBL: RuntimeError(\'HTTP 403: <HTML><HEAD>\\n<TITLE>Access Denied</TITLE>\\n</HEAD><BODY>\\n<H1>Access Denied</H1>\\n \\nYou don\\\'t have permission to access ""ht\')')"
UCAL,"RuntimeError('GET failed https://www.nseindia.com/api/corporate-share-holdings-master?index=equities&symbol=UCAL: RuntimeError(\'HTTP 403: <HTML><HEAD>\\n<TITLE>Access Denied</TITLE>\\n</HEAD><BODY>\\n<H1>Access Denied</H1>\\n \\nYou don\\\'t have permission to access ""ht\')')"
