exchange,symbol,isin,company,ex_date,record_date,type,ratio_num,ratio_den,cash_amount,face_value_from,face_value_to,raw_subject,symbol_norm,isin_norm,resolved_symbol,resolved_isin,identity_resolution,factor
BSE,ALLCARGO,INE418H01029,Allcargo Logistics Ltd,2024-01-02,2024-01-02,bonus,3.0,1.0,,,,Bonus issue 3:1,ALLCARGO,INE418H01029,ALLCARGO,INE418H01029,action_identity,0.25
BSE,INLCM,INE359D01024,Indian Link Chain Manufacturers Ltd,2024-01-03,2024-01-03,split,,,,100.0,10.0,Stock  Split From Rs.100/- to Rs.10/-,INLCM,INE359D01024,INLCM,INE359D01024,action_identity,0.1
BSE,7NR,INE413X01035,7NR Retail Ltd,2024-01-05,2024-01-05,split,,,,,,Consolidation of Shares,7NR,INE413X01035,7NR,INE413X01035,action_identity,1.0
BSE,MLINDLTD,INE808W01012,M Lakhamsi Industries Ltd,2024-01-05,2024-01-06,bonus,1.0,50.0,,,,Bonus issue 1:50,MLINDLTD,INE808W01012,MLINDLTD,INE808W01012,action_identity,0.9803921568627451
BSE,NESTLEIND,INE239A01024,Nestle India Ltd,2024-01-05,2024-01-05,split,,,,10.0,1.0,Stock  Split From Rs.10/- to Rs.1/-,NESTLEIND,INE239A01024,NESTLEIND,INE239A01024,action_identity,0.1
BSE,PGIL,INE940H01022,Pearl Global Industries Ltd,2024-01-05,2024-01-05,split,,,,10.0,5.0,Stock  Split From Rs.10/- to Rs.5/-,PGIL,INE940H01022,PGIL,INE940H01022,action_identity,0.5
BSE,COCHINSHIP,INE704P01025,Cochin Shipyard Ltd,2024-01-10,2024-01-10,split,,,,10.0,5.0,Stock  Split From Rs.10/- to Rs.5/-,COCHINSHIP,INE704P01025,COCHINSHIP,INE704P01025,action_identity,0.5
BSE,ESSENTIA,INE418N01035,Integra Essentia Ltd,2024-01-11,2024-01-11,bonus,1.0,1.0,,,,Bonus issue 1:1,ESSENTIA,INE418N01035,ESSENTIA,INE418N01035,action_identity,0.5
BSE,FRANKLININD,INE789R01022,Franklin Industries Ltd,2024-01-11,2024-01-11,split,,,,10.0,1.0,Stock  Split From Rs.10/- to Rs.1/-,FRANKLININD,INE789R01022,FRANKLININD,INE789R01022,action_identity,0.1
BSE,KAUSHALYA,INE234I01028,Kaushalya Infrastructure Development Corporation Ltd,2024-01-12,2024-01-12,split,,,,,,Consolidation of Shares,KAUSHALYA,INE234I01028,KAUSHALYA,INE234I01028,action_identity,1.0
BSE,NEWGEN,INE619B01017,Newgen Software Technologies Ltd,2024-01-12,2024-01-12,bonus,1.0,1.0,,,,Bonus issue 1:1,NEWGEN,INE619B01017,NEWGEN,INE619B01017,action_identity,0.5
BSE,TRISHAKT,INE238C01022,Trishakti Industries Ltd,2024-01-16,2024-01-16,split,,,,10.0,2.0,Stock  Split From Rs.10/- to Rs.2/-,TRISHAKT,INE238C01022,TRISHAKT,INE238C01022,action_identity,0.2
BSE,MKEXIM,INE227F01010,M.K. Exim (India) Ltd,2024-01-17,2024-01-17,bonus,1.0,2.0,,,,Bonus issue 1:2,MKEXIM,INE227F01010,MKEXIM,INE227F01010,action_identity,0.6666666666666666
BSE,SBC,INE04AK01028,SBC Exports Ltd,2024-01-19,2024-01-19,bonus,1.0,2.0,,,,Bonus issue 1:2,SBC,INE04AK01028,SBC,INE04AK01028,action_identity,0.6666666666666666
BSE,DOLPHIN,INE920A01037,Dolphin Offshore Enterprises (India) Ltd-$,2024-01-25,2024-01-25,split,,,,10.0,1.0,Stock  Split From Rs.10/- to Rs.1/-,DOLPHIN,INE920A01037,DOLPHIN,INE920A01037,action_identity,0.1
BSE,SINCLAIR,INE985A01022,Sinclairs Hotels Ltd-$,2024-01-29,2024-01-29,bonus,1.0,1.0,,,,Bonus issue 1:1,SINCLAIR,INE985A01022,SINCLAIR,INE985A01022,action_identity,0.5
BSE,KANANIIND,INE879E01037,Kanani Industries Ltd,2024-01-30,2024-01-30,bonus,1.0,1.0,,,,Bonus issue 1:1,KANANIIND,INE879E01037,KANANIIND,INE879E01037,action_identity,0.5
BSE,GROWINGTON,INE451S01027,Growington Ventures India Ltd,2024-01-31,2024-01-31,split,,,,10.0,1.0,Stock  Split From Rs.10/- to Rs.1/-,GROWINGTON,INE451S01027,GROWINGTON,INE451S01027,action_identity,0.1
BSE,SALASAR,INE170V01027,Salasar Techno Engineering Ltd,2024-02-01,2024-02-01,bonus,4.0,1.0,,,,Bonus issue 4:1,SALASAR,INE170V01027,SALASAR,INE170V01027,action_identity,0.2
BSE,SANDUMA,INE149K01016,Sandur Manganese & Iron Ores Ltd,2024-02-02,2024-02-02,bonus,5.0,1.0,,,,Bonus issue 5:1,SANDUMA,INE149K01016,SANDUMA,INE149K01016,action_identity,0.16666666666666666
BSE,MAAGHADV,,Maagh Advertising and Marketing Services Ltd,2024-02-05,2024-02-05,bonus,1.0,4.0,,,,Bonus issue 1:4,MAAGHADV,,MAAGHADV,,action_identity,0.8
BSE,MAAGHADV,,Maagh Advertising and Marketing Services Ltd,2024-02-05,2024-02-05,split,,,,10.0,1.0,Stock  Split From Rs.10/- to Rs.1/-,MAAGHADV,,MAAGHADV,,action_identity,0.1
BSE,STL,INE402Y01028,Shreeji Translogistics Ltd,2024-02-08,2024-02-08,bonus,1.0,3.0,,,,Bonus issue 1:3,STL,INE402Y01028,STL,INE402Y01028,action_identity,0.75
BSE,GOURMET,INE512D01028,Gourmet Gateway India Ltd,2024-02-12,2024-02-12,bonus,2.0,1.0,,,,Bonus issue 2:1,GOURMET,INE512D01028,GOURMET,INE512D01028,action_identity,0.3333333333333333
BSE,KPEL,INE127T01021,K.P. Energy Ltd,2024-02-12,2024-02-12,bonus,2.0,1.0,,,,Bonus issue 2:1,KPEL,INE127T01021,KPEL,INE127T01021,action_identity,0.3333333333333333
BSE,AKSHAR,INE256Z01025,Akshar Spintex Ltd,2024-02-15,2024-02-15,bonus,1.0,5.0,,,,Bonus issue 1:5,AKSHAR,INE256Z01025,AKSHAR,INE256Z01025,action_identity,0.8333333333333334
BSE,KPIGREEN,INE542W01025,KPI Green Energy Ltd,2024-02-15,2024-02-15,bonus,1.0,2.0,,,,Bonus issue 1:2,KPIGREEN,INE542W01025,KPIGREEN,INE542W01025,action_identity,0.6666666666666666
BSE,CHOICEIN,INE102B01014,Choice International Ltd,2024-02-20,2024-02-20,bonus,1.0,1.0,,,,Bonus issue 1:1,CHOICEIN,INE102B01014,CHOICEIN,INE102B01014,action_identity,0.5
BSE,LOGICA,INE0BSU01018,Logica Infoway Ltd,2024-02-21,2024-02-21,bonus,5.0,1.0,,,,Bonus issue 5:1,LOGICA,INE0BSU01018,LOGICA,INE0BSU01018,action_identity,0.16666666666666666
BSE,MASFIN,INE348L01012,MAS Financial Services Ltd,2024-02-22,2024-02-22,bonus,2.0,1.0,,,,Bonus issue 2:1,MASFIN,INE348L01012,MASFIN,INE348L01012,action_identity,0.3333333333333333
BSE,SGMART,INE385F01024,SG Mart Ltd,2024-02-22,2024-02-22,bonus,1.0,1.0,,,,Bonus issue 1:1,SGMART,INE385F01024,SGMART,INE385F01024,action_identity,0.5
BSE,SGMART,INE385F01024,SG Mart Ltd,2024-02-22,2024-02-22,split,,,,10.0,1.0,Stock  Split From Rs.10/- to Rs.1/-,SGMART,INE385F01024,SGMART,INE385F01024,action_identity,0.1
BSE,SUPHA,,Supha Pharmachem Ltd,2024-02-23,2024-02-23,split,,,,5.0,1.0,Stock  Split From Rs.5/- to Rs.1/-,SUPHA,,SUPHA,,action_identity,0.2
BSE,DRCSYSTEMS,INE03RS01027,DRC Systems India Ltd,2024-02-27,2024-02-27,bonus,2.0,1.0,,,,Bonus issue 2:1,DRCSYSTEMS,INE03RS01027,DRCSYSTEMS,INE03RS01027,action_identity,0.3333333333333333
BSE,FIEMIND,INE737H01014,Fiem Industries Ltd,2024-02-28,2024-02-28,bonus,1.0,1.0,,,,Bonus issue 1:1,FIEMIND,INE737H01014,FIEMIND,INE737H01014,action_identity,0.5
BSE,TIGERLOGS,INE906O01029,Tiger Logistics (India) Ltd,2024-03-04,2024-03-04,split,,,,10.0,1.0,Stock  Split From Rs.10/- to Rs.1/-,TIGERLOGS,INE906O01029,TIGERLOGS,INE906O01029,action_identity,0.1
BSE,CGCL,INE180C01042,Capri Global Capital Ltd,2024-03-05,2024-03-05,split,,,,2.0,1.0,Stock  Split From Rs.2/- to Rs.1/-,CGCL,INE180C01042,CGCL,INE180C01042,action_identity,0.5
BSE,CGCL,INE180C01042,Capri Global Capital Ltd,2024-03-05,2024-03-05,bonus,1.0,1.0,,,,Bonus issue 1:1,CGCL,INE180C01042,CGCL,INE180C01042,action_identity,0.5
BSE,MANORAMA,INE00VM01036,Manorama Industries Ltd,2024-03-07,2024-03-08,split,,,,10.0,2.0,Stock  Split From Rs.10/- to Rs.2/-,MANORAMA,INE00VM01036,MANORAMA,INE00VM01036,action_identity,0.2
BSE,SCL,,Sunshine Capital Ltd,2024-03-07,2024-03-08,split,,,,10.0,1.0,Stock  Split From Rs.10/- to Rs.1/-,SCL,,SCL,,action_identity,0.1
BSE,SCL,,Sunshine Capital Ltd,2024-03-07,2024-03-08,bonus,7.0,1.0,,,,Bonus issue 7:1,SCL,,SCL,,action_identity,0.125
BSE,OKPLA,INE870B01024,OK Play India Ltd,2024-03-11,2024-03-11,split,,,,10.0,1.0,Stock  Split From Rs.10/- to Rs.1/-,OKPLA,INE870B01024,OKPLA,INE870B01024,action_identity,0.1
BSE,GAEL,INE036B01030,Gujarat Ambuja Exports Ltd,2024-03-15,2024-03-16,bonus,1.0,1.0,,,,Bonus issue 1:1,GAEL,INE036B01030,GAEL,INE036B01030,action_identity,0.5
BSE,MKPL,INE964W01021,M. K. Proteins Ltd,2024-03-15,2024-03-15,bonus,2.0,1.0,,,,Bonus issue 2:1,MKPL,INE964W01021,MKPL,INE964W01021,action_identity,0.3333333333333333
BSE,WAAREERTL,INE299N01021,Waaree Renewable Technologies Ltd,2024-03-15,2024-03-16,split,,,,10.0,2.0,Stock  Split From Rs.10/- to Rs.2/-,WAAREERTL,INE299N01021,WAAREERTL,INE299N01021,action_identity,0.2
BSE,SPRIGHT,INE179O01031,Spright Agro Ltd,2024-03-18,2024-03-18,bonus,1.0,1.0,,,,Bonus issue 1:1,SPRIGHT,INE179O01031,SPRIGHT,INE179O01031,action_identity,0.5
BSE,SPRIGHT,INE179O01031,Spright Agro Ltd,2024-03-18,2024-03-18,split,,,,10.0,1.0,Stock  Split From Rs.10/- to Rs.1/-,SPRIGHT,INE179O01031,SPRIGHT,INE179O01031,action_identity,0.1
BSE,COLAB,,Colab Platforms Ltd,2024-03-19,2024-03-19,bonus,1.0,1.0,,,,Bonus issue 1:1,COLAB,,COLAB,,action_identity,0.5
BSE,COLAB,,Colab Platforms Ltd,2024-03-19,2024-03-19,split,,,,10.0,2.0,Stock  Split From Rs.10/- to Rs.2/-,COLAB,,COLAB,,action_identity,0.2
BSE,KESAR,INE0L1C01019,Kesar India Ltd,2024-03-19,2024-03-19,bonus,6.0,1.0,,,,Bonus issue 6:1,KESAR,INE0L1C01019,KESAR,INE0L1C01019,action_identity,0.14285714285714285
BSE,RAMASTEEL,INE230R01035,Rama Steel Tubes Ltd,2024-03-19,2024-03-19,bonus,2.0,1.0,,,,Bonus issue 2:1,RAMASTEEL,INE230R01035,RAMASTEEL,INE230R01035,action_identity,0.3333333333333333
BSE,ADVANIHOTR,INE199C01026,Advani Hotels & Resorts (India) Ltd,2024-03-20,2024-03-20,bonus,1.0,1.0,,,,Bonus issue 1:1,ADVANIHOTR,INE199C01026,ADVANIHOTR,INE199C01026,action_identity,0.5
BSE,PAISALO,INE420C01059,Paisalo Digital Ltd,2024-03-20,2024-03-20,bonus,1.0,1.0,,,,Bonus issue 1:1,PAISALO,INE420C01059,PAISALO,INE420C01059,action_identity,0.5
BSE,REFEX,INE056I01025,Refex Industries Ltd,2024-03-22,2024-03-22,split,,,,10.0,2.0,Stock  Split From Rs.10/- to Rs.2/-,REFEX,INE056I01025,REFEX,INE056I01025,action_identity,0.2
BSE,UVDRHOR,INE890G01047,United Van Der Horst Ltd,2024-03-26,2024-03-26,split,,,,10.0,5.0,Stock  Split From Rs.10/- to Rs.5/-,UVDRHOR,INE890G01047,UVDRHOR,INE890G01047,action_identity,0.5
BSE,DHATRE,INE715T01031,Dhatre Udyog Ltd,2024-03-28,2024-03-29,split,,,,10.0,1.0,Stock  Split From Rs.10/- to Rs.1/-,DHATRE,INE715T01031,DHATRE,INE715T01031,action_identity,0.1
BSE,LAL,INE740X01023,Lorenzini Apparels Ltd,2024-03-28,2024-03-28,bonus,6.0,11.0,,,,Bonus issue 6:11,LAL,INE740X01023,LAL,INE740X01023,action_identity,0.6470588235294118
BSE,LAL,INE740X01023,Lorenzini Apparels Ltd,2024-03-28,2024-03-28,split,,,,10.0,1.0,Stock  Split From Rs.10/- to Rs.1/-,LAL,INE740X01023,LAL,INE740X01023,action_identity,0.1
BSE,PERSISTENT,INE262H01021,Persistent Systems Ltd,2024-03-28,2024-04-01,split,,,,10.0,5.0,Stock  Split From Rs.10/- to Rs.5/-,PERSISTENT,INE262H01021,PERSISTENT,INE262H01021,action_identity,0.5
BSE,SEML,INE0KPY01017,Sunrise Efficient Marketing Ltd,2024-04-03,2024-04-03,bonus,1.0,2.0,,,,Bonus issue 1:2,SEML,INE0KPY01017,SEML,INE0KPY01017,action_identity,0.6666666666666666
BSE,CUPID,INE509F01029,Cupid Ltd-$,2024-04-04,2024-04-04,split,,,,10.0,1.0,Stock  Split From Rs.10/- to Rs.1/-,CUPID,INE509F01029,CUPID,INE509F01029,action_identity,0.1
BSE,CUPID,INE509F01029,Cupid Ltd-$,2024-04-04,2024-04-04,bonus,1.0,1.0,,,,Bonus issue 1:1,CUPID,INE509F01029,CUPID,INE509F01029,action_identity,0.5
BSE,BTML,INE0EEJ01023,Bodhi Tree Multimedia Ltd,2024-04-05,2024-04-05,split,,,,10.0,1.0,Stock  Split From Rs.10/- to Rs.1/-,BTML,INE0EEJ01023,BTML,INE0EEJ01023,action_identity,0.1
BSE,PROMAX,INE0I2F01015,Promax Power Ltd,2024-04-08,2024-04-09,bonus,1.0,1.0,,,,Bonus issue 1:1,PROMAX,INE0I2F01015,PROMAX,INE0I2F01015,action_identity,0.5
BSE,GRAUWEIL,INE266D01021,Grauer & Weil India Ltd-$,2024-04-10,2024-04-10,bonus,1.0,1.0,,,,Bonus issue 1:1,GRAUWEIL,INE266D01021,GRAUWEIL,INE266D01021,action_identity,0.5
BSE,SPRAYKING,INE537U01037,Sprayking Ltd,2024-04-12,2024-04-12,split,,,,10.0,2.0,Stock  Split From Rs.10/- to Rs.2/-,SPRAYKING,INE537U01037,SPRAYKING,INE537U01037,action_identity,0.2
BSE,NWIL,INE882B01037,Nurture Well Industries Ltd,2024-04-16,2024-04-16,bonus,1.0,1.0,,,,Bonus issue 1:1,NWIL,INE882B01037,NWIL,INE882B01037,action_identity,0.5
BSE,SBGLP,INE05ST01028,Suratwwala Business Group Ltd,2024-04-18,2024-04-18,split,,,,10.0,1.0,Stock  Split From Rs.10/- to Rs.1/-,SBGLP,INE05ST01028,SBGLP,INE05ST01028,action_identity,0.1
BSE,NBL,INE0GOA01018,Naapbooks Ltd,2024-04-19,2024-04-19,bonus,2.0,1.0,,,,Bonus issue 2:1,NBL,INE0GOA01018,NBL,INE0GOA01018,action_identity,0.3333333333333333
BSE,PULSRIN,INE183U01022,Pulsar International Ltd,2024-04-19,2024-04-19,split,,,,10.0,1.0,Stock  Split From Rs.10/- to Rs.1/-,PULSRIN,INE183U01022,PULSRIN,INE183U01022,action_identity,0.1
BSE,SHUKRAPHAR,INE551C01044,Shukra Pharmaceuticals Ltd,2024-04-19,2024-04-20,bonus,3.0,1.0,,,,Bonus issue 3:1,SHUKRAPHAR,INE551C01044,SHUKRAPHAR,INE551C01044,action_identity,0.25
BSE,ANUP,INE294Z01018,The Anup Engineering Ltd,2024-04-23,2024-04-23,bonus,1.0,1.0,,,,Bonus issue 1:1,ANUP,INE294Z01018,ANUP,INE294Z01018,action_identity,0.5
BSE,BBL,INE464A01036,Bharat Bijlee Ltd-$,2024-04-24,2024-04-24,split,,,,10.0,5.0,Stock  Split From Rs.10/- to Rs.5/-,BBL,INE464A01036,BBL,INE464A01036,action_identity,0.5
BSE,BHAGCHEM,INE414D01027,Bhagiradha Chemicals & Industries Ltd,2024-05-02,2024-05-02,split,,,,10.0,1.0,Stock  Split From Rs.10/- to Rs.1/-,BHAGCHEM,INE414D01027,BHAGCHEM,INE414D01027,action_identity,0.1
BSE,NIDHGRN,INE276H01013,Nidhi Granites Ltd,2024-05-02,2024-05-02,bonus,1.0,1.0,,,,Bonus issue 1:1,NIDHGRN,INE276H01013,NIDHGRN,INE276H01013,action_identity,0.5
BSE,CANBK,INE476A01022,Canara Bank,2024-05-15,2024-05-15,split,,,,10.0,2.0,Stock  Split From Rs.10/- to Rs.2/-,CANBK,INE476A01022,CANBK,INE476A01022,action_identity,0.2
BSE,TITANIN,INE807M01031,Titan Intech Ltd,2024-05-17,2024-05-17,bonus,3.0,5.0,,,,Bonus issue 3:5,TITANIN,INE807M01031,TITANIN,INE807M01031,action_identity,0.625
BSE,VARDMNPOLY,INE835A01029,Vardhman Polytex Ltd,2024-05-17,2024-05-18,split,,,,10.0,1.0,Stock  Split From Rs.10/- to Rs.1/-,VARDMNPOLY,INE835A01029,VARDMNPOLY,INE835A01029,action_identity,0.1
BSE,NEWINFRA,INE997D01021,Newtime Infrastructure Ltd,2024-05-22,2024-05-23,bonus,2.0,1.0,,,,Bonus issue 2:1,NEWINFRA,INE997D01021,NEWINFRA,INE997D01021,action_identity,0.3333333333333333
BSE,BDL,INE171Z01026,Bharat Dynamics Ltd,2024-05-24,2024-05-24,split,,,,10.0,5.0,Stock  Split From Rs.10/- to Rs.5/-,BDL,INE171Z01026,BDL,INE171Z01026,action_identity,0.5
BSE,GMBREW,INE075D01018,GM Breweries Ltd,2024-05-24,2024-05-25,bonus,1.0,4.0,,,,Bonus issue 1:4,GMBREW,INE075D01018,GMBREW,INE075D01018,action_identity,0.8
BSE,INOXWIND,INE066P01011,Inox Wind Ltd,2024-05-24,2024-05-25,bonus,3.0,1.0,,,,Bonus issue 3:1,INOXWIND,INE066P01011,INOXWIND,INE066P01011,action_identity,0.25
BSE,SDBL,INE480C01038,Som Distilleries & Breweries Ltd,2024-05-24,2024-05-24,split,,,,5.0,2.0,Stock  Split From Rs.5/- to Rs.2/-,SDBL,INE480C01038,SDBL,INE480C01038,action_identity,0.4
BSE,VELJAN,INE232E01013,Veljan Denison Ltd,2024-05-29,2024-05-29,bonus,1.0,1.0,,,,Bonus issue 1:1,VELJAN,INE232E01013,VELJAN,INE232E01013,action_identity,0.5
BSE,DAVANGERE,INE179G01029,Davangere Sugar Company Ltd,2024-05-31,2024-05-31,split,,,,10.0,1.0,Stock  Split From Rs.10/- to Rs.1/-,DAVANGERE,INE179G01029,DAVANGERE,INE179G01029,action_identity,0.1
BSE,MOTILALOFS,INE338I01027,Motilal Oswal Financial Services Ltd,2024-06-10,2024-06-10,bonus,3.0,1.0,,,,Bonus issue 3:1,MOTILALOFS,INE338I01027,MOTILALOFS,INE338I01027,action_identity,0.25
BSE,COLORCHIPS,INE621I01042,Colorchips New Media Ltd,2024-06-12,2024-06-12,split,,,,,,Consolidation of Shares,COLORCHIPS,INE621I01042,COLORCHIPS,INE621I01042,action_identity,1.0
BSE,GAMCO,INE890S01026,Gamco Ltd,2024-06-14,2024-06-14,split,,,,10.0,2.0,Stock  Split From Rs.10/- to Rs.2/-,GAMCO,INE890S01026,GAMCO,INE890S01026,action_identity,0.2
BSE,KAMOPAINTS,INE0BTI01037,Kamdhenu Ventures Ltd,2024-06-14,2024-06-14,split,,,,5.0,1.0,Stock  Split From Rs.5/- to Rs.1/-,KAMOPAINTS,INE0BTI01037,KAMOPAINTS,INE0BTI01037,action_identity,0.2
BSE,BPCL,INE029A01011,Bharat Petroleum Corporation Ltd,2024-06-21,2024-06-22,bonus,1.0,1.0,,,,Bonus issue 1:1,BPCL,INE029A01011,BPCL,INE029A01011,action_identity,0.5
BSE,HINDPETRO,INE094A01015,Hindustan Petroleum Corporation Ltd,2024-06-21,2024-06-21,bonus,1.0,2.0,,,,Bonus issue 1:2,HINDPETRO,INE094A01015,HINDPETRO,INE094A01015,action_identity,0.6666666666666666
BSE,PREMEXPLN,INE863B01029,Premier Explosives Ltd,2024-06-21,2024-06-21,split,,,,10.0,2.0,Stock  Split From Rs.10/- to Rs.2/-,PREMEXPLN,INE863B01029,PREMEXPLN,INE863B01029,action_identity,0.2
BSE,PVVINFRA,INE428B01021,PVV Infra Ltd,2024-06-21,2024-06-21,bonus,1.0,5.0,,,,Bonus issue 1:5,PVVINFRA,INE428B01021,PVVINFRA,INE428B01021,action_identity,0.8333333333333334
BSE,ASHCAP,INE894A01026,Ashirwad Capital Ltd,2024-06-25,2024-06-25,bonus,1.0,2.0,,,,Bonus issue 1:2,ASHCAP,INE894A01026,ASHCAP,INE894A01026,action_identity,0.6666666666666666
BSE,AURIONPRO,INE132H01018,Aurionpro Solutions Ltd,2024-06-27,2024-06-27,bonus,1.0,1.0,,,,Bonus issue 1:1,AURIONPRO,INE132H01018,AURIONPRO,INE132H01018,action_identity,0.5
BSE,SHAREINDIA,INE932X01026,Share India Securities Ltd,2024-06-27,2024-06-27,split,,,,10.0,2.0,Stock  Split From Rs.10/- to Rs.2/-,SHAREINDIA,INE932X01026,SHAREINDIA,INE932X01026,action_identity,0.2
BSE,AVONMORE,INE323B01024,Avonmore Capital & Management Services Ltd,2024-06-28,2024-06-28,split,,,,10.0,1.0,Stock  Split From Rs.10/- to Rs.1/-,AVONMORE,INE323B01024,AVONMORE,INE323B01024,action_identity,0.1
BSE,OIL,INE274J01014,Oil India Ltd,2024-07-02,2024-07-02,bonus,1.0,2.0,,,,Bonus issue 1:2,OIL,INE274J01014,OIL,INE274J01014,action_identity,0.6666666666666666
BSE,GPTINFRA,INE390G01014,GPT Infraprojects Ltd,2024-07-03,2024-07-03,bonus,1.0,1.0,,,,Bonus issue 1:1,GPTINFRA,INE390G01014,GPTINFRA,INE390G01014,action_identity,0.5
BSE,WORTH,INE114O01020,Worth Investment & Trading Co Ltd,2024-07-03,2024-07-03,split,,,,10.0,1.0,Stock  Split From Rs.10/- to Rs.1/-,WORTH,INE114O01020,WORTH,INE114O01020,action_identity,0.1
BSE,KAYCEEI,INE813G01023,Kaycee Industries Ltd,2024-07-05,2024-07-06,bonus,4.0,1.0,,,,Bonus issue 4:1,KAYCEEI,INE813G01023,KAYCEEI,INE813G01023,action_identity,0.2
BSE,KAYCEEI,INE813G01023,Kaycee Industries Ltd,2024-07-05,2024-07-06,split,,,,100.0,10.0,Stock  Split From Rs.100/- to Rs.10/-,KAYCEEI,INE813G01023,KAYCEEI,INE813G01023,action_identity,0.1
BSE,REMSONSIND,INE474C01023,Remsons Industries Ltd,2024-07-05,2024-07-05,split,,,,10.0,2.0,Stock  Split From Rs.10/- to Rs.2/-,REMSONSIND,INE474C01023,REMSONSIND,INE474C01023,action_identity,0.2
BSE,SUPHA,,Supha Pharmachem Ltd,2024-07-05,2024-07-06,bonus,3.0,1.0,,,,Bonus issue 3:1,SUPHA,,SUPHA,,action_identity,0.25
BSE,CLARA,INE0JJS01014,Clara Industries Ltd,2024-07-08,2024-07-08,bonus,4.0,1.0,,,,Bonus issue 4:1,CLARA,INE0JJS01014,CLARA,INE0JJS01014,action_identity,0.2
BSE,BRIDGESE,INE958C01025,Bridge Securities Ltd,2024-07-10,2024-07-10,split,,,,10.0,1.0,Stock  Split From Rs.10/- to Rs.1/-,BRIDGESE,INE958C01025,BRIDGESE,INE958C01025,action_identity,0.1
BSE,PGEL,INE457L01029,PG Electroplast Ltd,2024-07-10,2024-07-10,split,,,,10.0,1.0,Stock  Split From Rs.10/- to Rs.1/-,PGEL,INE457L01029,PGEL,INE457L01029,point_in_time_symbol_history,0.1
BSE,AIML,INE123D01024,Alliance Integrated Metaliks Ltd,2024-07-11,2024-07-11,bonus,2.0,1.0,,,,Bonus issue 2:1,AIML,INE123D01024,AIML,INE123D01024,action_identity,0.3333333333333333
BSE,ALPHALOGIC,INE08E401029,Alphalogic Techsys Ltd,2024-07-12,2024-07-13,bonus,14.0,48.0,,,,Bonus issue 14:48,ALPHALOGIC,INE08E401029,ALPHALOGIC,INE08E401029,point_in_time_symbol_history,0.7741935483870968
BSE,FILTRA,INE541R01019,Filtra Consultants and Engineers Ltd,2024-07-12,2024-07-13,bonus,1.0,3.0,,,,Bonus issue 1:3,FILTRA,INE541R01019,FILTRA,INE541R01019,action_identity,0.75
BSE,VKAL,INE427T01025,Vantage Knowledge Academy Ltd,2024-07-12,2024-07-12,split,,,,10.0,1.0,Stock  Split From Rs.10/- to Rs.1/-,VKAL,INE427T01025,VKAL,INE427T01025,action_identity,0.1
BSE,WPIL,INE765D01022,WPIL Ltd,2024-07-12,2024-07-12,split,,,,10.0,1.0,Stock  Split From Rs.10/- to Rs.1/-,WPIL,INE765D01022,WPIL,INE765D01022,point_in_time_symbol_history,0.1
BSE,MMFL,INE227C01017,MM Forgings Ltd-$,2024-07-16,2024-07-16,bonus,1.0,1.0,,,,Bonus issue 1:1,MMFL,INE227C01017,MMFL,INE227C01017,point_in_time_symbol_history,0.5
BSE,KPIGREEN,INE542W01025,KPI Green Energy Ltd,2024-07-18,2024-07-18,split,,,,10.0,5.0,Stock  Split From Rs.10/- to Rs.5/-,KPIGREEN,INE542W01025,KPIGREEN,INE542W01025,point_in_time_symbol_history,0.5
BSE,ELECON,INE205B01031,Elecon Engineering Company Ltd,2024-07-19,2024-07-19,split,,,,2.0,1.0,Stock  Split From Rs.2/- to Rs.1/-,ELECON,INE205B01031,ELECON,INE205B01031,point_in_time_symbol_history,0.5
BSE,NHCFOODS,INE141C01036,NHC Foods Ltd,2024-07-22,2024-07-22,split,,,,10.0,1.0,Stock  Split From Rs.10/- to Rs.1/-,NHCFOODS,INE141C01036,NHCFOODS,INE141C01036,action_identity,0.1
BSE,ALMONDZ,INE326B01035,Almondz Global Securities Ltd,2024-07-23,2024-07-23,split,,,,6.0,1.0,Stock  Split From Rs.6/- to Rs.1/-,ALMONDZ,INE326B01035,ALMONDZ,INE326B01035,point_in_time_symbol_history,0.16666666666666666
BSE,KSB,INE999A01023,KSB Ltd,2024-07-25,2024-07-25,split,,,,10.0,2.0,Stock  Split From Rs.10/- to Rs.2/-,KSB,INE999A01023,KSB,INE999A01023,point_in_time_symbol_history,0.2
BSE,MCLOUD,INE613C01026,Magellanic Cloud Ltd,2024-07-26,2024-07-27,split,,,,10.0,2.0,Stock  Split From Rs.10/- to Rs.2/-,MCLOUD,INE613C01026,MCLOUD,INE613C01026,point_in_time_symbol_history,0.2
BSE,GOEL,INE0K6L01010,Goel Food Products Ltd,2024-07-31,2024-07-31,bonus,4.0,1.0,,,,Bonus issue 4:1,GOEL,INE0K6L01010,GOEL,INE0K6L01010,action_identity,0.2
BSE,PANORAMA,INE258R01028,Panorama Studios International Ltd,2024-07-31,2024-07-31,split,,,,10.0,2.0,Stock  Split From Rs.10/- to Rs.2/-,PANORAMA,INE258R01028,PANORAMA,INE258R01028,action_identity,0.2
BSE,AAYUSH,INE430R01023,Aayush Wellness Ltd,2024-08-05,2024-08-05,split,,,,10.0,1.0,Stock  Split From Rs.10/- to Rs.1/-,AAYUSH,INE430R01023,AAYUSH,INE430R01023,action_identity,0.1
BSE,RAJOOENG,INE535F01024,Rajoo Engineers Ltd-$,2024-08-08,2024-08-08,bonus,1.0,1.0,,,,Bonus issue 1:1,RAJOOENG,INE535F01024,RAJOOENG,INE535F01024,point_in_time_symbol_history,0.5
BSE,AARTECH,INE01C001026,Aartech Solonics Ltd,2024-08-09,2024-08-09,bonus,1.0,2.0,,,,Bonus issue 1:2,AARTECH,INE01C001026,AARTECH,INE01C001026,point_in_time_symbol_history,0.6666666666666666
BSE,AARTECH,INE01C001026,Aartech Solonics Ltd,2024-08-09,2024-08-09,split,,,,10.0,5.0,Stock  Split From Rs.10/- to Rs.5/-,AARTECH,INE01C001026,AARTECH,INE01C001026,point_in_time_symbol_history,0.5
BSE,BLIL,INE525F01025,Balmer Lawrie Investments Ltd,2024-08-09,2024-08-09,split,,,,10.0,1.0,Stock  Split From Rs.10/- to Rs.1/-,BLIL,INE525F01025,BLIL,INE525F01025,point_in_time_symbol_history,0.1
BSE,CASPIAN,INE176N01039,Caspian Corporate Services Ltd,2024-08-09,2024-08-09,bonus,2.0,1.0,,,,Bonus issue 2:1,CASPIAN,INE176N01039,CASPIAN,INE176N01039,action_identity,0.3333333333333333
BSE,DJML,INE0B1K01014,DJ Mediaprint & Logistics Ltd,2024-08-09,2024-08-09,bonus,2.0,1.0,,,,Bonus issue 2:1,DJML,INE0B1K01014,DJML,INE0B1K01014,point_in_time_symbol_history,0.3333333333333333
BSE,FILATFASH,INE185E01021,Filatex Fashions Ltd,2024-08-09,2024-08-09,split,,,,5.0,1.0,Stock  Split From Rs.5/- to Rs.1/-,FILATFASH,INE185E01021,FILATFASH,INE185E01021,point_in_time_symbol_history,0.2
BSE,GUJTHEM,INE942C01045,Gujarat Themis Biosyn Ltd,2024-08-09,2024-08-09,bonus,1.0,2.0,,,,Bonus issue 1:2,GUJTHEM,INE942C01045,GUJTHEM,INE942C01045,point_in_time_symbol_history,0.6666666666666666
BSE,MAINFRA,INE392G01028,Maruti Infrastructure Ltd,2024-08-09,2024-08-09,split,,,,10.0,2.0,Stock  Split From Rs.10/- to Rs.2/-,MAINFRA,INE392G01028,MAINFRA,INE392G01028,action_identity,0.2
BSE,MAINFRA,INE392G01028,Maruti Infrastructure Ltd,2024-08-09,2024-08-09,bonus,1.0,2.0,,,,Bonus issue 1:2,MAINFRA,INE392G01028,MAINFRA,INE392G01028,action_identity,0.6666666666666666
BSE,RUSHIL,INE573K01025,Rushil Decor Ltd,2024-08-09,2024-08-09,split,,,,10.0,1.0,Stock  Split From Rs.10/- to Rs.1/-,RUSHIL,INE573K01025,RUSHIL,INE573K01025,point_in_time_symbol_history,0.1
BSE,SAKUMA,INE190H01024,Sakuma Exports Ltd,2024-08-09,2024-08-10,bonus,4.0,1.0,,,,Bonus issue 4:1,SAKUMA,INE190H01024,SAKUMA,INE190H01024,point_in_time_symbol_history,0.2
BSE,THINKINK,INE365S01045,Thinkink Picturez Ltd,2024-08-09,2024-08-09,split,,,,5.0,1.0,Stock  Split From Rs.5/- to Rs.1/-,THINKINK,INE365S01045,THINKINK,INE365S01045,action_identity,0.2
BSE,GRPLTD,INE137I01015,GRP Ltd,2024-08-12,2024-08-12,bonus,3.0,1.0,,,,Bonus issue 3:1,GRPLTD,INE137I01015,GRPLTD,INE137I01015,point_in_time_symbol_history,0.25
BSE,EIHAHOTELS,INE276C01014,EIH Associated Hotels Ltd-$,2024-08-13,2024-08-13,bonus,1.0,1.0,,,,Bonus issue 1:1,EIHAHOTELS,INE276C01014,EIHAHOTELS,INE276C01014,point_in_time_symbol_history,0.5
BSE,MLKFOOD,INE588G01021,Milkfood Ltd,2024-08-13,2024-08-13,split,,,,10.0,5.0,Stock  Split From Rs.10/- to Rs.5/-,MLKFOOD,INE588G01021,MLKFOOD,INE588G01021,action_identity,0.5
BSE,MLKFOOD,INE588G01021,Milkfood Ltd,2024-08-13,2024-08-13,bonus,1.0,1.0,,,,Bonus issue 1:1,MLKFOOD,INE588G01021,MLKFOOD,INE588G01021,action_identity,0.5
BSE,JAMSHRI,INE462D01034,Jamshri Realty Ltd-$,2024-08-16,2024-08-16,split,,,,1000.0,10.0,Stock  Split From Rs.1000/- to Rs.10/-,JAMSHRI,INE462D01034,JAMSHRI,INE462D01034,action_identity,0.01
BSE,PVVINFRA,INE428B01021,PVV Infra Ltd,2024-08-20,2024-08-20,bonus,1.0,1.0,,,,Bonus issue 1:1,PVVINFRA,INE428B01021,PVVINFRA,INE428B01021,action_identity,0.5
BSE,SPRAYKING,INE537U01037,Sprayking Ltd,2024-08-21,2024-08-21,bonus,1.0,1.0,,,,Bonus issue 1:1,SPRAYKING,INE537U01037,SPRAYKING,INE537U01029,point_in_time_symbol_history,0.5
BSE,MMLF,INE340O01021,Money Masters Leasing & Finance Ltd,2024-08-22,2024-08-22,split,,,,10.0,1.0,Stock  Split From Rs.10/- to Rs.1/-,MMLF,INE340O01021,MMLF,INE340O01021,point_in_time_symbol_history,0.1
BSE,AVL,INE679V01027,Aditya Vision Ltd,2024-08-27,2024-08-27,split,,,,10.0,1.0,Stock  Split From Rs.10/- to Rs.1/-,AVL,INE679V01027,AVL,INE679V01027,point_in_time_symbol_history,0.1
BSE,SHEKHAWATI,INE268L01046,Shekhawati Industries Ltd,2024-08-28,2024-08-28,split,,,,,,Consolidation of Shares,SHEKHAWATI,INE268L01046,SHEKHAWATI,INE268L01046,action_identity,1.0
BSE,BONDADA,INE0Q8P01029,Bondada Engineering Ltd,2024-09-02,2024-09-02,split,,,,10.0,2.0,Stock  Split From Rs.10/- to Rs.2/-,BONDADA,INE0Q8P01029,BONDADA,INE0Q8P01029,action_identity,0.2
BSE,GARMNTMNTR,INE653S01028,Garment Mantra Lifestyle Ltd,2024-09-03,2024-09-03,bonus,1.0,1.0,,,,Bonus issue 1:1,GARMNTMNTR,INE653S01028,GARMNTMNTR,INE653S01028,point_in_time_symbol_history,0.5
BSE,SAPPHIRE,INE806T01020,Sapphire Foods India Ltd,2024-09-05,2024-09-05,split,,,,10.0,2.0,Stock  Split From Rs.10/- to Rs.2/-,SAPPHIRE,INE806T01020,SAPPHIRE,INE806T01020,point_in_time_symbol_history,0.2
BSE,VSTIND,INE710A01016,VST Industries Ltd,2024-09-06,2024-09-06,bonus,10.0,1.0,,,,Bonus issue 10:1,VSTIND,INE710A01016,VSTIND,INE710A01016,point_in_time_symbol_history,0.09090909090909091
BSE,FRANKLININD,INE789R01022,Franklin Industries Ltd,2024-09-09,2024-09-09,bonus,1.0,1.0,,,,Bonus issue 1:1,FRANKLININD,INE789R01022,FRANKLININD,INE789R01022,action_identity,0.5
BSE,ICL,INE407P01017,Indo Cotspin Ltd,2024-09-10,2024-09-10,bonus,7.0,10.0,,,,Bonus issue 7:10,ICL,INE407P01017,ICL,INE407P01017,action_identity,0.5882352941176471
BSE,ANDHRAPAP,INE435A01051,Andhra Paper Ltd,2024-09-11,2024-09-11,split,,,,10.0,2.0,Stock  Split From Rs.10/- to Rs.2/-,ANDHRAPAP,INE435A01051,ANDHRAPAP,INE435A01051,point_in_time_symbol_history,0.2
BSE,ACCELERATE,INE0POP01017,Acceleratebs India Ltd,2024-09-12,2024-09-12,bonus,3.0,5.0,,,,Bonus issue 3:5,ACCELERATE,INE0POP01017,ACCELERATE,INE0POP01017,action_identity,0.625
BSE,BIGBLOC,INE412U01025,Bigbloc Construction Ltd,2024-09-12,2024-09-12,bonus,1.0,1.0,,,,Bonus issue 1:1,BIGBLOC,INE412U01025,BIGBLOC,INE412U01025,point_in_time_symbol_history,0.5
BSE,VBL,INE200M01039,Varun Beverages Ltd,2024-09-12,2024-09-12,split,,,,5.0,2.0,Stock  Split From Rs.5/- to Rs.2/-,VBL,INE200M01039,VBL,INE200M01039,point_in_time_symbol_history,0.4
BSE,KIMS,INE967H01025,Krishna Institute of Medical Sciences Ltd,2024-09-13,2024-09-13,split,,,,10.0,2.0,Stock  Split From Rs.10/- to Rs.2/-,KIMS,INE967H01025,KIMS,INE967H01025,point_in_time_symbol_history,0.2
BSE,MONARCH,INE903D01011,Monarch Networth Capital Ltd,2024-09-13,2024-09-13,bonus,1.0,1.0,,,,Bonus issue 1:1,MONARCH,INE903D01011,MONARCH,INE903D01011,point_in_time_symbol_history,0.5
BSE,OIVL,INE125F01032,Onesource Industries And Ventures Ltd,2024-09-13,2024-09-13,split,,,,10.0,1.0,Stock  Split From Rs.10/- to Rs.1/-,OIVL,INE125F01032,OIVL,INE125F01032,action_identity,0.1
BSE,SPORTKING,INE885H01029,Sportking India Ltd,2024-09-13,2024-09-13,split,,,,10.0,1.0,Stock  Split From Rs.10/- to Rs.1/-,SPORTKING,INE885H01029,SPORTKING,INE885H01029,point_in_time_symbol_history,0.1
BSE,NDL,INE875G01048,Nandan Denim Ltd,2024-09-19,2024-09-19,split,,,,10.0,1.0,Stock  Split From Rs.10/- to Rs.1/-,NDL,INE875G01048,NDL,INE875G01048,point_in_time_symbol_history,0.1
BSE,SAKSOFT,INE667G01023,Saksoft Ltd,2024-09-19,2024-09-19,bonus,1.0,4.0,,,,Bonus issue 1:4,SAKSOFT,INE667G01023,SAKSOFT,INE667G01023,point_in_time_symbol_history,0.8
BSE,AXITA,INE02EZ01022,Axita Cotton Ltd,2024-09-20,2024-09-20,bonus,1.0,3.0,,,,Bonus issue 1:3,AXITA,INE02EZ01022,AXITA,INE02EZ01022,point_in_time_symbol_history,0.75
BSE,FEDDERSHOL,INE417D01020,Fedders Holding Ltd,2024-09-20,2024-09-20,split,,,,10.0,1.0,Stock  Split From Rs.10/- to Rs.1/-,FEDDERSHOL,INE417D01020,FEDDERSHOL,INE417D01020,action_identity,0.1
BSE,IFL,INE714U01024,IFL Enterprises Ltd,2024-09-20,2024-09-21,bonus,1.0,150.0,,,,Bonus issue 1:150,IFL,INE714U01024,IFL,INE714U01024,point_in_time_symbol_history,0.9933774834437086
BSE,MINDTECK,INE110B01017,Mindteck (India) Ltd,2024-09-20,2024-09-20,bonus,1.0,4.0,,,,Bonus issue 1:4,MINDTECK,INE110B01017,MINDTECK,INE110B01017,point_in_time_symbol_history,0.8
BSE,PHOENIXLTD,INE211B01039,The Phoenix Mills Ltd,2024-09-20,2024-09-21,bonus,1.0,1.0,,,,Bonus issue 1:1,PHOENIXLTD,INE211B01039,PHOENIXLTD,INE211B01039,point_in_time_symbol_history,0.5
BSE,RITES,INE320J01015,RITES Ltd,2024-09-20,2024-09-20,bonus,1.0,1.0,,,,Bonus issue 1:1,RITES,INE320J01015,RITES,INE320J01015,point_in_time_symbol_history,0.5
BSE,UEL,INE899L01030,Ujaas Energy Ltd,2024-09-20,2024-09-20,bonus,1.0,4.0,,,,Bonus issue 1:4,UEL,INE899L01030,UEL,INE899L01030,point_in_time_symbol_history,0.8
BSE,SRESTHA,INE606K01049,Srestha Finvest Ltd,2024-09-23,2024-09-23,split,,,,2.0,1.0,Stock  Split From Rs.2/- to Rs.1/-,SRESTHA,INE606K01049,SRESTHA,INE606K01049,action_identity,0.5
BSE,NDRAUTO,INE07OG01012,NDR Auto Components Ltd,2024-09-25,2024-09-25,bonus,1.0,1.0,,,,Bonus issue 1:1,NDRAUTO,INE07OG01012,NDRAUTO,INE07OG01012,point_in_time_symbol_history,0.5
BSE,STARLENT,INE594W01042,Starlineps Enterprises Ltd,2024-09-25,2024-09-25,bonus,1.0,5.0,,,,Bonus issue 1:5,STARLENT,INE594W01042,STARLENT,INE594W01042,point_in_time_symbol_history,0.8333333333333334
BSE,STARLENT,INE594W01042,Starlineps Enterprises Ltd,2024-09-25,2024-09-25,split,,,,5.0,1.0,Stock  Split From Rs.5/- to Rs.1/-,STARLENT,INE594W01042,STARLENT,INE594W01042,point_in_time_symbol_history,0.2
BSE,SWASTIKA,INE691C01022,Swastika Investmart Ltd,2024-09-25,2024-09-25,split,,,,10.0,2.0,Stock  Split From Rs.10/- to Rs.2/-,SWASTIKA,INE691C01022,SWASTIKA,INE691C01022,action_identity,0.2
BSE,PULSRIN,INE183U01022,Pulsar International Ltd,2024-09-27,2024-09-28,bonus,1.0,10.0,,,,Bonus issue 1:10,PULSRIN,INE183U01022,PULSRIN,INE183U01022,action_identity,0.9090909090909091
BSE,SANGHVIMOV,INE989A01032,Sanghvi Movers Ltd,2024-09-27,2024-09-27,split,,,,2.0,1.0,Stock  Split From Rs.2/- to Rs.1/-,SANGHVIMOV,INE989A01032,SANGHVIMOV,INE989A01032,point_in_time_symbol_history,0.5
BSE,NWIL,INE882B01037,Nurture Well Industries Ltd,2024-10-01,2024-10-01,split,,,,10.0,1.0,Stock  Split From Rs.10/- to Rs.1/-,NWIL,INE882B01037,NWIL,INE882B01037,action_identity,0.1
BSE,CLASELE,INE02BR01017,Classic Electricals Ltd,2024-10-04,2024-10-04,bonus,5.0,1.0,,,,Bonus issue 5:1,CLASELE,INE02BR01017,CLASELE,INE02BR01017,action_identity,0.16666666666666666
BSE,GPIL,INE177H01039,Godawari Power and Ispat Ltd,2024-10-04,2024-10-04,split,,,,5.0,1.0,Stock  Split From Rs.5/- to Rs.1/-,GPIL,INE177H01039,GPIL,INE177H01039,point_in_time_symbol_history,0.2
BSE,REALECO,INE055E01034,Real Eco-Energy Ltd,2024-10-04,2024-10-04,split,,,,10.0,2.0,Stock  Split From Rs.10/- to Rs.2/-,REALECO,INE055E01034,REALECO,INE055E01034,action_identity,0.2
BSE,SHIKHARLETR,INE02BV01019,Shikhar Leasing & Trading Ltd,2024-10-04,2024-10-04,bonus,3.0,1.0,,,,Bonus issue 3:1,SHIKHARLETR,INE02BV01019,SHIKHARLETR,INE02BV01019,action_identity,0.25
BSE,NBCC,INE095N01031,NBCC (India) Ltd,2024-10-07,2024-10-07,bonus,1.0,2.0,,,,Bonus issue 1:2,NBCC,INE095N01031,NBCC,INE095N01031,point_in_time_symbol_history,0.6666666666666666
BSE,POWERMECH,INE211R01019,Power Mech Projects Ltd,2024-10-08,2024-10-08,bonus,1.0,1.0,,,,Bonus issue 1:1,POWERMECH,INE211R01019,POWERMECH,INE211R01019,point_in_time_symbol_history,0.5
BSE,JINDALSAW,INE324A01032,Jindal Saw Ltd,2024-10-09,2024-10-09,split,,,,2.0,1.0,Stock  Split From Rs.2/- to Rs.1/-,JINDALSAW,INE324A01032,JINDALSAW,INE324A01032,point_in_time_symbol_history,0.5
BSE,NEWLIGHT,INE835U01027,New Light Industries Ltd,2024-10-10,2024-10-10,split,,,,10.0,1.0,Stock  Split From Rs.10/- to Rs.1/-,NEWLIGHT,INE835U01027,NEWLIGHT,INE835U01027,action_identity,0.1
BSE,RRETAIL,INE786J01033,Rajnish Retail Ltd,2024-10-11,2024-10-11,split,,,,5.0,1.0,Stock  Split From Rs.5/- to Rs.1/-,RRETAIL,INE786J01033,RRETAIL,INE786J01033,action_identity,0.2
BSE,ABANSENT,INE365O01028,Abans Enterprises Ltd,2024-10-15,2024-10-15,split,,,,10.0,2.0,Stock  Split From Rs.10/- to Rs.2/-,ABANSENT,INE365O01028,ABANSENT,INE365O01028,action_identity,0.2
BSE,CGFL,INE727C01024,Credent Global Finance Ltd,2024-10-15,2024-10-15,split,,,,10.0,2.0,Stock  Split From Rs.10/- to Rs.2/-,CGFL,INE727C01024,CGFL,INE727C01024,action_identity,0.2
BSE,POCL,INE063E01053,Pondy Oxides & Chemicals Ltd,2024-10-16,2024-10-16,split,,,,10.0,5.0,Stock  Split From Rs.10/- to Rs.5/-,POCL,INE063E01053,POCL,INE063E01053,point_in_time_symbol_history,0.5
BSE,HARSHILAGR,INE098E01026,Harshil Agrotech Ltd,2024-10-17,2024-10-17,split,,,,10.0,1.0,Stock  Split From Rs.10/- to Rs.1/-,HARSHILAGR,INE098E01026,HARSHILAGR,INE098E01026,action_identity,0.1
BSE,HBEL,INE02PC01027,Humming Bird Education Ltd,2024-10-18,2024-10-18,split,,,,10.0,1.0,Stock  Split From Rs.10/- to Rs.1/-,HBEL,INE02PC01027,HBEL,INE02PC01027,action_identity,0.1
BSE,HEG,INE545A01024,HEG Ltd,2024-10-18,2024-10-18,split,,,,10.0,2.0,Stock  Split From Rs.10/- to Rs.2/-,HEG,INE545A01024,HEG,INE545A01024,point_in_time_symbol_history,0.2
BSE,SACHEMT,INE433G01020,Sacheta Metals Ltd,2024-10-18,2024-10-19,split,,,,10.0,2.0,Stock  Split From Rs.10/- to Rs.2/-,SACHEMT,INE433G01020,SACHEMT,INE433G01020,action_identity,0.2
BSE,GROVY,INE343C01012,Grovy India Ltd,2024-10-23,2024-10-23,bonus,3.0,1.0,,,,Bonus issue 3:1,GROVY,INE343C01012,GROVY,INE343C01012,action_identity,0.25
BSE,POEL,INE035S01028,POCL Enterprises Ltd,2024-10-25,2024-10-25,split,,,,10.0,2.0,Stock  Split From Rs.10/- to Rs.2/-,POEL,INE035S01028,POEL,INE035S01028,action_identity,0.2
BSE,SATTVASUKU,INE280E01038,Sattva Sukun Lifecare Ltd,2024-10-25,2024-10-25,split,,,,5.0,1.0,Stock  Split From Rs.5/- to Rs.1/-,SATTVASUKU,INE280E01038,SATTVASUKU,INE280E01038,action_identity,0.2
BSE,SUKHJITS,INE450E01029,Sukhjit Starch & Chemicals Ltd-$,2024-10-25,2024-10-25,split,,,,10.0,5.0,Stock  Split From Rs.10/- to Rs.5/-,SUKHJITS,INE450E01029,SUKHJITS,INE450E01029,point_in_time_symbol_history,0.5
BSE,DRREDDY,INE089A01031,Dr Reddys Laboratories Ltd,2024-10-28,2024-10-28,split,,,,5.0,1.0,Stock  Split From Rs.5/- to Rs.1/-,DRREDDY,INE089A01031,DRREDDY,INE089A01031,point_in_time_symbol_history,0.2
BSE,RELIANCE,INE002A01018,Reliance Industries Ltd,2024-10-28,2024-10-28,bonus,1.0,1.0,,,,Bonus issue 1:1,RELIANCE,INE002A01018,RELIANCE,INE002A01018,point_in_time_symbol_history,0.5
BSE,QUASAR,,Quasar India Ltd,2024-10-29,2024-10-29,split,,,,10.0,1.0,Stock  Split From Rs.10/- to Rs.1/-,QUASAR,,QUASAR,,action_identity,0.1
BSE,MASTERTR,INE677D01037,Master Trust Ltd,2024-10-30,2024-10-30,split,,,,5.0,1.0,Stock  Split From Rs.5/- to Rs.1/-,MASTERTR,INE677D01037,MASTERTR,INE677D01037,point_in_time_symbol_history,0.2
BSE,SELLWIN,INE195F01027,Sellwin Traders Ltd,2024-10-31,2024-11-01,bonus,1.0,8.0,,,,Bonus issue 1:8,SELLWIN,INE195F01027,SELLWIN,INE195F01027,action_identity,0.8888888888888888
BSE,SELLWIN,INE195F01027,Sellwin Traders Ltd,2024-10-31,2024-11-01,split,,,,10.0,2.0,Stock  Split From Rs.10/- to Rs.2/-,SELLWIN,INE195F01027,SELLWIN,INE195F01027,action_identity,0.2
BSE,PREMIERPOL,INE309M01020,Premier Polyfilm Ltd,2024-11-05,2024-11-05,split,,,,5.0,1.0,Stock  Split From Rs.5/- to Rs.1/-,PREMIERPOL,INE309M01020,PREMIERPOL,INE309M01020,point_in_time_symbol_history,0.2
BSE,SYSTMTXC,INE356B01024,Systematix Corporate Services Ltd,2024-11-05,2024-11-05,split,,,,10.0,1.0,Stock  Split From Rs.10/- to Rs.1/-,SYSTMTXC,INE356B01024,SYSTMTXC,INE356B01024,action_identity,0.1
BSE,HAZOOR,INE550F01049,Hazoor Multi Projects Ltd-$,2024-11-07,2024-11-07,split,,,,10.0,1.0,Stock  Split From Rs.10/- to Rs.1/-,HAZOOR,INE550F01049,HAZOOR,INE550F01049,action_identity,0.1
BSE,CROPSTER,INE293E01031,Cropster Agro Ltd,2024-11-08,2024-11-08,split,,,,10.0,1.0,Stock  Split From Rs.10/- to Rs.1/-,CROPSTER,INE293E01031,CROPSTER,INE293E01031,action_identity,0.1
BSE,CROPSTER,INE293E01031,Cropster Agro Ltd,2024-11-08,2024-11-08,bonus,2.0,1.0,,,,Bonus issue 2:1,CROPSTER,INE293E01031,CROPSTER,INE293E01031,action_identity,0.3333333333333333
BSE,MOTISONS,INE0FRK01020,Motisons Jewellers Ltd,2024-11-08,2024-11-09,split,,,,10.0,1.0,Stock  Split From Rs.10/- to Rs.1/-,MOTISONS,INE0FRK01020,MOTISONS,INE0FRK01020,point_in_time_symbol_history,0.1
BSE,ROTO,INE535D01037,Roto Pumps Ltd,2024-11-08,2024-11-08,split,,,,2.0,1.0,Stock  Split From Rs.2/- to Rs.1/-,ROTO,INE535D01037,ROTO,INE535D01037,point_in_time_symbol_history,0.5
BSE,BAJAJST,INE704G01024,Bajaj Steel Industries Ltd,2024-11-12,2024-11-12,bonus,3.0,1.0,,,,Bonus issue 3:1,BAJAJST,INE704G01024,BAJAJST,INE704G01024,action_identity,0.25
BSE,WEL,INE02WG01024,Wonder Electricals Ltd,2024-11-12,2024-11-12,split,,,,10.0,1.0,Stock  Split From Rs.10/- to Rs.1/-,WEL,INE02WG01024,WEL,INE02WG01024,point_in_time_symbol_history,0.1
BSE,CONTILI,INE080G01029,Contil India Ltd,2024-11-14,2024-11-15,split,,,,10.0,2.0,Stock  Split From Rs.10/- to Rs.2/-,CONTILI,INE080G01029,CONTILI,INE080G01029,action_identity,0.2
BSE,JOSTS,INE636D01041,Josts Engineering Company Ltd,2024-11-14,2024-11-15,split,,,,2.0,1.0,Stock  Split From Rs.2/- to Rs.1/-,JOSTS,INE636D01041,JOSTS,INE636D01041,action_identity,0.5
BSE,JTLIND,INE391J01032,JTL Industries Ltd,2024-11-14,2024-11-15,split,,,,2.0,1.0,Stock  Split From Rs.2/- to Rs.1/-,JTLIND,INE391J01032,JTLIND,INE391J01032,point_in_time_symbol_history,0.5
BSE,WORTH,INE114O01020,Worth Investment & Trading Co Ltd,2024-11-14,2024-11-14,bonus,3.0,2.0,,,,Bonus issue 3:2,WORTH,INE114O01020,WORTH,INE114O01020,action_identity,0.4
BSE,SUDARSHAN,INE00TV01023,Sudarshan Pharma Industries Ltd,2024-11-22,2024-11-23,split,,,,10.0,1.0,Stock  Split From Rs.10/- to Rs.1/-,SUDARSHAN,INE00TV01023,SUDARSHAN,INE00TV01023,action_identity,0.1
BSE,SHAKTIPUMP,INE908D01010,Shakti Pumps India Ltd-$,2024-11-25,2024-11-25,bonus,5.0,1.0,,,,Bonus issue 5:1,SHAKTIPUMP,INE908D01010,SHAKTIPUMP,INE908D01010,point_in_time_symbol_history,0.16666666666666666
BSE,EASEMYTRIP,INE07O001026,Easy Trip Planners Ltd,2024-11-29,2024-11-29,bonus,1.0,1.0,,,,Bonus issue 1:1,EASEMYTRIP,INE07O001026,EASEMYTRIP,INE07O001026,point_in_time_symbol_history,0.5
BSE,RPEL,INE912T01018,Raghav Productivity Enhancers Ltd,2024-11-29,2024-11-29,bonus,1.0,1.0,,,,Bonus issue 1:1,RPEL,INE912T01018,RPEL,INE912T01018,point_in_time_symbol_history,0.5
BSE,SPRIGHT,INE179O01031,Spright Agro Ltd,2024-11-29,2024-11-29,bonus,1.0,1.0,,,,Bonus issue 1:1,SPRIGHT,INE179O01031,SPRIGHT,INE179O01031,point_in_time_symbol_history,0.5
BSE,VIVIDM,INE647Z01025,Vivid Mercantile Ltd,2024-11-29,2024-11-29,split,,,,10.0,1.0,Stock  Split From Rs.10/- to Rs.1/-,VIVIDM,INE647Z01025,VIVIDM,INE647Z01025,point_in_time_symbol_history,0.1
BSE,RAJOOENG,INE535F01024,Rajoo Engineers Ltd-$,2024-12-02,2024-12-02,bonus,1.0,3.0,,,,Bonus issue 1:3,RAJOOENG,INE535F01024,RAJOOENG,INE535F01024,point_in_time_symbol_history,0.75
BSE,DIACABS,INE989C01038,Diamond Power Infrastructure Ltd-$,2024-12-03,2024-12-03,split,,,,10.0,1.0,Stock  Split From Rs.10/- to Rs.1/-,DIACABS,INE989C01038,DIACABS,INE989C01038,point_in_time_symbol_history,0.1
BSE,WIPRO,INE075A01022,Wipro Ltd,2024-12-03,2024-12-03,bonus,1.0,1.0,,,,Bonus issue 1:1,WIPRO,INE075A01022,WIPRO,INE075A01022,point_in_time_symbol_history,0.5
BSE,CCDL,INE187R01029,Consecutive Commodities Ltd,2024-12-06,2024-12-06,split,,,,10.0,1.0,Stock  Split From Rs.10/- to Rs.1/-,CCDL,INE187R01029,CCDL,INE187R01029,action_identity,0.1
BSE,CCDL,INE187R01029,Consecutive Commodities Ltd,2024-12-06,2024-12-06,bonus,1.0,1.0,,,,Bonus issue 1:1,CCDL,INE187R01029,CCDL,INE187R01029,action_identity,0.5
BSE,EBIX,INE432F01032,Eraaya Lifespaces Ltd,2024-12-06,2024-12-06,split,,,,10.0,1.0,Stock  Split From Rs.10/- to Rs.1/-,EBIX,INE432F01032,EBIX,INE432F01032,action_identity,0.1
BSE,ACHYUT,INE0K1401020,Achyut Healthcare Ltd,2024-12-10,2024-12-10,split,,,,10.0,1.0,Stock  Split From Rs.10/- to Rs.1/-,ACHYUT,INE0K1401020,ACHYUT,INE0K1401020,action_identity,0.1
BSE,ACHYUT,INE0K1401020,Achyut Healthcare Ltd,2024-12-10,2024-12-10,bonus,4.0,10.0,,,,Bonus issue 4:10,ACHYUT,INE0K1401020,ACHYUT,INE0K1401020,action_identity,0.7142857142857143
BSE,SHRAAITECH,INE489B01031,Shradha AI Technologies Ltd,2024-12-10,2024-12-10,split,,,,5.0,2.0,Stock  Split From Rs.5/- to Rs.2/-,SHRAAITECH,INE489B01031,SHRAAITECH,INE489B01031,action_identity,0.4
BSE,EXXARO,INE0GFE01026,Exxaro Tiles Ltd,2024-12-13,2024-12-13,split,,,,10.0,1.0,Stock  Split From Rs.10/- to Rs.1/-,EXXARO,INE0GFE01026,EXXARO,INE0GFE01026,point_in_time_symbol_history,0.1
BSE,PCJEWELLER,INE785M01021,PC Jeweller Ltd,2024-12-16,2024-12-16,split,,,,10.0,1.0,Stock  Split From Rs.10/- to Rs.1/-,PCJEWELLER,INE785M01021,PCJEWELLER,INE785M01021,point_in_time_symbol_history,0.1
BSE,SKYGOLD,INE01IU01018,Sky Gold And Diamonds Ltd,2024-12-16,2024-12-16,bonus,9.0,1.0,,,,Bonus issue 9:1,SKYGOLD,INE01IU01018,SKYGOLD,INE01IU01018,point_in_time_symbol_history,0.1
BSE,SHISHIND,INE145Y01023,Shish Industries Ltd,2024-12-17,2024-12-17,split,,,,10.0,1.0,Stock  Split From Rs.10/- to Rs.1/-,SHISHIND,INE145Y01023,SHISHIND,INE145Y01023,point_in_time_symbol_history,0.1
BSE,RCAN,INE0CQ101015,Rajeshwari Cans Ltd,2024-12-19,2024-12-19,bonus,1.0,1.0,,,,Bonus issue 1:1,RCAN,INE0CQ101015,RCAN,INE0CQ101015,action_identity,0.5
BSE,BHARATSE,INE415D01024,Bharat Seats Ltd-$,2024-12-20,2024-12-20,bonus,1.0,1.0,,,,Bonus issue 1:1,BHARATSE,INE415D01024,BHARATSE,INE415D01024,action_identity,0.5
BSE,LINC,INE802B01027,Linc Ltd-$,2024-12-20,2024-12-20,split,,,,10.0,5.0,Stock  Split From Rs.10/- to Rs.5/-,LINC,INE802B01027,LINC,INE802B01027,point_in_time_symbol_history,0.5
BSE,LINC,INE802B01027,Linc Ltd-$,2024-12-20,2024-12-20,bonus,1.0,1.0,,,,Bonus issue 1:1,LINC,INE802B01027,LINC,INE802B01027,point_in_time_symbol_history,0.5
BSE,AAYUSH,INE430R01023,Aayush Wellness Ltd,2024-12-26,2024-12-26,bonus,1.0,2.0,,,,Bonus issue 1:2,AAYUSH,INE430R01023,AAYUSH,INE430R01023,action_identity,0.6666666666666666
BSE,EVANS,INE06TD01010,Evans Electric Ltd,2024-12-26,2024-12-26,bonus,1.0,1.0,,,,Bonus issue 1:1,EVANS,INE06TD01010,EVANS,INE06TD01010,action_identity,0.5
BSE,HARDWYN,INE626Z01029,Hardwyn India Ltd,2024-12-27,2024-12-27,bonus,2.0,5.0,,,,Bonus issue 2:5,HARDWYN,INE626Z01029,HARDWYN,INE626Z01029,point_in_time_symbol_history,0.7142857142857143
BSE,MAZDOCK,INE249Z01020,Mazagon Dock Shipbuilders Ltd,2024-12-27,2024-12-27,split,,,,10.0,5.0,Stock  Split From Rs.10/- to Rs.5/-,MAZDOCK,INE249Z01020,MAZDOCK,INE249Z01020,point_in_time_symbol_history,0.5
BSE,NMDC,INE584A01023,NMDC Ltd,2024-12-27,2024-12-27,bonus,2.0,1.0,,,,Bonus issue 2:1,NMDC,INE584A01023,NMDC,INE584A01023,point_in_time_symbol_history,0.3333333333333333
BSE,BANCOINDIA,INE213C01025,Banco Products (India) Ltd-$,2024-12-30,2024-12-30,bonus,1.0,1.0,,,,Bonus issue 1:1,BANCOINDIA,INE213C01025,BANCOINDIA,INE213C01025,point_in_time_symbol_history,0.5
BSE,SURYAROSNI,INE335A01020,Surya Roshni Ltd,2025-01-01,2025-01-01,bonus,1.0,1.0,,,,Bonus issue 1:1,SURYAROSNI,INE335A01020,SURYAROSNI,INE335A01020,point_in_time_symbol_history,0.5
BSE,GETALONG,INE0H1201020,Getalong Enterprise Ltd,2025-01-02,2025-01-02,split,,,,10.0,1.0,Stock  Split From Rs.10/- to Rs.1/-,GETALONG,INE0H1201020,GETALONG,INE0H1201020,action_identity,0.1
BSE,ASGARD,INE767M01029,Asgard Alcobev Ltd,2025-01-03,2025-01-03,split,,,,10.0,1.0,Stock  Split From Rs.10/- to Rs.1/-,ASGARD,INE767M01029,ASGARD,INE767M01029,action_identity,0.1
BSE,CEENIK,INE418D01010,Ceenik Exports India Ltd,2025-01-03,2025-01-03,bonus,1.0,5.0,,,,Bonus issue 1:5,CEENIK,INE418D01010,CEENIK,INE418D01010,action_identity,0.8333333333333334
BSE,GARFIBRES,INE276A01018,Garware Technical Fibres Ltd,2025-01-03,2025-01-03,bonus,4.0,1.0,,,,Bonus issue 4:1,GARFIBRES,INE276A01018,GARFIBRES,INE276A01018,point_in_time_symbol_history,0.2
BSE,KPIGREEN,INE542W01025,KPI Green Energy Ltd,2025-01-03,2025-01-03,bonus,1.0,2.0,,,,Bonus issue 1:2,KPIGREEN,INE542W01025,KPIGREEN,INE542W01025,point_in_time_symbol_history,0.6666666666666666
BSE,AAPLUSTRAD,INE0C5901022,AA Plus Tradelink Ltd,2025-01-08,2025-01-08,split,,,,10.0,1.0,Stock  Split From Rs.10/- to Rs.1/-,AAPLUSTRAD,INE0C5901022,AAPLUSTRAD,INE0C5901022,action_identity,0.1
BSE,ALGOQUANT,INE598D01035,Algoquant Fintech Ltd,2025-01-08,2025-01-08,bonus,1.0,2.0,,,,Bonus issue 1:2,ALGOQUANT,INE598D01035,ALGOQUANT,INE598D01035,action_identity,0.6666666666666666
BSE,JAGSNPHARM,INE048B01035,Jagsonpal Pharmaceuticals Ltd,2025-01-08,2025-01-08,split,,,,5.0,2.0,Stock  Split From Rs.5/- to Rs.2/-,JAGSNPHARM,INE048B01035,JAGSNPHARM,INE048B01035,point_in_time_symbol_history,0.4
BSE,JULIEN,INE890N01027,Julien Agro Infratech Ltd,2025-01-08,2025-01-08,split,,,,10.0,5.0,Stock  Split From Rs.10/- to Rs.5/-,JULIEN,INE890N01027,JULIEN,INE890N01027,action_identity,0.5
BSE,KAMDHENU,INE390H01020,Kamdhenu Ltd,2025-01-08,2025-01-08,split,,,,10.0,1.0,Stock  Split From Rs.10/- to Rs.1/-,KAMDHENU,INE390H01020,KAMDHENU,INE390H01020,point_in_time_symbol_history,0.1
BSE,PADAMCO,INE448D01025,Padam Cotton Yarns Ltd,2025-01-08,2025-01-08,bonus,1.0,1.0,,,,Bonus issue 1:1,PADAMCO,INE448D01025,PADAMCO,INE448D01025,action_identity,0.5
BSE,SHRIRAMFIN,INE721A01047,Shriram Finance Ltd,2025-01-10,2025-01-10,split,,,,10.0,2.0,Stock  Split From Rs.10/- to Rs.2/-,SHRIRAMFIN,INE721A01047,SHRIRAMFIN,INE721A01047,point_in_time_symbol_history,0.2
BSE,SHARDUL,INE037B01020,Shardul Securities Ltd,2025-01-13,2025-01-13,split,,,,10.0,2.0,Stock  Split From Rs.10/- to Rs.2/-,SHARDUL,INE037B01020,SHARDUL,INE037B01020,action_identity,0.2
BSE,REGIS,INE745R01024,Regis Industries Ltd,2025-01-16,2025-01-16,split,,,,10.0,1.0,Stock  Split From Rs.10/- to Rs.1/-,REGIS,INE745R01024,REGIS,INE745R01024,action_identity,0.1
BSE,ABVL,INE485K01022,Arunjyoti Bio Ventures Ltd,2025-01-17,2025-01-17,split,,,,10.0,1.0,Stock  Split From Rs.10/- to Rs.1/-,ABVL,INE485K01022,ABVL,INE485K01022,action_identity,0.1
BSE,JAIBALAJI,INE091G01026,Jai Balaji Industries Ltd,2025-01-17,2025-01-17,split,,,,10.0,2.0,Stock  Split From Rs.10/- to Rs.2/-,JAIBALAJI,INE091G01026,JAIBALAJI,INE091G01026,point_in_time_symbol_history,0.2
BSE,KITEX,INE602G01020,Kitex Garments Ltd,2025-01-17,2025-01-17,bonus,2.0,1.0,,,,Bonus issue 2:1,KITEX,INE602G01020,KITEX,INE602G01020,point_in_time_symbol_history,0.3333333333333333
BSE,SATTVASUKU,INE280E01038,Sattva Sukun Lifecare Ltd,2025-01-17,2025-01-17,bonus,3.0,5.0,,,,Bonus issue 3:5,SATTVASUKU,INE280E01038,SATTVASUKU,INE280E01038,action_identity,0.625
BSE,BLUECLOUDS,INE373T01047,Blue Cloud Softech Solutions Ltd,2025-01-20,2025-01-20,split,,,,2.0,1.0,Stock  Split From Rs.2/- to Rs.1/-,BLUECLOUDS,INE373T01047,BLUECLOUDS,INE373T01047,point_in_time_symbol_history,0.5
BSE,NAVA,INE725A01030,Nava Ltd,2025-01-20,2025-01-20,split,,,,2.0,1.0,Stock  Split From Rs.2/- to Rs.1/-,NAVA,INE725A01030,NAVA,INE725A01030,point_in_time_symbol_history,0.5
BSE,BNRSEC,INE710D01028,BN Rathi Securities Ltd,2025-01-24,2025-01-24,bonus,1.0,1.0,,,,Bonus issue 1:1,BNRSEC,INE710D01028,BNRSEC,INE710D01028,action_identity,0.5
BSE,BNRSEC,INE710D01028,BN Rathi Securities Ltd,2025-01-24,2025-01-24,split,,,,10.0,5.0,Stock  Split From Rs.10/- to Rs.5/-,BNRSEC,INE710D01028,BNRSEC,INE710D01028,action_identity,0.5
BSE,INA,INE0LGX01024,Insolation Energy Ltd,2025-01-24,2025-01-24,split,,,,10.0,1.0,Stock  Split From Rs.10/- to Rs.1/-,INA,INE0LGX01024,INA,INE0LGX01024,action_identity,0.1
BSE,SHRADDHA,INE311M01018,Shraddha Prime Projects Ltd,2025-01-27,2025-01-27,bonus,1.0,1.0,,,,Bonus issue 1:1,SHRADDHA,INE311M01018,SHRADDHA,INE311M01018,action_identity,0.5
BSE,MAZDA,INE885E01042,Mazda Ltd,2025-01-28,2025-01-28,split,,,,10.0,2.0,Stock  Split From Rs.10/- to Rs.2/-,MAZDA,INE885E01042,MAZDA,INE885E01042,point_in_time_symbol_history,0.2
BSE,TECHNOPACK,INE0MXP01015,Technopack Polymers Ltd,2025-01-29,2025-01-29,bonus,1.0,1.0,,,,Bonus issue 1:1,TECHNOPACK,INE0MXP01015,TECHNOPACK,INE0MXP01015,action_identity,0.5
BSE,IGL,INE203G01027,Indraprastha Gas Ltd,2025-01-31,2025-01-31,bonus,1.0,1.0,,,,Bonus issue 1:1,IGL,INE203G01027,IGL,INE203G01027,point_in_time_symbol_history,0.5
BSE,JBMA,INE927D01051,JBM Auto Ltd,2025-01-31,2025-01-31,split,,,,2.0,1.0,Stock  Split From Rs.2/- to Rs.1/-,JBMA,INE927D01051,JBMA,INE927D01051,point_in_time_symbol_history,0.5
BSE,KIDUJA,INE845A01028,Kiduja India Ltd,2025-01-31,2025-01-31,split,,,,10.0,1.0,Stock  Split From Rs.10/- to Rs.1/-,KIDUJA,INE845A01028,KIDUJA,INE845A01028,action_identity,0.1
BSE,MOHITE,INE154B01023,Mohite Industries Ltd,2025-01-31,2025-01-31,split,,,,10.0,1.0,Stock  Split From Rs.10/- to Rs.1/-,MOHITE,INE154B01023,MOHITE,INE154B01023,action_identity,0.1
BSE,SENCO,INE602W01027,Senco Gold Ltd,2025-01-31,2025-01-31,split,,,,10.0,5.0,Stock  Split From Rs.10/- to Rs.5/-,SENCO,INE602W01027,SENCO,INE602W01027,point_in_time_symbol_history,0.5
BSE,REDTAPE,INE0LXT01019,Redtape Ltd,2025-02-04,2025-02-04,bonus,3.0,1.0,,,,Bonus issue 3:1,REDTAPE,INE0LXT01019,REDTAPE,INE0LXT01019,point_in_time_symbol_history,0.25
BSE,THINKINK,INE365S01045,Thinkink Picturez Ltd,2025-02-05,2025-02-05,bonus,2.0,1.0,,,,Bonus issue 2:1,THINKINK,INE365S01045,THINKINK,INE365S01045,action_identity,0.3333333333333333
BSE,KSOLVES,INE0D6I01023,Ksolves India Ltd,2025-02-06,2025-02-06,split,,,,10.0,5.0,Stock  Split From Rs.10/- to Rs.5/-,KSOLVES,INE0D6I01023,KSOLVES,INE0D6I01023,point_in_time_symbol_history,0.5
BSE,MINOLTAF,,Minolta Finance Ltd,2025-02-06,2025-02-06,split,,,,10.0,1.0,Stock  Split From Rs.10/- to Rs.1/-,MINOLTAF,,MINOLTAF,,action_identity,0.1
BSE,AGIIL,INE976R01033,AGI Infra Ltd,2025-02-07,2025-02-07,split,,,,10.0,5.0,Stock  Split From Rs.10/- to Rs.5/-,AGIIL,INE976R01033,AGIIL,INE976R01025,point_in_time_symbol_history,0.5
BSE,RAMAPHO,INE809A01032,Rama Phosphates Ltd,2025-02-07,2025-02-07,split,,,,10.0,5.0,Stock  Split From Rs.10/- to Rs.5/-,RAMAPHO,INE809A01032,RAMAPHO,INE809A01032,point_in_time_symbol_history,0.5
BSE,SANGAMFIN,INE475D01010,Sangam Finserv Ltd,2025-02-07,2025-02-07,bonus,4.0,1.0,,,,Bonus issue 4:1,SANGAMFIN,INE475D01010,SANGAMFIN,INE475D01010,action_identity,0.2
BSE,EFCIL,INE886D01026,EFC (I) Ltd,2025-02-11,2025-02-11,bonus,1.0,1.0,,,,Bonus issue 1:1,EFCIL,INE886D01026,EFCIL,INE886D01026,point_in_time_symbol_history,0.5
BSE,TTL,INE592B01024,T T Ltd,2025-02-12,2025-02-12,split,,,,10.0,1.0,Stock  Split From Rs.10/- to Rs.1/-,TTL,INE592B01024,TTL,INE592B01024,point_in_time_symbol_history,0.1
BSE,ASCENSIVE,INE0E4I01027,Ascensive Educare Ltd,2025-02-14,2025-02-14,split,,,,10.0,1.0,Stock  Split From Rs.10/- to Rs.1/-,ASCENSIVE,INE0E4I01027,ASCENSIVE,INE0E4I01027,action_identity,0.1
BSE,RFSL,INE201C01012,Richfield Financial Services Ltd,2025-02-14,2025-02-14,bonus,1.0,1.0,,,,Bonus issue 1:1,RFSL,INE201C01012,RFSL,INE201C01012,action_identity,0.5
BSE,TARIL,INE763I01026,Transformers and Rectifiers (India) Ltd,2025-02-14,2025-02-14,bonus,1.0,1.0,,,,Bonus issue 1:1,TARIL,INE763I01026,TARIL,INE763I01026,point_in_time_symbol_history,0.5
BSE,CIFL,INE345H01024,Capital India Finance Ltd,2025-02-17,2025-02-17,split,,,,10.0,2.0,Stock  Split From Rs.10/- to Rs.2/-,CIFL,INE345H01024,CIFL,INE345H01024,action_identity,0.2
BSE,CONART,INE714D01020,Conart Engineers Ltd,2025-02-18,2025-02-19,split,,,,10.0,5.0,Stock  Split From Rs.10/- to Rs.5/-,CONART,INE714D01020,CONART,INE714D01020,action_identity,0.5
BSE,GUJTLRM,INE145J01032,Gujarat Toolroom Ltd,2025-02-18,2025-02-18,bonus,5.0,1.0,,,,Bonus issue 5:1,GUJTLRM,INE145J01032,GUJTLRM,INE145J01032,action_identity,0.16666666666666666
BSE,KOTHARIPRO,INE823A01017,Kothari Products Ltd,2025-02-18,2025-02-18,bonus,1.0,1.0,,,,Bonus issue 1:1,KOTHARIPRO,INE823A01017,KOTHARIPRO,INE823A01017,point_in_time_symbol_history,0.5
BSE,JINDWORLD,INE247D01039,Jindal Worldwide Ltd,2025-02-28,2025-02-28,bonus,4.0,1.0,,,,Bonus issue 4:1,JINDWORLD,INE247D01039,JINDWORLD,INE247D01039,point_in_time_symbol_history,0.2
BSE,OASISEC,INE876A01023,Oasis Securities Ltd,2025-02-28,2025-02-28,split,,,,10.0,1.0,Stock  Split From Rs.10/- to Rs.1/-,OASISEC,INE876A01023,OASISEC,INE876A01023,action_identity,0.1
BSE,RDBIPL,INE245L01028,RDB Infrastructure And Power Ltd,2025-02-28,2025-02-28,split,,,,10.0,1.0,Stock  Split From Rs.10/- to Rs.1/-,RDBIPL,INE245L01028,RDBIPL,INE245L01028,action_identity,0.1
BSE,COASTCORP,INE377E01024,Coastal Corporation Ltd,2025-03-04,2025-03-04,split,,,,10.0,2.0,Stock  Split From Rs.10/- to Rs.2/-,COASTCORP,INE377E01024,COASTCORP,INE377E01024,point_in_time_symbol_history,0.2
BSE,MGEL,INE0APB01032,Mangalam Global Enterprise Ltd,2025-03-04,2025-03-04,split,,,,2.0,1.0,Stock  Split From Rs.2/- to Rs.1/-,MGEL,INE0APB01032,MGEL,INE0APB01032,point_in_time_symbol_history,0.5
BSE,ANANDRATHI,INE463V01026,Anand Rathi Wealth Ltd,2025-03-05,2025-03-05,bonus,1.0,1.0,,,,Bonus issue 1:1,ANANDRATHI,INE463V01026,ANANDRATHI,INE463V01026,point_in_time_symbol_history,0.5
BSE,VKAL,INE427T01025,Vantage Knowledge Academy Ltd,2025-03-05,2025-03-05,bonus,2.0,1.0,,,,Bonus issue 2:1,VKAL,INE427T01025,VKAL,INE427T01025,action_identity,0.3333333333333333
BSE,PRADHIN,,Pradhin Ltd,2025-03-07,2025-03-07,bonus,2.0,1.0,,,,Bonus issue 2:1,PRADHIN,,PRADHIN,,action_identity,0.3333333333333333
BSE,PRADHIN,,Pradhin Ltd,2025-03-07,2025-03-07,split,,,,10.0,1.0,Stock  Split From Rs.10/- to Rs.1/-,PRADHIN,,PRADHIN,,action_identity,0.1
BSE,SBC,INE04AK01028,SBC Exports Ltd,2025-03-10,2025-03-10,bonus,1.0,2.0,,,,Bonus issue 1:2,SBC,INE04AK01028,SBC,INE04AK01028,point_in_time_symbol_history,0.6666666666666666
BSE,IOLCP,INE485C01029,IOL Chemicals & Pharmaceuticals Ltd,2025-03-11,2025-03-11,split,,,,10.0,2.0,Stock  Split From Rs.10/- to Rs.2/-,IOLCP,INE485C01029,IOLCP,INE485C01029,point_in_time_symbol_history,0.2
BSE,MEHAI,INE062Y01020,Mehai Technology Ltd,2025-03-13,2025-03-14,split,,,,10.0,1.0,Stock  Split From Rs.10/- to Rs.1/-,MEHAI,INE062Y01020,MEHAI,INE062Y01020,action_identity,0.1
BSE,SHANGAR,INE118R01032,Shangar Decor Ltd,2025-03-13,2025-03-14,split,,,,5.0,1.0,Stock  Split From Rs.5/- to Rs.1/-,SHANGAR,INE118R01032,SHANGAR,INE118R01032,action_identity,0.2
BSE,SPICELOUNG,INE631E01024,Spice Lounge Food Works Ltd,2025-03-13,2025-03-14,split,,,,10.0,1.0,Stock  Split From Rs.10/- to Rs.1/-,SPICELOUNG,INE631E01024,SPICELOUNG,INE631E01024,action_identity,0.1
BSE,SIKA,INE438E01032,Sika Interplant Systems Ltd,2025-03-17,2025-03-17,split,,,,10.0,2.0,Stock  Split From Rs.10/- to Rs.2/-,SIKA,INE438E01032,SIKA,INE438E01032,point_in_time_symbol_history,0.2
BSE,PADAMCO,INE448D01025,Padam Cotton Yarns Ltd,2025-03-18,2025-03-18,bonus,2.0,3.0,,,,Bonus issue 2:3,PADAMCO,INE448D01025,PADAMCO,INE448D01025,action_identity,0.6
BSE,BPAGRI,INE439N01031,Blue Pearl Agriventures Ltd,2025-03-20,2025-03-20,split,,,,10.0,1.0,Stock  Split From Rs.10/- to Rs.1/-,BPAGRI,INE439N01031,BPAGRI,INE439N01031,action_identity,0.1
BSE,GAMCO,INE890S01026,Gamco Ltd,2025-03-21,2025-03-21,bonus,5.0,4.0,,,,Bonus issue 5:4,GAMCO,INE890S01026,GAMCO,INE890S01026,action_identity,0.4444444444444444
BSE,GREENLAM,INE544R01021,Greenlam Industries Ltd,2025-03-21,2025-03-21,bonus,1.0,1.0,,,,Bonus issue 1:1,GREENLAM,INE544R01021,GREENLAM,INE544R01021,point_in_time_symbol_history,0.5
BSE,LASTMILE,INE404B01022,Last Mile Enterprises Ltd,2025-03-21,2025-03-21,split,,,,10.0,1.0,Stock  Split From Rs.10/- to Rs.1/-,LASTMILE,INE404B01022,LASTMILE,INE404B01022,action_identity,0.1
BSE,OPTIFIN,INE031G01022,Optimus Finance Ltd,2025-03-21,2025-03-21,split,,,,10.0,1.0,Stock  Split From Rs.10/- to Rs.1/-,OPTIFIN,INE031G01022,OPTIFIN,INE031G01022,action_identity,0.1
BSE,RONI,INE02AP01013,Roni Households Ltd,2025-03-21,2025-03-21,bonus,1.0,1.0,,,,Bonus issue 1:1,RONI,INE02AP01013,RONI,INE02AP01013,action_identity,0.5
BSE,SHUKRAPHAR,INE551C01044,Shukra Pharmaceuticals Ltd,2025-03-21,2025-03-21,split,,,,10.0,1.0,Stock  Split From Rs.10/- to Rs.1/-,SHUKRAPHAR,INE551C01044,SHUKRAPHAR,INE551C01044,action_identity,0.1
BSE,SOFTRAKV,INE562E01021,Softrak Venture Investment Ltd,2025-03-21,2025-03-21,split,,,,10.0,1.0,Stock  Split From Rs.10/- to Rs.1/-,SOFTRAKV,INE562E01021,SOFTRAKV,INE562E01021,action_identity,0.1
BSE,ENBETRD,INE993I01029,Enbee Trade & Finance Ltd,2025-03-24,2025-03-24,bonus,1.0,6.0,,,,Bonus issue 1:6,ENBETRD,INE993I01029,ENBETRD,INE993I01029,action_identity,0.8571428571428571
BSE,DHANROTO,INE220C01012,Dhanalaxmi Roto Spinners Ltd,2025-03-26,2025-03-26,bonus,1.0,1.0,,,,Bonus issue 1:1,DHANROTO,INE220C01012,DHANROTO,INE220C01012,action_identity,0.5
BSE,CTL,INE172D01021,Capital Trade Links Ltd,2025-04-02,2025-04-02,bonus,1.0,1.0,,,,Bonus issue 1:1,CTL,INE172D01021,CTL,INE172D01021,action_identity,0.5
BSE,RANJEET,INE01A501027,Ranjeet Mechatronics Ltd,2025-04-02,2025-04-02,bonus,1.0,1.0,,,,Bonus issue 1:1,RANJEET,INE01A501027,RANJEET,INE01A501027,action_identity,0.5
BSE,SALAUTO,INE724G01014,Sal Automotive Ltd,2025-04-03,2025-04-03,bonus,1.0,1.0,,,,Bonus issue 1:1,SALAUTO,INE724G01014,SALAUTO,INE724G01014,action_identity,0.5
BSE,DHARAN,,Dharan Infra-EPC Ltd,2025-04-04,2025-04-04,bonus,1.0,1.0,,,,Bonus issue 1:1,DHARAN,,DHARAN,,action_identity,0.5
BSE,PERVASIVE,INE443P01038,Pervasive Commodities Ltd,2025-04-07,2025-04-07,split,,,,10.0,1.0,Stock  Split From Rs.10/- to Rs.1/-,PERVASIVE,INE443P01038,PERVASIVE,INE443P01038,action_identity,0.1
BSE,GCSL,INE199P01028,Gretex Corporate Services Ltd,2025-04-09,2025-04-10,bonus,9.0,10.0,,,,Bonus issue 9:10,GCSL,INE199P01028,GCSL,INE199P01028,action_identity,0.5263157894736842
BSE,ENBETRD,INE993I01029,Enbee Trade & Finance Ltd,2025-04-11,2025-04-11,split,,,,10.0,1.0,Stock  Split From Rs.10/- to Rs.1/-,ENBETRD,INE993I01029,ENBETRD,INE993I01029,action_identity,0.1
BSE,KAPILRAJ,INE332Q01023,Kapil Raj Finance Ltd,2025-04-15,2025-04-15,split,,,,10.0,1.0,Stock  Split From Rs.10/- to Rs.1/-,KAPILRAJ,INE332Q01023,KAPILRAJ,INE332Q01023,action_identity,0.1
BSE,AFIL,INE916Y01027,Akme Fintrade (India) Ltd,2025-04-17,2025-04-18,split,,,,10.0,1.0,Stock  Split From Rs.10/- to Rs.1/-,AFIL,INE916Y01027,AFIL,INE916Y01027,point_in_time_symbol_history,0.1
BSE,RANJEET,INE01A501027,Ranjeet Mechatronics Ltd,2025-04-21,2025-04-21,split,,,,10.0,5.0,Stock  Split From Rs.10/- to Rs.5/-,RANJEET,INE01A501027,RANJEET,INE01A501027,action_identity,0.5
BSE,NAVKARURB,INE268H01044,Navkar Urbanstructure Ltd,2025-04-24,2025-04-24,bonus,3.0,2.0,,,,Bonus issue 3:2,NAVKARURB,INE268H01044,NAVKARURB,INE268H01036,point_in_time_symbol_history,0.4
BSE,ACUTAAS,INE00FF01025,Acutaas Chemicals Ltd,2025-04-25,2025-04-25,split,,,,10.0,5.0,Stock  Split From Rs.10/- to Rs.5/-,ACUTAAS,INE00FF01025,AMIORG,INE00FF01025,point_in_time_symbol_history,0.5
BSE,CTCL,INE931X01010,Captain Technocast Ltd,2025-04-29,2025-04-29,bonus,1.0,1.0,,,,Bonus issue 1:1,CTCL,INE931X01010,CTCL,INE931X01010,action_identity,0.5
BSE,NAUKRI,INE663F01032,Info Edge (India) Ltd,2025-05-07,2025-05-07,split,,,,10.0,2.0,Stock  Split From Rs.10/- to Rs.2/-,NAUKRI,INE663F01032,NAUKRI,INE663F01032,point_in_time_symbol_history,0.2
BSE,RAJTUBE,INE497E01020,Rajasthan Tube Manufacturing Company Ltd,2025-05-08,2025-05-08,split,,,,10.0,1.0,Stock  Split From Rs.10/- to Rs.1/-,RAJTUBE,INE497E01020,RAJTUBE,INE497E01020,action_identity,0.1
BSE,NAVKARURB,INE268H01044,Navkar Urbanstructure Ltd,2025-05-09,2025-05-09,split,,,,2.0,1.0,Stock  Split From Rs.2/- to Rs.1/-,NAVKARURB,INE268H01044,NAVKARURB,INE268H01044,point_in_time_symbol_history,0.5
BSE,SHANTAI,INE408F01024,Shantai Industries Ltd,2025-05-09,2025-05-09,split,,,,10.0,2.0,Stock  Split From Rs.10/- to Rs.2/-,SHANTAI,INE408F01024,SHANTAI,INE408F01024,action_identity,0.2
BSE,MRUTR,INE738D01029,Mrugesh Trading Ltd,2025-05-16,2025-05-16,split,,,,10.0,1.0,Stock  Split From Rs.10/- to Rs.1/-,MRUTR,INE738D01029,MRUTR,INE738D01029,action_identity,0.1
BSE,VLL,INE347L01022,Virat Leasing Ltd,2025-05-16,2025-05-16,split,,,,10.0,5.0,Stock  Split From Rs.10/- to Rs.5/-,VLL,INE347L01022,VLL,INE347L01022,action_identity,0.5
BSE,COLAB,,Colab Platforms Ltd,2025-05-21,2025-05-21,split,,,,2.0,1.0,Stock  Split From Rs.2/- to Rs.1/-,COLAB,,COLAB,,action_identity,0.5
BSE,UEL,INE899L01030,Ujaas Energy Ltd,2025-05-30,2025-05-30,bonus,17.0,25.0,,,,Bonus issue 17:25,UEL,INE899L01030,UEL,INE899L01030,point_in_time_symbol_history,0.5952380952380952
BSE,COFORGE,INE591G01025,Coforge Ltd,2025-06-04,2025-06-04,split,,,,10.0,2.0,Stock  Split From Rs.10/- to Rs.2/-,COFORGE,INE591G01025,COFORGE,INE591G01025,point_in_time_symbol_history,0.2
BSE,SAHLIBHFI,INE861D01011,Shalibhadra Finance Ltd,2025-06-04,2025-06-04,bonus,3.0,1.0,,,,Bonus issue 3:1,SAHLIBHFI,INE861D01011,SAHLIBHFI,INE861D01011,action_identity,0.25
BSE,SHILCTECH,INE024F01011,Shilchar Technologies Ltd,2025-06-06,2025-06-06,bonus,1.0,2.0,,,,Bonus issue 1:2,SHILCTECH,INE024F01011,SHILCTECH,INE024F01011,point_in_time_symbol_history,0.6666666666666666
BSE,VESUVIUS,INE386A01023,Vesuvius India Ltd,2025-06-10,2025-06-10,split,,,,10.0,1.0,Stock  Split From Rs.10/- to Rs.1/-,VESUVIUS,INE386A01023,VESUVIUS,INE386A01023,point_in_time_symbol_history,0.1
BSE,MURAE,,Murae Organisor Ltd,2025-06-11,2025-06-11,split,,,,2.0,1.0,Stock  Split From Rs.2/- to Rs.1/-,MURAE,,MURAE,INE060601031,point_in_time_symbol_history,0.5
BSE,VTMLTD,INE222F01029,VTM Ltd,2025-06-11,2025-06-11,bonus,3.0,2.0,,,,Bonus issue 3:2,VTMLTD,INE222F01029,VTMLTD,INE222F01029,action_identity,0.4
BSE,VIMTALABS,INE579C01029,Vimta Labs Ltd,2025-06-13,2025-06-13,bonus,1.0,1.0,,,,Bonus issue 1:1,VIMTALABS,INE579C01029,VIMTALABS,INE579C01029,point_in_time_symbol_history,0.5
BSE,BAJFINANCE,INE296A01032,Bajaj Finance Ltd,2025-06-16,2025-06-16,bonus,4.0,1.0,,,,Bonus issue 4:1,BAJFINANCE,INE296A01032,BAJFINANCE,INE296A01032,point_in_time_symbol_history,0.2
BSE,BAJFINANCE,INE296A01032,Bajaj Finance Ltd,2025-06-16,2025-06-16,split,,,,2.0,1.0,Stock  Split From Rs.2/- to Rs.1/-,BAJFINANCE,INE296A01032,BAJFINANCE,INE296A01032,point_in_time_symbol_history,0.5
BSE,AJCON,INE759C01027,Ajcon Global Services Ltd,2025-06-20,2025-06-20,split,,,,10.0,1.0,Stock  Split From Rs.10/- to Rs.1/-,AJCON,INE759C01027,AJCON,INE759C01027,action_identity,0.1
BSE,VMART,INE665J01013,V-Mart Retail Ltd,2025-06-23,2025-06-23,bonus,3.0,1.0,,,,Bonus issue 3:1,VMART,INE665J01013,VMART,INE665J01013,point_in_time_symbol_history,0.25
BSE,LADDU,INE546I01025,Laddu Gopal Online Services Ltd,2025-06-24,2025-06-24,split,,,,10.0,2.0,Stock  Split From Rs.10/- to Rs.2/-,LADDU,INE546I01025,LADDU,INE546I01025,action_identity,0.2
BSE,ELITECON,INE669R01026,Elitecon International Ltd,2025-06-25,2025-06-25,split,,,,10.0,1.0,Stock  Split From Rs.10/- to Rs.1/-,ELITECON,INE669R01026,ELITECON,INE669R01026,action_identity,0.1
BSE,INVPRECQ,INE155E01016,Investment & Precision Castings Ltd,2025-06-27,2025-06-27,bonus,1.0,1.0,,,,Bonus issue 1:1,INVPRECQ,INE155E01016,INVPRECQ,INE155E01016,action_identity,0.5
BSE,PADAMCO,INE448D01025,Padam Cotton Yarns Ltd,2025-06-27,2025-06-27,split,,,,10.0,1.0,Stock  Split From Rs.10/- to Rs.1/-,PADAMCO,INE448D01025,PADAMCO,INE448D01025,action_identity,0.1
BSE,CONCOR,INE111A01025,Container Corporation of India Ltd,2025-07-04,2025-07-04,bonus,1.0,4.0,,,,Bonus issue 1:4,CONCOR,INE111A01025,CONCOR,INE111A01025,point_in_time_symbol_history,0.8
BSE,PARAS,INE045601023,Paras Defence and Space Technologies Ltd,2025-07-04,2025-07-04,split,,,,10.0,5.0,Stock  Split From Rs.10/- to Rs.5/-,PARAS,INE045601023,PARAS,INE045601023,point_in_time_symbol_history,0.5
BSE,SHARDAMOTR,INE597I01028,Sharda Motor Industries Ltd,2025-07-04,2025-07-04,bonus,1.0,1.0,,,,Bonus issue 1:1,SHARDAMOTR,INE597I01028,SHARDAMOTR,INE597I01028,point_in_time_symbol_history,0.5
BSE,MIIL,INE898Q01015,Meghna Infracon Infrastructure Ltd,2025-07-08,2025-07-08,bonus,1.0,1.0,,,,Bonus issue 1:1,MIIL,INE898Q01015,MIIL,INE898Q01015,point_in_time_symbol_history,0.5
BSE,ALKOSIGN,INE0KA601012,Alkosign Ltd,2025-07-11,2025-07-11,bonus,1.0,2.0,,,,Bonus issue 1:2,ALKOSIGN,INE0KA601012,ALKOSIGN,INE0KA601012,action_identity,0.6666666666666666
BSE,DYCL,INE600Y01019,Dynamic Cables Ltd,2025-07-11,2025-07-11,bonus,1.0,1.0,,,,Bonus issue 1:1,DYCL,INE600Y01019,DYCL,INE600Y01019,point_in_time_symbol_history,0.5
BSE,RIR,INE302D01024,RIR Power Electronics Ltd,2025-07-11,2025-07-11,bonus,1.0,1.0,,,,Bonus issue 1:1,RIR,INE302D01024,RIR,INE302D01016,point_in_time_symbol_history,0.5
BSE,ROTO,INE535D01037,Roto Pumps Ltd,2025-07-11,2025-07-11,bonus,2.0,1.0,,,,Bonus issue 2:1,ROTO,INE535D01037,ROTO,INE535D01037,point_in_time_symbol_history,0.3333333333333333
BSE,ANUHPHR,INE489G01022,Anuh Pharma Ltd,2025-07-15,2025-07-15,bonus,1.0,1.0,,,,Bonus issue 1:1,ANUHPHR,INE489G01022,ANUHPHR,INE489G01022,point_in_time_symbol_history,0.5
BSE,ASHOKLEY,INE208A01029,Ashok Leyland Ltd,2025-07-16,2025-07-16,bonus,1.0,1.0,,,,Bonus issue 1:1,ASHOKLEY,INE208A01029,ASHOKLEY,INE208A01029,point_in_time_symbol_history,0.5
BSE,BRIGHT,INE0OMI01019,Bright Outdoor Media Ltd,2025-07-18,2025-07-18,bonus,1.0,2.0,,,,Bonus issue 1:2,BRIGHT,INE0OMI01019,BRIGHT,INE0OMI01019,action_identity,0.6666666666666666
BSE,IFGLEXPOR,INE133Y01011,IFGL Refractories Ltd,2025-07-18,2025-07-18,bonus,1.0,1.0,,,,Bonus issue 1:1,IFGLEXPOR,INE133Y01011,IFGLEXPOR,INE133Y01011,point_in_time_symbol_history,0.5
BSE,INDOTHAI,INE337M01021,Indo Thai Securities Ltd,2025-07-18,2025-07-18,split,,,,10.0,1.0,Stock  Split From Rs.10/- to Rs.1/-,INDOTHAI,INE337M01021,INDOTHAI,INE337M01021,point_in_time_symbol_history,0.1
BSE,MOTHERSON,INE775A01035,Samvardhana Motherson International Ltd,2025-07-18,2025-07-18,bonus,1.0,2.0,,,,Bonus issue 1:2,MOTHERSON,INE775A01035,MOTHERSON,INE775A01035,point_in_time_symbol_history,0.6666666666666666
BSE,MSUMI,INE0FS801015,Motherson Sumi Wiring India Ltd,2025-07-18,2025-07-18,bonus,1.0,2.0,,,,Bonus issue 1:2,MSUMI,INE0FS801015,MSUMI,INE0FS801015,point_in_time_symbol_history,0.6666666666666666
BSE,FOCUS,INE0DXR01010,Focus Business Solution Ltd,2025-07-21,2025-07-21,bonus,29.0,50.0,,,,Bonus issue 29:50,FOCUS,INE0DXR01010,FOCUS,INE0DXR01010,action_identity,0.6329113924050633
BSE,KELLTONTEC,INE164B01030,Kellton Tech Solutions Ltd,2025-07-25,2025-07-25,split,,,,5.0,1.0,Stock  Split From Rs.5/- to Rs.1/-,KELLTONTEC,INE164B01030,KELLTONTEC,INE164B01030,point_in_time_symbol_history,0.2
BSE,RIR,INE302D01024,RIR Power Electronics Ltd,2025-07-25,2025-07-25,split,,,,10.0,2.0,Stock  Split From Rs.10/- to Rs.2/-,RIR,INE302D01024,RIR,INE302D01024,point_in_time_symbol_history,0.2
BSE,SHINEFASH,INE0BLY01023,Shine Fashions (India) Ltd,2025-07-25,2025-07-25,bonus,7.0,1.0,,,,Bonus issue 7:1,SHINEFASH,INE0BLY01023,SHINEFASH,INE0BLY01023,action_identity,0.125
BSE,GTV,INE910R01024,GTV Engineering Ltd,2025-07-28,2025-07-28,bonus,2.0,1.0,,,,Bonus issue 2:1,GTV,INE910R01024,GTV,INE910R01024,action_identity,0.3333333333333333
BSE,GTV,INE910R01024,GTV Engineering Ltd,2025-07-28,2025-07-28,split,,,,10.0,2.0,Stock  Split From Rs.10/- to Rs.2/-,GTV,INE910R01024,GTV,INE910R01024,action_identity,0.2
BSE,JONJUA,INE793Z01027,Jonjua Overseas Ltd,2025-07-28,2025-07-28,bonus,1.0,20.0,,,,Bonus issue 1:20,JONJUA,INE793Z01027,JONJUA,INE793Z01027,action_identity,0.9523809523809523
BSE,ABATEAS,INE454E01013,Abate As Industries Ltd,2025-07-31,2025-07-31,bonus,1.0,1.0,,,,Bonus issue 1:1,ABATEAS,INE454E01013,ABATEAS,INE454E01013,action_identity,0.5
BSE,MURAE,,Murae Organisor Ltd,2025-08-07,2025-08-07,bonus,1.0,10.0,,,,Bonus issue 1:10,MURAE,,MURAE,INE060601031,point_in_time_symbol_history,0.9090909090909091
BSE,NESTLEIND,INE239A01024,Nestle India Ltd,2025-08-08,2025-08-08,bonus,1.0,1.0,,,,Bonus issue 1:1,NESTLEIND,INE239A01024,NESTLEIND,INE239A01024,point_in_time_symbol_history,0.5
BSE,INDIAGLYCO,INE560A01023,India Glycols Ltd,2025-08-12,2025-08-12,split,,,,10.0,5.0,Stock  Split From Rs.10/- to Rs.5/-,INDIAGLYCO,INE560A01023,INDIAGLYCO,INE560A01023,point_in_time_symbol_history,0.5
BSE,SPRAYKING,INE537U01037,Sprayking Ltd,2025-08-12,2025-08-12,split,,,,2.0,1.0,Stock  Split From Rs.2/- to Rs.1/-,SPRAYKING,INE537U01037,SPRAYKING,INE537U01037,point_in_time_symbol_history,0.5
BSE,VRLLOG,INE366I01010,VRL Logistics Ltd,2025-08-14,2025-08-14,bonus,1.0,1.0,,,,Bonus issue 1:1,VRLLOG,INE366I01010,VRLLOG,INE366I01010,point_in_time_symbol_history,0.5
BSE,ALGOQUANT,INE598D01035,Algoquant Fintech Ltd,2025-08-18,2025-08-18,bonus,8.0,1.0,,,,Bonus issue 8:1,ALGOQUANT,INE598D01035,ALGOQUANT,INE598D01035,action_identity,0.1111111111111111
BSE,ALGOQUANT,INE598D01035,Algoquant Fintech Ltd,2025-08-18,2025-08-18,split,,,,2.0,1.0,Stock  Split From Rs.2/- to Rs.1/-,ALGOQUANT,INE598D01035,ALGOQUANT,INE598D01035,action_identity,0.5
BSE,CHANDRIMA,INE371F01024,Chandrima Mercantiles Ltd,2025-08-20,2025-08-20,split,,,,10.0,1.0,Stock  Split From Rs.10/- to Rs.1/-,CHANDRIMA,INE371F01024,CHANDRIMA,INE371F01024,action_identity,0.1
BSE,DEVIT,INE060X01034,Dev Information Technology Ltd,2025-08-21,2025-08-21,split,,,,5.0,2.0,Stock  Split From Rs.5/- to Rs.2/-,DEVIT,INE060X01034,DEVIT,INE060X01034,point_in_time_symbol_history,0.4
BSE,BEMHY,INE142E01022,Bemco Hydraulics Ltd,2025-08-22,2025-08-22,bonus,1.0,1.0,,,,Bonus issue 1:1,BEMHY,INE142E01022,BEMHY,INE142E01022,action_identity,0.5
BSE,BEMHY,INE142E01022,Bemco Hydraulics Ltd,2025-08-22,2025-08-22,split,,,,10.0,1.0,Stock  Split From Rs.10/- to Rs.1/-,BEMHY,INE142E01022,BEMHY,INE142E01022,action_identity,0.1
BSE,KRETTOSYS,INE128R01023,Kretto Syscon Ltd,2025-08-25,2025-08-25,bonus,2.0,25.0,,,,Bonus issue 2:25,KRETTOSYS,INE128R01023,KRETTOSYS,INE128R01023,action_identity,0.9259259259259259
BSE,HDFCBANK,INE040A01034,HDFC Bank Ltd,2025-08-26,2025-08-27,bonus,1.0,1.0,,,,Bonus issue 1:1,HDFCBANK,INE040A01034,HDFCBANK,INE040A01034,point_in_time_symbol_history,0.5
BSE,KARURVYSYA,INE036D01028,Karur Vysya Bank Ltd,2025-08-26,2025-08-26,bonus,1.0,5.0,,,,Bonus issue 1:5,KARURVYSYA,INE036D01028,KARURVYSYA,INE036D01028,point_in_time_symbol_history,0.8333333333333334
BSE,DMR,INE07L501010,DMR Engineering Ltd,2025-08-28,2025-08-28,bonus,8.0,5.0,,,,Bonus issue 8:5,DMR,INE07L501010,DMR,INE07L501010,action_identity,0.38461538461538464
BSE,STEELCAS,INE124E01038,Steelcast Ltd,2025-08-29,2025-08-29,split,,,,5.0,1.0,Stock  Split From Rs.5/- to Rs.1/-,STEELCAS,INE124E01038,STEELCAS,INE124E01038,point_in_time_symbol_history,0.2
BSE,PAVNAIND,INE07S101038,Pavna Industries Ltd,2025-09-01,2025-09-01,split,,,,10.0,1.0,Stock  Split From Rs.10/- to Rs.1/-,PAVNAIND,INE07S101038,PAVNAIND,INE07S101038,point_in_time_symbol_history,0.1
BSE,BLUEGOD,INE924N01024,Bluegod Entertainment Ltd,2025-09-02,2025-09-02,split,,,,10.0,1.0,Stock  Split From Rs.10/- to Rs.1/-,BLUEGOD,INE924N01024,BLUEGOD,INE924N01024,action_identity,0.1
BSE,HALDER,INE115S01010,Halder Venture Ltd,2025-09-02,2025-09-02,bonus,2.0,1.0,,,,Bonus issue 2:1,HALDER,INE115S01010,HALDER,INE115S01010,action_identity,0.3333333333333333
BSE,HAMPS,INE0QBD01018,Hamps Bio Ltd,2025-09-08,2025-09-09,bonus,1.0,1.0,,,,Bonus issue 1:1,HAMPS,INE0QBD01018,HAMPS,INE0QBD01018,action_identity,0.5
BSE,TITANIN,INE807M01031,Titan Intech Ltd,2025-09-08,2025-09-09,split,,,,10.0,1.0,Stock  Split From Rs.10/- to Rs.1/-,TITANIN,INE807M01031,TITANIN,INE807M01031,action_identity,0.1
BSE,PATANJALI,INE619A01035,Patanjali Foods Ltd,2025-09-11,2025-09-11,bonus,2.0,1.0,,,,Bonus issue 2:1,PATANJALI,INE619A01035,PATANJALI,INE619A01035,point_in_time_symbol_history,0.3333333333333333
BSE,FISCHER,INE771F01041,Fischer Medical Ventures Ltd,2025-09-12,2025-09-12,split,,,,10.0,1.0,Stock  Split From Rs.10/- to Rs.1/-,FISCHER,INE771F01041,FISCHER,INE771F01041,point_in_time_symbol_history,0.1
BSE,REGIS,INE745R01024,Regis Industries Ltd,2025-09-12,2025-09-12,bonus,1.0,2.0,,,,Bonus issue 1:2,REGIS,INE745R01024,REGIS,INE745R01024,action_identity,0.6666666666666666
BSE,STELLANT,INE395F01023,Stellant Securities (India) Ltd,2025-09-12,2025-09-12,bonus,4.0,1.0,,,,Bonus issue 4:1,STELLANT,INE395F01023,STELLANT,INE395F01023,action_identity,0.2
BSE,GHVINFRA,INE809Q01020,GHV Infra Projects Ltd,2025-09-16,2025-09-16,bonus,3.0,2.0,,,,Bonus issue 3:2,GHVINFRA,INE809Q01020,GHVINFRA,INE809Q01020,action_identity,0.4
BSE,GHVINFRA,INE809Q01020,GHV Infra Projects Ltd,2025-09-16,2025-09-16,split,,,,10.0,5.0,Stock  Split From Rs.10/- to Rs.5/-,GHVINFRA,INE809Q01020,GHVINFRA,INE809Q01020,action_identity,0.5
BSE,GODFRYPHLP,INE260B01028,Godfrey Phillips India Ltd,2025-09-16,2025-09-16,bonus,2.0,1.0,,,,Bonus issue 2:1,GODFRYPHLP,INE260B01028,GODFRYPHLP,INE260B01028,point_in_time_symbol_history,0.3333333333333333
BSE,KESARENT,INE133B01027,Kesar Enterprises Ltd,2025-09-18,2025-09-18,split,,,,10.0,1.0,Stock  Split From Rs.10/- to Rs.1/-,KESARENT,INE133B01027,KESARENT,INE133B01027,action_identity,0.1
BSE,ZYDUSWELL,INE768C01028,Zydus Wellness Ltd,2025-09-18,2025-09-18,split,,,,10.0,2.0,Stock  Split From Rs.10/- to Rs.2/-,ZYDUSWELL,INE768C01028,ZYDUSWELL,INE768C01028,point_in_time_symbol_history,0.2
BSE,TFCILTD,INE305A01023,Tourism Finance Corporation of India Ltd,2025-09-19,2025-09-19,split,,,,10.0,2.0,Stock  Split From Rs.10/- to Rs.2/-,TFCILTD,INE305A01023,TFCILTD,INE305A01023,point_in_time_symbol_history,0.2
BSE,ADANIPOWER,INE814H01029,Adani Power Ltd,2025-09-22,2025-09-22,split,,,,10.0,2.0,Stock  Split From Rs.10/- to Rs.2/-,ADANIPOWER,INE814H01029,ADANIPOWER,INE814H01029,point_in_time_symbol_history,0.2
BSE,SANDUMA,INE149K01016,Sandur Manganese & Iron Ores Ltd,2025-09-22,2025-09-22,bonus,2.0,1.0,,,,Bonus issue 2:1,SANDUMA,INE149K01016,SANDUMA,INE149K01016,point_in_time_symbol_history,0.3333333333333333
BSE,PIDILITIND,INE318A01026,Pidilite Industries Ltd,2025-09-23,2025-09-23,bonus,1.0,1.0,,,,Bonus issue 1:1,PIDILITIND,INE318A01026,PIDILITIND,INE318A01026,point_in_time_symbol_history,0.5
BSE,TIMETECHNO,INE508G01029,Time Technoplast Ltd,2025-09-23,2025-09-23,bonus,1.0,1.0,,,,Bonus issue 1:1,TIMETECHNO,INE508G01029,TIMETECHNO,INE508G01029,point_in_time_symbol_history,0.5
BSE,CHANDRAP,INE368D01025,Chandra Prabhu International Ltd,2025-09-26,2025-09-26,bonus,1.0,2.0,,,,Bonus issue 1:2,CHANDRAP,INE368D01025,CHANDRAP,INE368D01025,action_identity,0.6666666666666666
BSE,NAZARA,INE418L01047,Nazara Technologies Ltd,2025-09-26,2025-09-26,split,,,,4.0,2.0,Stock  Split From Rs.4/- to Rs.2/-,NAZARA,INE418L01047,NAZARA,INE418L01047,point_in_time_symbol_history,0.5
BSE,NAZARA,INE418L01047,Nazara Technologies Ltd,2025-09-26,2025-09-26,bonus,1.0,1.0,,,,Bonus issue 1:1,NAZARA,INE418L01047,NAZARA,INE418L01047,point_in_time_symbol_history,0.5
BSE,PVVINFRA,INE428B01021,PVV Infra Ltd,2025-09-26,2025-09-26,split,,,,10.0,5.0,Stock  Split From Rs.10/- to Rs.5/-,PVVINFRA,INE428B01021,PVVINFRA,INE428B01021,action_identity,0.5
BSE,RMDRIP,INE219Y01026,R M Drip and Sprinklers Systems Ltd,2025-09-26,2025-09-26,split,,,,10.0,1.0,Stock  Split From Rs.10/- to Rs.1/-,RMDRIP,INE219Y01026,RMDRIP,INE219Y01026,point_in_time_symbol_history,0.1
BSE,GEE,INE064H01021,GEE Ltd,2025-10-03,2025-10-03,bonus,1.0,1.0,,,,Bonus issue 1:1,GEE,INE064H01021,GEE,INE064H01021,action_identity,0.5
BSE,PAUSHAKLTD,INE111F01024,Paushak Ltd,2025-10-03,2025-10-03,bonus,3.0,1.0,,,,Bonus issue 3:1,PAUSHAKLTD,INE111F01024,PAUSHAKLTD,INE111F01024,point_in_time_symbol_history,0.25
BSE,PAUSHAKLTD,INE111F01024,Paushak Ltd,2025-10-03,2025-10-03,split,,,,10.0,5.0,Stock  Split From Rs.10/- to Rs.5/-,PAUSHAKLTD,INE111F01024,PAUSHAKLTD,INE111F01024,point_in_time_symbol_history,0.5
BSE,SHILPAMED,INE790G01031,Shilpa Medicare Ltd,2025-10-03,2025-10-03,bonus,1.0,1.0,,,,Bonus issue 1:1,SHILPAMED,INE790G01031,SHILPAMED,INE790G01031,point_in_time_symbol_history,0.5
BSE,SUMEETINDS,INE235C01036,Sumeet Industries Ltd,2025-10-03,2025-10-03,split,,,,10.0,2.0,Stock  Split From Rs.10/- to Rs.2/-,SUMEETINDS,INE235C01036,SUMEETINDS,INE235C01036,point_in_time_symbol_history,0.2
BSE,JULIEN,INE890N01027,Julien Agro Infratech Ltd,2025-10-06,2025-10-06,bonus,1.0,1.0,,,,Bonus issue 1:1,JULIEN,INE890N01027,JULIEN,INE890N01027,action_identity,0.5
BSE,SIGMA,INE0A0S01028,Sigma Solve Ltd,2025-10-06,2025-10-06,split,,,,10.0,1.0,Stock  Split From Rs.10/- to Rs.1/-,SIGMA,INE0A0S01028,SIGMA,INE0A0S01028,point_in_time_symbol_history,0.1
BSE,SAYAJIIND,INE327G01032,Sayaji Industries Ltd,2025-10-07,2025-10-07,bonus,3.0,1.0,,,,Bonus issue 3:1,SAYAJIIND,INE327G01032,SAYAJIIND,INE327G01032,action_identity,0.25
BSE,CHANDRIMA,INE371F01024,Chandrima Mercantiles Ltd,2025-10-09,2025-10-09,bonus,1.0,2.0,,,,Bonus issue 1:2,CHANDRIMA,INE371F01024,CHANDRIMA,INE371F01024,action_identity,0.6666666666666666
BSE,AGIIL,INE976R01033,AGI Infra Ltd,2025-10-10,2025-10-10,split,,,,5.0,1.0,Stock  Split From Rs.5/- to Rs.1/-,AGIIL,INE976R01033,AGIIL,INE976R01033,point_in_time_symbol_history,0.2
BSE,HARSHILAGR,INE098E01026,Harshil Agrotech Ltd,2025-10-10,2025-10-10,bonus,10.0,32.0,,,,Bonus issue 10:32,HARSHILAGR,INE098E01026,HARSHILAGR,INE098E01026,action_identity,0.7619047619047619
BSE,NARMP,INE060D01028,Narmada Macplast Drip Irrigation Systems Ltd,2025-10-10,2025-10-10,bonus,1.0,1.0,,,,Bonus issue 1:1,NARMP,INE060D01028,NARMP,INE060D01028,action_identity,0.5
BSE,PURITY,INE898O01010,Purity Flexpack Ltd,2025-10-10,2025-10-10,bonus,2.0,1.0,,,,Bonus issue 2:1,PURITY,INE898O01010,PURITY,INE898O01010,action_identity,0.3333333333333333
BSE,UEL,INE899L01030,Ujaas Energy Ltd,2025-10-10,2025-10-10,bonus,2.0,1.0,,,,Bonus issue 2:1,UEL,INE899L01030,UEL,INE899L01030,point_in_time_symbol_history,0.3333333333333333
BSE,VALIANT,INE760B01019,Valiant Communications Ltd,2025-10-10,2025-10-10,bonus,1.0,2.0,,,,Bonus issue 1:2,VALIANT,INE760B01019,VALIANT,INE760B01019,action_identity,0.6666666666666666
BSE,GOKULAGRO,INE314T01033,Gokul Agro Resources Ltd,2025-10-14,2025-10-14,split,,,,2.0,1.0,Stock  Split From Rs.2/- to Rs.1/-,GOKULAGRO,INE314T01033,GOKULAGRO,INE314T01033,point_in_time_symbol_history,0.5
BSE,TATAINVEST,INE672A01026,Tata Investment Corporation Ltd,2025-10-14,2025-10-14,split,,,,10.0,1.0,Stock  Split From Rs.10/- to Rs.1/-,TATAINVEST,INE672A01026,TATAINVEST,INE672A01026,point_in_time_symbol_history,0.1
BSE,CNCRD,INE0N0J01014,Concord Control Systems Ltd,2025-10-16,2025-10-16,bonus,3.0,5.0,,,,Bonus issue 3:5,CNCRD,INE0N0J01014,CNCRD,INE0N0J01014,action_identity,0.625
BSE,WELCURE,INE331C01025,Welcure Drugs & Pharmaceuticals Ltd,2025-10-16,2025-10-16,bonus,1.0,10.0,,,,Bonus issue 1:10,WELCURE,INE331C01025,WELCURE,INE331C01025,action_identity,0.9090909090909091
BSE,WELCURE,INE331C01025,Welcure Drugs & Pharmaceuticals Ltd,2025-10-16,2025-10-16,split,,,,10.0,1.0,Stock  Split From Rs.10/- to Rs.1/-,WELCURE,INE331C01025,WELCURE,INE331C01025,action_identity,0.1
BSE,ABINFRA,INE00YB01025,A B Infrabuild Ltd,2025-10-17,2025-10-17,split,,,,10.0,1.0,Stock  Split From Rs.10/- to Rs.1/-,ABINFRA,INE00YB01025,ABINFRA,INE00YB01025,point_in_time_symbol_history,0.1
BSE,BELDING,INE363L01045,Belding India Ltd,2025-10-17,2025-10-17,split,,,,,,Consolidation of Shares,BELDING,INE363L01045,BELDING,INE363L01045,action_identity,1.0
BSE,NARMP,INE060D01028,Narmada Macplast Drip Irrigation Systems Ltd,2025-10-17,2025-10-18,split,,,,10.0,2.0,Stock  Split From Rs.10/- to Rs.2/-,NARMP,INE060D01028,NARMP,INE060D01028,action_identity,0.2
BSE,ROLEXRINGS,INE645S01024,Rolex Rings Ltd,2025-10-17,2025-10-17,split,,,,10.0,1.0,Stock  Split From Rs.10/- to Rs.1/-,ROLEXRINGS,INE645S01024,ROLEXRINGS,INE645S01024,point_in_time_symbol_history,0.1
BSE,SUNRAKSHAK,INE671K01027,Sunrakshakk Industries India Ltd,2025-10-17,2025-10-17,split,,,,10.0,2.0,Stock  Split From Rs.10/- to Rs.2/-,SUNRAKSHAK,INE671K01027,SUNRAKSHAK,INE671K01027,action_identity,0.2
BSE,KSE,INE953E01022,KSE Ltd,2025-10-28,2025-10-28,split,,,,10.0,1.0,Stock  Split From Rs.10/- to Rs.1/-,KSE,INE953E01022,KSE,INE953E01022,action_identity,0.1
BSE,FCL,INE045J01034,Fineotex Chemical Ltd,2025-10-31,2025-10-31,split,,,,2.0,1.0,Stock  Split From Rs.2/- to Rs.1/-,FCL,INE045J01034,FCL,INE045J01034,point_in_time_symbol_history,0.5
BSE,FCL,INE045J01034,Fineotex Chemical Ltd,2025-10-31,2025-10-31,bonus,4.0,1.0,,,,Bonus issue 4:1,FCL,INE045J01034,FCL,INE045J01034,point_in_time_symbol_history,0.2
BSE,BEML,INE258A01024,BEML Ltd,2025-11-03,2025-11-03,split,,,,10.0,5.0,Stock  Split From Rs.10/- to Rs.5/-,BEML,INE258A01024,BEML,INE258A01024,point_in_time_symbol_history,0.5
BSE,SAMPRE,INE375C01022,Sampre Nutritions Ltd,2025-11-14,2025-11-14,bonus,1.0,1.0,,,,Bonus issue 1:1,SAMPRE,INE375C01022,SAMPRE,INE375C01022,action_identity,0.5
BSE,SAMPRE,INE375C01022,Sampre Nutritions Ltd,2025-11-14,2025-11-14,split,,,,10.0,5.0,Stock  Split From Rs.10/- to Rs.5/-,SAMPRE,INE375C01022,SAMPRE,INE375C01022,action_identity,0.5
BSE,SMCGLOBAL,INE103C01036,SMC Global Securities Ltd,2025-11-14,2025-11-14,bonus,1.0,1.0,,,,Bonus issue 1:1,SMCGLOBAL,INE103C01036,SMCGLOBAL,INE103C01036,point_in_time_symbol_history,0.5
BSE,WEBELSOLAR,INE855C01023,Websol Energy System Ltd,2025-11-14,2025-11-14,split,,,,10.0,1.0,Stock  Split From Rs.10/- to Rs.1/-,WEBELSOLAR,INE855C01023,WEBELSOLAR,INE855C01023,point_in_time_symbol_history,0.1
BSE,AUTOINT,INE340U01010,Autoriders International Ltd,2025-11-18,2025-11-18,bonus,5.0,1.0,,,,Bonus issue 5:1,AUTOINT,INE340U01010,AUTOINT,INE340U01010,action_identity,0.16666666666666666
BSE,SEALMATIC,INE0O4601016,Sealmatic India Ltd,2025-11-21,2025-11-21,bonus,2.0,10.0,,,,Bonus issue 2:10,SEALMATIC,INE0O4601016,SEALMATIC,INE0O4601016,action_identity,0.8333333333333334
BSE,HDFCAMC,INE127D01025,HDFC Asset Management Company Ltd,2025-11-26,2025-11-26,bonus,1.0,1.0,,,,Bonus issue 1:1,HDFCAMC,INE127D01025,HDFCAMC,INE127D01025,point_in_time_symbol_history,0.5
BSE,THYROCARE,INE594H01019,Thyrocare Technologies Ltd,2025-11-28,2025-11-28,bonus,2.0,1.0,,,,Bonus issue 2:1,THYROCARE,INE594H01019,THYROCARE,INE594H01019,point_in_time_symbol_history,0.3333333333333333
BSE,UNISON,INE099D01026,Unison Metals Ltd,2025-11-28,2025-11-28,split,,,,10.0,1.0,Stock  Split From Rs.10/- to Rs.1/-,UNISON,INE099D01026,UNISON,INE099D01026,action_identity,0.1
BSE,MINID,INE281E01028,Mini Diamonds India Ltd,2025-12-02,2025-12-02,split,,,,10.0,2.0,Stock  Split From Rs.10/- to Rs.2/-,MINID,INE281E01028,MINID,INE281E01028,action_identity,0.2
BSE,APIS,INE070K01014,Apis India Ltd,2025-12-05,2025-12-05,bonus,24.0,1.0,,,,Bonus issue 24:1,APIS,INE070K01014,APIS,INE070K01014,action_identity,0.04
BSE,CAMS,INE596I01020,Computer Age Management Services Ltd,2025-12-05,2025-12-05,split,,,,10.0,2.0,Stock  Split From Rs.10/- to Rs.2/-,CAMS,INE596I01020,CAMS,INE596I01012,point_in_time_symbol_history,0.2
BSE,PANORAMA,INE258R01028,Panorama Studios International Ltd,2025-12-05,2025-12-05,bonus,5.0,2.0,,,,Bonus issue 5:2,PANORAMA,INE258R01028,PANORAMA,INE258R01028,point_in_time_symbol_history,0.2857142857142857
BSE,BECTORFOOD,INE495P01020,Mrs. Bectors Food Specialities Ltd,2025-12-12,2025-12-12,split,,,,10.0,2.0,Stock  Split From Rs.10/- to Rs.2/-,BECTORFOOD,INE495P01020,BECTORFOOD,INE495P01020,point_in_time_symbol_history,0.2
BSE,BHARATRAS,INE838B01021,Bharat Rasayan Ltd,2025-12-12,2025-12-12,split,,,,10.0,5.0,Stock  Split From Rs.10/- to Rs.5/-,BHARATRAS,INE838B01021,BHARATRAS,INE838B01021,point_in_time_symbol_history,0.5
BSE,BHARATRAS,INE838B01021,Bharat Rasayan Ltd,2025-12-12,2025-12-12,bonus,1.0,1.0,,,,Bonus issue 1:1,BHARATRAS,INE838B01021,BHARATRAS,INE838B01021,point_in_time_symbol_history,0.5
BSE,MONEYBOXX,INE296Q01012,Moneyboxx Finance Ltd,2025-12-15,2025-12-15,bonus,1.0,1.0,,,,Bonus issue 1:1,MONEYBOXX,INE296Q01012,MONEYBOXX,INE296Q01012,point_in_time_symbol_history,0.5
BSE,SYLPH,INE706F01021,Sylph Industries Ltd,2025-12-17,2025-12-17,bonus,5.0,11.0,,,,Bonus issue 5:11,SYLPH,INE706F01021,SYLPH,INE706F01021,action_identity,0.6875
BSE,LALPATHLAB,INE600L01024,Dr. Lal PathLabs Ltd,2025-12-19,2025-12-19,bonus,1.0,1.0,,,,Bonus issue 1:1,LALPATHLAB,INE600L01024,LALPATHLAB,INE600L01024,point_in_time_symbol_history,0.5
BSE,SPACEINCUBA,INE797Z01028,Space Incubatrics Technologies Ltd,2025-12-19,2025-12-19,split,,,,10.0,1.0,Stock  Split From Rs.10/- to Rs.1/-,SPACEINCUBA,INE797Z01028,SPACEINCUBA,INE797Z01028,action_identity,0.1
BSE,UCIL,INE926R01012,Unifinz Capital India Ltd,2025-12-19,2025-12-19,bonus,4.0,1.0,,,,Bonus issue 4:1,UCIL,INE926R01012,UCIL,INE926R01012,action_identity,0.2
BSE,KMEW,INE0CJD01029,Knowledge Marine & Engineering Works Ltd,2025-12-22,2025-12-22,split,,,,10.0,5.0,Stock  Split From Rs.10/- to Rs.5/-,KMEW,INE0CJD01029,KMEW,INE0CJD01029,point_in_time_symbol_history,0.5
BSE,GRMOVER,INE192H01020,GRM Overseas Ltd,2025-12-24,2025-12-24,bonus,2.0,1.0,,,,Bonus issue 2:1,GRMOVER,INE192H01020,GRMOVER,INE192H01020,point_in_time_symbol_history,0.3333333333333333
BSE,NUVAMA,INE531F01023,Nuvama Wealth Management Ltd,2025-12-26,2025-12-26,split,,,,10.0,2.0,Stock  Split From Rs.10/- to Rs.2/-,NUVAMA,INE531F01023,NUVAMA,INE531F01023,point_in_time_symbol_history,0.2
BSE,RAMRAT,INE207E01023,Ram Ratna Wires Ltd,2025-12-26,2025-12-26,bonus,1.0,1.0,,,,Bonus issue 1:1,RAMRAT,INE207E01023,RAMRAT,INE207E01023,point_in_time_symbol_history,0.5
BSE,CASPIAN,INE176N01039,Caspian Corporate Services Ltd,2025-12-29,2025-12-29,split,,,,,,Consolidation of Shares,CASPIAN,INE176N01039,CASPIAN,INE176N01039,action_identity,1.0
BSE,A1L,INE911Z01025,A-1 Ltd,2025-12-31,2025-12-31,bonus,3.0,1.0,,,,Bonus issue 3:1,A1L,INE911Z01025,A1L,INE911Z01017,point_in_time_symbol_history,0.25
BSE,A1L,INE911Z01025,A-1 Ltd,2026-01-08,2026-01-08,split,,,,10.0,1.0,Stock  Split From Rs.10/- to Rs.1/-,A1L,INE911Z01025,A1L,INE911Z01025,point_in_time_symbol_history,0.1
BSE,AASTHA,INE2FMX01012,Aastha Spintex Ltd,2026-09-28,2026-09-28,bonus,1.0,1.0,,,,Bonus issue 1:1,AASTHA,INE2FMX01012,AASTHA,INE2FMX01012,point_in_time_symbol_history,0.5
BSE,ACCEDERE,INE578B01015,Accedere Ltd,2026-03-06,2026-03-06,bonus,1.0,10.0,,,,Bonus issue 1:10,ACCEDERE,INE578B01015,ACCEDERE,INE578B01015,action_identity,0.9090909090909091
BSE,AHCL,INE0Y8W01025,Anlon Healthcare Ltd,2026-04-24,2026-04-24,bonus,1.0,1.0,,,,Bonus issue 1:1,AHCL,INE0Y8W01025,AHCL,INE0Y8W01025,point_in_time_symbol_history,0.5
BSE,AHCL,INE0Y8W01025,Anlon Healthcare Ltd,2026-04-24,2026-04-24,split,,,,10.0,2.0,Stock  Split From Rs.10/- to Rs.2/-,AHCL,INE0Y8W01025,AHCL,INE0Y8W01025,point_in_time_symbol_history,0.2
BSE,AIIL,INE206F01022,Authum Investment & Infrastructure Ltd,2026-01-13,2026-01-13,bonus,4.0,1.0,,,,Bonus issue 4:1,AIIL,INE206F01022,AIIL,INE206F01022,point_in_time_symbol_history,0.2
BSE,AJMERA,INE298G01035,Ajmera Realty & Infra India Ltd,2026-01-14,2026-01-15,split,,,,10.0,2.0,Stock  Split From Rs.10/- to Rs.2/-,AJMERA,INE298G01035,AJMERA,INE298G01035,point_in_time_symbol_history,0.2
BSE,ANANDRATHI,INE463V01026,Anand Rathi Wealth Ltd,2026-06-03,2026-06-03,bonus,1.0,1.0,,,,Bonus issue 1:1,ANANDRATHI,INE463V01026,ANANDRATHI,INE463V01026,point_in_time_symbol_history,0.5
BSE,ANGELONE,INE732I01021,Angel One Ltd,2026-02-26,2026-02-26,split,,,,10.0,1.0,Stock  Split From Rs.10/- to Rs.1/-,ANGELONE,INE732I01021,ANGELONE,INE732I01021,point_in_time_symbol_history,0.1
BSE,ANTARIKSH,INE825M01017,Antariksh Industries Ltd,2026-01-09,2026-01-09,bonus,1.0,10.0,,,,Bonus issue 1:10,ANTARIKSH,INE825M01017,ANTARIKSH,INE825M01017,action_identity,0.9090909090909091
BSE,APPL,INE15XJ01010,Aptus Pharma Ltd,2026-05-12,2026-05-12,bonus,3.0,2.0,,,,Bonus issue 3:2,APPL,INE15XJ01010,APPL,INE15XJ01010,action_identity,0.4
BSE,AQYLON,INE416A01051,Aqylon Nexus Ltd,2026-03-05,2026-03-05,split,,,,10.0,1.0,Stock  Split From Rs.10/- to Rs.1/-,AQYLON,INE416A01051,AQYLON,INE416A01051,point_in_time_symbol_history,0.1
BSE,AUDROC,INE061B01038,Audroc Ltd,2026-05-08,2026-05-08,bonus,6.0,1.0,,,,Bonus issue 6:1,AUDROC,INE061B01038,AUDROC,INE061B01038,action_identity,0.14285714285714285
BSE,AURIQUE,INE766A01026,Aurique Ltd,2026-05-25,2026-05-25,bonus,6.0,1.0,,,,Bonus issue 6:1,AURIQUE,INE766A01026,AURIQUE,INE766A01026,action_identity,0.14285714285714285
BSE,AVAX,INE0NQ401024,Avax Apparels and Ornaments Ltd,2026-03-27,2026-03-27,split,,,,10.0,5.0,Stock  Split From Rs.10/- to Rs.5/-,AVAX,INE0NQ401024,AVAX,INE0NQ401024,action_identity,0.5
BSE,AVAX,INE0NQ401024,Avax Apparels and Ornaments Ltd,2026-04-07,2026-04-07,bonus,3.0,1.0,,,,Bonus issue 3:1,AVAX,INE0NQ401024,AVAX,INE0NQ401024,action_identity,0.25
BSE,AVROIND,INE652Z01025,Avro India Ltd,2026-05-05,2026-05-05,split,,,,10.0,1.0,Stock  Split From Rs.10/- to Rs.1/-,AVROIND,INE652Z01025,AVROIND,INE652Z01025,point_in_time_symbol_history,0.1
BSE,AXITA,INE02EZ01022,Axita Cotton Ltd,2026-02-13,2026-02-13,bonus,1.0,10.0,,,,Bonus issue 1:10,AXITA,INE02EZ01022,AXITA,INE02EZ01022,point_in_time_symbol_history,0.9090909090909091
BSE,B2BSOFT,INE151B01011,B2B Software Technologies Ltd,2026-04-02,2026-04-02,bonus,1.0,2.0,,,,Bonus issue 1:2,B2BSOFT,INE151B01011,B2BSOFT,INE151B01011,action_identity,0.6666666666666666
NSE,BANKNIFTY1,,BANKNIFTY1,2026-02-27,,split,,,,10.0,1.0,Derived from an unexplained price step; no exchange action was published: 632.17 on 2026-02-26 to 62.69 on 2026-02-27,BANKNIFTY1,,BANKNIFTY1,INF174KA1ZB7,point_in_time_symbol_history,0.1
BSE,BAZELINTER,INE217E01014,Bazel International Ltd,2026-02-18,2026-02-19,bonus,1.0,1.0,,,,Bonus issue 1:1,BAZELINTER,INE217E01014,BAZELINTER,INE217E01014,action_identity,0.5
BSE,BESTAGRO,INE052T01021,Best Agrolife Ltd,2026-01-16,2026-01-16,bonus,1.0,2.0,,,,Bonus issue 1:2,BESTAGRO,INE052T01021,BESTAGRO,INE052T01021,point_in_time_symbol_history,0.6666666666666666
BSE,BESTAGRO,INE052T01021,Best Agrolife Ltd,2026-01-16,2026-01-16,split,,,,10.0,1.0,Stock  Split From Rs.10/- to Rs.1/-,BESTAGRO,INE052T01021,BESTAGRO,INE052T01021,point_in_time_symbol_history,0.1
BSE,BIOGEN,INE703D01023,Biogen Pharmachem Industries Ltd,2026-05-15,2026-05-15,bonus,1.0,6.0,,,,Bonus issue 1:6,BIOGEN,INE703D01023,BIOGEN,INE703D01023,action_identity,0.8571428571428571
BSE,BIZOTIC,INE0OJ401014,Bizotic Commercial Ltd,2026-08-17,2026-08-17,bonus,5.0,1.0,,,,Bonus issue 5:1,BIZOTIC,INE0OJ401014,BIZOTIC,INE0OJ401014,action_identity,0.16666666666666666
BSE,BLSE,INE0NLT01010,BLS E-Services Ltd,2026-10-06,2026-10-06,split,,,,10.0,5.0,Stock  Split From Rs.10/- to Rs.5/-,BLSE,INE0NLT01010,BLSE,INE0NLT01010,action_identity,0.5
BSE,BRIGADE,INE791I01019,Brigade Enterprises Ltd,2026-06-17,2026-06-17,bonus,1.0,3.0,,,,Bonus issue 1:3,BRIGADE,INE791I01019,BRIGADE,INE791I01019,point_in_time_symbol_history,0.75
BSE,BUILDPRO,INE24OJ01011,Shankara Buildpro Ltd,2026-10-08,2026-10-08,split,,,,10.0,2.0,Stock  Split From Rs.10/- to Rs.2/-,BUILDPRO,INE24OJ01011,BUILDPRO,INE24OJ01011,action_identity,0.2
BSE,CORDELIA,INE0LZF01039,Waterways Leisure Tourism Ltd,2026-08-25,2026-08-26,split,,,,10.0,1.0,Stock  Split From Rs.10/- to Rs.1/-,CORDELIA,INE0LZF01039,CORDELIA,INE0LZF01039,point_in_time_symbol_history,0.1
BSE,CUB,INE491A01021,City Union Bank Ltd,2026-06-12,2026-06-12,bonus,1.0,3.0,,,,Bonus issue 1:3,CUB,INE491A01021,CUB,INE491A01021,point_in_time_symbol_history,0.75
BSE,CUPID,INE509F01029,Cupid Ltd-$,2026-03-09,2026-03-09,bonus,4.0,1.0,,,,Bonus issue 4:1,CUPID,INE509F01029,CUPID,INE509F01029,point_in_time_symbol_history,0.2
BSE,CWD,INE0H8H01019,CWD Ltd,2026-01-02,2026-01-02,bonus,4.0,1.0,,,,Bonus issue 4:1,CWD,INE0H8H01019,CWD,INE0H8H01019,action_identity,0.2
BSE,DBEIL,INE0OPA01027,Deepak Builders and Engineers India Ltd,2026-06-19,2026-06-19,split,,,,10.0,1.0,Stock  Split From Rs.10/- to Rs.1/-,DBEIL,INE0OPA01027,DBEIL,INE0OPA01027,point_in_time_symbol_history,0.1
BSE,DELPHIFX,INE726L01027,Delphi World Money Ltd,2026-02-13,2026-02-14,split,,,,10.0,2.0,Stock  Split From Rs.10/- to Rs.2/-,DELPHIFX,INE726L01027,DELPHIFX,INE726L01027,point_in_time_symbol_history,0.2
BSE,DELPHIFX,INE726L01027,Delphi World Money Ltd,2026-02-13,2026-02-14,bonus,2.0,1.0,,,,Bonus issue 2:1,DELPHIFX,INE726L01027,DELPHIFX,INE726L01027,point_in_time_symbol_history,0.3333333333333333
BSE,DEVLAB,INE0NIJ01025,Dev Labtech Venture Ltd,2026-05-15,2026-05-15,split,,,,10.0,5.0,Stock  Split From Rs.10/- to Rs.5/-,DEVLAB,INE0NIJ01025,DEVLAB,INE0NIJ01025,action_identity,0.5
BSE,DEVLAB,INE0NIJ01025,Dev Labtech Venture Ltd,2026-05-15,2026-05-15,bonus,1.0,1.0,,,,Bonus issue 1:1,DEVLAB,INE0NIJ01025,DEVLAB,INE0NIJ01025,action_identity,0.5
BSE,DHVIJAFIN,INE108T01021,Dhvija Finance Ltd,2026-05-26,2026-05-26,bonus,1.0,10.0,,,,Bonus issue 1:10,DHVIJAFIN,INE108T01021,DHVIJAFIN,INE108T01021,action_identity,0.9090909090909091
BSE,DHVIJAFIN,INE108T01021,Dhvija Finance Ltd,2026-05-26,2026-05-26,split,,,,10.0,2.0,Stock  Split From Rs.10/- to Rs.2/-,DHVIJAFIN,INE108T01021,DHVIJAFIN,INE108T01021,action_identity,0.2
BSE,ECLERX,INE738I01010,eClerx Services Ltd,2026-03-13,2026-03-13,bonus,1.0,1.0,,,,Bonus issue 1:1,ECLERX,INE738I01010,ECLERX,INE738I01010,point_in_time_symbol_history,0.5
BSE,FREDUN,INE194R01017,Fredun Pharmaceuticals Ltd,2026-07-16,2026-07-16,bonus,2.0,1.0,,,,Bonus issue 2:1,FREDUN,INE194R01017,FREDUN,INE194R01017,action_identity,0.3333333333333333
BSE,FRONTSP,INE572D01014,Frontier Springs Ltd,2026-03-13,2026-03-13,bonus,2.0,1.0,,,,Bonus issue 2:1,FRONTSP,INE572D01014,FRONTSP,INE572D01014,point_in_time_symbol_history,0.3333333333333333
BSE,FYNX,INE455H01021,Fynx Capital Ltd,2026-02-25,2026-02-25,split,,,,10.0,1.0,Stock  Split From Rs.10/- to Rs.1/-,FYNX,INE455H01021,FYNX,INE455H01021,action_identity,0.1
BSE,GEL,INE721X01023,Gautam Exim Ltd,2026-05-22,2026-05-22,split,,,,10.0,5.0,Stock  Split From Rs.10/- to Rs.5/-,GEL,INE721X01023,GEL,INE721X01023,action_identity,0.5
BSE,GEL,INE721X01023,Gautam Exim Ltd,2026-06-10,2026-06-10,bonus,3.0,1.0,,,,Bonus issue 3:1,GEL,INE721X01023,GEL,INE721X01023,action_identity,0.25
BSE,GOLDIAM,INE025B01025,Goldiam International Ltd,2026-07-10,2026-07-10,bonus,1.0,3.0,,,,Bonus issue 1:3,GOLDIAM,INE025B01025,GOLDIAM,INE025B01025,point_in_time_symbol_history,0.75
BSE,GOODLUCK,INE127I01024,Goodluck India Ltd,2026-08-21,2026-08-21,bonus,2.0,1.0,,,,Bonus issue 2:1,GOODLUCK,INE127I01024,GOODLUCK,INE127I01024,point_in_time_symbol_history,0.3333333333333333
BSE,GUJINJEC,INE659F01022,Gujarat Inject Kerala Ltd,2026-07-08,2026-07-08,split,,,,10.0,1.0,Stock  Split From Rs.10/- to Rs.1/-,GUJINJEC,INE659F01022,GUJINJEC,INE659F01022,action_identity,0.1
BSE,GYFTR,INE724A01017,Gyftr Ltd,2026-03-06,2026-03-06,bonus,4.0,1.0,,,,Bonus issue 4:1,GYFTR,INE724A01017,GYFTR,INE724A01017,action_identity,0.2
BSE,HARDWYN,INE626Z01029,Hardwyn India Ltd,2026-07-28,2026-07-28,bonus,2.0,5.0,,,,Bonus issue 2:5,HARDWYN,INE626Z01029,HARDWYN,INE626Z01029,point_in_time_symbol_history,0.7142857142857143
NSE,HEALTHADD,,HEALTHADD,2026-07-03,,split,,,,10.0,1.0,Derived from an unexplained price step; no exchange action was published: 162.61 on 2026-07-02 to 16.59 on 2026-07-03,HEALTHADD,,HEALTHADD,INF740KA1ZG1,point_in_time_symbol_history,0.1
BSE,HIIL,,Hindusthan Insulators & Industries Ltd,2026-03-13,2026-03-13,split,,,,10.0,2.0,Stock  Split From Rs.10/- to Rs.2/-,HIIL,,HIIL,,action_identity,0.2
BSE,HIIL,,Hindusthan Insulators & Industries Ltd,2026-07-10,2026-07-10,bonus,2.0,1.0,,,,Bonus issue 2:1,HIIL,,HIIL,,action_identity,0.3333333333333333
BSE,HIRECT,INE835D01023,Hirect Ltd,2026-03-27,2026-03-27,bonus,1.0,1.0,,,,Bonus issue 1:1,HIRECT,INE835D01023,HIRECT,INE835D01023,point_in_time_symbol_history,0.5
BSE,IBINFO,INE678B01039,IB Infotech Enterprises Ltd,2026-05-26,2026-05-26,split,,,,10.0,1.0,Stock  Split From Rs.10/- to Rs.1/-,IBINFO,INE678B01039,IBINFO,INE678B01039,action_identity,0.1
BSE,INDTONER,INE826B01026,Indian Toners & Developers Ltd-$,2026-07-17,2026-07-17,split,,,,10.0,2.0,Stock  Split From Rs.10/- to Rs.2/-,INDTONER,INE826B01026,INDTONER,INE826B01026,action_identity,0.2
BSE,INFOBEAN,INE344S01016,Infobeans Technologies Ltd,2026-02-27,2026-02-27,bonus,3.0,1.0,,,,Bonus issue 3:1,INFOBEAN,INE344S01016,INFOBEAN,INE344S01016,point_in_time_symbol_history,0.25
BSE,INTEGFD,INE177M01021,Integrated Proteins Ltd,2026-09-04,2026-09-04,split,,,,10.0,1.0,Stock  Split From Rs.10/- to Rs.1/-,INTEGFD,INE177M01021,INTEGFD,INE177M01021,action_identity,0.1
BSE,IRB,INE821I01022,IRB Infrastructure Developers Ltd,2026-03-30,2026-04-01,bonus,1.0,1.0,,,,Bonus issue 1:1,IRB,INE821I01022,IRB,INE821I01022,point_in_time_symbol_history,0.5
BSE,JLHL,INE682M01020,Jupiter Life Line Hospitals Ltd,2026-07-24,2026-07-24,split,,,,10.0,2.0,Stock  Split From Rs.10/- to Rs.2/-,JLHL,INE682M01020,JLHL,INE682M01020,point_in_time_symbol_history,0.2
BSE,JOJO,INE312M01024,JOJO Ltd,2026-08-07,2026-08-07,split,,,,10.0,5.0,Stock  Split From Rs.10/- to Rs.5/-,JOJO,INE312M01024,JOJO,INE312M01024,action_identity,0.5
BSE,JONJUA,INE793Z01027,Jonjua Overseas Ltd,2026-01-23,2026-01-23,bonus,5.0,40.0,,,,Bonus issue 5:40,JONJUA,INE793Z01027,JONJUA,INE793Z01027,action_identity,0.8888888888888888
BSE,JONJUA,INE793Z01027,Jonjua Overseas Ltd,2026-09-04,2026-09-04,bonus,7.0,24.0,,,,Bonus issue 7:24,JONJUA,INE793Z01027,JONJUA,INE793Z01027,action_identity,0.7741935483870968
BSE,KAHAN,INE04T901017,Kahan Packaging Ltd,2026-08-20,2026-08-20,bonus,3.0,1.0,,,,Bonus issue 3:1,KAHAN,INE04T901017,KAHAN,INE04T901017,action_identity,0.25
BSE,KALIND,INE377D01026,Kalind Ltd,2026-07-24,2026-07-24,bonus,1.0,2.0,,,,Bonus issue 1:2,KALIND,INE377D01026,KALIND,INE377D01026,action_identity,0.6666666666666666
BSE,KALIND,INE377D01026,Kalind Ltd,2026-07-24,2026-07-24,split,,,,10.0,2.0,Stock  Split From Rs.10/- to Rs.2/-,KALIND,INE377D01026,KALIND,INE377D01026,action_identity,0.2
BSE,KDGREEN,INE348N01042,KD Green Industries Ltd,2026-03-25,2026-03-25,split,,,,10.0,1.0,Stock  Split From Rs.10/- to Rs.1/-,KDGREEN,INE348N01042,KDGREEN,INE348N01042,action_identity,0.1
BSE,KILITCH,INE729D01010,Kilitch Drugs India Ltd,2026-03-24,2026-03-24,bonus,1.0,1.0,,,,Bonus issue 1:1,KILITCH,INE729D01010,KILITCH,INE729D01010,point_in_time_symbol_history,0.5
BSE,KIRLPNU,INE811A01038,Kirloskar Pneumatic Company Ltd,2026-08-18,2026-08-18,split,,,,2.0,1.0,Stock  Split From Rs.2/- to Rs.1/-,KIRLPNU,INE811A01038,KIRLPNU,INE811A01038,point_in_time_symbol_history,0.5
BSE,KOTAKBANK,INE237A01036,Kotak Mahindra Bank Ltd,2026-01-14,2026-01-14,split,,,,5.0,1.0,Stock  Split From Rs.5/- to Rs.1/-,KOTAKBANK,INE237A01036,KOTAKBANK,INE237A01036,point_in_time_symbol_history,0.2
BSE,KOTYARK,INE0J0B01017,Kotyark Industries Ltd,2026-06-24,2026-06-24,bonus,10.0,1.0,,,,Bonus issue 10:1,KOTYARK,INE0J0B01017,KOTYARK,INE0J0B01017,point_in_time_symbol_history,0.09090909090909091
BSE,LICI,INE0J1Y01017,Life Insurance Corporation of India,2026-05-29,2026-05-29,bonus,1.0,1.0,,,,Bonus issue 1:1,LICI,INE0J1Y01017,LICI,INE0J1Y01017,point_in_time_symbol_history,0.5
BSE,MAGANTR,INE664N01018,Magnanimous Trade & finance Ltd,2026-01-02,2026-01-02,bonus,23.0,1.0,,,,Bonus issue 23:1,MAGANTR,INE664N01018,MAGANTR,INE664N01018,action_identity,0.041666666666666664
BSE,MCFL,INE0R5Z01015,Mayank Cattle Food Ltd,2026-08-24,2026-08-24,bonus,1.0,1.0,,,,Bonus issue 1:1,MCFL,INE0R5Z01015,MCFL,INE0R5Z01015,action_identity,0.5
BSE,MCX,INE745G01043,Multi Commodity Exchange of India Ltd,2026-01-02,2026-01-02,split,,,,10.0,2.0,Stock  Split From Rs.10/- to Rs.2/-,MCX,INE745G01043,MCX,INE745G01043,point_in_time_symbol_history,0.2
BSE,MEERA,INE343X01026,Meera Industries Ltd,2026-03-06,2026-03-06,split,,,,10.0,5.0,Stock  Split From Rs.10/- to Rs.5/-,MEERA,INE343X01026,MEERA,INE343X01026,point_in_time_symbol_history,0.5
BSE,META,INE958L01034,String Metaverse Ltd,2026-04-24,2026-04-24,split,,,,10.0,1.0,Stock  Split From Rs.10/- to Rs.1/-,META,INE958L01034,META,INE958L01034,point_in_time_symbol_history,0.1
BSE,META,INE958L01034,String Metaverse Ltd,2026-06-19,2026-06-19,bonus,2.0,9.0,,,,Bonus issue 2:9,META,INE958L01034,META,INE958L01034,point_in_time_symbol_history,0.8181818181818182
BSE,METROPOLIS,INE112L01020,Metropolis Healthcare Ltd,2026-03-20,2026-03-20,bonus,3.0,1.0,,,,Bonus issue 3:1,METROPOLIS,INE112L01020,METROPOLIS,INE112L01020,point_in_time_symbol_history,0.25
NSE,MIDQ50ADD,,MIDQ50ADD,2026-07-03,,split,,,,10.0,1.0,Derived from an unexplained price step; no exchange action was published: 248.00 on 2026-07-02 to 24.79 on 2026-07-03,MIDQ50ADD,,MIDQ50ADD,INF740KA1ZF3,point_in_time_symbol_history,0.1
BSE,MINID,INE281E01028,Mini Diamonds India Ltd,2026-06-16,2026-06-16,bonus,1.0,1.0,,,,Bonus issue 1:1,MINID,INE281E01028,MINID,INE281E01028,action_identity,0.5
BSE,MOBAVENUE,INE622Q01027,Mobavenue AI Tech Ltd,2026-06-12,2026-06-12,split,,,,10.0,2.0,Stock  Split From Rs.10/- to Rs.2/-,MOBAVENUE,INE622Q01027,MOBAVENUE,INE622Q01027,point_in_time_symbol_history,0.2
BSE,MWL,INE0JYY01029,Mangalam Worldwide Ltd,2026-07-10,2026-07-10,split,,,,10.0,1.0,Stock  Split From Rs.10/- to Rs.1/-,MWL,INE0JYY01029,MWL,INE0JYY01029,point_in_time_symbol_history,0.1
BSE,NAPL,INE223R01014,Naturite Agro Products Ltd,2026-09-25,2026-09-25,split,,,,10.0,5.0,Stock  Split From Rs.10/- to Rs.5/-,NAPL,INE223R01014,NAPL,INE223R01014,action_identity,0.5
BSE,NARMADA,INE117Z01029,Narmada Agrobase Ltd,2026-07-31,2026-07-31,split,,,,10.0,5.0,Stock  Split From Rs.10/- to Rs.5/-,NARMADA,INE117Z01029,NARMADA,INE117Z01029,point_in_time_symbol_history,0.5
BSE,OMEGAIN,INE113B01037,Omega Interactive Technologies Ltd,2026-02-06,2026-02-06,split,,,,10.0,1.0,Stock  Split From Rs.10/- to Rs.1/-,OMEGAIN,INE113B01037,OMEGAIN,INE113B01037,action_identity,0.1
BSE,ORGANICREC,INE0MIO01019,Organic Recycling Systems Ltd,2026-08-20,2026-08-20,bonus,1.0,2.0,,,,Bonus issue 1:2,ORGANICREC,INE0MIO01019,ORGANICREC,INE0MIO01019,action_identity,0.6666666666666666
BSE,ORIENTTECH,INE0PPK01015,Orient Technologies Ltd,2026-01-05,2026-01-05,bonus,1.0,10.0,,,,Bonus issue 1:10,ORIENTTECH,INE0PPK01015,ORIENTTECH,INE0PPK01015,point_in_time_symbol_history,0.9090909090909091
BSE,PASHUPATI,INE124Y01028,Pashupati Cotspin Ltd,2026-04-17,2026-04-17,split,,,,10.0,1.0,Stock  Split From Rs.10/- to Rs.1/-,PASHUPATI,INE124Y01028,PASHUPATI,INE124Y01028,point_in_time_symbol_history,0.1
BSE,PGIL,INE940H01022,Pearl Global Industries Ltd,2026-09-11,2026-09-11,bonus,1.0,1.0,,,,Bonus issue 1:1,PGIL,INE940H01022,PGIL,INE940H01022,point_in_time_symbol_history,0.5
BSE,POCL,INE063E01061,Pondy Oxides & Chemicals Ltd,2026-07-21,2026-07-21,split,,,,5.0,2.0,Stock  Split From Rs.5/- to Rs.2/-,POCL,INE063E01061,POCL,INE063E01061,point_in_time_symbol_history,0.4
BSE,PROFINC,INE732K01027,Pro Fin Capital Services Ltd,2026-01-02,2026-01-02,bonus,1.0,1.0,,,,Bonus issue 1:1,PROFINC,INE732K01027,PROFINC,INE732K01027,action_identity,0.5
NSE,PSUBANK,,PSUBANK,2026-07-10,,split,,,,10.0,1.0,Derived from an unexplained price step; no exchange action was published: 822.56 on 2026-07-09 to 84.64 on 2026-07-10,PSUBANK,,PSUBANK,INF174KA1A86,point_in_time_symbol_history,0.1
NSE,QNIFTY,,QNIFTY,2026-02-13,,split,,,,10.0,1.0,"Derived from an unexplained price step; no exchange action was published: 2,826.00 on 2026-02-12 to 279.31 on 2026-02-13",QNIFTY,,QNIFTY,INF082J01499,point_in_time_symbol_history,0.1
BSE,REMAGNET,INE519N01014,Midwest Energy Ltd,2026-09-25,2026-09-25,split,,,,10.0,1.0,Stock  Split From Rs.10/- to Rs.1/-,REMAGNET,INE519N01014,REMAGNET,INE519N01022,point_in_time_symbol_history,0.1
BSE,RGIL,INE364S01022,Rotographics (India) Ltd,2026-08-28,2026-08-28,split,,,,10.0,2.0,Stock  Split From Rs.10/- to Rs.2/-,RGIL,INE364S01022,RGIL,INE364S01022,action_identity,0.2
BSE,RMDRIP,INE219Y01026,R M Drip and Sprinklers Systems Ltd,2026-04-10,2026-04-10,bonus,5.0,7.0,,,,Bonus issue 5:7,RMDRIP,INE219Y01026,RMDRIP,INE219Y01026,point_in_time_symbol_history,0.5833333333333334
BSE,RNBDENIMS,INE012Q01039,R&B Denims Ltd,2026-04-02,2026-04-03,split,,,,2.0,1.0,Stock  Split From Rs.2/- to Rs.1/-,RNBDENIMS,INE012Q01039,RNBDENIMS,INE012Q01039,point_in_time_symbol_history,0.5
BSE,RNBDENIMS,INE012Q01039,R&B Denims Ltd,2026-04-02,2026-04-03,bonus,1.0,2.0,,,,Bonus issue 1:2,RNBDENIMS,INE012Q01039,RNBDENIMS,INE012Q01039,point_in_time_symbol_history,0.6666666666666666
BSE,ROBU,INE0OLH01013,Macfos Ltd,2026-03-10,2026-03-10,bonus,1.0,10.0,,,,Bonus issue 1:10,ROBU,INE0OLH01013,ROBU,INE0OLH01013,action_identity,0.9090909090909091
BSE,RSTL,INE367U01013,Riddhi Steel and Tube Ltd,2026-02-17,2026-02-17,bonus,1.0,2.0,,,,Bonus issue 1:2,RSTL,INE367U01013,RSTL,INE367U01013,action_identity,0.6666666666666666
BSE,SANINFRA,INE799C01049,Sanmit Infra Ltd,2026-04-30,2026-04-30,split,,,,,,Consolidation of Shares,SANINFRA,INE799C01049,SANINFRA,INE799C01049,action_identity,1.0
BSE,SILVERTUC,INE625X01026,Silver Touch Technologies Ltd,2026-03-06,2026-03-06,bonus,1.0,1.0,,,,Bonus issue 1:1,SILVERTUC,INE625X01026,SILVERTUC,INE625X01026,point_in_time_symbol_history,0.5
BSE,SILVERTUC,INE625X01026,Silver Touch Technologies Ltd,2026-03-06,2026-03-06,split,,,,10.0,2.0,Stock  Split From Rs.10/- to Rs.2/-,SILVERTUC,INE625X01026,SILVERTUC,INE625X01026,point_in_time_symbol_history,0.2
BSE,SIMPLEXCAS,INE658D01029,Simplex Castings Ltd,2026-07-20,2026-07-20,split,,,,10.0,2.0,Stock  Split From Rs.10/- to Rs.2/-,SIMPLEXCAS,INE658D01029,SIMPLEXCAS,INE658D01029,action_identity,0.2
BSE,SKMEGGPROD,INE411D01023,SKM Egg Products Export (India) Ltd,2026-01-12,2026-01-12,split,,,,10.0,5.0,Stock  Split From Rs.10/- to Rs.5/-,SKMEGGPROD,INE411D01023,SKMEGGPROD,INE411D01023,point_in_time_symbol_history,0.5
BSE,SPICEISLIN,INE882D01025,Spice Islands Industries Ltd-$,2026-08-28,2026-08-28,split,,,,10.0,2.0,Stock  Split From Rs.10/- to Rs.2/-,SPICEISLIN,INE882D01025,SPICEISLIN,INE882D01025,action_identity,0.2
BSE,TAALTECH,INE524T01029,TAAL Tech Ltd,2026-09-22,2026-09-22,split,,,,10.0,2.0,Stock  Split From Rs.10/- to Rs.2/-,TAALTECH,INE524T01029,TAALTECH,INE524T01029,point_in_time_symbol_history,0.2
BSE,TANFACIND,INE639B01023,TANFAC Industries Ltd-$,2026-03-09,2026-03-09,split,,,,10.0,5.0,Stock  Split From Rs.10/- to Rs.5/-,TANFACIND,INE639B01023,TANFACIND,INE639B01023,point_in_time_symbol_history,0.5
BSE,TCC,INE887D01024,TCC Concept Ltd,2026-09-04,2026-09-04,split,,,,10.0,2.0,Stock  Split From Rs.10/- to Rs.2/-,TCC,INE887D01024,TCC,INE887D01024,point_in_time_symbol_history,0.2
BSE,TDPOWERSYS,INE419M01035,TD Power Systems Ltd,2026-08-24,2026-08-24,split,,,,2.0,1.0,Stock  Split From Rs.2/- to Rs.1/-,TDPOWERSYS,INE419M01035,TDPOWERSYS,INE419M01035,point_in_time_symbol_history,0.5
BSE,TIMESGREEN,INE0B6101012,Times Green Energy (India) Ltd,2026-03-24,2026-03-24,bonus,1.0,1.0,,,,Bonus issue 1:1,TIMESGREEN,INE0B6101012,TIMESGREEN,INE0B6101012,action_identity,0.5
BSE,TITANBIO,INE150C01029,Titan Biotech Ltd,2026-02-20,2026-02-20,split,,,,10.0,2.0,Stock  Split From Rs.10/- to Rs.2/-,TITANBIO,INE150C01029,TITANBIO,INE150C01029,action_identity,0.2
BSE,TRENT,INE849A01020,Trent Ltd,2026-06-04,2026-06-04,bonus,1.0,2.0,,,,Bonus issue 1:2,TRENT,INE849A01020,TRENT,INE849A01020,point_in_time_symbol_history,0.6666666666666666
BSE,TRITONV,INE440G01017,Triton Valves Ltd,2026-03-30,2026-04-01,bonus,3.0,1.0,,,,Bonus issue 3:1,TRITONV,INE440G01017,TRITONV,INE440G01017,action_identity,0.25
BSE,UVDRHOR,INE890G01047,United Van Der Horst Ltd,2026-01-22,2026-01-22,split,,,,5.0,1.0,Stock  Split From Rs.5/- to Rs.1/-,UVDRHOR,INE890G01047,UVDRHOR,INE890G01047,action_identity,0.2
BSE,V2RETAIL,INE945H01021,V2 Retail Ltd,2026-03-25,2026-03-26,split,,,,10.0,1.0,Stock  Split From Rs.10/- to Rs.1/-,V2RETAIL,INE945H01021,V2RETAIL,INE945H01021,point_in_time_symbol_history,0.1
BSE,VEGA,INE603D01017,Vega Jewellers Ltd,2026-04-24,2026-04-24,bonus,4.0,1.0,,,,Bonus issue 4:1,VEGA,INE603D01017,VEGA,INE603D01017,action_identity,0.2
BSE,VGL,INE273D01027,Varvee Global Ltd,2026-03-02,2026-03-02,split,,,,10.0,5.0,Stock  Split From Rs.10/- to Rs.5/-,VGL,INE273D01027,VGL,INE273D01027,point_in_time_symbol_history,0.5
BSE,VOLKAI,INE820M01026,Kairosoft AI Solutions Ltd,2026-09-18,2026-09-18,split,,,,10.0,1.0,Stock  Split From Rs.10/- to Rs.1/-,VOLKAI,INE820M01026,VOLKAI,INE820M01026,action_identity,0.1
BSE,ZFCVINDIA,INE342J01019,ZF Commercial Vehicle Control Systems India Ltd,2026-06-24,2026-06-24,bonus,5.0,1.0,,,,Bonus issue 5:1,ZFCVINDIA,INE342J01019,ZFCVINDIA,INE342J01019,point_in_time_symbol_history,0.16666666666666666
