date,symbol,isin,close,adj_close,avg_turnover_63,target_2x,p_raw,p_cal,p_dd30,asymmetry,model_dispersion,dd_model_dispersion,hit25_6m_raw,hit25_6m_dispersion,hit25_6m_cal_raw,hit50_6m_raw,hit50_6m_dispersion,hit50_6m_cal_raw,p_dd30_cal,p100_cal,p50_cal,p25_cal,selected_v941,selection_score_v941,selection_rank_v941,production_risk_config,production_share_p100,production_share_p50,production_share_p25,production_p50_allowed,production_p25_allowed,production_p50_pr_auc_lift,production_p25_pr_auc_lift,production_p50_calibration_slope,production_p25_calibration_slope,exchange,cross_exchange_extrapolation,validation_domain
2026-10-01,KRBL,INE001B01026,375.45,375.45,10901914.365079366,750.9,0.3987652897630387,0.061119182621901455,0.17859704464554105,0.342218331457857,0.20179929471658117,0.08645839332251641,0.5516064825065278,0.055525508573522356,0.5516064825065278,0.5455710439494794,0.06651436469695457,0.21834496510468593,0.17859704464554105,0.061119182621901455,0.21834496510468593,0.5516064825065278,False,,,N100_drop0.50_s0.20_c0.05,1.0,0.0,0.0,False,False,1.0068271698186462,1.0170734897113791,-0.08654637964884415,-0.11493045755945958,BSE,True,NSE-trained; BSE current transfer
2026-10-01,RELIANCE,INE002A01018,1166.0,1166.0,1043666445.1428572,2332.0,0.18324292497066993,0.017546185915650978,0.14175850057789324,0.12377519403860883,0.17495878019830613,0.07025055188004191,0.3981775433065085,0.08343001606897654,0.3981775433065085,0.3199882199845633,0.13233754322483657,0.11306122448979591,0.14175850057789324,0.017546185915650978,0.11306122448979591,0.3981775433065085,False,,,N100_drop0.50_s0.20_c0.05,1.0,0.0,0.0,False,False,1.0068271698186462,1.0170734897113791,-0.08654637964884415,-0.11493045755945958,BSE,True,NSE-trained; BSE current transfer
2026-10-01,SJVN,INE002L01015,57.91,57.91,14369069.238095239,115.82,0.23560971939250186,0.02542628351596346,0.20865941255557202,0.12185543515412567,0.17147436443673117,0.1140240852177605,0.45052908394698515,0.031488211831352274,0.45052908394698515,0.38203505421935624,0.08532829755587629,0.1578542883492161,0.20865941255557202,0.02542628351596346,0.1578542883492161,0.45052908394698515,False,,,N100_drop0.50_s0.20_c0.05,1.0,0.0,0.0,False,False,1.0068271698186462,1.0170734897113791,-0.08654637964884415,-0.11493045755945958,BSE,True,NSE-trained; BSE current transfer
2026-10-01,MGL,INE002S01010,1045.3,1045.3,38862227.03174603,2090.6,0.30000541772684475,0.037222997527404794,0.14254540298148521,0.26113081691059215,0.17992862740453247,0.05971932884981783,0.4646074058318675,0.09291322203783445,0.4646074058318675,0.434478042475011,0.1224511731269372,0.1578542883492161,0.14254540298148521,0.037222997527404794,0.1578542883492161,0.4646074058318675,False,,,N100_drop0.50_s0.20_c0.05,1.0,0.0,0.0,False,False,1.0068271698186462,1.0170734897113791,-0.08654637964884415,-0.11493045755945958,BSE,True,NSE-trained; BSE current transfer
2026-10-01,PROTEAN,INE004A01022,639.5,639.5,38746913.20634921,1279.0,0.4229491481172115,0.06833066597839785,0.27254775575133466,0.25071080035141047,0.2336443300583426,0.10895101657019626,0.49683737992879906,0.03004791245512781,0.49683737992879906,0.5197626537859543,0.05737360792036673,0.19197207678883071,0.27254775575133466,0.06833066597839785,0.19197207678883071,0.49683737992879906,False,,,N100_drop0.50_s0.20_c0.05,1.0,0.0,0.0,False,False,1.0068271698186462,1.0170734897113791,-0.08654637964884415,-0.11493045755945958,BSE,True,NSE-trained; BSE current transfer
2026-10-01,AVANTEL,INE005B01027,150.15,150.15,29450594.53968254,300.3,0.32504429850882266,0.04254235175527216,0.20015205196043137,0.21255016542964286,0.18772570577371206,0.05749071602587008,0.4847371112884303,0.048967172697106036,0.4847371112884303,0.4875962870191766,0.04280007542091751,0.17320574162679425,0.20015205196043137,0.04254235175527216,0.17320574162679425,0.4847371112884303,False,,,N100_drop0.50_s0.20_c0.05,1.0,0.0,0.0,False,False,1.0068271698186462,1.0170734897113791,-0.08654637964884415,-0.11493045755945958,BSE,True,NSE-trained; BSE current transfer
2026-10-01,ASTRAL,INE006I01046,1339.0,1339.0,77365344.33333333,2678.0,0.2727611799916754,0.031920847004042886,0.16687830821726762,0.19128218247804538,0.1816791011634424,0.07739328090734832,0.4711127568192078,0.07969330969303107,0.4711127568192078,0.4602389643223767,0.07813734544346419,0.17320574162679425,0.16687830821726762,0.031920847004042886,0.17320574162679425,0.4711127568192078,False,,,N100_drop0.50_s0.20_c0.05,1.0,0.0,0.0,False,False,1.0068271698186462,1.0170734897113791,-0.08654637964884415,-0.11493045755945958,BSE,True,NSE-trained; BSE current transfer
2026-10-01,FEDFINA,INE007N01010,149.8,149.8,11686586.07936508,299.6,0.3463895004846723,0.0474464408574067,0.15252305898251162,0.31107716547205455,0.18644548559940063,0.060779398114449004,0.5176357099184422,0.03846440959131681,0.5176357099184422,0.5200247543919945,0.036245007894361234,0.19197207678883071,0.15252305898251162,0.0474464408574067,0.19197207678883071,0.5176357099184422,False,,,N100_drop0.50_s0.20_c0.05,1.0,0.0,0.0,False,False,1.0068271698186462,1.0170734897113791,-0.08654637964884415,-0.11493045755945958,BSE,True,NSE-trained; BSE current transfer
2026-10-01,IDBI,INE008A01015,86.77,86.77,74706336.92063493,173.54,0.3602614704270579,0.0508303275594632,0.1986349248010191,0.2558982394983262,0.20708155180220894,0.09682436511952744,0.5219006479199672,0.057025158614365065,0.5219006479199672,0.550161275782146,0.0488571507165731,0.21834496510468593,0.1986349248010191,0.0508303275594632,0.21834496510468593,0.5219006479199672,False,,,N100_drop0.50_s0.20_c0.05,1.0,0.0,0.0,False,False,1.0068271698186462,1.0170734897113791,-0.08654637964884415,-0.11493045755945958,BSE,True,NSE-trained; BSE current transfer
2026-10-01,INFY,INE009A01021,1035.0,1035.0,711746838.1746032,2070.0,0.21761124329797965,0.02255890424678009,0.20571218872551728,0.10966245795420776,0.16706036777913477,0.03189631565350823,0.42164611505370697,0.06895895086618926,0.42164611505370697,0.3963153691830232,0.07304293811462749,0.1578542883492161,0.20571218872551728,0.02255890424678009,0.1578542883492161,0.42164611505370697,False,,,N100_drop0.50_s0.20_c0.05,1.0,0.0,0.0,False,False,1.0068271698186462,1.0170734897113791,-0.08654637964884415,-0.11493045755945958,BSE,True,NSE-trained; BSE current transfer
2026-10-01,BIKAJI,INE00E101023,504.0,504.0,22146252.92063492,1008.0,0.2636487774829178,0.030252492563682034,0.22466544076307232,0.1346557461660768,0.17446243591727023,0.02662917259977382,0.4664215655072413,0.03808919571717391,0.4664215655072413,0.4429021422576363,0.06339790722047069,0.1648675171736997,0.22466544076307232,0.030252492563682034,0.1648675171736997,0.4664215655072413,False,,,N100_drop0.50_s0.20_c0.05,1.0,0.0,0.0,False,False,1.0068271698186462,1.0170734897113791,-0.08654637964884415,-0.11493045755945958,BSE,True,NSE-trained; BSE current transfer
2026-10-01,SWIGGY,INE00H001014,238.0,238.0,469144896.3333333,476.0,0.22733537283758828,0.02408651410864097,0.25128811154519654,0.09585218321921603,0.15158450469352566,0.043779073300869775,0.4017396133129987,0.06335633373668265,0.4017396133129987,0.4110886313883573,0.06794635106501658,0.1578542883492161,0.25128811154519654,0.02408651410864097,0.1578542883492161,0.4017396133129987,False,,,N100_drop0.50_s0.20_c0.05,1.0,0.0,0.0,False,False,1.0068271698186462,1.0170734897113791,-0.08654637964884415,-0.11493045755945958,BSE,True,NSE-trained; BSE current transfer
2026-10-01,STOVEKRAFT,INE00IN01015,805.05,805.05,7048273.031746032,1610.1,0.450772497262092,0.07744122330385962,0.16512244407462534,0.4689927146963794,0.22735130514293989,0.06906129974157617,0.5937330401735857,0.07174871099171863,0.5937330401735857,0.5966896562166116,0.06845327902083567,0.24014598540145982,0.16512244407462534,0.07744122330385962,0.24014598540145982,0.5937330401735857,False,,,N100_drop0.50_s0.20_c0.05,1.0,0.0,0.0,False,False,1.0068271698186462,1.0170734897113791,-0.08654637964884415,-0.11493045755945958,BSE,True,NSE-trained; BSE current transfer
2026-10-01,SWSOLAR,INE00M201021,164.95,164.95,20410709.777777776,329.9,0.32385188951847493,0.042278721663865364,0.21811682505361454,0.19383521492884823,0.18628158486040636,0.004894265783171897,0.48087018147827604,0.10137575603622487,0.48087018147827604,0.47324804665994535,0.087488782315586,0.17320574162679425,0.21811682505361454,0.042278721663865364,0.17320574162679425,0.48087018147827604,False,,,N100_drop0.50_s0.20_c0.05,1.0,0.0,0.0,False,False,1.0068271698186462,1.0170734897113791,-0.08654637964884415,-0.11493045755945958,BSE,True,NSE-trained; BSE current transfer
2026-10-01,INTERARCH,INE00M901018,1665.1,1665.1,6723693.904761905,3330.2,0.2410168963390021,0.026322105468817983,0.19292123862380936,0.1364396458191174,0.17744939746982763,0.0026172947896658527,0.43526766383852183,0.05216484689509949,0.43526766383852183,0.37943813859635633,0.09447382363337258,0.1578542883492161,0.19292123862380936,0.026322105468817983,0.1578542883492161,0.43526766383852183,False,,,N100_drop0.50_s0.20_c0.05,1.0,0.0,0.0,False,False,1.0068271698186462,1.0170734897113791,-0.08654637964884415,-0.11493045755945958,BSE,True,NSE-trained; BSE current transfer
2026-10-01,DALBHARAT,INE00R701025,1680.6,1680.6,16792404.714285713,3361.2,0.2714854864555612,0.031684217646735784,0.17683390914459687,0.17917501117292858,0.17018773019173086,0.041258028577303846,0.4584482545016441,0.04936763374299998,0.4584482545016441,0.42676882063757643,0.0862580017789941,0.1578542883492161,0.17683390914459687,0.031684217646735784,0.1578542883492161,0.4584482545016441,False,,,N100_drop0.50_s0.20_c0.05,1.0,0.0,0.0,False,False,1.0068271698186462,1.0170734897113791,-0.08654637964884415,-0.11493045755945958,BSE,True,NSE-trained; BSE current transfer
2026-10-01,MANORAMA,INE00VM01036,1879.8,1879.8,55281381.634920634,3759.6,0.4455326842585371,0.07565422105362626,0.1860405671686438,0.4066544313695115,0.22991312742597714,0.12433415541809018,0.6088704134711013,0.07565793446521622,0.6088704134711013,0.5998588002040178,0.08077654043830439,0.24014598540145982,0.1860405671686438,0.07565422105362626,0.24014598540145982,0.6088704134711013,False,,,N100_drop0.50_s0.20_c0.05,1.0,0.0,0.0,False,False,1.0068271698186462,1.0170734897113791,-0.08654637964884415,-0.11493045755945958,BSE,True,NSE-trained; BSE current transfer
2026-10-01,AFFLE,INE00WC01027,1449.75,1449.75,51737393.85714286,2899.5,0.3581387344840276,0.050302027514215135,0.229242218180324,0.21942741574175095,0.18635824140719112,0.06347963426302328,0.4697537790193573,0.07103921199812428,0.4697537790193573,0.4795959265387078,0.06747404275959103,0.17320574162679425,0.229242218180324,0.050302027514215135,0.17320574162679425,0.4697537790193573,False,,,N100_drop0.50_s0.20_c0.05,1.0,0.0,0.0,False,False,1.0068271698186462,1.0170734897113791,-0.08654637964884415,-0.11493045755945958,BSE,True,NSE-trained; BSE current transfer
2026-10-01,JARO,INE00YJ01010,407.45,407.45,5062386.714285715,814.9,0.25423718621341607,0.02858184099852289,0.24088076324535682,0.11865555643980562,0.1636389591873284,0.015044668263322514,0.45974929179214374,0.02512872242610423,0.45974929179214374,0.4078258956004533,0.0710054055852704,0.1578542883492161,0.24088076324535682,0.02858184099852289,0.1578542883492161,0.45974929179214374,False,,,N100_drop0.50_s0.20_c0.05,1.0,0.0,0.0,False,False,1.0068271698186462,1.0170734897113791,-0.08654637964884415,-0.11493045755945958,BSE,True,NSE-trained; BSE current transfer
2026-10-01,ENTERO,INE010601016,1682.65,1682.65,58299556.76190476,3365.3,0.4464524467531939,0.07596542164001824,0.1872090491773348,0.40577857733821177,0.23522380316615868,0.07980170551015381,0.6271866339375984,0.09264253124135169,0.6271866339375984,0.6235966607729099,0.09576115121260804,0.28798185941043086,0.1872090491773348,0.07596542164001824,0.28798185941043086,0.6271866339375984,False,,,N100_drop0.50_s0.20_c0.05,1.0,0.0,0.0,False,False,1.0068271698186462,1.0170734897113791,-0.08654637964884415,-0.11493045755945958,BSE,True,NSE-trained; BSE current transfer
2026-10-01,PRSMJOHNSN,INE010A01011,103.65,103.65,9784160.873015873,207.3,0.2706162238655742,0.03152355407648155,0.20211128057428235,0.1559712747695725,0.15940317308460328,0.02028686526333462,0.45481591365462476,0.031979213344528246,0.45481591365462476,0.4732351107970098,0.018560964886997572,0.17320574162679425,0.20211128057428235,0.03152355407648155,0.17320574162679425,0.45481591365462476,False,,,N100_drop0.50_s0.20_c0.05,1.0,0.0,0.0,False,False,1.0068271698186462,1.0170734897113791,-0.08654637964884415,-0.11493045755945958,BSE,True,NSE-trained; BSE current transfer
2026-10-01,ZYDUSLIFE,INE010B01027,1145.25,1145.25,124104280.55555555,2290.5,0.29697519308383225,0.03660908723397473,0.12899534987868908,0.2838016042314933,0.20067350971310996,0.04430216697349361,0.5144057293574608,0.06827114809078971,0.5144057293574608,0.47970930483995894,0.08776495680292107,0.17320574162679425,0.12899534987868908,0.03660908723397473,0.17320574162679425,0.5144057293574608,False,,,N100_drop0.50_s0.20_c0.05,1.0,0.0,0.0,False,False,1.0068271698186462,1.0170734897113791,-0.08654637964884415,-0.11493045755945958,BSE,True,NSE-trained; BSE current transfer
2026-10-01,TEJASNET,INE010J01012,465.05,465.05,109439696.46031746,930.1,0.3929023850718526,0.05946193127252426,0.24383777132901785,0.24385857428253163,0.22860066513092406,0.058939160834843546,0.5689469304130741,0.0727639221806872,0.5689469304130741,0.5631723658103535,0.09796465915950694,0.21834496510468593,0.24383777132901785,0.05946193127252426,0.21834496510468593,0.5689469304130741,False,,,N100_drop0.50_s0.20_c0.05,1.0,0.0,0.0,False,False,1.0068271698186462,1.0170734897113791,-0.08654637964884415,-0.11493045755945958,BSE,True,NSE-trained; BSE current transfer
2026-10-01,BALUFORGE,INE011E01029,488.5,488.5,38148938.603174604,977.0,0.39517715393856845,0.06010088092262644,0.2298302864065705,0.26150113573938555,0.2191921870564926,0.09344823621765586,0.569481009351679,0.074427556269393,0.569481009351679,0.5762222612163652,0.09202429873142486,0.23979591836734693,0.2298302864065705,0.06010088092262644,0.23979591836734693,0.569481009351679,False,,,N100_drop0.50_s0.20_c0.05,1.0,0.0,0.0,False,False,1.0068271698186462,1.0170734897113791,-0.08654637964884415,-0.11493045755945958,BSE,True,NSE-trained; BSE current transfer
2026-10-01,ACC,INE012A01025,1183.15,1183.15,14810941.825396825,2366.3,0.23101487919476735,0.024677701987196116,0.18715880645626082,0.1318543458063958,0.17204548712206813,0.038252965032990804,0.4207385450319556,0.06290827500391057,0.4207385450319556,0.38393577811245166,0.09112876557958594,0.1578542883492161,0.18715880645626082,0.024677701987196116,0.1578542883492161,0.4207385450319556,False,,,N100_drop0.50_s0.20_c0.05,1.0,0.0,0.0,False,False,1.0068271698186462,1.0170734897113791,-0.08654637964884415,-0.11493045755945958,BSE,True,NSE-trained; BSE current transfer
2026-10-01,ONESOURCE,INE013P01021,1509.75,1509.75,44751165.396825396,3019.5,0.3481936821287585,0.047877512452406415,0.17725905518491022,0.27009910665755454,0.20170065530853692,0.09508378931822502,0.49039971180437103,0.07080361328185916,0.49039971180437103,0.4871222433532553,0.0705091748931719,0.17320574162679425,0.17725905518491022,0.047877512452406415,0.17320574162679425,0.49039971180437103,False,,,N100_drop0.50_s0.20_c0.05,1.0,0.0,0.0,False,False,1.0068271698186462,1.0170734897113791,-0.08654637964884415,-0.11493045755945958,BSE,True,NSE-trained; BSE current transfer
2026-10-01,TINNARUBR,INE015C01016,939.85,939.85,12836313.349206349,1879.7,0.45492181917379626,0.07888093396623817,0.22192949756965202,0.3554324000642663,0.2330737344967342,0.12176477354448648,0.574195863285,0.05661998694493658,0.574195863285,0.614458882076825,0.08514257780973772,0.24691358024691357,0.22192949756965202,0.07888093396623817,0.24691358024691357,0.574195863285,False,,,N100_drop0.50_s0.20_c0.05,1.0,0.0,0.0,False,False,1.0068271698186462,1.0170734897113791,-0.08654637964884415,-0.11493045755945958,BSE,True,NSE-trained; BSE current transfer
2026-10-01,DABUR,INE016A01026,377.0,377.0,50985483.85714286,754.0,0.23062389279352977,0.024614534562567465,0.19025389171778087,0.12937729862094077,0.19661187133080715,0.08335154615457172,0.4126891993495523,0.09293788557088528,0.4126891993495523,0.3704423838259164,0.11381487953919517,0.14960629921259844,0.19025389171778087,0.024614534562567465,0.14960629921259844,0.4126891993495523,False,,,N100_drop0.50_s0.20_c0.05,1.0,0.0,0.0,False,False,1.0068271698186462,1.0170734897113791,-0.08654637964884415,-0.11493045755945958,BSE,True,NSE-trained; BSE current transfer
2026-10-01,CEINSYS,INE016Q01014,652.85,652.85,8315003.587301588,1305.7,0.2711754872032641,0.031626867762841085,0.31576129213153414,0.10016068641392098,0.16160361862938952,0.06890074266958007,0.44829730720463523,0.0358223240335319,0.44829730720463523,0.42525422379784833,0.05259836145968151,0.1578542883492161,0.31576129213153414,0.031626867762841085,0.1578542883492161,0.44829730720463523,False,,,N100_drop0.50_s0.20_c0.05,1.0,0.0,0.0,False,False,1.0068271698186462,1.0170734897113791,-0.08654637964884415,-0.11493045755945958,BSE,True,NSE-trained; BSE current transfer
2026-10-01,GESHIP,INE017A01032,1530.25,1530.25,102925963.22222222,3060.5,0.33046713211576134,0.04375479510698908,0.15564052931322755,0.28112725714863307,0.22071932312614145,0.04543134862473994,0.5773129744141575,0.04989291437390131,0.5773129744141575,0.520499646066361,0.05337844934362457,0.19197207678883071,0.15564052931322755,0.04375479510698908,0.19197207678883071,0.5773129744141575,False,,,N100_drop0.50_s0.20_c0.05,1.0,0.0,0.0,False,False,1.0068271698186462,1.0170734897113791,-0.08654637964884415,-0.11493045755945958,BSE,True,NSE-trained; BSE current transfer
2026-10-01,SBICARD,INE018E01016,567.9,567.9,81007175.82539682,1135.8,0.26854611787693183,0.031142814505274813,0.20430184473226237,0.15243530740550817,0.1599112240947483,0.07216393537329371,0.4391673054392273,0.07108688267918373,0.4391673054392273,0.4869041735945249,0.008157873927745703,0.17320574162679425,0.20430184473226237,0.031142814505274813,0.17320574162679425,0.4391673054392273,False,,,N100_drop0.50_s0.20_c0.05,1.0,0.0,0.0,False,False,1.0068271698186462,1.0170734897113791,-0.08654637964884415,-0.11493045755945958,BSE,True,NSE-trained; BSE current transfer
2026-10-01,JSWSTEEL,INE019A01038,1230.0,1230.0,110606052.1904762,2460.0,0.27259899789833536,0.03189070775204496,0.12023261604845548,0.26524173556360564,0.1828271189843364,0.06198654613640899,0.4801536824207799,0.0850710419971433,0.4801536824207799,0.42180587007773274,0.1356730774166794,0.1578542883492161,0.12023261604845548,0.03189070775204496,0.1578542883492161,0.4801536824207799,False,,,N100_drop0.50_s0.20_c0.05,1.0,0.0,0.0,False,False,1.0068271698186462,1.0170734897113791,-0.08654637964884415,-0.11493045755945958,BSE,True,NSE-trained; BSE current transfer
2026-10-01,HSCL,INE019C01026,665.95,665.95,236540282.44444445,1331.9,0.35687737802277164,0.04998992460648849,0.15374757105786718,0.32514285762389955,0.19891119281596478,0.0155583202039771,0.5796235472390433,0.05777549343485724,0.5796235472390433,0.5630491253193606,0.07477296443938532,0.21834496510468593,0.15374757105786718,0.04998992460648849,0.21834496510468593,0.5796235472390433,False,,,N100_drop0.50_s0.20_c0.05,1.0,0.0,0.0,False,False,1.0068271698186462,1.0170734897113791,-0.08654637964884415,-0.11493045755945958,BSE,True,NSE-trained; BSE current transfer
2026-10-01,VMM,INE01EA01019,99.6,99.6,134399986.14285713,199.2,0.2527656041623023,0.028325336284309124,0.22769563500070772,0.12439999688277328,0.16522695278328367,0.05983030454331431,0.42784323897950904,0.06702722469355994,0.42784323897950904,0.4428500069603141,0.04175465922338158,0.1648675171736997,0.22769563500070772,0.028325336284309124,0.1648675171736997,0.42784323897950904,False,,,N100_drop0.50_s0.20_c0.05,1.0,0.0,0.0,False,False,1.0068271698186462,1.0170734897113791,-0.08654637964884415,-0.11493045755945958,BSE,True,NSE-trained; BSE current transfer
2026-10-01,STYLEBAAZA,INE01FR01028,368.6,368.6,57429263.746031746,737.2,0.4453291357963763,0.07558549209156666,0.20109116970221422,0.37587673393862797,0.2397632051029313,0.11705448788890019,0.6272932432281393,0.09248621782769859,0.6272932432281393,0.6165398778461997,0.09710442899819477,0.24691358024691357,0.20109116970221422,0.07558549209156666,0.24691358024691357,0.6272932432281393,False,,,N100_drop0.50_s0.20_c0.05,1.0,0.0,0.0,False,False,1.0068271698186462,1.0170734897113791,-0.08654637964884415,-0.11493045755945958,BSE,True,NSE-trained; BSE current transfer
2026-10-01,SKYGOLD,INE01IU01018,810.7,810.7,53102233.82539683,1621.4,0.5039376589844793,0.09769375806661106,0.20592628417305284,0.4744113091678614,0.2669149073813078,0.14941977260858214,0.6160756676566125,0.08514437907263325,0.6160756676566125,0.6440045598282591,0.10039650973823418,0.28798185941043086,0.20592628417305284,0.09769375806661106,0.28798185941043086,0.6160756676566125,False,,,N100_drop0.50_s0.20_c0.05,1.0,0.0,0.0,False,False,1.0068271698186462,1.0170734897113791,-0.08654637964884415,-0.11493045755945958,BSE,True,NSE-trained; BSE current transfer
2026-10-01,EMUDHRA,INE01QM01018,581.35,581.35,37404490.15873016,1162.7,0.47616906841644036,0.08661065414312952,0.2406970405962754,0.3598326507404086,0.25042720939316665,0.05083986602010296,0.5769493484433114,0.051566910804485694,0.5769493484433114,0.5687091896167863,0.09066862263979104,0.21834496510468593,0.2406970405962754,0.08661065414312952,0.21834496510468593,0.5769493484433114,False,,,N100_drop0.50_s0.20_c0.05,1.0,0.0,0.0,False,False,1.0068271698186462,1.0170734897113791,-0.08654637964884415,-0.11493045755945958,BSE,True,NSE-trained; BSE current transfer
2026-10-01,VIKRAN,INE01R501028,58.28,58.28,9826871.952380951,116.56,0.32085708979201333,0.04162126529972477,0.2784391158463378,0.14948066895419357,0.1669356700017402,0.01862113467105342,0.41552946660425155,0.06137751185776862,0.41552946660425155,0.42496667598436905,0.053832040587220346,0.1578542883492161,0.2784391158463378,0.04162126529972477,0.1578542883492161,0.41552946660425155,False,,,N100_drop0.50_s0.20_c0.05,1.0,0.0,0.0,False,False,1.0068271698186462,1.0170734897113791,-0.08654637964884415,-0.11493045755945958,BSE,True,NSE-trained; BSE current transfer
2026-10-01,CANHLIFE,INE01TY01017,143.85,143.85,43343208.84126984,287.7,0.32913005022812214,0.04345377811560213,0.1488026981853634,0.2920227834946366,0.19255446242909188,0.09455920802192985,0.5272225243780683,0.05033432595999798,0.5272225243780683,0.5070203367607887,0.04832333291705133,0.18294117647058825,0.1488026981853634,0.04345377811560213,0.18294117647058825,0.5272225243780683,False,,,N100_drop0.50_s0.20_c0.05,1.0,0.0,0.0,False,False,1.0068271698186462,1.0170734897113791,-0.08654637964884415,-0.11493045755945958,BSE,True,NSE-trained; BSE current transfer
2026-10-01,RECLTD,INE020B01018,289.1,289.1,131803718.6031746,578.2,0.23659460924224643,0.025588246407203977,0.18444943542042094,0.1387277025211812,0.1808911787746233,0.0522679769797158,0.45793986730794983,0.061501337539939985,0.45793986730794983,0.3854984567129418,0.11729103075540939,0.1578542883492161,0.18444943542042094,0.025588246407203977,0.1578542883492161,0.45793986730794983,False,,,N100_drop0.50_s0.20_c0.05,1.0,0.0,0.0,False,False,1.0068271698186462,1.0170734897113791,-0.08654637964884415,-0.11493045755945958,BSE,True,NSE-trained; BSE current transfer
2026-10-01,DODLA,INE021O01019,1007.05,1007.05,12300485.650793651,2014.1,0.27323801374764867,0.03200955445296345,0.1821771416488787,0.17570565748944206,0.16460612141423325,0.09385759012739847,0.44162104327841806,0.047476596784987814,0.44162104327841806,0.4225398249567152,0.06819714879931053,0.1578542883492161,0.1821771416488787,0.03200955445296345,0.1578542883492161,0.44162104327841806,False,,,N100_drop0.50_s0.20_c0.05,1.0,0.0,0.0,False,False,1.0068271698186462,1.0170734897113791,-0.08654637964884415,-0.11493045755945958,BSE,True,NSE-trained; BSE current transfer
2026-10-01,ASIANTILES,INE022I01019,48.06,48.06,17931251.714285713,96.12,0.3952830875029534,0.060130760747399856,0.23382752982396468,0.2571586022940449,0.22825679533745521,0.04781059917201311,0.5166084968072314,0.11059789139304511,0.5166084968072314,0.5474611510384159,0.11493710027476658,0.21834496510468593,0.23382752982396468,0.060130760747399856,0.21834496510468593,0.5166084968072314,False,,,N100_drop0.50_s0.20_c0.05,1.0,0.0,0.0,False,False,1.0068271698186462,1.0170734897113791,-0.08654637964884415,-0.11493045755945958,BSE,True,NSE-trained; BSE current transfer
2026-10-01,IEX,INE022Q01020,106.05,106.05,41089807.85714286,212.1,0.25058422682109754,0.027947423651840872,0.19832025883898535,0.1409206695042243,0.17474525195588708,0.004948428522863396,0.452293375066553,0.06976652421273825,0.452293375066553,0.4152099167099104,0.09551906598499826,0.1578542883492161,0.19832025883898535,0.027947423651840872,0.1578542883492161,0.452293375066553,False,,,N100_drop0.50_s0.20_c0.05,1.0,0.0,0.0,False,False,1.0068271698186462,1.0170734897113791,-0.08654637964884415,-0.11493045755945958,BSE,True,NSE-trained; BSE current transfer
2026-10-01,AEROFLEX,INE024001021,521.4,521.4,44741449.53968254,1042.8,0.5031844550188946,0.09737730532743363,0.22554513945006532,0.43174198107245193,0.26633453950940095,0.11954266497928051,0.6088990626508458,0.07435715804703384,0.6088990626508458,0.6406309010907614,0.0983987616927434,0.28798185941043086,0.22554513945006532,0.09737730532743363,0.28798185941043086,0.6088990626508458,False,,,N100_drop0.50_s0.20_c0.05,1.0,0.0,0.0,False,False,1.0068271698186462,1.0170734897113791,-0.08654637964884415,-0.11493045755945958,BSE,True,NSE-trained; BSE current transfer
2026-10-01,GRAVITA,INE024L01027,1412.75,1412.75,32884843.666666668,2825.5,0.30719111838281193,0.03870398544539856,0.1994067195236968,0.19409569315340508,0.16939444680295698,0.07086377089928522,0.4816487173854362,0.050610946285693126,0.4816487173854362,0.4551684986512388,0.0848169588921621,0.17320574162679425,0.1994067195236968,0.03870398544539856,0.17320574162679425,0.4816487173854362,False,,,N100_drop0.50_s0.20_c0.05,1.0,0.0,0.0,False,False,1.0068271698186462,1.0170734897113791,-0.08654637964884415,-0.11493045755945958,BSE,True,NSE-trained; BSE current transfer
2026-10-01,ARTEMISMED,INE025R01021,336.45,336.45,17101266.95238095,672.9,0.4420012149160525,0.07446902674594565,0.1866848577851744,0.39890234071174685,0.21882987291108516,0.10713370480320172,0.5739043797397749,0.04979559061508684,0.5739043797397749,0.5472864737516966,0.04563655770622819,0.21834496510468593,0.1866848577851744,0.07446902674594565,0.21834496510468593,0.5739043797397749,False,,,N100_drop0.50_s0.20_c0.05,1.0,0.0,0.0,False,False,1.0068271698186462,1.0170734897113791,-0.08654637964884415,-0.11493045755945958,BSE,True,NSE-trained; BSE current transfer
2026-10-01,GSFC,INE026A01025,147.05,147.05,10330947.063492063,294.1,0.25782857150766914,0.029213158944018568,0.1728154915457378,0.16904247809454592,0.1799653356467991,0.036418237127853914,0.46037928987285875,0.05292764321921982,0.46037928987285875,0.42647437718017445,0.06597703277454613,0.1578542883492161,0.1728154915457378,0.029213158944018568,0.1578542883492161,0.46037928987285875,False,,,N100_drop0.50_s0.20_c0.05,1.0,0.0,0.0,False,False,1.0068271698186462,1.0170734897113791,-0.08654637964884415,-0.11493045755945958,BSE,True,NSE-trained; BSE current transfer
2026-10-01,RCF,INE027A01015,106.85,106.85,10285650.793650793,213.7,0.24316188422810453,0.026681989713338593,0.18411135579497745,0.144923106986682,0.17725540177246624,0.031215761301829903,0.4378007185795707,0.0575458411163437,0.4378007185795707,0.40040076177902467,0.08093598152838795,0.1578542883492161,0.18411135579497745,0.026681989713338593,0.1578542883492161,0.4378007185795707,False,,,N100_drop0.50_s0.20_c0.05,1.0,0.0,0.0,False,False,1.0068271698186462,1.0170734897113791,-0.08654637964884415,-0.11493045755945958,BSE,True,NSE-trained; BSE current transfer
2026-10-01,MAXHEALTH,INE027H01010,944.85,944.85,278640564.82539684,1889.7,0.2256461605565066,0.023817546244113193,0.1519957864657444,0.15669872697083614,0.18875816246938237,0.04782989616871615,0.42811879858002744,0.10333386743568529,0.42811879858002744,0.384667077343825,0.1187794491664369,0.1578542883492161,0.1519957864657444,0.023817546244113193,0.1578542883492161,0.42811879858002744,False,,,N100_drop0.50_s0.20_c0.05,1.0,0.0,0.0,False,False,1.0068271698186462,1.0170734897113791,-0.08654637964884415,-0.11493045755945958,BSE,True,NSE-trained; BSE current transfer
2026-10-01,BANKBARODA,INE028A01039,231.75,231.75,119837525.1111111,463.5,0.23844754573092233,0.025894410353814366,0.15876728012397484,0.16309664266840426,0.1850655374383798,0.05015611065653748,0.4138600006141526,0.11762913834028536,0.4138600006141526,0.3798409266764196,0.12670035385625955,0.1578542883492161,0.15876728012397484,0.025894410353814366,0.1578542883492161,0.4138600006141526,False,,,N100_drop0.50_s0.20_c0.05,1.0,0.0,0.0,False,False,1.0068271698186462,1.0170734897113791,-0.08654637964884415,-0.11493045755945958,BSE,True,NSE-trained; BSE current transfer
2026-10-01,BPCL,INE029A01011,301.0,301.0,119460140.04761904,602.0,0.2612766006358267,0.02982644454257771,0.13497539835821967,0.22097689582970845,0.17993879680010735,0.06741151888239864,0.4530578423644635,0.09111896871482224,0.4530578423644635,0.41512777531540984,0.1221163480447235,0.1578542883492161,0.13497539835821967,0.02982644454257771,0.1578542883492161,0.4530578423644635,False,,,N100_drop0.50_s0.20_c0.05,1.0,0.0,0.0,False,False,1.0068271698186462,1.0170734897113791,-0.08654637964884415,-0.11493045755945958,BSE,True,NSE-trained; BSE current transfer
2026-10-01,RAYMONDLSL,INE02ID01020,628.2,628.2,8633633.80952381,1256.4,0.23917469467712843,0.026015078690852483,0.2556255413015603,0.10177026348146727,0.16552213105243255,0.012856821727237067,0.3979829785538463,0.07251071516721323,0.3979829785538463,0.3924919890050007,0.08082576410393645,0.1578542883492161,0.2556255413015603,0.026015078690852483,0.1578542883492161,0.3979829785538463,False,,,N100_drop0.50_s0.20_c0.05,1.0,0.0,0.0,False,False,1.0068271698186462,1.0170734897113791,-0.08654637964884415,-0.11493045755945958,BSE,True,NSE-trained; BSE current transfer
2026-10-01,FINOPB,INE02NC01014,128.7,128.7,22072541.34920635,257.4,0.28050944087415947,0.03337994518766626,0.2793022020392065,0.1195119298879735,0.14730476772855355,0.18008375330509532,0.42989605896186395,0.043368364151582545,0.42989605896186395,0.4709573311975337,0.01944549324202041,0.17320574162679425,0.2793022020392065,0.03337994518766626,0.17320574162679425,0.42989605896186395,False,,,N100_drop0.50_s0.20_c0.05,1.0,0.0,0.0,False,False,1.0068271698186462,1.0170734897113791,-0.08654637964884415,-0.11493045755945958,BSE,True,NSE-trained; BSE current transfer
2026-10-01,BOROLTD,INE02PY01013,280.55,280.55,12153804.19047619,561.1,0.3849496337421895,0.057267734787478,0.1978648715029721,0.28942850922690333,0.20173657963682534,0.13196702829474347,0.5264095967659485,0.022347036868124028,0.5264095967659485,0.5070897626413781,0.03146134468717202,0.18294117647058825,0.1978648715029721,0.057267734787478,0.18294117647058825,0.5264095967659485,False,,,N100_drop0.50_s0.20_c0.05,1.0,0.0,0.0,False,False,1.0068271698186462,1.0170734897113791,-0.08654637964884415,-0.11493045755945958,BSE,True,NSE-trained; BSE current transfer
2026-10-01,FIRSTCRY,INE02RE01045,174.8,174.8,58266795.68253968,349.6,0.2510012016984753,0.028019449615144656,0.24846708279365237,0.11276926223025818,0.19077462961747,0.007303394987261458,0.42245892375741584,0.06050118244272226,0.42245892375741584,0.41415672444582574,0.06920739944816416,0.1578542883492161,0.24846708279365237,0.028019449615144656,0.1578542883492161,0.42245892375741584,False,,,N100_drop0.50_s0.20_c0.05,1.0,0.0,0.0,False,False,1.0068271698186462,1.0170734897113791,-0.08654637964884415,-0.11493045755945958,BSE,True,NSE-trained; BSE current transfer
2026-10-01,WEL,INE02WG01024,71.76,71.76,16849840.14285714,143.52,0.32331774819631837,0.04216097231345575,0.24809135798872262,0.1699413178083061,0.24335202275250445,0.049070381167550886,0.4986931249803621,0.17075435068763428,0.4986931249803621,0.5397531201039821,0.15560358829741558,0.21834496510468593,0.24809135798872262,0.04216097231345575,0.21834496510468593,0.4986931249803621,False,,,N100_drop0.50_s0.20_c0.05,1.0,0.0,0.0,False,False,1.0068271698186462,1.0170734897113791,-0.08654637964884415,-0.11493045755945958,BSE,True,NSE-trained; BSE current transfer
2026-10-01,EMIL,INE02YR01019,204.0,204.0,52071040.14285714,408.0,0.496060418102798,0.09442926983021492,0.2303501880064044,0.4099378891220593,0.2616749801093906,0.09167792525180113,0.6148524552280457,0.07635171316037187,0.6148524552280457,0.5934256822467957,0.08463303456472274,0.24014598540145982,0.2303501880064044,0.09442926983021492,0.24014598540145982,0.6148524552280457,False,,,N100_drop0.50_s0.20_c0.05,1.0,0.0,0.0,False,False,1.0068271698186462,1.0170734897113791,-0.08654637964884415,-0.11493045755945958,BSE,True,NSE-trained; BSE current transfer
2026-10-01,HUDCO,INE031A01017,161.1,161.1,48823887.82539683,322.2,0.258614956306901,0.02935240864531143,0.21236434803467216,0.13821721450400487,0.17594964090111292,0.08103253822393564,0.4434194649742608,0.08189503117080847,0.4434194649742608,0.4056234358840363,0.10004406310430591,0.1578542883492161,0.21236434803467216,0.02935240864531143,0.1578542883492161,0.4434194649742608,False,,,N100_drop0.50_s0.20_c0.05,1.0,0.0,0.0,False,False,1.0068271698186462,1.0170734897113791,-0.08654637964884415,-0.11493045755945958,BSE,True,NSE-trained; BSE current transfer
2026-10-01,ARVIND,INE034A01011,534.8,534.8,21418630.0,1069.6,0.4225141832021844,0.06819539269554177,0.16620288818941695,0.4103141253347013,0.21707117835199777,0.06521222685668393,0.585284594142737,0.060076925551725044,0.585284594142737,0.5850714553921282,0.0647100064021277,0.24014598540145982,0.16620288818941695,0.06819539269554177,0.24014598540145982,0.585284594142737,False,,,N100_drop0.50_s0.20_c0.05,1.0,0.0,0.0,False,False,1.0068271698186462,1.0170734897113791,-0.08654637964884415,-0.11493045755945958,BSE,True,NSE-trained; BSE current transfer
2026-10-01,ARVSMART,INE034S01021,592.25,592.25,11156890.38095238,1184.5,0.3682526514351215,0.05285412991291557,0.1873618831461398,0.282096491695112,0.18599634809080803,0.07624163349949412,0.5167086055465019,0.0325033193829292,0.5167086055465019,0.484438607136436,0.0590041514843032,0.17320574162679425,0.1873618831461398,0.05285412991291557,0.17320574162679425,0.5167086055465019,False,,,N100_drop0.50_s0.20_c0.05,1.0,0.0,0.0,False,False,1.0068271698186462,1.0170734897113791,-0.08654637964884415,-0.11493045755945958,BSE,True,NSE-trained; BSE current transfer
2026-10-01,SOTL,INE035D01020,729.2,729.2,38255251.06349207,1458.4,0.4630834608881721,0.08177802806361202,0.2349827188510997,0.34801720085395677,0.23703140530602074,0.15690929107733476,0.5865477112162661,0.0673456472848146,0.5865477112162661,0.6171270558263086,0.08313671245533209,0.24691358024691357,0.2349827188510997,0.08177802806361202,0.24691358024691357,0.5865477112162661,False,,,N100_drop0.50_s0.20_c0.05,1.0,0.0,0.0,False,False,1.0068271698186462,1.0170734897113791,-0.08654637964884415,-0.11493045755945958,BSE,True,NSE-trained; BSE current transfer
2026-10-01,RELINFRA,INE036A01016,46.46,46.46,12227893.57142857,92.92,0.348847071823458,0.048034282691866534,0.3057905646074805,0.15708229177549804,0.23538086044295056,0.057758986779583465,0.5828336939576243,0.13107890589501384,0.5828336939576243,0.5670356431803771,0.1430930249579357,0.21834496510468593,0.3057905646074805,0.048034282691866534,0.21834496510468593,0.5828336939576243,False,,,N100_drop0.50_s0.20_c0.05,1.0,0.0,0.0,False,False,1.0068271698186462,1.0170734897113791,-0.08654637964884415,-0.11493045755945958,BSE,True,NSE-trained; BSE current transfer
2026-10-01,GAEL,INE036B01030,158.4,158.4,13936996.063492063,316.8,0.43603230140680943,0.07250016036774905,0.19442507772759568,0.37289510805456527,0.22819563882857644,0.13207193102137807,0.5728595737061092,0.0570241044875574,0.5728595737061092,0.5809990153314484,0.0643706804992699,0.24014598540145982,0.19442507772759568,0.07250016036774905,0.24014598540145982,0.5728595737061092,False,,,N100_drop0.50_s0.20_c0.05,1.0,0.0,0.0,False,False,1.0068271698186462,1.0170734897113791,-0.08654637964884415,-0.11493045755945958,BSE,True,NSE-trained; BSE current transfer
2026-10-01,KARURVYSYA,INE036D01028,325.05,325.05,85473974.03174603,650.1,0.3953318017337102,0.060144504912284666,0.15928126386606561,0.3775993701485079,0.20868097977892036,0.10060936870190364,0.5953963951773046,0.06831649635406367,0.5953963951773046,0.5789253313948398,0.06603330699916396,0.24014598540145982,0.15928126386606561,0.060144504912284666,0.24014598540145982,0.5953963951773046,False,,,N100_drop0.50_s0.20_c0.05,1.0,0.0,0.0,False,False,1.0068271698186462,1.0170734897113791,-0.08654637964884415,-0.11493045755945958,BSE,True,NSE-trained; BSE current transfer
2026-10-01,CEWATER,INE037Z01029,253.9,253.9,5199423.396825396,507.8,0.3085717690266133,0.03899265709853965,0.2852538137785769,0.1366946039459686,0.17120921397010827,0.003844939926858415,0.44595070259422864,0.04597763028369148,0.44595070259422864,0.45826660855604234,0.031318776273268234,0.17320574162679425,0.2852538137785769,0.03899265709853965,0.17320574162679425,0.44595070259422864,False,,,N100_drop0.50_s0.20_c0.05,1.0,0.0,0.0,False,False,1.0068271698186462,1.0170734897113791,-0.08654637964884415,-0.11493045755945958,BSE,True,NSE-trained; BSE current transfer
2026-10-01,HINDALCO,INE038A01020,944.4,944.4,251501044.2857143,1888.8,0.271224713183025,0.031635970607238044,0.15013464673658652,0.21071732138380975,0.17894607630306308,0.05635427814523522,0.5031406789204452,0.03692145057976319,0.5031406789204452,0.44284636598403243,0.0934704840017183,0.1648675171736997,0.15013464673658652,0.031635970607238044,0.1648675171736997,0.5031406789204452,False,,,N100_drop0.50_s0.20_c0.05,1.0,0.0,0.0,False,False,1.0068271698186462,1.0170734897113791,-0.08654637964884415,-0.11493045755945958,BSE,True,NSE-trained; BSE current transfer
2026-10-01,IFCI,INE039A01010,65.17,65.17,346568267.3174603,130.34,0.3758918681552278,0.054841726542259675,0.25243727336623656,0.21724892608349156,0.19451364768779725,0.03433221843982498,0.5241441032408088,0.0772135021762904,0.5241441032408088,0.5634987085333317,0.0741902810962637,0.21834496510468593,0.25243727336623656,0.054841726542259675,0.21834496510468593,0.5241441032408088,False,,,N100_drop0.50_s0.20_c0.05,1.0,0.0,0.0,False,False,1.0068271698186462,1.0170734897113791,-0.08654637964884415,-0.11493045755945958,BSE,True,NSE-trained; BSE current transfer
2026-10-01,JAMNAAUTO,INE039C01032,132.05,132.05,21673174.0,264.1,0.4097325757762638,0.06431284839107812,0.19526789888501836,0.3293569949710379,0.20896069396718542,0.09298606316548821,0.5220587476068157,0.028195713568454867,0.5220587476068157,0.5178746002223453,0.031815853724369896,0.19197207678883071,0.19526789888501836,0.06431284839107812,0.19197207678883071,0.5220587476068157,False,,,N100_drop0.50_s0.20_c0.05,1.0,0.0,0.0,False,False,1.0068271698186462,1.0170734897113791,-0.08654637964884415,-0.11493045755945958,BSE,True,NSE-trained; BSE current transfer
2026-10-01,JASH,INE039O01029,575.6,575.6,11584513.968253968,1151.2,0.46704183854011494,0.08321503886079919,0.18514166898268047,0.4494668289318691,0.23963576536556122,0.09160492679610616,0.5758939836986888,0.0468089616134883,0.5758939836986888,0.5277701198783241,0.06925593758252153,0.19605077574047955,0.18514166898268047,0.08321503886079919,0.19605077574047955,0.5758939836986888,False,,,N100_drop0.50_s0.20_c0.05,1.0,0.0,0.0,False,False,1.0068271698186462,1.0170734897113791,-0.08654637964884415,-0.11493045755945958,BSE,True,NSE-trained; BSE current transfer
2026-10-01,MAXESTATES,INE03EI01018,567.0,567.0,5304260.841269841,1134.0,0.45895246342173435,0.0803007276787322,0.1865967067897501,0.43034375611576003,0.22541119971975468,0.05934645941162034,0.5957646397798078,0.06062307355137995,0.5957646397798078,0.582520392522725,0.05684762366063519,0.24014598540145982,0.1865967067897501,0.0803007276787322,0.24014598540145982,0.5957646397798078,False,,,N100_drop0.50_s0.20_c0.05,1.0,0.0,0.0,False,False,1.0068271698186462,1.0170734897113791,-0.08654637964884415,-0.11493045755945958,BSE,True,NSE-trained; BSE current transfer
2026-10-01,GODIGIT,INE03JT01014,256.45,256.45,84383137.90476191,512.9,0.2985107674365295,0.03691940831965483,0.2321726467062577,0.15901704547635565,0.19667812717373037,0.043390295133650975,0.4457376190397297,0.0853098087685571,0.4457376190397297,0.4470330914041967,0.07841082167639286,0.1648675171736997,0.2321726467062577,0.03691940831965483,0.1648675171736997,0.4457376190397297,False,,,N100_drop0.50_s0.20_c0.05,1.0,0.0,0.0,False,False,1.0068271698186462,1.0170734897113791,-0.08654637964884415,-0.11493045755945958,BSE,True,NSE-trained; BSE current transfer
2026-10-01,ALIVUS,INE03Q201024,1372.4,1372.4,16104788.873015873,2744.8,0.4085978401189345,0.06397663074925677,0.17082630675374233,0.37451275488548386,0.20200903734241293,0.0962473804345514,0.5751385839870871,0.05184347062200471,0.5751385839870871,0.5632635879258202,0.04451825524651991,0.21834496510468593,0.17082630675374233,0.06397663074925677,0.21834496510468593,0.5751385839870871,False,,,N100_drop0.50_s0.20_c0.05,1.0,0.0,0.0,False,False,1.0068271698186462,1.0170734897113791,-0.08654637964884415,-0.11493045755945958,BSE,True,NSE-trained; BSE current transfer
2026-10-01,COHANCE,INE03QK01018,451.45,451.45,91407805.6984127,902.9,0.3208264242095127,0.041614567534654485,0.2224808238239129,0.18704788493407956,0.17713082821161374,0.07704094844239848,0.5251525595909102,0.03631415276859481,0.5251525595909102,0.5259455996297014,0.02831302256606336,0.19605077574047955,0.2224808238239129,0.041614567534654485,0.19605077574047955,0.5251525595909102,False,,,N100_drop0.50_s0.20_c0.05,1.0,0.0,0.0,False,False,1.0068271698186462,1.0170734897113791,-0.08654637964884415,-0.11493045755945958,BSE,True,NSE-trained; BSE current transfer
2026-10-01,HDFCBANK,INE040A01034,719.35,719.35,1658587284.6507936,1438.7,0.17852338653061345,0.016902833353573277,0.1390091411557761,0.12159512110524923,0.1940251019273422,0.07832630118828578,0.3672051821455768,0.10169079658054281,0.3672051821455768,0.29465533396156385,0.14839130629360625,0.10456679470763978,0.1390091411557761,0.016902833353573277,0.10456679470763978,0.3672051821455768,False,,,N100_drop0.50_s0.20_c0.05,1.0,0.0,0.0,False,False,1.0068271698186462,1.0170734897113791,-0.08654637964884415,-0.11493045755945958,BSE,True,NSE-trained; BSE current transfer
2026-10-01,SUZLON,INE040H01021,38.96,38.96,203122816.12698412,77.92,0.24875110406187875,0.027631968140675454,0.1976373585823962,0.13981146246272827,0.1852914375506008,0.0010843626278466967,0.4713255498961873,0.0963436917737429,0.4713255498961873,0.4421362123428028,0.0958390557016072,0.1648675171736997,0.1976373585823962,0.027631968140675454,0.1648675171736997,0.4713255498961873,False,,,N100_drop0.50_s0.20_c0.05,1.0,0.0,0.0,False,False,1.0068271698186462,1.0170734897113791,-0.08654637964884415,-0.11493045755945958,BSE,True,NSE-trained; BSE current transfer
2026-10-01,DHAMPURSUG,INE041A01016,170.95,170.95,10089028.031746032,341.9,0.4222445856143038,0.06811165427202781,0.18434891584566898,0.36947141218366975,0.21395183661792608,0.11059087520597023,0.5896559000433497,0.06577975087497039,0.5896559000433497,0.5774938979821879,0.05532837101047454,0.24014598540145982,0.18434891584566898,0.06811165427202781,0.24014598540145982,0.5896559000433497,False,,,N100_drop0.50_s0.20_c0.05,1.0,0.0,0.0,False,False,1.0068271698186462,1.0170734897113791,-0.08654637964884415,-0.11493045755945958,BSE,True,NSE-trained; BSE current transfer
2026-10-01,VIJAYA,INE043W01024,1428.45,1428.45,58255183.396825396,2856.9,0.41363982804052946,0.06548098273344097,0.154371560668568,0.4241777594904741,0.21186711368303884,0.08872463804713734,0.5961623751079935,0.06878908576574588,0.5961623751079935,0.5979444227926396,0.0758321265111769,0.24014598540145982,0.154371560668568,0.06548098273344097,0.24014598540145982,0.5961623751079935,False,,,N100_drop0.50_s0.20_c0.05,1.0,0.0,0.0,False,False,1.0068271698186462,1.0170734897113791,-0.08654637964884415,-0.11493045755945958,BSE,True,NSE-trained; BSE current transfer
2026-10-01,SUNPHARMA,INE044A01036,1810.0,1810.0,378100399.8888889,3620.0,0.23970539150891607,0.02610333205146555,0.10931903743966652,0.23878121014257972,0.17788898007084067,0.0586365593108118,0.46517587497303975,0.07367827361926978,0.46517587497303975,0.3899475319938713,0.1341529176214956,0.1578542883492161,0.10931903743966652,0.02610333205146555,0.1578542883492161,0.46517587497303975,False,,,N100_drop0.50_s0.20_c0.05,1.0,0.0,0.0,False,False,1.0068271698186462,1.0170734897113791,-0.08654637964884415,-0.11493045755945958,BSE,True,NSE-trained; BSE current transfer
2026-10-01,PARAS,INE045601023,1275.55,1275.55,121046549.74603175,2551.1,0.4164817124083156,0.06634088052139205,0.20952831947335637,0.3166201145894646,0.21773873719132095,0.13896622208674128,0.5754048705488273,0.05470778509159593,0.5754048705488273,0.6078941159967702,0.08062250559835174,0.24014598540145982,0.20952831947335637,0.06634088052139205,0.24014598540145982,0.5754048705488273,False,,,N100_drop0.50_s0.20_c0.05,1.0,0.0,0.0,False,False,1.0068271698186462,1.0170734897113791,-0.08654637964884415,-0.11493045755945958,BSE,True,NSE-trained; BSE current transfer
2026-10-01,ADOR,INE045A01017,1570.4,1570.4,5269388.253968254,3140.8,0.4282615184493541,0.06999998102002214,0.17953849848896822,0.38988841729855117,0.2085601111884937,0.0959980900919495,0.6272383929414768,0.10599895961109529,0.6272383929414768,0.6003356279273689,0.07120595909074698,0.24014598540145982,0.17953849848896822,0.06999998102002214,0.24014598540145982,0.6272383929414768,False,,,N100_drop0.50_s0.20_c0.05,1.0,0.0,0.0,False,False,1.0068271698186462,1.0170734897113791,-0.08654637964884415,-0.11493045755945958,BSE,True,NSE-trained; BSE current transfer
2026-10-01,NELCO,INE045B01015,889.0,889.0,22986570.61904762,1778.0,0.4371798086438791,0.07287535932858814,0.22335660009499497,0.3262735880542316,0.22369135550242697,0.11330209642194422,0.5700609019232786,0.04897856994979742,0.5700609019232786,0.5929853180347532,0.07124411146618004,0.24014598540145982,0.22335660009499497,0.07287535932858814,0.24014598540145982,0.5700609019232786,False,,,N100_drop0.50_s0.20_c0.05,1.0,0.0,0.0,False,False,1.0068271698186462,1.0170734897113791,-0.08654637964884415,-0.11493045755945958,BSE,True,NSE-trained; BSE current transfer
2026-10-01,FCL,INE045J01034,55.75,55.75,62117963.41269841,111.5,0.4933170871076637,0.0933154056620414,0.2771881887058195,0.33665000697802916,0.2554188509152895,0.11222150674851544,0.5659686697577657,0.03964555224526778,0.5659686697577657,0.5942079567044579,0.07157836047230469,0.24014598540145982,0.2771881887058195,0.0933154056620414,0.24014598540145982,0.5659686697577657,False,,,N100_drop0.50_s0.20_c0.05,1.0,0.0,0.0,False,False,1.0068271698186462,1.0170734897113791,-0.08654637964884415,-0.11493045755945958,BSE,True,NSE-trained; BSE current transfer
2026-10-01,MUTHOOTMF,INE046W01019,174.25,174.25,9605823.984126983,348.5,0.39682627374810886,0.060567299310167376,0.21727276881439644,0.2787615753261124,0.20323587541699084,0.03661916575437449,0.5313537642836574,0.054064910170037415,0.5313537642836574,0.5324675997113303,0.08300163412014654,0.19605077574047955,0.21727276881439644,0.060567299310167376,0.19605077574047955,0.5313537642836574,False,,,N100_drop0.50_s0.20_c0.05,1.0,0.0,0.0,False,False,1.0068271698186462,1.0170734897113791,-0.08654637964884415,-0.11493045755945958,BSE,True,NSE-trained; BSE current transfer
2026-10-01,JAGSNPHARM,INE048B01035,231.55,231.55,5386781.365079365,463.1,0.3637856637668916,0.05171598004203361,0.14616434606644635,0.35382076021825126,0.1954723648519935,0.05433232034257224,0.5485244139048214,0.03505656375362722,0.5485244139048214,0.5369585950914973,0.025941373236696517,0.21834496510468593,0.14616434606644635,0.05171598004203361,0.21834496510468593,0.5485244139048214,False,,,N100_drop0.50_s0.20_c0.05,1.0,0.0,0.0,False,False,1.0068271698186462,1.0170734897113791,-0.08654637964884415,-0.11493045755945958,BSE,True,NSE-trained; BSE current transfer
2026-10-01,SBC,INE04AK01028,58.58,58.58,32126793.92063492,117.16,0.4979706822365287,0.09521184470536731,0.1856070589897494,0.5129753427676779,0.26107143169386454,0.06190252372087468,0.6089552248322789,0.06666584740711366,0.6089552248322789,0.5834911828580426,0.07645610111538484,0.24014598540145982,0.1856070589897494,0.09521184470536731,0.24014598540145982,0.6089552248322789,False,,,N100_drop0.50_s0.20_c0.05,1.0,0.0,0.0,False,False,1.0068271698186462,1.0170734897113791,-0.08654637964884415,-0.11493045755945958,BSE,True,NSE-trained; BSE current transfer
2026-10-01,KPITTECH,INE04I401011,493.5,493.5,258398541.07936507,987.0,0.247846501960248,0.02747700937309339,0.23636262337649175,0.11624938402095181,0.15414615382834487,0.06293968012732035,0.4687452700759119,0.06174491857336966,0.4687452700759119,0.48108726329224355,0.0387972186475038,0.17320574162679425,0.23636262337649175,0.02747700937309339,0.17320574162679425,0.4687452700759119,False,,,N100_drop0.50_s0.20_c0.05,1.0,0.0,0.0,False,False,1.0068271698186462,1.0170734897113791,-0.08654637964884415,-0.11493045755945958,BSE,True,NSE-trained; BSE current transfer
2026-10-01,BBTC,INE050A01025,1334.15,1334.15,106477967.04761904,2668.3,0.30893328396000697,0.039068465611728824,0.2533351629639926,0.1542165136281605,0.17613685299336518,0.07923666646258892,0.4104777368214842,0.0862374343790671,0.4104777368214842,0.42840632939522516,0.07735757254199668,0.1578542883492161,0.2533351629639926,0.039068465611728824,0.1578542883492161,0.4104777368214842,False,,,N100_drop0.50_s0.20_c0.05,1.0,0.0,0.0,False,False,1.0068271698186462,1.0170734897113791,-0.08654637964884415,-0.11493045755945958,BSE,True,NSE-trained; BSE current transfer
2026-10-01,RML,INE050H01012,1344.75,1344.75,6531845.968253968,2689.5,0.48388034171209515,0.08957177875867796,0.23741295998122552,0.37728259976102924,0.24471447832266402,0.11868392246880383,0.5354910883838392,0.03548966570896951,0.5354910883838392,0.5306999198523319,0.03808345475232911,0.19605077574047955,0.23741295998122552,0.08957177875867796,0.19605077574047955,0.5354910883838392,False,,,N100_drop0.50_s0.20_c0.05,1.0,0.0,0.0,False,False,1.0068271698186462,1.0170734897113791,-0.08654637964884415,-0.11493045755945958,BSE,True,NSE-trained; BSE current transfer
2026-10-01,VSSL,INE050M01012,383.4,383.4,7214451.047619048,766.8,0.4506251604797046,0.07739050418540182,0.19911690705264848,0.3886686737502356,0.2198828863947781,0.10500744042534566,0.5817955139516601,0.055866289645712386,0.5817955139516601,0.5759655050748679,0.05152977903954969,0.23979591836734693,0.19911690705264848,0.07739050418540182,0.23979591836734693,0.5817955139516601,False,,,N100_drop0.50_s0.20_c0.05,1.0,0.0,0.0,False,False,1.0068271698186462,1.0170734897113791,-0.08654637964884415,-0.11493045755945958,BSE,True,NSE-trained; BSE current transfer
2026-10-01,CAMLINFINE,INE052I01032,91.13,91.13,6074394.666666667,182.26,0.26613409228236556,0.03070249565188401,0.2864378097872388,0.10718730070827348,0.14882923152305969,0.00535710268769396,0.4159606810941739,0.05867515323900484,0.4159606810941739,0.4153941008051492,0.061331845332062186,0.1578542883492161,0.2864378097872388,0.03070249565188401,0.1578542883492161,0.4159606810941739,False,,,N100_drop0.50_s0.20_c0.05,1.0,0.0,0.0,False,False,1.0068271698186462,1.0170734897113791,-0.08654637964884415,-0.11493045755945958,BSE,True,NSE-trained; BSE current transfer
2026-10-01,CIANAGRO,INE052V01019,1015.75,1015.75,70040688.3015873,2031.5,0.3964945874557535,0.0604732714220159,0.27073091518174247,0.2233703948491439,0.1994456520588005,0.02510485792827416,0.540083808548656,0.08430321350491676,0.540083808548656,0.5747207084641671,0.0978537012306056,0.23979591836734693,0.27073091518174247,0.0604732714220159,0.23979591836734693,0.540083808548656,False,,,N100_drop0.50_s0.20_c0.05,1.0,0.0,0.0,False,False,1.0068271698186462,1.0170734897113791,-0.08654637964884415,-0.11493045755945958,BSE,True,NSE-trained; BSE current transfer
2026-10-01,INDHOTEL,INE053A01029,716.15,716.15,148175717.66666666,1432.3,0.2582356772180431,0.029285201841561134,0.12547005190484434,0.23340391907840158,0.2087039861161421,0.044984897894769296,0.4858777933663658,0.08525971380262037,0.4858777933663658,0.42126130546379303,0.12733398534935134,0.1578542883492161,0.12547005190484434,0.029285201841561134,0.1578542883492161,0.4858777933663658,False,,,N100_drop0.50_s0.20_c0.05,1.0,0.0,0.0,False,False,1.0068271698186462,1.0170734897113791,-0.08654637964884415,-0.11493045755945958,BSE,True,NSE-trained; BSE current transfer
2026-10-01,IRFC,INE053F01010,77.05,77.05,65540698.93650793,154.1,0.22570921080372003,0.02382755810915512,0.19752969195457418,0.12062772879043793,0.1824208008210924,0.06110630416608531,0.4351758655098203,0.06756015728756969,0.4351758655098203,0.38498088927703683,0.10137611827730879,0.1578542883492161,0.19752969195457418,0.02382755810915512,0.1578542883492161,0.4351758655098203,False,,,N100_drop0.50_s0.20_c0.05,1.0,0.0,0.0,False,False,1.0068271698186462,1.0170734897113791,-0.08654637964884415,-0.11493045755945958,BSE,True,NSE-trained; BSE current transfer
2026-10-01,VIPIND,INE054A01027,280.8,280.8,5161280.142857143,561.6,0.24816113838481724,0.027530853590597135,0.21236776548457043,0.129637628986577,0.1631197841230218,0.07202948342285756,0.429886154454653,0.04698171862670367,0.429886154454653,0.4170863353539389,0.06060695074518427,0.1578542883492161,0.21236776548457043,0.027530853590597135,0.1578542883492161,0.429886154454653,False,,,N100_drop0.50_s0.20_c0.05,1.0,0.0,0.0,False,False,1.0068271698186462,1.0170734897113791,-0.08654637964884415,-0.11493045755945958,BSE,True,NSE-trained; BSE current transfer
2026-10-01,ABREL,INE055A01016,1101.6,1101.6,21026764.174603175,2203.2,0.2606023750494013,0.029705966903734542,0.22554340582515423,0.13170842567999175,0.16728592237151205,0.031092360977918232,0.44251191351669467,0.07425545104176245,0.44251191351669467,0.44541554941010303,0.056831805904528174,0.1648675171736997,0.22554340582515423,0.029705966903734542,0.1648675171736997,0.44251191351669467,False,,,N100_drop0.50_s0.20_c0.05,1.0,0.0,0.0,False,False,1.0068271698186462,1.0170734897113791,-0.08654637964884415,-0.11493045755945958,BSE,True,NSE-trained; BSE current transfer
2026-10-01,CYIENTDLM,INE055S01018,895.65,895.65,61028118.3015873,1791.3,0.5304370870856534,0.10944156490028625,0.21921877900731282,0.4992344423952632,0.28441892560518744,0.1261883250931736,0.628438662570069,0.09151592451642424,0.628438662570069,0.6704443055617225,0.12350946324648354,0.3988439306358382,0.21921877900731282,0.10944156490028625,0.3988439306358382,0.628438662570069,True,0.7230000000000001,10.0,N100_drop0.50_s0.20_c0.05,1.0,0.0,0.0,False,False,1.0068271698186462,1.0170734897113791,-0.08654637964884415,-0.11493045755945958,BSE,True,NSE-trained; BSE current transfer
2026-10-01,IVALUE,INE056801025,219.05,219.05,5240153.682539683,438.1,0.32065964046470447,0.04157815191677102,0.21019393354147586,0.19780852480486427,0.1654766845822343,0.05981095068441844,0.488109615285417,0.005361227787373098,0.488109615285417,0.44647828230249975,0.05962078079598295,0.1648675171736997,0.21019393354147586,0.04157815191677102,0.1648675171736997,0.488109615285417,False,,,N100_drop0.50_s0.20_c0.05,1.0,0.0,0.0,False,False,1.0068271698186462,1.0170734897113791,-0.08654637964884415,-0.11493045755945958,BSE,True,NSE-trained; BSE current transfer
2026-10-01,REFEX,INE056I01025,271.45,271.45,12112236.952380951,542.9,0.38491777709693986,0.05725906753971871,0.23854882979617434,0.24003080454699002,0.19574685923338417,0.018104675916511354,0.5015452238624905,0.03856185280440638,0.5015452238624905,0.5166143679368559,0.02950101897157197,0.19197207678883071,0.23854882979617434,0.05725906753971871,0.19197207678883071,0.5015452238624905,False,,,N100_drop0.50_s0.20_c0.05,1.0,0.0,0.0,False,False,1.0068271698186462,1.0170734897113791,-0.08654637964884415,-0.11493045755945958,BSE,True,NSE-trained; BSE current transfer
2026-10-01,CIPLA,INE059A01026,1346.85,1346.85,114369892.98412699,2693.7,0.2874112979515296,0.03471186108357398,0.1487341042456304,0.23338198901745,0.17302164643921294,0.12004534925051809,0.4513038027881437,0.07916343535775217,0.4513038027881437,0.4126808982407237,0.11175099208420172,0.1578542883492161,0.1487341042456304,0.03471186108357398,0.1578542883492161,0.4513038027881437,False,,,N100_drop0.50_s0.20_c0.05,1.0,0.0,0.0,False,False,1.0068271698186462,1.0170734897113791,-0.08654637964884415,-0.11493045755945958,BSE,True,NSE-trained; BSE current transfer
2026-10-01,RATNAVEER,INE05CZ01011,345.1,345.1,76621733.3968254,690.2,0.49092054811901553,0.0923518793953708,0.25140538576085064,0.36734248598484887,0.2608379307124481,0.11018550890972403,0.5963560332922643,0.06421774417467327,0.5963560332922643,0.6103441667814024,0.08956370933410707,0.24014598540145982,0.25140538576085064,0.0923518793953708,0.24014598540145982,0.5963560332922643,False,,,N100_drop0.50_s0.20_c0.05,1.0,0.0,0.0,False,False,1.0068271698186462,1.0170734897113791,-0.08654637964884415,-0.11493045755945958,BSE,True,NSE-trained; BSE current transfer
2026-10-01,BHARATCOAL,INE05XR01022,31.73,31.73,23270323.825396825,63.46,0.2601514431504775,0.02962554096488858,0.1860556866747554,0.15922943014731442,0.18580645281210006,0.05349255143809584,0.46050257317560295,0.05925101145634461,0.46050257317560295,0.4077255605106808,0.10669417209050072,0.1578542883492161,0.1860556866747554,0.02962554096488858,0.1578542883492161,0.46050257317560295,False,,,N100_drop0.50_s0.20_c0.05,1.0,0.0,0.0,False,False,1.0068271698186462,1.0170734897113791,-0.08654637964884415,-0.11493045755945958,BSE,True,NSE-trained; BSE current transfer
2026-10-01,FORTIS,INE061F01013,785.9,785.9,172886257.3015873,1571.8,0.2437333161561224,0.026778300696109144,0.18920199279384467,0.14153286813044774,0.1794484653460985,0.061856406731977204,0.4644331275285154,0.05387732717675151,0.4644331275285154,0.4335576356751501,0.0852470110308557,0.1578542883492161,0.18920199279384467,0.026778300696109144,0.1578542883492161,0.4644331275285154,False,,,N100_drop0.50_s0.20_c0.05,1.0,0.0,0.0,False,False,1.0068271698186462,1.0170734897113791,-0.08654637964884415,-0.11493045755945958,BSE,True,NSE-trained; BSE current transfer
2026-10-01,SBIN,INE062A01020,954.0,954.0,664472637.3809524,1908.0,0.20637590419307963,0.02085522162593717,0.13414108022593316,0.15547229521941244,0.1781759338535252,0.08867998314376677,0.4064882268093744,0.09048880913212362,0.4064882268093744,0.33411599426541344,0.13871263512663765,0.11306122448979591,0.13414108022593316,0.02085522162593717,0.11306122448979591,0.4064882268093744,False,,,N100_drop0.50_s0.20_c0.05,1.0,0.0,0.0,False,False,1.0068271698186462,1.0170734897113791,-0.08654637964884415,-0.11493045755945958,BSE,True,NSE-trained; BSE current transfer
2026-10-01,ALICON,INE062D01024,874.3,874.3,6931818.285714285,1748.6,0.4534768836567855,0.07837707880450197,0.24571992684512345,0.3189691605838008,0.22954904839649112,0.0886476634478878,0.5483992254483122,0.030077586097536763,0.5483992254483122,0.515083366288588,0.016854373229948705,0.18294117647058825,0.24571992684512345,0.07837707880450197,0.18294117647058825,0.5483992254483122,False,,,N100_drop0.50_s0.20_c0.05,1.0,0.0,0.0,False,False,1.0068271698186462,1.0170734897113791,-0.08654637964884415,-0.11493045755945958,BSE,True,NSE-trained; BSE current transfer
2026-10-01,POCL,INE063E01061,437.15,437.15,24011610.936507937,874.3,0.3176122546690201,0.04091638024707506,0.20759974673299217,0.197092630848439,0.18563234975618403,0.02842186924655496,0.4826478193297863,0.07686884397117705,0.4826478193297863,0.46085958667877147,0.08454823313696122,0.17320574162679425,0.20759974673299217,0.04091638024707506,0.17320574162679425,0.4826478193297863,False,,,N100_drop0.50_s0.20_c0.05,1.0,0.0,0.0,False,False,1.0068271698186462,1.0170734897113791,-0.08654637964884415,-0.11493045755945958,BSE,True,NSE-trained; BSE current transfer
2026-10-01,EQUITASBNK,INE063P01018,68.55,68.55,19582083.23809524,137.1,0.3289340998222779,0.04340977826117444,0.17146294509989377,0.25317294203645013,0.18308844075452965,0.08251378449141966,0.5206036567039906,0.030037460157590255,0.5206036567039906,0.5015740478488365,0.03965298604800828,0.18294117647058825,0.17146294509989377,0.04340977826117444,0.18294117647058825,0.5206036567039906,False,,,N100_drop0.50_s0.20_c0.05,1.0,0.0,0.0,False,False,1.0068271698186462,1.0170734897113791,-0.08654637964884415,-0.11493045755945958,BSE,True,NSE-trained; BSE current transfer
2026-10-01,TIMEX,INE064A01026,730.7,730.7,38722894.52380952,1461.4,0.5072709794406329,0.09910537003361394,0.2530601347243737,0.39162774548253854,0.2662394471453989,0.06851334208255982,0.5771556652408693,0.055565397114368816,0.5771556652408693,0.5805483392039218,0.06648539295259473,0.24014598540145982,0.2530601347243737,0.09910537003361394,0.24014598540145982,0.5771556652408693,False,,,N100_drop0.50_s0.20_c0.05,1.0,0.0,0.0,False,False,1.0068271698186462,1.0170734897113791,-0.08654637964884415,-0.11493045755945958,BSE,True,NSE-trained; BSE current transfer
2026-10-01,TRIDENT,INE064C01022,22.2,22.2,11765530.92063492,44.4,0.23989583759871533,0.0261350409539954,0.1786607291390311,0.1462830756369381,0.17912620921200098,0.0835921658662752,0.43591504406033926,0.055462774228187635,0.43591504406033926,0.4020911949832999,0.07328444852990312,0.1578542883492161,0.1786607291390311,0.0261350409539954,0.1578542883492161,0.43591504406033926,False,,,N100_drop0.50_s0.20_c0.05,1.0,0.0,0.0,False,False,1.0068271698186462,1.0170734897113791,-0.08654637964884415,-0.11493045755945958,BSE,True,NSE-trained; BSE current transfer
2026-10-01,AEROENTER,INE065D01027,121.75,121.75,7964861.444444444,243.5,0.4467985323990076,0.07608279090046091,0.26738864911542204,0.28454009230443705,0.21887325663737456,0.08305438426721407,0.5511758527915855,0.03615231185603278,0.5511758527915855,0.5734098160645562,0.056029893344462255,0.23979591836734693,0.26738864911542204,0.07608279090046091,0.23979591836734693,0.5511758527915855,False,,,N100_drop0.50_s0.20_c0.05,1.0,0.0,0.0,False,False,1.0068271698186462,1.0170734897113791,-0.08654637964884415,-0.11493045755945958,BSE,True,NSE-trained; BSE current transfer
2026-10-01,INDGN,INE065X01017,594.0,594.0,41724512.65079365,1188.0,0.3369150551218143,0.04522573036445731,0.14196653844024104,0.3185661273518653,0.19521897484587541,0.06555940549360291,0.5440902252083306,0.04421285009318752,0.5440902252083306,0.5132916016798984,0.052350919657056044,0.18294117647058825,0.14196653844024104,0.04522573036445731,0.18294117647058825,0.5440902252083306,False,,,N100_drop0.50_s0.20_c0.05,1.0,0.0,0.0,False,False,1.0068271698186462,1.0170734897113791,-0.08654637964884415,-0.11493045755945958,BSE,True,NSE-trained; BSE current transfer
2026-10-01,WONDERLA,INE066O01014,494.1,494.1,7086521.412698412,988.2,0.29376474002489994,0.03596543038044735,0.15963011977300448,0.22530478854235356,0.17293913601878372,0.070516938802043,0.5125053420475044,0.01411291063059423,0.5125053420475044,0.4801198447294281,0.03177552884401314,0.17320574162679425,0.15963011977300448,0.03596543038044735,0.17320574162679425,0.5125053420475044,False,,,N100_drop0.50_s0.20_c0.05,1.0,0.0,0.0,False,False,1.0068271698186462,1.0170734897113791,-0.08654637964884415,-0.11493045755945958,BSE,True,NSE-trained; BSE current transfer
2026-10-01,INOXWIND,INE066P01011,68.9,68.9,65491724.17460317,137.8,0.2583626976706673,0.029307699898417496,0.23903118857425273,0.12261035923064635,0.17188629071062272,0.01099847238619267,0.4270159575151455,0.0869712689631391,0.4270159575151455,0.4464033970913048,0.04791295677654887,0.1648675171736997,0.23903118857425273,0.029307699898417496,0.1648675171736997,0.4270159575151455,False,,,N100_drop0.50_s0.20_c0.05,1.0,0.0,0.0,False,False,1.0068271698186462,1.0170734897113791,-0.08654637964884415,-0.11493045755945958,BSE,True,NSE-trained; BSE current transfer
2026-10-01,CGPOWER,INE067A01029,876.75,876.75,229297462.1111111,1753.5,0.30721718924949526,0.038709424040872575,0.14195805351328644,0.27268212745147,0.20677770936472847,0.058254018622832845,0.5648935584024327,0.04542861659552727,0.5648935584024327,0.5278500955624942,0.04479489871712016,0.19605077574047955,0.14195805351328644,0.038709424040872575,0.19605077574047955,0.5648935584024327,False,,,N100_drop0.50_s0.20_c0.05,1.0,0.0,0.0,False,False,1.0068271698186462,1.0170734897113791,-0.08654637964884415,-0.11493045755945958,BSE,True,NSE-trained; BSE current transfer
2026-10-01,SEKURITIND,INE068B01017,108.9,108.9,5971872.80952381,217.8,0.3877472695473867,0.05803266198117991,0.16564979383346584,0.3503334392285595,0.18918372023252777,0.10665412011303449,0.5649086648979511,0.05246247051089471,0.5649086648979511,0.5346800743576389,0.03455171255849272,0.21568627450980393,0.16564979383346584,0.05803266198117991,0.21568627450980393,0.5649086648979511,False,,,N100_drop0.50_s0.20_c0.05,1.0,0.0,0.0,False,False,1.0068271698186462,1.0170734897113791,-0.08654637964884415,-0.11493045755945958,BSE,True,NSE-trained; BSE current transfer
2026-10-01,EMBDL,INE069I01010,56.12,56.12,11978820.825396825,112.24,0.36217769918019527,0.05131055538834911,0.28234780311864704,0.18172819062731504,0.18305342637647007,0.06353938194699588,0.48220591777522176,0.012731751021093873,0.48220591777522176,0.5024928226977122,0.00510402448468002,0.18294117647058825,0.28234780311864704,0.05131055538834911,0.18294117647058825,0.48220591777522176,False,,,N100_drop0.50_s0.20_c0.05,1.0,0.0,0.0,False,False,1.0068271698186462,1.0170734897113791,-0.08654637964884415,-0.11493045755945958,BSE,True,NSE-trained; BSE current transfer
2026-10-01,INDIQUBE,INE06ST01018,196.35,196.35,7753243.015873016,392.7,0.4097904716712618,0.06433003907171037,0.1733572094537441,0.3710837251846464,0.20395150216657593,0.047268375962575604,0.5357744431081378,0.0318599930047137,0.5357744431081378,0.5326322538671331,0.03822360919671232,0.19605077574047955,0.1733572094537441,0.06433003907171037,0.19605077574047955,0.5357744431081378,False,,,N100_drop0.50_s0.20_c0.05,1.0,0.0,0.0,False,False,1.0068271698186462,1.0170734897113791,-0.08654637964884415,-0.11493045755945958,BSE,True,NSE-trained; BSE current transfer
2026-10-01,SHANTIGOLD,INE06ZD01017,303.0,303.0,44269246.53968254,606.0,0.46691882657445655,0.08317006194893545,0.2315581368394588,0.35917572616589993,0.24424442450885137,0.05300530088958039,0.5891101992335298,0.05717631602452726,0.5891101992335298,0.5858715013158701,0.07620053126895589,0.24014598540145982,0.2315581368394588,0.08317006194893545,0.24014598540145982,0.5891101992335298,False,,,N100_drop0.50_s0.20_c0.05,1.0,0.0,0.0,False,False,1.0068271698186462,1.0170734897113791,-0.08654637964884415,-0.11493045755945958,BSE,True,NSE-trained; BSE current transfer
2026-10-01,MENONBE,INE071D01033,288.55,288.55,7105243.428571428,577.1,0.5183464929781098,0.1039295686659553,0.2002624860822683,0.5189667356034959,0.2640436102906613,0.13709836389044658,0.6410151435531755,0.11039047021850983,0.6410151435531755,0.6491972515565847,0.10537757772913486,0.28798185941043086,0.2002624860822683,0.1039295686659553,0.28798185941043086,0.6410151435531755,True,0.757,9.0,N100_drop0.50_s0.20_c0.05,1.0,0.0,0.0,False,False,1.0068271698186462,1.0170734897113791,-0.08654637964884415,-0.11493045755945958,BSE,True,NSE-trained; BSE current transfer
2026-10-01,EPIGRAL,INE071N01016,983.4,983.4,5220587.603174604,1966.8,0.37383704675155394,0.05430191567224078,0.22872154233368105,0.2374149593352248,0.17892432721687304,0.045248244186948144,0.5292264716464096,0.029970106012695924,0.5292264716464096,0.5507473756854059,0.040319361935233174,0.21834496510468593,0.22872154233368105,0.05430191567224078,0.21834496510468593,0.5292264716464096,False,,,N100_drop0.50_s0.20_c0.05,1.0,0.0,0.0,False,False,1.0068271698186462,1.0170734897113791,-0.08654637964884415,-0.11493045755945958,BSE,True,NSE-trained; BSE current transfer
2026-10-01,SONACOMS,INE073K01018,805.95,805.95,152694274.9047619,1611.9,0.3641324866739974,0.05180372112195576,0.14668246482742725,0.3531691479475964,0.20751756780316566,0.07284941755679032,0.5814563162034881,0.055195785467523975,0.5814563162034881,0.5616482767336931,0.05850276465935624,0.21834496510468593,0.14668246482742725,0.05180372112195576,0.21834496510468593,0.5814563162034881,False,,,N100_drop0.50_s0.20_c0.05,1.0,0.0,0.0,False,False,1.0068271698186462,1.0170734897113791,-0.08654637964884415,-0.11493045755945958,BSE,True,NSE-trained; BSE current transfer
2026-10-01,COMSYN,INE073V01015,262.0,262.0,8160289.349206349,524.0,0.4233471268369654,0.0684546217831001,0.19877320122340358,0.34438556788227775,0.2272515059908886,0.12318443736451976,0.6253816821830599,0.09151350893273916,0.6253816821830599,0.6322464465836587,0.09981617318288691,0.28798185941043086,0.19877320122340358,0.0684546217831001,0.28798185941043086,0.6253816821830599,False,,,N100_drop0.50_s0.20_c0.05,1.0,0.0,0.0,False,False,1.0068271698186462,1.0170734897113791,-0.08654637964884415,-0.11493045755945958,BSE,True,NSE-trained; BSE current transfer
2026-10-01,PRAJIND,INE074A01025,303.0,303.0,30683967.666666668,606.0,0.30971741010045695,0.03923321138542728,0.18645869542313365,0.21041234519202623,0.18491916776786488,0.0396703404694938,0.4896004007795826,0.07392537593063583,0.4896004007795826,0.46598624443336867,0.09428562085593839,0.17320574162679425,0.18645869542313365,0.03923321138542728,0.17320574162679425,0.4896004007795826,False,,,N100_drop0.50_s0.20_c0.05,1.0,0.0,0.0,False,False,1.0068271698186462,1.0170734897113791,-0.08654637964884415,-0.11493045755945958,BSE,True,NSE-trained; BSE current transfer
2026-10-01,PARACABLES,INE074B01023,56.49,56.49,7613903.634920635,112.98,0.43892159204025655,0.07344786509656158,0.23020899023654073,0.3190486393302607,0.22053957390070678,0.07039775721593422,0.5646555887814965,0.047373539628048245,0.5646555887814965,0.5774374587049982,0.060509279438261954,0.24014598540145982,0.23020899023654073,0.07344786509656158,0.24014598540145982,0.5646555887814965,False,,,N100_drop0.50_s0.20_c0.05,1.0,0.0,0.0,False,False,1.0068271698186462,1.0170734897113791,-0.08654637964884415,-0.11493045755945958,BSE,True,NSE-trained; BSE current transfer
2026-10-01,WIPRO,INE075A01022,159.5,159.5,119836879.42857143,319.0,0.22697718638496,0.024029353545802257,0.18783325830056444,0.12792917379600208,0.1787504817528844,0.045935343080977964,0.44799348120980026,0.0663737432521107,0.44799348120980026,0.3871940953308178,0.1145182660675744,0.1578542883492161,0.18783325830056444,0.024029353545802257,0.1578542883492161,0.44799348120980026,False,,,N100_drop0.50_s0.20_c0.05,1.0,0.0,0.0,False,False,1.0068271698186462,1.0170734897113791,-0.08654637964884415,-0.11493045755945958,BSE,True,NSE-trained; BSE current transfer
2026-10-01,HCG,INE075I01017,668.1,668.1,50283499.92063492,1336.2,0.364891419554524,0.05199608615530811,0.1770275061184883,0.29371755438110286,0.18791698704952361,0.10180978323748618,0.5167285314248334,0.04188470717349111,0.5167285314248334,0.5120472947589273,0.04298966113451347,0.18294117647058825,0.1770275061184883,0.05199608615530811,0.18294117647058825,0.5167285314248334,False,,,N100_drop0.50_s0.20_c0.05,1.0,0.0,0.0,False,False,1.0068271698186462,1.0170734897113791,-0.08654637964884415,-0.11493045755945958,BSE,True,NSE-trained; BSE current transfer
2026-10-01,SIYSIL,INE076B01028,529.7,529.7,7592835.587301588,1059.4,0.3110074185600673,0.03950519075803525,0.1923397676680474,0.20539273410278786,0.1715856667756416,0.0808684150095669,0.47954494620037774,0.015078072673183819,0.47954494620037774,0.48700497735083276,0.014285888416735408,0.17320574162679425,0.1923397676680474,0.03950519075803525,0.17320574162679425,0.47954494620037774,False,,,N100_drop0.50_s0.20_c0.05,1.0,0.0,0.0,False,False,1.0068271698186462,1.0170734897113791,-0.08654637964884415,-0.11493045755945958,BSE,True,NSE-trained; BSE current transfer
2026-10-01,GOCLCORP,INE077F01035,351.2,351.2,8225424.396825396,702.4,0.4676014820052574,0.08341992234322645,0.24066082496226107,0.3466285896606057,0.24113616158596904,0.06097987151063339,0.5507756987370714,0.037670515335702405,0.5507756987370714,0.5662702760149928,0.06450541430652548,0.21834496510468593,0.24066082496226107,0.08341992234322645,0.21834496510468593,0.5507756987370714,False,,,N100_drop0.50_s0.20_c0.05,1.0,0.0,0.0,False,False,1.0068271698186462,1.0170734897113791,-0.08654637964884415,-0.11493045755945958,BSE,True,NSE-trained; BSE current transfer
2026-10-01,VIKRAMSOLR,INE078V01014,154.1,154.1,47877840.333333336,308.2,0.2813347558411114,0.03353760073764034,0.2667725243960331,0.12571609768872824,0.16342958533412344,0.0005029834654836085,0.45989960836948757,0.03932643185311167,0.45989960836948757,0.4584336119682426,0.06578449988262486,0.17320574162679425,0.2667725243960331,0.03353760073764034,0.17320574162679425,0.45989960836948757,False,,,N100_drop0.50_s0.20_c0.05,1.0,0.0,0.0,False,False,1.0068271698186462,1.0170734897113791,-0.08654637964884415,-0.11493045755945958,BSE,True,NSE-trained; BSE current transfer
2026-10-01,AMBUJACEM,INE079A01024,363.0,363.0,53594363.17460317,726.0,0.2335069263688959,0.02508226872425455,0.2062660986350396,0.12160150839248811,0.17222961675142887,0.06396520701545291,0.4247680243426806,0.06761350186542191,0.4247680243426806,0.38329524034434853,0.09723656587856794,0.1578542883492161,0.2062660986350396,0.02508226872425455,0.1578542883492161,0.4247680243426806,False,,,N100_drop0.50_s0.20_c0.05,1.0,0.0,0.0,False,False,1.0068271698186462,1.0170734897113791,-0.08654637964884415,-0.11493045755945958,BSE,True,NSE-trained; BSE current transfer
2026-10-01,ZAGGLE,INE07K301024,171.85,171.85,33144701.23809524,343.7,0.3133304668385573,0.0399979586508111,0.27348662953387753,0.14625197114382676,0.21422454945868788,0.03321753788241627,0.49439866329515486,0.07137453418981271,0.49439866329515486,0.5088393121149039,0.098160816027261,0.18294117647058825,0.27348662953387753,0.0399979586508111,0.18294117647058825,0.49439866329515486,False,,,N100_drop0.50_s0.20_c0.05,1.0,0.0,0.0,False,False,1.0068271698186462,1.0170734897113791,-0.08654637964884415,-0.11493045755945958,BSE,True,NSE-trained; BSE current transfer
2026-10-01,SUPRIYA,INE07RO01027,930.7,930.7,19225444.031746034,1861.4,0.4244342019822611,0.06879411016745304,0.2018690968950052,0.3407857429670564,0.21308073794862864,0.08294803038015072,0.5753869984235894,0.05112065195848339,0.5753869984235894,0.562249312223448,0.04135084022079517,0.21834496510468593,0.2018690968950052,0.06879411016745304,0.21834496510468593,0.5753869984235894,False,,,N100_drop0.50_s0.20_c0.05,1.0,0.0,0.0,False,False,1.0068271698186462,1.0170734897113791,-0.08654637964884415,-0.11493045755945958,BSE,True,NSE-trained; BSE current transfer
2026-10-01,RBA,INE07T201019,92.12,92.12,44562574.365079366,184.24,0.43717750019080626,0.07287460296636095,0.19574235169277887,0.37229859729456477,0.22690366379383878,0.13022729097338162,0.6128668239900531,0.08200675018354915,0.6128668239900531,0.613491118693589,0.09295141625490733,0.24691358024691357,0.19574235169277887,0.07287460296636095,0.24691358024691357,0.6128668239900531,False,,,N100_drop0.50_s0.20_c0.05,1.0,0.0,0.0,False,False,1.0068271698186462,1.0170734897113791,-0.08654637964884415,-0.11493045755945958,BSE,True,NSE-trained; BSE current transfer
2026-10-01,LLOYDSENT,INE080I01025,77.98,77.98,23641646.301587302,155.96,0.45542925285779134,0.0790585162828206,0.17813727435578,0.4438067022678423,0.23579397866100196,0.07630008215589545,0.6009914832464326,0.06629757584714793,0.6009914832464326,0.591165768594153,0.06990643567833503,0.24014598540145982,0.17813727435578,0.0790585162828206,0.24014598540145982,0.6009914832464326,False,,,N100_drop0.50_s0.20_c0.05,1.0,0.0,0.0,False,False,1.0068271698186462,1.0170734897113791,-0.08654637964884415,-0.11493045755945958,BSE,True,NSE-trained; BSE current transfer
2026-10-01,TATASTEEL,INE081A01020,179.1,179.1,257381060.96825397,358.2,0.24339232282818343,0.026720806421576405,0.14431174581956224,0.18516030188551882,0.1912531115098304,0.04657991791555029,0.44341340752685077,0.09929001897777719,0.44341340752685077,0.39467501282157463,0.11731195288791829,0.1578542883492161,0.14431174581956224,0.026720806421576405,0.1578542883492161,0.44341340752685077,False,,,N100_drop0.50_s0.20_c0.05,1.0,0.0,0.0,False,False,1.0068271698186462,1.0170734897113791,-0.08654637964884415,-0.11493045755945958,BSE,True,NSE-trained; BSE current transfer
2026-10-01,KOPRAN,INE082A01010,282.25,282.25,14731131.174603175,564.5,0.49563367013414045,0.09425522817753633,0.22469753819692015,0.41947601622111697,0.2584521112317366,0.12626728191611503,0.5816074510374108,0.046145278687114544,0.5816074510374108,0.5531955396216498,0.0859637470261302,0.21834496510468593,0.22469753819692015,0.09425522817753633,0.21834496510468593,0.5816074510374108,False,,,N100_drop0.50_s0.20_c0.05,1.0,0.0,0.0,False,False,1.0068271698186462,1.0170734897113791,-0.08654637964884415,-0.11493045755945958,BSE,True,NSE-trained; BSE current transfer
2026-10-01,MOREPENLAB,INE083A01026,133.7,133.7,117082410.71428572,267.4,0.49657917406258495,0.09464121978647558,0.37520629150096635,0.25223782737724115,0.2634073564483312,0.011997971440214306,0.5743292464849655,0.047727943032413345,0.5743292464849655,0.6056288066568271,0.08495372676990036,0.24014598540145982,0.37520629150096635,0.09464121978647558,0.24014598540145982,0.5743292464849655,False,,,N100_drop0.50_s0.20_c0.05,1.0,0.0,0.0,False,False,1.0068271698186462,1.0170734897113791,-0.08654637964884415,-0.11493045755945958,BSE,True,NSE-trained; BSE current transfer
2026-10-01,BANKINDIA,INE084A01016,129.2,129.2,48050738.746031746,258.4,0.2971059630240591,0.03663545208175441,0.16577034715988953,0.22100123881877753,0.17187341376109316,0.05313756989792752,0.47286301662958147,0.06715540299584022,0.47286301662958147,0.43993560253563196,0.10489511038054594,0.1578542883492161,0.16577034715988953,0.03663545208175441,0.1578542883492161,0.47286301662958147,False,,,N100_drop0.50_s0.20_c0.05,1.0,0.0,0.0,False,False,1.0068271698186462,1.0170734897113791,-0.08654637964884415,-0.11493045755945958,BSE,True,NSE-trained; BSE current transfer
2026-10-01,WEWORK,INE085001019,659.0,659.0,59435484.93650793,1318.0,0.3785029503689054,0.055533247224128175,0.15393648602726376,0.3607542867666387,0.2147697135655368,0.050265534631151854,0.5802665240606564,0.06117142201868698,0.5802665240606564,0.5739761483696332,0.07976967616455978,0.23979591836734693,0.15393648602726376,0.055533247224128175,0.23979591836734693,0.5802665240606564,False,,,N100_drop0.50_s0.20_c0.05,1.0,0.0,0.0,False,False,1.0068271698186462,1.0170734897113791,-0.08654637964884415,-0.11493045755945958,BSE,True,NSE-trained; BSE current transfer
2026-10-01,CHAMBLFERT,INE085A01013,399.4,399.4,26333772.825396825,798.8,0.23879163820602323,0.025951474906203167,0.1715760846973357,0.15125345092226686,0.1868785331718254,0.05311727475174827,0.4079002328044161,0.09784370338953688,0.4079002328044161,0.3703546617285676,0.11280988120930135,0.14960629921259844,0.1715760846973357,0.025951474906203167,0.14960629921259844,0.4079002328044161,False,,,N100_drop0.50_s0.20_c0.05,1.0,0.0,0.0,False,False,1.0068271698186462,1.0170734897113791,-0.08654637964884415,-0.11493045755945958,BSE,True,NSE-trained; BSE current transfer
2026-10-01,ELECTCAST,INE086A01029,74.56,74.56,10039084.333333334,149.12,0.3287514594453449,0.04336879339965255,0.2019417171716809,0.21475896118473894,0.17995926442371177,0.07587113609508886,0.5081200880144715,0.03768658428618787,0.5081200880144715,0.49302789823463894,0.03136111622935603,0.17320574162679425,0.2019417171716809,0.04336879339965255,0.17320574162679425,0.5081200880144715,False,,,N100_drop0.50_s0.20_c0.05,1.0,0.0,0.0,False,False,1.0068271698186462,1.0170734897113791,-0.08654637964884415,-0.11493045755945958,BSE,True,NSE-trained; BSE current transfer
2026-10-01,RENUKA,INE087H01022,21.31,21.31,23828933.777777776,42.62,0.2999387715819252,0.03720942810691066,0.23006125996499663,0.16173704391852847,0.16995251144981527,0.03789285770102724,0.4649347632589887,0.07039249172426552,0.4649347632589887,0.4707155488648856,0.044647021630800234,0.17320574162679425,0.23006125996499663,0.03720942810691066,0.17320574162679425,0.4649347632589887,False,,,N100_drop0.50_s0.20_c0.05,1.0,0.0,0.0,False,False,1.0068271698186462,1.0170734897113791,-0.08654637964884415,-0.11493045755945958,BSE,True,NSE-trained; BSE current transfer
2026-10-01,PARADEEP,INE088F01024,151.15,151.15,71076331.8888889,302.3,0.40793116131451146,0.06377972717997309,0.18542426181620225,0.3439664613209751,0.21636845234182717,0.1219458675538361,0.5348091256285937,0.058290765751611864,0.5348091256285937,0.578039608359672,0.06982091556718042,0.24014598540145982,0.18542426181620225,0.06377972717997309,0.24014598540145982,0.5348091256285937,False,,,N100_drop0.50_s0.20_c0.05,1.0,0.0,0.0,False,False,1.0068271698186462,1.0170734897113791,-0.08654637964884415,-0.11493045755945958,BSE,True,NSE-trained; BSE current transfer
2026-10-01,DRREDDY,INE089A01031,1200.1,1200.1,131388125.8095238,2400.2,0.2550919852150044,0.02873141718966936,0.15097173856155677,0.19030990477700896,0.19676427206522457,0.038240600539099154,0.46624998736400297,0.06279480972310186,0.46624998736400297,0.38900592893262914,0.14135392471481031,0.1578542883492161,0.15097173856155677,0.02873141718966936,0.1578542883492161,0.46624998736400297,False,,,N100_drop0.50_s0.20_c0.05,1.0,0.0,0.0,False,False,1.0068271698186462,1.0170734897113791,-0.08654637964884415,-0.11493045755945958,BSE,True,NSE-trained; BSE current transfer
2026-10-01,STLTECH,INE089C01029,954.3,954.3,123653384.92063493,1908.6,0.551413168018672,0.1196603086116476,0.323284546935602,0.3701392774442876,0.30936898786394923,0.16707494612834134,0.5836510732018733,0.05130430420898186,0.5836510732018733,0.6241704447924605,0.09414640998532751,0.28798185941043086,0.323284546935602,0.1196603086116476,0.28798185941043086,0.5836510732018733,False,,,N100_drop0.50_s0.20_c0.05,1.0,0.0,0.0,False,False,1.0068271698186462,1.0170734897113791,-0.08654637964884415,-0.11493045755945958,BSE,True,NSE-trained; BSE current transfer
2026-10-01,MUFIN,INE08KJ01020,131.35,131.35,6203346.349206349,262.7,0.32960276042792513,0.04356004350451909,0.13404621345378454,0.32496287945901137,0.18200160382878136,0.03003306811583671,0.5349856747820841,0.0262663689923894,0.5349856747820841,0.5239837367989151,0.016671235256710024,0.19197207678883071,0.13404621345378454,0.04356004350451909,0.19197207678883071,0.5349856747820841,False,,,N100_drop0.50_s0.20_c0.05,1.0,0.0,0.0,False,False,1.0068271698186462,1.0170734897113791,-0.08654637964884415,-0.11493045755945958,BSE,True,NSE-trained; BSE current transfer
2026-10-01,SAMHI,INE08U801020,154.35,154.35,25508597.85714286,308.7,0.363731964160029,0.05170240420462057,0.20994108709759207,0.24627101307037852,0.18713554890347103,0.07171617904853153,0.479133831721467,0.04471871510048842,0.479133831721467,0.47705985554834324,0.03715873335071742,0.17320574162679425,0.20994108709759207,0.05170240420462057,0.17320574162679425,0.479133831721467,False,,,N100_drop0.50_s0.20_c0.05,1.0,0.0,0.0,False,False,1.0068271698186462,1.0170734897113791,-0.08654637964884415,-0.11493045755945958,BSE,True,NSE-trained; BSE current transfer
2026-10-01,ICICIBANK,INE090A01021,1305.5,1305.5,1540822958.015873,2611.0,0.20409346051328606,0.020516980317986017,0.11285075573312996,0.18180631742072403,0.17832057850443467,0.0637235858164786,0.40973020541774163,0.08572572333899788,0.40973020541774163,0.3209650445004986,0.13734232034047528,0.11306122448979591,0.11285075573312996,0.020516980317986017,0.11306122448979591,0.40973020541774163,False,,,N100_drop0.50_s0.20_c0.05,1.0,0.0,0.0,False,False,1.0068271698186462,1.0170734897113791,-0.08654637964884415,-0.11493045755945958,BSE,True,NSE-trained; BSE current transfer
2026-10-01,TATACHEM,INE092A01019,607.9,607.9,73304796.3015873,1215.8,0.31617825666243293,0.04060731802376422,0.29674803336296174,0.13684106871264806,0.1998574798757097,0.07009483729991445,0.4067533555504479,0.0900667353373711,0.4067533555504479,0.4576122580617484,0.06126331139662995,0.17320574162679425,0.29674803336296174,0.04060731802376422,0.17320574162679425,0.4067533555504479,False,,,N100_drop0.50_s0.20_c0.05,1.0,0.0,0.0,False,False,1.0068271698186462,1.0170734897113791,-0.08654637964884415,-0.11493045755945958,BSE,True,NSE-trained; BSE current transfer
2026-10-01,INDNIPPON,INE092B01025,1231.05,1231.05,13866373.888888888,2462.1,0.4673294405149794,0.08332027547098249,0.22490126316265843,0.37047491107562885,0.240140055594845,0.06559293971775906,0.5816142704024232,0.049473469179968164,0.5816142704024232,0.5686427791738401,0.0658405659432518,0.21834496510468593,0.22490126316265843,0.08332027547098249,0.21834496510468593,0.5816142704024232,False,,,N100_drop0.50_s0.20_c0.05,1.0,0.0,0.0,False,False,1.0068271698186462,1.0170734897113791,-0.08654637964884415,-0.11493045755945958,BSE,True,NSE-trained; BSE current transfer
2026-10-01,IDFCFIRSTB,INE092T01019,80.32,80.32,119056567.42857143,160.64,0.3036758742305776,0.03797502187973708,0.135856436045364,0.27952317155630957,0.20383695533763505,0.0428486060903001,0.5288746874563952,0.07340190970337088,0.5288746874563952,0.5136249948568692,0.0740892329509927,0.18294117647058825,0.135856436045364,0.03797502187973708,0.18294117647058825,0.5288746874563952,False,,,N100_drop0.50_s0.20_c0.05,1.0,0.0,0.0,False,False,1.0068271698186462,1.0170734897113791,-0.08654637964884415,-0.11493045755945958,BSE,True,NSE-trained; BSE current transfer
2026-10-01,HEXT,INE093A01041,490.1,490.1,89219274.12698413,980.2,0.35101413276640936,0.04855674737927725,0.23615148211324094,0.2056169495306957,0.18198350177806155,0.07322785463809114,0.48682885351225336,0.050943305057638624,0.48682885351225336,0.5107352011392869,0.04301525341267566,0.18294117647058825,0.23615148211324094,0.04855674737927725,0.18294117647058825,0.48682885351225336,False,,,N100_drop0.50_s0.20_c0.05,1.0,0.0,0.0,False,False,1.0068271698186462,1.0170734897113791,-0.08654637964884415,-0.11493045755945958,BSE,True,NSE-trained; BSE current transfer
2026-10-01,OBEROIRLTY,INE093I01010,1775.0,1775.0,119675508.87301587,3550.0,0.28647435873800636,0.03452924266414926,0.14023536547906165,0.24622350108471583,0.20008865206436227,0.04916635905676471,0.5176178798063104,0.05520756326192189,0.5176178798063104,0.48421364270849937,0.06674544467958496,0.17320574162679425,0.14023536547906165,0.03452924266414926,0.17320574162679425,0.5176178798063104,False,,,N100_drop0.50_s0.20_c0.05,1.0,0.0,0.0,False,False,1.0068271698186462,1.0170734897113791,-0.08654637964884415,-0.11493045755945958,BSE,True,NSE-trained; BSE current transfer
2026-10-01,LLOYDSENGG,INE093R01011,98.35,98.35,76183040.0,196.7,0.44904943965826016,0.07684979224896654,0.20907252335014884,0.3675748061846494,0.24109765866064106,0.13922452895292628,0.5939546134056481,0.06050274169860683,0.5939546134056481,0.5916840954021246,0.071736869224314,0.24014598540145982,0.20907252335014884,0.07684979224896654,0.24014598540145982,0.5939546134056481,False,,,N100_drop0.50_s0.20_c0.05,1.0,0.0,0.0,False,False,1.0068271698186462,1.0170734897113791,-0.08654637964884415,-0.11493045755945958,BSE,True,NSE-trained; BSE current transfer
2026-10-01,HINDPETRO,INE094A01015,346.0,346.0,164473052.3015873,692.0,0.2501592045439127,0.027874110862301953,0.1675398230272072,0.1663730470681911,0.1742081422991641,0.035649882995446275,0.4408679599268237,0.0743680901507563,0.4408679599268237,0.4011192962194213,0.1159129150710923,0.1578542883492161,0.1675398230272072,0.027874110862301953,0.1578542883492161,0.4408679599268237,False,,,N100_drop0.50_s0.20_c0.05,1.0,0.0,0.0,False,False,1.0068271698186462,1.0170734897113791,-0.08654637964884415,-0.11493045755945958,BSE,True,NSE-trained; BSE current transfer
2026-10-01,ASHIKAG,INE094B01013,389.9,389.9,9470578.285714285,779.8,0.39989045231256887,0.06144115969291222,0.18743782513939158,0.32779488156790326,0.201155799653632,0.11635556262159373,0.5293368650312024,0.04942807914394733,0.5293368650312024,0.5554308897001684,0.05592787949150732,0.21834496510468593,0.18743782513939158,0.06144115969291222,0.21834496510468593,0.5293368650312024,False,,,N100_drop0.50_s0.20_c0.05,1.0,0.0,0.0,False,False,1.0068271698186462,1.0170734897113791,-0.08654637964884415,-0.11493045755945958,BSE,True,NSE-trained; BSE current transfer
2026-10-01,KOLTEPATIL,INE094I01018,420.05,420.05,8361305.793650794,840.1,0.4122248011669185,0.06505606121532655,0.18282723252075872,0.35583353922911837,0.20594594012160014,0.10521598538973277,0.5566227392834598,0.052317915212025244,0.5566227392834598,0.5837971333276245,0.06753709639306849,0.24014598540145982,0.18282723252075872,0.06505606121532655,0.24014598540145982,0.5566227392834598,False,,,N100_drop0.50_s0.20_c0.05,1.0,0.0,0.0,False,False,1.0068271698186462,1.0170734897113791,-0.08654637964884415,-0.11493045755945958,BSE,True,NSE-trained; BSE current transfer
2026-10-01,UTIAMC,INE094J01016,884.4,884.4,19741055.84126984,1768.8,0.2578558745989472,0.029217987533544838,0.17382537626354558,0.16808815928720297,0.17569844215380437,0.023388614897234428,0.43128655411863376,0.06970080813930686,0.43128655411863376,0.42953212939012486,0.06486931461054382,0.1578542883492161,0.17382537626354558,0.029217987533544838,0.1578542883492161,0.43128655411863376,False,,,N100_drop0.50_s0.20_c0.05,1.0,0.0,0.0,False,False,1.0068271698186462,1.0170734897113791,-0.08654637964884415,-0.11493045755945958,BSE,True,NSE-trained; BSE current transfer
2026-10-01,INDUSINDBK,INE095A01012,880.0,880.0,212677650.3809524,1760.0,0.2695846765800662,0.03133350004102881,0.15310814526689195,0.2046494651633949,0.17956870114271514,0.0528399074084919,0.5057532102976204,0.04373337417456084,0.5057532102976204,0.47448257934663185,0.0653589794559605,0.17320574162679425,0.15310814526689195,0.03133350004102881,0.17320574162679425,0.5057532102976204,False,,,N100_drop0.50_s0.20_c0.05,1.0,0.0,0.0,False,False,1.0068271698186462,1.0170734897113791,-0.08654637964884415,-0.11493045755945958,BSE,True,NSE-trained; BSE current transfer
2026-10-01,NBCC,INE095N01031,77.75,77.75,41105663.20634921,155.5,0.2575288596331341,0.029160183422347396,0.1922072011235759,0.15171223165358627,0.18751710513930836,0.02968714007976489,0.4661424544977988,0.0943689907320659,0.4661424544977988,0.4193767244495823,0.11826151891306089,0.1578542883492161,0.1922072011235759,0.029160183422347396,0.1578542883492161,0.4661424544977988,False,,,N100_drop0.50_s0.20_c0.05,1.0,0.0,0.0,False,False,1.0068271698186462,1.0170734897113791,-0.08654637964884415,-0.11493045755945958,BSE,True,NSE-trained; BSE current transfer
2026-10-01,AMRUTANJAN,INE098F01031,513.8,513.8,15390345.952380951,1027.6,0.2652189777575794,0.03053636602116691,0.1657844829064723,0.18419314935761552,0.1829031529489626,0.07805538584679624,0.4605817672146908,0.04303606969855996,0.4605817672146908,0.4479201924713981,0.05467641495187864,0.1648675171736997,0.1657844829064723,0.03053636602116691,0.1648675171736997,0.4605817672146908,False,,,N100_drop0.50_s0.20_c0.05,1.0,0.0,0.0,False,False,1.0068271698186462,1.0170734897113791,-0.08654637964884415,-0.11493045755945958,BSE,True,NSE-trained; BSE current transfer
2026-10-01,MIDHANI,INE099Z01011,433.2,433.2,48972616.55555555,866.4,0.4405286793836094,0.07397932453473871,0.20898679527560302,0.3539904252667154,0.22617012395227543,0.07994394254588927,0.5688577631077,0.0416801447615856,0.5688577631077,0.5558122347050364,0.05884349968414051,0.21834496510468593,0.20898679527560302,0.07397932453473871,0.21834496510468593,0.5688577631077,False,,,N100_drop0.50_s0.20_c0.05,1.0,0.0,0.0,False,False,1.0068271698186462,1.0170734897113791,-0.08654637964884415,-0.11493045755945958,BSE,True,NSE-trained; BSE current transfer
2026-10-01,INDIGOPNTS,INE09VQ01012,1054.15,1054.15,14776981.253968254,2108.3,0.3736284448482555,0.054247329734543666,0.16192582496681224,0.3350134528921623,0.19585492637093996,0.08970884289104676,0.533298689567178,0.05924583340583865,0.533298689567178,0.5599722217048223,0.058274644675923554,0.21834496510468593,0.16192582496681224,0.054247329734543666,0.21834496510468593,0.533298689567178,False,,,N100_drop0.50_s0.20_c0.05,1.0,0.0,0.0,False,False,1.0068271698186462,1.0170734897113791,-0.08654637964884415,-0.11493045755945958,BSE,True,NSE-trained; BSE current transfer
2026-10-01,AKUMS,INE09XN01023,813.5,813.5,20298210.65079365,1627.0,0.43017857077178057,0.07061026540002155,0.1656270236146428,0.42632092190648424,0.21577360186730116,0.09045785304488849,0.5901957596892369,0.059928321790186534,0.5901957596892369,0.5556053912845312,0.04988106093434082,0.21834496510468593,0.1656270236146428,0.07061026540002155,0.21834496510468593,0.5901957596892369,False,,,N100_drop0.50_s0.20_c0.05,1.0,0.0,0.0,False,False,1.0068271698186462,1.0170734897113791,-0.08654637964884415,-0.11493045755945958,BSE,True,NSE-trained; BSE current transfer
2026-10-01,CEIGALL,INE0AG901020,380.3,380.3,17146364.698412698,760.6,0.35662515364869496,0.04992767759129747,0.14574436579732003,0.3425702072128784,0.2056203829604251,0.04093505825911155,0.5592152074219062,0.03830954554315721,0.5592152074219062,0.5345318965369695,0.038267022405863556,0.21568627450980393,0.14574436579732003,0.04992767759129747,0.21568627450980393,0.5592152074219062,False,,,N100_drop0.50_s0.20_c0.05,1.0,0.0,0.0,False,False,1.0068271698186462,1.0170734897113791,-0.08654637964884415,-0.11493045755945958,BSE,True,NSE-trained; BSE current transfer
2026-10-01,ADVAIT,INE0ALI01010,1861.65,1861.65,15678676.555555556,3723.3,0.4202204470561706,0.06748552505831719,0.22512740447865823,0.2997659268297331,0.2190911095759898,0.08280264462978307,0.5344130525987885,0.05251309806486033,0.5344130525987885,0.5544304760233334,0.05460770817905595,0.21834496510468593,0.22512740447865823,0.06748552505831719,0.21834496510468593,0.5344130525987885,False,,,N100_drop0.50_s0.20_c0.05,1.0,0.0,0.0,False,False,1.0068271698186462,1.0170734897113791,-0.08654637964884415,-0.11493045755945958,BSE,True,NSE-trained; BSE current transfer
2026-10-01,THELEELA,INE0AQ201015,568.7,568.7,48950613.31746032,1137.4,0.4006125303604561,0.06164846395685996,0.14173617603923197,0.43495221671421364,0.20204952054936845,0.07211978667386314,0.5577694084924044,0.046154398250945194,0.5577694084924044,0.5428839820936618,0.05978745656463347,0.21834496510468593,0.14173617603923197,0.06164846395685996,0.21834496510468593,0.5577694084924044,False,,,N100_drop0.50_s0.20_c0.05,1.0,0.0,0.0,False,False,1.0068271698186462,1.0170734897113791,-0.08654637964884415,-0.11493045755945958,BSE,True,NSE-trained; BSE current transfer
2026-10-01,KRONOX,INE0ATZ01017,205.0,205.0,10908122.476190476,410.0,0.45078242193772144,0.07744464075519769,0.19861581710021928,0.38992181934895953,0.2534080670655367,0.11161040677775164,0.6386532801125646,0.10042084188744398,0.6386532801125646,0.6615940550100632,0.12642108712482952,0.3988439306358382,0.19861581710021928,0.07744464075519769,0.3988439306358382,0.6386532801125646,False,,,N100_drop0.50_s0.20_c0.05,1.0,0.0,0.0,False,False,1.0068271698186462,1.0170734897113791,-0.08654637964884415,-0.11493045755945958,BSE,True,NSE-trained; BSE current transfer
2026-10-01,PREMIERENE,INE0BS701011,876.75,876.75,118258564.15873016,1753.5,0.32444792035034,0.04241036548591257,0.1799109170210333,0.2357298055512351,0.19960363390166266,0.07139316160872053,0.5170861749888679,0.07886712219043053,0.5170861749888679,0.504080736251724,0.08376097463194358,0.18294117647058825,0.1799109170210333,0.04241036548591257,0.18294117647058825,0.5170861749888679,False,,,N100_drop0.50_s0.20_c0.05,1.0,0.0,0.0,False,False,1.0068271698186462,1.0170734897113791,-0.08654637964884415,-0.11493045755945958,BSE,True,NSE-trained; BSE current transfer
2026-10-01,MAPMYINDIA,INE0BV301023,845.85,845.85,33060252.365079366,1691.7,0.31284463428272935,0.03989458435061252,0.2690948784624002,0.14825471439132895,0.1580620483653312,0.07603573950870673,0.44506713663581593,0.05230971615631871,0.44506713663581593,0.5040130900315377,0.027932344508291265,0.18294117647058825,0.2690948784624002,0.03989458435061252,0.18294117647058825,0.44506713663581593,False,,,N100_drop0.50_s0.20_c0.05,1.0,0.0,0.0,False,False,1.0068271698186462,1.0170734897113791,-0.08654637964884415,-0.11493045755945958,BSE,True,NSE-trained; BSE current transfer
2026-10-01,AETHER,INE0BWX01014,1671.75,1671.75,29921425.14285714,3343.5,0.45983330927496446,0.08061383433486147,0.17075186270903178,0.47211100983554577,0.23428764942816052,0.054332014045698124,0.5905701187994848,0.06128713593014513,0.5905701187994848,0.5877287038275879,0.0679240678834924,0.24014598540145982,0.17075186270903178,0.08061383433486147,0.24014598540145982,0.5905701187994848,False,,,N100_drop0.50_s0.20_c0.05,1.0,0.0,0.0,False,False,1.0068271698186462,1.0170734897113791,-0.08654637964884415,-0.11493045755945958,BSE,True,NSE-trained; BSE current transfer
2026-10-01,JUBLINGREA,INE0BY001018,637.35,637.35,30956740.206349205,1274.7,0.3317519822565903,0.04404534095737699,0.16250850473787395,0.27103406697650734,0.19454703458177305,0.054436524371993436,0.5357690432919126,0.04725471990448856,0.5357690432919126,0.49471255235810735,0.08749570150193603,0.17320574162679425,0.16250850473787395,0.04404534095737699,0.17320574162679425,0.5357690432919126,False,,,N100_drop0.50_s0.20_c0.05,1.0,0.0,0.0,False,False,1.0068271698186462,1.0170734897113791,-0.08654637964884415,-0.11493045755945958,BSE,True,NSE-trained; BSE current transfer
2026-10-01,OSWALPUMPS,INE0BYP01024,264.2,264.2,14289919.333333334,528.4,0.24554694246102565,0.02708519765031927,0.29408885256595035,0.09209868859019513,0.1575328568985148,0.06421597214104319,0.4080441139160464,0.06648652873465645,0.4080441139160464,0.42035684864882567,0.05514098972362888,0.1578542883492161,0.29408885256595035,0.02708519765031927,0.1578542883492161,0.4080441139160464,False,,,N100_drop0.50_s0.20_c0.05,1.0,0.0,0.0,False,False,1.0068271698186462,1.0170734897113791,-0.08654637964884415,-0.11493045755945958,BSE,True,NSE-trained; BSE current transfer
2026-10-01,URBANCO,INE0CAZ01013,156.3,156.3,135210274.95238096,312.6,0.40947296398371347,0.06423580687792672,0.18368798487797128,0.3497006454755342,0.2211966790018416,0.13465852132888087,0.578883281324616,0.07705227424951212,0.578883281324616,0.5837790278336004,0.09702392275953522,0.24014598540145982,0.18368798487797128,0.06423580687792672,0.24014598540145982,0.578883281324616,False,,,N100_drop0.50_s0.20_c0.05,1.0,0.0,0.0,False,False,1.0068271698186462,1.0170734897113791,-0.08654637964884415,-0.11493045755945958,BSE,True,NSE-trained; BSE current transfer
2026-10-01,RATEGAIN,INE0CLI01024,840.65,840.65,29226550.984126985,1681.3,0.4240688197305184,0.06867985508540689,0.18552630184717311,0.37018931764177443,0.21404511632932638,0.08196329441815439,0.5729900210571947,0.050130490471826473,0.5729900210571947,0.5795640432523781,0.06168043214599594,0.24014598540145982,0.18552630184717311,0.06867985508540689,0.24014598540145982,0.5729900210571947,False,,,N100_drop0.50_s0.20_c0.05,1.0,0.0,0.0,False,False,1.0068271698186462,1.0170734897113791,-0.08654637964884415,-0.11493045755945958,BSE,True,NSE-trained; BSE current transfer
2026-10-01,MOL,INE0CT101020,55.44,55.44,7837867.174603174,110.88,0.417212201933319,0.06656332487575267,0.23785273189807735,0.27985100000564983,0.21743693590081922,0.07519410827644912,0.5812498634779761,0.06472998345085144,0.5812498634779761,0.5949425202777131,0.07482837843241219,0.24014598540145982,0.23785273189807735,0.06656332487575267,0.24014598540145982,0.5812498634779761,False,,,N100_drop0.50_s0.20_c0.05,1.0,0.0,0.0,False,False,1.0068271698186462,1.0170734897113791,-0.08654637964884415,-0.11493045755945958,BSE,True,NSE-trained; BSE current transfer
2026-10-01,GMRP&UI,INE0CU601026,102.05,102.05,8048745.095238095,204.1,0.3314962491016161,0.04398741057645643,0.1745170344075071,0.2520522465087468,0.18979714702533745,0.08389396774734467,0.47739697168211953,0.042453543368986206,0.47739697168211953,0.446574431454692,0.05497460313924003,0.1648675171736997,0.1745170344075071,0.04398741057645643,0.1648675171736997,0.47739697168211953,False,,,N100_drop0.50_s0.20_c0.05,1.0,0.0,0.0,False,False,1.0068271698186462,1.0170734897113791,-0.08654637964884415,-0.11493045755945958,BSE,True,NSE-trained; BSE current transfer
2026-10-01,ANTHEM,INE0CZ201020,854.05,854.05,116513145.36507936,1708.1,0.3564201508198914,0.04987712416081003,0.1434140408499201,0.3477841072270283,0.19591974981856514,0.06352484009185907,0.5783303800542041,0.06972824861794946,0.5783303800542041,0.5503838506369324,0.08038646979732518,0.21834496510468593,0.1434140408499201,0.04987712416081003,0.21834496510468593,0.5783303800542041,False,,,N100_drop0.50_s0.20_c0.05,1.0,0.0,0.0,False,False,1.0068271698186462,1.0170734897113791,-0.08654637964884415,-0.11493045755945958,BSE,True,NSE-trained; BSE current transfer
2026-10-01,SIGACHI,INE0D0K01022,28.25,28.25,9274935.095238095,56.5,0.45211551629129854,0.07790481219546302,0.26209090760186593,0.2972434752059609,0.22506654014119673,0.024026827491800018,0.6006213975050808,0.0752763158689597,0.6006213975050808,0.603956386524534,0.0868685931514042,0.24014598540145982,0.26209090760186593,0.07790481219546302,0.24014598540145982,0.6006213975050808,False,,,N100_drop0.50_s0.20_c0.05,1.0,0.0,0.0,False,False,1.0068271698186462,1.0170734897113791,-0.08654637964884415,-0.11493045755945958,BSE,True,NSE-trained; BSE current transfer
2026-10-01,IPL,INE0D6701023,130.5,130.5,5128852.603174604,261.0,0.2559589126208995,0.028883552583150465,0.19399589902629066,0.14888743900321375,0.1775110816909387,0.019643139767348966,0.4549817225455535,0.035612353178016774,0.4549817225455535,0.37889507343893997,0.10032590846436483,0.1578542883492161,0.19399589902629066,0.028883552583150465,0.1578542883492161,0.4549817225455535,False,,,N100_drop0.50_s0.20_c0.05,1.0,0.0,0.0,False,False,1.0068271698186462,1.0170734897113791,-0.08654637964884415,-0.11493045755945958,BSE,True,NSE-trained; BSE current transfer
2026-10-01,RAILTEL,INE0DD101019,257.2,257.2,16996690.80952381,514.4,0.25266603357432893,0.028308026108484256,0.21831725614633396,0.1296646293937934,0.18373133964709493,0.012879183511537218,0.44557131257703486,0.06078958265455284,0.44557131257703486,0.3986372479929606,0.09636804548456768,0.1578542883492161,0.21831725614633396,0.028308026108484256,0.1578542883492161,0.44557131257703486,False,,,N100_drop0.50_s0.20_c0.05,1.0,0.0,0.0,False,False,1.0068271698186462,1.0170734897113791,-0.08654637964884415,-0.11493045755945958,BSE,True,NSE-trained; BSE current transfer
2026-10-01,PPLPHARMA,INE0DK501011,197.75,197.75,122325873.36507936,395.5,0.39411737490937754,0.05980256911094516,0.14570381333978555,0.410439285974512,0.20780202251913701,0.05942797121751235,0.5904346619781019,0.08067850166189697,0.5904346619781019,0.5755369502173058,0.09467731558698415,0.23979591836734693,0.14570381333978555,0.05980256911094516,0.23979591836734693,0.5904346619781019,False,,,N100_drop0.50_s0.20_c0.05,1.0,0.0,0.0,False,False,1.0068271698186462,1.0170734897113791,-0.08654637964884415,-0.11493045755945958,BSE,True,NSE-trained; BSE current transfer
2026-10-01,INNOVACAP,INE0DUT01020,1167.6,1167.6,38789809.31746032,2335.2,0.4487286135220384,0.07674008282260007,0.18560392718590327,0.4134615252280531,0.2301808421468965,0.07321139589254844,0.5645388179510401,0.0369945806235222,0.5645388179510401,0.5651860723182122,0.06946400173925246,0.21834496510468593,0.18560392718590327,0.07674008282260007,0.21834496510468593,0.5645388179510401,False,,,N100_drop0.50_s0.20_c0.05,1.0,0.0,0.0,False,False,1.0068271698186462,1.0170734897113791,-0.08654637964884415,-0.11493045755945958,BSE,True,NSE-trained; BSE current transfer
2026-10-01,SYRMA,INE0DYJ01015,1718.3,1718.3,202294295.3968254,3436.6,0.43228310281208904,0.07128511549780815,0.2167585907712473,0.3288686978641495,0.22693366802314724,0.13854451283937577,0.5804415621081481,0.05143445620985689,0.5804415621081481,0.5684869232924101,0.04805849497971531,0.21834496510468593,0.2167585907712473,0.07128511549780815,0.21834496510468593,0.5804415621081481,False,,,N100_drop0.50_s0.20_c0.05,1.0,0.0,0.0,False,False,1.0068271698186462,1.0170734897113791,-0.08654637964884415,-0.11493045755945958,BSE,True,NSE-trained; BSE current transfer
2026-10-01,WAKEFIT,INE0E7301029,139.95,139.95,24990483.095238097,279.9,0.39380450965586433,0.059714714391008436,0.21522501277693262,0.2774524838936775,0.20306840874919194,0.09416911222380528,0.521319861726579,0.03689653892081891,0.521319861726579,0.543034870531856,0.05306555538683105,0.21834496510468593,0.21522501277693262,0.059714714391008436,0.21834496510468593,0.521319861726579,False,,,N100_drop0.50_s0.20_c0.05,1.0,0.0,0.0,False,False,1.0068271698186462,1.0170734897113791,-0.08654637964884415,-0.11493045755945958,BSE,True,NSE-trained; BSE current transfer
2026-10-01,TARC,INE0EK901012,125.5,125.5,8295302.063492063,251.0,0.3619600720284908,0.051255856141425526,0.19924862312487554,0.25724572314510713,0.18154190041488397,0.050414187357171736,0.45694183884029976,0.051302394242615464,0.45694183884029976,0.4554996459053228,0.05073867768912893,0.17320574162679425,0.19924862312487554,0.051255856141425526,0.17320574162679425,0.45694183884029976,False,,,N100_drop0.50_s0.20_c0.05,1.0,0.0,0.0,False,False,1.0068271698186462,1.0170734897113791,-0.08654637964884415,-0.11493045755945958,BSE,True,NSE-trained; BSE current transfer
2026-10-01,NPST,INE0FFK01017,1757.85,1757.85,9313611.015873017,3515.7,0.4803386389916966,0.08820104884092296,0.22055352534772052,0.3999076809217484,0.24898525935412247,0.07541896116122168,0.5740677738449901,0.04568260598501797,0.5740677738449901,0.5755925545766135,0.07176390980179104,0.23979591836734693,0.22055352534772052,0.08820104884092296,0.23979591836734693,0.5740677738449901,False,,,N100_drop0.50_s0.20_c0.05,1.0,0.0,0.0,False,False,1.0068271698186462,1.0170734897113791,-0.08654637964884415,-0.11493045755945958,BSE,True,NSE-trained; BSE current transfer
2026-10-01,DEEPINDS,INE0FHS01024,748.55,748.55,22296236.174603175,1497.1,0.5113720530378713,0.10086739601256149,0.2208977385967108,0.4566248466522935,0.26689727066621377,0.0039103053484730865,0.624944166488601,0.0897480678920972,0.624944166488601,0.6216267428945929,0.10670409283900853,0.24691358024691357,0.2208977385967108,0.10086739601256149,0.24691358024691357,0.624944166488601,False,,,N100_drop0.50_s0.20_c0.05,1.0,0.0,0.0,False,False,1.0068271698186462,1.0170734897113791,-0.08654637964884415,-0.11493045755945958,BSE,True,NSE-trained; BSE current transfer
2026-10-01,MSUMI,INE0FS801015,33.49,33.49,44814444.26984127,66.98,0.24277545029896197,0.02661696319987446,0.20456052040183145,0.13011779177912258,0.17486331841428535,0.00020645078335415623,0.42712427344952064,0.07989663762409767,0.42712427344952064,0.38569700227845366,0.10666522867348327,0.1578542883492161,0.20456052040183145,0.02661696319987446,0.1578542883492161,0.42712427344952064,False,,,N100_drop0.50_s0.20_c0.05,1.0,0.0,0.0,False,False,1.0068271698186462,1.0170734897113791,-0.08654637964884415,-0.11493045755945958,BSE,True,NSE-trained; BSE current transfer
2026-10-01,MARKOLINES,INE0FW001016,166.9,166.9,5261174.73015873,333.8,0.3271336187740108,0.04300685109323125,0.14912596167726147,0.2883927829166776,0.17568075834532115,0.08397696314638559,0.5316552161748623,0.02246863770259269,0.5316552161748623,0.49434688221882567,0.012157018447864711,0.17320574162679425,0.14912596167726147,0.04300685109323125,0.17320574162679425,0.5316552161748623,False,,,N100_drop0.50_s0.20_c0.05,1.0,0.0,0.0,False,False,1.0068271698186462,1.0170734897113791,-0.08654637964884415,-0.11493045755945958,BSE,True,NSE-trained; BSE current transfer
2026-10-01,EPACK,INE0G5901015,171.55,171.55,7117302.317460317,343.1,0.24302655248834099,0.026659207425479087,0.22541023473477761,0.1182697292199126,0.19005326353908047,0.08233656460395236,0.4954637329882711,0.03515589580884387,0.4954637329882711,0.4460414682654024,0.06208164890138964,0.1648675171736997,0.22541023473477761,0.026659207425479087,0.1648675171736997,0.4954637329882711,False,,,N100_drop0.50_s0.20_c0.05,1.0,0.0,0.0,False,False,1.0068271698186462,1.0170734897113791,-0.08654637964884415,-0.11493045755945958,BSE,True,NSE-trained; BSE current transfer
2026-10-01,TATVA,INE0GK401011,1746.8,1746.8,17727359.317460317,3493.6,0.45716720227228547,0.07966925936425545,0.2101162000753419,0.3791676193253459,0.23788165075402154,0.08466930431400313,0.6030350756606119,0.07306634034193897,0.6030350756606119,0.6027424957102259,0.07818546881854914,0.24014598540145982,0.2101162000753419,0.07966925936425545,0.24014598540145982,0.6030350756606119,False,,,N100_drop0.50_s0.20_c0.05,1.0,0.0,0.0,False,False,1.0068271698186462,1.0170734897113791,-0.08654637964884415,-0.11493045755945958,BSE,True,NSE-trained; BSE current transfer
2026-10-01,WINDLAS,INE0H5O01029,1083.2,1083.2,6228693.650793651,2166.4,0.4277452038028982,0.06983633466955573,0.18897453780416226,0.3695542028097372,0.20845779932154387,0.12383484687408888,0.5632370004268995,0.04334978036213822,0.5632370004268995,0.5493770211783574,0.03539844969225738,0.21834496510468593,0.18897453780416226,0.06983633466955573,0.21834496510468593,0.5632370004268995,False,,,N100_drop0.50_s0.20_c0.05,1.0,0.0,0.0,False,False,1.0068271698186462,1.0170734897113791,-0.08654637964884415,-0.11493045755945958,BSE,True,NSE-trained; BSE current transfer
2026-10-01,ARIS,INE0H9P01028,138.6,138.6,14851940.984126983,277.2,0.44210358813959,0.07450316952849834,0.20226319123338263,0.36834764187287244,0.22984667271145226,0.07346738571887704,0.5830925701954214,0.0597629622113734,0.5830925701954214,0.5855362783577129,0.06658695174536333,0.24014598540145982,0.20226319123338263,0.07450316952849834,0.24014598540145982,0.5830925701954214,False,,,N100_drop0.50_s0.20_c0.05,1.0,0.0,0.0,False,False,1.0068271698186462,1.0170734897113791,-0.08654637964884415,-0.11493045755945958,BSE,True,NSE-trained; BSE current transfer
2026-10-01,MOBIKWIK,INE0HLU01028,196.4,196.4,25404783.714285713,392.8,0.38070391323247926,0.056121046183209664,0.24082392546106715,0.2330376688103711,0.19677798822840856,0.04618617467044986,0.4850136679089871,0.044931130942246884,0.4850136679089871,0.4940207406555908,0.037255323401455806,0.17320574162679425,0.24082392546106715,0.056121046183209664,0.17320574162679425,0.4850136679089871,False,,,N100_drop0.50_s0.20_c0.05,1.0,0.0,0.0,False,False,1.0068271698186462,1.0170734897113791,-0.08654637964884415,-0.11493045755945958,BSE,True,NSE-trained; BSE current transfer
2026-10-01,GROWW,INE0HOQ01053,180.2,180.2,691048754.4761904,360.4,0.2663558096780249,0.030742822626447452,0.1616696939901012,0.19015822859372636,0.17620575957320528,0.07954749445570189,0.48306363423682996,0.04404163496834328,0.48306363423682996,0.4769427263546411,0.022424484813159683,0.17320574162679425,0.1616696939901012,0.030742822626447452,0.17320574162679425,0.48306363423682996,False,,,N100_drop0.50_s0.20_c0.05,1.0,0.0,0.0,False,False,1.0068271698186462,1.0170734897113791,-0.08654637964884415,-0.11493045755945958,BSE,True,NSE-trained; BSE current transfer
2026-10-01,IXIGO,INE0HV901016,161.95,161.95,44406051.44444445,323.9,0.2912345847245039,0.035463019740145825,0.2516544037768333,0.14091952776472919,0.16220582720956975,0.06425766822365331,0.41950901439210114,0.059407739997558356,0.41950901439210114,0.4599847020207086,0.032601455207880305,0.17320574162679425,0.2516544037768333,0.035463019740145825,0.17320574162679425,0.41950901439210114,False,,,N100_drop0.50_s0.20_c0.05,1.0,0.0,0.0,False,False,1.0068271698186462,1.0170734897113791,-0.08654637964884415,-0.11493045755945958,BSE,True,NSE-trained; BSE current transfer
2026-10-01,LATENTVIEW,INE0I7C01011,235.1,235.1,12152426.984126983,470.2,0.21559817948266938,0.022248870623541365,0.22906713832896666,0.09712816419607703,0.16162049173658236,0.024866451995365663,0.43323597669643693,0.04186587291148562,0.43323597669643693,0.4106449173510724,0.06170306921248811,0.1578542883492161,0.22906713832896666,0.022248870623541365,0.1578542883492161,0.43323597669643693,False,,,N100_drop0.50_s0.20_c0.05,1.0,0.0,0.0,False,False,1.0068271698186462,1.0170734897113791,-0.08654637964884415,-0.11493045755945958,BSE,True,NSE-trained; BSE current transfer
2026-10-01,CAPILLARY,INE0ILV01024,555.3,555.3,66385135.65079365,1110.6,0.39683231657965257,0.06056901337674817,0.21147907302261773,0.2864066524930829,0.21759620839218127,0.1303569240820431,0.5101448581124265,0.047539997416427296,0.5101448581124265,0.5352143952163505,0.05888469195591528,0.21568627450980393,0.21147907302261773,0.06056901337674817,0.21568627450980393,0.5101448581124265,False,,,N100_drop0.50_s0.20_c0.05,1.0,0.0,0.0,False,False,1.0068271698186462,1.0170734897113791,-0.08654637964884415,-0.11493045755945958,BSE,True,NSE-trained; BSE current transfer
2026-10-01,AEGISVOPAK,INE0INX01018,291.3,291.3,41163851.015873015,582.6,0.4368982999343941,0.0727831700420138,0.19505718887186876,0.3731375934563703,0.22203570874212708,0.09163890310047126,0.5740015941586293,0.04659828075242034,0.5740015941586293,0.5743484186648401,0.055494766374298295,0.23979591836734693,0.19505718887186876,0.0727831700420138,0.23979591836734693,0.5740015941586293,False,,,N100_drop0.50_s0.20_c0.05,1.0,0.0,0.0,False,False,1.0068271698186462,1.0170734897113791,-0.08654637964884415,-0.11493045755945958,BSE,True,NSE-trained; BSE current transfer
2026-10-01,VERANDA,INE0IQ001011,213.7,213.7,7959632.968253968,427.4,0.4304802299454742,0.0707066822180473,0.23305285036132495,0.30339333807084407,0.2173323268253399,0.08738029823215918,0.5651310667561686,0.047673322035005315,0.5651310667561686,0.5703244733592836,0.052058091295822014,0.21834496510468593,0.23305285036132495,0.0707066822180473,0.21834496510468593,0.5651310667561686,False,,,N100_drop0.50_s0.20_c0.05,1.0,0.0,0.0,False,False,1.0068271698186462,1.0170734897113791,-0.08654637964884415,-0.11493045755945958,BSE,True,NSE-trained; BSE current transfer
2026-10-01,RPTECH,INE0J1F01024,954.65,954.65,29530821.57142857,1909.3,0.5118387722894426,0.10106971292977766,0.21908380616597006,0.4613289986992962,0.2758572574183964,0.17828933052559703,0.5805963984037348,0.07014835792694846,0.5805963984037348,0.6101076219967817,0.07865810894753308,0.24014598540145982,0.21908380616597006,0.10106971292977766,0.24014598540145982,0.5805963984037348,False,,,N100_drop0.50_s0.20_c0.05,1.0,0.0,0.0,False,False,1.0068271698186462,1.0170734897113791,-0.08654637964884415,-0.11493045755945958,BSE,True,NSE-trained; BSE current transfer
2026-10-01,LICI,INE0J1Y01017,392.2,392.2,269787860.61904764,784.4,0.24866443026607388,0.027617100568503177,0.14846377241518427,0.1860191218317622,0.1846862599258587,0.05139029558213762,0.4653474124093861,0.0624629335542865,0.4653474124093861,0.4130662382453653,0.09116553167440124,0.1578542883492161,0.14846377241518427,0.027617100568503177,0.1578542883492161,0.4653474124093861,False,,,N100_drop0.50_s0.20_c0.05,1.0,0.0,0.0,False,False,1.0068271698186462,1.0170734897113791,-0.08654637964884415,-0.11493045755945958,BSE,True,NSE-trained; BSE current transfer
2026-10-01,HONASA,INE0J5401028,428.05,428.05,41010449.28571428,856.1,0.375003393743764,0.054607848143374764,0.16920915328972197,0.32272396074150045,0.19701615993754004,0.07801145049427922,0.5727765147915583,0.053124848350158314,0.5727765147915583,0.5647550574889022,0.05253537245879686,0.21834496510468593,0.16920915328972197,0.054607848143374764,0.21834496510468593,0.5727765147915583,False,,,N100_drop0.50_s0.20_c0.05,1.0,0.0,0.0,False,False,1.0068271698186462,1.0170734897113791,-0.08654637964884415,-0.11493045755945958,BSE,True,NSE-trained; BSE current transfer
2026-10-01,JSLL,INE0J5801029,480.65,480.65,18223114.285714287,961.3,0.3193059607202271,0.04128334617289976,0.2323480307696161,0.1776789157031166,0.19552715641953095,0.014114923792635403,0.48679234233909924,0.09114400872882099,0.48679234233909924,0.4917695143954763,0.06937250633506356,0.17320574162679425,0.2323480307696161,0.04128334617289976,0.17320574162679425,0.48679234233909924,False,,,N100_drop0.50_s0.20_c0.05,1.0,0.0,0.0,False,False,1.0068271698186462,1.0170734897113791,-0.08654637964884415,-0.11493045755945958,BSE,True,NSE-trained; BSE current transfer
2026-10-01,YATHARTH,INE0JO301016,1035.25,1035.25,30704159.507936507,2070.5,0.45346103625048695,0.07837156761050312,0.197765232165739,0.39628587265947285,0.22820535321854976,0.08285094234836538,0.5879083225698233,0.05406900313645692,0.5879083225698233,0.5713522204728356,0.05897221987636419,0.22131147540983606,0.197765232165739,0.07837156761050312,0.22131147540983606,0.5879083225698233,False,,,N100_drop0.50_s0.20_c0.05,1.0,0.0,0.0,False,False,1.0068271698186462,1.0170734897113791,-0.08654637964884415,-0.11493045755945958,BSE,True,NSE-trained; BSE current transfer
2026-10-01,SANATHAN,INE0JPD01013,503.85,503.85,8301473.349206349,1007.7,0.42491936670936303,0.06894605330411124,0.17913847467477872,0.38487574168129446,0.2156243312980648,0.08082582652261465,0.550273751072721,0.03162725820206931,0.550273751072721,0.5327140236017186,0.023198848939420046,0.19605077574047955,0.17913847467477872,0.06894605330411124,0.19605077574047955,0.550273751072721,False,,,N100_drop0.50_s0.20_c0.05,1.0,0.0,0.0,False,False,1.0068271698186462,1.0170734897113791,-0.08654637964884415,-0.11493045755945958,BSE,True,NSE-trained; BSE current transfer
2026-10-01,YATRA,INE0JR601024,98.55,98.55,14378474.80952381,197.1,0.31589856200102584,0.04054721077550084,0.27752915297610525,0.14610072614242395,0.15823746292058652,0.054306981773265595,0.4255699137447857,0.05148092686758273,0.4255699137447857,0.45166087733011206,0.03227108181505491,0.171875,0.27752915297610525,0.04054721077550084,0.171875,0.4255699137447857,False,,,N100_drop0.50_s0.20_c0.05,1.0,0.0,0.0,False,False,1.0068271698186462,1.0170734897113791,-0.08654637964884415,-0.11493045755945958,BSE,True,NSE-trained; BSE current transfer
2026-10-01,GARUDA,INE0JVO01026,172.4,172.4,11340980.793650793,344.8,0.36735966601442316,0.052625199823088865,0.1915189346778417,0.27477805216288875,0.18787581747898266,0.08041450854818563,0.48303144642240836,0.04160502059106238,0.48303144642240836,0.488080837446776,0.029754959807342753,0.17320574162679425,0.1915189346778417,0.052625199823088865,0.17320574162679425,0.48303144642240836,False,,,N100_drop0.50_s0.20_c0.05,1.0,0.0,0.0,False,False,1.0068271698186462,1.0170734897113791,-0.08654637964884415,-0.11493045755945958,BSE,True,NSE-trained; BSE current transfer
2026-10-01,BLUEJET,INE0KBH01020,542.05,542.05,22617771.031746034,1084.1,0.4410482990646346,0.07415182778217905,0.1807005030312475,0.4103576168205597,0.23052968670889634,0.07830777880842352,0.5768899047057804,0.06128643100632009,0.5768899047057804,0.5979985828389701,0.07695884018948831,0.24014598540145982,0.1807005030312475,0.07415182778217905,0.24014598540145982,0.5768899047057804,False,,,N100_drop0.50_s0.20_c0.05,1.0,0.0,0.0,False,False,1.0068271698186462,1.0170734897113791,-0.08654637964884415,-0.11493045755945958,BSE,True,NSE-trained; BSE current transfer
2026-10-01,DCXINDIA,INE0KL801015,159.0,159.0,7119321.666666667,318.0,0.25339925054858764,0.028435629674288972,0.2088954668108071,0.13612372785495924,0.17271721307193005,0.02417143258198029,0.48165224580876065,0.00952605622802387,0.48165224580876065,0.4278576985701106,0.059919220673852296,0.1578542883492161,0.2088954668108071,0.028435629674288972,0.1578542883492161,0.48165224580876065,False,,,N100_drop0.50_s0.20_c0.05,1.0,0.0,0.0,False,False,1.0068271698186462,1.0170734897113791,-0.08654637964884415,-0.11493045755945958,BSE,True,NSE-trained; BSE current transfer
2026-10-01,ATHERENERG,INE0LEZ01016,1405.1,1405.1,618886277.6190476,2810.2,0.3691769940184492,0.05309184383433841,0.21899539911856103,0.24243360384751841,0.19160748364587127,0.08646674589952011,0.5585363033026312,0.053826848959820935,0.5585363033026312,0.5599328218622465,0.05407206094596583,0.21834496510468593,0.21899539911856103,0.05309184383433841,0.21834496510468593,0.5585363033026312,False,,,N100_drop0.50_s0.20_c0.05,1.0,0.0,0.0,False,False,1.0068271698186462,1.0170734897113791,-0.08654637964884415,-0.11493045755945958,BSE,True,NSE-trained; BSE current transfer
2026-10-01,INA,INE0LGX01024,86.76,86.76,14946532.476190476,173.52,0.35028531495759635,0.04838060174802234,0.215477821974597,0.22452705946566512,0.22049801177802741,0.024388018962275687,0.5110347225320798,0.11591950470271617,0.5110347225320798,0.5044895062309758,0.12802304414102034,0.18294117647058825,0.215477821974597,0.04838060174802234,0.18294117647058825,0.5110347225320798,False,,,N100_drop0.50_s0.20_c0.05,1.0,0.0,0.0,False,False,1.0068271698186462,1.0170734897113791,-0.08654637964884415,-0.11493045755945958,BSE,True,NSE-trained; BSE current transfer
2026-10-01,EIEL,INE0LLY01014,184.15,184.15,20534041.14285714,368.3,0.378710573837413,0.055588504072791256,0.23541905446988295,0.23612576389776752,0.1983493717778906,0.020592745859356554,0.4980279324661197,0.05609261920632632,0.4980279324661197,0.5028828734914547,0.055637887220799105,0.18294117647058825,0.23541905446988295,0.055588504072791256,0.18294117647058825,0.4980279324661197,False,,,N100_drop0.50_s0.20_c0.05,1.0,0.0,0.0,False,False,1.0068271698186462,1.0170734897113791,-0.08654637964884415,-0.11493045755945958,BSE,True,NSE-trained; BSE current transfer
2026-10-01,CELLO,INE0LMW01024,322.95,322.95,22944302.42857143,645.9,0.3026390570974763,0.03776165316542928,0.27174320537384694,0.13896079982378662,0.15607930030793044,0.036280494625294424,0.45031173613539965,0.02807808030043366,0.45031173613539965,0.46130692982632,0.02647469071097271,0.17320574162679425,0.27174320537384694,0.03776165316542928,0.17320574162679425,0.45031173613539965,False,,,N100_drop0.50_s0.20_c0.05,1.0,0.0,0.0,False,False,1.0068271698186462,1.0170734897113791,-0.08654637964884415,-0.11493045755945958,BSE,True,NSE-trained; BSE current transfer
2026-10-01,IKIO,INE0LOJ01019,190.45,190.45,13346358.206349207,380.9,0.4561901043253774,0.07932540915630934,0.2382952999238482,0.3328870069265289,0.2404235023599829,0.07835078084314889,0.6013079669789013,0.0734883177786961,0.6013079669789013,0.6189382679557526,0.09230930349964088,0.24691358024691357,0.2382952999238482,0.07932540915630934,0.24691358024691357,0.6013079669789013,False,,,N100_drop0.50_s0.20_c0.05,1.0,0.0,0.0,False,False,1.0068271698186462,1.0170734897113791,-0.08654637964884415,-0.11493045755945958,BSE,True,NSE-trained; BSE current transfer
2026-10-01,PWL,INE0LP301011,120.15,120.15,107899084.26984127,240.3,0.41049427870597366,0.06453929932554586,0.22588881674991249,0.2857126804865202,0.21379830642412542,0.08745131437137157,0.5052413339585552,0.04256450226408118,0.5052413339585552,0.5195698124917761,0.05762158069504702,0.19197207678883071,0.22588881674991249,0.06453929932554586,0.19197207678883071,0.5052413339585552,False,,,N100_drop0.50_s0.20_c0.05,1.0,0.0,0.0,False,False,1.0068271698186462,1.0170734897113791,-0.08654637964884415,-0.11493045755945958,BSE,True,NSE-trained; BSE current transfer
2026-10-01,AARTIPHARM,INE0LRU01027,966.3,966.3,45578857.93650793,1932.6,0.4501182642366267,0.07721622014639345,0.21155384165036076,0.3649955942374719,0.23643023939331725,0.007375882134768891,0.5983769962982137,0.06978286804460677,0.5983769962982137,0.5723308150868198,0.08407192282504555,0.22131147540983606,0.21155384165036076,0.07721622014639345,0.22131147540983606,0.5983769962982137,False,,,N100_drop0.50_s0.20_c0.05,1.0,0.0,0.0,False,False,1.0068271698186462,1.0170734897113791,-0.08654637964884415,-0.11493045755945958,BSE,True,NSE-trained; BSE current transfer
2026-10-01,QUADFUTURE,INE0LRY01011,530.75,530.75,39539049.015873015,1061.5,0.45530595519797595,0.07901533624493762,0.2599302232398502,0.30398672097483,0.24473721728658127,0.03449378429212646,0.5859275170034831,0.054775784203946694,0.5859275170034831,0.5945569920351479,0.07386690453970972,0.24014598540145982,0.2599302232398502,0.07901533624493762,0.24014598540145982,0.5859275170034831,False,,,N100_drop0.50_s0.20_c0.05,1.0,0.0,0.0,False,False,1.0068271698186462,1.0170734897113791,-0.08654637964884415,-0.11493045755945958,BSE,True,NSE-trained; BSE current transfer
2026-10-01,OLAELEC,INE0LXG01040,37.09,37.09,191449946.2222222,74.18,0.37498962477718245,0.054604229325648686,0.27443796788229646,0.19896747431488002,0.2078998261972126,0.035535480014731724,0.5372616361692869,0.03188292973156614,0.5372616361692869,0.5638697548496037,0.04793358611000425,0.21834496510468593,0.27443796788229646,0.054604229325648686,0.21834496510468593,0.5372616361692869,False,,,N100_drop0.50_s0.20_c0.05,1.0,0.0,0.0,False,False,1.0068271698186462,1.0170734897113791,-0.08654637964884415,-0.11493045755945958,BSE,True,NSE-trained; BSE current transfer
2026-10-01,REDTAPE,INE0LXT01019,115.55,115.55,6448467.412698412,231.1,0.27393950601649386,0.0321403131916632,0.1942329937327499,0.16547298465617985,0.18959665806647188,0.03384724547871895,0.46924267849169193,0.0235474390136019,0.46924267849169193,0.4106699055367466,0.08021924758518792,0.1578542883492161,0.1942329937327499,0.0321403131916632,0.1578542883492161,0.46924267849169193,False,,,N100_drop0.50_s0.20_c0.05,1.0,0.0,0.0,False,False,1.0068271698186462,1.0170734897113791,-0.08654637964884415,-0.11493045755945958,BSE,True,NSE-trained; BSE current transfer
2026-10-01,SETL,INE0M4D01010,417.1,417.1,33035861.23809524,834.2,0.5261715215511406,0.10746671599637199,0.2490422647751662,0.43151999157007453,0.2783627710563487,0.13961230207901945,0.5873146810263924,0.06298490451769946,0.5873146810263924,0.6474413344301383,0.10222227419933552,0.28798185941043086,0.2490422647751662,0.10746671599637199,0.28798185941043086,0.5873146810263924,False,,,N100_drop0.50_s0.20_c0.05,1.0,0.0,0.0,False,False,1.0068271698186462,1.0170734897113791,-0.08654637964884415,-0.11493045755945958,BSE,True,NSE-trained; BSE current transfer
2026-10-01,JGCHEM,INE0MB501011,610.65,610.65,22937039.396825396,1221.3,0.4673364876914511,0.08332285552548238,0.226165159365017,0.3684159653919298,0.24339896062628963,0.09825384719511496,0.6103486344244174,0.07900811982835357,0.6103486344244174,0.6146026584517524,0.08832388025477496,0.24691358024691357,0.226165159365017,0.08332285552548238,0.24691358024691357,0.6103486344244174,False,,,N100_drop0.50_s0.20_c0.05,1.0,0.0,0.0,False,False,1.0068271698186462,1.0170734897113791,-0.08654637964884415,-0.11493045755945958,BSE,True,NSE-trained; BSE current transfer
2026-10-01,EPACKPEB,INE0MLS01022,242.45,242.45,15576151.285714285,484.9,0.4112410750881384,0.06476191466194359,0.23663922566609408,0.27367362481706575,0.2134516146898277,0.1169208801478479,0.5364829562971016,0.021974398878601642,0.5364829562971016,0.5679297599509894,0.04888220069171874,0.21834496510468593,0.23663922566609408,0.06476191466194359,0.21834496510468593,0.5364829562971016,False,,,N100_drop0.50_s0.20_c0.05,1.0,0.0,0.0,False,False,1.0068271698186462,1.0170734897113791,-0.08654637964884415,-0.11493045755945958,BSE,True,NSE-trained; BSE current transfer
2026-10-01,TRUALT,INE0MWH01014,444.25,444.25,8789222.206349207,888.5,0.4165159655555126,0.0663512981229928,0.170504437647271,0.3891470453118426,0.2105513712602964,0.07961204075546784,0.5396346811142428,0.03605944761479604,0.5396346811142428,0.5476214127892814,0.03421619624430692,0.21834496510468593,0.170504437647271,0.0663512981229928,0.21834496510468593,0.5396346811142428,False,,,N100_drop0.50_s0.20_c0.05,1.0,0.0,0.0,False,False,1.0068271698186462,1.0170734897113791,-0.08654637964884415,-0.11493045755945958,BSE,True,NSE-trained; BSE current transfer
2026-10-01,RISHABH,INE0N2P01017,700.2,700.2,14666453.968253968,1400.4,0.46914021336925404,0.08398545847949404,0.20904330507693528,0.40176105352230457,0.23928005506838193,0.11523901863034627,0.5942406017670038,0.06962518310582806,0.5942406017670038,0.6099912122223831,0.07864112568486674,0.24014598540145982,0.20904330507693528,0.08398545847949404,0.24014598540145982,0.5942406017670038,False,,,N100_drop0.50_s0.20_c0.05,1.0,0.0,0.0,False,False,1.0068271698186462,1.0170734897113791,-0.08654637964884415,-0.11493045755945958,BSE,True,NSE-trained; BSE current transfer
2026-10-01,SMARTWORKS,INE0NAZ01010,509.85,509.85,5387790.111111111,1019.7,0.383840565686515,0.056966556723635535,0.15821921701158756,0.36004827858213617,0.1887092612128108,0.09536374363074876,0.5700290298691305,0.05906510619927597,0.5700290298691305,0.5524944101755462,0.03859313435247363,0.21834496510468593,0.15821921701158756,0.056966556723635535,0.21834496510468593,0.5700290298691305,False,,,N100_drop0.50_s0.20_c0.05,1.0,0.0,0.0,False,False,1.0068271698186462,1.0170734897113791,-0.08654637964884415,-0.11493045755945958,BSE,True,NSE-trained; BSE current transfer
2026-10-01,BLSE,INE0NLT01010,322.05,161.025,9471901.746031746,644.1,0.47493457371588,0.08614455587628528,0.16387900157015642,0.5256595112913651,0.24181739895975926,0.11516443744881143,0.5988190900185737,0.08187478697732334,0.5988190900185737,0.5915840406250493,0.06388332800615326,0.24014598540145982,0.16387900157015642,0.08614455587628528,0.24014598540145982,0.5988190900185737,False,,,N100_drop0.50_s0.20_c0.05,1.0,0.0,0.0,False,False,1.0068271698186462,1.0170734897113791,-0.08654637964884415,-0.11493045755945958,BSE,True,NSE-trained; BSE current transfer
2026-10-01,NSLNISP,INE0NNS01018,41.13,41.13,21955365.825396825,82.26,0.407020754977156,0.0635115897804877,0.19947246009721276,0.31839778658936363,0.2057189910447368,0.08416963127939694,0.5238750998000875,0.057400404911863684,0.5238750998000875,0.5396602980543725,0.0533347263337476,0.21834496510468593,0.19947246009721276,0.0635115897804877,0.21834496510468593,0.5238750998000875,False,,,N100_drop0.50_s0.20_c0.05,1.0,0.0,0.0,False,False,1.0068271698186462,1.0170734897113791,-0.08654637964884415,-0.11493045755945958,BSE,True,NSE-trained; BSE current transfer
2026-10-01,KROSS,INE0O6601022,258.55,258.55,15834727.587301588,517.1,0.45463259481052964,0.0787798651921818,0.20386102849314094,0.38643906476137696,0.23231856339493018,0.11443891998552075,0.5984270273980267,0.06001587027013011,0.5984270273980267,0.5728795088745211,0.05124584523104108,0.22131147540983606,0.20386102849314094,0.0787798651921818,0.22131147540983606,0.5984270273980267,False,,,N100_drop0.50_s0.20_c0.05,1.0,0.0,0.0,False,False,1.0068271698186462,1.0170734897113791,-0.08654637964884415,-0.11493045755945958,BSE,True,NSE-trained; BSE current transfer
2026-10-01,JNKINDIA,INE0OAF01028,432.05,432.05,10478472.19047619,864.1,0.49051320865317105,0.09218898478962562,0.21506220502537035,0.42866195284638836,0.2554932798711848,0.1113301510598087,0.5646288161371021,0.04432191848070089,0.5646288161371021,0.6154626259676483,0.08143923643220005,0.24691358024691357,0.21506220502537035,0.09218898478962562,0.24691358024691357,0.5646288161371021,False,,,N100_drop0.50_s0.20_c0.05,1.0,0.0,0.0,False,False,1.0068271698186462,1.0170734897113791,-0.08654637964884415,-0.11493045755945958,BSE,True,NSE-trained; BSE current transfer
2026-10-01,ROSSTECH,INE0OJW01016,1520.25,1520.25,54187665.65079365,3040.5,0.5313611768038169,0.10987383299427596,0.1881034752218783,0.5841137855888828,0.2871943164121461,0.0703131356701176,0.6448478161860983,0.09607409031160734,0.6448478161860983,0.6390133376438055,0.10550638451315535,0.28798185941043086,0.1881034752218783,0.10987383299427596,0.28798185941043086,0.6448478161860983,True,0.8210000000000001,5.0,N100_drop0.50_s0.20_c0.05,1.0,0.0,0.0,False,False,1.0068271698186462,1.0170734897113791,-0.08654637964884415,-0.11493045755945958,BSE,True,NSE-trained; BSE current transfer
2026-10-01,NTPCGREEN,INE0ONG01011,91.11,91.11,30566059.15873016,182.22,0.2717702847336426,0.031736957708907915,0.16388968565516726,0.19364829203275297,0.198154741129576,0.01589702889225844,0.4723434436962551,0.07489066772009723,0.4723434436962551,0.4233641932938972,0.11035869545905282,0.1578542883492161,0.16388968565516726,0.031736957708907915,0.1578542883492161,0.4723434436962551,False,,,N100_drop0.50_s0.20_c0.05,1.0,0.0,0.0,False,False,1.0068271698186462,1.0170734897113791,-0.08654637964884415,-0.11493045755945958,BSE,True,NSE-trained; BSE current transfer
2026-10-01,EMSLIMITED,INE0OV601013,331.25,331.25,15512376.857142856,662.5,0.38495509589934696,0.05726922097513527,0.2531139181549326,0.22625867985687148,0.1966531486555818,0.0645795625306336,0.5195357264055983,0.026755442683422583,0.5195357264055983,0.5511638949570284,0.046641478909050633,0.21834496510468593,0.2531139181549326,0.05726922097513527,0.21834496510468593,0.5195357264055983,False,,,N100_drop0.50_s0.20_c0.05,1.0,0.0,0.0,False,False,1.0068271698186462,1.0170734897113791,-0.08654637964884415,-0.11493045755945958,BSE,True,NSE-trained; BSE current transfer
2026-10-01,GAUDIUMIVF,INE0P8B01020,109.75,109.75,5885829.73015873,219.5,0.439860795693493,0.07375807959460931,0.244226733869187,0.302006575717938,0.22319646695500459,0.040032097227772706,0.57230359427637,0.06022682418398008,0.57230359427637,0.5792618281883204,0.0700452151740124,0.24014598540145982,0.244226733869187,0.07375807959460931,0.24014598540145982,0.57230359427637,False,,,N100_drop0.50_s0.20_c0.05,1.0,0.0,0.0,False,False,1.0068271698186462,1.0170734897113791,-0.08654637964884415,-0.11493045755945958,BSE,True,NSE-trained; BSE current transfer
2026-10-01,GHCLTEXTIL,INE0PA801013,128.25,128.25,6893072.412698412,256.5,0.45709643300373654,0.07964431324492122,0.17269863089579915,0.4611751282091869,0.22665332365091054,0.06894854865349226,0.6182671526759599,0.08646055038277278,0.6182671526759599,0.6189127302856878,0.08548859774258716,0.24691358024691357,0.17269863089579915,0.07964431324492122,0.24691358024691357,0.6182671526759599,False,,,N100_drop0.50_s0.20_c0.05,1.0,0.0,0.0,False,False,1.0068271698186462,1.0170734897113791,-0.08654637964884415,-0.11493045755945958,BSE,True,NSE-trained; BSE current transfer
2026-10-01,RBZJEWEL,INE0PEQ01016,195.2,195.2,5873486.333333333,390.4,0.44975900510996025,0.07709289393100607,0.24420408916935216,0.31569043005476954,0.22829037127224264,0.05044137686407163,0.5803961393699034,0.048189133787718164,0.5803961393699034,0.5781997296086085,0.05211442457578414,0.24014598540145982,0.24420408916935216,0.07709289393100607,0.24014598540145982,0.5803961393699034,False,,,N100_drop0.50_s0.20_c0.05,1.0,0.0,0.0,False,False,1.0068271698186462,1.0170734897113791,-0.08654637964884415,-0.11493045755945958,BSE,True,NSE-trained; BSE current transfer
2026-10-01,ORIENTTECH,INE0PPK01015,229.05,229.05,9740964.523809524,458.1,0.279695952903102,0.033224973903762965,0.2459262365539418,0.13510137986629725,0.1580767964940932,0.02983658887291646,0.4349268784975265,0.04462859171666867,0.4349268784975265,0.43929787564610345,0.0429644112233418,0.1578542883492161,0.2459262365539418,0.033224973903762965,0.1578542883492161,0.4349268784975265,False,,,N100_drop0.50_s0.20_c0.05,1.0,0.0,0.0,False,False,1.0068271698186462,1.0170734897113791,-0.08654637964884415,-0.11493045755945958,BSE,True,NSE-trained; BSE current transfer
2026-10-01,KRN,INE0Q3J01015,1416.4,1416.4,26999440.15873016,2832.8,0.46409794367771373,0.0821443001857924,0.20289398876276069,0.4048631538406091,0.23706554199194016,0.11790403983655962,0.609753584814657,0.07657376642829622,0.609753584814657,0.6046944402104206,0.08040711435093935,0.24014598540145982,0.20289398876276069,0.0821443001857924,0.24014598540145982,0.609753584814657,False,,,N100_drop0.50_s0.20_c0.05,1.0,0.0,0.0,False,False,1.0068271698186462,1.0170734897113791,-0.08654637964884415,-0.11493045755945958,BSE,True,NSE-trained; BSE current transfer
2026-10-01,IGIL,INE0Q9301021,312.0,312.0,32690497.888888888,624.0,0.30621129319969154,0.038499930991299905,0.15631272845338695,0.24630067795650262,0.18632788363108577,0.05204510138920644,0.4831759853118547,0.0756667436522634,0.4831759853118547,0.47549039308379193,0.08205525512902745,0.17320574162679425,0.15631272845338695,0.038499930991299905,0.17320574162679425,0.4831759853118547,False,,,N100_drop0.50_s0.20_c0.05,1.0,0.0,0.0,False,False,1.0068271698186462,1.0170734897113791,-0.08654637964884415,-0.11493045755945958,BSE,True,NSE-trained; BSE current transfer
2026-10-01,SUDEEPPHRM,INE0QPI01025,1200.2,1200.2,20870628.126984127,2400.4,0.49330376342891347,0.09331002442929688,0.19916250494258306,0.46851200458739667,0.25737263100756325,0.0014735304928825133,0.6263370865700967,0.09698655108331057,0.6263370865700967,0.6362982715313181,0.11689938891228248,0.28798185941043086,0.19916250494258306,0.09331002442929688,0.28798185941043086,0.6263370865700967,False,,,N100_drop0.50_s0.20_c0.05,1.0,0.0,0.0,False,False,1.0068271698186462,1.0170734897113791,-0.08654637964884415,-0.11493045755945958,BSE,True,NSE-trained; BSE current transfer
2026-10-01,DENTA,INE0R4L01018,259.3,259.3,5367529.619047619,518.6,0.35553641878229836,0.04965960351890175,0.23272917696415926,0.21337936294317505,0.1746631030243619,0.019040991591315226,0.4881202268225377,0.005497155497191038,0.4881202268225377,0.5074328863522325,0.010323080555667831,0.18294117647058825,0.23272917696415926,0.04965960351890175,0.18294117647058825,0.4881202268225377,False,,,N100_drop0.50_s0.20_c0.05,1.0,0.0,0.0,False,False,1.0068271698186462,1.0170734897113791,-0.08654637964884415,-0.11493045755945958,BSE,True,NSE-trained; BSE current transfer
2026-10-01,SENORES,INE0RB801010,1349.0,1349.0,32867062.507936507,2698.0,0.4146988671952264,0.0658004085268625,0.20256649627442902,0.32483362124069487,0.20925705604275266,0.09311461979140426,0.5585052549454183,0.03787550381501105,0.5585052549454183,0.5663134812640097,0.05031060576791171,0.21834496510468593,0.20256649627442902,0.0658004085268625,0.21834496510468593,0.5585052549454183,False,,,N100_drop0.50_s0.20_c0.05,1.0,0.0,0.0,False,False,1.0068271698186462,1.0170734897113791,-0.08654637964884415,-0.11493045755945958,BSE,True,NSE-trained; BSE current transfer
2026-10-01,GALAPREC,INE0RE001014,1159.65,1159.65,8119236.936507937,2319.3,0.43239900674309106,0.07132243122621999,0.20264195835951163,0.35196280081188946,0.21595520674037502,0.1011924466401728,0.5521452958725147,0.0371751277299997,0.5521452958725147,0.5541872972111168,0.03631804759761268,0.21834496510468593,0.20264195835951163,0.07132243122621999,0.21834496510468593,0.5521452958725147,False,,,N100_drop0.50_s0.20_c0.05,1.0,0.0,0.0,False,False,1.0068271698186462,1.0170734897113791,-0.08654637964884415,-0.11493045755945958,BSE,True,NSE-trained; BSE current transfer
2026-10-01,STALLION,INE0RYC01010,232.45,232.45,31107326.84126984,464.9,0.44563858627677366,0.0756899995440117,0.2533296773833215,0.29878062580675324,0.2220590883901697,0.1829471539886838,0.5472902926800893,0.05359269931825434,0.5472902926800893,0.574952282451533,0.052646701840407296,0.23979591836734693,0.2533296773833215,0.0756899995440117,0.23979591836734693,0.5472902926800893,False,,,N100_drop0.50_s0.20_c0.05,1.0,0.0,0.0,False,False,1.0068271698186462,1.0170734897113791,-0.08654637964884415,-0.11493045755945958,BSE,True,NSE-trained; BSE current transfer
2026-10-01,PACEDIGITK,INE0S3G01027,167.55,167.55,17917178.0,335.1,0.3535355047185368,0.049169529976754216,0.22555137418079518,0.21799703129869386,0.18315916223633613,0.06172255273606017,0.4758644763006535,0.0225778514685881,0.4758644763006535,0.46054946655200135,0.04020114239765498,0.17320574162679425,0.22555137418079518,0.049169529976754216,0.17320574162679425,0.4758644763006535,False,,,N100_drop0.50_s0.20_c0.05,1.0,0.0,0.0,False,False,1.0068271698186462,1.0170734897113791,-0.08654637964884415,-0.11493045755945958,BSE,True,NSE-trained; BSE current transfer
2026-10-01,QPOWER,INE0SII01026,1568.0,1568.0,26996518.0,3136.0,0.49266157692429147,0.09305098018021912,0.20629480988155294,0.4510582706062535,0.2534153768757778,0.1061100411529948,0.5942097139808508,0.0605665189182679,0.5942097139808508,0.5940465398663489,0.0731728704277437,0.24014598540145982,0.20629480988155294,0.09305098018021912,0.24014598540145982,0.5942097139808508,False,,,N100_drop0.50_s0.20_c0.05,1.0,0.0,0.0,False,False,1.0068271698186462,1.0170734897113791,-0.08654637964884415,-0.11493045755945958,BSE,True,NSE-trained; BSE current transfer
2026-10-01,SOLARWORLD,INE0TY101024,125.9,125.9,7838668.793650794,251.8,0.278121047219704,0.03292614560492792,0.2657405013768045,0.12390337729603576,0.1529487044506527,0.028975263454472766,0.4353045013316951,0.044808393814287834,0.4353045013316951,0.4064342109862071,0.06644988529031472,0.1578542883492161,0.2657405013768045,0.03292614560492792,0.1578542883492161,0.4353045013316951,False,,,N100_drop0.50_s0.20_c0.05,1.0,0.0,0.0,False,False,1.0068271698186462,1.0170734897113791,-0.08654637964884415,-0.11493045755945958,BSE,True,NSE-trained; BSE current transfer
2026-10-01,UNIMECH,INE0U3I01011,1772.2,1772.2,25043338.23809524,3544.4,0.4911085409782958,0.0924271430525838,0.22664200592404032,0.40781117637813796,0.2520948478880781,0.1316391133549166,0.5876009359248918,0.054629859290136196,0.5876009359248918,0.5617758876599095,0.05361586207114168,0.21834496510468593,0.22664200592404032,0.0924271430525838,0.21834496510468593,0.5876009359248918,False,,,N100_drop0.50_s0.20_c0.05,1.0,0.0,0.0,False,False,1.0068271698186462,1.0170734897113791,-0.08654637964884415,-0.11493045755945958,BSE,True,NSE-trained; BSE current transfer
2026-10-01,BLUSPRING,INE0U4101014,147.9,147.9,6032524.46031746,295.8,0.5149767516471833,0.10243961281945746,0.27124329114109297,0.3776668996623084,0.2665702543385542,0.08269728987863273,0.586526097126725,0.07992048454232203,0.586526097126725,0.589880622633642,0.061717023643799794,0.24014598540145982,0.27124329114109297,0.10243961281945746,0.24014598540145982,0.586526097126725,False,,,N100_drop0.50_s0.20_c0.05,1.0,0.0,0.0,False,False,1.0068271698186462,1.0170734897113791,-0.08654637964884415,-0.11493045755945958,BSE,True,NSE-trained; BSE current transfer
2026-10-01,DIGITIDE,INE0U4701011,72.1,72.1,8872955.746031746,144.2,0.2535692405797063,0.02846525813007956,0.23917181770554366,0.11901593759313464,0.14763432248359332,0.07963628591593891,0.455669728317331,0.038377232673703084,0.455669728317331,0.4594198531692493,0.04865025659209494,0.17320574162679425,0.23917181770554366,0.02846525813007956,0.17320574162679425,0.455669728317331,False,,,N100_drop0.50_s0.20_c0.05,1.0,0.0,0.0,False,False,1.0068271698186462,1.0170734897113791,-0.08654637964884415,-0.11493045755945958,BSE,True,NSE-trained; BSE current transfer
2026-10-01,OMNI,INE0UH301010,608.6,608.6,65451545.52380952,1217.2,0.4703612775105428,0.08443656180662476,0.2669165743128772,0.316340646975519,0.252874401630651,0.08593083634424359,0.6222924505290092,0.08047966561386237,0.6222924505290092,0.6324135508177009,0.09947108058709957,0.28798185941043086,0.2669165743128772,0.08443656180662476,0.28798185941043086,0.6222924505290092,False,,,N100_drop0.50_s0.20_c0.05,1.0,0.0,0.0,False,False,1.0068271698186462,1.0170734897113791,-0.08654637964884415,-0.11493045755945958,BSE,True,NSE-trained; BSE current transfer
2026-10-01,BLACKBUCK,INE0UIZ01018,606.35,606.35,34605731.55555555,1212.7,0.37541647905051695,0.05471649737565171,0.17607419955313947,0.31075817760079144,0.1919115226676143,0.09095769532705586,0.5077478374004817,0.016882518123861164,0.5077478374004817,0.4849643409267605,0.029117713711049088,0.17320574162679425,0.17607419955313947,0.05471649737565171,0.17320574162679425,0.5077478374004817,False,,,N100_drop0.50_s0.20_c0.05,1.0,0.0,0.0,False,False,1.0068271698186462,1.0170734897113791,-0.08654637964884415,-0.11493045755945958,BSE,True,NSE-trained; BSE current transfer
2026-10-01,GKSL,INE0V0W01025,194.2,194.2,11030162.603174603,388.4,0.4653726083032508,0.08260647356016514,0.1883208283611152,0.43864756903980284,0.23713548128613718,0.021899211914299777,0.6058461319831364,0.06594097696732674,0.6058461319831364,0.5784126709637434,0.0679954656220562,0.24014598540145982,0.1883208283611152,0.08260647356016514,0.24014598540145982,0.6058461319831364,False,,,N100_drop0.50_s0.20_c0.05,1.0,0.0,0.0,False,False,1.0068271698186462,1.0170734897113791,-0.08654637964884415,-0.11493045755945958,BSE,True,NSE-trained; BSE current transfer
2026-10-01,CARRARO,INE0V7W01012,517.95,517.95,21003751.65079365,1035.9,0.31963912170428754,0.041355777422315734,0.17160082787512573,0.24099987123844424,0.18135459702191267,0.08781674255022255,0.4941995740095122,0.02918138750074005,0.4941995740095122,0.47499408930175185,0.038604724923816884,0.17320574162679425,0.17160082787512573,0.041355777422315734,0.17320574162679425,0.4941995740095122,False,,,N100_drop0.50_s0.20_c0.05,1.0,0.0,0.0,False,False,1.0068271698186462,1.0170734897113791,-0.08654637964884415,-0.11493045755945958,BSE,True,NSE-trained; BSE current transfer
2026-10-01,LOTUSDEV,INE0V9Q01010,227.55,227.55,19530328.0,455.1,0.5420315230571948,0.11498282616899724,0.18960128185672676,0.6064454050257141,0.29051703973714943,0.05327273263053195,0.6451854449904718,0.09590249770512461,0.6451854449904718,0.6342557193331106,0.09661457310821459,0.28798185941043086,0.18960128185672676,0.11498282616899724,0.28798185941043086,0.6451854449904718,True,0.8270000000000001,4.0,N100_drop0.50_s0.20_c0.05,1.0,0.0,0.0,False,False,1.0068271698186462,1.0170734897113791,-0.08654637964884415,-0.11493045755945958,BSE,True,NSE-trained; BSE current transfer
2026-10-01,MEESHO,INE0VDM01015,218.75,218.75,557641089.7936507,437.5,0.36088487332647096,0.0509862118580724,0.18166338168555848,0.2806631220061979,0.1889472646841067,0.08300986218835918,0.5272696454414442,0.013134951671135419,0.5272696454414442,0.48509464967154997,0.039076233260615975,0.17320574162679425,0.18166338168555848,0.0509862118580724,0.17320574162679425,0.5272696454414442,False,,,N100_drop0.50_s0.20_c0.05,1.0,0.0,0.0,False,False,1.0068271698186462,1.0170734897113791,-0.08654637964884415,-0.11493045755945958,BSE,True,NSE-trained; BSE current transfer
2026-10-01,SAGILITY,INE0W2G01015,43.12,43.12,71181466.95238096,86.24,0.36506179445307463,0.05203933991374154,0.16237940930034941,0.32047991883925125,0.192478036357196,0.10612206826514471,0.5221036958334985,0.05388216009976789,0.5221036958334985,0.530099109701497,0.05515343178540723,0.19605077574047955,0.16237940930034941,0.05203933991374154,0.19605077574047955,0.5221036958334985,False,,,N100_drop0.50_s0.20_c0.05,1.0,0.0,0.0,False,False,1.0068271698186462,1.0170734897113791,-0.08654637964884415,-0.11493045755945958,BSE,True,NSE-trained; BSE current transfer
2026-10-01,AHCL,INE0Y8W01025,32.95,32.95,37648592.73015873,65.9,0.5292929956847616,0.1089085863553346,0.33732388936717583,0.3228605793667581,0.3045974643253807,0.14181741727668223,0.5956929212983725,0.07062591778534788,0.5956929212983725,0.629054251921959,0.09928089670594596,0.28798185941043086,0.33732388936717583,0.1089085863553346,0.28798185941043086,0.5956929212983725,False,,,N100_drop0.50_s0.20_c0.05,1.0,0.0,0.0,False,False,1.0068271698186462,1.0170734897113791,-0.08654637964884415,-0.11493045755945958,BSE,True,NSE-trained; BSE current transfer
2026-10-01,JAINREC,INE0YD401026,281.9,281.9,43799792.79365079,563.8,0.35463938373214726,0.04943948165773151,0.2328966412365848,0.21228078427936237,0.23524118706035044,0.07519492851415283,0.5403275492983459,0.12860402573065705,0.5403275492983459,0.49725899209834407,0.15594322108325057,0.18294117647058825,0.2328966412365848,0.04943948165773151,0.18294117647058825,0.5403275492983459,False,,,N100_drop0.50_s0.20_c0.05,1.0,0.0,0.0,False,False,1.0068271698186462,1.0170734897113791,-0.08654637964884415,-0.11493045755945958,BSE,True,NSE-trained; BSE current transfer
2026-10-01,ATLANTAELE,INE0Z4F01028,1715.3,1715.3,21594852.84126984,3430.6,0.4802056776343265,0.08814994626998182,0.23909513821151712,0.36868146683936076,0.2509816294305702,0.09494430398212952,0.5889083856895051,0.06851279581874983,0.5889083856895051,0.6077754103766869,0.08647784611901026,0.24014598540145982,0.23909513821151712,0.08814994626998182,0.24014598540145982,0.5889083856895051,False,,,N100_drop0.50_s0.20_c0.05,1.0,0.0,0.0,False,False,1.0068271698186462,1.0170734897113791,-0.08654637964884415,-0.11493045755945958,BSE,True,NSE-trained; BSE current transfer
2026-10-01,GRANULES,INE101D01020,820.8,820.8,44192263.396825396,1641.6,0.35940235279187915,0.050616048649594354,0.15571887272217128,0.3250476179589479,0.1923741672935208,0.07596239471197011,0.5549401918259064,0.03404759063014669,0.5549401918259064,0.5303358097060142,0.030348994619156647,0.19605077574047955,0.15571887272217128,0.050616048649594354,0.19605077574047955,0.5549401918259064,False,,,N100_drop0.50_s0.20_c0.05,1.0,0.0,0.0,False,False,1.0068271698186462,1.0170734897113791,-0.08654637964884415,-0.11493045755945958,BSE,True,NSE-trained; BSE current transfer
2026-10-01,AFCONS,INE101I01011,242.65,242.65,53776404.428571425,485.3,0.24849266236554152,0.027587649122683664,0.25966069938967923,0.10624499274448228,0.16853394946363204,0.046342868222653044,0.4391354103521694,0.0454175834922122,0.4391354103521694,0.4225421960012257,0.06349174147067015,0.1578542883492161,0.25966069938967923,0.027587649122683664,0.1578542883492161,0.4391354103521694,False,,,N100_drop0.50_s0.20_c0.05,1.0,0.0,0.0,False,False,1.0068271698186462,1.0170734897113791,-0.08654637964884415,-0.11493045755945958,BSE,True,NSE-trained; BSE current transfer
2026-10-01,CHOICEIN,INE102B01014,719.6,719.6,22660180.65079365,1439.2,0.3255468541262123,0.04265378068614414,0.15854498544818277,0.26903266959575123,0.19042633810306417,0.03358202345060962,0.5225084307830686,0.050825094290833005,0.5225084307830686,0.5006577133576803,0.0588720985997513,0.18294117647058825,0.15854498544818277,0.04265378068614414,0.18294117647058825,0.5225084307830686,False,,,N100_drop0.50_s0.20_c0.05,1.0,0.0,0.0,False,False,1.0068271698186462,1.0170734897113791,-0.08654637964884415,-0.11493045755945958,BSE,True,NSE-trained; BSE current transfer
2026-10-01,GODREJCP,INE102D01028,843.0,843.0,319156352.93650794,1686.0,0.2336029768985985,0.025097929672236594,0.18173233169217262,0.1381038224653868,0.18124417734747067,0.06151378099709226,0.4149694728232039,0.08445760504112615,0.4149694728232039,0.3942993848339458,0.08398416779198647,0.1578542883492161,0.18173233169217262,0.025097929672236594,0.1578542883492161,0.4149694728232039,False,,,N100_drop0.50_s0.20_c0.05,1.0,0.0,0.0,False,False,1.0068271698186462,1.0170734897113791,-0.08654637964884415,-0.11493045755945958,BSE,True,NSE-trained; BSE current transfer
2026-10-01,MRPL,INE103A01014,164.7,164.7,150752714.92063493,329.4,0.3377677072026467,0.04542266380873566,0.21335045677819378,0.2129016478083221,0.20227929694512325,0.13905645266645633,0.5087273863126615,0.041645017289326895,0.5087273863126615,0.5235662594078448,0.04707482327942162,0.19197207678883071,0.21335045677819378,0.04542266380873566,0.19197207678883071,0.5087273863126615,False,,,N100_drop0.50_s0.20_c0.05,1.0,0.0,0.0,False,False,1.0068271698186462,1.0170734897113791,-0.08654637964884415,-0.11493045755945958,BSE,True,NSE-trained; BSE current transfer
2026-10-01,SMCGLOBAL,INE103C01036,99.08,99.08,7768833.984126984,198.16,0.49032768309122676,0.09211487726176934,0.18647712998638585,0.49397412577346284,0.24687135811280927,0.06057877792605726,0.5671573210203521,0.04267399612043483,0.5671573210203521,0.5311899156167174,0.07887356593925224,0.19605077574047955,0.18647712998638585,0.09211487726176934,0.19605077574047955,0.5671573210203521,False,,,N100_drop0.50_s0.20_c0.05,1.0,0.0,0.0,False,False,1.0068271698186462,1.0170734897113791,-0.08654637964884415,-0.11493045755945958,BSE,True,NSE-trained; BSE current transfer
2026-10-01,TRAVELFOOD,INE103V01028,1208.0,1208.0,13201674.952380951,2416.0,0.3285912461218749,0.043332862076622146,0.156598505940725,0.2767131258137566,0.18326041622949277,0.03509376220484507,0.5009906103956422,0.04982491403268486,0.5009906103956422,0.4827913725803392,0.0660738252113601,0.17320574162679425,0.156598505940725,0.043332862076622146,0.17320574162679425,0.5009906103956422,False,,,N100_drop0.50_s0.20_c0.05,1.0,0.0,0.0,False,False,1.0068271698186462,1.0170734897113791,-0.08654637964884415,-0.11493045755945958,BSE,True,NSE-trained; BSE current transfer
2026-10-01,WANBURY,INE107F01022,199.0,199.0,9490240.365079366,398.0,0.4341632233808116,0.07189236438910396,0.2721581073908782,0.2641566149850201,0.24267748352262608,0.03372648163070957,0.5518297269600975,0.08055994930507494,0.5518297269600975,0.5504929910731969,0.11794658308370976,0.21834496510468593,0.2721581073908782,0.07189236438910396,0.21834496510468593,0.5518297269600975,False,,,N100_drop0.50_s0.20_c0.05,1.0,0.0,0.0,False,False,1.0068271698186462,1.0170734897113791,-0.08654637964884415,-0.11493045755945958,BSE,True,NSE-trained; BSE current transfer
2026-10-01,AWFIS,INE108V01019,235.25,235.25,11789580.492063493,470.5,0.304716874068934,0.0381899999112322,0.3229297668508131,0.11826100852720461,0.16323443001986385,0.05907143358128353,0.41770264996494794,0.0583738421743204,0.41770264996494794,0.4565400048087301,0.031325287592048265,0.17320574162679425,0.3229297668508131,0.0381899999112322,0.17320574162679425,0.41770264996494794,False,,,N100_drop0.50_s0.20_c0.05,1.0,0.0,0.0,False,False,1.0068271698186462,1.0170734897113791,-0.08654637964884415,-0.11493045755945958,BSE,True,NSE-trained; BSE current transfer
2026-10-01,SCI,INE109A01011,267.15,267.15,49599385.96825397,534.3,0.3430062332161551,0.046645199533365905,0.18511737291966154,0.2519763477499721,0.18068733784137828,0.09886194452412882,0.49693295731445236,0.05784305933285821,0.49693295731445236,0.5158967019878568,0.03471829921170268,0.18294117647058825,0.18511737291966154,0.046645199533365905,0.18294117647058825,0.49693295731445236,False,,,N100_drop0.50_s0.20_c0.05,1.0,0.0,0.0,False,False,1.0068271698186462,1.0170734897113791,-0.08654637964884415,-0.11493045755945958,BSE,True,NSE-trained; BSE current transfer
2026-10-01,CONCOR,INE111A01025,445.6,445.6,98258731.66666667,891.2,0.3045432645237719,0.03815409537784178,0.1606336814170471,0.23752238659577102,0.18697427591086369,0.054585370578648394,0.4917454018356147,0.0961637783575607,0.4917454018356147,0.4824882329689282,0.10712654319576587,0.17320574162679425,0.1606336814170471,0.03815409537784178,0.17320574162679425,0.4917454018356147,False,,,N100_drop0.50_s0.20_c0.05,1.0,0.0,0.0,False,False,1.0068271698186462,1.0170734897113791,-0.08654637964884415,-0.11493045755945958,BSE,True,NSE-trained; BSE current transfer
2026-10-01,63MOONS,INE111B01023,801.8,801.8,50951567.0952381,1603.6,0.4485656651134605,0.07668441055817043,0.2051265639465355,0.3738394924713777,0.23584937915057733,0.09424466662775563,0.6039449393305695,0.07259897533019079,0.6039449393305695,0.6160177262228438,0.0955461600019578,0.24691358024691357,0.2051265639465355,0.07668441055817043,0.24691358024691357,0.6039449393305695,False,,,N100_drop0.50_s0.20_c0.05,1.0,0.0,0.0,False,False,1.0068271698186462,1.0170734897113791,-0.08654637964884415,-0.11493045755945958,BSE,True,NSE-trained; BSE current transfer
2026-10-01,PAUSHAKLTD,INE111F01024,647.35,647.35,5145061.412698412,1294.7,0.4478458562501321,0.07643888142326774,0.22686417403217363,0.33693676733827205,0.22356401068903856,0.10145137194373188,0.6201833400155549,0.09081099250739684,0.6201833400155549,0.6142044557987506,0.08626612476303529,0.24691358024691357,0.22686417403217363,0.07643888142326774,0.24691358024691357,0.6201833400155549,False,,,N100_drop0.50_s0.20_c0.05,1.0,0.0,0.0,False,False,1.0068271698186462,1.0170734897113791,-0.08654637964884415,-0.11493045755945958,BSE,True,NSE-trained; BSE current transfer
2026-10-01,PDSL,INE111Q01021,348.15,348.15,6040166.301587301,696.3,0.3558088961002406,0.04972660043179879,0.15488453039392097,0.32105595249136964,0.18561956377222963,0.0693572771364682,0.5479289973140965,0.03315107287754295,0.5479289973140965,0.5261386756633736,0.022111569744772228,0.19605077574047955,0.15488453039392097,0.04972660043179879,0.19605077574047955,0.5479289973140965,False,,,N100_drop0.50_s0.20_c0.05,1.0,0.0,0.0,False,False,1.0068271698186462,1.0170734897113791,-0.08654637964884415,-0.11493045755945958,BSE,True,NSE-trained; BSE current transfer
2026-10-01,METROPOLIS,INE112L01020,538.0,538.0,21805312.04761905,1076.0,0.3142814388399821,0.040200794351040646,0.14798438080009668,0.2716556580747904,0.1849901517796545,0.07656436285586311,0.5269335970165677,0.03769132682418935,0.5269335970165677,0.4982361730703342,0.04636335893923636,0.18294117647058825,0.14798438080009668,0.040200794351040646,0.18294117647058825,0.5269335970165677,False,,,N100_drop0.50_s0.20_c0.05,1.0,0.0,0.0,False,False,1.0068271698186462,1.0170734897113791,-0.08654637964884415,-0.11493045755945958,BSE,True,NSE-trained; BSE current transfer
2026-10-01,GNFC,INE113A01013,589.5,589.5,28402713.253968254,1179.0,0.41907133228876325,0.0671320832342829,0.15599721222780946,0.4303415572340294,0.2093959391478113,0.09186568946998822,0.5786276179040527,0.04907881054547904,0.5786276179040527,0.5426591161912532,0.048876204028644274,0.21834496510468593,0.15599721222780946,0.0671320832342829,0.21834496510468593,0.5786276179040527,False,,,N100_drop0.50_s0.20_c0.05,1.0,0.0,0.0,False,False,1.0068271698186462,1.0170734897113791,-0.08654637964884415,-0.11493045755945958,BSE,True,NSE-trained; BSE current transfer
2026-10-01,SAIL,INE114A01011,174.0,174.0,163262928.42857143,348.0,0.35360400990977325,0.04918625310090366,0.16449316162390512,0.29901700845997736,0.19414578252277487,0.0895362348732129,0.5631157696710897,0.06154413332967553,0.5631157696710897,0.5441862417430379,0.06180037663726493,0.21834496510468593,0.16449316162390512,0.04918625310090366,0.21834496510468593,0.5631157696710897,False,,,N100_drop0.50_s0.20_c0.05,1.0,0.0,0.0,False,False,1.0068271698186462,1.0170734897113791,-0.08654637964884415,-0.11493045755945958,BSE,True,NSE-trained; BSE current transfer
2026-10-01,LICHSGFIN,INE115A01026,510.5,510.5,62375112.333333336,1021.0,0.32284184737057453,0.04205624072263173,0.16271600401477213,0.2584640704353437,0.18770337470892498,0.07441569071524815,0.4877082153579925,0.06986321340551249,0.4877082153579925,0.4567836186228722,0.09771185688652209,0.17320574162679425,0.16271600401477213,0.04205624072263173,0.17320574162679425,0.4877082153579925,False,,,N100_drop0.50_s0.20_c0.05,1.0,0.0,0.0,False,False,1.0068271698186462,1.0170734897113791,-0.08654637964884415,-0.11493045755945958,BSE,True,NSE-trained; BSE current transfer
2026-10-01,IKS,INE115Q01022,1775.9,1775.9,38455290.49206349,3551.8,0.4014127359226983,0.061878816051170064,0.14604617290825714,0.42369351294156077,0.20364290223443254,0.06998967382161571,0.5454078818179023,0.0424956780528402,0.5454078818179023,0.5436962409802949,0.04762836636287857,0.21834496510468593,0.14604617290825714,0.061878816051170064,0.21834496510468593,0.5454078818179023,False,,,N100_drop0.50_s0.20_c0.05,1.0,0.0,0.0,False,False,1.0068271698186462,1.0170734897113791,-0.08654637964884415,-0.11493045755945958,BSE,True,NSE-trained; BSE current transfer
2026-10-01,APCOTEXIND,INE116A01032,593.6,593.6,14392349.857142856,1187.2,0.44359333509483007,0.07500146516845793,0.18840663852565923,0.3980829218936648,0.22338467320147742,0.14181815252318597,0.6000252435183486,0.07461524379100144,0.6000252435183486,0.6104476305042961,0.08129565035326321,0.24014598540145982,0.18840663852565923,0.07500146516845793,0.24014598540145982,0.6000252435183486,False,,,N100_drop0.50_s0.20_c0.05,1.0,0.0,0.0,False,False,1.0068271698186462,1.0170734897113791,-0.08654637964884415,-0.11493045755945958,BSE,True,NSE-trained; BSE current transfer
2026-10-01,NUVOCO,INE118D01016,322.15,322.15,50381560.17460317,644.3,0.33826509590770465,0.04553780743922339,0.22623217175547838,0.20128793834169018,0.18389848643742418,0.08767148767432628,0.47426748889794795,0.05825843959686817,0.47426748889794795,0.46259174050185464,0.07319326351818116,0.17320574162679425,0.22623217175547838,0.04553780743922339,0.17320574162679425,0.47426748889794795,False,,,N100_drop0.50_s0.20_c0.05,1.0,0.0,0.0,False,False,1.0068271698186462,1.0170734897113791,-0.08654637964884415,-0.11493045755945958,BSE,True,NSE-trained; BSE current transfer
2026-10-01,PARKHOSPS,INE119201023,270.5,270.5,15215957.444444444,541.0,0.38819360217669086,0.05815539122338932,0.15642315580348828,0.3717824955305782,0.21489660771269378,0.07577729888509628,0.5812839985933144,0.058615478631742476,0.5812839985933144,0.579834606251516,0.0625043592709218,0.24014598540145982,0.15642315580348828,0.05815539122338932,0.24014598540145982,0.5812839985933144,False,,,N100_drop0.50_s0.20_c0.05,1.0,0.0,0.0,False,False,1.0068271698186462,1.0170734897113791,-0.08654637964884415,-0.11493045755945958,BSE,True,NSE-trained; BSE current transfer
2026-10-01,BALRAMCHIN,INE119A01028,648.65,648.65,141641175.2222222,1297.3,0.4081068835849068,0.0638315815474912,0.21901765064494,0.29144491943698014,0.21976711571952423,0.08831534557828732,0.5902531402277643,0.06444436322049757,0.5902531402277643,0.6000416758467036,0.07988036165392624,0.24014598540145982,0.21901765064494,0.0638315815474912,0.24014598540145982,0.5902531402277643,False,,,N100_drop0.50_s0.20_c0.05,1.0,0.0,0.0,False,False,1.0068271698186462,1.0170734897113791,-0.08654637964884415,-0.11493045755945958,BSE,True,NSE-trained; BSE current transfer
2026-10-01,CARBORUNIV,INE120A01034,1239.95,1239.95,32124976.95238095,2479.9,0.42817371005158805,0.06997212857945055,0.17745605956130378,0.3943067864373381,0.22016255422852374,0.09479081202504659,0.577571048576104,0.04608804139214169,0.577571048576104,0.5426964857752639,0.04400258723709563,0.21834496510468593,0.17745605956130378,0.06997212857945055,0.21834496510468593,0.577571048576104,False,,,N100_drop0.50_s0.20_c0.05,1.0,0.0,0.0,False,False,1.0068271698186462,1.0170734897113791,-0.08654637964884415,-0.11493045755945958,BSE,True,NSE-trained; BSE current transfer
2026-10-01,CHOLAFIN,INE121A01024,1583.0,1583.0,273385726.8095238,3166.0,0.2542825755563906,0.028589772674810606,0.15503245811838576,0.18441152918428802,0.18262789435672988,0.06143173523861435,0.4976510495148209,0.05338069968808833,0.4976510495148209,0.43808617685659873,0.0941077214010963,0.1578542883492161,0.15503245811838576,0.028589772674810606,0.1578542883492161,0.4976510495148209,False,,,N100_drop0.50_s0.20_c0.05,1.0,0.0,0.0,False,False,1.0068271698186462,1.0170734897113791,-0.08654637964884415,-0.11493045755945958,BSE,True,NSE-trained; BSE current transfer
2026-10-01,JSWENERGY,INE121E01018,485.0,485.0,267499043.2857143,970.0,0.263767331458608,0.03027387379399245,0.15872544643854425,0.1907310672187271,0.17716036584835293,0.06575912001732484,0.4637554529833127,0.07746287128365052,0.4637554529833127,0.40100559824115994,0.12038890922604518,0.1578542883492161,0.15872544643854425,0.03027387379399245,0.1578542883492161,0.4637554529833127,False,,,N100_drop0.50_s0.20_c0.05,1.0,0.0,0.0,False,False,1.0068271698186462,1.0170734897113791,-0.08654637964884415,-0.11493045755945958,BSE,True,NSE-trained; BSE current transfer
2026-10-01,INDUSTOWER,INE121J01017,376.0,376.0,127452457.8095238,752.0,0.27097309609322967,0.03158945741857347,0.1557468140320078,0.20282570539183847,0.18767310111799995,0.06417467051054851,0.4571146344681915,0.08128590005792999,0.4571146344681915,0.41006230391906545,0.11715575678201381,0.1578542883492161,0.1557468140320078,0.03158945741857347,0.1578542883492161,0.4571146344681915,False,,,N100_drop0.50_s0.20_c0.05,1.0,0.0,0.0,False,False,1.0068271698186462,1.0170734897113791,-0.08654637964884415,-0.11493045755945958,BSE,True,NSE-trained; BSE current transfer
2026-10-01,AMAGI,INE121R01077,553.35,553.35,41011043.31746032,1106.7,0.4417390617201836,0.07438165338794472,0.1991744158575718,0.37344983826203115,0.2310277697292837,0.11451030232639511,0.5735821512398376,0.05496662523352842,0.5735821512398376,0.6052722662938165,0.08341515935425664,0.24014598540145982,0.1991744158575718,0.07438165338794472,0.24014598540145982,0.5735821512398376,False,,,N100_drop0.50_s0.20_c0.05,1.0,0.0,0.0,False,False,1.0068271698186462,1.0170734897113791,-0.08654637964884415,-0.11493045755945958,BSE,True,NSE-trained; BSE current transfer
2026-10-01,MMTC,INE123F01029,56.19,56.19,9470956.777777778,112.38,0.27539231301177536,0.032412093986837594,0.18454092050680093,0.17563635153561025,0.1824114458943706,0.012769561472720875,0.48059978770935535,0.055294726314559096,0.48059978770935535,0.4502362861239553,0.0678746739847807,0.1648675171736997,0.18454092050680093,0.032412093986837594,0.1648675171736997,0.48059978770935535,False,,,N100_drop0.50_s0.20_c0.05,1.0,0.0,0.0,False,False,1.0068271698186462,1.0170734897113791,-0.08654637964884415,-0.11493045755945958,BSE,True,NSE-trained; BSE current transfer
2026-10-01,SBILIFE,INE123W01016,1726.25,1726.25,132460244.44444445,3452.5,0.24916152968014743,0.027702428948722366,0.13686801721214364,0.20240250069367163,0.18987789909828434,0.07070094094172122,0.4423697704958352,0.09700164431139854,0.4423697704958352,0.3881938368559848,0.13326144940585685,0.1578542883492161,0.13686801721214364,0.027702428948722366,0.1578542883492161,0.4423697704958352,False,,,N100_drop0.50_s0.20_c0.05,1.0,0.0,0.0,False,False,1.0068271698186462,1.0170734897113791,-0.08654637964884415,-0.11493045755945958,BSE,True,NSE-trained; BSE current transfer
2026-10-01,DELTACORP,INE124G01033,73.27,73.27,16965319.92063492,146.54,0.4573068922232967,0.07971851913761989,0.2225634793733103,0.3581832893792354,0.24403462254401337,0.13676350287660477,0.5458366984580754,0.02815500368410386,0.5458366984580754,0.530964807828465,0.0652529874879094,0.19605077574047955,0.2225634793733103,0.07971851913761989,0.19605077574047955,0.5458366984580754,False,,,N100_drop0.50_s0.20_c0.05,1.0,0.0,0.0,False,False,1.0068271698186462,1.0170734897113791,-0.08654637964884415,-0.11493045755945958,BSE,True,NSE-trained; BSE current transfer
2026-10-01,EIDPARRY,INE126A01031,674.5,674.5,49286953.634920634,1349.0,0.26699656787522374,0.030859534636406238,0.2055365760279479,0.1501413287735712,0.1656358557007161,0.0027159459223964344,0.4637771876877423,0.059189420369133466,0.4637771876877423,0.5011384049794348,0.009118351342910783,0.18294117647058825,0.2055365760279479,0.030859534636406238,0.18294117647058825,0.4637771876877423,False,,,N100_drop0.50_s0.20_c0.05,1.0,0.0,0.0,False,False,1.0068271698186462,1.0170734897113791,-0.08654637964884415,-0.11493045755945958,BSE,True,NSE-trained; BSE current transfer
2026-10-01,APOLLOPIPE,INE126J01016,512.75,512.75,21628107.777777776,1025.5,0.4553540800451346,0.0790321876958242,0.19119497399339058,0.41335912783228423,0.24912996742898832,0.082411581890693,0.6278281402457903,0.10108699173650874,0.6278281402457903,0.6302006905055988,0.11289322482519482,0.28798185941043086,0.19119497399339058,0.0790321876958242,0.28798185941043086,0.6278281402457903,False,,,N100_drop0.50_s0.20_c0.05,1.0,0.0,0.0,False,False,1.0068271698186462,1.0170734897113791,-0.08654637964884415,-0.11493045755945958,BSE,True,NSE-trained; BSE current transfer
2026-10-01,IBULLSLTD,INE126M01010,29.45,29.45,34813564.84126984,58.9,0.49147840242567886,0.0925753763974328,0.24079346048174252,0.3844596784822238,0.2591484528922769,0.1693880482331707,0.5510035977763518,0.05251316011202973,0.5510035977763518,0.5924967292802116,0.06377307585264085,0.24014598540145982,0.24079346048174252,0.0925753763974328,0.24014598540145982,0.5510035977763518,False,,,N100_drop0.50_s0.20_c0.05,1.0,0.0,0.0,False,False,1.0068271698186462,1.0170734897113791,-0.08654637964884415,-0.11493045755945958,BSE,True,NSE-trained; BSE current transfer
2026-10-01,GOODLUCK,INE127I01024,499.35,499.35,28042921.365079366,998.7,0.4348406585338268,0.07211218038816906,0.18267559795531674,0.39475540901641404,0.2224717018458879,0.07458806453449118,0.5759286470687445,0.05014835475026132,0.5759286470687445,0.5758227395329399,0.059325708113238035,0.23979591836734693,0.18267559795531674,0.07211218038816906,0.23979591836734693,0.5759286470687445,False,,,N100_drop0.50_s0.20_c0.05,1.0,0.0,0.0,False,False,1.0068271698186462,1.0170734897113791,-0.08654637964884415,-0.11493045755945958,BSE,True,NSE-trained; BSE current transfer
2026-10-01,KPEL,INE127T01021,218.35,218.35,9119761.142857144,436.7,0.3562304948399878,0.049830386897663975,0.26717942340441597,0.18650533137141417,0.20439771691366987,0.03159036865987347,0.5171051954326377,0.09162194111481284,0.5171051954326377,0.5035083382466762,0.08262349604049474,0.18294117647058825,0.26717942340441597,0.049830386897663975,0.18294117647058825,0.5171051954326377,False,,,N100_drop0.50_s0.20_c0.05,1.0,0.0,0.0,False,False,1.0068271698186462,1.0170734897113791,-0.08654637964884415,-0.11493045755945958,BSE,True,NSE-trained; BSE current transfer
2026-10-01,FIVESTAR,INE128S01021,506.45,506.45,55833984.71428572,1012.9,0.40021205630184686,0.061533425045076834,0.1820529136908821,0.3379974744571125,0.20479526346766358,0.09745924394197543,0.5139652446483929,0.05780191664808961,0.5139652446483929,0.5469388818816191,0.04634407014973938,0.21834496510468593,0.1820529136908821,0.061533425045076834,0.21834496510468593,0.5139652446483929,False,,,N100_drop0.50_s0.20_c0.05,1.0,0.0,0.0,False,False,1.0068271698186462,1.0170734897113791,-0.08654637964884415,-0.11493045755945958,BSE,True,NSE-trained; BSE current transfer
2026-10-01,ACI,INE128X01021,472.4,472.4,47409942.93650793,944.8,0.287836522899236,0.03479493053445274,0.22199185940192687,0.15673966886981588,0.17754388030594634,0.06967523225040698,0.44438213609632987,0.07217898761488144,0.44438213609632987,0.42927975421189385,0.0731170478367189,0.1578542883492161,0.22199185940192687,0.03479493053445274,0.1578542883492161,0.44438213609632987,False,,,N100_drop0.50_s0.20_c0.05,1.0,0.0,0.0,False,False,1.0068271698186462,1.0170734897113791,-0.08654637964884415,-0.11493045755945958,BSE,True,NSE-trained; BSE current transfer
2026-10-01,GAIL,INE129A01019,170.8,170.8,106052128.01587301,341.6,0.28534637196903934,0.034310145212658454,0.11541363851513736,0.2972798159219148,0.20090517709938446,0.04646947602496787,0.4939616921210288,0.09307520588380483,0.4939616921210288,0.44783878464168186,0.13583548327321926,0.1648675171736997,0.11541363851513736,0.034310145212658454,0.1648675171736997,0.4939616921210288,False,,,N100_drop0.50_s0.20_c0.05,1.0,0.0,0.0,False,False,1.0068271698186462,1.0170734897113791,-0.08654637964884415,-0.11493045755945958,BSE,True,NSE-trained; BSE current transfer
2026-10-01,SAMBHV,INE12NJ01018,161.8,161.8,28109884.92063492,323.6,0.47578679819999936,0.0864660920041247,0.2118651346383365,0.4081185521710605,0.25502053975057787,0.08670023385035192,0.6009957387716782,0.064915582189964,0.6009957387716782,0.5839198538508587,0.07441713462458578,0.24014598540145982,0.2118651346383365,0.0864660920041247,0.24014598540145982,0.6009957387716782,False,,,N100_drop0.50_s0.20_c0.05,1.0,0.0,0.0,False,False,1.0068271698186462,1.0170734897113791,-0.08654637964884415,-0.11493045755945958,BSE,True,NSE-trained; BSE current transfer
2026-10-01,SHADOWFAX,INE12UN01015,273.1,273.1,322834370.984127,546.2,0.4144033521148668,0.06571115437488458,0.20696119566786916,0.31750470982172757,0.2229156525785748,0.14632010001889562,0.5997225724707214,0.07306086493283917,0.5997225724707214,0.5899276038692675,0.0636668431001462,0.24014598540145982,0.20696119566786916,0.06571115437488458,0.24014598540145982,0.5997225724707214,False,,,N100_drop0.50_s0.20_c0.05,1.0,0.0,0.0,False,False,1.0068271698186462,1.0170734897113791,-0.08654637964884415,-0.11493045755945958,BSE,True,NSE-trained; BSE current transfer
2026-10-01,UTLSOLAR,INE12UR01024,402.45,402.45,32328307.92063492,804.9,0.47580600347893365,0.08647334985442916,0.20703884325901264,0.41766727679331195,0.2505583119453615,0.17455756257750837,0.6132867721829725,0.0820531623767674,0.6132867721829725,0.6310050887035863,0.10223769522418662,0.28798185941043086,0.20703884325901264,0.08647334985442916,0.28798185941043086,0.6132867721829725,False,,,N100_drop0.50_s0.20_c0.05,1.0,0.0,0.0,False,False,1.0068271698186462,1.0170734897113791,-0.08654637964884415,-0.11493045755945958,BSE,True,NSE-trained; BSE current transfer
2026-10-01,GMDCLTD,INE131A01031,487.8,487.8,51817274.41269841,975.6,0.2864144284348235,0.03451758114004963,0.19716686169490175,0.17506786304415867,0.21209799276640917,0.008067779667590619,0.488754211644806,0.11422074674235506,0.488754211644806,0.47015833626142584,0.11847238328479769,0.17320574162679425,0.19716686169490175,0.03451758114004963,0.17320574162679425,0.488754211644806,False,,,N100_drop0.50_s0.20_c0.05,1.0,0.0,0.0,False,False,1.0068271698186462,1.0170734897113791,-0.08654637964884415,-0.11493045755945958,BSE,True,NSE-trained; BSE current transfer
2026-10-01,RELAXO,INE131B01039,285.75,285.75,31258715.92063492,571.5,0.39860291502588274,0.061072822735728435,0.24351706565475167,0.25079483678698283,0.21783939082481846,0.07270636158650842,0.5374494701201058,0.06672463046144361,0.5374494701201058,0.586507031930818,0.08676122431996834,0.24014598540145982,0.24351706565475167,0.061072822735728435,0.24014598540145982,0.5374494701201058,False,,,N100_drop0.50_s0.20_c0.05,1.0,0.0,0.0,False,False,1.0068271698186462,1.0170734897113791,-0.08654637964884415,-0.11493045755945958,BSE,True,NSE-trained; BSE current transfer
2026-10-01,AURIONPRO,INE132H01018,609.4,609.4,8559134.698412698,1218.8,0.27124812534453596,0.03164030049802644,0.24871070006303872,0.1272172869522977,0.16329229283159585,0.04455828951810037,0.47613922997214164,0.018925160120111757,0.47613922997214164,0.449169646714443,0.05314517726812881,0.1648675171736997,0.24871070006303872,0.03164030049802644,0.1648675171736997,0.47613922997214164,False,,,N100_drop0.50_s0.20_c0.05,1.0,0.0,0.0,False,False,1.0068271698186462,1.0170734897113791,-0.08654637964884415,-0.11493045755945958,BSE,True,NSE-trained; BSE current transfer
2026-10-01,TI,INE133E01013,541.95,541.95,35259368.50793651,1083.9,0.38398384149826315,0.057005399121495756,0.15288315146706727,0.37286907402465047,0.1945126745343537,0.10548865397565188,0.5667667924991034,0.04695561661291235,0.5667667924991034,0.5480219219802533,0.04641298904731257,0.21834496510468593,0.15288315146706727,0.057005399121495756,0.21834496510468593,0.5667667924991034,False,,,N100_drop0.50_s0.20_c0.05,1.0,0.0,0.0,False,False,1.0068271698186462,1.0170734897113791,-0.08654637964884415,-0.11493045755945958,BSE,True,NSE-trained; BSE current transfer
2026-10-01,PFC,INE134E01011,318.0,318.0,328300545.46031743,636.0,0.24503494763356604,0.026998370545193547,0.16904762322416816,0.15970866688490468,0.18659733911534737,0.023243574821905727,0.45205636774418334,0.09172278983296898,0.45205636774418334,0.38620038170561605,0.13053899081011164,0.1578542883492161,0.16904762322416816,0.026998370545193547,0.1578542883492161,0.45205636774418334,False,,,N100_drop0.50_s0.20_c0.05,1.0,0.0,0.0,False,False,1.0068271698186462,1.0170734897113791,-0.08654637964884415,-0.11493045755945958,BSE,True,NSE-trained; BSE current transfer
2026-10-01,CYIENT,INE136B01020,1105.5,1105.5,112168848.07936507,2211.0,0.40482419587607515,0.0628681991704827,0.17248797962600784,0.3644787266150075,0.2154404526072893,0.1031893141343355,0.5757180466351924,0.06323169586503614,0.5757180466351924,0.5768983888807754,0.07843554651390877,0.24014598540145982,0.17248797962600784,0.0628681991704827,0.24014598540145982,0.5757180466351924,False,,,N100_drop0.50_s0.20_c0.05,1.0,0.0,0.0,False,False,1.0068271698186462,1.0170734897113791,-0.08654637964884415,-0.11493045755945958,BSE,True,NSE-trained; BSE current transfer
2026-10-01,KFINTECH,INE138Y01010,825.15,825.15,108276484.17460318,1650.3,0.3302478201417737,0.04370532791325838,0.1938530846941862,0.2254559321674242,0.17546614041506067,0.05816936861966687,0.4715060383604383,0.0816888742382883,0.4715060383604383,0.5021648851555104,0.05251479134739242,0.18294117647058825,0.1938530846941862,0.04370532791325838,0.18294117647058825,0.4715060383604383,False,,,N100_drop0.50_s0.20_c0.05,1.0,0.0,0.0,False,False,1.0068271698186462,1.0170734897113791,-0.08654637964884415,-0.11493045755945958,BSE,True,NSE-trained; BSE current transfer
2026-10-01,NATIONALUM,INE139A01034,334.15,334.15,122919988.3968254,668.3,0.4060964546653402,0.06324024420689173,0.21149533447059152,0.2990148428814882,0.21719891164534097,0.11831112830156179,0.5610497159674386,0.05753575720493751,0.5610497159674386,0.5753671665698326,0.06470656259863102,0.23979591836734693,0.21149533447059152,0.06324024420689173,0.23979591836734693,0.5610497159674386,False,,,N100_drop0.50_s0.20_c0.05,1.0,0.0,0.0,False,False,1.0068271698186462,1.0170734897113791,-0.08654637964884415,-0.11493045755945958,BSE,True,NSE-trained; BSE current transfer
2026-10-01,FUSION,INE139R01012,171.6,171.6,12901136.80952381,343.2,0.35742446599355526,0.050125127005803224,0.22228159787963078,0.2255028193244626,0.18415883718938938,0.07150157048051262,0.49730989706452017,0.040150451667205565,0.49730989706452017,0.4771735789781855,0.06295422472864122,0.17320574162679425,0.22228159787963078,0.050125127005803224,0.17320574162679425,0.49730989706452017,False,,,N100_drop0.50_s0.20_c0.05,1.0,0.0,0.0,False,False,1.0068271698186462,1.0170734897113791,-0.08654637964884415,-0.11493045755945958,BSE,True,NSE-trained; BSE current transfer
2026-10-01,TATATECH,INE142M01025,698.7,698.7,124368106.0,1397.4,0.3678067336393226,0.052739724011001084,0.20368596999659916,0.25892664090649764,0.19690549105404878,0.05627784741531541,0.5357194219941334,0.07712003527377174,0.5357194219941334,0.5307276516002993,0.08309270850043367,0.19605077574047955,0.20368596999659916,0.052739724011001084,0.19605077574047955,0.5357194219941334,False,,,N100_drop0.50_s0.20_c0.05,1.0,0.0,0.0,False,False,1.0068271698186462,1.0170734897113791,-0.08654637964884415,-0.11493045755945958,BSE,True,NSE-trained; BSE current transfer
2026-10-01,ORIENTELEC,INE142Z01019,154.65,154.65,9344441.57142857,309.3,0.2722022806005004,0.03181705222175655,0.17587002411585798,0.180912309426855,0.16028100676113824,0.024885246019213186,0.4827029722097782,0.028146451751643597,0.4827029722097782,0.4742207259154709,0.031139889894822092,0.17320574162679425,0.17587002411585798,0.03181705222175655,0.17320574162679425,0.4827029722097782,False,,,N100_drop0.50_s0.20_c0.05,1.0,0.0,0.0,False,False,1.0068271698186462,1.0170734897113791,-0.08654637964884415,-0.11493045755945958,BSE,True,NSE-trained; BSE current transfer
2026-10-01,TARSONS,INE144Z01023,328.45,328.45,11076360.38095238,656.9,0.4612089863271597,0.08110488391408491,0.22290596528137685,0.36385246043866637,0.2418121884289919,0.0768200683852629,0.6000124783257852,0.07205900713102963,0.6000124783257852,0.6248229986099542,0.09322284407869728,0.28798185941043086,0.22290596528137685,0.08110488391408491,0.28798185941043086,0.6000124783257852,False,,,N100_drop0.50_s0.20_c0.05,1.0,0.0,0.0,False,False,1.0068271698186462,1.0170734897113791,-0.08654637964884415,-0.11493045755945958,BSE,True,NSE-trained; BSE current transfer
2026-10-01,JPOLYINVST,INE147P01019,912.0,912.0,5157437.365079365,1824.0,0.26772819239533885,0.030993103384905452,0.19886396749018015,0.15585077465798766,0.16679868530060413,0.06419073756264715,0.48772418545604007,0.02165150715424501,0.48772418545604007,0.45178444966278475,0.0381268110152877,0.171875,0.19886396749018015,0.030993103384905452,0.171875,0.48772418545604007,False,,,N100_drop0.50_s0.20_c0.05,1.0,0.0,0.0,False,False,1.0068271698186462,1.0170734897113791,-0.08654637964884415,-0.11493045755945958,BSE,True,NSE-trained; BSE current transfer
2026-10-01,TNPETRO,INE148A01019,123.2,123.2,9729134.523809524,246.4,0.4320283931184424,0.07120316564751912,0.19038728851992795,0.3739911745214347,0.21122984740869194,0.06147191037972033,0.5950742785776424,0.06498420527917607,0.5950742785776424,0.5750265655225585,0.059845056657136644,0.23979591836734693,0.19038728851992795,0.07120316564751912,0.23979591836734693,0.5950742785776424,False,,,N100_drop0.50_s0.20_c0.05,1.0,0.0,0.0,False,False,1.0068271698186462,1.0170734897113791,-0.08654637964884415,-0.11493045755945958,BSE,True,NSE-trained; BSE current transfer
2026-10-01,SAMMAANCAP,INE148I01020,132.5,132.5,81894240.06349206,265.0,0.26419329420988646,0.030350766135974004,0.18771303140695467,0.16168704915416718,0.18838115992789892,0.027529846804188657,0.4664746240188314,0.08530058773237961,0.4664746240188314,0.4582375401100851,0.09108685956405231,0.17320574162679425,0.18771303140695467,0.030350766135974004,0.17320574162679425,0.4664746240188314,False,,,N100_drop0.50_s0.20_c0.05,1.0,0.0,0.0,False,False,1.0068271698186462,1.0170734897113791,-0.08654637964884415,-0.11493045755945958,BSE,True,NSE-trained; BSE current transfer
2026-10-01,DELHIVERY,INE148O01028,400.6,400.6,113096706.36507936,801.2,0.2564736317953829,0.028974088324107694,0.1825342204280157,0.1587323640255934,0.18248067976195556,0.10463999372813015,0.45736588298173736,0.07240481445105224,0.45736588298173736,0.4055234190344135,0.11906197639057499,0.1578542883492161,0.1825342204280157,0.028974088324107694,0.1578542883492161,0.45736588298173736,False,,,N100_drop0.50_s0.20_c0.05,1.0,0.0,0.0,False,False,1.0068271698186462,1.0170734897113791,-0.08654637964884415,-0.11493045755945958,BSE,True,NSE-trained; BSE current transfer
2026-10-01,CHOLAHLDNG,INE149A01033,1371.35,1371.35,78094221.06349206,2742.7,0.2678753789769684,0.031020013899740455,0.17728045127498332,0.1749770698159194,0.17050418063263348,0.016077253645566447,0.4526166534504539,0.08283719973217371,0.4526166534504539,0.41831663088366006,0.11806322609805966,0.1578542883492161,0.17728045127498332,0.031020013899740455,0.1578542883492161,0.4526166534504539,False,,,N100_drop0.50_s0.20_c0.05,1.0,0.0,0.0,False,False,1.0068271698186462,1.0170734897113791,-0.08654637964884415,-0.11493045755945958,BSE,True,NSE-trained; BSE current transfer
2026-10-01,SANDUMA,INE149K01016,177.9,177.9,10781344.46031746,355.8,0.29651347895906643,0.03651609229484533,0.1946126749985437,0.1876347072209895,0.16655279271248097,0.004782838783476018,0.4683958759999609,0.058232480003529374,0.4683958759999609,0.45822783306241227,0.050055274459069085,0.17320574162679425,0.1946126749985437,0.03651609229484533,0.17320574162679425,0.4683958759999609,False,,,N100_drop0.50_s0.20_c0.05,1.0,0.0,0.0,False,False,1.0068271698186462,1.0170734897113791,-0.08654637964884415,-0.11493045755945958,BSE,True,NSE-trained; BSE current transfer
2026-10-01,NIBE,INE149O01018,1234.95,1234.95,10096008.92063492,2469.9,0.4243506169909621,0.06876795989420073,0.2437460740566604,0.28212950776887247,0.21824292291760203,0.03535168526294527,0.5322703149793906,0.06182957745208908,0.5322703149793906,0.5453397233241511,0.07003575088079653,0.21834496510468593,0.2437460740566604,0.06876795989420073,0.21834496510468593,0.5322703149793906,False,,,N100_drop0.50_s0.20_c0.05,1.0,0.0,0.0,False,False,1.0068271698186462,1.0170734897113791,-0.08654637964884415,-0.11493045755945958,BSE,True,NSE-trained; BSE current transfer
2026-10-01,ABLBL,INE14LE01019,74.43,74.43,5261102.650793651,148.86,0.23432193361281406,0.025215315247135127,0.24186103467433817,0.10425538483735972,0.1712894845448392,0.07647303196093932,0.47407207247851346,0.03967039375481092,0.47407207247851346,0.38285465532719704,0.08206706879002365,0.1578542883492161,0.24186103467433817,0.025215315247135127,0.1578542883492161,0.47407207247851346,False,,,N100_drop0.50_s0.20_c0.05,1.0,0.0,0.0,False,False,1.0068271698186462,1.0170734897113791,-0.08654637964884415,-0.11493045755945958,BSE,True,NSE-trained; BSE current transfer
2026-10-01,VIDYAWIRES,INE14UN01029,90.93,90.93,8938899.253968254,181.86,0.445495734076904,0.0756417408731613,0.19128683977347904,0.39543619917991163,0.22080102039510188,0.06933868788103484,0.5568444638313618,0.0376597444280042,0.5568444638313618,0.5717813557753412,0.04931211589022342,0.22131147540983606,0.19128683977347904,0.0756417408731613,0.22131147540983606,0.5568444638313618,False,,,N100_drop0.50_s0.20_c0.05,1.0,0.0,0.0,False,False,1.0068271698186462,1.0170734897113791,-0.08654637964884415,-0.11493045755945958,BSE,True,NSE-trained; BSE current transfer
2026-10-01,ALKYLAMINE,INE150B01039,1741.25,1741.25,12752009.365079366,3482.5,0.4068315369240865,0.06345596890917556,0.17102527537853124,0.37103269542310685,0.20895144362771445,0.07616873291226026,0.5641043844413786,0.05975792169919537,0.5641043844413786,0.568270701077651,0.06974346859479526,0.21834496510468593,0.17102527537853124,0.06345596890917556,0.21834496510468593,0.5641043844413786,False,,,N100_drop0.50_s0.20_c0.05,1.0,0.0,0.0,False,False,1.0068271698186462,1.0170734897113791,-0.08654637964884415,-0.11493045755945958,BSE,True,NSE-trained; BSE current transfer
2026-10-01,TATACOMM,INE151A01013,1685.5,1685.5,45950863.571428575,3371.0,0.3086699639460828,0.03901323914159098,0.15406369258419017,0.2532279895879535,0.1868498329127346,0.03373242356199736,0.499903788044241,0.053239047899731724,0.499903788044241,0.45736134495941366,0.08016593677817166,0.17320574162679425,0.15406369258419017,0.03901323914159098,0.17320574162679425,0.499903788044241,False,,,N100_drop0.50_s0.20_c0.05,1.0,0.0,0.0,False,False,1.0068271698186462,1.0170734897113791,-0.08654637964884415,-0.11493045755945958,BSE,True,NSE-trained; BSE current transfer
2026-10-01,TRITURBINE,INE152M01016,530.2,530.2,57511898.53968254,1060.4,0.33185559044348695,0.0440688252754111,0.18105025807194966,0.2434065863518299,0.19458051056821488,0.016847040135662683,0.5185147468612884,0.07385191828789184,0.5185147468612884,0.5085823479981565,0.08985997277069314,0.18294117647058825,0.18105025807194966,0.0440688252754111,0.18294117647058825,0.5185147468612884,False,,,N100_drop0.50_s0.20_c0.05,1.0,0.0,0.0,False,False,1.0068271698186462,1.0170734897113791,-0.08654637964884415,-0.11493045755945958,BSE,True,NSE-trained; BSE current transfer
2026-10-01,BLS,INE153T01027,215.95,215.95,50392247.23809524,431.9,0.3007634046469146,0.037377540323915145,0.2190339562933651,0.17064724098693262,0.1610349886008746,0.06641832961989222,0.46108803105774504,0.04933253379972183,0.46108803105774504,0.4977856811906689,0.0024564426629303253,0.18294117647058825,0.2190339562933651,0.037377540323915145,0.18294117647058825,0.46108803105774504,False,,,N100_drop0.50_s0.20_c0.05,1.0,0.0,0.0,False,False,1.0068271698186462,1.0170734897113791,-0.08654637964884415,-0.11493045755945958,BSE,True,NSE-trained; BSE current transfer
2026-10-01,ITC,INE154A01025,257.0,257.0,313340212.52380955,514.0,0.21512596356921634,0.02217644898045141,0.17275551579082313,0.1283689778525117,0.17865654548261425,0.07116005058529001,0.39021006786517026,0.09930764197574346,0.39021006786517026,0.3625838071773752,0.10201955433511338,0.14285714285714285,0.17275551579082313,0.02217644898045141,0.14285714285714285,0.39021006786517026,False,,,N100_drop0.50_s0.20_c0.05,1.0,0.0,0.0,False,False,1.0068271698186462,1.0170734897113791,-0.08654637964884415,-0.11493045755945958,BSE,True,NSE-trained; BSE current transfer
2026-10-01,INDORAMA,INE156A01020,95.8,95.8,6992078.19047619,191.6,0.545480626502977,0.11668179647709832,0.3378678063173417,0.3453474829368773,0.28001453912257035,0.02375514061779138,0.5861857160181837,0.061873476774918085,0.5861857160181837,0.612033803842393,0.08708840756032687,0.24691358024691357,0.3378678063173417,0.11668179647709832,0.24691358024691357,0.5861857160181837,False,,,N100_drop0.50_s0.20_c0.05,1.0,0.0,0.0,False,False,1.0068271698186462,1.0170734897113791,-0.08654637964884415,-0.11493045755945958,BSE,True,NSE-trained; BSE current transfer
2026-10-01,PINELABS,INE15B701018,167.55,167.55,485569572.1904762,335.1,0.31522367504582105,0.04040240853414292,0.26622715759133164,0.15175915522548636,0.17382320696385492,0.06590015952065387,0.4392588561299274,0.049982268555981986,0.4392588561299274,0.4417676085874403,0.04636999651495715,0.1648675171736997,0.26622715759133164,0.04040240853414292,0.1648675171736997,0.4392588561299274,False,,,N100_drop0.50_s0.20_c0.05,1.0,0.0,0.0,False,False,1.0068271698186462,1.0170734897113791,-0.08654637964884415,-0.11493045755945958,BSE,True,NSE-trained; BSE current transfer
2026-10-01,PNB,INE160A01022,109.9,109.9,91997302.57142857,219.8,0.273647074987192,0.03208576656256411,0.12775807501114622,0.25114472458797454,0.19947496313083793,0.008100005016666426,0.5116021950002341,0.07716401328719134,0.5116021950002341,0.44437379109660907,0.1462768862741895,0.1648675171736997,0.12775807501114622,0.03208576656256411,0.1648675171736997,0.5116021950002341,False,,,N100_drop0.50_s0.20_c0.05,1.0,0.0,0.0,False,False,1.0068271698186462,1.0170734897113791,-0.08654637964884415,-0.11493045755945958,BSE,True,NSE-trained; BSE current transfer
2026-10-01,GIPCL,INE162A01010,174.95,174.95,7657514.253968254,349.9,0.41827072873428206,0.06688669329633787,0.17593825065287794,0.3801714126867372,0.20741669909995328,0.06300496798755759,0.5866825915921888,0.06746052560483629,0.5866825915921888,0.5682350890215738,0.06383567311524371,0.21834496510468593,0.17593825065287794,0.06688669329633787,0.21834496510468593,0.5866825915921888,False,,,N100_drop0.50_s0.20_c0.05,1.0,0.0,0.0,False,False,1.0068271698186462,1.0170734897113791,-0.08654637964884415,-0.11493045755945958,BSE,True,NSE-trained; BSE current transfer
2026-10-01,NOCIL,INE163A01018,168.65,168.65,11325589.793650793,337.3,0.4051542288541711,0.06296454935567075,0.20994161974370354,0.2999145640227878,0.20953822301856828,0.10277868038708535,0.5013377063568553,0.038802289080101623,0.5013377063568553,0.5188889333153148,0.03597730267760451,0.19197207678883071,0.20994161974370354,0.06296454935567075,0.19197207678883071,0.5013377063568553,False,,,N100_drop0.50_s0.20_c0.05,1.0,0.0,0.0,False,False,1.0068271698186462,1.0170734897113791,-0.08654637964884415,-0.11493045755945958,BSE,True,NSE-trained; BSE current transfer
2026-10-01,J&KBANK,INE168A01041,140.05,140.05,47438514.79365079,280.1,0.4054931380631734,0.06306360811253546,0.21556855953390916,0.2925454818127849,0.21199000806303533,0.07901502889984063,0.5214292478872323,0.053887813384837495,0.5214292478872323,0.5648942353429595,0.0667628711413107,0.21834496510468593,0.21556855953390916,0.06306360811253546,0.21834496510468593,0.5214292478872323,False,,,N100_drop0.50_s0.20_c0.05,1.0,0.0,0.0,False,False,1.0068271698186462,1.0170734897113791,-0.08654637964884415,-0.11493045755945958,BSE,True,NSE-trained; BSE current transfer
2026-10-01,EMCURE,INE168P01015,1943.6,1943.6,49568641.47619048,3887.2,0.3583603456408667,0.05035700146843785,0.13440129502514997,0.3746764602157647,0.196100830936063,0.042947269182278355,0.5678253416527289,0.04604638721526182,0.5678253416527289,0.5112973744157285,0.06955509369311064,0.18294117647058825,0.13440129502514997,0.05035700146843785,0.18294117647058825,0.5678253416527289,False,,,N100_drop0.50_s0.20_c0.05,1.0,0.0,0.0,False,False,1.0068271698186462,1.0170734897113791,-0.08654637964884415,-0.11493045755945958,BSE,True,NSE-trained; BSE current transfer
2026-10-01,COROMANDEL,INE169A01031,1764.8,1764.8,103496980.74603175,3529.6,0.2500976441279585,0.027863500838043204,0.16697050279472844,0.16687678584940396,0.1799971913648742,0.04416886628435397,0.4672571194174094,0.058136991353754504,0.4672571194174094,0.4075013811165042,0.12417603061220152,0.1578542883492161,0.16697050279472844,0.027863500838043204,0.1578542883492161,0.4672571194174094,False,,,N100_drop0.50_s0.20_c0.05,1.0,0.0,0.0,False,False,1.0068271698186462,1.0170734897113791,-0.08654637964884415,-0.11493045755945958,BSE,True,NSE-trained; BSE current transfer
2026-10-01,ORKLAINDIA,INE16NZ01023,536.55,536.55,5744079.206349206,1073.1,0.26313605422842545,0.030160120243035108,0.17613796390730815,0.1712300947165867,0.16039422316919266,0.046631179456157884,0.4746208992050797,0.023357494657119872,0.4746208992050797,0.4244372785155876,0.052382002702322246,0.1578542883492161,0.17613796390730815,0.030160120243035108,0.1578542883492161,0.4746208992050797,False,,,N100_drop0.50_s0.20_c0.05,1.0,0.0,0.0,False,False,1.0068271698186462,1.0170734897113791,-0.08654637964884415,-0.11493045755945958,BSE,True,NSE-trained; BSE current transfer
2026-10-01,FEDERALBNK,INE171A01029,316.55,316.55,95627009.06349206,633.1,0.32809129044575613,0.04322086136819217,0.14666416169640742,0.29469272430478755,0.20705494145202658,0.05949438891929898,0.5736770762281874,0.06433110616411902,0.5736770762281874,0.5219190096967544,0.09158543292349076,0.19197207678883071,0.14666416169640742,0.04322086136819217,0.19197207678883071,0.5736770762281874,False,,,N100_drop0.50_s0.20_c0.05,1.0,0.0,0.0,False,False,1.0068271698186462,1.0170734897113791,-0.08654637964884415,-0.11493045755945958,BSE,True,NSE-trained; BSE current transfer
2026-10-01,BDL,INE171Z01026,1088.25,1088.25,133696022.38095239,2176.5,0.2422219581471034,0.026523971619692208,0.19691765483689447,0.13469575209831658,0.1770531636341415,0.02584097558374146,0.4451534603371778,0.08911564054850245,0.4451534603371778,0.4375083929924226,0.0736744596025671,0.1578542883492161,0.19691765483689447,0.026523971619692208,0.1578542883492161,0.4451534603371778,False,,,N100_drop0.50_s0.20_c0.05,1.0,0.0,0.0,False,False,1.0068271698186462,1.0170734897113791,-0.08654637964884415,-0.11493045755945958,BSE,True,NSE-trained; BSE current transfer
2026-10-01,CASTROLIND,INE172A01027,199.0,199.0,32991375.61904762,398.0,0.2697847286144704,0.03137030681088195,0.12012238516858961,0.2611528797638699,0.20162827621961063,0.056762624426646265,0.4828156793940865,0.05571502891818017,0.4828156793940865,0.38296186156539663,0.13891585071455986,0.1578542883492161,0.12012238516858961,0.03137030681088195,0.1578542883492161,0.4828156793940865,False,,,N100_drop0.50_s0.20_c0.05,1.0,0.0,0.0,False,False,1.0068271698186462,1.0170734897113791,-0.08654637964884415,-0.11493045755945958,BSE,True,NSE-trained; BSE current transfer
2026-10-01,IMAGICAA,INE172N01012,50.47,50.47,5068151.301587301,100.94,0.42175939959897135,0.06796115681959604,0.21805677294013384,0.3116672594171352,0.21096110665935894,0.0996826297148258,0.5597233950300349,0.044845946816565806,0.5597233950300349,0.5476441967742621,0.05688800034303795,0.21834496510468593,0.21805677294013384,0.06796115681959604,0.21834496510468593,0.5597233950300349,False,,,N100_drop0.50_s0.20_c0.05,1.0,0.0,0.0,False,False,1.0068271698186462,1.0170734897113791,-0.08654637964884415,-0.11493045755945958,BSE,True,NSE-trained; BSE current transfer
2026-10-01,JISLJALEQS,INE175A01038,27.33,27.33,5015579.0,54.66,0.2767009680096062,0.03265803967033083,0.29925720992507876,0.10913033533429993,0.15789291100060468,0.017364219377939527,0.4074196243083253,0.06684067064813945,0.4074196243083253,0.41855391327433006,0.06418733885966094,0.1578542883492161,0.29925720992507876,0.03265803967033083,0.1578542883492161,0.4074196243083253,False,,,N100_drop0.50_s0.20_c0.05,1.0,0.0,0.0,False,False,1.0068271698186462,1.0170734897113791,-0.08654637964884415,-0.11493045755945958,BSE,True,NSE-trained; BSE current transfer
2026-10-01,BATAINDIA,INE176A01028,612.75,612.75,27333289.73015873,1225.5,0.21981002953646175,0.022899956606524486,0.22363721631562386,0.10239778952625354,0.16878196944955737,0.05793783280590403,0.42453246402346045,0.05853740739962468,0.42453246402346045,0.4099984886694161,0.07083148024090241,0.1578542883492161,0.22363721631562386,0.022899956606524486,0.1578542883492161,0.42453246402346045,False,,,N100_drop0.50_s0.20_c0.05,1.0,0.0,0.0,False,False,1.0068271698186462,1.0170734897113791,-0.08654637964884415,-0.11493045755945958,BSE,True,NSE-trained; BSE current transfer
2026-10-01,HAVELLS,INE176B01034,1040.6,1040.6,132232442.55555555,2081.2,0.23960124243958925,0.02608599998663257,0.18609612843017614,0.14017486664920126,0.1776581393214237,0.045093879084774274,0.4532222402205012,0.07538454292241169,0.4532222402205012,0.4006274464162507,0.11815781737364466,0.1578542883492161,0.18609612843017614,0.02608599998663257,0.1578542883492161,0.4532222402205012,False,,,N100_drop0.50_s0.20_c0.05,1.0,0.0,0.0,False,False,1.0068271698186462,1.0170734897113791,-0.08654637964884415,-0.11493045755945958,BSE,True,NSE-trained; BSE current transfer
2026-10-01,GPIL,INE177H01039,215.55,215.55,28154854.61904762,431.1,0.2795895662748934,0.033204738148990116,0.2010354144190376,0.1651686009897652,0.1828255131041741,0.04002576303047528,0.4770002678286218,0.07006060847270221,0.4770002678286218,0.45752971369997936,0.06971111600170966,0.17320574162679425,0.2010354144190376,0.033204738148990116,0.17320574162679425,0.4770002678286218,False,,,N100_drop0.50_s0.20_c0.05,1.0,0.0,0.0,False,False,1.0068271698186462,1.0170734897113791,-0.08654637964884415,-0.11493045755945958,BSE,True,NSE-trained; BSE current transfer
2026-10-01,CHENNPETRO,INE178A01016,1346.2,1346.2,200398045.42857143,2692.4,0.38350373791515757,0.05687531837031151,0.2242620279499115,0.25361100535046666,0.21189438942994993,0.10858910525360141,0.5818945716850097,0.05789979392716733,0.5818945716850097,0.5936398899931091,0.07251355031240668,0.24014598540145982,0.2242620279499115,0.05687531837031151,0.24014598540145982,0.5818945716850097,False,,,N100_drop0.50_s0.20_c0.05,1.0,0.0,0.0,False,False,1.0068271698186462,1.0170734897113791,-0.08654637964884415,-0.11493045755945958,BSE,True,NSE-trained; BSE current transfer
2026-10-01,MFSL,INE180A01020,1386.4,1386.4,131325529.55555555,2772.8,0.30281269481790796,0.03779733467656259,0.1835936506249948,0.20587495563104616,0.16610974223235286,0.06898476336511405,0.47081693446185074,0.054627178753355404,0.47081693446185074,0.46664244594767057,0.058040125093673414,0.17320574162679425,0.1835936506249948,0.03779733467656259,0.17320574162679425,0.47081693446185074,False,,,N100_drop0.50_s0.20_c0.05,1.0,0.0,0.0,False,False,1.0068271698186462,1.0170734897113791,-0.08654637964884415,-0.11493045755945958,BSE,True,NSE-trained; BSE current transfer
2026-10-01,CGCL,INE180C01042,249.5,249.5,116871546.73015873,499.0,0.3992716320050168,0.061263919726657894,0.1830229143022818,0.33473360404191804,0.21245446145375102,0.09637192234411092,0.5870949617053359,0.06145209966374189,0.5870949617053359,0.5827300017885053,0.07184041230130046,0.24014598540145982,0.1830229143022818,0.061263919726657894,0.24014598540145982,0.5870949617053359,False,,,N100_drop0.50_s0.20_c0.05,1.0,0.0,0.0,False,False,1.0068271698186462,1.0170734897113791,-0.08654637964884415,-0.11493045755945958,BSE,True,NSE-trained; BSE current transfer
2026-10-01,MARATHON,INE182D01020,389.05,389.05,13210506.317460317,778.1,0.36892327906955585,0.05302652014293329,0.2852163404726935,0.1859168379169707,0.18311511514303014,0.06342971944746834,0.4518799685022746,0.06403417265464484,0.4518799685022746,0.4874800631895284,0.040551749620966394,0.17320574162679425,0.2852163404726935,0.05302652014293329,0.17320574162679425,0.4518799685022746,False,,,N100_drop0.50_s0.20_c0.05,1.0,0.0,0.0,False,False,1.0068271698186462,1.0170734897113791,-0.08654637964884415,-0.11493045755945958,BSE,True,NSE-trained; BSE current transfer
2026-10-01,FINPIPE,INE183A01024,150.5,150.5,7173981.825396826,301.0,0.24979137579428676,0.027810747499556865,0.17640470545166356,0.15765309337044445,0.17397606889614356,0.02023931088457029,0.450728696304721,0.04645685729726814,0.450728696304721,0.4128486484033866,0.0660628393491677,0.1578542883492161,0.17640470545166356,0.027810747499556865,0.1578542883492161,0.450728696304721,False,,,N100_drop0.50_s0.20_c0.05,1.0,0.0,0.0,False,False,1.0068271698186462,1.0170734897113791,-0.08654637964884415,-0.11493045755945958,BSE,True,NSE-trained; BSE current transfer
2026-10-01,DIFFNKG,INE184O01015,464.75,464.75,8333101.53968254,929.5,0.46341469341884123,0.08189746542428576,0.226645916126723,0.3613454273691611,0.23703076755252783,0.06724655355561765,0.5923501500972929,0.0656569644753153,0.5923501500972929,0.5893642985650934,0.07147975552432682,0.24014598540145982,0.226645916126723,0.08189746542428576,0.24014598540145982,0.5923501500972929,False,,,N100_drop0.50_s0.20_c0.05,1.0,0.0,0.0,False,False,1.0068271698186462,1.0170734897113791,-0.08654637964884415,-0.11493045755945958,BSE,True,NSE-trained; BSE current transfer
2026-10-01,GUJALKALI,INE186A01019,604.25,604.25,5497442.396825396,1208.5,0.4345587209591063,0.07202063095530582,0.1895308798060866,0.37999417841035604,0.21831376422860604,0.08287853872494497,0.5737701374754115,0.06084915138770131,0.5737701374754115,0.5678747760220624,0.05791211694002363,0.21834496510468593,0.1895308798060866,0.07202063095530582,0.21834496510468593,0.5737701374754115,False,,,N100_drop0.50_s0.20_c0.05,1.0,0.0,0.0,False,False,1.0068271698186462,1.0170734897113791,-0.08654637964884415,-0.11493045755945958,BSE,True,NSE-trained; BSE current transfer
2026-10-01,TALBROAUTO,INE187D01029,418.7,418.7,5457476.396825396,837.4,0.44384931136122274,0.07508735815949444,0.19133141101130127,0.39244658136692095,0.2174850426835609,0.05885020989056494,0.5739256517592201,0.05690303351950854,0.5739256517592201,0.5690175053921308,0.04721234296273541,0.21834496510468593,0.19133141101130127,0.07508735815949444,0.21834496510468593,0.5739256517592201,False,,,N100_drop0.50_s0.20_c0.05,1.0,0.0,0.0,False,False,1.0068271698186462,1.0170734897113791,-0.08654637964884415,-0.11493045755945958,BSE,True,NSE-trained; BSE current transfer
2026-10-01,FACT,INE188A01015,735.7,735.7,41504029.396825396,1471.4,0.34915078152647283,0.04810727215205147,0.21375771496373913,0.22505513852546638,0.18319346036752804,0.08943415758748027,0.4740234758527208,0.06922728926868937,0.4740234758527208,0.488361525644017,0.06033109323140138,0.17320574162679425,0.21375771496373913,0.04810727215205147,0.17320574162679425,0.4740234758527208,False,,,N100_drop0.50_s0.20_c0.05,1.0,0.0,0.0,False,False,1.0068271698186462,1.0170734897113791,-0.08654637964884415,-0.11493045755945958,BSE,True,NSE-trained; BSE current transfer
2026-10-01,IGARASHI,INE188B01013,399.25,399.25,13010217.650793651,798.5,0.3845906569196301,0.057170123581315895,0.1976416430173389,0.289261527624016,0.19567150654271462,0.08408639320650596,0.5081497738566336,0.031018073023739073,0.5081497738566336,0.5184020437003215,0.02512833468678786,0.19197207678883071,0.1976416430173389,0.057170123581315895,0.19197207678883071,0.5081497738566336,False,,,N100_drop0.50_s0.20_c0.05,1.0,0.0,0.0,False,False,1.0068271698186462,1.0170734897113791,-0.08654637964884415,-0.11493045755945958,BSE,True,NSE-trained; BSE current transfer
2026-10-01,EBGNG,INE18JU01028,705.1,705.1,31032929.95238095,1410.2,0.49864011434153505,0.09548745326202006,0.22285854458643684,0.42846664658614764,0.26161886310143506,0.07514134050907062,0.5780952099294075,0.046976135648561824,0.5780952099294075,0.5706798687125914,0.0667927077578668,0.22131147540983606,0.22285854458643684,0.09548745326202006,0.22131147540983606,0.5780952099294075,False,,,N100_drop0.50_s0.20_c0.05,1.0,0.0,0.0,False,False,1.0068271698186462,1.0170734897113791,-0.08654637964884415,-0.11493045755945958,BSE,True,NSE-trained; BSE current transfer
2026-10-01,ORCHPHARMA,INE191A01027,991.55,991.55,11473662.603174603,1983.1,0.44390677443641857,0.07510665096971018,0.2144235403865364,0.35027241334751374,0.22669962275159675,0.0723405994101364,0.5606000593381005,0.03802859044983898,0.5606000593381005,0.5897274325754952,0.06175025996422799,0.24014598540145982,0.2144235403865364,0.07510665096971018,0.24014598540145982,0.5606000593381005,False,,,N100_drop0.50_s0.20_c0.05,1.0,0.0,0.0,False,False,1.0068271698186462,1.0170734897113791,-0.08654637964884415,-0.11493045755945958,BSE,True,NSE-trained; BSE current transfer
2026-10-01,PVRINOX,INE191H01014,1216.1,1216.1,56299941.79365079,2432.2,0.38476036574672373,0.05721625472645984,0.17645205876194617,0.32425949080963146,0.1978627598075037,0.11578966141742426,0.5519504760221435,0.0408959025669498,0.5519504760221435,0.5273272999883496,0.053247251299164945,0.19605077574047955,0.17645205876194617,0.05721625472645984,0.19605077574047955,0.5519504760221435,False,,,N100_drop0.50_s0.20_c0.05,1.0,0.0,0.0,False,False,1.0068271698186462,1.0170734897113791,-0.08654637964884415,-0.11493045755945958,BSE,True,NSE-trained; BSE current transfer
2026-10-01,TATACONSUM,INE192A01025,949.0,949.0,89077274.46031746,1898.0,0.23965835850956052,0.026095504262273278,0.16274232928097673,0.16034859755029715,0.18878849394871333,0.03341381547677777,0.4406878262973127,0.09714022772778601,0.4406878262973127,0.38282491241421623,0.128770528149717,0.1578542883492161,0.16274232928097673,0.026095504262273278,0.1578542883492161,0.4406878262973127,False,,,N100_drop0.50_s0.20_c0.05,1.0,0.0,0.0,False,False,1.0068271698186462,1.0170734897113791,-0.08654637964884415,-0.11493045755945958,BSE,True,NSE-trained; BSE current transfer
2026-10-01,WELSPUNLIV,INE192B01031,239.05,239.05,73180872.73015873,478.1,0.4712750822745192,0.08477550411380748,0.15156370464041222,0.5593390865902822,0.2500793969245032,0.0723381858326736,0.6212260151397954,0.10076937382847292,0.6212260151397954,0.6123868190397966,0.11412078813942983,0.24691358024691357,0.15156370464041222,0.08477550411380748,0.24691358024691357,0.6212260151397954,False,,,N100_drop0.50_s0.20_c0.05,1.0,0.0,0.0,False,False,1.0068271698186462,1.0170734897113791,-0.08654637964884415,-0.11493045755945958,BSE,True,NSE-trained; BSE current transfer
2026-10-01,GRMOVER,INE192H01020,77.91,77.91,19166589.84126984,155.82,0.32840044609787683,0.04329009644123711,0.2153248740898176,0.20104549752658712,0.24182226943534116,0.0780863721183648,0.5497175768912222,0.14432952836781485,0.5497175768912222,0.5072813758388067,0.13774917564820605,0.18294117647058825,0.2153248740898176,0.04329009644123711,0.18294117647058825,0.5497175768912222,False,,,N100_drop0.50_s0.20_c0.05,1.0,0.0,0.0,False,False,1.0068271698186462,1.0170734897113791,-0.08654637964884415,-0.11493045755945958,BSE,True,NSE-trained; BSE current transfer
2026-10-01,BAJAJELEC,INE193E01025,300.15,300.15,11746833.841269841,600.3,0.26926795112609825,0.03127527726041133,0.2418496011661745,0.12931705121532178,0.1515888485574284,0.023368045302953666,0.4609778186938325,0.02097587070218529,0.4609778186938325,0.4614813705794936,0.024802236739277134,0.17320574162679425,0.2418496011661745,0.03127527726041133,0.17320574162679425,0.4609778186938325,False,,,N100_drop0.50_s0.20_c0.05,1.0,0.0,0.0,False,False,1.0068271698186462,1.0170734897113791,-0.08654637964884415,-0.11493045755945958,BSE,True,NSE-trained; BSE current transfer
2026-10-01,PNCINFRA,INE195J01029,138.0,138.0,20525911.253968254,276.0,0.3637838384060723,0.0517155185299748,0.28053984367227236,0.1843428650027661,0.2065878782658819,0.029321186577658254,0.5183421639375744,0.0847383769690721,0.5183421639375744,0.5386351233771881,0.08887732020978491,0.21834496510468593,0.28053984367227236,0.0517155185299748,0.21834496510468593,0.5183421639375744,False,,,N100_drop0.50_s0.20_c0.05,1.0,0.0,0.0,False,False,1.0068271698186462,1.0170734897113791,-0.08654637964884415,-0.11493045755945958,BSE,True,NSE-trained; BSE current transfer
2026-10-01,MARICO,INE196A01026,780.1,780.1,73744867.41269842,1560.2,0.2828052071816084,0.033819573379191795,0.12184725980742761,0.2775571107027079,0.18637200321885722,0.05005566909797858,0.47647780180585997,0.09636236716668986,0.47647780180585997,0.4506309070309901,0.11512796759450548,0.1648675171736997,0.12184725980742761,0.033819573379191795,0.1648675171736997,0.47647780180585997,False,,,N100_drop0.50_s0.20_c0.05,1.0,0.0,0.0,False,False,1.0068271698186462,1.0170734897113791,-0.08654637964884415,-0.11493045755945958,BSE,True,NSE-trained; BSE current transfer
2026-10-01,GCSL,INE199P01028,679.5,679.5,12803682.19047619,1359.0,0.5518899546250446,0.11990282741926826,0.1531053688945774,0.7831392738541314,0.29420999786417323,0.12034816733231431,0.6696121244598662,0.1272188498244212,0.6696121244598662,0.6507204138115591,0.14736093301582817,0.28798185941043086,0.1531053688945774,0.11990282741926826,0.28798185941043086,0.6696121244598662,True,0.9119999999999999,3.0,N100_drop0.50_s0.20_c0.05,1.0,0.0,0.0,False,False,1.0068271698186462,1.0170734897113791,-0.08654637964884415,-0.11493045755945958,BSE,True,NSE-trained; BSE current transfer
2026-10-01,TENNIND,INE19RI01016,494.6,494.6,339979559.2222222,989.2,0.2605256335795251,0.029692271128276427,0.15955897412736386,0.18608963419741803,0.17241956267947833,0.03452881115108607,0.46611179860005497,0.0652797297938698,0.46611179860005497,0.4506187457951005,0.0655126204593791,0.1648675171736997,0.15955897412736386,0.029692271128276427,0.1648675171736997,0.46611179860005497,False,,,N100_drop0.50_s0.20_c0.05,1.0,0.0,0.0,False,False,1.0068271698186462,1.0170734897113791,-0.08654637964884415,-0.11493045755945958,BSE,True,NSE-trained; BSE current transfer
2026-10-01,GKENERGY,INE1AG301022,114.7,114.7,6894611.666666667,229.4,0.3312427641127029,0.043930039005082376,0.2514062893880473,0.17473723156255674,0.16400742304100743,0.05769365589975359,0.48574116469059464,0.061099647514261696,0.48574116469059464,0.46431622570665937,0.030627416086089623,0.17320574162679425,0.2514062893880473,0.043930039005082376,0.17320574162679425,0.48574116469059464,False,,,N100_drop0.50_s0.20_c0.05,1.0,0.0,0.0,False,False,1.0068271698186462,1.0170734897113791,-0.08654637964884415,-0.11493045755945958,BSE,True,NSE-trained; BSE current transfer
2026-10-01,SHREEJISPG,INE1B6101010,775.35,775.35,36852580.17460317,1550.7,0.5637323038081189,0.12608137639704736,0.12616818028819377,0.999311998548698,0.308766179789133,0.09659601971713269,0.7022585724564049,0.14218538958121396,0.7022585724564049,0.7055223784563803,0.15405890996699398,0.44680851063829785,0.12616818028819377,0.12608137639704736,0.44680851063829785,0.7022585724564049,True,0.951,1.0,N100_drop0.50_s0.20_c0.05,1.0,0.0,0.0,False,False,1.0068271698186462,1.0170734897113791,-0.08654637964884415,-0.11493045755945958,BSE,True,NSE-trained; BSE current transfer
2026-10-01,EMMVEE,INE1C6T01020,306.2,306.2,59509636.603174604,612.4,0.4314276214580663,0.07101017312271364,0.19942424239301154,0.3560759327482949,0.2279166508125648,0.08251053740453865,0.5833754566202461,0.0629043792017676,0.5833754566202461,0.5905581178891661,0.07424107259977186,0.24014598540145982,0.19942424239301154,0.07101017312271364,0.24014598540145982,0.5833754566202461,False,,,N100_drop0.50_s0.20_c0.05,1.0,0.0,0.0,False,False,1.0068271698186462,1.0170734897113791,-0.08654637964884415,-0.11493045755945958,BSE,True,NSE-trained; BSE current transfer
2026-10-01,PNGSREVA,INE1RDG01013,503.15,503.15,12449176.015873017,1006.3,0.4336691342539456,0.07173238089873285,0.2330986651335141,0.3077339840519723,0.21734633350582283,0.11351863223819927,0.5550958975832848,0.04251827151168895,0.5550958975832848,0.5905184197460263,0.06720345456138002,0.24014598540145982,0.2330986651335141,0.07173238089873285,0.24014598540145982,0.5550958975832848,False,,,N100_drop0.50_s0.20_c0.05,1.0,0.0,0.0,False,False,1.0068271698186462,1.0170734897113791,-0.08654637964884415,-0.11493045755945958,BSE,True,NSE-trained; BSE current transfer
2026-10-01,RAYMONDREL,INE1SY401010,648.1,648.1,52759126.428571425,1296.2,0.47008987446727557,0.08433611794752066,0.2609712151392758,0.3231625292563854,0.2547051810045625,0.07633967707575573,0.5638505624043747,0.038898237864885526,0.5638505624043747,0.5876320159180772,0.06838606152969545,0.24014598540145982,0.2609712151392758,0.08433611794752066,0.24014598540145982,0.5638505624043747,False,,,N100_drop0.50_s0.20_c0.05,1.0,0.0,0.0,False,False,1.0068271698186462,1.0170734897113791,-0.08654637964884415,-0.11493045755945958,BSE,True,NSE-trained; BSE current transfer
2026-10-01,TMCV,INE1TAE01010,415.3,415.3,259211903.98412699,830.6,0.28351778681690354,0.0339567165626929,0.15281240008133962,0.22221178742443856,0.19153183649025027,0.08468161717939757,0.5190038310672874,0.04522634312475583,0.5190038310672874,0.4948233241135848,0.05057988379121686,0.17320574162679425,0.15281240008133962,0.0339567165626929,0.17320574162679425,0.5190038310672874,False,,,N100_drop0.50_s0.20_c0.05,1.0,0.0,0.0,False,False,1.0068271698186462,1.0170734897113791,-0.08654637964884415,-0.11493045755945958,BSE,True,NSE-trained; BSE current transfer
2026-10-01,STLNETWORK,INE1VXE01018,47.24,47.24,15271639.333333334,94.48,0.5442057786479662,0.11605106204444465,0.2548536213852465,0.45536359818492606,0.2940486261751737,0.036844802760026274,0.6406376139048665,0.09193762997108852,0.6406376139048665,0.614081470467127,0.11893155602820896,0.24691358024691357,0.2548536213852465,0.11605106204444465,0.24691358024691357,0.6406376139048665,False,,,N100_drop0.50_s0.20_c0.05,1.0,0.0,0.0,False,False,1.0068271698186462,1.0170734897113791,-0.08654637964884415,-0.11493045755945958,BSE,True,NSE-trained; BSE current transfer
2026-10-01,VBL,INE200M01039,424.3,424.3,168782897.7777778,848.6,0.2451318130217302,0.02701478614547598,0.17029134815821542,0.15863862984029525,0.1977805899087877,0.04800666294417466,0.45091745944780737,0.0787738217420391,0.45091745944780737,0.398967621216942,0.11389868607010656,0.1578542883492161,0.17029134815821542,0.02701478614547598,0.1578542883492161,0.45091745944780737,False,,,N100_drop0.50_s0.20_c0.05,1.0,0.0,0.0,False,False,1.0068271698186462,1.0170734897113791,-0.08654637964884415,-0.11493045755945958,BSE,True,NSE-trained; BSE current transfer
2026-10-01,MANALIPETC,INE201A01024,78.04,78.04,14994609.396825397,156.08,0.44288148265212096,0.07476302431431321,0.22203360774559805,0.33671940510904674,0.2234001812100167,0.1126649295314357,0.5970437759270776,0.06612542185667641,0.5970437759270776,0.6068438239775774,0.0771972193194572,0.24014598540145982,0.22203360774559805,0.07476302431431321,0.24014598540145982,0.5970437759270776,False,,,N100_drop0.50_s0.20_c0.05,1.0,0.0,0.0,False,False,1.0068271698186462,1.0170734897113791,-0.08654637964884415,-0.11493045755945958,BSE,True,NSE-trained; BSE current transfer
2026-10-01,EXPLEOSOL,INE201K01015,846.15,846.15,8396558.285714285,1692.3,0.39835274165545176,0.06100144720776005,0.2062891516470744,0.29570845931890366,0.209931502519068,0.12412356507564745,0.5267543242558945,0.03721879607453886,0.5267543242558945,0.557376061629446,0.057983539734438656,0.21834496510468593,0.2062891516470744,0.06100144720776005,0.21834496510468593,0.5267543242558945,False,,,N100_drop0.50_s0.20_c0.05,1.0,0.0,0.0,False,False,1.0068271698186462,1.0170734897113791,-0.08654637964884415,-0.11493045755945958,BSE,True,NSE-trained; BSE current transfer
2026-10-01,IREDA,INE202E01016,110.8,110.8,60101763.03174603,221.6,0.24830784739576658,0.027555979501306147,0.18525679950445534,0.1487447671287414,0.19488080115718226,0.013882615293943551,0.42930894475577525,0.11354869169914,0.42930894475577525,0.407763047957803,0.11107253703209632,0.1578542883492161,0.18525679950445534,0.027555979501306147,0.1578542883492161,0.42930894475577525,False,,,N100_drop0.50_s0.20_c0.05,1.0,0.0,0.0,False,False,1.0068271698186462,1.0170734897113791,-0.08654637964884415,-0.11493045755945958,BSE,True,NSE-trained; BSE current transfer
2026-10-01,KERNEX,INE202H01019,1643.85,1643.85,41253437.55555555,3287.7,0.4164123659505367,0.06631979369557385,0.259748408959542,0.2553231950918464,0.23170421794201468,0.05415492508629077,0.5462734442837053,0.07593525070032905,0.5462734442837053,0.6076841618301083,0.09920057386257138,0.24014598540145982,0.259748408959542,0.06631979369557385,0.24014598540145982,0.5462734442837053,False,,,N100_drop0.50_s0.20_c0.05,1.0,0.0,0.0,False,False,1.0068271698186462,1.0170734897113791,-0.08654637964884415,-0.11493045755945958,BSE,True,NSE-trained; BSE current transfer
2026-10-01,IGL,INE203G01027,142.9,142.9,51125073.82539683,285.8,0.24546088846162198,0.027070593706459204,0.17204084305368245,0.1573498084871177,0.18233035841119996,0.023709503593803083,0.42532839468814365,0.09953671511623878,0.42532839468814365,0.4039049406956101,0.10481669610390962,0.1578542883492161,0.17204084305368245,0.027070593706459204,0.1578542883492161,0.42532839468814365,False,,,N100_drop0.50_s0.20_c0.05,1.0,0.0,0.0,False,False,1.0068271698186462,1.0170734897113791,-0.08654637964884415,-0.11493045755945958,BSE,True,NSE-trained; BSE current transfer
2026-10-01,ELECON,INE205B01031,440.25,440.25,33631635.365079366,880.5,0.38454542918879353,0.0571578341520967,0.25388023145479544,0.225137001902702,0.2018298719780495,0.041614139946834605,0.4648638461532932,0.054965914254364964,0.4648638461532932,0.46703572060067894,0.07671809693065115,0.17320574162679425,0.25388023145479544,0.0571578341520967,0.17320574162679425,0.4648638461532932,False,,,N100_drop0.50_s0.20_c0.05,1.0,0.0,0.0,False,False,1.0068271698186462,1.0170734897113791,-0.08654637964884415,-0.11493045755945958,BSE,True,NSE-trained; BSE current transfer
2026-10-01,POLYMED,INE205C01021,1638.35,1638.35,18538560.317460317,3276.7,0.3525933080418559,0.04893992360054064,0.1720843922605807,0.28439490041858545,0.19463760288775772,0.10332356897813251,0.5316468557827672,0.05037158820555617,0.5316468557827672,0.5498943895893738,0.04505835603944383,0.21834496510468593,0.1720843922605807,0.04893992360054064,0.21834496510468593,0.5316468557827672,False,,,N100_drop0.50_s0.20_c0.05,1.0,0.0,0.0,False,False,1.0068271698186462,1.0170734897113791,-0.08654637964884415,-0.11493045755945958,BSE,True,NSE-trained; BSE current transfer
2026-10-01,AIIL,INE206F01022,539.35,539.35,60947120.71428572,1078.7,0.41850138022524286,0.06695731735201857,0.17970509650115069,0.3725955393345777,0.2255442965101668,0.0993206913777929,0.5394386645482093,0.07129273131802517,0.5394386645482093,0.5543635161291592,0.08969003237357878,0.21834496510468593,0.17970509650115069,0.06695731735201857,0.21834496510468593,0.5394386645482093,False,,,N100_drop0.50_s0.20_c0.05,1.0,0.0,0.0,False,False,1.0068271698186462,1.0170734897113791,-0.08654637964884415,-0.11493045755945958,BSE,True,NSE-trained; BSE current transfer
2026-10-01,RAMRAT,INE207E01023,616.9,616.9,10333163.73015873,1233.8,0.4998579250795421,0.09599065777424622,0.21478216439277498,0.4469209910684522,0.2565404250736531,0.11218519484830569,0.5806724824043533,0.05079408085976276,0.5806724824043533,0.5682396843856276,0.048785679015391034,0.21834496510468593,0.21478216439277498,0.09599065777424622,0.21834496510468593,0.5806724824043533,False,,,N100_drop0.50_s0.20_c0.05,1.0,0.0,0.0,False,False,1.0068271698186462,1.0170734897113791,-0.08654637964884415,-0.11493045755945958,BSE,True,NSE-trained; BSE current transfer
2026-10-01,ASHOKLEY,INE208A01029,150.95,150.95,175980713.14285713,301.9,0.25759023354818245,0.02917102724056492,0.17469445048610993,0.1669831363239803,0.1764785069537142,0.058895487030118765,0.4574722782632475,0.07564046503472076,0.4574722782632475,0.4356448157694382,0.07861758975065204,0.1578542883492161,0.17469445048610993,0.02917102724056492,0.1578542883492161,0.4574722782632475,False,,,N100_drop0.50_s0.20_c0.05,1.0,0.0,0.0,False,False,1.0068271698186462,1.0170734897113791,-0.08654637964884415,-0.11493045755945958,BSE,True,NSE-trained; BSE current transfer
2026-10-01,AEGISLOG,INE208C01025,1400.75,1400.75,128673846.92063493,2801.5,0.4268643446759218,0.06955784742805139,0.22893295534995448,0.30383501283912123,0.22801806057551502,0.11657257832778728,0.5674271234354604,0.043714484134586985,0.5674271234354604,0.5858235061679187,0.06426166512635255,0.24014598540145982,0.22893295534995448,0.06955784742805139,0.24014598540145982,0.5674271234354604,False,,,N100_drop0.50_s0.20_c0.05,1.0,0.0,0.0,False,False,1.0068271698186462,1.0170734897113791,-0.08654637964884415,-0.11493045755945958,BSE,True,NSE-trained; BSE current transfer
2026-10-01,RICOAUTO,INE209B01025,121.75,121.75,13443598.666666666,243.5,0.4251613657721617,0.0690219413127773,0.21348781336322822,0.32330623573038964,0.215324227409989,0.09680542737743067,0.5234677558795027,0.043377003413031044,0.5234677558795027,0.559277378483743,0.05327840912301716,0.21834496510468593,0.21348781336322822,0.0690219413127773,0.21834496510468593,0.5234677558795027,False,,,N100_drop0.50_s0.20_c0.05,1.0,0.0,0.0,False,False,1.0068271698186462,1.0170734897113791,-0.08654637964884415,-0.11493045755945958,BSE,True,NSE-trained; BSE current transfer
2026-10-01,JWL,INE209L01016,223.75,223.75,26027846.46031746,447.5,0.2504183216784468,0.02791879400805131,0.22985125979025203,0.12146461165158835,0.1813729262875164,0.05514779561930405,0.42729457927390074,0.07341011896607441,0.42729457927390074,0.4019130060999485,0.08089991640665338,0.1578542883492161,0.22985125979025203,0.02791879400805131,0.1578542883492161,0.42729457927390074,False,,,N100_drop0.50_s0.20_c0.05,1.0,0.0,0.0,False,False,1.0068271698186462,1.0170734897113791,-0.08654637964884415,-0.11493045755945958,BSE,True,NSE-trained; BSE current transfer
2026-10-01,PHOENIXLTD,INE211B01039,1927.85,1927.85,82574946.8888889,3855.7,0.29935720399021876,0.03709114726121121,0.12958583075775995,0.28622841744594124,0.19187111579865385,0.04291018665865047,0.5152004459315492,0.05565261076224588,0.5152004459315492,0.48307955445377626,0.0873083285862493,0.17320574162679425,0.12958583075775995,0.03709114726121121,0.17320574162679425,0.5152004459315492,False,,,N100_drop0.50_s0.20_c0.05,1.0,0.0,0.0,False,False,1.0068271698186462,1.0170734897113791,-0.08654637964884415,-0.11493045755945958,BSE,True,NSE-trained; BSE current transfer
2026-10-01,SPAL,INE212I01016,940.5,940.5,7218536.73015873,1881.0,0.4356482892715572,0.07237494895937593,0.2075968105232662,0.3486322780053723,0.22298972132773062,0.10221515750974994,0.5674424763577227,0.05524045588641947,0.5674424763577227,0.576240640634814,0.06284812678990083,0.23979591836734693,0.2075968105232662,0.07237494895937593,0.23979591836734693,0.5674424763577227,False,,,N100_drop0.50_s0.20_c0.05,1.0,0.0,0.0,False,False,1.0068271698186462,1.0170734897113791,-0.08654637964884415,-0.11493045755945958,BSE,True,NSE-trained; BSE current transfer
2026-10-01,FRACTAL,INE212S01015,727.4,727.4,21357209.38095238,1454.8,0.3124044846288967,0.039801076213592385,0.2248079099522471,0.1770448211633069,0.17414837778868422,0.009464278809572152,0.48506436745730347,0.06724462632272916,0.48506436745730347,0.45881971733473237,0.08066474592308995,0.17320574162679425,0.2248079099522471,0.039801076213592385,0.17320574162679425,0.48506436745730347,False,,,N100_drop0.50_s0.20_c0.05,1.0,0.0,0.0,False,False,1.0068271698186462,1.0170734897113791,-0.08654637964884415,-0.11493045755945958,BSE,True,NSE-trained; BSE current transfer
2026-10-01,ONGC,INE213A01029,222.7,222.7,179862334.06349206,445.4,0.2172599005825454,0.022504641762002432,0.15646151814343148,0.1438349955250464,0.1868675293156941,0.044867574930560525,0.4356281066281174,0.08912121059856562,0.4356281066281174,0.37447414574743126,0.12218821401012006,0.1578542883492161,0.15646151814343148,0.022504641762002432,0.1578542883492161,0.4356281066281174,False,,,N100_drop0.50_s0.20_c0.05,1.0,0.0,0.0,False,False,1.0068271698186462,1.0170734897113791,-0.08654637964884415,-0.11493045755945958,BSE,True,NSE-trained; BSE current transfer
2026-10-01,BANCOINDIA,INE213C01025,588.75,588.75,9324940.158730159,1177.5,0.31230015426577357,0.039778931924919915,0.19401960463684334,0.20502532205122379,0.16710211903165373,0.05282131327747275,0.4625634060435417,0.03536934216494189,0.4625634060435417,0.44353444557000593,0.05230081387794445,0.1648675171736997,0.19401960463684334,0.039778931924919915,0.1648675171736997,0.4625634060435417,False,,,N100_drop0.50_s0.20_c0.05,1.0,0.0,0.0,False,False,1.0068271698186462,1.0170734897113791,-0.08654637964884415,-0.11493045755945958,BSE,True,NSE-trained; BSE current transfer
2026-10-01,AAVAS,INE216P01012,1192.5,1192.5,48717933.428571425,2385.0,0.29528823462313647,0.03627000938042527,0.20292679592315105,0.17873445059547888,0.18255629919913263,0.04920827616545137,0.4544141772740509,0.07676838132071263,0.4544141772740509,0.43916139488892103,0.08229247540686692,0.1578542883492161,0.20292679592315105,0.03627000938042527,0.1578542883492161,0.4544141772740509,False,,,N100_drop0.50_s0.20_c0.05,1.0,0.0,0.0,False,False,1.0068271698186462,1.0170734897113791,-0.08654637964884415,-0.11493045755945958,BSE,True,NSE-trained; BSE current transfer
2026-10-01,KAJARIACER,INE217B01036,1225.6,1225.6,38066802.396825396,2451.2,0.30882238336314866,0.03904520031631037,0.1293785822556399,0.3017902935368447,0.19557052838399983,0.0501357499071968,0.5010859015232116,0.07910463679375833,0.5010859015232116,0.46642523788152745,0.09914791071483703,0.17320574162679425,0.1293785822556399,0.03904520031631037,0.17320574162679425,0.5010859015232116,False,,,N100_drop0.50_s0.20_c0.05,1.0,0.0,0.0,False,False,1.0068271698186462,1.0170734897113791,-0.08654637964884415,-0.11493045755945958,BSE,True,NSE-trained; BSE current transfer
2026-10-01,CRAMC,INE218I01013,216.5,216.5,12782365.333333334,433.0,0.25526519814818777,0.02876177877506568,0.22631882905890977,0.12708522262449104,0.14285808933866434,0.09396486731730949,0.43301608225590554,0.038617260864614075,0.43301608225590554,0.42800982709142704,0.04908892629618212,0.1578542883492161,0.22631882905890977,0.02876177877506568,0.1578542883492161,0.43301608225590554,False,,,N100_drop0.50_s0.20_c0.05,1.0,0.0,0.0,False,False,1.0068271698186462,1.0170734897113791,-0.08654637964884415,-0.11493045755945958,BSE,True,NSE-trained; BSE current transfer
2026-10-01,KPIL,INE220B01022,1357.4,1357.4,75983916.47619048,2714.8,0.31163449238801844,0.03963782704391367,0.12240539034628083,0.3238241954196589,0.20366583775657557,0.032729970199871394,0.527795318014744,0.07898745331279541,0.527795318014744,0.5027515889535447,0.1066431925902999,0.18294117647058825,0.12240539034628083,0.03963782704391367,0.18294117647058825,0.527795318014744,False,,,N100_drop0.50_s0.20_c0.05,1.0,0.0,0.0,False,False,1.0068271698186462,1.0170734897113791,-0.08654637964884415,-0.11493045755945958,BSE,True,NSE-trained; BSE current transfer
2026-10-01,JSL,INE220G01021,732.4,732.4,26940498.031746034,1464.8,0.29843009162786593,0.036903064917185084,0.15383409783170313,0.2398887206239387,0.17975210088538085,0.05588874590089446,0.4803537784833419,0.04483342677474495,0.4803537784833419,0.4283417505839911,0.08361270767401699,0.1578542883492161,0.15383409783170313,0.036903064917185084,0.1578542883492161,0.4803537784833419,False,,,N100_drop0.50_s0.20_c0.05,1.0,0.0,0.0,False,False,1.0068271698186462,1.0170734897113791,-0.08654637964884415,-0.11493045755945958,BSE,True,NSE-trained; BSE current transfer
2026-10-01,SHARDACROP,INE221J01015,710.3,710.3,7656511.920634921,1420.6,0.2654160497088571,0.030572099525940925,0.21519002689241581,0.14207024353050263,0.18635782079907484,0.02555589088190305,0.47244700673851736,0.06232573471721532,0.47244700673851736,0.4387629966187247,0.07002551746874515,0.1578542883492161,0.21519002689241581,0.030572099525940925,0.1578542883492161,0.47244700673851736,False,,,N100_drop0.50_s0.20_c0.05,1.0,0.0,0.0,False,False,1.0068271698186462,1.0170734897113791,-0.08654637964884415,-0.11493045755945958,BSE,True,NSE-trained; BSE current transfer
2026-10-01,GREAVESCOT,INE224A01026,226.1,226.1,33483305.412698414,452.2,0.43740770065726486,0.07295005913316478,0.2524563306343966,0.2889611005192417,0.22694077996033762,0.07668599746990626,0.5555973349528779,0.03302696420111457,0.5555973349528779,0.5722297513163349,0.052096004561718624,0.22131147540983606,0.2524563306343966,0.07295005913316478,0.22131147540983606,0.5555973349528779,False,,,N100_drop0.50_s0.20_c0.05,1.0,0.0,0.0,False,False,1.0068271698186462,1.0170734897113791,-0.08654637964884415,-0.11493045755945958,BSE,True,NSE-trained; BSE current transfer
2026-10-01,SYMPHONY,INE225D01027,571.0,571.0,6687941.142857143,1142.0,0.26790609600308185,0.031025631643954294,0.2235654776628976,0.13877648717632593,0.19698134864189898,0.04085787577340946,0.4582983694707678,0.037086672710201773,0.4582983694707678,0.41499078252999205,0.07010319047368052,0.1578542883492161,0.2235654776628976,0.031025631643954294,0.1578542883492161,0.4582983694707678,False,,,N100_drop0.50_s0.20_c0.05,1.0,0.0,0.0,False,False,1.0068271698186462,1.0170734897113791,-0.08654637964884415,-0.11493045755945958,BSE,True,NSE-trained; BSE current transfer
2026-10-01,VOLTAS,INE226A01021,1054.0,1054.0,92418186.23809524,2108.0,0.2512871894880996,0.028068907650082617,0.19309704015586196,0.14536166700134948,0.1883484866984594,0.0214152898477582,0.4635831968013606,0.0893329294443488,0.4635831968013606,0.43248601197776226,0.09517578688241264,0.1578542883492161,0.19309704015586196,0.028068907650082617,0.1578542883492161,0.4635831968013606,False,,,N100_drop0.50_s0.20_c0.05,1.0,0.0,0.0,False,False,1.0068271698186462,1.0170734897113791,-0.08654637964884415,-0.11493045755945958,BSE,True,NSE-trained; BSE current transfer
2026-10-01,CLEAN,INE227W01023,804.1,804.1,39107215.73015873,1608.2,0.3030230710738145,0.03784059360840735,0.18870894300038296,0.20052358413310895,0.183187441677045,0.08815162059087697,0.48817571544901034,0.04759949926913043,0.48817571544901034,0.4725395764039375,0.0724002436939199,0.17320574162679425,0.18870894300038296,0.03784059360840735,0.17320574162679425,0.48817571544901034,False,,,N100_drop0.50_s0.20_c0.05,1.0,0.0,0.0,False,False,1.0068271698186462,1.0170734897113791,-0.08654637964884415,-0.11493045755945958,BSE,True,NSE-trained; BSE current transfer
2026-10-01,USHAMART,INE228A01035,491.8,491.8,22538142.15873016,983.6,0.3316923248032229,0.04403182246094827,0.14024877245980938,0.3139551362103103,0.18746132838012405,0.05193597968359734,0.5127239115732577,0.0375793861625955,0.5127239115732577,0.48931505608213804,0.04542733782229427,0.17320574162679425,0.14024877245980938,0.04403182246094827,0.17320574162679425,0.5127239115732577,False,,,N100_drop0.50_s0.20_c0.05,1.0,0.0,0.0,False,False,1.0068271698186462,1.0170734897113791,-0.08654637964884415,-0.11493045755945958,BSE,True,NSE-trained; BSE current transfer
2026-10-01,NITINSPIN,INE229H01012,596.25,596.25,5154509.19047619,1192.5,0.4384008158846416,0.07327631145183636,0.1801135221807974,0.40683403758148606,0.21426269646699322,0.10399101783968473,0.6000351997460457,0.08649395146196064,0.6000351997460457,0.5833297970310864,0.05856117926368486,0.24014598540145982,0.1801135221807974,0.07327631145183636,0.24014598540145982,0.6000351997460457,False,,,N100_drop0.50_s0.20_c0.05,1.0,0.0,0.0,False,False,1.0068271698186462,1.0170734897113791,-0.08654637964884415,-0.11493045755945958,BSE,True,NSE-trained; BSE current transfer
2026-10-01,EIHOTEL,INE230A01023,298.0,298.0,56325212.634920634,596.0,0.3060803178655771,0.03847270546146429,0.19130618600907087,0.20110539164499414,0.20788238216050728,0.07907587188247919,0.4372464681739526,0.07599134090060082,0.4372464681739526,0.43549429408335905,0.0920390421560321,0.1578542883492161,0.19130618600907087,0.03847270546146429,0.1578542883492161,0.4372464681739526,False,,,N100_drop0.50_s0.20_c0.05,1.0,0.0,0.0,False,False,1.0068271698186462,1.0170734897113791,-0.08654637964884415,-0.11493045755945958,BSE,True,NSE-trained; BSE current transfer
2026-10-01,SPARC,INE232I01014,194.25,194.25,26801046.587301586,388.5,0.4266337656685799,0.06948509470834845,0.24356733041270862,0.28528084858757774,0.2195019560495002,0.022040144457417143,0.528132191737964,0.045483977442625056,0.528132191737964,0.563510437365922,0.06055323552002198,0.21834496510468593,0.24356733041270862,0.06948509470834845,0.21834496510468593,0.528132191737964,False,,,N100_drop0.50_s0.20_c0.05,1.0,0.0,0.0,False,False,1.0068271698186462,1.0170734897113791,-0.08654637964884415,-0.11493045755945958,BSE,True,NSE-trained; BSE current transfer
2026-10-01,GODREJIND,INE233A01035,1021.2,1021.2,15551142.333333334,2042.4,0.4070946359855454,0.06353331732121191,0.22074342339782724,0.287815221596483,0.21990152080711342,0.05044759129801041,0.5383492662553707,0.07173147146500385,0.5383492662553707,0.5495708548213641,0.09464442888861925,0.21834496510468593,0.22074342339782724,0.06353331732121191,0.21834496510468593,0.5383492662553707,False,,,N100_drop0.50_s0.20_c0.05,1.0,0.0,0.0,False,False,1.0068271698186462,1.0170734897113791,-0.08654637964884415,-0.11493045755945958,BSE,True,NSE-trained; BSE current transfer
2026-10-01,NOVARTIND,INE234A01025,1967.85,1967.85,18525716.698412698,3935.7,0.48474554184221613,0.08990943876585535,0.27923279557615266,0.32198738898252066,0.2472549810048683,0.07745606102252939,0.5490378011430765,0.03344658601431928,0.5490378011430765,0.5742759664111373,0.07381397870149671,0.23979591836734693,0.27923279557615266,0.08990943876585535,0.23979591836734693,0.5490378011430765,False,,,N100_drop0.50_s0.20_c0.05,1.0,0.0,0.0,False,False,1.0068271698186462,1.0170734897113791,-0.08654637964884415,-0.11493045755945958,BSE,True,NSE-trained; BSE current transfer
2026-10-01,FINCABLES,INE235A01022,1457.15,1457.15,134217477.87301587,2914.3,0.4564377291773656,0.07941243333058613,0.1583172822805254,0.5016030605545245,0.25806247435451596,0.052943085650619406,0.6310101155398663,0.10885769950776457,0.6310101155398663,0.6264310434607346,0.12438963599107156,0.28798185941043086,0.1583172822805254,0.07941243333058613,0.28798185941043086,0.6310101155398663,False,,,N100_drop0.50_s0.20_c0.05,1.0,0.0,0.0,False,False,1.0068271698186462,1.0170734897113791,-0.08654637964884415,-0.11493045755945958,BSE,True,NSE-trained; BSE current transfer
2026-10-01,ELLEN,INE236E01022,342.0,342.0,21402704.396825396,684.0,0.44177128140447947,0.07439238742432591,0.28494485707976563,0.2610764348819287,0.2280742584094396,0.05662554396587338,0.5522848487555942,0.030032540885911067,0.5522848487555942,0.5559881361889651,0.06586099722982848,0.21834496510468593,0.28494485707976563,0.07439238742432591,0.21834496510468593,0.5522848487555942,False,,,N100_drop0.50_s0.20_c0.05,1.0,0.0,0.0,False,False,1.0068271698186462,1.0170734897113791,-0.08654637964884415,-0.11493045755945958,BSE,True,NSE-trained; BSE current transfer
2026-10-01,KOTAKBANK,INE237A01036,419.8,419.8,525814152.52380955,839.6,0.224159798751086,0.023582138157422997,0.10592296807041535,0.2226347938224889,0.18851739736596865,0.034478130935210446,0.45497315903258184,0.07447813710537388,0.45497315903258184,0.371147078619138,0.12915943403732572,0.1578542883492161,0.10592296807041535,0.023582138157422997,0.1578542883492161,0.45497315903258184,False,,,N100_drop0.50_s0.20_c0.05,1.0,0.0,0.0,False,False,1.0068271698186462,1.0170734897113791,-0.08654637964884415,-0.11493045755945958,BSE,True,NSE-trained; BSE current transfer
2026-10-01,AXISBANK,INE238A01034,1214.0,1214.0,497653591.4126984,2428.0,0.22758247732542844,0.02412598798312298,0.12472540743884337,0.1934328255848968,0.17683065224965272,0.04071864532766684,0.4320354961193353,0.08601503194193871,0.4320354961193353,0.36171140483312886,0.13411948388141032,0.14285714285714285,0.12472540743884337,0.02412598798312298,0.14285714285714285,0.4320354961193353,False,,,N100_drop0.50_s0.20_c0.05,1.0,0.0,0.0,False,False,1.0068271698186462,1.0170734897113791,-0.08654637964884415,-0.11493045755945958,BSE,True,NSE-trained; BSE current transfer
2026-10-01,NESTLEIND,INE239A01024,1303.8,1303.8,122144946.25396825,2607.6,0.28286200081881807,0.03383049191194076,0.14307119289583634,0.23645914475998822,0.18012102600442143,0.028230502049926068,0.4930606510661144,0.07470620511435183,0.4930606510661144,0.4460745187688913,0.12001507957218388,0.1648675171736997,0.14307119289583634,0.03383049191194076,0.1648675171736997,0.4930606510661144,False,,,N100_drop0.50_s0.20_c0.05,1.0,0.0,0.0,False,False,1.0068271698186462,1.0170734897113791,-0.08654637964884415,-0.11493045755945958,BSE,True,NSE-trained; BSE current transfer
2026-10-01,IOC,INE242A01010,132.0,132.0,102405460.85714285,264.0,0.2326162260973843,0.024937281005045324,0.14418890971202905,0.17294867583678605,0.1816556215416024,0.04984135934889233,0.4039582489376781,0.12371292212192163,0.4039582489376781,0.3796611330270772,0.1306146595277167,0.1578542883492161,0.14418890971202905,0.024937281005045324,0.1578542883492161,0.4039582489376781,False,,,N100_drop0.50_s0.20_c0.05,1.0,0.0,0.0,False,False,1.0068271698186462,1.0170734897113791,-0.08654637964884415,-0.11493045755945958,BSE,True,NSE-trained; BSE current transfer
2026-10-01,ANANTRAJ,INE242C01024,579.2,579.2,118613575.65079366,1158.4,0.3664794767936736,0.052400239853820044,0.17052539127029442,0.3072870231434454,0.19097453314331625,0.12552132269620758,0.5118768654431323,0.05427519215522309,0.5118768654431323,0.5133208578889773,0.04887711764652223,0.18294117647058825,0.17052539127029442,0.052400239853820044,0.18294117647058825,0.5118768654431323,False,,,N100_drop0.50_s0.20_c0.05,1.0,0.0,0.0,False,False,1.0068271698186462,1.0170734897113791,-0.08654637964884415,-0.11493045755945958,BSE,True,NSE-trained; BSE current transfer
2026-10-01,BFUTILITIE,INE243D01012,504.15,504.15,8857399.650793651,1008.3,0.31889863082789105,0.041194900695142575,0.2822355692788623,0.14595928075401451,0.19293980351700332,0.06563374413779416,0.4446370286574665,0.08539017506688339,0.4446370286574665,0.45648783091078915,0.03903962035520761,0.17320574162679425,0.2822355692788623,0.041194900695142575,0.17320574162679425,0.4446370286574665,False,,,N100_drop0.50_s0.20_c0.05,1.0,0.0,0.0,False,False,1.0068271698186462,1.0170734897113791,-0.08654637964884415,-0.11493045755945958,BSE,True,NSE-trained; BSE current transfer
2026-10-01,PATELENG,INE244B01030,25.94,25.94,8470027.333333334,51.88,0.31589467355182876,0.04054637553497069,0.21395340158772436,0.18951031034833077,0.17491499326048465,0.0028071394959610363,0.48410401864743674,0.027768636090440904,0.48410401864743674,0.47056380759714506,0.040080895036153016,0.17320574162679425,0.21395340158772436,0.04054637553497069,0.17320574162679425,0.48410401864743674,False,,,N100_drop0.50_s0.20_c0.05,1.0,0.0,0.0,False,False,1.0068271698186462,1.0170734897113791,-0.08654637964884415,-0.11493045755945958,BSE,True,NSE-trained; BSE current transfer
2026-10-01,UNIPARTS,INE244O01017,820.7,820.7,12921948.285714285,1641.4,0.42994227450742895,0.07053481330347043,0.1878950473696303,0.37539474451773686,0.22054078971660784,0.11005006417907098,0.6167538400475345,0.08578007984182293,0.6167538400475345,0.6185808789767558,0.08515188077011575,0.24691358024691357,0.1878950473696303,0.07053481330347043,0.24691358024691357,0.6167538400475345,False,,,N100_drop0.50_s0.20_c0.05,1.0,0.0,0.0,False,False,1.0068271698186462,1.0170734897113791,-0.08654637964884415,-0.11493045755945958,BSE,True,NSE-trained; BSE current transfer
2026-10-01,TATAPOWER,INE245A01021,350.0,350.0,141503419.84126985,700.0,0.23918775527705352,0.026017248748944503,0.15770816719716288,0.16497083956608524,0.19452029822388806,0.02715119162422512,0.42785047942543025,0.12733017418997475,0.42785047942543025,0.3979074783102526,0.1254024987452913,0.1578542883492161,0.15770816719716288,0.026017248748944503,0.1578542883492161,0.42785047942543025,False,,,N100_drop0.50_s0.20_c0.05,1.0,0.0,0.0,False,False,1.0068271698186462,1.0170734897113791,-0.08654637964884415,-0.11493045755945958,BSE,True,NSE-trained; BSE current transfer
2026-10-01,RAMCOSYS,INE246B01019,546.45,546.45,40653418.03174603,1092.9,0.43164100052841936,0.07107867124608136,0.22113606592568646,0.3214250509004153,0.23956630347821228,0.06766707564304036,0.567520086172665,0.08638605062463932,0.567520086172665,0.6020808468213753,0.11861622476236719,0.24014598540145982,0.22113606592568646,0.07107867124608136,0.24014598540145982,0.567520086172665,False,,,N100_drop0.50_s0.20_c0.05,1.0,0.0,0.0,False,False,1.0068271698186462,1.0170734897113791,-0.08654637964884415,-0.11493045755945958,BSE,True,NSE-trained; BSE current transfer
2026-10-01,JINDWORLD,INE247D01039,45.71,45.71,52466118.15873016,91.42,0.4658132700670077,0.08276676162656105,0.3203341279764039,0.25837634643992013,0.23561941983383927,0.0767294093802533,0.5050891585384967,0.07061246151784968,0.5050891585384967,0.5779771827546895,0.08078907182179108,0.24014598540145982,0.3203341279764039,0.08276676162656105,0.24014598540145982,0.5050891585384967,False,,,N100_drop0.50_s0.20_c0.05,1.0,0.0,0.0,False,False,1.0068271698186462,1.0170734897113791,-0.08654637964884415,-0.11493045755945958,BSE,True,NSE-trained; BSE current transfer
2026-10-01,ITI,INE248A01017,241.4,241.4,6332456.428571428,482.8,0.2549884093207183,0.028713270307658176,0.18026274670261191,0.1592856584784422,0.1685464268738536,0.005854462513313091,0.47642377234016936,0.017246256755005303,0.47642377234016936,0.4299499581570636,0.05983543075285027,0.1578542883492161,0.18026274670261191,0.028713270307658176,0.1578542883492161,0.47642377234016936,False,,,N100_drop0.50_s0.20_c0.05,1.0,0.0,0.0,False,False,1.0068271698186462,1.0170734897113791,-0.08654637964884415,-0.11493045755945958,BSE,True,NSE-trained; BSE current transfer
2026-10-01,BUILDPRO,INE24OJ01011,1247.05,249.41,22599155.634920634,2494.1,0.4570984323192614,0.07964501791271394,0.1947923329176264,0.40887142075758265,0.2432333459617634,0.10232968138411985,0.605697277146108,0.07210499843776394,0.605697277146108,0.5957061302878571,0.0777174839088326,0.24014598540145982,0.1947923329176264,0.07964501791271394,0.24014598540145982,0.605697277146108,False,,,N100_drop0.50_s0.20_c0.05,1.0,0.0,0.0,False,False,1.0068271698186462,1.0170734897113791,-0.08654637964884415,-0.11493045755945958,BSE,True,NSE-trained; BSE current transfer
2026-10-01,DLINKINDIA,INE250K01012,406.15,406.15,5412817.111111111,812.3,0.31932169759162954,0.04128676563385441,0.19440450115252253,0.2123755642955116,0.17032047242071535,0.09928691882042584,0.4978605691530353,0.004948271573669212,0.4978605691530353,0.469821503120853,0.03495040949759657,0.17320574162679425,0.19440450115252253,0.04128676563385441,0.17320574162679425,0.4978605691530353,False,,,N100_drop0.50_s0.20_c0.05,1.0,0.0,0.0,False,False,1.0068271698186462,1.0170734897113791,-0.08654637964884415,-0.11493045755945958,BSE,True,NSE-trained; BSE current transfer
2026-10-01,ZENTEC,INE251B01027,1573.1,1573.1,74746372.06349206,3146.2,0.37117269482434684,0.05360767749670436,0.18519116146282677,0.28947211666721456,0.19606415211925426,0.09050579077221516,0.5166209152400877,0.06991732299961999,0.5166209152400877,0.534484873521505,0.06957209659978503,0.21568627450980393,0.18519116146282677,0.05360767749670436,0.21568627450980393,0.5166209152400877,False,,,N100_drop0.50_s0.20_c0.05,1.0,0.0,0.0,False,False,1.0068271698186462,1.0170734897113791,-0.08654637964884415,-0.11493045755945958,BSE,True,NSE-trained; BSE current transfer
2026-10-01,HNDFDS,INE254N01026,575.3,575.3,8932424.523809524,1150.6,0.3401419913565413,0.04597406012332283,0.15896755561585904,0.28920404509721437,0.18293594737865299,0.07701716595850208,0.5319473387658519,0.020413548197698347,0.5319473387658519,0.4882264471686762,0.0397269439729398,0.17320574162679425,0.15896755561585904,0.04597406012332283,0.17320574162679425,0.5319473387658519,False,,,N100_drop0.50_s0.20_c0.05,1.0,0.0,0.0,False,False,1.0068271698186462,1.0170734897113791,-0.08654637964884415,-0.11493045755945958,BSE,True,NSE-trained; BSE current transfer
2026-10-01,EPL,INE255A01020,232.6,232.6,75381850.84126984,465.2,0.3696583861244881,0.05321594486066335,0.16583234772582706,0.32090207725121284,0.20214791262076057,0.06372845189383158,0.5298058635698527,0.06137315056823127,0.5298058635698527,0.5323654911937655,0.06434748317370219,0.19605077574047955,0.16583234772582706,0.05321594486066335,0.19605077574047955,0.5298058635698527,False,,,N100_drop0.50_s0.20_c0.05,1.0,0.0,0.0,False,False,1.0068271698186462,1.0170734897113791,-0.08654637964884415,-0.11493045755945958,BSE,True,NSE-trained; BSE current transfer
2026-10-01,GULPOLY,INE255D01024,161.95,161.95,5605317.603174604,323.9,0.38930871672952017,0.0584628560428114,0.1923186919529846,0.30398946378599323,0.19667092029784852,0.08131785489259694,0.5492039314049803,0.04271565158780202,0.5492039314049803,0.5342396431118391,0.04889147461145921,0.19605077574047955,0.1923186919529846,0.0584628560428114,0.19605077574047955,0.5492039314049803,False,,,N100_drop0.50_s0.20_c0.05,1.0,0.0,0.0,False,False,1.0068271698186462,1.0170734897113791,-0.08654637964884415,-0.11493045755945958,BSE,True,NSE-trained; BSE current transfer
2026-10-01,MSTCLTD,INE255X01014,704.85,704.85,13374810.46031746,1409.7,0.4234393332090927,0.06848336597339892,0.20422849767832285,0.33532717888012875,0.21114570487650108,0.10315545159491954,0.5702622658879452,0.04746091432951941,0.5702622658879452,0.5694696655600535,0.051257243353045885,0.21834496510468593,0.20422849767832285,0.06848336597339892,0.21834496510468593,0.5702622658879452,False,,,N100_drop0.50_s0.20_c0.05,1.0,0.0,0.0,False,False,1.0068271698186462,1.0170734897113791,-0.08654637964884415,-0.11493045755945958,BSE,True,NSE-trained; BSE current transfer
2026-10-01,ZEEL,INE256A01028,71.9,71.9,136564312.07936507,143.8,0.34133420432936235,0.046252620366711364,0.24749703870815484,0.18688151021173158,0.20111134907766914,0.060274871396708896,0.48579991909586556,0.11564193504095138,0.48579991909586556,0.5360402653945883,0.09907320801107365,0.21568627450980393,0.24749703870815484,0.046252620366711364,0.21568627450980393,0.48579991909586556,False,,,N100_drop0.50_s0.20_c0.05,1.0,0.0,0.0,False,False,1.0068271698186462,1.0170734897113791,-0.08654637964884415,-0.11493045755945958,BSE,True,NSE-trained; BSE current transfer
2026-10-01,BHEL,INE257A01026,422.0,422.0,253589559.6031746,844.0,0.3380038659191592,0.045477309395185135,0.14953676910656838,0.3041212516954638,0.18810189613529044,0.0705108995401568,0.5645017964180649,0.04501528586210791,0.5645017964180649,0.5395264011840636,0.03861170693199004,0.21834496510468593,0.14953676910656838,0.045477309395185135,0.21834496510468593,0.5645017964180649,False,,,N100_drop0.50_s0.20_c0.05,1.0,0.0,0.0,False,False,1.0068271698186462,1.0170734897113791,-0.08654637964884415,-0.11493045755945958,BSE,True,NSE-trained; BSE current transfer
2026-10-01,BEML,INE258A01024,1960.8,1960.8,54821293.31746032,3921.6,0.40878712588390764,0.06403262126731249,0.16713692111452128,0.3831147590868788,0.2116894668830863,0.09443168326221986,0.5607281938127269,0.05373027376069606,0.5607281938127269,0.559475720285148,0.060803936556995127,0.21834496510468593,0.16713692111452128,0.06403262126731249,0.21834496510468593,0.5607281938127269,False,,,N100_drop0.50_s0.20_c0.05,1.0,0.0,0.0,False,False,1.0068271698186462,1.0170734897113791,-0.08654637964884415,-0.11493045755945958,BSE,True,NSE-trained; BSE current transfer
2026-10-01,SUMICHEM,INE258G01013,417.3,417.3,21501212.0,834.6,0.36975949988565615,0.05324203785259871,0.2101813100262061,0.25331480637341314,0.19017448538987045,0.022996050674296553,0.5147316089599207,0.05909396652385653,0.5147316089599207,0.518765914887723,0.08041947364694044,0.19197207678883071,0.2101813100262061,0.05324203785259871,0.19197207678883071,0.5147316089599207,False,,,N100_drop0.50_s0.20_c0.05,1.0,0.0,0.0,False,False,1.0068271698186462,1.0170734897113791,-0.08654637964884415,-0.11493045755945958,BSE,True,NSE-trained; BSE current transfer
2026-10-01,PANORAMA,INE258R01028,60.44,60.44,10838724.80952381,120.88,0.47997435198238847,0.08806109938826823,0.21964539665228788,0.4009239471003999,0.25522842092917425,0.15389657470040793,0.5885116716722808,0.06638181122806233,0.5885116716722808,0.5761407337470824,0.054861282608513674,0.23979591836734693,0.21964539665228788,0.08806109938826823,0.23979591836734693,0.5885116716722808,False,,,N100_drop0.50_s0.20_c0.05,1.0,0.0,0.0,False,False,1.0068271698186462,1.0170734897113791,-0.08654637964884415,-0.11493045755945958,BSE,True,NSE-trained; BSE current transfer
2026-10-01,COLPAL,INE259A01022,1735.0,1735.0,41903895.11111111,3470.0,0.23837063540076872,0.02588166447907101,0.17777867872461683,0.1455836249022994,0.17938176907394313,0.056026069812408374,0.4312686489338448,0.08174135014507487,0.4312686489338448,0.3826790247769343,0.10822414541692853,0.1578542883492161,0.17777867872461683,0.02588166447907101,0.1578542883492161,0.4312686489338448,False,,,N100_drop0.50_s0.20_c0.05,1.0,0.0,0.0,False,False,1.0068271698186462,1.0170734897113791,-0.08654637964884415,-0.11493045755945958,BSE,True,NSE-trained; BSE current transfer
2026-10-01,GODFRYPHLP,INE260B01028,1854.75,1854.75,53311655.53968254,3709.5,0.2746957403009239,0.0322816195156443,0.23868857530098495,0.13524576731390417,0.15691385513886102,0.026471968677804186,0.43826384112873057,0.06453061642551045,0.43826384112873057,0.47170724232161415,0.02821716854019516,0.17320574162679425,0.23868857530098495,0.0322816195156443,0.17320574162679425,0.43826384112873057,False,,,N100_drop0.50_s0.20_c0.05,1.0,0.0,0.0,False,False,1.0068271698186462,1.0170734897113791,-0.08654637964884415,-0.11493045755945958,BSE,True,NSE-trained; BSE current transfer
2026-10-01,OLECTRA,INE260D01016,1097.25,1097.25,34324253.047619045,2194.5,0.3221696094432972,0.04190858779400478,0.19717302485097263,0.21254726819594183,0.19390658601789337,0.04011003681652378,0.5095717374461641,0.07570292040931204,0.5095717374461641,0.4957568715984708,0.07860191664476039,0.1811677017792695,0.19717302485097263,0.04190858779400478,0.1811677017792695,0.5095717374461641,False,,,N100_drop0.50_s0.20_c0.05,1.0,0.0,0.0,False,False,1.0068271698186462,1.0170734897113791,-0.08654637964884415,-0.11493045755945958,BSE,True,NSE-trained; BSE current transfer
2026-10-01,BEL,INE263A01024,383.5,383.5,382816288.93650794,767.0,0.2151009333799611,0.022172613436100767,0.1334119805188867,0.16619656907770636,0.18105244214804753,0.06897813688320248,0.43363581211733737,0.07802267327040605,0.43363581211733737,0.35640951027674644,0.13204411754029602,0.14285714285714285,0.1334119805188867,0.022172613436100767,0.14285714285714285,0.43363581211733737,False,,,N100_drop0.50_s0.20_c0.05,1.0,0.0,0.0,False,False,1.0068271698186462,1.0170734897113791,-0.08654637964884415,-0.11493045755945958,BSE,True,NSE-trained; BSE current transfer
2026-10-01,CAPACITE,INE264T01014,180.5,180.5,6106608.968253968,361.0,0.30583537691246476,0.03842182231065087,0.24625609564722636,0.1560238426166391,0.16007230507488132,0.07917911625104498,0.47863252617139923,0.008931332597613806,0.47863252617139923,0.4504379704324321,0.03761991182618409,0.1648675171736997,0.24625609564722636,0.03842182231065087,0.1648675171736997,0.47863252617139923,False,,,N100_drop0.50_s0.20_c0.05,1.0,0.0,0.0,False,False,1.0068271698186462,1.0170734897113791,-0.08654637964884415,-0.11493045755945958,BSE,True,NSE-trained; BSE current transfer
2026-10-01,DPABHUSHAN,INE266Y01019,1877.55,1877.55,10413249.587301588,3755.1,0.5239689558977308,0.1064600027933029,0.2801321141321634,0.3800349814340679,0.27408178002810196,0.0077451945900716135,0.5919468680226713,0.0671305827352092,0.5919468680226713,0.5774633777031394,0.0665255276242991,0.24014598540145982,0.2801321141321634,0.1064600027933029,0.24014598540145982,0.5919468680226713,False,,,N100_drop0.50_s0.20_c0.05,1.0,0.0,0.0,False,False,1.0068271698186462,1.0170734897113791,-0.08654637964884415,-0.11493045755945958,BSE,True,NSE-trained; BSE current transfer
2026-10-01,HINDZINC,INE267A01025,556.85,556.85,162533788.52380952,1113.7,0.29192532571815977,0.03559975740995399,0.16874422778929052,0.21096874172435162,0.1892114648528634,0.09802520063770645,0.49626023949087217,0.054907628898902855,0.49626023949087217,0.5009208558719284,0.0391428846155437,0.18294117647058825,0.16874422778929052,0.03559975740995399,0.18294117647058825,0.49626023949087217,False,,,N100_drop0.50_s0.20_c0.05,1.0,0.0,0.0,False,False,1.0068271698186462,1.0170734897113791,-0.08654637964884415,-0.11493045755945958,BSE,True,NSE-trained; BSE current transfer
2026-10-01,SONATSOFTW,INE269A01021,254.0,254.0,44724549.428571425,508.0,0.39623804043720157,0.060400619568074604,0.2504136118448178,0.24120341990636307,0.20648390948324524,0.056093088023869475,0.5137711171534293,0.06945559701196372,0.5137711171534293,0.5364094027739814,0.08246444380015323,0.21568627450980393,0.2504136118448178,0.060400619568074604,0.21568627450980393,0.5137711171534293,False,,,N100_drop0.50_s0.20_c0.05,1.0,0.0,0.0,False,False,1.0068271698186462,1.0170734897113791,-0.08654637964884415,-0.11493045755945958,BSE,True,NSE-trained; BSE current transfer
2026-10-01,VISHNU,INE270I01022,658.7,658.7,5185574.920634921,1317.4,0.3794283115421372,0.05577983015614846,0.15383809653454708,0.3625878856582323,0.18402334955604802,0.0835014913767727,0.5492234030865016,0.03336754523855895,0.5492234030865016,0.5143179153177438,0.0118737696104763,0.18294117647058825,0.15383809653454708,0.05577983015614846,0.18294117647058825,0.5492234030865016,False,,,N100_drop0.50_s0.20_c0.05,1.0,0.0,0.0,False,False,1.0068271698186462,1.0170734897113791,-0.08654637964884415,-0.11493045755945958,BSE,True,NSE-trained; BSE current transfer
2026-10-01,MAHSEAMLES,INE271B01025,698.45,698.45,9801844.42857143,1396.9,0.4012578177235623,0.0618341695400057,0.1445109491118425,0.42788570637751394,0.19966793885238066,0.04799901257959191,0.54396990649746,0.032725514349232834,0.54396990649746,0.5196517276749094,0.035578383078014655,0.19197207678883071,0.1445109491118425,0.0618341695400057,0.19197207678883071,0.54396990649746,False,,,N100_drop0.50_s0.20_c0.05,1.0,0.0,0.0,False,False,1.0068271698186462,1.0170734897113791,-0.08654637964884415,-0.11493045755945958,BSE,True,NSE-trained; BSE current transfer
2026-10-01,DLF,INE271C01023,662.6,662.6,215810666.55555555,1325.2,0.2834353514782051,0.03394083432614526,0.15048928917700605,0.2255365449046937,0.2019099619890632,0.060334021695127985,0.49431919022071963,0.05408434655711494,0.49431919022071963,0.4633912297320239,0.07204386037059572,0.17320574162679425,0.15048928917700605,0.03394083432614526,0.17320574162679425,0.49431919022071963,False,,,N100_drop0.50_s0.20_c0.05,1.0,0.0,0.0,False,False,1.0068271698186462,1.0170734897113791,-0.08654637964884415,-0.11493045755945958,BSE,True,NSE-trained; BSE current transfer
2026-10-01,WESTLIFE,INE274F01020,589.25,589.25,27246964.634920634,1178.5,0.4241880156030641,0.06871711116751711,0.23022904425728283,0.2984728160132793,0.22260671624396267,0.07804308299946272,0.5238212294334984,0.032007251102592886,0.5238212294334984,0.538350174101585,0.04534475761531438,0.21834496510468593,0.23022904425728283,0.06871711116751711,0.21834496510468593,0.5238212294334984,False,,,N100_drop0.50_s0.20_c0.05,1.0,0.0,0.0,False,False,1.0068271698186462,1.0170734897113791,-0.08654637964884415,-0.11493045755945958,BSE,True,NSE-trained; BSE current transfer
2026-10-01,OIL,INE274J01014,442.15,442.15,82015686.74603175,884.3,0.28571529300548476,0.034381712604074376,0.15505292707101673,0.22174178361900257,0.18170268728622366,0.06582176470601205,0.49321076370253863,0.06647264412660181,0.49321076370253863,0.46980933104874567,0.07814609798122459,0.17320574162679425,0.15505292707101673,0.034381712604074376,0.17320574162679425,0.49321076370253863,False,,,N100_drop0.50_s0.20_c0.05,1.0,0.0,0.0,False,False,1.0068271698186462,1.0170734897113791,-0.08654637964884415,-0.11493045755945958,BSE,True,NSE-trained; BSE current transfer
2026-10-01,AJAXENGG,INE274Y01021,585.5,585.5,7346350.523809524,1171.0,0.42434526683809615,0.06876628632097374,0.18074593827829233,0.380458266315756,0.2092049618516223,0.08025909807863027,0.526199742051575,0.014252025507000596,0.526199742051575,0.5110098587981707,0.03328550947117843,0.18294117647058825,0.18074593827829233,0.06876628632097374,0.18294117647058825,0.526199742051575,False,,,N100_drop0.50_s0.20_c0.05,1.0,0.0,0.0,False,False,1.0068271698186462,1.0170734897113791,-0.08654637964884415,-0.11493045755945958,BSE,True,NSE-trained; BSE current transfer
2026-10-01,HUHTAMAKI,INE275B01026,233.2,233.2,15111420.476190476,466.4,0.4036267838537655,0.06251956868567472,0.20479150989463044,0.3052839872016294,0.21402926169134417,0.13001101697188258,0.6015414001767826,0.07667110060832123,0.6015414001767826,0.5936279037918424,0.08888480899904129,0.24014598540145982,0.20479150989463044,0.06251956868567472,0.24014598540145982,0.6015414001767826,False,,,N100_drop0.50_s0.20_c0.05,1.0,0.0,0.0,False,False,1.0068271698186462,1.0170734897113791,-0.08654637964884415,-0.11493045755945958,BSE,True,NSE-trained; BSE current transfer
2026-10-01,GARFIBRES,INE276A01018,768.25,768.25,8947502.904761905,1536.5,0.3739476675084098,0.0543308783940551,0.1579567439404264,0.3439604858817935,0.1839106766108565,0.10451398090637995,0.5413132240203463,0.028141870477793908,0.5413132240203463,0.5085134957475457,0.025656746595467145,0.18294117647058825,0.1579567439404264,0.0543308783940551,0.18294117647058825,0.5413132240203463,False,,,N100_drop0.50_s0.20_c0.05,1.0,0.0,0.0,False,False,1.0068271698186462,1.0170734897113791,-0.08654637964884415,-0.11493045755945958,BSE,True,NSE-trained; BSE current transfer
2026-10-01,ASIANENE,INE276G01015,465.75,465.75,13858571.317460317,931.5,0.45474794671580243,0.07882016171817173,0.2299739047409059,0.3427352412308362,0.23370124196671674,0.01942308493973377,0.624037578398669,0.08837384848484552,0.624037578398669,0.628482420535082,0.10009994055750909,0.28798185941043086,0.2299739047409059,0.07882016171817173,0.28798185941043086,0.624037578398669,False,,,N100_drop0.50_s0.20_c0.05,1.0,0.0,0.0,False,False,1.0068271698186462,1.0170734897113791,-0.08654637964884415,-0.11493045755945958,BSE,True,NSE-trained; BSE current transfer
2026-10-01,SANDHAR,INE278H01035,564.75,564.75,8070935.619047619,1129.5,0.3818327866518316,0.05642427952152818,0.18323776060440297,0.3079293227302865,0.18558608039584706,0.090448476227734,0.51434201445996,0.0221961318376672,0.51434201445996,0.5253399706029239,0.026168153975447642,0.19605077574047955,0.18323776060440297,0.05642427952152818,0.19605077574047955,0.51434201445996,False,,,N100_drop0.50_s0.20_c0.05,1.0,0.0,0.0,False,False,1.0068271698186462,1.0170734897113791,-0.08654637964884415,-0.11493045755945958,BSE,True,NSE-trained; BSE current transfer
2026-10-01,CAMPUS,INE278Y01022,205.65,205.65,16673704.0,411.3,0.27328116077268017,0.032017588253863,0.16677985652633792,0.19197515168030363,0.16388623718791526,0.012508388257887942,0.4766354480190244,0.03051452742475291,0.4766354480190244,0.4298196096497344,0.08108650228290962,0.1578542883492161,0.16677985652633792,0.032017588253863,0.1578542883492161,0.4766354480190244,False,,,N100_drop0.50_s0.20_c0.05,1.0,0.0,0.0,False,False,1.0068271698186462,1.0170734897113791,-0.08654637964884415,-0.11493045755945958,BSE,True,NSE-trained; BSE current transfer
2026-10-01,UNIVCABLES,INE279A01012,1451.85,1451.85,17710202.19047619,2903.7,0.4786680820975955,0.08756084521384719,0.24023528225820456,0.3644795401856789,0.24202089171774382,0.10559080951573768,0.6046299681000765,0.07364641247328005,0.6046299681000765,0.6237311645206988,0.09136438266701043,0.28798185941043086,0.24023528225820456,0.08756084521384719,0.28798185941043086,0.6046299681000765,False,,,N100_drop0.50_s0.20_c0.05,1.0,0.0,0.0,False,False,1.0068271698186462,1.0170734897113791,-0.08654637964884415,-0.11493045755945958,BSE,True,NSE-trained; BSE current transfer
2026-10-01,LLOYDSME,INE281B01032,1778.1,1778.1,62694753.52380952,3556.2,0.3674760304356238,0.05265499158759404,0.16256058935231416,0.32390994519265665,0.20119687593159655,0.09557785162287871,0.5676605731591949,0.04938818616354373,0.5676605731591949,0.5612636055045933,0.05333187435277224,0.21834496510468593,0.16256058935231416,0.05265499158759404,0.21834496510468593,0.5676605731591949,False,,,N100_drop0.50_s0.20_c0.05,1.0,0.0,0.0,False,False,1.0068271698186462,1.0170734897113791,-0.08654637964884415,-0.11493045755945958,BSE,True,NSE-trained; BSE current transfer
2026-10-01,TGVSL,INE284B01028,116.5,116.5,15988397.57142857,233.0,0.4110023298731561,0.06469068191045059,0.1832676730226021,0.35298468542497613,0.2110353615090769,0.09056201701562441,0.5551089684975442,0.03797471717633578,0.5551089684975442,0.5317528340947482,0.03710213996384665,0.19605077574047955,0.1832676730226021,0.06469068191045059,0.19605077574047955,0.5551089684975442,False,,,N100_drop0.50_s0.20_c0.05,1.0,0.0,0.0,False,False,1.0068271698186462,1.0170734897113791,-0.08654637964884415,-0.11493045755945958,BSE,True,NSE-trained; BSE current transfer
2026-10-01,DAMCAPITAL,INE284H01025,147.25,147.25,6111548.619047619,294.5,0.3591863874367828,0.05056228257369175,0.2528360411363428,0.19998051838830147,0.1804019773257611,0.10064013255139845,0.45893405430664935,0.03878608760107681,0.45893405430664935,0.4545056149844375,0.03799890778363972,0.17320574162679425,0.2528360411363428,0.05056228257369175,0.17320574162679425,0.45893405430664935,False,,,N100_drop0.50_s0.20_c0.05,1.0,0.0,0.0,False,False,1.0068271698186462,1.0170734897113791,-0.08654637964884415,-0.11493045755945958,BSE,True,NSE-trained; BSE current transfer
2026-10-01,ELGIEQUIP,INE285A01027,585.15,585.15,58749765.0,1170.3,0.3451141249156716,0.04714331415666979,0.15056207897812474,0.3131154569373293,0.1974415259031936,0.09001353457968045,0.5415337828734952,0.05247645549617454,0.5415337828734952,0.5499908971528984,0.052229360538198204,0.21834496510468593,0.15056207897812474,0.04714331415666979,0.21834496510468593,0.5415337828734952,False,,,N100_drop0.50_s0.20_c0.05,1.0,0.0,0.0,False,False,1.0068271698186462,1.0170734897113791,-0.08654637964884415,-0.11493045755945958,BSE,True,NSE-trained; BSE current transfer
2026-10-01,SIS,INE285J01028,413.1,413.1,14973483.396825397,826.2,0.3711847698962917,0.05361080942004717,0.1427491694046241,0.37555951914568936,0.20634503690085756,0.026037203187373598,0.553651655796073,0.038668877154439785,0.553651655796073,0.5305653694440801,0.05256388641862502,0.19605077574047955,0.1427491694046241,0.05361080942004717,0.19605077574047955,0.553651655796073,False,,,N100_drop0.50_s0.20_c0.05,1.0,0.0,0.0,False,False,1.0068271698186462,1.0170734897113791,-0.08654637964884415,-0.11493045755945958,BSE,True,NSE-trained; BSE current transfer
2026-10-01,TECHNOE,INE285K01026,997.65,997.65,18823278.85714286,1995.3,0.36390698790672155,0.0517466613369411,0.20762616844078788,0.24922995846594614,0.18612970857980243,0.049342734854337156,0.4725732130982201,0.07550706917283301,0.4725732130982201,0.4672723992377102,0.05970502474090733,0.17320574162679425,0.20762616844078788,0.0517466613369411,0.17320574162679425,0.4725732130982201,False,,,N100_drop0.50_s0.20_c0.05,1.0,0.0,0.0,False,False,1.0068271698186462,1.0170734897113791,-0.08654637964884415,-0.11493045755945958,BSE,True,NSE-trained; BSE current transfer
2026-10-01,VISACHROME,INE286H01012,35.85,35.85,7186057.841269841,71.7,0.3495368578272475,0.04820016592680464,0.22869376809693873,0.21076291814988835,0.18198422268639652,0.038115131593057267,0.5161190158900915,0.03288160381451375,0.5161190158900915,0.5154233880852259,0.07059190924607985,0.18294117647058825,0.22869376809693873,0.04820016592680464,0.18294117647058825,0.5161190158900915,False,,,N100_drop0.50_s0.20_c0.05,1.0,0.0,0.0,False,False,1.0068271698186462,1.0170734897113791,-0.08654637964884415,-0.11493045755945958,BSE,True,NSE-trained; BSE current transfer
2026-10-01,DEEPAKNTR,INE288B01029,1493.7,1493.7,87865217.8095238,2987.4,0.29472130667887453,0.03615648676933432,0.1700188523882853,0.21266163288034046,0.18766954875448097,0.07624535383940952,0.501849189940423,0.08051423976144201,0.501849189940423,0.47354798829925865,0.107266026602257,0.17320574162679425,0.1700188523882853,0.03615648676933432,0.17320574162679425,0.501849189940423,False,,,N100_drop0.50_s0.20_c0.05,1.0,0.0,0.0,False,False,1.0068271698186462,1.0170734897113791,-0.08654637964884415,-0.11493045755945958,BSE,True,NSE-trained; BSE current transfer
2026-10-01,HBLENGINE,INE292B01021,779.4,779.4,98350582.06349206,1558.8,0.3385339079111147,0.04560011751801973,0.21947810267937387,0.2077661368552788,0.19439492903838865,0.09873406679042673,0.47074740647177693,0.04201286344118029,0.47074740647177693,0.44877024336412225,0.07010084001916511,0.1648675171736997,0.21947810267937387,0.04560011751801973,0.1648675171736997,0.47074740647177693,False,,,N100_drop0.50_s0.20_c0.05,1.0,0.0,0.0,False,False,1.0068271698186462,1.0170734897113791,-0.08654637964884415,-0.11493045755945958,BSE,True,NSE-trained; BSE current transfer
2026-10-01,NACLIND,INE295D01020,130.7,130.7,14902424.57142857,261.4,0.39639008338450377,0.060443668875100214,0.24659982321841922,0.24510832200217697,0.23378125646596581,0.007376532376775713,0.5348023456489529,0.11833202228386937,0.5348023456489529,0.5498296540579645,0.13945820790740737,0.21834496510468593,0.24659982321841922,0.060443668875100214,0.21834496510468593,0.5348023456489529,False,,,N100_drop0.50_s0.20_c0.05,1.0,0.0,0.0,False,False,1.0068271698186462,1.0170734897113791,-0.08654637964884415,-0.11493045755945958,BSE,True,NSE-trained; BSE current transfer
2026-10-01,BAJFINANCE,INE296A01032,949.35,949.35,615205036.7460318,1898.7,0.2579541155231906,0.029235365220445703,0.15679060805809658,0.1864612018700313,0.1649667141854805,0.07405467941627823,0.4859821657252806,0.038187344108454965,0.4859821657252806,0.4516576959989215,0.045031501143993416,0.171875,0.15679060805809658,0.029235365220445703,0.171875,0.4859821657252806,False,,,N100_drop0.50_s0.20_c0.05,1.0,0.0,0.0,False,False,1.0068271698186462,1.0170734897113791,-0.08654637964884415,-0.11493045755945958,BSE,True,NSE-trained; BSE current transfer
2026-10-01,GALLANTT,INE297H01019,528.45,528.45,9642248.015873017,1056.9,0.3478969714290945,0.04780643700440752,0.20426476459358672,0.23404152497629782,0.21826928579359073,0.041907242044435494,0.521713043094841,0.10892953645709766,0.521713043094841,0.5204008904854139,0.11317107237168923,0.19197207678883071,0.20426476459358672,0.04780643700440752,0.19197207678883071,0.521713043094841,False,,,N100_drop0.50_s0.20_c0.05,1.0,0.0,0.0,False,False,1.0068271698186462,1.0170734897113791,-0.08654637964884415,-0.11493045755945958,BSE,True,NSE-trained; BSE current transfer
2026-10-01,NAM-INDIA,INE298J01013,1050.0,1050.0,86733396.26984127,2100.0,0.32472727583185934,0.04247215736935553,0.16565290177421044,0.2563924743512569,0.19121494532874672,0.0788691751654132,0.5264542947669827,0.05895735349593521,0.5264542947669827,0.5231929882677782,0.06018346786678026,0.19197207678883071,0.16565290177421044,0.04247215736935553,0.19197207678883071,0.5264542947669827,False,,,N100_drop0.50_s0.20_c0.05,1.0,0.0,0.0,False,False,1.0068271698186462,1.0170734897113791,-0.08654637964884415,-0.11493045755945958,BSE,True,NSE-trained; BSE current transfer
2026-10-01,WAAREERTL,INE299N01021,808.65,808.65,18448490.873015873,1617.3,0.24161363521739512,0.026421966510680055,0.2215687856162542,0.11924949824133418,0.1781553707805577,0.023354581617352155,0.4313554502601335,0.05981945134967997,0.4313554502601335,0.39699747072595554,0.0841195078684583,0.1578542883492161,0.2215687856162542,0.026421966510680055,0.1578542883492161,0.4313554502601335,False,,,N100_drop0.50_s0.20_c0.05,1.0,0.0,0.0,False,False,1.0068271698186462,1.0170734897113791,-0.08654637964884415,-0.11493045755945958,BSE,True,NSE-trained; BSE current transfer
2026-10-01,CROMPTON,INE299U01018,202.1,202.1,55466349.777777776,404.2,0.28167649611760537,0.03360300901470377,0.2070658190868218,0.162281776697361,0.19026006592493802,0.032371453221511026,0.4700691092640023,0.0951782951648183,0.4700691092640023,0.4898704095219148,0.05771454897883403,0.17320574162679425,0.2070658190868218,0.03360300901470377,0.17320574162679425,0.4700691092640023,False,,,N100_drop0.50_s0.20_c0.05,1.0,0.0,0.0,False,False,1.0068271698186462,1.0170734897113791,-0.08654637964884415,-0.11493045755945958,BSE,True,NSE-trained; BSE current transfer
2026-10-01,KWIL,INE2KCE01013,38.41,38.41,46943907.58730159,76.82,0.4653383293725466,0.08259401583335338,0.23182460315883158,0.3562780425715435,0.24596569684908953,0.08686297157486172,0.6088869720098404,0.08555915631409175,0.6088869720098404,0.6284406950422775,0.10359667557116814,0.28798185941043086,0.23182460315883158,0.08259401583335338,0.28798185941043086,0.6088869720098404,False,,,N100_drop0.50_s0.20_c0.05,1.0,0.0,0.0,False,False,1.0068271698186462,1.0170734897113791,-0.08654637964884415,-0.11493045755945958,BSE,True,NSE-trained; BSE current transfer
2026-10-01,RAYMOND,INE301A01014,1192.6,1192.6,163508680.55555555,2385.2,0.49573064257366245,0.09429475164929509,0.33528725868421455,0.2812357141733955,0.28803816161234896,0.1634200928628552,0.5928095108850333,0.06702974961782716,0.5928095108850333,0.6013931134393172,0.0706566758144353,0.24014598540145982,0.33528725868421455,0.09429475164929509,0.24014598540145982,0.5928095108850333,False,,,N100_drop0.50_s0.20_c0.05,1.0,0.0,0.0,False,False,1.0068271698186462,1.0170734897113791,-0.08654637964884415,-0.11493045755945958,BSE,True,NSE-trained; BSE current transfer
2026-10-01,NSDL,INE301O01023,752.75,752.75,358745089.1904762,1505.5,0.19072259892989749,0.01858753673605822,0.21115969235371682,0.08802596996079134,0.17361707755973776,0.17131839582291813,0.3987250038417343,0.06901225359961503,0.3987250038417343,0.3288247222903391,0.11968269809916339,0.11306122448979591,0.21115969235371682,0.01858753673605822,0.11306122448979591,0.3987250038417343,False,,,N100_drop0.50_s0.20_c0.05,1.0,0.0,0.0,False,False,1.0068271698186462,1.0170734897113791,-0.08654637964884415,-0.11493045755945958,BSE,True,NSE-trained; BSE current transfer
2026-10-01,EXIDEIND,INE302A01020,409.35,409.35,113160600.82539682,818.7,0.32391146105858876,0.04229186715422899,0.1519506866381397,0.2783262655136545,0.20896810823732917,0.0316622710767491,0.5452928834849923,0.06476239751362674,0.5452928834849923,0.5422829638169545,0.07209551779243255,0.21834496510468593,0.1519506866381397,0.04229186715422899,0.21834496510468593,0.5452928834849923,False,,,N100_drop0.50_s0.20_c0.05,1.0,0.0,0.0,False,False,1.0068271698186462,1.0170734897113791,-0.08654637964884415,-0.11493045755945958,BSE,True,NSE-trained; BSE current transfer
2026-10-01,RIR,INE302D01024,177.05,177.05,38807099.365079366,354.1,0.36419646174251896,0.051819917328445465,0.2902413303396843,0.17854079316614888,0.19339828012818072,0.07226314803626072,0.457863974025646,0.035152378779872324,0.457863974025646,0.4901926466536531,0.022601216482586825,0.17320574162679425,0.2902413303396843,0.051819917328445465,0.17320574162679425,0.457863974025646,False,,,N100_drop0.50_s0.20_c0.05,1.0,0.0,0.0,False,False,1.0068271698186462,1.0170734897113791,-0.08654637964884415,-0.11493045755945958,BSE,True,NSE-trained; BSE current transfer
2026-10-01,KALYANKJIL,INE303R01014,529.5,529.5,927180579.1587301,1059.0,0.3559148102493709,0.04975265958034906,0.19478735116225768,0.2554203816802516,0.18457307243516383,0.07540065784257327,0.578657982741112,0.06613444174205348,0.578657982741112,0.5472931317596149,0.05363386943964245,0.21834496510468593,0.19478735116225768,0.04975265958034906,0.21834496510468593,0.578657982741112,False,,,N100_drop0.50_s0.20_c0.05,1.0,0.0,0.0,False,False,1.0068271698186462,1.0170734897113791,-0.08654637964884415,-0.11493045755945958,BSE,True,NSE-trained; BSE current transfer
2026-10-01,BLUESTONE,INE304W01038,788.35,788.35,444431658.82539684,1576.7,0.3388086670659075,0.04566386502321091,0.24553712057754623,0.1859754032946282,0.1994385630835219,0.09456057245743582,0.5470744577950594,0.03280521558123752,0.5470744577950594,0.5517033372194725,0.04745757941020007,0.21834496510468593,0.24553712057754623,0.04566386502321091,0.21834496510468593,0.5470744577950594,False,,,N100_drop0.50_s0.20_c0.05,1.0,0.0,0.0,False,False,1.0068271698186462,1.0170734897113791,-0.08654637964884415,-0.11493045755945958,BSE,True,NSE-trained; BSE current transfer
2026-10-01,TFCILTD,INE305A01023,138.9,138.9,127931521.92063493,277.8,0.4964927838013016,0.09460589369294946,0.14015317045135978,0.6750178635864857,0.2746613738742282,0.1214951958823188,0.6652859954985431,0.15385890996486967,0.6652859954985431,0.6647217033232181,0.1628234762286619,0.3988439306358382,0.14015317045135978,0.09460589369294946,0.3988439306358382,0.6652859954985431,False,,,N100_drop0.50_s0.20_c0.05,1.0,0.0,0.0,False,False,1.0068271698186462,1.0170734897113791,-0.08654637964884415,-0.11493045755945958,BSE,True,NSE-trained; BSE current transfer
2026-10-01,PANAMAPET,INE305C01029,486.95,486.95,17972593.53968254,973.9,0.4442649887246989,0.07522701018262112,0.2153779341893473,0.3492790961421613,0.22538244351873982,0.11679084190752476,0.5889205944429688,0.06509679408273608,0.5889205944429688,0.6095948661745902,0.07776698023458739,0.24014598540145982,0.2153779341893473,0.07522701018262112,0.24014598540145982,0.5889205944429688,False,,,N100_drop0.50_s0.20_c0.05,1.0,0.0,0.0,False,False,1.0068271698186462,1.0170734897113791,-0.08654637964884415,-0.11493045755945958,BSE,True,NSE-trained; BSE current transfer
2026-10-01,INTELLECT,INE306R01017,611.35,611.35,20081494.603174604,1222.7,0.23823048580787778,0.025858446794176,0.2312471770049384,0.11182167552957319,0.16046182876090503,0.015073324621574069,0.4344900544782934,0.04288806616436906,0.4344900544782934,0.41882596582991183,0.06103957541520462,0.1578542883492161,0.2312471770049384,0.025858446794176,0.1578542883492161,0.4344900544782934,False,,,N100_drop0.50_s0.20_c0.05,1.0,0.0,0.0,False,False,1.0068271698186462,1.0170734897113791,-0.08654637964884415,-0.11493045755945958,BSE,True,NSE-trained; BSE current transfer
2026-10-01,NILKAMAL,INE310A01015,1877.05,1877.05,21534419.603174604,3754.1,0.4486644907443222,0.07671817093407846,0.18149706412965813,0.4226964843865046,0.23973672138509364,0.12676790979549832,0.646666811201284,0.10705479015769649,0.646666811201284,0.6384636592852403,0.10800595899170434,0.28798185941043086,0.18149706412965813,0.07671817093407846,0.28798185941043086,0.646666811201284,False,,,N100_drop0.50_s0.20_c0.05,1.0,0.0,0.0,False,False,1.0068271698186462,1.0170734897113791,-0.08654637964884415,-0.11493045755945958,BSE,True,NSE-trained; BSE current transfer
2026-10-01,SYNCOMF,INE312C01025,23.97,23.97,20792852.682539683,47.94,0.5105750080348848,0.1005227379131861,0.26356946300158746,0.3813899257084295,0.26116531832277423,0.0417263417325463,0.5862782501820101,0.05800551375637462,0.5862782501820101,0.5975008642446067,0.09380386841889309,0.24014598540145982,0.26356946300158746,0.1005227379131861,0.24014598540145982,0.5862782501820101,False,,,N100_drop0.50_s0.20_c0.05,1.0,0.0,0.0,False,False,1.0068271698186462,1.0170734897113791,-0.08654637964884415,-0.11493045755945958,BSE,True,NSE-trained; BSE current transfer
2026-10-01,RSL,INE313L01016,174.3,174.3,6745966.857142857,348.6,0.4516261048084012,0.07773560985994832,0.19337159982400864,0.40200117251290807,0.22385050302091536,0.1049108572364924,0.6029566136953557,0.07242207060405294,0.6029566136953557,0.6016839062789571,0.07117618790375702,0.24014598540145982,0.19337159982400864,0.07773560985994832,0.24014598540145982,0.6029566136953557,False,,,N100_drop0.50_s0.20_c0.05,1.0,0.0,0.0,False,False,1.0068271698186462,1.0170734897113791,-0.08654637964884415,-0.11493045755945958,BSE,True,NSE-trained; BSE current transfer
2026-10-01,GOKULAGRO,INE314T01033,210.3,210.3,6494359.46031746,420.6,0.3615468501057346,0.05115210802751325,0.16063650809678448,0.3184338892420009,0.18997415925497482,0.06063563826526887,0.5725007286900631,0.05497037551745501,0.5725007286900631,0.5586570942230128,0.04451458982951767,0.21834496510468593,0.16063650809678448,0.05115210802751325,0.21834496510468593,0.5725007286900631,False,,,N100_drop0.50_s0.20_c0.05,1.0,0.0,0.0,False,False,1.0068271698186462,1.0170734897113791,-0.08654637964884415,-0.11493045755945958,BSE,True,NSE-trained; BSE current transfer
2026-10-01,ECORECO,INE316A01038,392.7,392.7,8322572.634920635,785.4,0.4242140164730378,0.06872524016751824,0.2555133224780178,0.2689693026610414,0.22377000971939598,0.07468326070476991,0.5532737549671506,0.04700892352925767,0.5532737549671506,0.588004192895163,0.06624420754294534,0.24014598540145982,0.2555133224780178,0.06872524016751824,0.24014598540145982,0.5532737549671506,False,,,N100_drop0.50_s0.20_c0.05,1.0,0.0,0.0,False,False,1.0068271698186462,1.0170734897113791,-0.08654637964884415,-0.11493045755945958,BSE,True,NSE-trained; BSE current transfer
2026-10-01,NESCO,INE317F01035,1028.2,1028.2,5685885.444444444,2056.4,0.2699157472665819,0.03139442573616558,0.2023625903706502,0.1551394735492519,0.18261012433432516,0.0016231530973021546,0.46391720511814416,0.02985589552384595,0.46391720511814416,0.4082543504537847,0.07078773796764629,0.1578542883492161,0.2023625903706502,0.03139442573616558,0.1578542883492161,0.46391720511814416,False,,,N100_drop0.50_s0.20_c0.05,1.0,0.0,0.0,False,False,1.0068271698186462,1.0170734897113791,-0.08654637964884415,-0.11493045755945958,BSE,True,NSE-trained; BSE current transfer
2026-10-01,METROBRAND,INE317I01021,834.1,834.1,51233920.06349207,1668.2,0.25385426929653043,0.02851497506426406,0.2040584641931382,0.1397392417757054,0.18663816946903034,0.02664504589615041,0.4236653492678421,0.07884837895362617,0.4236653492678421,0.38742715660201554,0.11372032967040396,0.1578542883492161,0.2040584641931382,0.02851497506426406,0.1578542883492161,0.4236653492678421,False,,,N100_drop0.50_s0.20_c0.05,1.0,0.0,0.0,False,False,1.0068271698186462,1.0170734897113791,-0.08654637964884415,-0.11493045755945958,BSE,True,NSE-trained; BSE current transfer
2026-10-01,PIDILITIND,INE318A01026,1470.0,1470.0,141214229.44444445,2940.0,0.26755497242298004,0.030961450054982482,0.1329261486701989,0.23292219299756048,0.18218403302564157,0.060689626924468346,0.4811302264098485,0.09420104821177194,0.4811302264098485,0.41538920255576556,0.1531554940228311,0.1578542883492161,0.1329261486701989,0.030961450054982482,0.1578542883492161,0.4811302264098485,False,,,N100_drop0.50_s0.20_c0.05,1.0,0.0,0.0,False,False,1.0068271698186462,1.0170734897113791,-0.08654637964884415,-0.11493045755945958,BSE,True,NSE-trained; BSE current transfer
2026-10-01,RITES,INE320J01015,209.7,209.7,37472010.17460317,419.4,0.33051653660189473,0.04376594367340574,0.1691824431711775,0.2586908124333191,0.19275403564486177,0.05898862283763148,0.4847424045404132,0.05782469663335556,0.4847424045404132,0.47742843863724976,0.05190632214173535,0.17320574162679425,0.1691824431711775,0.04376594367340574,0.17320574162679425,0.4847424045404132,False,,,N100_drop0.50_s0.20_c0.05,1.0,0.0,0.0,False,False,1.0068271698186462,1.0170734897113791,-0.08654637964884415,-0.11493045755945958,BSE,True,NSE-trained; BSE current transfer
2026-10-01,PURVA,INE323I01011,203.7,203.7,11022448.047619049,407.4,0.37136978015709643,0.05365881208102772,0.21560136615853553,0.24887974059297674,0.19194029005386487,0.06355495310527673,0.49552604454966165,0.04100870729682597,0.49552604454966165,0.5102846882775918,0.03477597256053435,0.18294117647058825,0.21560136615853553,0.05365881208102772,0.18294117647058825,0.49552604454966165,False,,,N100_drop0.50_s0.20_c0.05,1.0,0.0,0.0,False,False,1.0068271698186462,1.0170734897113791,-0.08654637964884415,-0.11493045755945958,BSE,True,NSE-trained; BSE current transfer
2026-10-01,JINDALSAW,INE324A01032,270.35,270.35,38204188.68253968,540.7,0.4359841051671369,0.072484435875403,0.1841644622900517,0.39358535829373476,0.22360595519072773,0.09123585482571875,0.5939046012773977,0.07219146182560382,0.5939046012773977,0.5933216375448965,0.08507703259452369,0.24014598540145982,0.1841644622900517,0.072484435875403,0.24014598540145982,0.5939046012773977,False,,,N100_drop0.50_s0.20_c0.05,1.0,0.0,0.0,False,False,1.0068271698186462,1.0170734897113791,-0.08654637964884415,-0.11493045755945958,BSE,True,NSE-trained; BSE current transfer
2026-10-01,LGEINDIA,INE324D01010,1719.5,1719.5,138478294.12698412,3439.0,0.32212454605956353,0.04189870188402531,0.14484496612997033,0.28926584750228274,0.1928576906416382,0.08428925081440065,0.5174261897483766,0.04336364448305569,0.5174261897483766,0.4510011682168182,0.09636813478292186,0.1648675171736997,0.14484496612997033,0.04189870188402531,0.1648675171736997,0.5174261897483766,False,,,N100_drop0.50_s0.20_c0.05,1.0,0.0,0.0,False,False,1.0068271698186462,1.0170734897113791,-0.08654637964884415,-0.11493045755945958,BSE,True,NSE-trained; BSE current transfer
2026-10-01,RAMCOCEM,INE331A01037,830.1,830.1,38452808.07936508,1660.2,0.2416648209052198,0.026430541453537206,0.17462106798758242,0.15135940787750035,0.17620821042679105,0.026737803027668844,0.41103742476926614,0.09982930400459676,0.41103742476926614,0.3857127743821773,0.10772795096897406,0.1578542883492161,0.17462106798758242,0.026430541453537206,0.1578542883492161,0.41103742476926614,False,,,N100_drop0.50_s0.20_c0.05,1.0,0.0,0.0,False,False,1.0068271698186462,1.0170734897113791,-0.08654637964884415,-0.11493045755945958,BSE,True,NSE-trained; BSE current transfer
2026-10-01,THOMASCOOK,INE332A01027,100.75,100.75,8679662.507936507,201.5,0.342281845420099,0.046474844461802764,0.22941045071657637,0.202583815674639,0.16900953216224585,0.0685790656824736,0.4558613793986028,0.03180705216213032,0.4558613793986028,0.5000275358823392,0.018549958140483828,0.18294117647058825,0.22941045071657637,0.046474844461802764,0.18294117647058825,0.4558613793986028,False,,,N100_drop0.50_s0.20_c0.05,1.0,0.0,0.0,False,False,1.0068271698186462,1.0170734897113791,-0.08654637964884415,-0.11493045755945958,BSE,True,NSE-trained; BSE current transfer
2026-10-01,SURYAROSNI,INE335A01020,220.85,220.85,10264233.285714285,441.7,0.2806981261762951,0.033415950401978436,0.17656219310366117,0.18925880911753087,0.19004794243364992,0.025057993581380056,0.4829922523808434,0.024143933032018304,0.4829922523808434,0.4366705125226627,0.08130045592006431,0.1578542883492161,0.17656219310366117,0.033415950401978436,0.1578542883492161,0.4829922523808434,False,,,N100_drop0.50_s0.20_c0.05,1.0,0.0,0.0,False,False,1.0068271698186462,1.0170734897113791,-0.08654637964884415,-0.11493045755945958,BSE,True,NSE-trained; BSE current transfer
2026-10-01,IRCTC,INE335Y01020,454.0,454.0,52855760.253968254,908.0,0.22823187368329614,0.024229882659289267,0.22739445179606968,0.10655441444551578,0.17245915987547814,0.13216334406386715,0.3804518227408204,0.0955233857092992,0.3804518227408204,0.37615867865543984,0.08709732715235662,0.1578542883492161,0.22739445179606968,0.024229882659289267,0.1578542883492161,0.3804518227408204,False,,,N100_drop0.50_s0.20_c0.05,1.0,0.0,0.0,False,False,1.0068271698186462,1.0170734897113791,-0.08654637964884415,-0.11493045755945958,BSE,True,NSE-trained; BSE current transfer
2026-10-01,INDOTHAI,INE337M01021,35.23,35.23,17071448.984126985,70.46,0.4580811161994632,0.0799920006014942,0.3129092538039167,0.2556396131755849,0.26681402370715906,0.1160010858924373,0.5916148316341266,0.1978398819291551,0.5916148316341266,0.5852994253861277,0.1870545127303642,0.24014598540145982,0.3129092538039167,0.0799920006014942,0.24014598540145982,0.5916148316341266,False,,,N100_drop0.50_s0.20_c0.05,1.0,0.0,0.0,False,False,1.0068271698186462,1.0170734897113791,-0.08654637964884415,-0.11493045755945958,BSE,True,NSE-trained; BSE current transfer
2026-10-01,TIRUMALCHM,INE338A01024,146.6,146.6,5796450.047619048,293.2,0.27832470368099116,0.03296469963785997,0.28439655025398014,0.1159110390348296,0.16158573785156838,0.010740292859373446,0.47450386256020316,0.01826016381727052,0.47450386256020316,0.44881617212098274,0.03528401864679375,0.1648675171736997,0.28439655025398014,0.03296469963785997,0.1648675171736997,0.47450386256020316,False,,,N100_drop0.50_s0.20_c0.05,1.0,0.0,0.0,False,False,1.0068271698186462,1.0170734897113791,-0.08654637964884415,-0.11493045755945958,BSE,True,NSE-trained; BSE current transfer
2026-10-01,BODALCHEM,INE338D01028,192.0,192.0,25250161.507936507,384.0,0.5608399601523908,0.12454439454806446,0.2543594075549904,0.4896394269244356,0.30185082425190235,0.20206481420609962,0.6615707306139806,0.16891849882562343,0.6615707306139806,0.6789221670406506,0.16954881403925448,0.3988439306358382,0.2543594075549904,0.12454439454806446,0.3988439306358382,0.6615707306139806,False,,,N100_drop0.50_s0.20_c0.05,1.0,0.0,0.0,False,False,1.0068271698186462,1.0170734897113791,-0.08654637964884415,-0.11493045755945958,BSE,True,NSE-trained; BSE current transfer
2026-10-01,KLBRENG-B,INE338F01015,524.55,524.55,11607374.57142857,1049.1,0.43837761944803866,0.07326867765604943,0.2122726024522755,0.3451631383872168,0.2266573621011625,0.11181288743101098,0.5410488119133321,0.02436631867291242,0.5410488119133321,0.5299500373418029,0.03280086002715189,0.19605077574047955,0.2122726024522755,0.07326867765604943,0.19605077574047955,0.5410488119133321,False,,,N100_drop0.50_s0.20_c0.05,1.0,0.0,0.0,False,False,1.0068271698186462,1.0170734897113791,-0.08654637964884415,-0.11493045755945958,BSE,True,NSE-trained; BSE current transfer
2026-10-01,CONCORDBIO,INE338H01029,1375.05,1375.05,67285828.41269842,2750.1,0.3897420075337863,0.058582649226270656,0.1841274834486136,0.3181635252328854,0.20660594875497618,0.1049278398883845,0.5274438158732541,0.07201993230439527,0.5274438158732541,0.5576498993800213,0.07962860566092685,0.21834496510468593,0.1841274834486136,0.058582649226270656,0.21834496510468593,0.5274438158732541,False,,,N100_drop0.50_s0.20_c0.05,1.0,0.0,0.0,False,False,1.0068271698186462,1.0170734897113791,-0.08654637964884415,-0.11493045755945958,BSE,True,NSE-trained; BSE current transfer
2026-10-01,MOTILALOFS,INE338I01027,990.0,990.0,63825803.76190476,1980.0,0.41709804226033986,0.06652852336514256,0.15831578837223875,0.4202267130093045,0.21335867838975067,0.0996243273765624,0.587075916797513,0.060488674422237314,0.587075916797513,0.5728148802748854,0.06588819272253758,0.22131147540983606,0.15831578837223875,0.06652852336514256,0.22131147540983606,0.587075916797513,False,,,N100_drop0.50_s0.20_c0.05,1.0,0.0,0.0,False,False,1.0068271698186462,1.0170734897113791,-0.08654637964884415,-0.11493045755945958,BSE,True,NSE-trained; BSE current transfer
2026-10-01,BIRLACORPN,INE340A01012,830.4,830.4,5058547.317460317,1660.8,0.2535822520186045,0.02846752665558258,0.20722759677693045,0.1373732412977137,0.17734204450851185,0.02013052688826117,0.46929353026240156,0.02559636861403522,0.46929353026240156,0.4073061189891439,0.06792553025719139,0.1578542883492161,0.20722759677693045,0.02846752665558258,0.1578542883492161,0.46929353026240156,False,,,N100_drop0.50_s0.20_c0.05,1.0,0.0,0.0,False,False,1.0068271698186462,1.0170734897113791,-0.08654637964884415,-0.11493045755945958,BSE,True,NSE-trained; BSE current transfer
2026-10-01,NIITMTS,INE342G01023,190.8,190.8,6358531.428571428,381.6,0.3009489398389553,0.037415428227208725,0.22928605722567574,0.16318230894599245,0.18586759861901334,0.04910578453300185,0.5278997061355601,0.055128787086869274,0.5278997061355601,0.4894115788439785,0.07944269011015177,0.17320574162679425,0.22928605722567574,0.037415428227208725,0.17320574162679425,0.5278997061355601,False,,,N100_drop0.50_s0.20_c0.05,1.0,0.0,0.0,False,False,1.0068271698186462,1.0170734897113791,-0.08654637964884415,-0.11493045755945958,BSE,True,NSE-trained; BSE current transfer
2026-10-01,BHARTIHEXA,INE343G01021,1380.0,1380.0,47169189.50793651,2760.0,0.278073255612569,0.032917102016435155,0.18512144371645645,0.17781355501339458,0.1740987313014391,0.058692523752415376,0.46840046886855996,0.05329214844048221,0.46840046886855996,0.46262120330786116,0.05429702322398326,0.17320574162679425,0.18512144371645645,0.032917102016435155,0.17320574162679425,0.46840046886855996,False,,,N100_drop0.50_s0.20_c0.05,1.0,0.0,0.0,False,False,1.0068271698186462,1.0170734897113791,-0.08654637964884415,-0.11493045755945958,BSE,True,NSE-trained; BSE current transfer
2026-10-01,HINDOILEXP,INE345A01011,167.3,167.3,11128598.61904762,334.6,0.4020474500884974,0.06206199216666043,0.19367961789088692,0.3204363620834084,0.2003687079800185,0.08773060109424383,0.5293675384728386,0.0176459955288326,0.5293675384728386,0.5199060633271425,0.036763596142210295,0.19197207678883071,0.19367961789088692,0.06206199216666043,0.19197207678883071,0.5293675384728386,False,,,N100_drop0.50_s0.20_c0.05,1.0,0.0,0.0,False,False,1.0068271698186462,1.0170734897113791,-0.08654637964884415,-0.11493045755945958,BSE,True,NSE-trained; BSE current transfer
2026-10-01,APEX,INE346W01013,327.4,327.4,7278425.53968254,654.8,0.4594978108388451,0.08049445712667463,0.23866250992816668,0.33727315258228907,0.24816500146654474,0.035881256272274786,0.5561067650534969,0.07124058278251295,0.5561067650534969,0.579482959345175,0.0862164525509548,0.24014598540145982,0.23866250992816668,0.08049445712667463,0.24014598540145982,0.5561067650534969,False,,,N100_drop0.50_s0.20_c0.05,1.0,0.0,0.0,False,False,1.0068271698186462,1.0170734897113791,-0.08654637964884415,-0.11493045755945958,BSE,True,NSE-trained; BSE current transfer
2026-10-01,MANGLMCEM,INE347A01017,984.9,984.9,5458861.666666667,1969.8,0.4155192207385083,0.06604867278409944,0.15455786257126164,0.42733945517424926,0.20365504330987363,0.0845336478698445,0.590057042823243,0.06981800700209692,0.590057042823243,0.5549517827688127,0.0454508449345643,0.21834496510468593,0.15455786257126164,0.06604867278409944,0.21834496510468593,0.590057042823243,False,,,N100_drop0.50_s0.20_c0.05,1.0,0.0,0.0,False,False,1.0068271698186462,1.0170734897113791,-0.08654637964884415,-0.11493045755945958,BSE,True,NSE-trained; BSE current transfer
2026-10-01,PETRONET,INE347G01014,286.5,286.5,77232893.38095239,573.0,0.27889475687504406,0.0330727555403794,0.09991591193378224,0.3310058918573237,0.21639224723042064,0.0028639216474861395,0.514419742167014,0.10178536835302898,0.514419742167014,0.47915449913310537,0.12916084505690123,0.17320574162679425,0.09991591193378224,0.0330727555403794,0.17320574162679425,0.514419742167014,False,,,N100_drop0.50_s0.20_c0.05,1.0,0.0,0.0,False,False,1.0068271698186462,1.0170734897113791,-0.08654637964884415,-0.11493045755945958,BSE,True,NSE-trained; BSE current transfer
2026-10-01,ASHAPURMIN,INE348A01023,489.95,489.95,47542491.06349207,979.9,0.3117759615883706,0.03966778878726243,0.2503640957264902,0.15844040525122832,0.18150691716810993,0.04020568338041641,0.4687848818262553,0.08086080881471763,0.4687848818262553,0.44640409974640854,0.11121669013011956,0.1648675171736997,0.2503640957264902,0.03966778878726243,0.1648675171736997,0.4687848818262553,False,,,N100_drop0.50_s0.20_c0.05,1.0,0.0,0.0,False,False,1.0068271698186462,1.0170734897113791,-0.08654637964884415,-0.11493045755945958,BSE,True,NSE-trained; BSE current transfer
2026-10-01,CENTURYPLY,INE348B01021,667.7,667.7,7190077.571428572,1335.4,0.290561720026706,0.03533012452033994,0.1574246132016434,0.22442567144875872,0.17178874807947933,0.0304950819222663,0.509733221959665,0.01955577622862323,0.509733221959665,0.4660882458774686,0.05465685812448629,0.17320574162679425,0.1574246132016434,0.03533012452033994,0.17320574162679425,0.509733221959665,False,,,N100_drop0.50_s0.20_c0.05,1.0,0.0,0.0,False,False,1.0068271698186462,1.0170734897113791,-0.08654637964884415,-0.11493045755945958,BSE,True,NSE-trained; BSE current transfer
2026-10-01,NRBBEARING,INE349A01021,543.65,543.65,17543795.507936507,1087.3,0.48221579409850546,0.08892526639171593,0.21934825801554497,0.40540675907904355,0.2472755078672685,0.13852020151447164,0.5750016045396583,0.0558475194285658,0.5750016045396583,0.5626142607887026,0.04680217037082935,0.21834496510468593,0.21934825801554497,0.08892526639171593,0.21834496510468593,0.5750016045396583,False,,,N100_drop0.50_s0.20_c0.05,1.0,0.0,0.0,False,False,1.0068271698186462,1.0170734897113791,-0.08654637964884415,-0.11493045755945958,BSE,True,NSE-trained; BSE current transfer
2026-10-01,AVADHSUGAR,INE349W01017,767.25,767.25,10248099.444444444,1534.5,0.4924805735697497,0.09297808225827037,0.19658513051326887,0.47296599704927655,0.25698867463145425,0.1224108700103787,0.6470301487201836,0.1052625644334519,0.6470301487201836,0.6577110089579206,0.1133479146476007,0.3988439306358382,0.19658513051326887,0.09297808225827037,0.3988439306358382,0.6470301487201836,False,,,N100_drop0.50_s0.20_c0.05,1.0,0.0,0.0,False,False,1.0068271698186462,1.0170734897113791,-0.08654637964884415,-0.11493045755945958,BSE,True,NSE-trained; BSE current transfer
2026-10-01,IDEAFORGE,INE349Y01013,734.3,734.3,25967188.85714286,1468.6,0.41788876786603263,0.06676986727703442,0.20946391969050918,0.3187654817865025,0.21442697632976346,0.07673544941793811,0.5551829308151337,0.03993931191575948,0.5551829308151337,0.5895145645260031,0.0664116100632019,0.24014598540145982,0.20946391969050918,0.06676986727703442,0.24014598540145982,0.5551829308151337,False,,,N100_drop0.50_s0.20_c0.05,1.0,0.0,0.0,False,False,1.0068271698186462,1.0170734897113791,-0.08654637964884415,-0.11493045755945958,BSE,True,NSE-trained; BSE current transfer
2026-10-01,OPTIEMUS,INE350C01017,806.5,806.5,26457156.14285714,1613.0,0.46059499030193274,0.08088540773477275,0.343346768931374,0.2355793473359862,0.25961876595202393,0.010564471274755516,0.5657968019428169,0.03664034403135559,0.5657968019428169,0.5839334594724367,0.06855724712046962,0.24014598540145982,0.343346768931374,0.08088540773477275,0.24014598540145982,0.5657968019428169,False,,,N100_drop0.50_s0.20_c0.05,1.0,0.0,0.0,False,False,1.0068271698186462,1.0170734897113791,-0.08654637964884415,-0.11493045755945958,BSE,True,NSE-trained; BSE current transfer
2026-10-01,UNICHEMLAB,INE351A01035,535.5,535.5,18310135.666666668,1071.0,0.4418849144995425,0.07443025452987219,0.24056341491891303,0.3093997254526856,0.22811600162717638,0.08410097196945587,0.5667054014428166,0.0471964382523036,0.5667054014428166,0.6057546517918677,0.07810934655715539,0.24014598540145982,0.24056341491891303,0.07443025452987219,0.24014598540145982,0.5667054014428166,False,,,N100_drop0.50_s0.20_c0.05,1.0,0.0,0.0,False,False,1.0068271698186462,1.0170734897113791,-0.08654637964884415,-0.11493045755945958,BSE,True,NSE-trained; BSE current transfer
2026-10-01,ITDC,INE353K01014,666.85,666.85,113183280.50793651,1333.7,0.4185535520367358,0.066973300118231,0.2280476156364335,0.29368121184394946,0.22558586257694807,0.1486855253423422,0.5555532922675009,0.03892638356191642,0.5555532922675009,0.5728967810458483,0.06361923955804623,0.22131147540983606,0.2280476156364335,0.066973300118231,0.22131147540983606,0.5555532922675009,False,,,N100_drop0.50_s0.20_c0.05,1.0,0.0,0.0,False,False,1.0068271698186462,1.0170734897113791,-0.08654637964884415,-0.11493045755945958,BSE,True,NSE-trained; BSE current transfer
2026-10-01,SOMANYCERA,INE355A01028,613.95,613.95,7737182.412698412,1227.9,0.4062595087681174,0.06328804723060234,0.13060610285489035,0.48457189861118816,0.2073604289874183,0.004809156477487489,0.6101713580645886,0.07368079837239587,0.6101713580645886,0.5935950626727134,0.06594380562261544,0.24014598540145982,0.13060610285489035,0.06328804723060234,0.24014598540145982,0.6101713580645886,False,,,N100_drop0.50_s0.20_c0.05,1.0,0.0,0.0,False,False,1.0068271698186462,1.0170734897113791,-0.08654637964884415,-0.11493045755945958,BSE,True,NSE-trained; BSE current transfer
2026-10-01,PVP,INE362A01016,50.54,50.54,10368384.968253968,101.08,0.4970956262804511,0.09485264856160926,0.27627608751641386,0.34332558208091013,0.2393259387060862,0.006006266192362941,0.6034262298496457,0.10126134278472075,0.6034262298496457,0.6187374788023351,0.10010797621014256,0.24691358024691357,0.27627608751641386,0.09485264856160926,0.24691358024691357,0.6034262298496457,False,,,N100_drop0.50_s0.20_c0.05,1.0,0.0,0.0,False,False,1.0068271698186462,1.0170734897113791,-0.08654637964884415,-0.11493045755945958,BSE,True,NSE-trained; BSE current transfer
2026-10-01,ADANIGREEN,INE364U01010,1288.0,1288.0,232787361.87301588,2576.0,0.34626744874084736,0.04741737491755475,0.17303880570062255,0.2740274051566929,0.1974014034742622,0.04833015115695072,0.553899499923724,0.039123748598364844,0.553899499923724,0.5560733715534487,0.050350194642038645,0.21834496510468593,0.17303880570062255,0.04741737491755475,0.21834496510468593,0.553899499923724,False,,,N100_drop0.50_s0.20_c0.05,1.0,0.0,0.0,False,False,1.0068271698186462,1.0170734897113791,-0.08654637964884415,-0.11493045755945958,BSE,True,NSE-trained; BSE current transfer
2026-10-01,DATAMATICS,INE365B01017,790.4,790.4,8825532.238095239,1580.8,0.3437466036462168,0.04681974833572439,0.17232332017124338,0.27169711150642906,0.18924462877423906,0.07451904257584184,0.49007649917315715,0.04006424917470931,0.49007649917315715,0.4901078038276383,0.016374879572939125,0.17320574162679425,0.17232332017124338,0.04681974833572439,0.17320574162679425,0.49007649917315715,False,,,N100_drop0.50_s0.20_c0.05,1.0,0.0,0.0,False,False,1.0068271698186462,1.0170734897113791,-0.08654637964884415,-0.11493045755945958,BSE,True,NSE-trained; BSE current transfer
2026-10-01,DWARKESH,INE366A01041,41.94,41.94,8876938.746031746,83.88,0.4199218666883565,0.067393548587597,0.24390413455416649,0.27631162838131457,0.21512519863393365,0.08711888659719347,0.526459243991434,0.04562179437962292,0.526459243991434,0.5475587281020261,0.05991812088778496,0.21834496510468593,0.24390413455416649,0.067393548587597,0.21834496510468593,0.526459243991434,False,,,N100_drop0.50_s0.20_c0.05,1.0,0.0,0.0,False,False,1.0068271698186462,1.0170734897113791,-0.08654637964884415,-0.11493045755945958,BSE,True,NSE-trained; BSE current transfer
2026-10-01,VRLLOG,INE366I01010,285.35,285.35,5092503.936507937,570.7,0.37889628412864307,0.05563796275863906,0.13530400110622845,0.41120707668472545,0.18608893285198097,0.08193473321191722,0.5842535108498158,0.06774115374176978,0.5842535108498158,0.5436561093172512,0.035518255026111216,0.21834496510468593,0.13530400110622845,0.05563796275863906,0.21834496510468593,0.5842535108498158,False,,,N100_drop0.50_s0.20_c0.05,1.0,0.0,0.0,False,False,1.0068271698186462,1.0170734897113791,-0.08654637964884415,-0.11493045755945958,BSE,True,NSE-trained; BSE current transfer
2026-10-01,PFOCUS,INE367G01038,301.65,301.65,21962905.015873015,603.3,0.46815109077587813,0.08362154918501676,0.23158575570856083,0.36108243760143144,0.24438959223385845,0.11412479377343454,0.5779978928421206,0.05029273588557128,0.5779978928421206,0.5815536860074402,0.06078774135094643,0.24014598540145982,0.23158575570856083,0.08362154918501676,0.24014598540145982,0.5779978928421206,False,,,N100_drop0.50_s0.20_c0.05,1.0,0.0,0.0,False,False,1.0068271698186462,1.0170734897113791,-0.08654637964884415,-0.11493045755945958,BSE,True,NSE-trained; BSE current transfer
2026-10-01,GRAPHITE,INE371A01025,786.0,786.0,104052419.82539682,1572.0,0.41565978817902505,0.0660912857918752,0.19148882956796423,0.34514434048706605,0.21727887228006784,0.11911022956709848,0.5452682187079391,0.04839425292661481,0.5452682187079391,0.5389590724251389,0.061292059377714876,0.21834496510468593,0.19148882956796423,0.0660912857918752,0.21834496510468593,0.5452682187079391,False,,,N100_drop0.50_s0.20_c0.05,1.0,0.0,0.0,False,False,1.0068271698186462,1.0170734897113791,-0.08654637964884415,-0.11493045755945958,BSE,True,NSE-trained; BSE current transfer
2026-10-01,PRECWIRE,INE372C01037,501.0,501.0,23271655.73015873,1002.0,0.4464606685516942,0.07596820820344802,0.2299168633743718,0.33041599075640476,0.2334134501884354,0.11473892879792907,0.5987964992296572,0.0694522876728748,0.5987964992296572,0.6009815569332212,0.07463312041906785,0.24014598540145982,0.2299168633743718,0.07596820820344802,0.24014598540145982,0.5987964992296572,False,,,N100_drop0.50_s0.20_c0.05,1.0,0.0,0.0,False,False,1.0068271698186462,1.0170734897113791,-0.08654637964884415,-0.11493045755945958,BSE,True,NSE-trained; BSE current transfer
2026-10-01,BIOCON,INE376G01013,370.9,370.9,497449985.36507934,741.8,0.24380575978473057,0.026790523737996237,0.14395873700507175,0.18609863003349628,0.1666732212048469,0.04310866486274176,0.4512564265970176,0.07119143081188603,0.4512564265970176,0.3878556619171932,0.11382822724580556,0.1578542883492161,0.14395873700507175,0.026790523737996237,0.1578542883492161,0.4512564265970176,False,,,N100_drop0.50_s0.20_c0.05,1.0,0.0,0.0,False,False,1.0068271698186462,1.0170734897113791,-0.08654637964884415,-0.11493045755945958,BSE,True,NSE-trained; BSE current transfer
2026-10-01,BAJAJHFL,INE377Y01014,82.93,82.93,29621758.07936508,165.86,0.2716099277250644,0.03170725599802653,0.1472231194234193,0.2153687282418956,0.1982450104583105,0.060596205988700275,0.4801651958024962,0.05190487094788653,0.4801651958024962,0.40368541675046127,0.12211041556608433,0.1578542883492161,0.1472231194234193,0.03170725599802653,0.1578542883492161,0.4801651958024962,False,,,N100_drop0.50_s0.20_c0.05,1.0,0.0,0.0,False,False,1.0068271698186462,1.0170734897113791,-0.08654637964884415,-0.11493045755945958,BSE,True,NSE-trained; BSE current transfer
2026-10-01,ITCHOTELS,INE379A01028,158.75,158.75,50244710.396825396,317.5,0.29328753891657344,0.03587034697005603,0.18084703586269274,0.19834633616715966,0.18547669650370222,0.041197387384242334,0.4740443704718739,0.05094619195480846,0.4740443704718739,0.4719296085245186,0.05797042553036471,0.17320574162679425,0.18084703586269274,0.03587034697005603,0.17320574162679425,0.4740443704718739,False,,,N100_drop0.50_s0.20_c0.05,1.0,0.0,0.0,False,False,1.0068271698186462,1.0170734897113791,-0.08654637964884415,-0.11493045755945958,BSE,True,NSE-trained; BSE current transfer
2026-10-01,UFBL,INE382M01027,693.75,693.75,6344431.793650794,1387.5,0.501199077631935,0.09654756833306735,0.24685921814050749,0.3911037597069369,0.26769168319168657,0.24234762622587233,0.5483712408671021,0.10579787759472493,0.5483712408671021,0.6179273353749833,0.0949392604178664,0.24691358024691357,0.24685921814050749,0.09654756833306735,0.24691358024691357,0.5483712408671021,False,,,N100_drop0.50_s0.20_c0.05,1.0,0.0,0.0,False,False,1.0068271698186462,1.0170734897113791,-0.08654637964884415,-0.11493045755945958,BSE,True,NSE-trained; BSE current transfer
2026-10-01,INDIACEM,INE383A01012,295.3,295.3,7812344.285714285,590.6,0.27789781777426636,0.03288391635689758,0.20051821600328382,0.16399465850204378,0.17017519420032498,0.009543845646873134,0.4863650876396488,0.03485358048098849,0.4863650876396488,0.4785876945528424,0.04271085595255431,0.17320574162679425,0.20051821600328382,0.03288391635689758,0.17320574162679425,0.4863650876396488,False,,,N100_drop0.50_s0.20_c0.05,1.0,0.0,0.0,False,False,1.0068271698186462,1.0170734897113791,-0.08654637964884415,-0.11493045755945958,BSE,True,NSE-trained; BSE current transfer
2026-10-01,SARDAEN,INE385C01021,494.65,494.65,27403668.111111112,989.3,0.2887717043450213,0.03497803842246701,0.16173965648530314,0.21626136213319688,0.19838079354677338,0.046559273010261776,0.47887127128900103,0.07921908445309786,0.47887127128900103,0.4513689939064461,0.08412215259246292,0.1648675171736997,0.16173965648530314,0.03497803842246701,0.1648675171736997,0.47887127128900103,False,,,N100_drop0.50_s0.20_c0.05,1.0,0.0,0.0,False,False,1.0068271698186462,1.0170734897113791,-0.08654637964884415,-0.11493045755945958,BSE,True,NSE-trained; BSE current transfer
2026-10-01,SGMART,INE385F01024,742.25,742.25,57877189.11111111,1484.5,0.49152859008495225,0.09259550679427694,0.16895941879673307,0.548034003985739,0.26914250569991527,0.11861901128684993,0.635043481000184,0.10156334490811618,0.635043481000184,0.6425871842731686,0.11638004569698336,0.28798185941043086,0.16895941879673307,0.09259550679427694,0.28798185941043086,0.635043481000184,False,,,N100_drop0.50_s0.20_c0.05,1.0,0.0,0.0,False,False,1.0068271698186462,1.0170734897113791,-0.08654637964884415,-0.11493045755945958,BSE,True,NSE-trained; BSE current transfer
2026-10-01,VESUVIUS,INE386A01023,404.9,404.9,7067530.777777778,809.8,0.292155960584342,0.03564548388407103,0.18850519854210657,0.18909549529536646,0.20901287458164589,0.025858671938332856,0.45654435450884073,0.037946897196833584,0.45654435450884073,0.4181634710253008,0.0919937727273214,0.1578542883492161,0.18850519854210657,0.03564548388407103,0.1578542883492161,0.45654435450884073,False,,,N100_drop0.50_s0.20_c0.05,1.0,0.0,0.0,False,False,1.0068271698186462,1.0170734897113791,-0.08654637964884415,-0.11493045755945958,BSE,True,NSE-trained; BSE current transfer
2026-10-01,ASTRAMICRO,INE386C01029,1623.7,1623.7,51326519.333333336,3247.4,0.4369343305232781,0.07279496418490061,0.1851859326867372,0.3930912198824598,0.22897823033495274,0.07014783625622298,0.5787481599862055,0.055063957077870394,0.5787481599862055,0.5862095943826019,0.07851029586362668,0.24014598540145982,0.1851859326867372,0.07279496418490061,0.24014598540145982,0.5787481599862055,False,,,N100_drop0.50_s0.20_c0.05,1.0,0.0,0.0,False,False,1.0068271698186462,1.0170734897113791,-0.08654637964884415,-0.11493045755945958,BSE,True,NSE-trained; BSE current transfer
2026-10-01,SBCL,INE386D01027,1065.05,1065.05,37560087.0,2130.1,0.427586128349317,0.0697859769029267,0.24620365845129022,0.2834481718992547,0.23330704781851702,0.1172252934770695,0.5968511811139566,0.07450128938599287,0.5968511811139566,0.637760275328351,0.09826780272989553,0.28798185941043086,0.24620365845129022,0.0697859769029267,0.28798185941043086,0.5968511811139566,False,,,N100_drop0.50_s0.20_c0.05,1.0,0.0,0.0,False,False,1.0068271698186462,1.0170734897113791,-0.08654637964884415,-0.11493045755945958,BSE,True,NSE-trained; BSE current transfer
2026-10-01,SUNDRMFAST,INE387A01021,1122.55,1122.55,45571757.0,2245.1,0.3786256231355126,0.05556589049722284,0.15742218467534877,0.3529736968891404,0.19514605593006745,0.09485721459831024,0.5827797774118783,0.0591211036676917,0.5827797774118783,0.5702685046194343,0.05818471244704454,0.21834496510468593,0.15742218467534877,0.05556589049722284,0.21834496510468593,0.5827797774118783,False,,,N100_drop0.50_s0.20_c0.05,1.0,0.0,0.0,False,False,1.0068271698186462,1.0170734897113791,-0.08654637964884415,-0.11493045755945958,BSE,True,NSE-trained; BSE current transfer
2026-10-01,NYKAA,INE388Y01029,323.2,323.2,121631411.90476191,646.4,0.3073743253312046,0.03874221400288799,0.12417682177263353,0.3119923142647714,0.19080513631461674,0.030138748439593965,0.5320407700505714,0.05943042253137693,0.5320407700505714,0.4887104312521104,0.10404013610190475,0.17320574162679425,0.12417682177263353,0.03874221400288799,0.17320574162679425,0.5320407700505714,False,,,N100_drop0.50_s0.20_c0.05,1.0,0.0,0.0,False,False,1.0068271698186462,1.0170734897113791,-0.08654637964884415,-0.11493045755945958,BSE,True,NSE-trained; BSE current transfer
2026-10-01,KEC,INE389H01022,372.4,372.4,45051848.87301587,744.8,0.24382571047866583,0.0267938904366332,0.2113426466364113,0.12677938344705578,0.1836723765452755,0.028907488280833088,0.4654672597670036,0.08738626281944901,0.4654672597670036,0.4514674377190957,0.0693630978381879,0.1648675171736997,0.2113426466364113,0.0267938904366332,0.1648675171736997,0.4654672597670036,False,,,N100_drop0.50_s0.20_c0.05,1.0,0.0,0.0,False,False,1.0068271698186462,1.0170734897113791,-0.08654637964884415,-0.11493045755945958,BSE,True,NSE-trained; BSE current transfer
2026-10-01,JTLIND,INE391J01032,86.22,86.22,15519288.952380951,172.44,0.465211602558522,0.08254797429509689,0.19417324358395738,0.4251253817027807,0.23705291589714156,0.09390879255639972,0.5960420500477017,0.06552716882377875,0.5960420500477017,0.5962607308651988,0.07541290173572637,0.24014598540145982,0.19417324358395738,0.08254797429509689,0.24014598540145982,0.5960420500477017,False,,,N100_drop0.50_s0.20_c0.05,1.0,0.0,0.0,False,False,1.0068271698186462,1.0170734897113791,-0.08654637964884415,-0.11493045755945958,BSE,True,NSE-trained; BSE current transfer
2026-10-01,TVSSCS,INE395N01027,128.35,128.35,10029994.714285715,256.7,0.40811006956598567,0.06383252200583374,0.1674662310444192,0.3811665289636967,0.2086770786833976,0.05660579016418309,0.5423701081950266,0.03646445371491049,0.5423701081950266,0.5508016617737751,0.038518292424899105,0.21834496510468593,0.1674662310444192,0.06383252200583374,0.21834496510468593,0.5423701081950266,False,,,N100_drop0.50_s0.20_c0.05,1.0,0.0,0.0,False,False,1.0068271698186462,1.0170734897113791,-0.08654637964884415,-0.11493045755945958,BSE,True,NSE-trained; BSE current transfer
2026-10-01,BHARTIARTL,INE397D01024,1741.0,1741.0,885342581.7301587,3482.0,0.18673659265342607,0.01802924734648987,0.1315562219263824,0.13704594949966611,0.18458894503080056,0.06203642658837614,0.39767239653553355,0.08295506951895622,0.39767239653553355,0.3179109554376862,0.13359247068612784,0.11306122448979591,0.1315562219263824,0.01802924734648987,0.11306122448979591,0.39767239653553355,False,,,N100_drop0.50_s0.20_c0.05,1.0,0.0,0.0,False,False,1.0068271698186462,1.0170734897113791,-0.08654637964884415,-0.11493045755945958,BSE,True,NSE-trained; BSE current transfer
2026-10-01,VENKEYS,INE398A01010,1606.3,1606.3,9859845.888888888,3212.6,0.37818878405068374,0.055449710881015725,0.1683682824401309,0.3293358468554359,0.1864872809431929,0.10511113676948196,0.5457039420758579,0.030034430313915547,0.5457039420758579,0.520029978572465,0.02349819227495806,0.19197207678883071,0.1683682824401309,0.055449710881015725,0.19197207678883071,0.5457039420758579,False,,,N100_drop0.50_s0.20_c0.05,1.0,0.0,0.0,False,False,1.0068271698186462,1.0170734897113791,-0.08654637964884415,-0.11493045755945958,BSE,True,NSE-trained; BSE current transfer
2026-10-01,SYNGENE,INE398R01022,360.95,360.95,55400126.96825397,721.9,0.24287433303403685,0.02663359451881388,0.20572428259036846,0.12946257089079674,0.1644295563698816,0.00879724232198778,0.43682531350190673,0.06935711007281573,0.43682531350190673,0.44342853349357153,0.055073335613371376,0.1648675171736997,0.20572428259036846,0.02663359451881388,0.1648675171736997,0.43682531350190673,False,,,N100_drop0.50_s0.20_c0.05,1.0,0.0,0.0,False,False,1.0068271698186462,1.0170734897113791,-0.08654637964884415,-0.11493045755945958,BSE,True,NSE-trained; BSE current transfer
2026-10-01,SUPRAJIT,INE399C01030,481.45,481.45,11444402.968253968,962.9,0.3163743327101385,0.040649489168144495,0.12386717452472679,0.3281699879254928,0.17175568068601196,0.03353423163463809,0.5139228474288517,0.04097149014099269,0.5139228474288517,0.49798561369032224,0.04443957292389233,0.18294117647058825,0.12386717452472679,0.040649489168144495,0.18294117647058825,0.5139228474288517,False,,,N100_drop0.50_s0.20_c0.05,1.0,0.0,0.0,False,False,1.0068271698186462,1.0170734897113791,-0.08654637964884415,-0.11493045755945958,BSE,True,NSE-trained; BSE current transfer
2026-10-01,RKFORGE,INE399G01023,695.0,695.0,45985562.15873016,1390.0,0.4084573402930677,0.0639350953760076,0.15896687219042946,0.4021913150522237,0.21091078729172932,0.09748786825621,0.5837974921385489,0.06303849908589532,0.5837974921385489,0.5862994999778041,0.07434202302012147,0.24014598540145982,0.15896687219042946,0.0639350953760076,0.24014598540145982,0.5837974921385489,False,,,N100_drop0.50_s0.20_c0.05,1.0,0.0,0.0,False,False,1.0068271698186462,1.0170734897113791,-0.08654637964884415,-0.11493045755945958,BSE,True,NSE-trained; BSE current transfer
2026-10-01,ATGL,INE399L01023,583.15,583.15,106991174.38095239,1166.3,0.3538518899812021,0.04924679707567514,0.20301725696702386,0.24257443830833705,0.1941624630710516,0.06267750931382474,0.49643026748199626,0.06724237855460372,0.49643026748199626,0.4948975670834865,0.06536208313226678,0.17320574162679425,0.20301725696702386,0.04924679707567514,0.17320574162679425,0.49643026748199626,False,,,N100_drop0.50_s0.20_c0.05,1.0,0.0,0.0,False,False,1.0068271698186462,1.0170734897113791,-0.08654637964884415,-0.11493045755945958,BSE,True,NSE-trained; BSE current transfer
2026-10-01,ABSLAMC,INE404A01024,992.35,992.35,31178824.04761905,1984.7,0.3815067510051099,0.056336578705951004,0.17573264871054498,0.32058117327272995,0.1958530919846711,0.09913132853497247,0.5257463347100333,0.03155488944822904,0.5257463347100333,0.5364113959861269,0.03486661038634193,0.21568627450980393,0.17573264871054498,0.056336578705951004,0.21568627450980393,0.5257463347100333,False,,,N100_drop0.50_s0.20_c0.05,1.0,0.0,0.0,False,False,1.0068271698186462,1.0170734897113791,-0.08654637964884415,-0.11493045755945958,BSE,True,NSE-trained; BSE current transfer
2026-10-01,ULTRAMAR,INE405A01021,405.95,405.95,13739643.158730159,811.9,0.38254330117494956,0.05661574731862243,0.18217517122631896,0.3107764188583516,0.19581116791912123,0.08232328145093876,0.5096259150529859,0.02522279134063565,0.5096259150529859,0.47657359267434213,0.07469953718396816,0.17320574162679425,0.18217517122631896,0.05661574731862243,0.17320574162679425,0.5096259150529859,False,,,N100_drop0.50_s0.20_c0.05,1.0,0.0,0.0,False,False,1.0068271698186462,1.0170734897113791,-0.08654637964884415,-0.11493045755945958,BSE,True,NSE-trained; BSE current transfer
2026-10-01,UNOMINDA,INE405E01023,1115.0,1115.0,93489173.98412699,2230.0,0.2676807379042381,0.03098442997332122,0.14830402097036371,0.2089250835586783,0.19681050822919272,0.021634977968631022,0.4803941331166351,0.11150166142231999,0.4803941331166351,0.4272124544977722,0.15235620837733002,0.1578542883492161,0.14830402097036371,0.03098442997332122,0.1578542883492161,0.4803941331166351,False,,,N100_drop0.50_s0.20_c0.05,1.0,0.0,0.0,False,False,1.0068271698186462,1.0170734897113791,-0.08654637964884415,-0.11493045755945958,BSE,True,NSE-trained; BSE current transfer
2026-10-01,AUROPHARMA,INE406A01037,1675.0,1675.0,56662640.65079365,3350.0,0.32826809703672666,0.04326044814169664,0.13086939863254032,0.3305619846482587,0.20514994206184167,0.04049727851570034,0.5809147717415701,0.053905290250776824,0.5809147717415701,0.5034145871751713,0.08513270168407454,0.18294117647058825,0.13086939863254032,0.04326044814169664,0.18294117647058825,0.5809147717415701,False,,,N100_drop0.50_s0.20_c0.05,1.0,0.0,0.0,False,False,1.0068271698186462,1.0170734897113791,-0.08654637964884415,-0.11493045755945958,BSE,True,NSE-trained; BSE current transfer
2026-10-01,ERIS,INE406M01024,1189.85,1189.85,28218612.80952381,2379.7,0.24816435103492346,0.027531403668578116,0.18097264407409105,0.15213019519848883,0.1682583104298554,0.0027275491196265267,0.4494833470627355,0.055604948548702196,0.4494833470627355,0.4002708083951741,0.10522378285688236,0.1578542883492161,0.18097264407409105,0.027531403668578116,0.1578542883492161,0.4494833470627355,False,,,N100_drop0.50_s0.20_c0.05,1.0,0.0,0.0,False,False,1.0068271698186462,1.0170734897113791,-0.08654637964884415,-0.11493045755945958,BSE,True,NSE-trained; BSE current transfer
2026-10-01,VINATIORGA,INE410B01037,1208.85,1208.85,20107238.126984127,2417.7,0.2775300735254984,0.03281441729121665,0.16948789575839707,0.19360920816429986,0.19585374821834486,0.04807295960867111,0.4403601170285005,0.06284404102294072,0.4403601170285005,0.41265191183727995,0.10293672647284595,0.1578542883492161,0.16948789575839707,0.03281441729121665,0.1578542883492161,0.4403601170285005,False,,,N100_drop0.50_s0.20_c0.05,1.0,0.0,0.0,False,False,1.0068271698186462,1.0170734897113791,-0.08654637964884415,-0.11493045755945958,BSE,True,NSE-trained; BSE current transfer
2026-10-01,NH,INE410P01011,1741.85,1741.85,70008885.36507936,3483.7,0.3040086985934727,0.038043672105315715,0.1500626903466018,0.25351852627355764,0.18248270021278126,0.028889189328916834,0.5018733219407389,0.07223459117660562,0.5018733219407389,0.48906772780949526,0.08594072884532165,0.17320574162679425,0.1500626903466018,0.038043672105315715,0.17320574162679425,0.5018733219407389,False,,,N100_drop0.50_s0.20_c0.05,1.0,0.0,0.0,False,False,1.0068271698186462,1.0170734897113791,-0.08654637964884415,-0.11493045755945958,BSE,True,NSE-trained; BSE current transfer
2026-10-01,VENUSREM,INE411B01019,1784.4,1784.4,6273161.380952381,3568.8,0.5063669668257422,0.09872072802439334,0.22490440833366723,0.43894527793306604,0.26994878587454263,0.1401098629439113,0.5877000052031027,0.06588866860788879,0.5877000052031027,0.6093502676931294,0.08503520340864601,0.24014598540145982,0.22490440833366723,0.09872072802439334,0.24014598540145982,0.5877000052031027,False,,,N100_drop0.50_s0.20_c0.05,1.0,0.0,0.0,False,False,1.0068271698186462,1.0170734897113791,-0.08654637964884415,-0.11493045755945958,BSE,True,NSE-trained; BSE current transfer
2026-10-01,SKMEGGPROD,INE411D01023,205.5,205.5,15106231.492063493,411.0,0.41912663699302916,0.06714906043580732,0.24898207406732673,0.26969435726384733,0.23335416648974408,0.07594239973039821,0.5587494703608301,0.08142082663083615,0.5587494703608301,0.5771338587550406,0.12463282639766972,0.24014598540145982,0.24898207406732673,0.06714906043580732,0.24014598540145982,0.5587494703608301,False,,,N100_drop0.50_s0.20_c0.05,1.0,0.0,0.0,False,False,1.0068271698186462,1.0170734897113791,-0.08654637964884415,-0.11493045755945958,BSE,True,NSE-trained; BSE current transfer
2026-10-01,RSYSTEMS,INE411H01032,264.15,264.15,49090092.571428575,528.3,0.4062133118594218,0.06327450075072241,0.2673539571744057,0.23666940044371934,0.21188660141814117,0.06397462017816585,0.45391151078855296,0.06368533450539442,0.45391151078855296,0.5054036163811243,0.050235110727489936,0.18294117647058825,0.2673539571744057,0.06327450075072241,0.18294117647058825,0.45391151078855296,False,,,N100_drop0.50_s0.20_c0.05,1.0,0.0,0.0,False,False,1.0068271698186462,1.0170734897113791,-0.08654637964884415,-0.11493045755945958,BSE,True,NSE-trained; BSE current transfer
2026-10-01,BAJAJHCARE,INE411U01027,323.4,323.4,6241765.285714285,646.8,0.35750378274342587,0.05014474971628673,0.2283610165087122,0.21958541997632794,0.17673221804802167,0.07169870157803906,0.47054179883865505,0.022176996758507903,0.47054179883865505,0.46470356591765744,0.033362314169068714,0.17320574162679425,0.2283610165087122,0.05014474971628673,0.17320574162679425,0.47054179883865505,False,,,N100_drop0.50_s0.20_c0.05,1.0,0.0,0.0,False,False,1.0068271698186462,1.0170734897113791,-0.08654637964884415,-0.11493045755945958,BSE,True,NSE-trained; BSE current transfer
2026-10-01,AGI,INE415A01038,790.4,790.4,7271652.777777778,1580.8,0.45090082323843084,0.07748542053889156,0.19998989673661377,0.38744667507348973,0.22478001385292104,0.08654619518759704,0.5795845933862753,0.055128990305036714,0.5795845933862753,0.5595436291755979,0.039862177521540094,0.21834496510468593,0.19998989673661377,0.07748542053889156,0.21834496510468593,0.5795845933862753,False,,,N100_drop0.50_s0.20_c0.05,1.0,0.0,0.0,False,False,1.0068271698186462,1.0170734897113791,-0.08654637964884415,-0.11493045755945958,BSE,True,NSE-trained; BSE current transfer
2026-10-01,MARSONS,INE415B01044,114.25,114.25,14068921.222222222,228.5,0.3865284143258761,0.05769848425767084,0.27100054251750016,0.21290910978137578,0.2012898218998021,0.06940554719518377,0.5214481425544036,0.04743296034998501,0.5214481425544036,0.5090484002651076,0.0722210989716803,0.18294117647058825,0.27100054251750016,0.05769848425767084,0.18294117647058825,0.5214481425544036,False,,,N100_drop0.50_s0.20_c0.05,1.0,0.0,0.0,False,False,1.0068271698186462,1.0170734897113791,-0.08654637964884415,-0.11493045755945958,BSE,True,NSE-trained; BSE current transfer
2026-10-01,BHARATSE,INE415D01024,204.8,204.8,7317947.412698412,409.6,0.43409522354898666,0.07187032940251768,0.19787263117814954,0.3632151095105774,0.22014136250675193,0.09446750603424664,0.540016180120639,0.03364084473050915,0.540016180120639,0.570710465566735,0.05407338819191222,0.22131147540983606,0.19787263117814954,0.07187032940251768,0.22131147540983606,0.540016180120639,False,,,N100_drop0.50_s0.20_c0.05,1.0,0.0,0.0,False,False,1.0068271698186462,1.0170734897113791,-0.08654637964884415,-0.11493045755945958,BSE,True,NSE-trained; BSE current transfer
2026-10-01,RVNL,INE415G01027,197.0,197.0,93366219.22222222,394.0,0.23162704322334085,0.024776769352245483,0.2343826595280962,0.10571076120618647,0.18874421406605751,0.0077738871676570065,0.43472430859015154,0.08976591090187382,0.43472430859015154,0.3930731521280075,0.10409577942376334,0.1578542883492161,0.2343826595280962,0.024776769352245483,0.1578542883492161,0.43472430859015154,False,,,N100_drop0.50_s0.20_c0.05,1.0,0.0,0.0,False,False,1.0068271698186462,1.0170734897113791,-0.08654637964884415,-0.11493045755945958,BSE,True,NSE-trained; BSE current transfer
2026-10-01,KIRIINDUS,INE415I01015,543.9,543.9,27925709.0,1087.8,0.42642187635006584,0.06941829222309709,0.22536378458044337,0.3080277177290582,0.22336839609935527,0.0963455803728469,0.5649509042430138,0.046679137814192334,0.5649509042430138,0.5806073583054304,0.06670337850384842,0.24014598540145982,0.22536378458044337,0.06941829222309709,0.24014598540145982,0.5649509042430138,False,,,N100_drop0.50_s0.20_c0.05,1.0,0.0,0.0,False,False,1.0068271698186462,1.0170734897113791,-0.08654637964884415,-0.11493045755945958,BSE,True,NSE-trained; BSE current transfer
2026-10-01,BLISSGVS,INE416D01022,684.2,684.2,14003479.333333334,1368.4,0.5118353390156812,0.10106822330242143,0.24819908486999046,0.40720626893270834,0.27068783656324186,0.19031327819389757,0.5783257062360048,0.07107030177903224,0.5783257062360048,0.6190452391910508,0.08410985376036766,0.24691358024691357,0.24819908486999046,0.10106822330242143,0.24691358024691357,0.5783257062360048,False,,,N100_drop0.50_s0.20_c0.05,1.0,0.0,0.0,False,False,1.0068271698186462,1.0170734897113791,-0.08654637964884415,-0.11493045755945958,BSE,True,NSE-trained; BSE current transfer
2026-10-01,FEDDERSHOL,INE417D01020,63.68,63.68,14298262.888888888,127.36,0.48710879764011994,0.0908374167297694,0.23104950330137147,0.3931513179289756,0.26254392692840184,0.004358730356206125,0.6077838043249336,0.07355890158772259,0.6077838043249336,0.5909464140108472,0.09875010383630985,0.24014598540145982,0.23104950330137147,0.0908374167297694,0.24014598540145982,0.6077838043249336,False,,,N100_drop0.50_s0.20_c0.05,1.0,0.0,0.0,False,False,1.0068271698186462,1.0170734897113791,-0.08654637964884415,-0.11493045755945958,BSE,True,NSE-trained; BSE current transfer
2026-10-01,POLICYBZR,INE417T01026,983.0,983.0,405796242.82539684,1966.0,0.2801198707270146,0.03330567862437258,0.24019152531839594,0.13866300478429805,0.1725605569494109,0.09337236795655673,0.47650106248810703,0.12339464979565133,0.47650106248810703,0.49748723298661474,0.11266638688644126,0.18294117647058825,0.24019152531839594,0.03330567862437258,0.18294117647058825,0.47650106248810703,False,,,N100_drop0.50_s0.20_c0.05,1.0,0.0,0.0,False,False,1.0068271698186462,1.0170734897113791,-0.08654637964884415,-0.11493045755945958,BSE,True,NSE-trained; BSE current transfer
2026-10-01,NAZARA,INE418L01047,384.15,384.15,44480279.52380952,768.3,0.41551818790587797,0.06604835976007459,0.14821350278673873,0.44562984153414265,0.2092748296431185,0.07944756538640242,0.5866809385947137,0.05447360371684422,0.5866809385947137,0.5679027320010859,0.050476198619256035,0.21834496510468593,0.14821350278673873,0.06604835976007459,0.21834496510468593,0.5866809385947137,False,,,N100_drop0.50_s0.20_c0.05,1.0,0.0,0.0,False,False,1.0068271698186462,1.0170734897113791,-0.08654637964884415,-0.11493045755945958,BSE,True,NSE-trained; BSE current transfer
2026-10-01,TDPOWERSYS,INE419M01035,792.4,792.4,204025556.2857143,1584.8,0.4250422712890223,0.06898458645690468,0.1853135418014283,0.3722587447539302,0.2491238280645425,0.008732910726107712,0.619446374412171,0.0907759325292762,0.619446374412171,0.6317363323611511,0.11601777474394327,0.28798185941043086,0.1853135418014283,0.06898458645690468,0.28798185941043086,0.619446374412171,False,,,N100_drop0.50_s0.20_c0.05,1.0,0.0,0.0,False,False,1.0068271698186462,1.0170734897113791,-0.08654637964884415,-0.11493045755945958,BSE,True,NSE-trained; BSE current transfer
2026-10-01,HAPPSTMNDS,INE419U01012,305.1,305.1,48366433.984126985,610.2,0.313075341843087,0.039943652676480305,0.24943252466159735,0.16013810841497703,0.17103311954694514,0.04934632045257664,0.4704971468853274,0.06241431174398276,0.4704971468853274,0.512481827292555,0.03890374962907911,0.18294117647058825,0.24943252466159735,0.039943652676480305,0.18294117647058825,0.4704971468853274,False,,,N100_drop0.50_s0.20_c0.05,1.0,0.0,0.0,False,False,1.0068271698186462,1.0170734897113791,-0.08654637964884415,-0.11493045755945958,BSE,True,NSE-trained; BSE current transfer
2026-10-01,PAISALO,INE420C01059,79.89,79.89,54693869.85714286,159.78,0.4553145412939328,0.07901834254264899,0.2303442302269311,0.34304459228174067,0.23239430189666274,0.1601015893519694,0.565736850474137,0.04561100016297243,0.565736850474137,0.5688255572837958,0.04745277929034165,0.21834496510468593,0.2303442302269311,0.07901834254264899,0.21834496510468593,0.565736850474137,False,,,N100_drop0.50_s0.20_c0.05,1.0,0.0,0.0,False,False,1.0068271698186462,1.0170734897113791,-0.08654637964884415,-0.11493045755945958,BSE,True,NSE-trained; BSE current transfer
2026-10-01,CCL,INE421D01022,1054.7,1054.7,10359710.841269841,2109.4,0.31756427391235575,0.04090601502272887,0.14537354835717584,0.2813855442409974,0.18495910603009263,0.029753136065636135,0.5070296475322077,0.03477413273283381,0.5070296475322077,0.49508587018178263,0.03011140447490989,0.17320574162679425,0.14537354835717584,0.04090601502272887,0.17320574162679425,0.5070296475322077,False,,,N100_drop0.50_s0.20_c0.05,1.0,0.0,0.0,False,False,1.0068271698186462,1.0170734897113791,-0.08654637964884415,-0.11493045755945958,BSE,True,NSE-trained; BSE current transfer
2026-10-01,SBFC,INE423Y01016,84.22,84.22,46763495.88888889,168.44,0.29589547434884583,0.03639184351871023,0.1765742936097661,0.20609932949321136,0.17410034485042566,0.027733645221665826,0.48041925163637766,0.07377016223276828,0.48041925163637766,0.47928365473415196,0.08721878646777677,0.17320574162679425,0.1765742936097661,0.03639184351871023,0.17320574162679425,0.48041925163637766,False,,,N100_drop0.50_s0.20_c0.05,1.0,0.0,0.0,False,False,1.0068271698186462,1.0170734897113791,-0.08654637964884415,-0.11493045755945958,BSE,True,NSE-trained; BSE current transfer
2026-10-01,SUNTV,INE424H01027,598.15,598.15,46115080.6984127,1196.3,0.4400302596079242,0.07381416573436433,0.17382677351863612,0.4246420976481546,0.23834202851543754,0.12006318508913244,0.5475152196227009,0.03952126131469677,0.5475152196227009,0.5289077455756895,0.06269236779435929,0.19605077574047955,0.17382677351863612,0.07381416573436433,0.19605077574047955,0.5475152196227009,False,,,N100_drop0.50_s0.20_c0.05,1.0,0.0,0.0,False,False,1.0068271698186462,1.0170734897113791,-0.08654637964884415,-0.11493045755945958,BSE,True,NSE-trained; BSE current transfer
2026-10-01,ALEMBICLTD,INE426A01027,104.15,104.15,9321168.476190476,208.3,0.42987626174971194,0.07051374617572512,0.1704594384114581,0.4136687697252513,0.21442965891700755,0.07643154494681377,0.5480979332572335,0.029697138722387995,0.5480979332572335,0.5261680764403514,0.050249540958492656,0.19605077574047955,0.1704594384114581,0.07051374617572512,0.19605077574047955,0.5480979332572335,False,,,N100_drop0.50_s0.20_c0.05,1.0,0.0,0.0,False,False,1.0068271698186462,1.0170734897113791,-0.08654637964884415,-0.11493045755945958,BSE,True,NSE-trained; BSE current transfer
2026-10-01,CHALET,INE427F01016,830.2,830.2,28427212.333333332,1660.4,0.3242561521543284,0.0423679811887567,0.14785120127220047,0.28655824791545254,0.18069565815057448,0.05959385745344359,0.5133470950056301,0.05805317525719979,0.5133470950056301,0.496792843744525,0.07822193871329967,0.18294117647058825,0.14785120127220047,0.0423679811887567,0.18294117647058825,0.5133470950056301,False,,,N100_drop0.50_s0.20_c0.05,1.0,0.0,0.0,False,False,1.0068271698186462,1.0170734897113791,-0.08654637964884415,-0.11493045755945958,BSE,True,NSE-trained; BSE current transfer
2026-10-01,SURYODAY,INE428Q01011,144.1,144.1,16620861.349206349,288.2,0.36739488259324216,0.05263421475263822,0.1889189704027034,0.27860735552624544,0.1906008022016556,0.09967516677668883,0.507809882353261,0.04429394373844781,0.507809882353261,0.5206133230226935,0.05988692766893327,0.19197207678883071,0.1889189704027034,0.05263421475263822,0.19197207678883071,0.507809882353261,False,,,N100_drop0.50_s0.20_c0.05,1.0,0.0,0.0,False,False,1.0068271698186462,1.0170734897113791,-0.08654637964884415,-0.11493045755945958,BSE,True,NSE-trained; BSE current transfer
2026-10-01,NEPHROPLUS,INE428V01029,647.05,647.05,24004846.34920635,1294.1,0.3984569909197683,0.06103118232111199,0.19671056600560646,0.3102587906710234,0.2009960258761677,0.08609139863604193,0.5350876763323346,0.03997974477164359,0.5350876763323346,0.5433304701958855,0.040391517500757965,0.21834496510468593,0.19671056600560646,0.06103118232111199,0.21834496510468593,0.5350876763323346,False,,,N100_drop0.50_s0.20_c0.05,1.0,0.0,0.0,False,False,1.0068271698186462,1.0170734897113791,-0.08654637964884415,-0.11493045755945958,BSE,True,NSE-trained; BSE current transfer
2026-10-01,SAFARI,INE429E01023,1381.05,1381.05,20783551.61904762,2762.1,0.2386702980397104,0.025931344254469597,0.21748319194764948,0.11923378548127778,0.16460080692600143,0.06696825218365338,0.4046670009857312,0.06838827462999117,0.4046670009857312,0.3695820546767792,0.09662093902731522,0.14960629921259844,0.21748319194764948,0.025931344254469597,0.14960629921259844,0.4046670009857312,False,,,N100_drop0.50_s0.20_c0.05,1.0,0.0,0.0,False,False,1.0068271698186462,1.0170734897113791,-0.08654637964884415,-0.11493045755945958,BSE,True,NSE-trained; BSE current transfer
2026-10-01,ANDHRAPAP,INE435A01051,71.35,71.35,7009751.825396826,142.7,0.39749860084693933,0.0607582306239999,0.1943849847645371,0.3125664808812147,0.20018814034671029,0.09899706248129256,0.5156296249093001,0.008387748193202635,0.5156296249093001,0.4659300443301892,0.04858555888940638,0.17320574162679425,0.1943849847645371,0.0607582306239999,0.17320574162679425,0.5156296249093001,False,,,N100_drop0.50_s0.20_c0.05,1.0,0.0,0.0,False,False,1.0068271698186462,1.0170734897113791,-0.08654637964884415,-0.11493045755945958,BSE,True,NSE-trained; BSE current transfer
2026-10-01,APOLLOTYRE,INE438A01022,405.45,405.45,31005882.682539683,810.9,0.2867900429024638,0.03459070860042435,0.16280303910655117,0.21246967372510445,0.17277217625062968,0.05092865816236758,0.46541857163168276,0.062173599936350576,0.46541857163168276,0.4223646566783812,0.10591204962057724,0.1578542883492161,0.16280303910655117,0.03459070860042435,0.1578542883492161,0.46541857163168276,False,,,N100_drop0.50_s0.20_c0.05,1.0,0.0,0.0,False,False,1.0068271698186462,1.0170734897113791,-0.08654637964884415,-0.11493045755945958,BSE,True,NSE-trained; BSE current transfer
2026-10-01,SIKA,INE438E01032,1012.65,1012.65,9733523.031746032,2025.3,0.39347380802682624,0.059621955970295605,0.20688739688768226,0.28818553893190485,0.19799965771561293,0.11986421903454902,0.48546759658455985,0.025843337359652413,0.48546759658455985,0.4771354050766166,0.03517963394824588,0.17320574162679425,0.20688739688768226,0.059621955970295605,0.17320574162679425,0.48546759658455985,False,,,N100_drop0.50_s0.20_c0.05,1.0,0.0,0.0,False,False,1.0068271698186462,1.0170734897113791,-0.08654637964884415,-0.11493045755945958,BSE,True,NSE-trained; BSE current transfer
2026-10-01,ASAHIINDIA,INE439A01020,944.5,944.5,13159756.333333334,1889.0,0.29254098939629836,0.035721899771865295,0.14452374810625826,0.24716975749619688,0.17845702269282662,0.052267652347489285,0.4996076468322341,0.01016845529926332,0.4996076468322341,0.4505734507974091,0.043581152038832935,0.1648675171736997,0.14452374810625826,0.035721899771865295,0.1648675171736997,0.4996076468322341,False,,,N100_drop0.50_s0.20_c0.05,1.0,0.0,0.0,False,False,1.0068271698186462,1.0170734897113791,-0.08654637964884415,-0.11493045755945958,BSE,True,NSE-trained; BSE current transfer
2026-10-01,SKIPPER,INE439E01022,541.95,541.95,27413981.507936507,1083.9,0.433728257420706,0.07175150959700996,0.19448949329837273,0.3689222917915345,0.22087592686612376,0.07500267644950556,0.5668932491132318,0.04125562578286354,0.5668932491132318,0.5668411369218904,0.05213262421535864,0.21834496510468593,0.19448949329837273,0.07175150959700996,0.21834496510468593,0.5668932491132318,False,,,N100_drop0.50_s0.20_c0.05,1.0,0.0,0.0,False,False,1.0068271698186462,1.0170734897113791,-0.08654637964884415,-0.11493045755945958,BSE,True,NSE-trained; BSE current transfer
2026-10-01,SEIL,INE440T01028,186.4,186.4,9694701.53968254,372.8,0.3361901052870022,0.04505873998488523,0.21219286256115358,0.2123480471540337,0.16873047291475907,0.1565831641382703,0.4755273561656659,0.014414700266453575,0.4755273561656659,0.4794460116196079,0.02934731936982609,0.17320574162679425,0.21219286256115358,0.04505873998488523,0.17320574162679425,0.4755273561656659,False,,,N100_drop0.50_s0.20_c0.05,1.0,0.0,0.0,False,False,1.0068271698186462,1.0170734897113791,-0.08654637964884415,-0.11493045755945958,BSE,True,NSE-trained; BSE current transfer
2026-10-01,ASHOKA,INE442H01029,105.65,105.65,15142477.095238095,211.3,0.24159805901514983,0.026419357380562097,0.2445357065932874,0.10803885350168047,0.1534250151992036,0.0361559981437681,0.42182598838220287,0.048010527712988596,0.42182598838220287,0.4501677711712748,0.044734075714775806,0.1648675171736997,0.2445357065932874,0.026419357380562097,0.1648675171736997,0.42182598838220287,False,,,N100_drop0.50_s0.20_c0.05,1.0,0.0,0.0,False,False,1.0068271698186462,1.0170734897113791,-0.08654637964884415,-0.11493045755945958,BSE,True,NSE-trained; BSE current transfer
2026-10-01,XPROINDIA,INE445C01015,1136.4,1136.4,7474770.698412699,2272.8,0.42009680695489904,0.06744742629571344,0.22145008082561163,0.3045716941906524,0.220385098101528,0.13145143881460938,0.535926309179679,0.04046746405691644,0.535926309179679,0.5720733011601474,0.06557480442179318,0.22131147540983606,0.22145008082561163,0.06744742629571344,0.22131147540983606,0.535926309179679,False,,,N100_drop0.50_s0.20_c0.05,1.0,0.0,0.0,False,False,1.0068271698186462,1.0170734897113791,-0.08654637964884415,-0.11493045755945958,BSE,True,NSE-trained; BSE current transfer
2026-10-01,PITTIENG,INE450D01021,1123.75,1123.75,10047878.492063493,2247.5,0.4353297925336217,0.07227123180703188,0.16764570634395795,0.43109503597278725,0.21727769734240826,0.08162515974212392,0.5899105325848404,0.06260326924855684,0.5899105325848404,0.5613267699145582,0.048551563498536024,0.21834496510468593,0.16764570634395795,0.07227123180703188,0.21834496510468593,0.5899105325848404,False,,,N100_drop0.50_s0.20_c0.05,1.0,0.0,0.0,False,False,1.0068271698186462,1.0170734897113791,-0.08654637964884415,-0.11493045755945958,BSE,True,NSE-trained; BSE current transfer
2026-10-01,ROUTE,INE450U01017,437.5,437.5,31647917.682539683,875.0,0.2727423313327325,0.03191734340838,0.2449878878586695,0.13028131181241384,0.16619007621138202,0.003268242106662711,0.453611943180013,0.05268339473422286,0.453611943180013,0.4820720222029764,0.040235094340058904,0.17320574162679425,0.2449878878586695,0.03191734340838,0.17320574162679425,0.453611943180013,False,,,N100_drop0.50_s0.20_c0.05,1.0,0.0,0.0,False,False,1.0068271698186462,1.0170734897113791,-0.08654637964884415,-0.11493045755945958,BSE,True,NSE-trained; BSE current transfer
2026-10-01,RAJRATAN,INE451D01029,452.75,452.75,5346971.365079365,905.5,0.4243761923347535,0.06877596052336707,0.18979773388067492,0.3623644978111606,0.2098213807372869,0.08919498536933332,0.5481178187330299,0.0365400016313822,0.5481178187330299,0.559127867733281,0.0437594396102487,0.21834496510468593,0.18979773388067492,0.06877596052336707,0.21834496510468593,0.5481178187330299,False,,,N100_drop0.50_s0.20_c0.05,1.0,0.0,0.0,False,False,1.0068271698186462,1.0170734897113791,-0.08654637964884415,-0.11493045755945958,BSE,True,NSE-trained; BSE current transfer
2026-10-01,TRANSRAILL,INE454P01035,475.8,475.8,35851955.34920635,951.6,0.3780516931259431,0.05541328718901174,0.269428830066651,0.20566947930295232,0.19902058420661295,0.04896327014494556,0.433709819205972,0.07319155805921151,0.433709819205972,0.47039698423143417,0.04872042748645016,0.17320574162679425,0.269428830066651,0.05541328718901174,0.17320574162679425,0.433709819205972,False,,,N100_drop0.50_s0.20_c0.05,1.0,0.0,0.0,False,False,1.0068271698186462,1.0170734897113791,-0.08654637964884415,-0.11493045755945958,BSE,True,NSE-trained; BSE current transfer
2026-10-01,KSCL,INE455I01029,715.25,715.25,30753567.15873016,1430.5,0.31356353359989475,0.04004761009383809,0.2505811995969377,0.1598188936690185,0.1959154331322665,0.09301558224200898,0.42071178038875584,0.06411946824535963,0.42071178038875584,0.4513913047564,0.04480039928268383,0.1648675171736997,0.2505811995969377,0.04004761009383809,0.1648675171736997,0.42071178038875584,False,,,N100_drop0.50_s0.20_c0.05,1.0,0.0,0.0,False,False,1.0068271698186462,1.0170734897113791,-0.08654637964884415,-0.11493045755945958,BSE,True,NSE-trained; BSE current transfer
2026-10-01,MEDIASSIST,INE456Z01021,298.95,298.95,6391618.952380952,597.9,0.24372546130076905,0.02677697556469239,0.229471161284583,0.11668993791984353,0.16202429892984987,0.011905670937380847,0.43677935610748303,0.04137273367778739,0.43677935610748303,0.40973964018857906,0.06260290056830817,0.1578542883492161,0.229471161284583,0.02677697556469239,0.1578542883492161,0.43677935610748303,False,,,N100_drop0.50_s0.20_c0.05,1.0,0.0,0.0,False,False,1.0068271698186462,1.0170734897113791,-0.08654637964884415,-0.11493045755945958,BSE,True,NSE-trained; BSE current transfer
2026-10-01,MAHABANK,INE457A01014,80.4,80.4,81155270.31746031,160.8,0.33971773033834624,0.0458752040142063,0.1594701708855654,0.28767263344268945,0.19359844915957264,0.08378143966679727,0.5273044392740204,0.04939821158633727,0.5273044392740204,0.5368013803222705,0.04171995128503643,0.21568627450980393,0.1594701708855654,0.0458752040142063,0.21568627450980393,0.5273044392740204,False,,,N100_drop0.50_s0.20_c0.05,1.0,0.0,0.0,False,False,1.0068271698186462,1.0170734897113791,-0.08654637964884415,-0.11493045755945958,BSE,True,NSE-trained; BSE current transfer
2026-10-01,ORIRAIL,INE457G01029,124.1,124.1,8014589.317460317,248.2,0.3686503582986224,0.052956315459816494,0.2532861179034319,0.20907705443220012,0.19179541305200232,0.106248442603153,0.477272593880453,0.028246393503789227,0.477272593880453,0.516533280708902,0.03149821698483573,0.19197207678883071,0.2532861179034319,0.052956315459816494,0.19197207678883071,0.477272593880453,False,,,N100_drop0.50_s0.20_c0.05,1.0,0.0,0.0,False,False,1.0068271698186462,1.0170734897113791,-0.08654637964884415,-0.11493045755945958,BSE,True,NSE-trained; BSE current transfer
2026-10-01,PGEL,INE457L01029,481.65,481.65,71984014.66666667,963.3,0.304600010022429,0.03816582872382861,0.17582430944085375,0.21706798590707596,0.18383836080347785,0.04824751687994097,0.49254161214562986,0.0817231045722321,0.49254161214562986,0.48487923201304844,0.09875305912837065,0.17320574162679425,0.17582430944085375,0.03816582872382861,0.17320574162679425,0.49254161214562986,False,,,N100_drop0.50_s0.20_c0.05,1.0,0.0,0.0,False,False,1.0068271698186462,1.0170734897113791,-0.08654637964884415,-0.11493045755945958,BSE,True,NSE-trained; BSE current transfer
2026-10-01,BHAGYANGR,INE458B01036,402.85,402.85,6101129.714285715,805.7,0.5006591243643835,0.09632300734711309,0.2503359096368835,0.38477503082490744,0.2638103706526111,0.1657427185091217,0.5684318421416967,0.08521223735228058,0.5684318421416967,0.5917510364438597,0.0734050276854117,0.24014598540145982,0.2503359096368835,0.09632300734711309,0.24014598540145982,0.5684318421416967,False,,,N100_drop0.50_s0.20_c0.05,1.0,0.0,0.0,False,False,1.0068271698186462,1.0170734897113791,-0.08654637964884415,-0.11493045755945958,BSE,True,NSE-trained; BSE current transfer
2026-10-01,STARCEMENT,INE460H01021,178.6,178.6,6387684.079365079,357.2,0.25049222591902065,0.0279315454316716,0.19165175617497504,0.1457411400194556,0.17827969262915774,0.020621182841224578,0.45846733339155693,0.03322248454144287,0.45846733339155693,0.41675054810926576,0.06752734204151213,0.1578542883492161,0.19165175617497504,0.0279315454316716,0.1578542883492161,0.45846733339155693,False,,,N100_drop0.50_s0.20_c0.05,1.0,0.0,0.0,False,False,1.0068271698186462,1.0170734897113791,-0.08654637964884415,-0.11493045755945958,BSE,True,NSE-trained; BSE current transfer
2026-10-01,HLEGLAS,INE461D01028,441.9,441.9,12406848.761904761,883.8,0.39867627421807894,0.06109376435799086,0.3203165275375922,0.19072935395386653,0.21808150935119774,0.04565722606970857,0.509975763314576,0.0019255040564605268,0.509975763314576,0.5364489639072414,0.03316465326476166,0.21568627450980393,0.3203165275375922,0.06109376435799086,0.21568627450980393,0.509975763314576,False,,,N100_drop0.50_s0.20_c0.05,1.0,0.0,0.0,False,False,1.0068271698186462,1.0170734897113791,-0.08654637964884415,-0.11493045755945958,BSE,True,NSE-trained; BSE current transfer
2026-10-01,BERGEPAINT,INE463A01038,452.3,452.3,24459365.698412698,904.6,0.31726419818742385,0.04084122805365273,0.17079127192474133,0.23912948005709153,0.18129889141262068,0.045173531585116194,0.47359294263230406,0.07089614299830552,0.47359294263230406,0.42424170942212097,0.11608572788916417,0.1578542883492161,0.17079127192474133,0.04084122805365273,0.1578542883492161,0.47359294263230406,False,,,N100_drop0.50_s0.20_c0.05,1.0,0.0,0.0,False,False,1.0068271698186462,1.0170734897113791,-0.08654637964884415,-0.11493045755945958,BSE,True,NSE-trained; BSE current transfer
2026-10-01,BHARATFORG,INE465A01025,1866.1,1866.1,141584318.15873015,3732.2,0.33685187925002047,0.04521116159488344,0.15612690805512652,0.2895795616404568,0.2094777489589999,0.05408721364353769,0.5803343936638151,0.061706420338296555,0.5803343936638151,0.5534455795560078,0.07186776374048214,0.21834496510468593,0.15612690805512652,0.04521116159488344,0.21834496510468593,0.5803343936638151,False,,,N100_drop0.50_s0.20_c0.05,1.0,0.0,0.0,False,False,1.0068271698186462,1.0170734897113791,-0.08654637964884415,-0.11493045755945958,BSE,True,NSE-trained; BSE current transfer
2026-10-01,360ONE,INE466L01038,1045.0,1045.0,309614727.6031746,2090.0,0.25431925693266655,0.028596183534191726,0.14340068520627372,0.19941455295738472,0.17999066321104204,0.05692834346019145,0.48772351210803483,0.06912577316800401,0.48772351210803483,0.43083884765475816,0.09488298872039168,0.1578542883492161,0.14340068520627372,0.028596183534191726,0.1578542883492161,0.48772351210803483,False,,,N100_drop0.50_s0.20_c0.05,1.0,0.0,0.0,False,False,1.0068271698186462,1.0170734897113791,-0.08654637964884415,-0.11493045755945958,BSE,True,NSE-trained; BSE current transfer
2026-10-01,NIACL,INE470Y01017,160.25,160.25,72555287.65079366,320.5,0.3901427465236308,0.058693604625854615,0.2782575738193854,0.2109326399286157,0.21415981969857112,0.05277832772404106,0.5103724028989833,0.07707721932592576,0.5103724028989833,0.5390595988589246,0.10862928897218105,0.21834496510468593,0.2782575738193854,0.058693604625854615,0.21834496510468593,0.5103724028989833,False,,,N100_drop0.50_s0.20_c0.05,1.0,0.0,0.0,False,False,1.0068271698186462,1.0170734897113791,-0.08654637964884415,-0.11493045755945958,BSE,True,NSE-trained; BSE current transfer
2026-10-01,BLUESTARCO,INE472A01039,1475.0,1475.0,89570648.76190476,2950.0,0.254192011280371,0.02857394798411101,0.19524361247199346,0.14635023201186556,0.19367195573482954,0.0667093911918189,0.45058113722672805,0.07153463031654678,0.45058113722672805,0.410606644778116,0.09934702463716132,0.1578542883492161,0.19524361247199346,0.02857394798411101,0.1578542883492161,0.45058113722672805,False,,,N100_drop0.50_s0.20_c0.05,1.0,0.0,0.0,False,False,1.0068271698186462,1.0170734897113791,-0.08654637964884415,-0.11493045755945958,BSE,True,NSE-trained; BSE current transfer
2026-10-01,HATSUN,INE473B01035,1115.4,1115.4,7713449.19047619,2230.8,0.3878775857825353,0.05806847557350511,0.18219191193257167,0.31872147867352074,0.1861840542753378,0.096911689212668,0.5469626770450243,0.032185053809137616,0.5469626770450243,0.5226868258299652,0.026390415292144784,0.19197207678883071,0.18219191193257167,0.05806847557350511,0.19197207678883071,0.5469626770450243,False,,,N100_drop0.50_s0.20_c0.05,1.0,0.0,0.0,False,False,1.0068271698186462,1.0170734897113791,-0.08654637964884415,-0.11493045755945958,BSE,True,NSE-trained; BSE current transfer
2026-10-01,MEDANTA,INE474Q01031,1358.05,1358.05,50256391.23809524,2716.1,0.36176809181546854,0.05120763709474876,0.14455930510475526,0.3542327286205548,0.2080909757951086,0.08588044206636812,0.5673023711558602,0.06220073233974153,0.5673023711558602,0.5760579462826778,0.0721479307935101,0.23979591836734693,0.14455930510475526,0.05120763709474876,0.23979591836734693,0.5673023711558602,False,,,N100_drop0.50_s0.20_c0.05,1.0,0.0,0.0,False,False,1.0068271698186462,1.0170734897113791,-0.08654637964884415,-0.11493045755945958,BSE,True,NSE-trained; BSE current transfer
2026-10-01,HIKAL,INE475B01022,218.15,218.15,18497557.984126985,436.3,0.435420352510636,0.0723007101026093,0.2537266142790451,0.2849551684124629,0.23069976254767738,0.06382759754778905,0.48966939685607297,0.04654313353597329,0.48966939685607297,0.5369267032910331,0.06390014267532924,0.21834496510468593,0.2537266142790451,0.0723007101026093,0.21834496510468593,0.48966939685607297,False,,,N100_drop0.50_s0.20_c0.05,1.0,0.0,0.0,False,False,1.0068271698186462,1.0170734897113791,-0.08654637964884415,-0.11493045755945958,BSE,True,NSE-trained; BSE current transfer
2026-10-01,CANBK,INE476A01022,118.5,118.5,121698220.63492064,237.0,0.24418605711176505,0.026854737979686325,0.15856553825312544,0.16936049456608204,0.174824579266672,0.06090092908668708,0.4367100041844503,0.08588795245103072,0.4367100041844503,0.3951007013654233,0.11680958727499466,0.1578542883492161,0.15856553825312544,0.026854737979686325,0.1578542883492161,0.4367100041844503,False,,,N100_drop0.50_s0.20_c0.05,1.0,0.0,0.0,False,False,1.0068271698186462,1.0170734897113791,-0.08654637964884415,-0.11493045755945958,BSE,True,NSE-trained; BSE current transfer
2026-10-01,CANFINHOME,INE477A01020,709.3,709.3,20368559.0,1418.6,0.2571697608182665,0.029096780772168603,0.16221860838556545,0.17936771287675338,0.17064824333877396,0.0437190722425357,0.47057822261887744,0.04019387827990819,0.47057822261887744,0.41064963644728886,0.10445392132078662,0.1578542883492161,0.16221860838556545,0.029096780772168603,0.1578542883492161,0.47057822261887744,False,,,N100_drop0.50_s0.20_c0.05,1.0,0.0,0.0,False,False,1.0068271698186462,1.0170734897113791,-0.08654637964884415,-0.11493045755945958,BSE,True,NSE-trained; BSE current transfer
2026-10-01,SDBL,INE480C01038,74.61,74.61,9771814.61904762,149.22,0.36648877044079153,0.05240261156906918,0.2745425357711201,0.1908724687119378,0.1803793457125909,0.08006780168886435,0.4890984827305485,0.024938011415483814,0.4890984827305485,0.4820993214349952,0.013713590274326304,0.17320574162679425,0.2745425357711201,0.05240261156906918,0.17320574162679425,0.4890984827305485,False,,,N100_drop0.50_s0.20_c0.05,1.0,0.0,0.0,False,False,1.0068271698186462,1.0170734897113791,-0.08654637964884415,-0.11493045755945958,BSE,True,NSE-trained; BSE current transfer
2026-10-01,HOMEFIRST,INE481N01025,1125.05,1125.05,33549431.063492063,2250.1,0.32153695842784014,0.04176993576013022,0.14828907621140391,0.28167911505890125,0.1890077067944921,0.05800492655287985,0.5209652197155136,0.05570052839736496,0.5209652197155136,0.48795192885741207,0.07272526673005365,0.17320574162679425,0.14828907621140391,0.04176993576013022,0.17320574162679425,0.5209652197155136,False,,,N100_drop0.50_s0.20_c0.05,1.0,0.0,0.0,False,False,1.0068271698186462,1.0170734897113791,-0.08654637964884415,-0.11493045755945958,BSE,True,NSE-trained; BSE current transfer
2026-10-01,GICRE,INE481Y01014,323.25,323.25,16339309.333333334,646.5,0.2627392650804553,0.030088743117609666,0.16734609067646775,0.17979949812978066,0.17272162780147546,0.051908534462604086,0.45366185835007666,0.06345324193988246,0.45366185835007666,0.4038819675793761,0.0909502799653021,0.1578542883492161,0.16734609067646775,0.030088743117609666,0.1578542883492161,0.45366185835007666,False,,,N100_drop0.50_s0.20_c0.05,1.0,0.0,0.0,False,False,1.0068271698186462,1.0170734897113791,-0.08654637964884415,-0.11493045755945958,BSE,True,NSE-trained; BSE current transfer
2026-10-01,CARYSIL,INE482D01024,1044.7,1044.7,7153421.984126984,2089.4,0.4046751488966731,0.06282472311549825,0.18653850663843216,0.33679224867641666,0.19981664100893756,0.07205643132718212,0.555206103948133,0.04012295620787245,0.555206103948133,0.5507043161551036,0.03708846331426838,0.21834496510468593,0.18653850663843216,0.06282472311549825,0.21834496510468593,0.555206103948133,False,,,N100_drop0.50_s0.20_c0.05,1.0,0.0,0.0,False,False,1.0068271698186462,1.0170734897113791,-0.08654637964884415,-0.11493045755945958,BSE,True,NSE-trained; BSE current transfer
2026-10-01,CENTRALBK,INE483A01010,30.01,30.01,18499471.333333332,60.02,0.2421447038811979,0.026511005914450728,0.15297461117420258,0.17330330641769598,0.1927576635400246,0.05351983345995559,0.4189989560544596,0.10960552040386616,0.4189989560544596,0.4017562825379857,0.09171900991841372,0.1578542883492161,0.15297461117420258,0.026511005914450728,0.1578542883492161,0.4189989560544596,False,,,N100_drop0.50_s0.20_c0.05,1.0,0.0,0.0,False,False,1.0068271698186462,1.0170734897113791,-0.08654637964884415,-0.11493045755945958,BSE,True,NSE-trained; BSE current transfer
2026-10-01,ICIL,INE483B01026,444.0,444.0,23450590.38095238,888.0,0.43555409532999884,0.07234426261202366,0.19789304578021183,0.36557253604743734,0.22323478187726975,0.11871283493006696,0.5833463103433708,0.059113285112590334,0.5833463103433708,0.5875651857404993,0.06979745473838915,0.24014598540145982,0.19789304578021183,0.07234426261202366,0.24014598540145982,0.5833463103433708,False,,,N100_drop0.50_s0.20_c0.05,1.0,0.0,0.0,False,False,1.0068271698186462,1.0170734897113791,-0.08654637964884415,-0.11493045755945958,BSE,True,NSE-trained; BSE current transfer
2026-10-01,TANLA,INE483C01032,487.75,487.75,42026252.55555555,975.5,0.3987344789679268,0.06111038374031371,0.24128280655437365,0.2532728486252183,0.20715492478073344,0.020382881591737095,0.5048726001086715,0.06550681998333009,0.5048726001086715,0.5407011923801757,0.06823715715871781,0.21834496510468593,0.24128280655437365,0.06111038374031371,0.21834496510468593,0.5048726001086715,False,,,N100_drop0.50_s0.20_c0.05,1.0,0.0,0.0,False,False,1.0068271698186462,1.0170734897113791,-0.08654637964884415,-0.11493045755945958,BSE,True,NSE-trained; BSE current transfer
2026-10-01,GODREJPROP,INE484J01027,1620.0,1620.0,93377657.55555555,3240.0,0.3233922995961524,0.04217739411704404,0.1987974471258983,0.21216265463576664,0.16974173999124526,0.06820850797545427,0.4724781737214103,0.07811253551155062,0.4724781737214103,0.4630866347001466,0.10125366116553977,0.17320574162679425,0.1987974471258983,0.04217739411704404,0.17320574162679425,0.4724781737214103,False,,,N100_drop0.50_s0.20_c0.05,1.0,0.0,0.0,False,False,1.0068271698186462,1.0170734897113791,-0.08654637964884415,-0.11493045755945958,BSE,True,NSE-trained; BSE current transfer
2026-10-01,CENTENKA,INE485A01015,536.45,536.45,12478342.095238095,1072.9,0.41119704781754307,0.06474877400222052,0.16849939069949868,0.3842671106015647,0.20515092965797369,0.09311742960901342,0.5701749627609947,0.05633757205573952,0.5701749627609947,0.5706528804969646,0.0628059634067004,0.22131147540983606,0.16849939069949868,0.06474877400222052,0.22131147540983606,0.5701749627609947,False,,,N100_drop0.50_s0.20_c0.05,1.0,0.0,0.0,False,False,1.0068271698186462,1.0170734897113791,-0.08654637964884415,-0.11493045755945958,BSE,True,NSE-trained; BSE current transfer
2026-10-01,IOLCP,INE485C01029,209.45,209.45,54937321.20634921,418.9,0.5010086763998245,0.09646832900194958,0.24023025866836842,0.40156610385672353,0.2631813750633766,0.13781374234932467,0.5888861964059379,0.0724334514241358,0.5888861964059379,0.6088452550125816,0.07387714600304643,0.24014598540145982,0.24023025866836842,0.09646832900194958,0.24014598540145982,0.5888861964059379,False,,,N100_drop0.50_s0.20_c0.05,1.0,0.0,0.0,False,False,1.0068271698186462,1.0170734897113791,-0.08654637964884415,-0.11493045755945958,BSE,True,NSE-trained; BSE current transfer
2026-10-01,CESC,INE486A01021,131.5,131.5,33498981.65079365,263.0,0.26360525677767876,0.030244645720735822,0.1697102878039879,0.17821339007843653,0.19295321534838414,0.011147382566164932,0.4753465588164209,0.1060344954540745,0.4753465588164209,0.4117114804140567,0.14761814582258895,0.1578542883492161,0.1697102878039879,0.030244645720735822,0.1578542883492161,0.4753465588164209,False,,,N100_drop0.50_s0.20_c0.05,1.0,0.0,0.0,False,False,1.0068271698186462,1.0170734897113791,-0.08654637964884415,-0.11493045755945958,BSE,True,NSE-trained; BSE current transfer
2026-10-01,CHEMPLASTS,INE488A01050,191.55,191.55,8695841.857142856,383.1,0.35029606301405436,0.04838319622244634,0.29672311655786227,0.1630583986300623,0.17871793425863472,0.07685209825954509,0.45538916774649646,0.05112043517336184,0.45538916774649646,0.4467560770631737,0.0442629991559002,0.1648675171736997,0.29672311655786227,0.04838319622244634,0.1648675171736997,0.45538916774649646,False,,,N100_drop0.50_s0.20_c0.05,1.0,0.0,0.0,False,False,1.0068271698186462,1.0170734897113791,-0.08654637964884415,-0.11493045755945958,BSE,True,NSE-trained; BSE current transfer
2026-10-01,IIFLCAPS,INE489L01022,345.7,345.7,7504184.53968254,691.4,0.33158347128190246,0.04400716308339442,0.13547197322862123,0.324843301788543,0.18549963844179243,0.029259853379524636,0.4931572143485579,0.04402337567447442,0.4931572143485579,0.48779744083281634,0.012696459393115492,0.17320574162679425,0.13547197322862123,0.04400716308339442,0.17320574162679425,0.4931572143485579,False,,,N100_drop0.50_s0.20_c0.05,1.0,0.0,0.0,False,False,1.0068271698186462,1.0170734897113791,-0.08654637964884415,-0.11493045755945958,BSE,True,NSE-trained; BSE current transfer
2026-10-01,MOIL,INE490G01020,232.25,232.25,23884218.507936507,464.5,0.2712312954624888,0.03163718791261985,0.20462744380803,0.15460872365829917,0.16909984717684692,0.022842329854695836,0.45513671905419045,0.06505552321805368,0.45513671905419045,0.4571260181628681,0.05397376384699859,0.17320574162679425,0.20462744380803,0.03163718791261985,0.17320574162679425,0.45513671905419045,False,,,N100_drop0.50_s0.20_c0.05,1.0,0.0,0.0,False,False,1.0068271698186462,1.0170734897113791,-0.08654637964884415,-0.11493045755945958,BSE,True,NSE-trained; BSE current transfer
2026-10-01,ASKAUTOLTD,INE491J01022,617.15,617.15,31162511.095238097,1234.3,0.44317451368028643,0.07486110243958818,0.20607110186659167,0.36327802278677823,0.22823819106655147,0.10668803981678476,0.6036106656041359,0.07391533506928358,0.6036106656041359,0.6026972392062064,0.0776647083490922,0.24014598540145982,0.20607110186659167,0.07486110243958818,0.24014598540145982,0.6036106656041359,False,,,N100_drop0.50_s0.20_c0.05,1.0,0.0,0.0,False,False,1.0068271698186462,1.0170734897113791,-0.08654637964884415,-0.11493045755945958,BSE,True,NSE-trained; BSE current transfer
2026-10-01,SUVEN,INE495B01038,308.5,308.5,23590031.57142857,617.0,0.48012482958642055,0.0881188855591651,0.2446043402262145,0.3602507031464412,0.2546260790714046,0.08746190665260192,0.5912187734303229,0.07035321048484507,0.5912187734303229,0.6322569801764254,0.10533308858554809,0.28798185941043086,0.2446043402262145,0.0881188855591651,0.28798185941043086,0.5912187734303229,False,,,N100_drop0.50_s0.20_c0.05,1.0,0.0,0.0,False,False,1.0068271698186462,1.0170734897113791,-0.08654637964884415,-0.11493045755945958,BSE,True,NSE-trained; BSE current transfer
2026-10-01,BECTORFOOD,INE495P01020,212.65,212.65,95978247.31746031,425.3,0.4087696272974,0.06402744362655115,0.20697289880536393,0.3093518233358763,0.2144232970554542,0.1472586881040771,0.5523745897502519,0.0683514083189772,0.5523745897502519,0.561331201577184,0.08784881687552212,0.21834496510468593,0.20697289880536393,0.06402744362655115,0.21834496510468593,0.5523745897502519,False,,,N100_drop0.50_s0.20_c0.05,1.0,0.0,0.0,False,False,1.0068271698186462,1.0170734897113791,-0.08654637964884415,-0.11493045755945958,BSE,True,NSE-trained; BSE current transfer
2026-10-01,SEAMECLTD,INE497B01018,1595.2,1595.2,5463119.936507937,3190.4,0.40348781514798504,0.06247920303920338,0.15850796324511632,0.39417075180371663,0.20490234974626523,0.07579084148197811,0.6174120396189351,0.08855965555505882,0.6174120396189351,0.5806214213572765,0.057002468573730314,0.24014598540145982,0.15850796324511632,0.06247920303920338,0.24014598540145982,0.6174120396189351,False,,,N100_drop0.50_s0.20_c0.05,1.0,0.0,0.0,False,False,1.0068271698186462,1.0170734897113791,-0.08654637964884415,-0.11493045755945958,BSE,True,NSE-trained; BSE current transfer
2026-10-01,GODAVARIB,INE497S01012,229.0,229.0,5107589.714285715,458.0,0.3308824263098445,0.043848568099514165,0.24144998162086537,0.18160518300791167,0.18738553687257048,0.01641743271055679,0.4514121779910261,0.08281481385293996,0.4514121779910261,0.43999827124736157,0.07877308269055147,0.1578542883492161,0.24144998162086537,0.043848568099514165,0.1578542883492161,0.4514121779910261,False,,,N100_drop0.50_s0.20_c0.05,1.0,0.0,0.0,False,False,1.0068271698186462,1.0170734897113791,-0.08654637964884415,-0.11493045755945958,BSE,True,NSE-trained; BSE current transfer
2026-10-01,LTF,INE498L01015,265.0,265.0,127957015.58730158,530.0,0.2837617822391289,0.03400375110658322,0.18214230574389986,0.1866878261352088,0.17759396324017535,0.07994620609684078,0.47263262021898306,0.07462206759104531,0.47263262021898306,0.4456605913441396,0.09669185634483855,0.1648675171736997,0.18214230574389986,0.03400375110658322,0.1648675171736997,0.47263262021898306,False,,,N100_drop0.50_s0.20_c0.05,1.0,0.0,0.0,False,False,1.0068271698186462,1.0170734897113791,-0.08654637964884415,-0.11493045755945958,BSE,True,NSE-trained; BSE current transfer
2026-10-01,VINCOFE,INE498Q01014,178.95,178.95,29376505.0,357.9,0.41069816654891256,0.06460001836917122,0.17437024580313815,0.37047615590393695,0.20724614691200216,0.09181195260224662,0.5509429370118696,0.038448126029978526,0.5509429370118696,0.5215034042204246,0.06235406787277472,0.19197207678883071,0.17437024580313815,0.06460001836917122,0.19197207678883071,0.5509429370118696,False,,,N100_drop0.50_s0.20_c0.05,1.0,0.0,0.0,False,False,1.0068271698186462,1.0170734897113791,-0.08654637964884415,-0.11493045755945958,BSE,True,NSE-trained; BSE current transfer
2026-10-01,DCMSHRIRAM,INE499A01024,904.1,904.1,9371671.42857143,1808.2,0.27645727296159844,0.03261215865472245,0.18256976825214133,0.17862847155331232,0.16591279057378852,0.00042407240150862946,0.47465983855584176,0.05679755802266382,0.47465983855584176,0.45236131867732454,0.06112678198139178,0.17320574162679425,0.18256976825214133,0.03261215865472245,0.17320574162679425,0.47465983855584176,False,,,N100_drop0.50_s0.20_c0.05,1.0,0.0,0.0,False,False,1.0068271698186462,1.0170734897113791,-0.08654637964884415,-0.11493045755945958,BSE,True,NSE-trained; BSE current transfer
2026-10-01,SHK,INE500L01026,137.7,137.7,7109961.904761905,275.4,0.3765578965366392,0.055017522637882066,0.2519438892512984,0.21837212564026706,0.18132298969436553,0.08251737919847996,0.5207595758485101,0.04250920893531466,0.5207595758485101,0.5138679573449336,0.012183033819938445,0.18294117647058825,0.2519438892512984,0.055017522637882066,0.18294117647058825,0.5207595758485101,False,,,N100_drop0.50_s0.20_c0.05,1.0,0.0,0.0,False,False,1.0068271698186462,1.0170734897113791,-0.08654637964884415,-0.11493045755945958,BSE,True,NSE-trained; BSE current transfer
2026-10-01,DEEPAKFERT,INE501A01019,1301.4,1301.4,34162260.38095238,2602.8,0.36883712567595117,0.05300435135222909,0.17906359057556068,0.2960085363074549,0.2030048283463662,0.08185646443845923,0.5389386615974099,0.06507723452777997,0.5389386615974099,0.5549070452465755,0.06322316439054258,0.21834496510468593,0.17906359057556068,0.05300435135222909,0.21834496510468593,0.5389386615974099,False,,,N100_drop0.50_s0.20_c0.05,1.0,0.0,0.0,False,False,1.0068271698186462,1.0170734897113791,-0.08654637964884415,-0.11493045755945958,BSE,True,NSE-trained; BSE current transfer
2026-10-01,AYE,INE501X01029,163.2,163.2,83565987.71428572,326.4,0.412177528677727,0.06504190257885775,0.19882313601432355,0.327134476815475,0.22091540708513355,0.12723632694217893,0.5742005546072797,0.056286063415484075,0.5742005546072797,0.6067786558400857,0.08655414601443097,0.24014598540145982,0.19882313601432355,0.06504190257885775,0.24014598540145982,0.5742005546072797,False,,,N100_drop0.50_s0.20_c0.05,1.0,0.0,0.0,False,False,1.0068271698186462,1.0170734897113791,-0.08654637964884415,-0.11493045755945958,BSE,True,NSE-trained; BSE current transfer
2026-10-01,DCBBANK,INE503A01015,199.45,199.45,25670720.936507937,398.9,0.42094968037952324,0.06771057637967885,0.1793903263061487,0.37744831493379155,0.21483789661066033,0.08441760141098324,0.6017065258443269,0.07338891254988045,0.6017065258443269,0.5800436728252135,0.06654595819526216,0.24014598540145982,0.1793903263061487,0.06771057637967885,0.24014598540145982,0.6017065258443269,False,,,N100_drop0.50_s0.20_c0.05,1.0,0.0,0.0,False,False,1.0068271698186462,1.0170734897113791,-0.08654637964884415,-0.11493045755945958,BSE,True,NSE-trained; BSE current transfer
2026-10-01,DREDGECORP,INE506A01018,895.45,895.45,7390351.507936508,1790.9,0.4248327434984483,0.06891890534546291,0.21838508026392178,0.3155843121799957,0.21750563690545197,0.044033053949297546,0.5419783323299662,0.04954952814887806,0.5419783323299662,0.5625796379603719,0.06335180750821473,0.21834496510468593,0.21838508026392178,0.06891890534546291,0.21834496510468593,0.5419783323299662,False,,,N100_drop0.50_s0.20_c0.05,1.0,0.0,0.0,False,False,1.0068271698186462,1.0170734897113791,-0.08654637964884415,-0.11493045755945958,BSE,True,NSE-trained; BSE current transfer
2026-10-01,RUBICON,INE506V01022,1634.2,1634.2,399064405.1111111,3268.4,0.4197708255285198,0.06734705841397387,0.1752324671032281,0.3843297964543308,0.22195313158339008,0.16380606747804186,0.5980442334558568,0.07814302288136885,0.5980442334558568,0.5961163975136197,0.09463989430020872,0.24014598540145982,0.1752324671032281,0.06734705841397387,0.24014598540145982,0.5980442334558568,False,,,N100_drop0.50_s0.20_c0.05,1.0,0.0,0.0,False,False,1.0068271698186462,1.0170734897113791,-0.08654637964884415,-0.11493045755945958,BSE,True,NSE-trained; BSE current transfer
2026-10-01,TIMETECHNO,INE508G01029,180.3,180.3,28939795.031746034,360.6,0.3403407040426588,0.04602041082168254,0.16810739288082172,0.2737560200835921,0.1901449732243751,0.05697080840442974,0.5058553175273633,0.06946678064319309,0.5058553175273633,0.5178183450896189,0.06707761009992877,0.19197207678883071,0.16810739288082172,0.04602041082168254,0.19197207678883071,0.5058553175273633,False,,,N100_drop0.50_s0.20_c0.05,1.0,0.0,0.0,False,False,1.0068271698186462,1.0170734897113791,-0.08654637964884415,-0.11493045755945958,BSE,True,NSE-trained; BSE current transfer
2026-10-01,CUPID,INE509F01029,312.9,312.9,794171778.8888888,625.8,0.4711766622075827,0.08473894304416657,0.26668528829412863,0.31774884766312095,0.2585674123573713,0.09617749741226153,0.5515328596687122,0.04060416385939989,0.5515328596687122,0.5871808153849051,0.06184370337518793,0.24014598540145982,0.26668528829412863,0.08473894304416657,0.24014598540145982,0.5515328596687122,False,,,N100_drop0.50_s0.20_c0.05,1.0,0.0,0.0,False,False,1.0068271698186462,1.0170734897113791,-0.08654637964884415,-0.11493045755945958,BSE,True,NSE-trained; BSE current transfer
2026-10-01,ENGINERSIN,INE510A01028,312.65,312.65,79156169.01587301,625.3,0.44098865230292983,0.07413200966426794,0.18551249037965922,0.3996065683370086,0.2284042831065314,0.050675713307175574,0.5869988026859438,0.057904067753151905,0.5869988026859438,0.5556351167821963,0.06735375939847303,0.21834496510468593,0.18551249037965922,0.07413200966426794,0.21834496510468593,0.5869988026859438,False,,,N100_drop0.50_s0.20_c0.05,1.0,0.0,0.0,False,False,1.0068271698186462,1.0170734897113791,-0.08654637964884415,-0.11493045755945958,BSE,True,NSE-trained; BSE current transfer
2026-10-01,POONAWALLA,INE511C01022,432.95,432.95,60843425.38095238,865.9,0.36456072932496875,0.051912204973868385,0.18761930785542916,0.2766890335927982,0.19032659881650393,0.06819406744218962,0.4903251859029918,0.07455281227938287,0.4903251859029918,0.4825523168867576,0.08336919307699354,0.17320574162679425,0.18761930785542916,0.051912204973868385,0.17320574162679425,0.4903251859029918,False,,,N100_drop0.50_s0.20_c0.05,1.0,0.0,0.0,False,False,1.0068271698186462,1.0170734897113791,-0.08654637964884415,-0.11493045755945958,BSE,True,NSE-trained; BSE current transfer
2026-10-01,UFLEX,INE516A01017,649.45,649.45,16294295.26984127,1298.9,0.45846522073740686,0.08012796998781381,0.1979262032171715,0.4048376045484721,0.24606762454396583,0.060452102480558656,0.6464250645598848,0.10573036929486102,0.6464250645598848,0.6525320932758483,0.1143913506301581,0.28798185941043086,0.1979262032171715,0.08012796998781381,0.28798185941043086,0.6464250645598848,False,,,N100_drop0.50_s0.20_c0.05,1.0,0.0,0.0,False,False,1.0068271698186462,1.0170734897113791,-0.08654637964884415,-0.11493045755945958,BSE,True,NSE-trained; BSE current transfer
2026-10-01,TTML,INE517B01013,34.82,34.82,12915175.07936508,69.64,0.2890547361110808,0.035033568897516895,0.23978090420994383,0.14610658431266368,0.1639126488981598,0.08427224014203427,0.4321601237647748,0.05938422390059611,0.4321601237647748,0.4324712109884811,0.047350500751376604,0.1578542883492161,0.23978090420994383,0.035033568897516895,0.1578542883492161,0.4321601237647748,False,,,N100_drop0.50_s0.20_c0.05,1.0,0.0,0.0,False,False,1.0068271698186462,1.0170734897113791,-0.08654637964884415,-0.11493045755945958,BSE,True,NSE-trained; BSE current transfer
2026-10-01,GPPL,INE517F01014,165.8,165.8,17664958.904761903,331.6,0.27347042736379656,0.0320528426072047,0.14508524039780082,0.22092421337498472,0.18145131251340207,0.05199695530689198,0.4904443180366201,0.01549709342951262,0.4904443180366201,0.3988089953803969,0.10857050211469296,0.1578542883492161,0.14508524039780082,0.0320528426072047,0.1578542883492161,0.4904443180366201,False,,,N100_drop0.50_s0.20_c0.05,1.0,0.0,0.0,False,False,1.0068271698186462,1.0170734897113791,-0.08654637964884415,-0.11493045755945958,BSE,True,NSE-trained; BSE current transfer
2026-10-01,ZENSARTECH,INE520A01027,433.35,433.35,144440203.85714287,866.7,0.26585225043388927,0.030651276050069103,0.293185672827057,0.10454561355100574,0.169692338157964,0.04643624510025873,0.44016055539362925,0.04765139063052678,0.44016055539362925,0.452913433051172,0.0331091489031859,0.17320574162679425,0.293185672827057,0.030651276050069103,0.17320574162679425,0.44016055539362925,False,,,N100_drop0.50_s0.20_c0.05,1.0,0.0,0.0,False,False,1.0068271698186462,1.0170734897113791,-0.08654637964884415,-0.11493045755945958,BSE,True,NSE-trained; BSE current transfer
2026-10-01,MANAPPURAM,INE522D01027,308.2,308.2,80355457.3968254,616.4,0.331672306218006,0.04402728682275229,0.1562009782023166,0.2818630672448588,0.18698373165451762,0.05907036796328409,0.5294070730931596,0.068867738810031,0.5294070730931596,0.528934730129798,0.06911149553201272,0.19605077574047955,0.1562009782023166,0.04402728682275229,0.19605077574047955,0.5294070730931596,False,,,N100_drop0.50_s0.20_c0.05,1.0,0.0,0.0,False,False,1.0068271698186462,1.0170734897113791,-0.08654637964884415,-0.11493045755945958,BSE,True,NSE-trained; BSE current transfer
2026-10-01,COALINDIA,INE522F01014,421.5,421.5,420515026.74603176,843.0,0.24144253284399064,0.02639331304589143,0.11619565377002637,0.22714544124110608,0.1826821703576318,0.04667686491973836,0.45546132294863045,0.07874148634668753,0.45546132294863045,0.3840499877957515,0.13107925262038211,0.1578542883492161,0.11619565377002637,0.02639331304589143,0.1578542883492161,0.45546132294863045,False,,,N100_drop0.50_s0.20_c0.05,1.0,0.0,0.0,False,False,1.0068271698186462,1.0170734897113791,-0.08654637964884415,-0.11493045755945958,BSE,True,NSE-trained; BSE current transfer
2026-10-01,GABRIEL,INE524A01029,1315.8,1315.8,89025732.71428572,2631.6,0.4207415711206397,0.0676462910633897,0.227260158367742,0.2976601422319154,0.225631981833151,0.07245538095960857,0.5842795192196757,0.06197674740420944,0.5842795192196757,0.5958241743431731,0.08254631969497908,0.24014598540145982,0.227260158367742,0.0676462910633897,0.24014598540145982,0.5842795192196757,False,,,N100_drop0.50_s0.20_c0.05,1.0,0.0,0.0,False,False,1.0068271698186462,1.0170734897113791,-0.08654637964884415,-0.11493045755945958,BSE,True,NSE-trained; BSE current transfer
2026-10-01,YESBANK,INE528G01035,20.7,20.7,90852056.31746031,41.4,0.27269306436225227,0.031908186687483124,0.1623568996468561,0.19653114069612623,0.18669824779012673,0.05427198610610111,0.484525918247727,0.06395326480194456,0.484525918247727,0.4372547544493585,0.09707777202275689,0.1578542883492161,0.1623568996468561,0.031908186687483124,0.1578542883492161,0.484525918247727,False,,,N100_drop0.50_s0.20_c0.05,1.0,0.0,0.0,False,False,1.0068271698186462,1.0170734897113791,-0.08654637964884415,-0.11493045755945958,BSE,True,NSE-trained; BSE current transfer
2026-10-01,FMGOETZE,INE529A01010,444.0,444.0,48355947.50793651,888.0,0.38910488726599635,0.058406565531047006,0.22263117759780987,0.2623467483811287,0.20907778453015777,0.06352584210845405,0.5373267711103609,0.09209649348633951,0.5373267711103609,0.5675480242125097,0.10391526777953955,0.21834496510468593,0.22263117759780987,0.058406565531047006,0.21834496510468593,0.5373267711103609,False,,,N100_drop0.50_s0.20_c0.05,1.0,0.0,0.0,False,False,1.0068271698186462,1.0170734897113791,-0.08654637964884415,-0.11493045755945958,BSE,True,NSE-trained; BSE current transfer
2026-10-01,IIFL,INE530B01024,584.4,584.4,72537922.93650794,1168.8,0.3586581880792984,0.05043095167229514,0.1657179772191418,0.3043179292829912,0.19590888556926106,0.04589478101542545,0.5615746298879468,0.06728480612099755,0.5615746298879468,0.5645146997164836,0.06993248509690286,0.21834496510468593,0.1657179772191418,0.05043095167229514,0.21834496510468593,0.5615746298879468,False,,,N100_drop0.50_s0.20_c0.05,1.0,0.0,0.0,False,False,1.0068271698186462,1.0170734897113791,-0.08654637964884415,-0.11493045755945958,BSE,True,NSE-trained; BSE current transfer
2026-10-01,HINDCOPPER,INE531E01026,461.95,461.95,401565449.6666667,923.9,0.3645360461981244,0.05190594781283728,0.24716136709012557,0.2100083375647868,0.18550009862175584,0.05245595199860564,0.49782227395793205,0.03313059876284257,0.49782227395793205,0.5244318945504179,0.02224596412284137,0.19605077574047955,0.24716136709012557,0.05190594781283728,0.19605077574047955,0.49782227395793205,False,,,N100_drop0.50_s0.20_c0.05,1.0,0.0,0.0,False,False,1.0068271698186462,1.0170734897113791,-0.08654637964884415,-0.11493045755945958,BSE,True,NSE-trained; BSE current transfer
2026-10-01,NUVAMA,INE531F01023,1703.05,1703.05,45361580.12698413,3406.1,0.4043195258647144,0.06272108273023172,0.1676646179220421,0.3740865753762951,0.20428690891348703,0.09124266742501924,0.5631416003017641,0.047131611160143326,0.5631416003017641,0.5679824576453982,0.05871144546415956,0.21834496510468593,0.1676646179220421,0.06272108273023172,0.21834496510468593,0.5631416003017641,False,,,N100_drop0.50_s0.20_c0.05,1.0,0.0,0.0,False,False,1.0068271698186462,1.0170734897113791,-0.08654637964884415,-0.11493045755945958,BSE,True,NSE-trained; BSE current transfer
2026-10-01,EDELWEISS,INE532F01054,138.55,138.55,50046364.396825396,277.1,0.3911417141902507,0.05897087487464678,0.15388811433124125,0.3832061698261705,0.21012841972655516,0.031365428473163426,0.5585858882142651,0.05487459153097092,0.5585858882142651,0.5343137147449121,0.06598349180111499,0.19605077574047955,0.15388811433124125,0.05897087487464678,0.19605077574047955,0.5585858882142651,False,,,N100_drop0.50_s0.20_c0.05,1.0,0.0,0.0,False,False,1.0068271698186462,1.0170734897113791,-0.08654637964884415,-0.11493045755945958,BSE,True,NSE-trained; BSE current transfer
2026-10-01,GRINDWELL,INE536A01023,1977.25,1977.25,15280994.777777778,3954.5,0.40884017523094496,0.06404831995589562,0.24071773598835494,0.2660722928990743,0.20282510900478107,0.07862468409410484,0.4937901035370745,0.03827719725037653,0.4937901035370745,0.5269795845148272,0.02663892268268437,0.19605077574047955,0.24071773598835494,0.06404831995589562,0.19605077574047955,0.4937901035370745,False,,,N100_drop0.50_s0.20_c0.05,1.0,0.0,0.0,False,False,1.0068271698186462,1.0170734897113791,-0.08654637964884415,-0.11493045755945958,BSE,True,NSE-trained; BSE current transfer
2026-10-01,CIEINDIA,INE536H01010,376.95,376.95,73942295.01587301,753.9,0.2698458140999418,0.03138155058560189,0.17400507190747047,0.18034848203901463,0.1863856963758499,0.0738817595503544,0.4350463990535512,0.09836248788106114,0.4350463990535512,0.4384704006149254,0.09213103643453187,0.1578542883492161,0.17400507190747047,0.03138155058560189,0.1578542883492161,0.4350463990535512,False,,,N100_drop0.50_s0.20_c0.05,1.0,0.0,0.0,False,False,1.0068271698186462,1.0170734897113791,-0.08654637964884415,-0.11493045755945958,BSE,True,NSE-trained; BSE current transfer
2026-10-01,GMMPFAUDLR,INE541A01023,1443.65,1443.65,24045281.984126985,2887.3,0.5127523321281852,0.10146679864498676,0.17247483730114466,0.5882991410962958,0.27782320963142776,0.04097275019146843,0.6478820239882287,0.127102313257588,0.6478820239882287,0.6288379637718625,0.12761637246757349,0.28798185941043086,0.17247483730114466,0.10146679864498676,0.28798185941043086,0.6478820239882287,True,0.792,7.0,N100_drop0.50_s0.20_c0.05,1.0,0.0,0.0,False,False,1.0068271698186462,1.0170734897113791,-0.08654637964884415,-0.11493045755945958,BSE,True,NSE-trained; BSE current transfer
2026-10-01,KPIGREEN,INE542W01025,345.6,345.6,41288776.58730159,691.2,0.3938491791446531,0.05972725198476608,0.2835100368646155,0.2106706790535519,0.21012074594759272,0.05536238298974783,0.4787143707251975,0.05011869991773735,0.4787143707251975,0.49282535157614493,0.05253373312230657,0.17320574162679425,0.2835100368646155,0.05972725198476608,0.17320574162679425,0.4787143707251975,False,,,N100_drop0.50_s0.20_c0.05,1.0,0.0,0.0,False,False,1.0068271698186462,1.0170734897113791,-0.08654637964884415,-0.11493045755945958,BSE,True,NSE-trained; BSE current transfer
2026-10-01,BANDHANBNK,INE545U01014,175.3,175.3,136475943.25396827,350.6,0.3655662607020137,0.052167559882885225,0.20784126818709453,0.25099712072544245,0.19632370281563136,0.10546191774065519,0.49329748851587674,0.04681657612903375,0.49329748851587674,0.4977444047607024,0.06512401481797653,0.18294117647058825,0.20784126818709453,0.052167559882885225,0.18294117647058825,0.49329748851587674,False,,,N100_drop0.50_s0.20_c0.05,1.0,0.0,0.0,False,False,1.0068271698186462,1.0170734897113791,-0.08654637964884415,-0.11493045755945958,BSE,True,NSE-trained; BSE current transfer
2026-10-01,PICCADIL,INE546C01010,580.9,580.9,18615474.92063492,1161.8,0.35941820449621015,0.05061999661371488,0.21712512292260464,0.23313744596823388,0.18877075705190266,0.06929998929886116,0.4951063296830178,0.058434174398923976,0.4951063296830178,0.5041064102526436,0.06824137610139579,0.18294117647058825,0.21712512292260464,0.05061999661371488,0.18294117647058825,0.4951063296830178,False,,,N100_drop0.50_s0.20_c0.05,1.0,0.0,0.0,False,False,1.0068271698186462,1.0170734897113791,-0.08654637964884415,-0.11493045755945958,BSE,True,NSE-trained; BSE current transfer
2026-10-01,HFCL,INE548A01028,237.95,237.95,252629597.8888889,475.9,0.4484762556109049,0.0766538774217241,0.24411774663694774,0.3140037071361463,0.23419595474751448,0.1982234057817375,0.5502379267651815,0.09354881116091956,0.5502379267651815,0.5936814059725034,0.0706153325743434,0.24014598540145982,0.24411774663694774,0.0766538774217241,0.24014598540145982,0.5502379267651815,False,,,N100_drop0.50_s0.20_c0.05,1.0,0.0,0.0,False,False,1.0068271698186462,1.0170734897113791,-0.08654637964884415,-0.11493045755945958,BSE,True,NSE-trained; BSE current transfer
2026-10-01,EMAMILTD,INE548C01032,372.35,372.35,51999142.603174604,744.7,0.24156905796224104,0.026414499850217665,0.21190058756573318,0.12465515152016124,0.1942206833542644,0.04115706986257861,0.4266197612090328,0.0748595234626195,0.4266197612090328,0.41426255731810935,0.07141895457885326,0.1578542883492161,0.21190058756573318,0.026414499850217665,0.1578542883492161,0.4266197612090328,False,,,N100_drop0.50_s0.20_c0.05,1.0,0.0,0.0,False,False,1.0068271698186462,1.0170734897113791,-0.08654637964884415,-0.11493045755945958,BSE,True,NSE-trained; BSE current transfer
2026-10-01,HCC,INE549A01026,20.24,20.24,32391441.936507937,40.48,0.4109497905375915,0.06467501423123291,0.23662602721748718,0.27332164171352524,0.21721712073062535,0.04467415094029476,0.5340294962651693,0.0774834886481525,0.5340294962651693,0.5587479884765904,0.08856576073832625,0.21834496510468593,0.23662602721748718,0.06467501423123291,0.21834496510468593,0.5340294962651693,False,,,N100_drop0.50_s0.20_c0.05,1.0,0.0,0.0,False,False,1.0068271698186462,1.0170734897113791,-0.08654637964884415,-0.11493045755945958,BSE,True,NSE-trained; BSE current transfer
2026-10-01,ARSSBL,INE549H01021,520.95,520.95,6894348.53968254,1041.9,0.29993579374581963,0.037208821878414726,0.1792451205463132,0.20758624706216616,0.17061989626129387,0.037390925102663425,0.4880299334255182,0.014615564765545012,0.4880299334255182,0.46875518105789293,0.023747745846156677,0.17320574162679425,0.1792451205463132,0.037208821878414726,0.17320574162679425,0.4880299334255182,False,,,N100_drop0.50_s0.20_c0.05,1.0,0.0,0.0,False,False,1.0068271698186462,1.0170734897113791,-0.08654637964884415,-0.11493045755945958,BSE,True,NSE-trained; BSE current transfer
2026-10-01,SHUKRAPHAR,INE551C01044,61.84,61.84,24727612.968253966,123.68,0.548946285583137,0.11841303309029155,0.21342995374561663,0.5548098147058868,0.2963569017792499,0.044813659916644266,0.6476280726452951,0.11553043587622477,0.6476280726452951,0.6188675611803186,0.1259827695318538,0.24691358024691357,0.21342995374561663,0.11841303309029155,0.24691358024691357,0.6476280726452951,True,0.7879999999999999,8.0,N100_drop0.50_s0.20_c0.05,1.0,0.0,0.0,False,False,1.0068271698186462,1.0170734897113791,-0.08654637964884415,-0.11493045755945958,BSE,True,NSE-trained; BSE current transfer
2026-10-01,UJJIVANSFB,INE551W01018,65.31,65.31,88400914.57142857,130.62,0.3920163863291637,0.05921444452561899,0.1609610211050802,0.367880646625384,0.2050023065216349,0.08283386221649731,0.5600557849837454,0.04914637520422038,0.5600557849837454,0.5517061595438922,0.057585994197876765,0.21834496510468593,0.1609610211050802,0.05921444452561899,0.21834496510468593,0.5600557849837454,False,,,N100_drop0.50_s0.20_c0.05,1.0,0.0,0.0,False,False,1.0068271698186462,1.0170734897113791,-0.08654637964884415,-0.11493045755945958,BSE,True,NSE-trained; BSE current transfer
2026-10-01,CONFIPET,INE552D01024,86.03,86.03,16937325.65079365,172.06,0.5019632275460393,0.09686617158259135,0.21451451563193016,0.4515599855666502,0.26014165900017705,0.07478768876994143,0.615989335954141,0.07626802051069373,0.615989335954141,0.5995002686221663,0.0783174023309376,0.24014598540145982,0.21451451563193016,0.09686617158259135,0.24014598540145982,0.615989335954141,False,,,N100_drop0.50_s0.20_c0.05,1.0,0.0,0.0,False,False,1.0068271698186462,1.0170734897113791,-0.08654637964884415,-0.11493045755945958,BSE,True,NSE-trained; BSE current transfer
2026-10-01,ABDL,INE552Z01027,679.4,679.4,136472822.80952382,1358.8,0.41532401350935844,0.06598953116993109,0.1795091879746609,0.3676108834008319,0.2282844692121259,0.0797914316160968,0.5495527505450387,0.026887269228489025,0.5495527505450387,0.5606295820539989,0.05694743865799864,0.21834496510468593,0.1795091879746609,0.06598953116993109,0.21834496510468593,0.5495527505450387,False,,,N100_drop0.50_s0.20_c0.05,1.0,0.0,0.0,False,False,1.0068271698186462,1.0170734897113791,-0.08654637964884415,-0.11493045755945958,BSE,True,NSE-trained; BSE current transfer
2026-10-01,IFBIND,INE559A01017,1171.55,1171.55,5380134.793650794,2343.1,0.3301338481876098,0.04367963533410204,0.2012618930728083,0.21702884071700815,0.1688967124415466,0.08165269839876113,0.5201240933896065,0.026881338455544183,0.5201240933896065,0.5091704053726341,0.017109112098148638,0.18294117647058825,0.2012618930728083,0.04367963533410204,0.18294117647058825,0.5201240933896065,False,,,N100_drop0.50_s0.20_c0.05,1.0,0.0,0.0,False,False,1.0068271698186462,1.0170734897113791,-0.08654637964884415,-0.11493045755945958,BSE,True,NSE-trained; BSE current transfer
2026-10-01,LANDMARK,INE559R01029,462.95,462.95,41945063.52380952,925.9,0.4037561525874276,0.06255716370325268,0.24190875749186588,0.25859817706416083,0.21396294048270384,0.10095430182737875,0.5237142406453702,0.0574651756455025,0.5237142406453702,0.5489774722770585,0.08266370820728251,0.21834496510468593,0.24190875749186588,0.06255716370325268,0.21834496510468593,0.5237142406453702,False,,,N100_drop0.50_s0.20_c0.05,1.0,0.0,0.0,False,False,1.0068271698186462,1.0170734897113791,-0.08654637964884415,-0.11493045755945958,BSE,True,NSE-trained; BSE current transfer
2026-10-01,INDIANB,INE562A01011,799.95,799.95,81396329.44444445,1599.9,0.3157178545173683,0.040508406293597136,0.16351870915763592,0.2477294891959187,0.1832682278051459,0.08152550811710586,0.4960571996900304,0.0724758779445028,0.4960571996900304,0.49698032672021286,0.0735402857864776,0.18294117647058825,0.16351870915763592,0.040508406293597136,0.18294117647058825,0.4960571996900304,False,,,N100_drop0.50_s0.20_c0.05,1.0,0.0,0.0,False,False,1.0068271698186462,1.0170734897113791,-0.08654637964884415,-0.11493045755945958,BSE,True,NSE-trained; BSE current transfer
2026-10-01,ASTEC,INE563J01010,708.8,708.8,7296071.349206349,1417.6,0.4180951963914714,0.0668329854042926,0.28036284666958006,0.23838032106678603,0.22061933561770278,0.11396055822860779,0.44256184798101045,0.05839690323770685,0.44256184798101045,0.48387531597511974,0.05708835001321013,0.17320574162679425,0.28036284666958006,0.0668329854042926,0.17320574162679425,0.44256184798101045,False,,,N100_drop0.50_s0.20_c0.05,1.0,0.0,0.0,False,False,1.0068271698186462,1.0170734897113791,-0.08654637964884415,-0.11493045755945958,BSE,True,NSE-trained; BSE current transfer
2026-10-01,IOB,INE565A01014,30.37,30.37,9301485.142857144,60.74,0.24277630053849425,0.026617106180196165,0.15477952645207638,0.17196787450074988,0.1759225556454183,0.03565233985764529,0.44649343180137957,0.05674325509672115,0.44649343180137957,0.4204438672666075,0.05879646732069198,0.1578542883492161,0.15477952645207638,0.026617106180196165,0.1578542883492161,0.44649343180137957,False,,,N100_drop0.50_s0.20_c0.05,1.0,0.0,0.0,False,False,1.0068271698186462,1.0170734897113791,-0.08654637964884415,-0.11493045755945958,BSE,True,NSE-trained; BSE current transfer
2026-10-01,IONEXCHANG,INE570A01022,406.5,406.5,23186898.80952381,813.0,0.40580462350565577,0.06315475616685218,0.20011000642618,0.31560019058891886,0.20889039001739804,0.0868890453841063,0.5257517942325656,0.04048268175705641,0.5257517942325656,0.5212997086587466,0.058325067685357286,0.19197207678883071,0.20011000642618,0.06315475616685218,0.19197207678883071,0.5257517942325656,False,,,N100_drop0.50_s0.20_c0.05,1.0,0.0,0.0,False,False,1.0068271698186462,1.0170734897113791,-0.08654637964884415,-0.11493045755945958,BSE,True,NSE-trained; BSE current transfer
2026-10-01,SAILIFE,INE570L01029,1539.9,1539.9,59870793.603174604,3079.8,0.4245948582427236,0.06884439490542828,0.1598593253718361,0.43065610808312116,0.21571820028555028,0.0928076354990202,0.5989596578724782,0.06608797921766398,0.5989596578724782,0.5992813758733113,0.07346681350965871,0.24014598540145982,0.1598593253718361,0.06884439490542828,0.24014598540145982,0.5989596578724782,False,,,N100_drop0.50_s0.20_c0.05,1.0,0.0,0.0,False,False,1.0068271698186462,1.0170734897113791,-0.08654637964884415,-0.11493045755945958,BSE,True,NSE-trained; BSE current transfer
2026-10-01,IPCALAB,INE571A01038,1940.35,1940.35,82566777.3968254,3880.7,0.34419393859455644,0.0469254251437613,0.13902820154797835,0.3375245066920285,0.201530827245823,0.06563272243845604,0.560264565657706,0.04807593482103706,0.560264565657706,0.5157334476006182,0.0862967770144752,0.18294117647058825,0.13902820154797835,0.0469254251437613,0.18294117647058825,0.560264565657706,False,,,N100_drop0.50_s0.20_c0.05,1.0,0.0,0.0,False,False,1.0068271698186462,1.0170734897113791,-0.08654637964884415,-0.11493045755945958,BSE,True,NSE-trained; BSE current transfer
2026-10-01,JAYBARMARU,INE571B01036,131.2,131.2,8006465.031746032,262.4,0.44483777021221327,0.07541979120104142,0.2558100977864285,0.2948272638713743,0.22575816235158327,0.04448192679568164,0.5275768745898186,0.023297267901094165,0.5275768745898186,0.5602886040190723,0.04881303650743938,0.21834496510468593,0.2558100977864285,0.07541979120104142,0.21834496510468593,0.5275768745898186,False,,,N100_drop0.50_s0.20_c0.05,1.0,0.0,0.0,False,False,1.0068271698186462,1.0170734897113791,-0.08654637964884415,-0.11493045755945958,BSE,True,NSE-trained; BSE current transfer
2026-10-01,FRONTSP,INE572D01014,1416.75,1416.75,11423077.634920634,2833.5,0.40774065405606047,0.06372354637946574,0.25507370170338717,0.24982405459253013,0.20591654700124262,0.07227747369837745,0.4854865536165103,0.03187360651322072,0.4854865536165103,0.5064507490910297,0.018403535215143086,0.18294117647058825,0.25507370170338717,0.06372354637946574,0.18294117647058825,0.4854865536165103,False,,,N100_drop0.50_s0.20_c0.05,1.0,0.0,0.0,False,False,1.0068271698186462,1.0170734897113791,-0.08654637964884415,-0.11493045755945958,BSE,True,NSE-trained; BSE current transfer
2026-10-01,PNBHOUSING,INE572E01012,1090.05,1090.05,102090811.74603175,2180.1,0.3402830862368368,0.046006967962030215,0.14711098971013203,0.31273644513358584,0.1979328241828511,0.05666774908139882,0.5410311410607703,0.05755485353277745,0.5410311410607703,0.5248487896977502,0.06770705027848248,0.19605077574047955,0.14711098971013203,0.046006967962030215,0.19605077574047955,0.5410311410607703,False,,,N100_drop0.50_s0.20_c0.05,1.0,0.0,0.0,False,False,1.0068271698186462,1.0170734897113791,-0.08654637964884415,-0.11493045755945958,BSE,True,NSE-trained; BSE current transfer
2026-10-01,SPANDANA,INE572J01011,216.5,216.5,5292176.936507937,433.0,0.3787050379361718,0.05558703023208332,0.21393140702868121,0.25983576233213346,0.18976135758501125,0.020234785675330824,0.5166937496928705,0.042180088368275775,0.5166937496928705,0.4641188994565823,0.09236664091908538,0.17320574162679425,0.21393140702868121,0.05558703023208332,0.17320574162679425,0.5166937496928705,False,,,N100_drop0.50_s0.20_c0.05,1.0,0.0,0.0,False,False,1.0068271698186462,1.0170734897113791,-0.08654637964884415,-0.11493045755945958,BSE,True,NSE-trained; BSE current transfer
2026-10-01,JKTYRE,INE573A01042,340.35,340.35,27286800.34920635,680.7,0.24507227906739748,0.02700469640506904,0.200673986053889,0.1345699905408626,0.1627839267340184,0.002738717746415348,0.44002041732428226,0.04326658978546761,0.44002041732428226,0.41797197184372975,0.06909537497909267,0.1578542883492161,0.200673986053889,0.02700469640506904,0.1578542883492161,0.44002041732428226,False,,,N100_drop0.50_s0.20_c0.05,1.0,0.0,0.0,False,False,1.0068271698186462,1.0170734897113791,-0.08654637964884415,-0.11493045755945958,BSE,True,NSE-trained; BSE current transfer
2026-10-01,STARHEALTH,INE575P01011,537.45,537.45,49354331.603174604,1074.9,0.3177686730355568,0.04095018276301976,0.13878035653260246,0.295071894799461,0.18089272508884657,0.04476272781510214,0.4921434505145928,0.07623341809553212,0.4921434505145928,0.45766203633812835,0.08875037217067046,0.17320574162679425,0.13878035653260246,0.04095018276301976,0.17320574162679425,0.4921434505145928,False,,,N100_drop0.50_s0.20_c0.05,1.0,0.0,0.0,False,False,1.0068271698186462,1.0170734897113791,-0.08654637964884415,-0.11493045755945958,BSE,True,NSE-trained; BSE current transfer
2026-10-01,LXCHEM,INE576O01020,181.9,181.9,19381953.793650795,363.8,0.4508391049480882,0.07746416130688383,0.1942659828172285,0.3987530919387185,0.23357293358296727,0.08242268031893707,0.6003315815683742,0.06676905691091277,0.6003315815683742,0.591771618093713,0.07508795956229816,0.24014598540145982,0.1942659828172285,0.07746416130688383,0.24014598540145982,0.6003315815683742,False,,,N100_drop0.50_s0.20_c0.05,1.0,0.0,0.0,False,False,1.0068271698186462,1.0170734897113791,-0.08654637964884415,-0.11493045755945958,BSE,True,NSE-trained; BSE current transfer
2026-10-01,JYOTIRES,INE577D01013,837.25,837.25,7912977.968253968,1674.5,0.30332555601057576,0.03790284609076627,0.18140496003837098,0.20894051674633937,0.16902803575213848,0.022918992065777855,0.4871075843200327,0.008450133963999072,0.4871075843200327,0.455191654035572,0.05314454671452969,0.17320574162679425,0.18140496003837098,0.03790284609076627,0.17320574162679425,0.4871075843200327,False,,,N100_drop0.50_s0.20_c0.05,1.0,0.0,0.0,False,False,1.0068271698186462,1.0170734897113791,-0.08654637964884415,-0.11493045755945958,BSE,True,NSE-trained; BSE current transfer
2026-10-01,VIMTALABS,INE579C01029,583.7,583.7,13219045.031746032,1167.4,0.4058617387010836,0.06317148034536567,0.2219296342724084,0.2846464400866159,0.20968741731323975,0.08666392583145291,0.5638873184773352,0.05037163360119173,0.5638873184773352,0.5626186669889299,0.06981659742628349,0.21834496510468593,0.2219296342724084,0.06317148034536567,0.21834496510468593,0.5638873184773352,False,,,N100_drop0.50_s0.20_c0.05,1.0,0.0,0.0,False,False,1.0068271698186462,1.0170734897113791,-0.08654637964884415,-0.11493045755945958,BSE,True,NSE-trained; BSE current transfer
2026-10-01,RADHIKAJWE,INE583V01021,68.96,68.96,9379944.57142857,137.92,0.40433300681876844,0.06272500915098159,0.27232489727561077,0.23033152597685455,0.2060153240756849,0.06920065985862056,0.5282333879509479,0.034454116882178476,0.5282333879509479,0.5460113702203114,0.05875526697793257,0.21834496510468593,0.27232489727561077,0.06272500915098159,0.21834496510468593,0.5282333879509479,False,,,N100_drop0.50_s0.20_c0.05,1.0,0.0,0.0,False,False,1.0068271698186462,1.0170734897113791,-0.08654637964884415,-0.11493045755945958,BSE,True,NSE-trained; BSE current transfer
2026-10-01,NMDC,INE584A01023,75.0,75.0,82300996.44444445,150.0,0.2619574560247583,0.02994838246998311,0.15325018933149354,0.1954215038860549,0.17259627838621786,0.04941707854070547,0.453637057664906,0.10468888053343264,0.453637057664906,0.41556062314528924,0.12190759387129795,0.1578542883492161,0.15325018933149354,0.02994838246998311,0.1578542883492161,0.453637057664906,False,,,N100_drop0.50_s0.20_c0.05,1.0,0.0,0.0,False,False,1.0068271698186462,1.0170734897113791,-0.08654637964884415,-0.11493045755945958,BSE,True,NSE-trained; BSE current transfer
2026-10-01,TCIEXP,INE586V01016,505.3,505.3,12188695.888888888,1010.6,0.33443829147856763,0.04465690724112865,0.2420088912763946,0.18452589491898744,0.16975077607412706,0.10109844948760319,0.45279674270443687,0.048373549581948026,0.45279674270443687,0.45981657701617157,0.03934278503656894,0.17320574162679425,0.2420088912763946,0.04465690724112865,0.17320574162679425,0.45279674270443687,False,,,N100_drop0.50_s0.20_c0.05,1.0,0.0,0.0,False,False,1.0068271698186462,1.0170734897113791,-0.08654637964884415,-0.11493045755945958,BSE,True,NSE-trained; BSE current transfer
2026-10-01,NLCINDIA,INE589A01014,253.0,253.0,32152525.603174604,506.0,0.2864227883415329,0.03451920771024351,0.18465345854858212,0.18694048831563884,0.2004403408959013,0.004189512732014955,0.4810988315731797,0.10080512325509966,0.4810988315731797,0.46269648784547696,0.11064827159916459,0.17320574162679425,0.18465345854858212,0.03451920771024351,0.17320574162679425,0.4810988315731797,False,,,N100_drop0.50_s0.20_c0.05,1.0,0.0,0.0,False,False,1.0068271698186462,1.0170734897113791,-0.08654637964884415,-0.11493045755945958,BSE,True,NSE-trained; BSE current transfer
2026-10-01,COFORGE,INE591G01025,1825.2,1825.2,335060077.5873016,3650.4,0.37682876583360475,0.055089134084355305,0.16159021015434372,0.340918760064342,0.19968997581497844,0.07953841941056985,0.6094982469226496,0.07752269077133306,0.6094982469226496,0.5890336203570579,0.06678426742221497,0.24014598540145982,0.16159021015434372,0.055089134084355305,0.24014598540145982,0.6094982469226496,False,,,N100_drop0.50_s0.20_c0.05,1.0,0.0,0.0,False,False,1.0068271698186462,1.0170734897113791,-0.08654637964884415,-0.11493045755945958,BSE,True,NSE-trained; BSE current transfer
2026-10-01,THYROCARE,INE594H01019,534.4,534.4,64475169.68253968,1068.8,0.4184564610991983,0.06694355882569947,0.1736859758423963,0.3854286939461621,0.21934926200172797,0.11333986365340222,0.5750558180931753,0.06358921275417098,0.5750558180931753,0.5894252087659472,0.0842026924033187,0.24014598540145982,0.1736859758423963,0.06694355882569947,0.24014598540145982,0.5750558180931753,False,,,N100_drop0.50_s0.20_c0.05,1.0,0.0,0.0,False,False,1.0068271698186462,1.0170734897113791,-0.08654637964884415,-0.11493045755945958,BSE,True,NSE-trained; BSE current transfer
2026-10-01,CAMS,INE596I01020,675.0,675.0,184643382.07936507,1350.0,0.2731219070931987,0.03198794161439253,0.15974109699722644,0.2002486662211161,0.18602217052440337,0.047843023051065164,0.4696372740043999,0.08295682867651488,0.4696372740043999,0.4080026957189637,0.13040786234676457,0.1578542883492161,0.15974109699722644,0.03198794161439253,0.1578542883492161,0.4696372740043999,False,,,N100_drop0.50_s0.20_c0.05,1.0,0.0,0.0,False,False,1.0068271698186462,1.0170734897113791,-0.08654637964884415,-0.11493045755945958,BSE,True,NSE-trained; BSE current transfer
2026-10-01,ALGOQUANT,INE598D01035,67.49,67.49,24121789.063492063,134.98,0.3932722823150584,0.059565482862772495,0.17707951585043416,0.33637703704296895,0.20059652137123357,0.07249954271852228,0.5436732336303948,0.036061213365420425,0.5436732336303948,0.506754624828574,0.04931084615976538,0.18294117647058825,0.17707951585043416,0.059565482862772495,0.18294117647058825,0.5436732336303948,False,,,N100_drop0.50_s0.20_c0.05,1.0,0.0,0.0,False,False,1.0068271698186462,1.0170734897113791,-0.08654637964884415,-0.11493045755945958,BSE,True,NSE-trained; BSE current transfer
2026-10-01,JUSTDIAL,INE599M01018,652.85,652.85,91645909.8888889,1305.7,0.38317773475663036,0.05678711413965845,0.22092986057963115,0.25703684413990885,0.2128289875619669,0.23381481479265004,0.5310358041938511,0.058172117902368314,0.5310358041938511,0.5633299684155803,0.0739492311367102,0.21834496510468593,0.22092986057963115,0.05678711413965845,0.21834496510468593,0.5310358041938511,False,,,N100_drop0.50_s0.20_c0.05,1.0,0.0,0.0,False,False,1.0068271698186462,1.0170734897113791,-0.08654637964884415,-0.11493045755945958,BSE,True,NSE-trained; BSE current transfer
2026-10-01,DYCL,INE600Y01019,428.0,428.0,39062065.0,856.0,0.44965957694436376,0.07705879103896904,0.21469740241457014,0.358918133951953,0.23854954588901972,0.08969702011064967,0.6173906224939387,0.09450925946036051,0.6173906224939387,0.6378585051679236,0.11389922099754113,0.28798185941043086,0.21469740241457014,0.07705879103896904,0.28798185941043086,0.6173906224939387,False,,,N100_drop0.50_s0.20_c0.05,1.0,0.0,0.0,False,False,1.0068271698186462,1.0170734897113791,-0.08654637964884415,-0.11493045755945958,BSE,True,NSE-trained; BSE current transfer
2026-10-01,PCBL,INE602A01031,321.8,321.8,54305236.12698413,643.6,0.4152241693093005,0.06595929745504822,0.21266940361076897,0.31014944479633755,0.21632477073732734,0.11717535218660899,0.5318756758713975,0.05197664008551429,0.5318756758713975,0.5473526568040605,0.05544290575586935,0.21834496510468593,0.21266940361076897,0.06595929745504822,0.21834496510468593,0.5318756758713975,False,,,N100_drop0.50_s0.20_c0.05,1.0,0.0,0.0,False,False,1.0068271698186462,1.0170734897113791,-0.08654637964884415,-0.11493045755945958,BSE,True,NSE-trained; BSE current transfer
2026-10-01,KITEX,INE602G01020,116.3,116.3,5117697.253968254,232.6,0.25987220588985405,0.029575798307630324,0.22863769477347282,0.12935661522013295,0.17295683023166872,0.03996505262506658,0.4718909048076089,0.019794421853530402,0.4718909048076089,0.43052422964041354,0.055026380477563315,0.1578542883492161,0.22863769477347282,0.029575798307630324,0.1578542883492161,0.4718909048076089,False,,,N100_drop0.50_s0.20_c0.05,1.0,0.0,0.0,False,False,1.0068271698186462,1.0170734897113791,-0.08654637964884415,-0.11493045755945958,BSE,True,NSE-trained; BSE current transfer
2026-10-01,SENCO,INE602W01027,317.4,317.4,49283902.07936508,634.8,0.38107472353155536,0.056220520289866155,0.2213750465041968,0.2539605126127002,0.20373781170236677,0.1070988338454675,0.5034019974653893,0.07465875316652788,0.5034019974653893,0.5272792159348634,0.08429140034601035,0.19605077574047955,0.2213750465041968,0.056220520289866155,0.19605077574047955,0.5034019974653893,False,,,N100_drop0.50_s0.20_c0.05,1.0,0.0,0.0,False,False,1.0068271698186462,1.0170734897113791,-0.08654637964884415,-0.11493045755945958,BSE,True,NSE-trained; BSE current transfer
2026-10-01,EXCELSOFT,INE606N01019,78.45,78.45,5153217.396825396,156.9,0.36425691316476116,0.05183522475469127,0.25701126451682016,0.20168464153561994,0.18269615222095673,0.04992751692998376,0.44508616059178346,0.04389198681173022,0.44508616059178346,0.42324694020335746,0.06651774070054284,0.1578542883492161,0.25701126451682016,0.05183522475469127,0.1578542883492161,0.44508616059178346,False,,,N100_drop0.50_s0.20_c0.05,1.0,0.0,0.0,False,False,1.0068271698186462,1.0170734897113791,-0.08654637964884415,-0.11493045755945958,BSE,True,NSE-trained; BSE current transfer
2026-10-01,RALLIS,INE613A01020,199.75,199.75,13963833.349206349,399.5,0.24925685112756282,0.02771880732743936,0.19460620821804356,0.14243537028573233,0.16665047797054283,0.03351535615125634,0.4355473603988717,0.05185259715398659,0.4355473603988717,0.43473795570706036,0.044943257033714254,0.1578542883492161,0.19460620821804356,0.02771880732743936,0.1578542883492161,0.4355473603988717,False,,,N100_drop0.50_s0.20_c0.05,1.0,0.0,0.0,False,False,1.0068271698186462,1.0170734897113791,-0.08654637964884415,-0.11493045755945958,BSE,True,NSE-trained; BSE current transfer
2026-10-01,MCLOUD,INE613C01026,24.26,24.26,5691868.365079365,48.52,0.27471685001377044,0.03228556909937028,0.28930700628617195,0.11159622269028138,0.14883028629825507,0.04417450763724018,0.46637020052242334,0.11120911626186454,0.46637020052242334,0.44563952765382236,0.06727213349595126,0.1648675171736997,0.28930700628617195,0.03228556909937028,0.1648675171736997,0.46637020052242334,False,,,N100_drop0.50_s0.20_c0.05,1.0,0.0,0.0,False,False,1.0068271698186462,1.0170734897113791,-0.08654637964884415,-0.11493045755945958,BSE,True,NSE-trained; BSE current transfer
2026-10-01,RAMCOIND,INE614A01028,302.6,302.6,10276429.492063493,605.2,0.3826848144115765,0.05665393862024326,0.21471608150131247,0.2638551254480534,0.19679797562605458,0.11789534702911747,0.49791538028815224,0.031686390831555895,0.49791538028815224,0.5220677039883331,0.030660191217964074,0.19197207678883071,0.21471608150131247,0.05665393862024326,0.19197207678883071,0.49791538028815224,False,,,N100_drop0.50_s0.20_c0.05,1.0,0.0,0.0,False,False,1.0068271698186462,1.0170734897113791,-0.08654637964884415,-0.11493045755945958,BSE,True,NSE-trained; BSE current transfer
2026-10-01,KTKBANK,INE614B01018,321.0,321.0,37257009.79365079,642.0,0.4267208883403541,0.06951257671769763,0.13975255852135868,0.49739752497678874,0.21837492727617305,0.05705431649290005,0.6154263893777622,0.08022658329689616,0.6154263893777622,0.6143838576419841,0.08453060594546044,0.24691358024691357,0.13975255852135868,0.06951257671769763,0.24691358024691357,0.6154263893777622,False,,,N100_drop0.50_s0.20_c0.05,1.0,0.0,0.0,False,False,1.0068271698186462,1.0170734897113791,-0.08654637964884415,-0.11493045755945958,BSE,True,NSE-trained; BSE current transfer
2026-10-01,TITAGARH,INE615H01020,805.5,805.5,46111315.15873016,1611.0,0.3401560771903088,0.04597734468032185,0.15949233676546795,0.28827306447914874,0.1972979465682657,0.06279235333394949,0.5248862924065306,0.04965317474493226,0.5248862924065306,0.5205929004226834,0.04278313233810605,0.19197207678883071,0.15949233676546795,0.04597734468032185,0.19197207678883071,0.5248862924065306,False,,,N100_drop0.50_s0.20_c0.05,1.0,0.0,0.0,False,False,1.0068271698186462,1.0170734897113791,-0.08654637964884415,-0.11493045755945958,BSE,True,NSE-trained; BSE current transfer
2026-10-01,GLOBUSSPR,INE615I01010,787.65,787.65,6156419.571428572,1575.3,0.2597701567228876,0.029557631085003852,0.19562233429516618,0.15109538075752438,0.16336476939223105,0.01278032179063679,0.4911141069985114,0.009769576602434013,0.4911141069985114,0.4493810977296378,0.04272263872725323,0.1648675171736997,0.19562233429516618,0.029557631085003852,0.1648675171736997,0.4911141069985114,False,,,N100_drop0.50_s0.20_c0.05,1.0,0.0,0.0,False,False,1.0068271698186462,1.0170734897113791,-0.08654637964884415,-0.11493045755945958,BSE,True,NSE-trained; BSE current transfer
2026-10-01,QUESS,INE615P01015,335.05,335.05,14977121.634920634,670.1,0.4337177859998522,0.07174812137701554,0.18728291165138755,0.3831002024924145,0.22313554424474782,0.09159242457886177,0.6159301282716679,0.08321217049787119,0.6159301282716679,0.6124367667054218,0.0896809112198398,0.24691358024691357,0.18728291165138755,0.07174812137701554,0.24691358024691357,0.6159301282716679,False,,,N100_drop0.50_s0.20_c0.05,1.0,0.0,0.0,False,False,1.0068271698186462,1.0170734897113791,-0.08654637964884415,-0.11493045755945958,BSE,True,NSE-trained; BSE current transfer
2026-10-01,SGFIN,INE618R01015,632.3,632.3,19225669.253968254,1264.6,0.4281434948857212,0.06996254649929677,0.17524768650455624,0.39922094205493447,0.22142165504500333,0.06961814436110575,0.59054015763015,0.06529720495094604,0.59054015763015,0.6009246307764227,0.0743938837764382,0.24014598540145982,0.17524768650455624,0.06996254649929677,0.24014598540145982,0.59054015763015,False,,,N100_drop0.50_s0.20_c0.05,1.0,0.0,0.0,False,False,1.0068271698186462,1.0170734897113791,-0.08654637964884415,-0.11493045755945958,BSE,True,NSE-trained; BSE current transfer
2026-10-01,PATANJALI,INE619A01035,356.0,356.0,152032067.42857143,712.0,0.2838501563505066,0.034020796288439306,0.25373913734932174,0.13407784326784009,0.18768106438961382,0.06697310273892146,0.4509932085906791,0.05113713783287086,0.4509932085906791,0.4657252892410537,0.04165699178144952,0.17320574162679425,0.25373913734932174,0.034020796288439306,0.17320574162679425,0.4509932085906791,False,,,N100_drop0.50_s0.20_c0.05,1.0,0.0,0.0,False,False,1.0068271698186462,1.0170734897113791,-0.08654637964884415,-0.11493045755945958,BSE,True,NSE-trained; BSE current transfer
2026-10-01,NEWGEN,INE619B01017,456.45,456.45,104538485.6984127,912.9,0.31749777495819076,0.04089165210708627,0.27881840531591234,0.14666051927509735,0.16062832390714785,0.08371074193520078,0.44349099259524666,0.04964798110310839,0.44349099259524666,0.49004955547152695,0.03634504121140767,0.17320574162679425,0.27881840531591234,0.04089165210708627,0.17320574162679425,0.44349099259524666,False,,,N100_drop0.50_s0.20_c0.05,1.0,0.0,0.0,False,False,1.0068271698186462,1.0170734897113791,-0.08654637964884415,-0.11493045755945958,BSE,True,NSE-trained; BSE current transfer
2026-10-01,RELIGARE,INE621H01010,224.75,224.75,33970161.809523806,449.5,0.35679018710950705,0.04996840047315723,0.17265779227704636,0.2894071551255447,0.18689279732413794,0.09345002897907534,0.4960664370589811,0.06782180078042815,0.4960664370589811,0.5029565472968368,0.07785341112162993,0.18294117647058825,0.17265779227704636,0.04996840047315723,0.18294117647058825,0.4960664370589811,False,,,N100_drop0.50_s0.20_c0.05,1.0,0.0,0.0,False,False,1.0068271698186462,1.0170734897113791,-0.08654637964884415,-0.11493045755945958,BSE,True,NSE-trained; BSE current transfer
2026-10-01,TEXRAIL,INE621L01012,126.5,126.5,20947515.95238095,253.0,0.42560031901272133,0.06915976044236806,0.1889344578910085,0.36605159913320084,0.2168815575634291,0.0890529258089727,0.5698392089020313,0.042254378714677895,0.5698392089020313,0.5292499032365415,0.041968586791778895,0.19605077574047955,0.1889344578910085,0.06915976044236806,0.19605077574047955,0.5698392089020313,False,,,N100_drop0.50_s0.20_c0.05,1.0,0.0,0.0,False,False,1.0068271698186462,1.0170734897113791,-0.08654637964884415,-0.11493045755945958,BSE,True,NSE-trained; BSE current transfer
2026-10-01,ACMESOLAR,INE622W01025,432.45,432.45,57793525.20634921,864.9,0.4659454619534459,0.08281489697452593,0.16127454341803915,0.5135025976161764,0.23951068629978867,0.09495221007365091,0.5996780244743442,0.06459568400343003,0.5996780244743442,0.5794669288379074,0.06574782810310645,0.24014598540145982,0.16127454341803915,0.08281489697452593,0.24014598540145982,0.5996780244743442,False,,,N100_drop0.50_s0.20_c0.05,1.0,0.0,0.0,False,False,1.0068271698186462,1.0170734897113791,-0.08654637964884415,-0.11493045755945958,BSE,True,NSE-trained; BSE current transfer
2026-10-01,SOLARA,INE624Z01016,716.0,716.0,15769744.238095239,1432.0,0.4547775254240607,0.0788304973759268,0.20464397490409494,0.38520800533155297,0.23221266980693864,0.03852243169008676,0.5924457425007007,0.058767927960782375,0.5924457425007007,0.5849714422209357,0.06592962087669145,0.24014598540145982,0.20464397490409494,0.0788304973759268,0.24014598540145982,0.5924457425007007,False,,,N100_drop0.50_s0.20_c0.05,1.0,0.0,0.0,False,False,1.0068271698186462,1.0170734897113791,-0.08654637964884415,-0.11493045755945958,BSE,True,NSE-trained; BSE current transfer
2026-10-01,WELENT,INE625G01013,720.9,720.9,24850986.174603175,1441.8,0.43494346436409437,0.0721455862938117,0.20307114828147899,0.3552724594525361,0.2163814629277529,0.1137918421189589,0.5771264954899576,0.05577985192422678,0.5771264954899576,0.5787173966246179,0.05650633156477159,0.24014598540145982,0.20307114828147899,0.0721455862938117,0.24014598540145982,0.5771264954899576,False,,,N100_drop0.50_s0.20_c0.05,1.0,0.0,0.0,False,False,1.0068271698186462,1.0170734897113791,-0.08654637964884415,-0.11493045755945958,BSE,True,NSE-trained; BSE current transfer
2026-10-01,SILVERTUC,INE625X01026,139.5,139.5,19292595.317460317,279.0,0.4448408728974438,0.07542083657112704,0.2451182183760846,0.3076916806543075,0.2392203572937158,0.05804649313234783,0.5738124970153705,0.06879139949831635,0.5738124970153705,0.5801226342693346,0.09509319757990804,0.24014598540145982,0.2451182183760846,0.07542083657112704,0.24014598540145982,0.5738124970153705,False,,,N100_drop0.50_s0.20_c0.05,1.0,0.0,0.0,False,False,1.0068271698186462,1.0170734897113791,-0.08654637964884415,-0.11493045755945958,BSE,True,NSE-trained; BSE current transfer
2026-10-01,UPL,INE628A01036,522.0,522.0,58095311.12698413,1044.0,0.24538733326555423,0.02705811422567756,0.2083952851529091,0.12984033782637547,0.17702468052061318,0.027250304482160315,0.43746952713215426,0.06484854594820082,0.43746952713215426,0.41744351160573334,0.07232031661349156,0.1578542883492161,0.2083952851529091,0.02705811422567756,0.1578542883492161,0.43746952713215426,False,,,N100_drop0.50_s0.20_c0.05,1.0,0.0,0.0,False,False,1.0068271698186462,1.0170734897113791,-0.08654637964884415,-0.11493045755945958,BSE,True,NSE-trained; BSE current transfer
2026-10-01,SHANTIGEAR,INE631A01022,572.25,572.25,13616653.793650793,1144.5,0.43650251341510615,0.0726537160015489,0.24433805268419775,0.2973491652380991,0.219582969789557,0.07506733298256862,0.544471991820221,0.04532795524628511,0.544471991820221,0.5692834829413057,0.057799262770901264,0.21834496510468593,0.24433805268419775,0.0726537160015489,0.21834496510468593,0.544471991820221,False,,,N100_drop0.50_s0.20_c0.05,1.0,0.0,0.0,False,False,1.0068271698186462,1.0170734897113791,-0.08654637964884415,-0.11493045755945958,BSE,True,NSE-trained; BSE current transfer
2026-10-01,SPICELOUNG,INE631E01024,27.9,27.9,11943990.698412698,55.8,0.4574810511761288,0.07977996958266563,0.28304164836576545,0.28186653816956503,0.23960143979035414,0.08025646994938024,0.5560152809035342,0.046433369178114525,0.5560152809035342,0.5661911027444853,0.07719835351600514,0.21834496510468593,0.28304164836576545,0.07977996958266563,0.21834496510468593,0.5560152809035342,False,,,N100_drop0.50_s0.20_c0.05,1.0,0.0,0.0,False,False,1.0068271698186462,1.0170734897113791,-0.08654637964884415,-0.11493045755945958,BSE,True,NSE-trained; BSE current transfer
2026-10-01,KNRCON,INE634I01029,113.5,113.5,17592608.492063493,227.0,0.26904429441628197,0.03123420013803867,0.23312800278092002,0.1339787574442129,0.16701528575394614,0.05776089461368733,0.42147568462029117,0.058333119589014756,0.42147568462029117,0.4262903256989205,0.052172059563769906,0.1578542883492161,0.23312800278092002,0.03123420013803867,0.1578542883492161,0.42147568462029117,False,,,N100_drop0.50_s0.20_c0.05,1.0,0.0,0.0,False,False,1.0068271698186462,1.0170734897113791,-0.08654637964884415,-0.11493045755945958,BSE,True,NSE-trained; BSE current transfer
2026-10-01,GULFOILLUB,INE635Q01029,1092.55,1092.55,5510419.825396826,2185.1,0.3370472619217897,0.04525622824048032,0.1581767261171245,0.2861118026110214,0.18549618233432236,0.06475275746536438,0.5344732845255362,0.02419117638904212,0.5344732845255362,0.5001902252038498,0.025295209481796442,0.18294117647058825,0.1581767261171245,0.04525622824048032,0.18294117647058825,0.5344732845255362,False,,,N100_drop0.50_s0.20_c0.05,1.0,0.0,0.0,False,False,1.0068271698186462,1.0170734897113791,-0.08654637964884415,-0.11493045755945958,BSE,True,NSE-trained; BSE current transfer
2026-10-01,ROLEXRINGS,INE645S01024,196.45,196.45,37610344.666666664,392.9,0.47996792424851137,0.08805863175169229,0.18971458421920578,0.46416374425882256,0.24968674349358044,0.09930212289909737,0.616704350958471,0.0782395853599998,0.616704350958471,0.5785296683295796,0.07758347387943033,0.24014598540145982,0.18971458421920578,0.08805863175169229,0.24014598540145982,0.616704350958471,False,,,N100_drop0.50_s0.20_c0.05,1.0,0.0,0.0,False,False,1.0068271698186462,1.0170734897113791,-0.08654637964884415,-0.11493045755945958,BSE,True,NSE-trained; BSE current transfer
2026-10-01,CAPITALSFB,INE646H01017,278.1,278.1,5796738.936507937,556.2,0.3452812441668492,0.04718295940565455,0.12896816307710288,0.3658496661493619,0.19481538153766284,0.053480553410057176,0.4909908324964483,0.027525776845873935,0.4909908324964483,0.47424688146866156,0.05150898447687432,0.17320574162679425,0.12896816307710288,0.04718295940565455,0.17320574162679425,0.4909908324964483,False,,,N100_drop0.50_s0.20_c0.05,1.0,0.0,0.0,False,False,1.0068271698186462,1.0170734897113791,-0.08654637964884415,-0.11493045755945958,BSE,True,NSE-trained; BSE current transfer
2026-10-01,ABFRL,INE647O01011,44.51,44.51,19439158.031746034,89.02,0.2521449118991917,0.02821752389708771,0.2351726124851019,0.11998643719142797,0.1682835391875307,0.043166336244915865,0.46996247291032106,0.03720702614682823,0.46996247291032106,0.4394093694172039,0.06240895584679168,0.1578542883492161,0.2351726124851019,0.02821752389708771,0.1578542883492161,0.46996247291032106,False,,,N100_drop0.50_s0.20_c0.05,1.0,0.0,0.0,False,False,1.0068271698186462,1.0170734897113791,-0.08654637964884415,-0.11493045755945958,BSE,True,NSE-trained; BSE current transfer
2026-10-01,CLEANMAX,INE647U01026,1299.95,1299.95,48905614.809523806,2599.9,0.44306872429979616,0.0748256824014081,0.21907311929582668,0.3415557446843435,0.2282762079668453,0.09629352971451416,0.5534001243589827,0.032697035709317264,0.5534001243589827,0.5599702364061704,0.0642310191111082,0.21834496510468593,0.21907311929582668,0.0748256824014081,0.21834496510468593,0.5534001243589827,False,,,N100_drop0.50_s0.20_c0.05,1.0,0.0,0.0,False,False,1.0068271698186462,1.0170734897113791,-0.08654637964884415,-0.11493045755945958,BSE,True,NSE-trained; BSE current transfer
2026-10-01,SUDARSCHEM,INE659A01023,1244.1,1244.1,29950745.365079366,2488.2,0.4549838390910764,0.07890262072532311,0.1412905826546388,0.5584421781187453,0.2433486423670877,0.006147424670321491,0.6261689935981195,0.09419836243402761,0.6261689935981195,0.6333538530790076,0.11721534038315057,0.28798185941043086,0.1412905826546388,0.07890262072532311,0.28798185941043086,0.6261689935981195,False,,,N100_drop0.50_s0.20_c0.05,1.0,0.0,0.0,False,False,1.0068271698186462,1.0170734897113791,-0.08654637964884415,-0.11493045755945958,BSE,True,NSE-trained; BSE current transfer
2026-10-01,SPLPETRO,INE663A01033,782.65,782.65,12001588.57142857,1565.3,0.44217657304270086,0.07452751871498359,0.18495579820516356,0.4029477282583669,0.22657275633476529,0.0719963057742821,0.5836339130533684,0.05374441812635857,0.5836339130533684,0.5552594541353866,0.04151964241859851,0.21834496510468593,0.18495579820516356,0.07452751871498359,0.21834496510468593,0.5836339130533684,False,,,N100_drop0.50_s0.20_c0.05,1.0,0.0,0.0,False,False,1.0068271698186462,1.0170734897113791,-0.08654637964884415,-0.11493045755945958,BSE,True,NSE-trained; BSE current transfer
2026-10-01,NAUKRI,INE663F01032,1196.6,1196.6,164374448.74603173,2393.2,0.30712978669896074,0.03869119303470299,0.15900506468339598,0.24333308572115753,0.20058896780745256,0.0863651517602184,0.5348172417937473,0.06782769449875561,0.5348172417937473,0.5122129613014804,0.07665887305133233,0.18294117647058825,0.15900506468339598,0.03869119303470299,0.18294117647058825,0.5348172417937473,False,,,N100_drop0.50_s0.20_c0.05,1.0,0.0,0.0,False,False,1.0068271698186462,1.0170734897113791,-0.08654637964884415,-0.11493045755945958,BSE,True,NSE-trained; BSE current transfer
2026-10-01,SWANCORP,INE665A01038,272.45,272.45,29139346.904761903,544.9,0.2471311891421571,0.027354807374690895,0.21261878127760092,0.128656590026145,0.17972319512770607,0.001642795955472287,0.3955790028674974,0.0847744010842782,0.3955790028674974,0.38220422926298747,0.09614199531153174,0.1578542883492161,0.21261878127760092,0.027354807374690895,0.1578542883492161,0.3955790028674974,False,,,N100_drop0.50_s0.20_c0.05,1.0,0.0,0.0,False,False,1.0068271698186462,1.0170734897113791,-0.08654637964884415,-0.11493045755945958,BSE,True,NSE-trained; BSE current transfer
2026-10-01,VMART,INE665J01013,746.55,746.55,10033936.492063493,1493.1,0.379453703996526,0.05578660772850701,0.19934206497952053,0.27985366628081365,0.19304845291121506,0.14730130859090843,0.5434268598403804,0.037240919568256314,0.5434268598403804,0.5284575909747287,0.020393202238871054,0.19605077574047955,0.19934206497952053,0.05578660772850701,0.19605077574047955,0.5434268598403804,False,,,N100_drop0.50_s0.20_c0.05,1.0,0.0,0.0,False,False,1.0068271698186462,1.0170734897113791,-0.08654637964884415,-0.11493045755945958,BSE,True,NSE-trained; BSE current transfer
2026-10-01,VARROC,INE665L01035,828.35,828.35,32042718.04761905,1656.7,0.441878889975115,0.07442824652274048,0.17236423377306986,0.43180795048658827,0.2255543715621447,0.12116751007544936,0.6039086024606449,0.07517853635493925,0.6039086024606449,0.6041375539470123,0.07784329657154976,0.24014598540145982,0.17236423377306986,0.07442824652274048,0.24014598540145982,0.6039086024606449,False,,,N100_drop0.50_s0.20_c0.05,1.0,0.0,0.0,False,False,1.0068271698186462,1.0170734897113791,-0.08654637964884415,-0.11493045755945958,BSE,True,NSE-trained; BSE current transfer
2026-10-01,BORORENEW,INE666D01022,450.2,450.2,19743298.301587302,900.4,0.36051489536056525,0.05089365713072797,0.22772004718911681,0.22349221229724162,0.18628581753109683,0.04712516919653398,0.5009536972771544,0.055507764095770115,0.5009536972771544,0.48355024145842096,0.06493560207306946,0.17320574162679425,0.22772004718911681,0.05089365713072797,0.17320574162679425,0.5009536972771544,False,,,N100_drop0.50_s0.20_c0.05,1.0,0.0,0.0,False,False,1.0068271698186462,1.0170734897113791,-0.08654637964884415,-0.11493045755945958,BSE,True,NSE-trained; BSE current transfer
2026-10-01,SAKSOFT,INE667G01023,138.95,138.95,11220310.158730159,277.9,0.3998561081094631,0.06143131282723834,0.2229607327313375,0.2755252553877352,0.21247819029003015,0.003788538380051776,0.535084231824657,0.07006129610664305,0.535084231824657,0.5532424920779572,0.07538772290361757,0.21834496510468593,0.2229607327313375,0.06143131282723834,0.21834496510468593,0.535084231824657,False,,,N100_drop0.50_s0.20_c0.05,1.0,0.0,0.0,False,False,1.0068271698186462,1.0170734897113791,-0.08654637964884415,-0.11493045755945958,BSE,True,NSE-trained; BSE current transfer
2026-10-01,TMB,INE668A01016,873.25,873.25,18663288.57142857,1746.5,0.45360766057603874,0.07842257089828328,0.16069937823450234,0.4880079298368179,0.2361166287484933,0.12373061032371074,0.6117686192801252,0.08054955562008344,0.6117686192801252,0.6253844087562104,0.09083607556544872,0.28798185941043086,0.16069937823450234,0.07842257089828328,0.28798185941043086,0.6117686192801252,False,,,N100_drop0.50_s0.20_c0.05,1.0,0.0,0.0,False,False,1.0068271698186462,1.0170734897113791,-0.08654637964884415,-0.11493045755945958,BSE,True,NSE-trained; BSE current transfer
2026-10-01,JYOTHYLAB,INE668F01031,183.05,183.05,31935289.507936507,366.1,0.279774330671151,0.03323988670891781,0.1984610362415583,0.16748822508645797,0.17135923441405101,0.010199158394447239,0.46248772235756036,0.09197809957562358,0.46248772235756036,0.5152458318540883,0.023299033130220758,0.18294117647058825,0.1984610362415583,0.03323988670891781,0.18294117647058825,0.46248772235756036,False,,,N100_drop0.50_s0.20_c0.05,1.0,0.0,0.0,False,False,1.0068271698186462,1.0170734897113791,-0.08654637964884415,-0.11493045755945958,BSE,True,NSE-trained; BSE current transfer
2026-10-01,TECHM,INE669C01036,1539.0,1539.0,247294186.44444445,3078.0,0.2664996380178518,0.030768998754878627,0.13395248347558705,0.22970084582632094,0.17953274253768234,0.04552475511769505,0.5042324059067337,0.04303234831529908,0.5042324059067337,0.433148258516471,0.10880493071950868,0.1578542883492161,0.13395248347558705,0.030768998754878627,0.1578542883492161,0.5042324059067337,False,,,N100_drop0.50_s0.20_c0.05,1.0,0.0,0.0,False,False,1.0068271698186462,1.0170734897113791,-0.08654637964884415,-0.11493045755945958,BSE,True,NSE-trained; BSE current transfer
2026-10-01,LODHA,INE670K01029,1104.75,1104.75,221971031.80952382,2209.5,0.37157727819259645,0.05371268598530081,0.19340137571041677,0.27772649386799475,0.2000231339508981,0.10537742372689168,0.5789317949312718,0.05773755398506816,0.5789317949312718,0.5731912216933809,0.06466416619910098,0.23979591836734693,0.19340137571041677,0.05371268598530081,0.23979591836734693,0.5789317949312718,False,,,N100_drop0.50_s0.20_c0.05,1.0,0.0,0.0,False,False,1.0068271698186462,1.0170734897113791,-0.08654637964884415,-0.11493045755945958,BSE,True,NSE-trained; BSE current transfer
2026-10-01,SOBHA,INE671H01015,1215.4,1215.4,15340091.206349207,2430.8,0.2400316701452761,0.026157669166940338,0.1800598921313093,0.14527204730226523,0.19105874340742554,0.051693034219969236,0.4286561669969266,0.07045545358826098,0.4286561669969266,0.36690623400421246,0.12907555174031182,0.14960629921259844,0.1800598921313093,0.026157669166940338,0.14960629921259844,0.4286561669969266,False,,,N100_drop0.50_s0.20_c0.05,1.0,0.0,0.0,False,False,1.0068271698186462,1.0170734897113791,-0.08654637964884415,-0.11493045755945958,BSE,True,NSE-trained; BSE current transfer
2026-10-01,TATAINVEST,INE672A01026,615.25,615.25,51617900.047619045,1230.5,0.3371490408212581,0.04527971624976433,0.2532836116118504,0.1787708093769373,0.17512124688900832,0.10270735617263746,0.41373004270039554,0.0649064440196967,0.41373004270039554,0.4191743879403778,0.07032191468298193,0.1578542883492161,0.2532836116118504,0.04527971624976433,0.1578542883492161,0.41373004270039554,False,,,N100_drop0.50_s0.20_c0.05,1.0,0.0,0.0,False,False,1.0068271698186462,1.0170734897113791,-0.08654637964884415,-0.11493045755945958,BSE,True,NSE-trained; BSE current transfer
2026-10-01,MUNJALAU,INE672B01032,104.1,104.1,11822077.158730159,208.2,0.43805242997681404,0.07316172766773699,0.19950967488922394,0.3667076682289188,0.2287978451816582,0.10481964073615496,0.5821637770428453,0.06274563447185286,0.5821637770428453,0.5962581471023918,0.08141062785489243,0.24014598540145982,0.19950967488922394,0.07316172766773699,0.24014598540145982,0.5821637770428453,False,,,N100_drop0.50_s0.20_c0.05,1.0,0.0,0.0,False,False,1.0068271698186462,1.0170734897113791,-0.08654637964884415,-0.11493045755945958,BSE,True,NSE-trained; BSE current transfer
2026-10-01,TBOTEK,INE673O01025,1674.35,1674.35,113637537.71428572,3348.7,0.39678313706639945,0.06055506452486755,0.15107498228155825,0.40082787772240913,0.20821393764433296,0.08838563761099864,0.5910837383771662,0.06312307985691193,0.5910837383771662,0.5713943641185263,0.06889213468230887,0.22131147540983606,0.15107498228155825,0.06055506452486755,0.22131147540983606,0.5910837383771662,False,,,N100_drop0.50_s0.20_c0.05,1.0,0.0,0.0,False,False,1.0068271698186462,1.0170734897113791,-0.08654637964884415,-0.11493045755945958,BSE,True,NSE-trained; BSE current transfer
2026-10-01,ABCAPITAL,INE674K01013,375.3,375.3,105254655.31746031,750.6,0.2829611122066795,0.03384955096617656,0.14667090494097854,0.23078572386116983,0.19526067216596477,0.07409157246450679,0.5065649828594209,0.058033803894098006,0.5065649828594209,0.4731297843127678,0.07572533513645635,0.17320574162679425,0.14667090494097854,0.03384955096617656,0.17320574162679425,0.5065649828594209,False,,,N100_drop0.50_s0.20_c0.05,1.0,0.0,0.0,False,False,1.0068271698186462,1.0170734897113791,-0.08654637964884415,-0.11493045755945958,BSE,True,NSE-trained; BSE current transfer
2026-10-01,BBOX,INE676A01027,796.75,796.75,27024972.587301586,1593.5,0.41062287732900893,0.06457759165476978,0.2585467051154874,0.24977147407824954,0.2107085220675664,0.08264199021971816,0.5202294851725254,0.01021861639828788,0.5202294851725254,0.5451477500863836,0.035075970560911045,0.21834496510468593,0.2585467051154874,0.06457759165476978,0.21834496510468593,0.5202294851725254,False,,,N100_drop0.50_s0.20_c0.05,1.0,0.0,0.0,False,False,1.0068271698186462,1.0170734897113791,-0.08654637964884415,-0.11493045755945958,BSE,True,NSE-trained; BSE current transfer
2026-10-01,CSBBANK,INE679A01013,305.0,305.0,9365295.698412698,610.0,0.2898559551125391,0.03519105256070854,0.2496043314873549,0.14098734725880085,0.15673136734407878,0.052054408683800846,0.4329190563185938,0.04555170735367885,0.4329190563185938,0.41782310094792535,0.05913457751819047,0.1578542883492161,0.2496043314873549,0.03519105256070854,0.1578542883492161,0.4329190563185938,False,,,N100_drop0.50_s0.20_c0.05,1.0,0.0,0.0,False,False,1.0068271698186462,1.0170734897113791,-0.08654637964884415,-0.11493045755945958,BSE,True,NSE-trained; BSE current transfer
2026-10-01,AVL,INE679V01027,571.25,571.25,24308206.587301586,1142.5,0.31251317291001757,0.03982415374954967,0.15748085022086095,0.25288251678663026,0.18626209398843527,0.034041038640407625,0.4955805366232042,0.040855681188599224,0.4955805366232042,0.46205415038114306,0.06995386442787144,0.17320574162679425,0.15748085022086095,0.03982415374954967,0.17320574162679425,0.4955805366232042,False,,,N100_drop0.50_s0.20_c0.05,1.0,0.0,0.0,False,False,1.0068271698186462,1.0170734897113791,-0.08654637964884415,-0.11493045755945958,BSE,True,NSE-trained; BSE current transfer
2026-10-01,INDRAMEDCO,INE681B01017,338.75,338.75,6383428.587301588,677.5,0.2315662102528514,0.024766915555412942,0.20410667256183995,0.12134299797528225,0.16429851184344177,0.0197820921417535,0.43209794422027703,0.04680861527986342,0.43209794422027703,0.401279916844097,0.06931187878969199,0.1578542883492161,0.20410667256183995,0.024766915555412942,0.1578542883492161,0.43209794422027703,False,,,N100_drop0.50_s0.20_c0.05,1.0,0.0,0.0,False,False,1.0068271698186462,1.0170734897113791,-0.08654637964884415,-0.11493045755945958,BSE,True,NSE-trained; BSE current transfer
2026-10-01,JLHL,INE682M01020,259.5,259.5,53787727.88888889,519.0,0.3137445974356054,0.04008620998271743,0.15917995469520138,0.2518295099371948,0.17201003151299313,0.031947361358863544,0.49025614882552765,0.08325716219287078,0.49025614882552765,0.4582994039047041,0.12244249537791246,0.17320574162679425,0.15917995469520138,0.04008620998271743,0.17320574162679425,0.49025614882552765,False,,,N100_drop0.50_s0.20_c0.05,1.0,0.0,0.0,False,False,1.0068271698186462,1.0170734897113791,-0.08654637964884415,-0.11493045755945958,BSE,True,NSE-trained; BSE current transfer
2026-10-01,SOUTHBANK,INE683A01023,47.46,47.46,54187132.06349207,94.92,0.35817591564661555,0.05031124793553847,0.1421428053683118,0.3539486068617755,0.20111245290266636,0.05955301042917986,0.5801455028962975,0.051406280646208606,0.5801455028962975,0.5408410069256967,0.044242245739779876,0.21834496510468593,0.1421428053683118,0.05031124793553847,0.21834496510468593,0.5801455028962975,False,,,N100_drop0.50_s0.20_c0.05,1.0,0.0,0.0,False,False,1.0068271698186462,1.0170734897113791,-0.08654637964884415,-0.11493045755945958,BSE,True,NSE-trained; BSE current transfer
2026-10-01,FSL,INE684F01012,250.7,250.7,54590941.333333336,501.4,0.3935045620830604,0.05963057762642223,0.2550383197369055,0.2338102669745332,0.20619869348290973,0.0799564747675709,0.5168587354276636,0.06699052459362574,0.5168587354276636,0.5453774306519413,0.07844657143224606,0.21834496510468593,0.2550383197369055,0.05963057762642223,0.21834496510468593,0.5168587354276636,False,,,N100_drop0.50_s0.20_c0.05,1.0,0.0,0.0,False,False,1.0068271698186462,1.0170734897113791,-0.08654637964884415,-0.11493045755945958,BSE,True,NSE-trained; BSE current transfer
2026-10-01,CEMPRO,INE686A01026,1176.9,1176.9,52693300.71428572,2353.8,0.44660588158952014,0.0760174381897518,0.22246259802060211,0.3417088484362296,0.23047231278835784,0.11872082828905686,0.5496878865322821,0.036653983142571685,0.5496878865322821,0.6044049862485882,0.07861145961634888,0.24014598540145982,0.22246259802060211,0.0760174381897518,0.24014598540145982,0.5496878865322821,False,,,N100_drop0.50_s0.20_c0.05,1.0,0.0,0.0,False,False,1.0068271698186462,1.0170734897113791,-0.08654637964884415,-0.11493045755945958,BSE,True,NSE-trained; BSE current transfer
2026-10-01,UBL,INE686F01025,1188.2,1188.2,105817172.66666667,2376.4,0.24740084117474165,0.02740083963490199,0.19909984350141088,0.13762361211854904,0.18949714717298416,2.056042984449613e-05,0.4555240717497984,0.08423172487905056,0.4555240717497984,0.3958250351175214,0.13052103174350332,0.1578542883492161,0.19909984350141088,0.02740083963490199,0.1578542883492161,0.4555240717497984,False,,,N100_drop0.50_s0.20_c0.05,1.0,0.0,0.0,False,False,1.0068271698186462,1.0170734897113791,-0.08654637964884415,-0.11493045755945958,BSE,True,NSE-trained; BSE current transfer
2026-10-01,TCI,INE688A01022,877.3,877.3,6436472.555555556,1754.6,0.30668791644986015,0.03859910671716785,0.1791117799401421,0.2155028928307641,0.19366726945829701,0.026312902809516564,0.44359565381578675,0.04950706247853381,0.44359565381578675,0.4059466907272822,0.0962917669534098,0.1578542883492161,0.1791117799401421,0.03859910671716785,0.1578542883492161,0.44359565381578675,False,,,N100_drop0.50_s0.20_c0.05,1.0,0.0,0.0,False,False,1.0068271698186462,1.0170734897113791,-0.08654637964884415,-0.11493045755945958,BSE,True,NSE-trained; BSE current transfer
2026-10-01,RESPONIND,INE688D01026,161.3,161.3,15856085.968253968,322.6,0.3510798558723077,0.04857265338291411,0.26757018620694656,0.1815323824805601,0.20000767570147046,0.07850246729572158,0.48311757863582483,0.033800572535280106,0.48311757863582483,0.49713168402309177,0.05251631244520917,0.18294117647058825,0.26757018620694656,0.04857265338291411,0.18294117647058825,0.48311757863582483,False,,,N100_drop0.50_s0.20_c0.05,1.0,0.0,0.0,False,False,1.0068271698186462,1.0170734897113791,-0.08654637964884415,-0.11493045755945958,BSE,True,NSE-trained; BSE current transfer
2026-10-01,TTKPRESTIG,INE690A01028,506.85,506.85,13471153.158730159,1013.7,0.35405194803593304,0.049295698175456176,0.18365726561654394,0.2684113694602213,0.19029023848929158,0.05266580637182469,0.5333725116653557,0.058634355727500455,0.5333725116653557,0.5163153153895252,0.0894281580559159,0.18294117647058825,0.18365726561654394,0.049295698175456176,0.18294117647058825,0.5333725116653557,False,,,N100_drop0.50_s0.20_c0.05,1.0,0.0,0.0,False,False,1.0068271698186462,1.0170734897113791,-0.08654637964884415,-0.11493045755945958,BSE,True,NSE-trained; BSE current transfer
2026-10-01,UCOBANK,INE691A01018,22.98,22.98,9123017.285714285,45.96,0.2470167016304255,0.027335275777638657,0.17157037237463668,0.1593239869990493,0.17664884704161762,0.016778110631381654,0.4309711394398539,0.07468996839828881,0.4309711394398539,0.4069199127658453,0.0763274613861071,0.1578542883492161,0.17157037237463668,0.027335275777638657,0.1578542883492161,0.4309711394398539,False,,,N100_drop0.50_s0.20_c0.05,1.0,0.0,0.0,False,False,1.0068271698186462,1.0170734897113791,-0.08654637964884415,-0.11493045755945958,BSE,True,NSE-trained; BSE current transfer
2026-10-01,UNIONBANK,INE692A01016,168.0,168.0,129876486.22222222,336.0,0.31254081943729173,0.03983002522099268,0.15352303336868464,0.25944006151403426,0.18724914792788397,0.07766445316081272,0.542508656207549,0.04956970045244022,0.542508656207549,0.5028812533923107,0.074591176543533,0.18294117647058825,0.15352303336868464,0.03983002522099268,0.18294117647058825,0.542508656207549,False,,,N100_drop0.50_s0.20_c0.05,1.0,0.0,0.0,False,False,1.0068271698186462,1.0170734897113791,-0.08654637964884415,-0.11493045755945958,BSE,True,NSE-trained; BSE current transfer
2026-10-01,AWL,INE699H01024,175.8,175.8,47649829.952380955,351.6,0.26283342870192644,0.03010567335060224,0.17423009223920893,0.1727926155791085,0.1712097178611021,0.02255652980025913,0.4549112342658108,0.07354157285794866,0.4549112342658108,0.4262027716644057,0.09778477641880046,0.1578542883492161,0.17423009223920893,0.03010567335060224,0.1578542883492161,0.4549112342658108,False,,,N100_drop0.50_s0.20_c0.05,1.0,0.0,0.0,False,False,1.0068271698186462,1.0170734897113791,-0.08654637964884415,-0.11493045755945958,BSE,True,NSE-trained; BSE current transfer
2026-10-01,JUBLPHARMA,INE700A01033,1000.65,1000.65,17443244.873015873,2001.3,0.35695935193354855,0.05001016673455941,0.17070835424912933,0.29295676216042293,0.18613649867307192,0.10016801454681043,0.5019329608041153,0.019321577767724425,0.5019329608041153,0.4735068169699175,0.03526482999899366,0.17320574162679425,0.17070835424912933,0.05001016673455941,0.17320574162679425,0.5019329608041153,False,,,N100_drop0.50_s0.20_c0.05,1.0,0.0,0.0,False,False,1.0068271698186462,1.0170734897113791,-0.08654637964884415,-0.11493045755945958,BSE,True,NSE-trained; BSE current transfer
2026-10-01,RACLGEAR,INE704B01017,1541.15,1541.15,5887906.825396826,3082.3,0.4416634359597411,0.07435646350500469,0.21044069042785526,0.35333691100246645,0.21467968106409055,0.12591850617213735,0.5674945768031777,0.04976743735302631,0.5674945768031777,0.5621781295206895,0.042224058354618864,0.21834496510468593,0.21044069042785526,0.07435646350500469,0.21834496510468593,0.5674945768031777,False,,,N100_drop0.50_s0.20_c0.05,1.0,0.0,0.0,False,False,1.0068271698186462,1.0170734897113791,-0.08654637964884415,-0.11493045755945958,BSE,True,NSE-trained; BSE current transfer
2026-10-01,COCHINSHIP,INE704P01025,1288.45,1288.45,156018514.76190478,2576.9,0.26456412827268466,0.030417796083620562,0.21235499639932562,0.14324031268104018,0.19769524624889656,0.04716115794014045,0.4731867637025707,0.09691111377395685,0.4731867637025707,0.45685558357062456,0.0940932632264592,0.17320574162679425,0.21235499639932562,0.030417796083620562,0.17320574162679425,0.4731867637025707,False,,,N100_drop0.50_s0.20_c0.05,1.0,0.0,0.0,False,False,1.0068271698186462,1.0170734897113791,-0.08654637964884415,-0.11493045755945958,BSE,True,NSE-trained; BSE current transfer
2026-10-01,WALCHANNAG,INE711A01022,196.2,196.2,13128566.857142856,392.4,0.43481494348331434,0.07210382644105742,0.2521574418404227,0.28594764411786894,0.22523072107070927,0.04382479421530466,0.5182522004449169,0.09075033478126572,0.5182522004449169,0.5536085602588295,0.07046842158515992,0.21834496510468593,0.2521574418404227,0.07210382644105742,0.21834496510468593,0.5182522004449169,False,,,N100_drop0.50_s0.20_c0.05,1.0,0.0,0.0,False,False,1.0068271698186462,1.0170734897113791,-0.08654637964884415,-0.11493045755945958,BSE,True,NSE-trained; BSE current transfer
2026-10-01,GSPCROP,INE713R01022,454.5,454.5,7702807.619047619,909.0,0.4116561389172779,0.06488589845987837,0.22476383268456557,0.28868478386796104,0.1975899298568033,0.018306514745233288,0.5668586200174985,0.0739950086727635,0.5668586200174985,0.557486684950086,0.07133911092081732,0.21834496510468593,0.22476383268456557,0.06488589845987837,0.21834496510468593,0.5668586200174985,False,,,N100_drop0.50_s0.20_c0.05,1.0,0.0,0.0,False,False,1.0068271698186462,1.0170734897113791,-0.08654637964884415,-0.11493045755945958,BSE,True,NSE-trained; BSE current transfer
2026-10-01,APOLLO,INE713T01028,394.15,394.15,224296246.65079364,788.3,0.38138812292637914,0.05630469346375075,0.19805990462578527,0.2842811298436851,0.20033889481634898,0.08460178307364202,0.5538319403460911,0.031423534815767915,0.5538319403460911,0.5522488158412199,0.039480063674296344,0.21834496510468593,0.19805990462578527,0.05630469346375075,0.21834496510468593,0.5538319403460911,False,,,N100_drop0.50_s0.20_c0.05,1.0,0.0,0.0,False,False,1.0068271698186462,1.0170734897113791,-0.08654637964884415,-0.11493045755945958,BSE,True,NSE-trained; BSE current transfer
2026-10-01,ANDHRSUGAR,INE715B01021,91.08,91.08,6410397.079365079,182.16,0.41039116816883403,0.06450860912976662,0.17492531032920555,0.368778017362741,0.2008215674094797,0.09367015390825678,0.5778667330207141,0.06223546055903986,0.5778667330207141,0.5438941032038246,0.04696084475491433,0.21834496510468593,0.17492531032920555,0.06450860912976662,0.21834496510468593,0.5778667330207141,False,,,N100_drop0.50_s0.20_c0.05,1.0,0.0,0.0,False,False,1.0068271698186462,1.0170734897113791,-0.08654637964884415,-0.11493045755945958,BSE,True,NSE-trained; BSE current transfer
2026-10-01,WHIRLPOOL,INE716A01013,862.1,862.1,101968730.01587301,1724.2,0.3682344568622017,0.05284945841412588,0.2831288107846799,0.18666224135811463,0.1978438382123245,0.09324023330773995,0.4582335741618952,0.04301306986685195,0.4582335741618952,0.45839539236785765,0.06490178369212671,0.17320574162679425,0.2831288107846799,0.05284945841412588,0.17320574162679425,0.4582335741618952,False,,,N100_drop0.50_s0.20_c0.05,1.0,0.0,0.0,False,False,1.0068271698186462,1.0170734897113791,-0.08654637964884415,-0.11493045755945958,BSE,True,NSE-trained; BSE current transfer
2026-10-01,TIPSMUSIC,INE716B01029,643.7,643.7,21266640.698412698,1287.4,0.40155416631255436,0.061919596784819335,0.1665881149710481,0.3716927632897493,0.20422433033428547,0.10554663242480125,0.5288223485543756,0.03593021687302708,0.5288223485543756,0.5257486856007697,0.06459343113378696,0.19605077574047955,0.1665881149710481,0.061919596784819335,0.19605077574047955,0.5288223485543756,False,,,N100_drop0.50_s0.20_c0.05,1.0,0.0,0.0,False,False,1.0068271698186462,1.0170734897113791,-0.08654637964884415,-0.11493045755945958,BSE,True,NSE-trained; BSE current transfer
2026-10-01,GANDHAR,INE717W01049,282.65,282.65,49141005.047619045,565.3,0.46085286379809315,0.0809775251190786,0.19842060632067776,0.408110461008302,0.24665644717644786,0.09104006876744752,0.6095867619204407,0.07635114897646372,0.6095867619204407,0.6228863598286072,0.10674217620217005,0.26335405059274514,0.19842060632067776,0.0809775251190786,0.26335405059274514,0.6095867619204407,False,,,N100_drop0.50_s0.20_c0.05,1.0,0.0,0.0,False,False,1.0068271698186462,1.0170734897113791,-0.08654637964884415,-0.11493045755945958,BSE,True,NSE-trained; BSE current transfer
2026-10-01,JSWCEMENT,INE718I01012,111.4,111.4,54228137.96825397,222.8,0.2715616416807461,0.031698315456557,0.15865713120848354,0.19979130603908246,0.18732722485949588,0.007460948317611987,0.4705280944798309,0.09821462186443651,0.4705280944798309,0.43958073661826846,0.12888949797169932,0.1578542883492161,0.15865713120848354,0.031698315456557,0.1578542883492161,0.4705280944798309,False,,,N100_drop0.50_s0.20_c0.05,1.0,0.0,0.0,False,False,1.0068271698186462,1.0170734897113791,-0.08654637964884415,-0.11493045755945958,BSE,True,NSE-trained; BSE current transfer
2026-10-01,SHRIRAMFIN,INE721A01047,942.8,942.8,286521596.52380955,1885.6,0.31222277275903787,0.03976251259676058,0.1640280590535527,0.2424128702503193,0.18309507697181165,0.08356344557661029,0.5517334672499851,0.036922219865773154,0.5517334672499851,0.5155585453608894,0.019338783564680304,0.18294117647058825,0.1640280590535527,0.03976251259676058,0.18294117647058825,0.5517334672499851,False,,,N100_drop0.50_s0.20_c0.05,1.0,0.0,0.0,False,False,1.0068271698186462,1.0170734897113791,-0.08654637964884415,-0.11493045755945958,BSE,True,NSE-trained; BSE current transfer
2026-10-01,PRAVEG,INE722B01019,238.0,238.0,5836727.53968254,476.0,0.3679184874176634,0.05276837932632518,0.24841527120187498,0.21242002985977013,0.177983326199839,0.07531965151854791,0.48130881262586794,0.022792851968761605,0.48130881262586794,0.5212209820343491,0.01789548002128162,0.19197207678883071,0.24841527120187498,0.05276837932632518,0.19197207678883071,0.48130881262586794,False,,,N100_drop0.50_s0.20_c0.05,1.0,0.0,0.0,False,False,1.0068271698186462,1.0170734897113791,-0.08654637964884415,-0.11493045755945958,BSE,True,NSE-trained; BSE current transfer
2026-10-01,RGL,INE722H01024,163.25,163.25,8138478.619047619,326.5,0.4643528650671611,0.08223655532793446,0.22677764142632972,0.36263079027854506,0.23667166215420873,0.05420446978257892,0.6004019583947476,0.0640504979202257,0.6004019583947476,0.5817336086388288,0.060817175436189815,0.24014598540145982,0.22677764142632972,0.08223655532793446,0.24014598540145982,0.6004019583947476,False,,,N100_drop0.50_s0.20_c0.05,1.0,0.0,0.0,False,False,1.0068271698186462,1.0170734897113791,-0.08654637964884415,-0.11493045755945958,BSE,True,NSE-trained; BSE current transfer
2026-10-01,NAVA,INE725A01030,552.25,552.25,10438619.031746032,1104.5,0.2922616661286016,0.0356664532387991,0.180087686938576,0.19805048221294638,0.18142982157567936,0.01547652836131655,0.4706780997987942,0.06314120504885708,0.4706780997987942,0.4218182355101423,0.09150411097775568,0.1578542883492161,0.180087686938576,0.0356664532387991,0.1578542883492161,0.4706780997987942,False,,,N100_drop0.50_s0.20_c0.05,1.0,0.0,0.0,False,False,1.0068271698186462,1.0170734897113791,-0.08654637964884415,-0.11493045755945958,BSE,True,NSE-trained; BSE current transfer
2026-10-01,ICICIPRULI,INE726G01019,449.25,449.25,140178414.06349206,898.5,0.27854543600953435,0.033006515929527185,0.205252473777636,0.16080934530068267,0.1636718457698525,0.020561786966960705,0.4582893197911629,0.06815813154674948,0.4582893197911629,0.4643062857829922,0.06247805800038282,0.17320574162679425,0.205252473777636,0.033006515929527185,0.17320574162679425,0.4582893197911629,False,,,N100_drop0.50_s0.20_c0.05,1.0,0.0,0.0,False,False,1.0068271698186462,1.0170734897113791,-0.08654637964884415,-0.11493045755945958,BSE,True,NSE-trained; BSE current transfer
2026-10-01,PRICOLLTD,INE726V01018,735.25,735.25,36638426.809523806,1470.5,0.4067835461526797,0.06344186789528013,0.14836665462773344,0.4276019301942342,0.20448143299069946,0.09092221441615833,0.5771394358096189,0.05676435655689534,0.5771394358096189,0.5812798765783523,0.06333526059319264,0.24014598540145982,0.14836665462773344,0.06344186789528013,0.24014598540145982,0.5771394358096189,False,,,N100_drop0.50_s0.20_c0.05,1.0,0.0,0.0,False,False,1.0068271698186462,1.0170734897113791,-0.08654637964884415,-0.11493045755945958,BSE,True,NSE-trained; BSE current transfer
2026-10-01,GENESYS,INE727B01026,281.4,281.4,18939456.095238097,562.8,0.35144595934535006,0.04866132154640918,0.34733750270680647,0.1400980923948343,0.1852228264898777,0.11426635236479915,0.4367591527917378,0.06860025792148612,0.4367591527917378,0.5268172196796642,0.07220357277799402,0.19605077574047955,0.34733750270680647,0.04866132154640918,0.19605077574047955,0.4367591527917378,False,,,N100_drop0.50_s0.20_c0.05,1.0,0.0,0.0,False,False,1.0068271698186462,1.0170734897113791,-0.08654637964884415,-0.11493045755945958,BSE,True,NSE-trained; BSE current transfer
2026-10-01,WELSPLSOL,INE731F01037,52.57,52.57,5925119.777777778,105.14,0.438961354488535,0.07346097696536302,0.19840116459304938,0.37026484756801975,0.21629450462879024,0.07893953148377927,0.5558700401533309,0.03744276848821623,0.5558700401533309,0.5620808913227262,0.042530794238400144,0.21834496510468593,0.19840116459304938,0.07346097696536302,0.21834496510468593,0.5558700401533309,False,,,N100_drop0.50_s0.20_c0.05,1.0,0.0,0.0,False,False,1.0068271698186462,1.0170734897113791,-0.08654637964884415,-0.11493045755945958,BSE,True,NSE-trained; BSE current transfer
2026-10-01,ACE,INE731H01025,1212.0,1212.0,47550417.571428575,2424.0,0.43229469856327296,0.07128884809146004,0.1615650705979969,0.44123923461674197,0.221434895266922,0.06117498777890108,0.6042568663083503,0.0669487189346007,0.6042568663083503,0.5566225303717399,0.06261110271020762,0.21834496510468593,0.1615650705979969,0.07128884809146004,0.21834496510468593,0.6042568663083503,False,,,N100_drop0.50_s0.20_c0.05,1.0,0.0,0.0,False,False,1.0068271698186462,1.0170734897113791,-0.08654637964884415,-0.11493045755945958,BSE,True,NSE-trained; BSE current transfer
2026-10-01,KIRLOSBROS,INE732A01036,1766.85,1766.85,11211647.285714285,3533.7,0.33989918620587073,0.045917467174063774,0.16201609330438038,0.2834130007554152,0.19460542892500904,0.05770683725168012,0.5190851535104423,0.05154671693118156,0.5190851535104423,0.5214280875828939,0.038908034137796026,0.19197207678883071,0.16201609330438038,0.045917467174063774,0.19197207678883071,0.5190851535104423,False,,,N100_drop0.50_s0.20_c0.05,1.0,0.0,0.0,False,False,1.0068271698186462,1.0170734897113791,-0.08654637964884415,-0.11493045755945958,BSE,True,NSE-trained; BSE current transfer
2026-10-01,ANGELONE,INE732I01021,276.0,276.0,119332823.22222222,552.0,0.29001573986731677,0.03522250960509112,0.17785348335400014,0.19804228143782895,0.193179804828394,0.0762503386294324,0.48327621557755746,0.051364225094738813,0.48327621557755746,0.4555662058900301,0.0766686154011059,0.17320574162679425,0.17785348335400014,0.03522250960509112,0.17320574162679425,0.48327621557755746,False,,,N100_drop0.50_s0.20_c0.05,1.0,0.0,0.0,False,False,1.0068271698186462,1.0170734897113791,-0.08654637964884415,-0.11493045755945958,BSE,True,NSE-trained; BSE current transfer
2026-10-01,NTPC,INE733E01010,316.7,316.7,197988637.41269842,633.4,0.2190276786730579,0.022778316662385747,0.14196082299211335,0.16045494934649118,0.19139301704701356,0.035175771105130926,0.42176807376948316,0.11468973288150609,0.42176807376948316,0.3822021196454399,0.11892394510618778,0.1578542883492161,0.14196082299211335,0.022778316662385747,0.1578542883492161,0.42176807376948316,False,,,N100_drop0.50_s0.20_c0.05,1.0,0.0,0.0,False,False,1.0068271698186462,1.0170734897113791,-0.08654637964884415,-0.11493045755945958,BSE,True,NSE-trained; BSE current transfer
2026-10-01,MODISONLTD,INE737D01021,484.3,484.3,9582390.936507937,968.6,0.544928998813464,0.11640847708724934,0.26538864433813597,0.4386339791499572,0.28914515556918197,0.049677301549218345,0.6290816229816271,0.10894738690853219,0.6290816229816271,0.6810461030387026,0.1283004980567049,0.3988439306358382,0.26538864433813597,0.11640847708724934,0.3988439306358382,0.6290816229816271,False,,,N100_drop0.50_s0.20_c0.05,1.0,0.0,0.0,False,False,1.0068271698186462,1.0170734897113791,-0.08654637964884415,-0.11493045755945958,BSE,True,NSE-trained; BSE current transfer
2026-10-01,FIEMIND,INE737H01014,1798.45,1798.45,10286926.476190476,3596.9,0.32022982330184824,0.04148439993440156,0.21384547623750622,0.19399241295302014,0.17272635730014235,0.011264263198377311,0.4945001037996343,0.04623866368388895,0.4945001037996343,0.48041183197680376,0.05732100371704419,0.17320574162679425,0.21384547623750622,0.04148439993440156,0.17320574162679425,0.4945001037996343,False,,,N100_drop0.50_s0.20_c0.05,1.0,0.0,0.0,False,False,1.0068271698186462,1.0170734897113791,-0.08654637964884415,-0.11493045755945958,BSE,True,NSE-trained; BSE current transfer
2026-10-01,ECLERX,INE738I01010,1802.95,1802.95,47586322.55555555,3605.9,0.3884720707576953,0.058232059579193626,0.19769460278402512,0.2945556366190242,0.2147207090129643,0.13432926093570477,0.5533509343243078,0.0685214708608022,0.5533509343243078,0.5497759588631811,0.09761943587130885,0.21834496510468593,0.19769460278402512,0.058232059579193626,0.21834496510468593,0.5533509343243078,False,,,N100_drop0.50_s0.20_c0.05,1.0,0.0,0.0,False,False,1.0068271698186462,1.0170734897113791,-0.08654637964884415,-0.11493045755945958,BSE,True,NSE-trained; BSE current transfer
2026-10-01,CREDITACC,INE741K01010,1238.9,1238.9,30480118.285714287,2477.8,0.3125943738153442,0.039841400464470586,0.18745667080802278,0.21253658401558176,0.16816091012875434,0.06863472949070859,0.4773945835605426,0.05938047402810736,0.4773945835605426,0.44843992215466805,0.07642877378578966,0.1648675171736997,0.18745667080802278,0.039841400464470586,0.1648675171736997,0.4773945835605426,False,,,N100_drop0.50_s0.20_c0.05,1.0,0.0,0.0,False,False,1.0068271698186462,1.0170734897113791,-0.08654637964884415,-0.11493045755945958,BSE,True,NSE-trained; BSE current transfer
2026-10-01,JINDRILL,INE742C01031,586.5,586.5,56401027.65079365,1173.0,0.4009947600157727,0.06175841377090266,0.18963743712337033,0.325665726703136,0.21532775334327559,0.08806955064681352,0.5456223735452965,0.06939963559310901,0.5456223735452965,0.5572973784760372,0.08303595221948148,0.21834496510468593,0.18963743712337033,0.06175841377090266,0.21834496510468593,0.5456223735452965,False,,,N100_drop0.50_s0.20_c0.05,1.0,0.0,0.0,False,False,1.0068271698186462,1.0170734897113791,-0.08654637964884415,-0.11493045755945958,BSE,True,NSE-trained; BSE current transfer
2026-10-01,ADANIPORTS,INE742F01042,1737.95,1737.95,421826653.1269841,3475.9,0.2551164376882093,0.028735702270261704,0.1327579953095656,0.21645176400303184,0.19389332250300653,0.06312470211656956,0.46502889912742273,0.056875318367747264,0.46502889912742273,0.3884639426014134,0.11343214289674121,0.1578542883492161,0.1327579953095656,0.028735702270261704,0.1578542883492161,0.46502889912742273,False,,,N100_drop0.50_s0.20_c0.05,1.0,0.0,0.0,False,False,1.0068271698186462,1.0170734897113791,-0.08654637964884415,-0.11493045755945958,BSE,True,NSE-trained; BSE current transfer
2026-10-01,RHIM,INE743M01012,384.85,384.85,18763610.19047619,769.7,0.3181720967912935,0.04103744628226946,0.1592427459703138,0.2577037090902697,0.18731006704960157,0.0616622634021709,0.48909068002489225,0.05014918811824762,0.48909068002489225,0.46464513290093085,0.06600019779380951,0.17320574162679425,0.1592427459703138,0.04103744628226946,0.17320574162679425,0.48909068002489225,False,,,N100_drop0.50_s0.20_c0.05,1.0,0.0,0.0,False,False,1.0068271698186462,1.0170734897113791,-0.08654637964884415,-0.11493045755945958,BSE,True,NSE-trained; BSE current transfer
2026-10-01,JINDALSTEL,INE749A01030,1099.0,1099.0,81634436.8888889,2198.0,0.29182695621539756,0.03558026506873597,0.14359453578370568,0.24778286217192827,0.17705659154528364,0.041064154822933616,0.5019446187395072,0.05751008121595326,0.5019446187395072,0.45247474073495914,0.1055433499946804,0.17320574162679425,0.14359453578370568,0.03558026506873597,0.17320574162679425,0.5019446187395072,False,,,N100_drop0.50_s0.20_c0.05,1.0,0.0,0.0,False,False,1.0068271698186462,1.0170734897113791,-0.08654637964884415,-0.11493045755945958,BSE,True,NSE-trained; BSE current transfer
2026-10-01,ORIENTHOT,INE750A01020,140.1,140.1,8627082.682539683,280.2,0.4494798566629794,0.07699718031489555,0.1926936444030013,0.3995833933882268,0.23777445855381227,0.07432762618057662,0.5937850261666561,0.06786509841965804,0.5937850261666561,0.5990114033204154,0.08146339160941178,0.24014598540145982,0.1926936444030013,0.07699718031489555,0.24014598540145982,0.5937850261666561,False,,,N100_drop0.50_s0.20_c0.05,1.0,0.0,0.0,False,False,1.0068271698186462,1.0170734897113791,-0.08654637964884415,-0.11493045755945958,BSE,True,NSE-trained; BSE current transfer
2026-10-01,MARKSANS,INE750C01026,325.2,325.2,71141037.09523809,650.4,0.4248221079497284,0.0689155727171744,0.2111067755077631,0.32644889085826684,0.2256038386373479,0.1320457046705976,0.5903483075516828,0.06462236403210976,0.5903483075516828,0.6127379116879511,0.08326979316202136,0.24691358024691357,0.2111067755077631,0.0689155727171744,0.24691358024691357,0.5903483075516828,False,,,N100_drop0.50_s0.20_c0.05,1.0,0.0,0.0,False,False,1.0068271698186462,1.0170734897113791,-0.08654637964884415,-0.11493045755945958,BSE,True,NSE-trained; BSE current transfer
2026-10-01,POWERGRID,INE752E01010,254.65,254.65,194906102.66666666,509.3,0.22880274837860307,0.024321402360482358,0.15477507936314694,0.15714029972110263,0.1930076612885961,0.03011101956785045,0.4175126284780837,0.11836812385073606,0.4175126284780837,0.37740978376541934,0.12275666636109063,0.1578542883492161,0.15477507936314694,0.024321402360482358,0.1578542883492161,0.4175126284780837,False,,,N100_drop0.50_s0.20_c0.05,1.0,0.0,0.0,False,False,1.0068271698186462,1.0170734897113791,-0.08654637964884415,-0.11493045755945958,BSE,True,NSE-trained; BSE current transfer
2026-10-01,CARERATING,INE752H01013,1604.85,1604.85,16204574.634920634,3209.7,0.3061499582194079,0.038487179943944176,0.14531749272713307,0.26484891269224337,0.17716619452431406,0.056642351225929435,0.4800444194066342,0.04374614162945351,0.4800444194066342,0.4175243656122641,0.10444660126986674,0.1578542883492161,0.14531749272713307,0.038487179943944176,0.1578542883492161,0.4800444194066342,False,,,N100_drop0.50_s0.20_c0.05,1.0,0.0,0.0,False,False,1.0068271698186462,1.0170734897113791,-0.08654637964884415,-0.11493045755945958,BSE,True,NSE-trained; BSE current transfer
2026-10-01,DIVGIITTS,INE753U01022,1137.2,1137.2,9538873.682539683,2274.4,0.4481391982192269,0.07653886308650408,0.21897897878157682,0.3495260755729831,0.22312849455507222,0.10852241764571405,0.6002135018878606,0.07404715236463902,0.6002135018878606,0.6024187475873577,0.0727906872526323,0.24014598540145982,0.21897897878157682,0.07653886308650408,0.24014598540145982,0.6002135018878606,False,,,N100_drop0.50_s0.20_c0.05,1.0,0.0,0.0,False,False,1.0068271698186462,1.0170734897113791,-0.08654637964884415,-0.11493045755945958,BSE,True,NSE-trained; BSE current transfer
2026-10-01,HDBFS,INE756I01012,618.0,618.0,44991503.85714286,1236.0,0.30887258444514193,0.03905573068180685,0.1543085397055185,0.25310155067464557,0.17318445108796404,0.06927204805390945,0.4640166703472029,0.09341717695718761,0.4640166703472029,0.4301418532528389,0.12943226319957354,0.1578542883492161,0.1543085397055185,0.03905573068180685,0.1578542883492161,0.4640166703472029,False,,,N100_drop0.50_s0.20_c0.05,1.0,0.0,0.0,False,False,1.0068271698186462,1.0170734897113791,-0.08654637964884415,-0.11493045755945958,BSE,True,NSE-trained; BSE current transfer
2026-10-01,JIOFIN,INE758E01017,212.0,212.0,306842740.4444444,424.0,0.2165087060749189,0.02238884057266552,0.1886142358859208,0.11870175370117302,0.17183592066296952,0.021715161919870024,0.42802768115640144,0.07821430366201407,0.42802768115640144,0.385478873922703,0.09999302158413416,0.1578542883492161,0.1886142358859208,0.02238884057266552,0.1578542883492161,0.42802768115640144,False,,,N100_drop0.50_s0.20_c0.05,1.0,0.0,0.0,False,False,1.0068271698186462,1.0170734897113791,-0.08654637964884415,-0.11493045755945958,BSE,True,NSE-trained; BSE current transfer
2026-10-01,ETERNAL,INE758T01015,313.5,313.5,534550196.1111111,627.0,0.2694558892735073,0.03130981799000827,0.13962989464701886,0.22423434515336962,0.18081818265114405,0.06690380132403245,0.507232694581999,0.03747141499666652,0.507232694581999,0.4678296236287616,0.04638399689390494,0.17320574162679425,0.13962989464701886,0.03130981799000827,0.17320574162679425,0.507232694581999,False,,,N100_drop0.50_s0.20_c0.05,1.0,0.0,0.0,False,False,1.0068271698186462,1.0170734897113791,-0.08654637964884415,-0.11493045755945958,BSE,True,NSE-trained; BSE current transfer
2026-10-01,MASTEK,INE759A01021,1556.1,1556.1,23898970.84126984,3112.2,0.36619123261263153,0.052326718413674644,0.25779752191402483,0.202976033381444,0.19103713568258468,0.09147668456213304,0.4774450169168784,0.0602072800498064,0.4774450169168784,0.5468896549205614,0.04248057282298132,0.21834496510468593,0.25779752191402483,0.052326718413674644,0.21834496510468593,0.4774450169168784,False,,,N100_drop0.50_s0.20_c0.05,1.0,0.0,0.0,False,False,1.0068271698186462,1.0170734897113791,-0.08654637964884415,-0.11493045755945958,BSE,True,NSE-trained; BSE current transfer
2026-10-01,TBZ,INE760L01018,621.35,621.35,63732674.28571428,1242.7,0.5457603537882431,0.11682062904982979,0.39778755440146857,0.2936759276584308,0.30370579835768136,0.021032513441088807,0.5963597866496132,0.1176702370194222,0.5963597866496132,0.6382592760700226,0.14957799939364214,0.28798185941043086,0.39778755440146857,0.11682062904982979,0.28798185941043086,0.5963597866496132,False,,,N100_drop0.50_s0.20_c0.05,1.0,0.0,0.0,False,False,1.0068271698186462,1.0170734897113791,-0.08654637964884415,-0.11493045755945958,BSE,True,NSE-trained; BSE current transfer
2026-10-01,TARIL,INE763I01026,280.6,280.6,55398840.82539683,561.2,0.29602783417215883,0.036418432585688464,0.23855405208589975,0.1526632319478469,0.17205335688230708,0.04785761976566183,0.47486964543757804,0.025129593685407493,0.47486964543757804,0.4883135551231474,0.008528564584480036,0.17320574162679425,0.23855405208589975,0.036418432585688464,0.17320574162679425,0.47486964543757804,False,,,N100_drop0.50_s0.20_c0.05,1.0,0.0,0.0,False,False,1.0068271698186462,1.0170734897113791,-0.08654637964884415,-0.11493045755945958,BSE,True,NSE-trained; BSE current transfer
2026-10-01,ICICIGI,INE765G01017,1568.7,1568.7,218427020.46031746,3137.4,0.26945186260508436,0.03130907771037657,0.18169179919161751,0.17231970760197654,0.1924457406100862,0.0766344835744503,0.4516776824465576,0.06812635021246628,0.4516776824465576,0.4356227798736471,0.07498438065084831,0.1578542883492161,0.18169179919161751,0.03130907771037657,0.1578542883492161,0.4516776824465576,False,,,N100_drop0.50_s0.20_c0.05,1.0,0.0,0.0,False,False,1.0068271698186462,1.0170734897113791,-0.08654637964884415,-0.11493045755945958,BSE,True,NSE-trained; BSE current transfer
2026-10-01,MAHLOG,INE766P01016,416.4,416.4,11553081.634920634,832.8,0.34713352235741707,0.04762388766054132,0.1391352428818983,0.3422848638066902,0.1962368022443409,0.04635232846643217,0.5513062737678506,0.03713537837546999,0.5513062737678506,0.5203065543883004,0.028842824586608203,0.19197207678883071,0.1391352428818983,0.04762388766054132,0.19197207678883071,0.5513062737678506,False,,,N100_drop0.50_s0.20_c0.05,1.0,0.0,0.0,False,False,1.0068271698186462,1.0170734897113791,-0.08654637964884415,-0.11493045755945958,BSE,True,NSE-trained; BSE current transfer
2026-10-01,AARTIDRUGS,INE767A01016,422.05,422.05,5226451.714285715,844.1,0.3339588634823673,0.04454735145515893,0.15990482319880536,0.2785866652675911,0.17884467577005478,0.0870482641505601,0.522708462723899,0.01626806491290766,0.522708462723899,0.4748989845075404,0.025955555571899123,0.17320574162679425,0.15990482319880536,0.04454735145515893,0.17320574162679425,0.522708462723899,False,,,N100_drop0.50_s0.20_c0.05,1.0,0.0,0.0,False,False,1.0068271698186462,1.0170734897113791,-0.08654637964884415,-0.11493045755945958,BSE,True,NSE-trained; BSE current transfer
2026-10-01,ZYDUSWELL,INE768C01028,493.4,493.4,19404596.507936507,986.8,0.37686829108642506,0.05509958926010232,0.1973324798609336,0.2792220991644798,0.1958533882679231,0.09976812621397108,0.5226905248836657,0.03628287690239256,0.5226905248836657,0.5133084894167849,0.04596580228986865,0.18294117647058825,0.1973324798609336,0.05509958926010232,0.18294117647058825,0.5226905248836657,False,,,N100_drop0.50_s0.20_c0.05,1.0,0.0,0.0,False,False,1.0068271698186462,1.0170734897113791,-0.08654637964884415,-0.11493045755945958,BSE,True,NSE-trained; BSE current transfer
2026-10-01,AARTIIND,INE769A01020,464.8,464.8,44397025.82539683,929.6,0.36008385437799995,0.05078597511351996,0.1573733038834319,0.32271023013622235,0.1911066856000395,0.07170656145922577,0.5354587157384548,0.05788604786517191,0.5354587157384548,0.530002603656068,0.0700278191273877,0.19605077574047955,0.1573733038834319,0.05078597511351996,0.19605077574047955,0.5354587157384548,False,,,N100_drop0.50_s0.20_c0.05,1.0,0.0,0.0,False,False,1.0068271698186462,1.0170734897113791,-0.08654637964884415,-0.11493045755945958,BSE,True,NSE-trained; BSE current transfer
2026-10-01,M&MFIN,INE774D01024,320.1,320.1,149280250.01587301,640.2,0.33338278677693334,0.04441594567458519,0.19591937406079224,0.22670522447056857,0.1867104728935846,0.08639724505333307,0.5060662935610242,0.06712682771701538,0.5060662935610242,0.5067179890684516,0.08343003902270499,0.18294117647058825,0.19591937406079224,0.04441594567458519,0.18294117647058825,0.5060662935610242,False,,,N100_drop0.50_s0.20_c0.05,1.0,0.0,0.0,False,False,1.0068271698186462,1.0170734897113791,-0.08654637964884415,-0.11493045755945958,BSE,True,NSE-trained; BSE current transfer
2026-10-01,MOTHERSON,INE775A01035,157.5,157.5,244250229.42857143,315.0,0.3146177895486206,0.040272691272147866,0.14134693429684766,0.28492086844678055,0.18574051647906073,0.06110080808078047,0.5723151433999264,0.05041327921438195,0.5723151433999264,0.5315593313577617,0.0411003811346479,0.19605077574047955,0.14134693429684766,0.040272691272147866,0.19605077574047955,0.5723151433999264,False,,,N100_drop0.50_s0.20_c0.05,1.0,0.0,0.0,False,False,1.0068271698186462,1.0170734897113791,-0.08654637964884415,-0.11493045755945958,BSE,True,NSE-trained; BSE current transfer
2026-10-01,GMRAIRPORT,INE776C01039,93.66,93.66,184160909.6984127,187.32,0.25755318205308253,0.029164480550522086,0.14742831089346295,0.197821438594636,0.18876390971937484,0.026910401568166514,0.4669403087857024,0.06913650253854503,0.4669403087857024,0.4184300710374694,0.1243473273366296,0.1578542883492161,0.14742831089346295,0.029164480550522086,0.1578542883492161,0.4669403087857024,False,,,N100_drop0.50_s0.20_c0.05,1.0,0.0,0.0,False,False,1.0068271698186462,1.0170734897113791,-0.08654637964884415,-0.11493045755945958,BSE,True,NSE-trained; BSE current transfer
2026-10-01,EXICOM,INE777F01014,151.05,151.05,24406582.904761903,302.1,0.4412808202593208,0.07422912596800989,0.25965316190711185,0.28587799749022336,0.2282612384381591,0.06267793410994132,0.5728587984417145,0.05025567829868845,0.5728587984417145,0.5955405972035462,0.07335214463367698,0.24014598540145982,0.25965316190711185,0.07422912596800989,0.24014598540145982,0.5728587984417145,False,,,N100_drop0.50_s0.20_c0.05,1.0,0.0,0.0,False,False,1.0068271698186462,1.0170734897113791,-0.08654637964884415,-0.11493045755945958,BSE,True,NSE-trained; BSE current transfer
2026-10-01,JMFINANCIL,INE780C01023,123.35,123.35,30620382.873015873,246.7,0.2740809628168448,0.03216671799927608,0.18559777132906832,0.1733141393289895,0.17509648194344146,0.06758232280510623,0.44826616402527275,0.06958145171939602,0.44826616402527275,0.43286956196304976,0.07352279040300314,0.1578542883492161,0.18559777132906832,0.03216671799927608,0.1578542883492161,0.44826616402527275,False,,,N100_drop0.50_s0.20_c0.05,1.0,0.0,0.0,False,False,1.0068271698186462,1.0170734897113791,-0.08654637964884415,-0.11493045755945958,BSE,True,NSE-trained; BSE current transfer
2026-10-01,BOSCH-HCIL,INE782A01015,1969.85,1969.85,10882485.317460317,3939.7,0.47169404651516833,0.08493129181189991,0.1756484586740903,0.4835299578090066,0.2385015378095132,0.0036401950777864844,0.6058259669738267,0.06965006913828124,0.6058259669738267,0.585641124398952,0.07183004798602673,0.24014598540145982,0.1756484586740903,0.08493129181189991,0.24014598540145982,0.6058259669738267,False,,,N100_drop0.50_s0.20_c0.05,1.0,0.0,0.0,False,False,1.0068271698186462,1.0170734897113791,-0.08654637964884415,-0.11493045755945958,BSE,True,NSE-trained; BSE current transfer
2026-10-01,JKLAKSHMI,INE786A01032,477.05,477.05,12676431.53968254,954.1,0.24711149709424976,0.02735144737405958,0.20688071618699141,0.13220878136045155,0.17018974865925895,0.028909048586877678,0.44482975632863414,0.04412612248176279,0.44482975632863414,0.389240149589613,0.08941834556398427,0.1578542883492161,0.20688071618699141,0.02735144737405958,0.1578542883492161,0.44482975632863414,False,,,N100_drop0.50_s0.20_c0.05,1.0,0.0,0.0,False,False,1.0068271698186462,1.0170734897113791,-0.08654637964884415,-0.11493045755945958,BSE,True,NSE-trained; BSE current transfer
2026-10-01,JKPAPER,INE789E01012,382.75,382.75,18763148.126984127,765.5,0.3360651180549121,0.04502999103085702,0.15190427583431954,0.29643662618141686,0.18289490528200125,0.09381403964488115,0.5377566053749193,0.028712816911484543,0.5377566053749193,0.5106525982760245,0.035869988969009274,0.18294117647058825,0.15190427583431954,0.04502999103085702,0.18294117647058825,0.5377566053749193,False,,,N100_drop0.50_s0.20_c0.05,1.0,0.0,0.0,False,False,1.0068271698186462,1.0170734897113791,-0.08654637964884415,-0.11493045755945958,BSE,True,NSE-trained; BSE current transfer
2026-10-01,SHILPAMED,INE790G01031,1063.65,1063.65,85699431.46031746,2127.3,0.5562550344398534,0.12214528136241082,0.15977109230174874,0.7645017606296599,0.30851541211499905,0.026722214349250734,0.6772071526177866,0.12523893849999085,0.6772071526177866,0.6975917121976455,0.14961451594616612,0.44680851063829785,0.15977109230174874,0.12214528136241082,0.44680851063829785,0.6772071526177866,True,0.921,2.0,N100_drop0.50_s0.20_c0.05,1.0,0.0,0.0,False,False,1.0068271698186462,1.0170734897113791,-0.08654637964884415,-0.11493045755945958,BSE,True,NSE-trained; BSE current transfer
2026-10-01,SIRCA,INE792Z01011,400.9,400.9,5864003.80952381,801.8,0.28431799890667364,0.03411111551824971,0.15751596364919446,0.21655656181121397,0.16553276312627202,0.04145711137537042,0.4962548414142222,0.0015671021907047824,0.4962548414142222,0.45465717063992866,0.039866215426127304,0.17320574162679425,0.15751596364919446,0.03411111551824971,0.17320574162679425,0.4962548414142222,False,,,N100_drop0.50_s0.20_c0.05,1.0,0.0,0.0,False,False,1.0068271698186462,1.0170734897113791,-0.08654637964884415,-0.11493045755945958,BSE,True,NSE-trained; BSE current transfer
2026-10-01,HDFCLIFE,INE795G01014,532.65,532.65,217216799.01587301,1065.3,0.2314937630923015,0.024755183102776614,0.1832131076185371,0.13511687796005672,0.1895933322750345,0.05101982968462765,0.4302267626515995,0.0792371857867712,0.4302267626515995,0.408402655705043,0.07861871872453796,0.1578542883492161,0.1832131076185371,0.024755183102776614,0.1578542883492161,0.4302267626515995,False,,,N100_drop0.50_s0.20_c0.05,1.0,0.0,0.0,False,False,1.0068271698186462,1.0170734897113791,-0.08654637964884415,-0.11493045755945958,BSE,True,NSE-trained; BSE current transfer
2026-10-01,JUBLFOOD,INE797F01020,444.0,444.0,145359064.1111111,888.0,0.2970400936665969,0.03662217055485934,0.17835715615965744,0.20533053645504862,0.17606426357988922,0.06422973650140212,0.47014857230353485,0.08794343264579975,0.47014857230353485,0.4818684182487754,0.07668994244083986,0.17320574162679425,0.17835715615965744,0.03662217055485934,0.17320574162679425,0.47014857230353485,False,,,N100_drop0.50_s0.20_c0.05,1.0,0.0,0.0,False,False,1.0068271698186462,1.0170734897113791,-0.08654637964884415,-0.11493045755945958,BSE,True,NSE-trained; BSE current transfer
2026-10-01,BIRLACABLE,INE800A01015,383.9,383.9,12508739.42857143,767.8,0.5521077012020871,0.12001374210459073,0.24705344370951793,0.4857804866128531,0.28545952964252547,0.047733064182797436,0.6212418539401131,0.07884897608634511,0.6212418539401131,0.6357722702670023,0.11170154499433922,0.28798185941043086,0.24705344370951793,0.12001374210459073,0.28798185941043086,0.6212418539401131,False,,,N100_drop0.50_s0.20_c0.05,1.0,0.0,0.0,False,False,1.0068271698186462,1.0170734897113791,-0.08654637964884415,-0.11493045755945958,BSE,True,NSE-trained; BSE current transfer
2026-10-01,OMAXE,INE800H01010,108.5,108.5,20134288.412698414,217.0,0.44972306915267907,0.07708056681095307,0.21268882343894305,0.3624100484672657,0.2277709208727399,0.10295906876936667,0.62298094902722,0.09050255871455075,0.62298094902722,0.6319966825257931,0.10164407171510213,0.28798185941043086,0.21268882343894305,0.07708056681095307,0.28798185941043086,0.62298094902722,False,,,N100_drop0.50_s0.20_c0.05,1.0,0.0,0.0,False,False,1.0068271698186462,1.0170734897113791,-0.08654637964884415,-0.11493045755945958,BSE,True,NSE-trained; BSE current transfer
2026-10-01,SSWL,INE802C01033,390.85,390.85,32723219.634920634,781.7,0.5267427823030052,0.10772925761112502,0.17346182865470347,0.621054548119477,0.2830104379608491,0.1601253195936119,0.6480533983024206,0.12832448836114438,0.6480533983024206,0.6565850719694749,0.1513399911804885,0.3988439306358382,0.17346182865470347,0.10772925761112502,0.3988439306358382,0.6480533983024206,True,0.8170000000000001,6.0,N100_drop0.50_s0.20_c0.05,1.0,0.0,0.0,False,False,1.0068271698186462,1.0170734897113791,-0.08654637964884415,-0.11493045755945958,BSE,True,NSE-trained; BSE current transfer
2026-10-01,INDOBORAX,INE803D01021,471.3,471.3,21098003.92063492,942.6,0.40736573031014905,0.06361309177032415,0.26125447794315954,0.2434909145716702,0.2167322791181243,0.0353170059756015,0.5759803351751304,0.05484551547713264,0.5759803351751304,0.6053815983027977,0.07702326403015157,0.24014598540145982,0.26125447794315954,0.06361309177032415,0.24014598540145982,0.5759803351751304,False,,,N100_drop0.50_s0.20_c0.05,1.0,0.0,0.0,False,False,1.0068271698186462,1.0170734897113791,-0.08654637964884415,-0.11493045755945958,BSE,True,NSE-trained; BSE current transfer
2026-10-01,MEDPLUS,INE804L01022,654.35,654.35,43678467.047619045,1308.7,0.30746638163998086,0.03876143165858588,0.19476000849635697,0.19902151349162076,0.188310428982647,0.050360378227848224,0.44659274814893807,0.10881397744585944,0.44659274814893807,0.4716782220954145,0.08167304258158951,0.17320574162679425,0.19476000849635697,0.03876143165858588,0.17320574162679425,0.44659274814893807,False,,,N100_drop0.50_s0.20_c0.05,1.0,0.0,0.0,False,False,1.0068271698186462,1.0170734897113791,-0.08654637964884415,-0.11493045755945958,BSE,True,NSE-trained; BSE current transfer
2026-10-01,TIL,INE806C01018,249.9,249.9,11119684.07936508,499.8,0.3950857031416115,0.060075095082107795,0.23046917773233427,0.2606643355662886,0.21255104321138998,0.12205571181198246,0.5389847520997005,0.027569227634308392,0.5389847520997005,0.5438995344309259,0.05474796981836496,0.21834496510468593,0.23046917773233427,0.060075095082107795,0.21834496510468593,0.5389847520997005,False,,,N100_drop0.50_s0.20_c0.05,1.0,0.0,0.0,False,False,1.0068271698186462,1.0170734897113791,-0.08654637964884415,-0.11493045755945958,BSE,True,NSE-trained; BSE current transfer
2026-10-01,SAPPHIRE,INE806T01020,210.0,210.0,59745658.17460317,420.0,0.38908037821190156,0.058399799699039974,0.2226322457283083,0.26231509954002263,0.20701507494203236,0.12930797566486305,0.5379384336864254,0.055138802601653984,0.5379384336864254,0.5981135423876068,0.07302000259546913,0.24014598540145982,0.2226322457283083,0.058399799699039974,0.24014598540145982,0.5379384336864254,False,,,N100_drop0.50_s0.20_c0.05,1.0,0.0,0.0,False,False,1.0068271698186462,1.0170734897113791,-0.08654637964884415,-0.11493045755945958,BSE,True,NSE-trained; BSE current transfer
2026-10-01,VIYASH,INE807F01027,231.8,231.8,84261289.84126984,463.6,0.3767004822502906,0.05505521053865946,0.18486966395087068,0.2978055423592399,0.19991278596686818,0.06266885102433545,0.5202024998142648,0.06972170233103397,0.5202024998142648,0.5506303094534214,0.0736938681272266,0.21834496510468593,0.18486966395087068,0.05505521053865946,0.21834496510468593,0.5202024998142648,False,,,N100_drop0.50_s0.20_c0.05,1.0,0.0,0.0,False,False,1.0068271698186462,1.0170734897113791,-0.08654637964884415,-0.11493045755945958,BSE,True,NSE-trained; BSE current transfer
2026-10-01,SHYAMMETL,INE810G01011,1046.55,1046.55,77881179.23809524,2093.1,0.33914698693601875,0.04574244127324413,0.14760990570036556,0.3098873416130829,0.18866620253034996,0.07162834806654121,0.5388782443848651,0.04034132530408231,0.5388782443848651,0.5207910786588885,0.03787417895971414,0.19197207678883071,0.14760990570036556,0.04574244127324413,0.19197207678883071,0.5388782443848651,False,,,N100_drop0.50_s0.20_c0.05,1.0,0.0,0.0,False,False,1.0068271698186462,1.0170734897113791,-0.08654637964884415,-0.11493045755945958,BSE,True,NSE-trained; BSE current transfer
2026-10-01,KIRLPNU,INE811A01038,681.7,681.7,14733654.984126983,1363.4,0.35235829692392956,0.048882768471033684,0.18443828108643806,0.26503591436164214,0.1966889518880064,0.015025545785804839,0.5240753314040925,0.07433918353589614,0.5240753314040925,0.5154564486401682,0.09412376162222429,0.18294117647058825,0.18443828108643806,0.048882768471033684,0.18294117647058825,0.5240753314040925,False,,,N100_drop0.50_s0.20_c0.05,1.0,0.0,0.0,False,False,1.0068271698186462,1.0170734897113791,-0.08654637964884415,-0.11493045755945958,BSE,True,NSE-trained; BSE current transfer
2026-10-01,PRESTIGE,INE811K01011,1494.1,1494.1,97910889.82539682,2988.2,0.3465847158479315,0.047492955483493596,0.16326771279828825,0.2908900643580984,0.18979841060403524,0.09128652827090063,0.5211643662164801,0.05661503726977906,0.5211643662164801,0.5097373406716689,0.07458397491523391,0.18294117647058825,0.16326771279828825,0.047492955483493596,0.18294117647058825,0.5211643662164801,False,,,N100_drop0.50_s0.20_c0.05,1.0,0.0,0.0,False,False,1.0068271698186462,1.0170734897113791,-0.08654637964884415,-0.11493045755945958,BSE,True,NSE-trained; BSE current transfer
2026-10-01,SMSPHARMA,INE812G01025,471.6,471.6,12850249.904761905,943.2,0.4654972728522636,0.0826517928490094,0.21063742603022778,0.3923889235009374,0.2507145421587815,0.1176318434697452,0.5678330547453337,0.03969872462775834,0.5678330547453337,0.5380473653481108,0.07408324931315398,0.21834496510468593,0.21063742603022778,0.0826517928490094,0.21834496510468593,0.5678330547453337,False,,,N100_drop0.50_s0.20_c0.05,1.0,0.0,0.0,False,False,1.0068271698186462,1.0170734897113791,-0.08654637964884415,-0.11493045755945958,BSE,True,NSE-trained; BSE current transfer
2026-10-01,MAHLIFE,INE813A01018,351.4,351.4,6749139.380952381,702.8,0.3221504012617532,0.041904373759708326,0.1416580070923066,0.2958136615066367,0.17808505964010352,0.04049740494576473,0.5313562758136813,0.024206348478124088,0.5313562758136813,0.5042790615481918,0.024644092038523788,0.18294117647058825,0.1416580070923066,0.041904373759708326,0.18294117647058825,0.5313562758136813,False,,,N100_drop0.50_s0.20_c0.05,1.0,0.0,0.0,False,False,1.0068271698186462,1.0170734897113791,-0.08654637964884415,-0.11493045755945958,BSE,True,NSE-trained; BSE current transfer
2026-10-01,TORNTPOWER,INE813H01021,1242.55,1242.55,88565269.3015873,2485.1,0.24877222558710663,0.02763559187018772,0.17368264601790923,0.15911544707430406,0.20599876080037327,0.01236794959718529,0.45450453551961045,0.10395461437923254,0.45450453551961045,0.40784612841920315,0.13638705814085864,0.1578542883492161,0.17368264601790923,0.02763559187018772,0.1578542883492161,0.45450453551961045,False,,,N100_drop0.50_s0.20_c0.05,1.0,0.0,0.0,False,False,1.0068271698186462,1.0170734897113791,-0.08654637964884415,-0.11493045755945958,BSE,True,NSE-trained; BSE current transfer
2026-10-01,ADANIPOWER,INE814H01029,196.95,196.95,295298855.6825397,393.9,0.29762576322770984,0.03674036461783739,0.17555285868598777,0.2092837729492919,0.18934141970145493,0.06897643906599145,0.5304549938107362,0.02828966449926062,0.5304549938107362,0.5171536796707207,0.018340357804254765,0.19197207678883071,0.17555285868598777,0.03674036461783739,0.19197207678883071,0.5304549938107362,False,,,N100_drop0.50_s0.20_c0.05,1.0,0.0,0.0,False,False,1.0068271698186462,1.0170734897113791,-0.08654637964884415,-0.11493045755945958,BSE,True,NSE-trained; BSE current transfer
2026-10-01,FILATEX,INE816B01035,106.45,106.45,23553342.301587302,212.9,0.5138210474905756,0.10193312724830729,0.29024915516854505,0.351191813768125,0.27341996892461223,0.010732453143638077,0.6246392065629628,0.07956701203888905,0.6246392065629628,0.6156624968985692,0.09236435795453495,0.24691358024691357,0.29024915516854505,0.10193312724830729,0.24691358024691357,0.6246392065629628,False,,,N100_drop0.50_s0.20_c0.05,1.0,0.0,0.0,False,False,1.0068271698186462,1.0170734897113791,-0.08654637964884415,-0.11493045755945958,BSE,True,NSE-trained; BSE current transfer
2026-10-01,ANTELOPUS,INE818A01017,1107.0,1107.0,119491140.44444445,2214.0,0.469421734905756,0.08408927960169149,0.27488715252370505,0.30590472792081475,0.25028050159753223,0.011922052409525985,0.5513556375494896,0.06845407244099853,0.5513556375494896,0.5987221895576992,0.09443819831679556,0.24014598540145982,0.27488715252370505,0.08408927960169149,0.24014598540145982,0.5513556375494896,False,,,N100_drop0.50_s0.20_c0.05,1.0,0.0,0.0,False,False,1.0068271698186462,1.0170734897113791,-0.08654637964884415,-0.11493045755945958,BSE,True,NSE-trained; BSE current transfer
2026-10-01,LTFOODS,INE818H01020,398.4,398.4,40630783.47619048,796.8,0.3372080633688732,0.045293340890859825,0.153508056490148,0.29505513864522614,0.19097071535932955,0.07422038195452549,0.5395506385027501,0.05996906411002521,0.5395506385027501,0.5306033563797142,0.06977554044384955,0.19605077574047955,0.153508056490148,0.045293340890859825,0.19605077574047955,0.5395506385027501,False,,,N100_drop0.50_s0.20_c0.05,1.0,0.0,0.0,False,False,1.0068271698186462,1.0170734897113791,-0.08654637964884415,-0.11493045755945958,BSE,True,NSE-trained; BSE current transfer
2026-10-01,ESAFSFB,INE818W01011,43.42,43.42,5474899.920634921,86.84,0.4951679445521036,0.09406561524606788,0.198041570337868,0.47497914243755807,0.25340402963391495,0.14066439854500953,0.6070474553307289,0.08902811610494751,0.6070474553307289,0.6055338976582676,0.075328110258394,0.24014598540145982,0.198041570337868,0.09406561524606788,0.24014598540145982,0.6070474553307289,False,,,N100_drop0.50_s0.20_c0.05,1.0,0.0,0.0,False,False,1.0068271698186462,1.0170734897113791,-0.08654637964884415,-0.11493045755945958,BSE,True,NSE-trained; BSE current transfer
2026-10-01,VTL,INE825A01020,529.75,529.75,25434699.015873015,1059.5,0.37792721424251796,0.055380229418423556,0.1709949782365405,0.3238705018682775,0.1983989897757901,0.06682087156515212,0.522919827515617,0.05832682879977142,0.522919827515617,0.5346561917146563,0.06551905688932315,0.21568627450980393,0.1709949782365405,0.055380229418423556,0.21568627450980393,0.522919827515617,False,,,N100_drop0.50_s0.20_c0.05,1.0,0.0,0.0,False,False,1.0068271698186462,1.0170734897113791,-0.08654637964884415,-0.11493045755945958,BSE,True,NSE-trained; BSE current transfer
2026-10-01,MANYAVAR,INE825V01034,518.55,518.55,73968334.1904762,1037.1,0.4008656961214235,0.06172127146387061,0.20886040507207357,0.2955144678694453,0.22145459484893038,0.0979572895026447,0.564798354588615,0.0693704269971568,0.564798354588615,0.593006700052006,0.08904073301774669,0.24014598540145982,0.20886040507207357,0.06172127146387061,0.24014598540145982,0.564798354588615,False,,,N100_drop0.50_s0.20_c0.05,1.0,0.0,0.0,False,False,1.0068271698186462,1.0170734897113791,-0.08654637964884415,-0.11493045755945958,BSE,True,NSE-trained; BSE current transfer
2026-10-01,HIRECT,INE835D01023,1129.6,1129.6,14224757.507936507,2259.2,0.44828446453398085,0.07658841498296425,0.21155726289318075,0.36202214915984793,0.22988444797702015,0.11923275496909158,0.6015701755374098,0.07531253667642998,0.6015701755374098,0.6148334578706497,0.08585362631929871,0.24691358024691357,0.21155726289318075,0.07658841498296425,0.24691358024691357,0.6015701755374098,False,,,N100_drop0.50_s0.20_c0.05,1.0,0.0,0.0,False,False,1.0068271698186462,1.0170734897113791,-0.08654637964884415,-0.11493045755945958,BSE,True,NSE-trained; BSE current transfer
2026-10-01,BSOFT,INE836A01035,269.7,269.7,47699104.92063492,539.4,0.28541191974860464,0.03432285444713039,0.21038333727976904,0.16314435777529115,0.18667631105176333,0.01903341443925627,0.4794896643188804,0.08543499538821606,0.4794896643188804,0.4879854585163333,0.05870949532540141,0.17320574162679425,0.21038333727976904,0.03432285444713039,0.17320574162679425,0.4794896643188804,False,,,N100_drop0.50_s0.20_c0.05,1.0,0.0,0.0,False,False,1.0068271698186462,1.0170734897113791,-0.08654637964884415,-0.11493045755945958,BSE,True,NSE-trained; BSE current transfer
2026-10-01,SATIN,INE836B01017,227.2,227.2,5877853.380952381,454.4,0.42359122868374555,0.0685307382573795,0.17204325779324403,0.3983343441434799,0.2083467668129354,0.0710388516070235,0.5735332682911108,0.07502443965211938,0.5735332682911108,0.5586683748767403,0.043072536916148874,0.21834496510468593,0.17204325779324403,0.0685307382573795,0.21834496510468593,0.5735332682911108,False,,,N100_drop0.50_s0.20_c0.05,1.0,0.0,0.0,False,False,1.0068271698186462,1.0170734897113791,-0.08654637964884415,-0.11493045755945958,BSE,True,NSE-trained; BSE current transfer
2026-10-01,SCHNEIDER,INE839M01018,1275.65,1275.65,59185156.809523806,2551.3,0.4673974653239851,0.08334518299074305,0.224824384656617,0.37071238121273803,0.248732601378427,0.09014514753658096,0.571717167916721,0.04759470396850653,0.571717167916721,0.5887162653884708,0.06887019474082627,0.24014598540145982,0.224824384656617,0.08334518299074305,0.24014598540145982,0.571717167916721,False,,,N100_drop0.50_s0.20_c0.05,1.0,0.0,0.0,False,False,1.0068271698186462,1.0170734897113791,-0.08654637964884415,-0.11493045755945958,BSE,True,NSE-trained; BSE current transfer
2026-10-01,DEEDEV,INE841L01016,663.8,663.8,10425512.412698412,1327.6,0.5047528839882901,0.0980373101274695,0.2280709547773525,0.4298544293953411,0.26598564142815434,0.1108085798136628,0.5765540960708506,0.0557256166776975,0.5765540960708506,0.6032834795513345,0.07192266141258158,0.24014598540145982,0.2280709547773525,0.0980373101274695,0.24014598540145982,0.5765540960708506,False,,,N100_drop0.50_s0.20_c0.05,1.0,0.0,0.0,False,False,1.0068271698186462,1.0170734897113791,-0.08654637964884415,-0.11493045755945958,BSE,True,NSE-trained; BSE current transfer
2026-10-01,MINDACORP,INE842C01021,668.0,668.0,19998729.333333332,1336.0,0.33626552880573196,0.04507609444120764,0.14477330696475468,0.3113563914940583,0.19059741256126364,0.054997694766551364,0.5399959073760443,0.04050523157340373,0.5399959073760443,0.5412628743625008,0.044985787974247425,0.21834496510468593,0.14477330696475468,0.04507609444120764,0.21834496510468593,0.5399959073760443,False,,,N100_drop0.50_s0.20_c0.05,1.0,0.0,0.0,False,False,1.0068271698186462,1.0170734897113791,-0.08654637964884415,-0.11493045755945958,BSE,True,NSE-trained; BSE current transfer
2026-10-01,GANECOS,INE845D01014,974.45,974.45,6609453.746031746,1948.9,0.43976944253793676,0.0737278595093453,0.20778587012177877,0.3548261460999971,0.22983662338766042,0.0449866410362762,0.551611075591909,0.04218544284261122,0.551611075591909,0.5673815720166782,0.05113989439005366,0.21834496510468593,0.20778587012177877,0.0737278595093453,0.21834496510468593,0.551611075591909,False,,,N100_drop0.50_s0.20_c0.05,1.0,0.0,0.0,False,False,1.0068271698186462,1.0170734897113791,-0.08654637964884415,-0.11493045755945958,BSE,True,NSE-trained; BSE current transfer
2026-10-01,IZMO,INE848A01014,858.4,858.4,12461812.317460317,1716.8,0.40740309947131137,0.06362409434299526,0.24159627535071337,0.2633488212955076,0.20426573284572608,0.03869138359096058,0.5205031189058277,0.03921346593724152,0.5205031189058277,0.5574738951164698,0.04991819620003582,0.21834496510468593,0.24159627535071337,0.06362409434299526,0.21834496510468593,0.5205031189058277,False,,,N100_drop0.50_s0.20_c0.05,1.0,0.0,0.0,False,False,1.0068271698186462,1.0170734897113791,-0.08654637964884415,-0.11493045755945958,BSE,True,NSE-trained; BSE current transfer
2026-10-01,NHPC,INE848E01016,71.94,71.94,47169179.15873016,143.88,0.25019335513227603,0.027879997705845674,0.13639676592734531,0.204403656613798,0.18594396879320493,0.04773347913463408,0.4331045882581961,0.11728258890746264,0.4331045882581961,0.3994914595652255,0.11257212668070982,0.1578542883492161,0.13639676592734531,0.027879997705845674,0.1578542883492161,0.4331045882581961,False,,,N100_drop0.50_s0.20_c0.05,1.0,0.0,0.0,False,False,1.0068271698186462,1.0170734897113791,-0.08654637964884415,-0.11493045755945958,BSE,True,NSE-trained; BSE current transfer
2026-10-01,GODREJAGRO,INE850D01014,631.1,631.1,17476818.984126985,1262.2,0.36189057979505657,0.05123839832393753,0.14713712543376042,0.34823568948276423,0.19360387167610882,0.04942582347043693,0.5652183262830633,0.051433852103866314,0.5652183262830633,0.540577184163478,0.06249020214494109,0.21834496510468593,0.14713712543376042,0.05123839832393753,0.21834496510468593,0.5652183262830633,False,,,N100_drop0.50_s0.20_c0.05,1.0,0.0,0.0,False,False,1.0068271698186462,1.0170734897113791,-0.08654637964884415,-0.11493045755945958,BSE,True,NSE-trained; BSE current transfer
2026-10-01,NORTHARC,INE850M01015,288.7,288.7,83999825.12698413,577.4,0.39121351448708475,0.05899084095010467,0.16475798443967704,0.35804541522358224,0.21182761201135097,0.06416089201156233,0.5551139303445934,0.06021559515286907,0.5551139303445934,0.5754882780497305,0.07486192935899548,0.23979591836734693,0.16475798443967704,0.05899084095010467,0.23979591836734693,0.5551139303445934,False,,,N100_drop0.50_s0.20_c0.05,1.0,0.0,0.0,False,False,1.0068271698186462,1.0170734897113791,-0.08654637964884415,-0.11493045755945958,BSE,True,NSE-trained; BSE current transfer
2026-10-01,APTUS,INE852O01025,226.65,226.65,59173579.88888889,453.3,0.2967901707149424,0.03657180415808272,0.19621852496355718,0.18638303475614773,0.1908494028969704,0.04835714460586876,0.4895367631462714,0.08474759020673829,0.4895367631462714,0.4689606651556968,0.09891336908192265,0.17320574162679425,0.19621852496355718,0.03657180415808272,0.17320574162679425,0.4895367631462714,False,,,N100_drop0.50_s0.20_c0.05,1.0,0.0,0.0,False,False,1.0068271698186462,1.0170734897113791,-0.08654637964884415,-0.11493045755945958,BSE,True,NSE-trained; BSE current transfer
2026-10-01,JAYNECOIND,INE854B01010,91.01,91.01,24463184.95238095,182.02,0.3962782288824285,0.060411996250627015,0.2127197662479004,0.28399803796429424,0.19767623461310144,0.058925018257837414,0.5267024076735409,0.054068115303818255,0.5267024076735409,0.5459985540640536,0.04853470979641718,0.21834496510468593,0.2127197662479004,0.060411996250627015,0.21834496510468593,0.5267024076735409,False,,,N100_drop0.50_s0.20_c0.05,1.0,0.0,0.0,False,False,1.0068271698186462,1.0170734897113791,-0.08654637964884415,-0.11493045755945958,BSE,True,NSE-trained; BSE current transfer
2026-10-01,UNITDSPR,INE854D01024,1338.2,1338.2,103179138.92063493,2676.4,0.27928702996766075,0.03314723215463429,0.1451917481498002,0.22829969731086197,0.18205018198966666,0.02363749327786739,0.4902012227689628,0.07997120240033251,0.4902012227689628,0.4308273512736925,0.1330396346180484,0.1578542883492161,0.1451917481498002,0.03314723215463429,0.1578542883492161,0.4902012227689628,False,,,N100_drop0.50_s0.20_c0.05,1.0,0.0,0.0,False,False,1.0068271698186462,1.0170734897113791,-0.08654637964884415,-0.11493045755945958,BSE,True,NSE-trained; BSE current transfer
2026-10-01,RAIN,INE855B01025,208.45,208.45,58613797.11111111,416.9,0.4340151109814536,0.0718443763112028,0.20193682214691602,0.35577650250895565,0.22431133734037118,0.11311501957327352,0.5692332423221806,0.04880479244148215,0.5692332423221806,0.6007323759625998,0.07810907618845439,0.24014598540145982,0.20193682214691602,0.0718443763112028,0.24014598540145982,0.5692332423221806,False,,,N100_drop0.50_s0.20_c0.05,1.0,0.0,0.0,False,False,1.0068271698186462,1.0170734897113791,-0.08654637964884415,-0.11493045755945958,BSE,True,NSE-trained; BSE current transfer
2026-10-01,WEBELSOLAR,INE855C01023,68.73,68.73,18667364.015873015,137.46,0.4208262676077804,0.06767244817234071,0.2823256640158685,0.23969641020143703,0.22531931860265153,0.06590511720156017,0.5310958496014221,0.07284303922636132,0.5310958496014221,0.5437428756015226,0.05973237906030805,0.21834496510468593,0.2823256640158685,0.06767244817234071,0.21834496510468593,0.5310958496014221,False,,,N100_drop0.50_s0.20_c0.05,1.0,0.0,0.0,False,False,1.0068271698186462,1.0170734897113791,-0.08654637964884415,-0.11493045755945958,BSE,True,NSE-trained; BSE current transfer
2026-10-01,HCLTECH,INE860A01027,1246.0,1246.0,293880239.3492063,2492.0,0.27237426978455853,0.03184897218180451,0.1704389764250026,0.1868643713418383,0.17811577234506412,0.10314513125649197,0.49766756207852475,0.02497498410991153,0.49766756207852475,0.4660463475793866,0.04837776143126537,0.17320574162679425,0.1704389764250026,0.03184897218180451,0.17320574162679425,0.49766756207852475,False,,,N100_drop0.50_s0.20_c0.05,1.0,0.0,0.0,False,False,1.0068271698186462,1.0170734897113791,-0.08654637964884415,-0.11493045755945958,BSE,True,NSE-trained; BSE current transfer
2026-10-01,PREMEXPLN,INE863B01029,679.75,679.75,11716855.126984127,1359.5,0.3656901825747536,0.05219909119373235,0.14795915106584295,0.3527939354727938,0.1980407826256248,0.010810588867522855,0.5454385583704848,0.04988041814277761,0.5454385583704848,0.5759122260743903,0.05278965473583201,0.23979591836734693,0.14795915106584295,0.05219909119373235,0.23979591836734693,0.5454385583704848,False,,,N100_drop0.50_s0.20_c0.05,1.0,0.0,0.0,False,False,1.0068271698186462,1.0170734897113791,-0.08654637964884415,-0.11493045755945958,BSE,True,NSE-trained; BSE current transfer
2026-10-01,NCC,INE868B01028,130.1,130.1,29499404.063492063,260.2,0.2606163144931487,0.029708455003098173,0.21679920202910624,0.13703212338904128,0.17312110955499238,0.03740676685354977,0.43064739751669284,0.079247163171639,0.43064739751669284,0.4338697245868372,0.056206294112616566,0.1578542883492161,0.21679920202910624,0.029708455003098173,0.1578542883492161,0.43064739751669284,False,,,N100_drop0.50_s0.20_c0.05,1.0,0.0,0.0,False,False,1.0068271698186462,1.0170734897113791,-0.08654637964884415,-0.11493045755945958,BSE,True,NSE-trained; BSE current transfer
2026-10-01,NETWORK18,INE870H01013,25.46,25.46,7718302.063492063,50.92,0.2702824872777987,0.0314619942125069,0.2523731490912355,0.12466458625173737,0.15420883300230578,0.00021635773621692111,0.42256390001484084,0.052397083596982696,0.42256390001484084,0.41577103980014013,0.060324595064195956,0.1578542883492161,0.2523731490912355,0.0314619942125069,0.1578542883492161,0.42256390001484084,False,,,N100_drop0.50_s0.20_c0.05,1.0,0.0,0.0,False,False,1.0068271698186462,1.0170734897113791,-0.08654637964884415,-0.11493045755945958,BSE,True,NSE-trained; BSE current transfer
2026-10-01,AVANTIFEED,INE871C01038,710.9,710.9,32574775.968253966,1421.8,0.4398413302551549,0.07375163948672156,0.20027094182982194,0.36825931317280775,0.24960575466518484,0.09513420219849553,0.5807547806719966,0.15929646234517592,0.5807547806719966,0.5568083276074248,0.17081796153205342,0.21834496510468593,0.20027094182982194,0.07375163948672156,0.21834496510468593,0.5807547806719966,False,,,N100_drop0.50_s0.20_c0.05,1.0,0.0,0.0,False,False,1.0068271698186462,1.0170734897113791,-0.08654637964884415,-0.11493045755945958,BSE,True,NSE-trained; BSE current transfer
2026-10-01,LUMAXTECH,INE872H01027,1981.15,1981.15,41111428.92063492,3962.3,0.4419791727014332,0.07446167705252704,0.20044004224521259,0.3714910265356698,0.23299359708545364,0.12444129939080445,0.6044839963795404,0.07336911920638435,0.6044839963795404,0.6023895724131416,0.07870127979083268,0.24014598540145982,0.20044004224521259,0.07446167705252704,0.24014598540145982,0.6044839963795404,False,,,N100_drop0.50_s0.20_c0.05,1.0,0.0,0.0,False,False,1.0068271698186462,1.0170734897113791,-0.08654637964884415,-0.11493045755945958,BSE,True,NSE-trained; BSE current transfer
2026-10-01,DEVYANI,INE872J01023,127.0,127.0,39751633.31746032,254.0,0.38944298540277733,0.058499958267166426,0.20014963435046473,0.29228111486195474,0.21021810610255356,0.06502466093939344,0.53836365549677,0.07152272608247429,0.53836365549677,0.5552200094401242,0.08738991361617444,0.21834496510468593,0.20014963435046473,0.058499958267166426,0.21834496510468593,0.53836365549677,False,,,N100_drop0.50_s0.20_c0.05,1.0,0.0,0.0,False,False,1.0068271698186462,1.0170734897113791,-0.08654637964884415,-0.11493045755945958,BSE,True,NSE-trained; BSE current transfer
2026-10-01,INDOCO,INE873D01024,251.7,251.7,10642486.904761905,503.4,0.4323867747468849,0.0713184923482683,0.2473742692728421,0.28830198289381254,0.22578401761697015,0.06678737814531507,0.5501549604646634,0.03725027246366618,0.5501549604646634,0.5632135591485125,0.061789696447780575,0.21834496510468593,0.2473742692728421,0.0713184923482683,0.21834496510468593,0.5501549604646634,False,,,N100_drop0.50_s0.20_c0.05,1.0,0.0,0.0,False,False,1.0068271698186462,1.0170734897113791,-0.08654637964884415,-0.11493045755945958,BSE,True,NSE-trained; BSE current transfer
2026-10-01,PTC,INE877F01012,154.85,154.85,20222925.777777776,309.7,0.3270417011430766,0.042986346777347,0.21531833763614341,0.19964090030263776,0.18735220641009212,0.0004344076266153407,0.47900482209107564,0.07581544669840232,0.47900482209107564,0.47254074163952914,0.07838807567497529,0.17320574162679425,0.21531833763614341,0.042986346777347,0.17320574162679425,0.47900482209107564,False,,,N100_drop0.50_s0.20_c0.05,1.0,0.0,0.0,False,False,1.0068271698186462,1.0170734897113791,-0.08654637964884415,-0.11493045755945958,BSE,True,NSE-trained; BSE current transfer
2026-10-01,GVPIL,INE878A01011,678.9,678.9,17223575.825396825,1357.8,0.4919948057736042,0.09278269178200292,0.2587518382748231,0.3585779038348606,0.26077116929333327,0.04573516875934258,0.5543437353253661,0.0582706072297315,0.5543437353253661,0.6028334453061608,0.08251342147146869,0.24014598540145982,0.2587518382748231,0.09278269178200292,0.24014598540145982,0.5543437353253661,False,,,N100_drop0.50_s0.20_c0.05,1.0,0.0,0.0,False,False,1.0068271698186462,1.0170734897113791,-0.08654637964884415,-0.11493045755945958,BSE,True,NSE-trained; BSE current transfer
2026-10-01,BFINVEST,INE878K01010,429.15,429.15,5540586.634920635,858.3,0.41510379232618244,0.06592286054642872,0.19013766272391902,0.3467112175568766,0.20905611742142813,0.07550962298257113,0.5313558866672066,0.0493528499842326,0.5313558866672066,0.5569193957598733,0.058398044359378225,0.21834496510468593,0.19013766272391902,0.06592286054642872,0.21834496510468593,0.5313558866672066,False,,,N100_drop0.50_s0.20_c0.05,1.0,0.0,0.0,False,False,1.0068271698186462,1.0170734897113791,-0.08654637964884415,-0.11493045755945958,BSE,True,NSE-trained; BSE current transfer
2026-10-01,KMCSHIL,INE879K01018,171.95,171.95,18673628.746031746,343.9,0.5090209621642363,0.0998538095662401,0.21895096322744115,0.4560555847498798,0.2702242060401339,0.1359626848108604,0.5985171945344554,0.063674215592901,0.5985171945344554,0.5768048244096793,0.059863529578928355,0.24014598540145982,0.21895096322744115,0.0998538095662401,0.24014598540145982,0.5985171945344554,False,,,N100_drop0.50_s0.20_c0.05,1.0,0.0,0.0,False,False,1.0068271698186462,1.0170734897113791,-0.08654637964884415,-0.11493045755945958,BSE,True,NSE-trained; BSE current transfer
2026-10-01,JSWINFRA,INE880J01026,357.4,357.4,126656491.07936507,714.8,0.39207811296237843,0.05923166175805737,0.1634744050917269,0.36232988108947073,0.20613737495412332,0.05298052616174548,0.5568785188412918,0.0428473246941694,0.5568785188412918,0.5156552052522864,0.067272017123346,0.18294117647058825,0.1634744050917269,0.05923166175805737,0.18294117647058825,0.5568785188412918,False,,,N100_drop0.50_s0.20_c0.05,1.0,0.0,0.0,False,False,1.0068271698186462,1.0170734897113791,-0.08654637964884415,-0.11493045755945958,BSE,True,NSE-trained; BSE current transfer
2026-10-01,AADHARHFC,INE883F01010,448.65,448.65,44819542.50793651,897.3,0.26778968648240187,0.031004344903945612,0.13981164090941023,0.22175796451766572,0.18765996407596058,0.05368166101678509,0.4624994980300943,0.09320296849586557,0.4624994980300943,0.42052262458454986,0.12580492212635125,0.1578542883492161,0.13981164090941023,0.031004344903945612,0.1578542883492161,0.4624994980300943,False,,,N100_drop0.50_s0.20_c0.05,1.0,0.0,0.0,False,False,1.0068271698186462,1.0170734897113791,-0.08654637964884415,-0.11493045755945958,BSE,True,NSE-trained; BSE current transfer
2026-10-01,PARAGMILK,INE883N01014,263.9,263.9,33357997.666666668,527.8,0.4144767015782558,0.0657332992728712,0.2284632643998124,0.28771933836083796,0.21332678854502382,0.10816414863117035,0.4927631554555097,0.032820695505084145,0.4927631554555097,0.49849515480951195,0.07403739403977676,0.18294117647058825,0.2284632643998124,0.0657332992728712,0.18294117647058825,0.4927631554555097,False,,,N100_drop0.50_s0.20_c0.05,1.0,0.0,0.0,False,False,1.0068271698186462,1.0170734897113791,-0.08654637964884415,-0.11493045755945958,BSE,True,NSE-trained; BSE current transfer
2026-10-01,VAIBHAVGBL,INE884A01027,204.3,204.3,6402046.873015873,408.6,0.32949795404964066,0.043536468318941965,0.1904125040242482,0.22864290631563663,0.17954517240291487,0.01904944086357291,0.517261278065153,0.017281425837433695,0.517261278065153,0.47271237057441345,0.06141349851584639,0.17320574162679425,0.1904125040242482,0.043536468318941965,0.17320574162679425,0.517261278065153,False,,,N100_drop0.50_s0.20_c0.05,1.0,0.0,0.0,False,False,1.0068271698186462,1.0170734897113791,-0.08654637964884415,-0.11493045755945958,BSE,True,NSE-trained; BSE current transfer
2026-10-01,KIRLFER,INE884B01025,465.85,465.85,9784550.968253968,931.7,0.32731514321040833,0.04304736298212504,0.13115324542358928,0.328221866283932,0.18543081519991036,0.040021568540640165,0.4901525901007893,0.07342767490662809,0.4901525901007893,0.48596157536686596,0.06506716487376762,0.17320574162679425,0.13115324542358928,0.04304736298212504,0.17320574162679425,0.4901525901007893,False,,,N100_drop0.50_s0.20_c0.05,1.0,0.0,0.0,False,False,1.0068271698186462,1.0170734897113791,-0.08654637964884415,-0.11493045755945958,BSE,True,NSE-trained; BSE current transfer
2026-10-01,ARE&M,INE885A01032,747.7,747.7,85038606.44444445,1495.4,0.29464334796278646,0.03614089304130952,0.19944632458713474,0.18120611205106552,0.19235262131274267,0.046042805720945906,0.48555673234043256,0.08382295822251713,0.48555673234043256,0.4767952000066269,0.09643332867896598,0.17320574162679425,0.19944632458713474,0.03614089304130952,0.17320574162679425,0.48555673234043256,False,,,N100_drop0.50_s0.20_c0.05,1.0,0.0,0.0,False,False,1.0068271698186462,1.0170734897113791,-0.08654637964884415,-0.11493045755945958,BSE,True,NSE-trained; BSE current transfer
2026-10-01,SPORTKING,INE885H01029,208.0,208.0,8165105.904761905,416.0,0.49487951340590675,0.09394835477446799,0.18677660765688572,0.5029985068957562,0.2587716194325824,0.1494606974919593,0.6331762495065036,0.09910600158559299,0.6331762495065036,0.6358169107319575,0.09905786201116942,0.28798185941043086,0.18677660765688572,0.09394835477446799,0.28798185941043086,0.6331762495065036,False,,,N100_drop0.50_s0.20_c0.05,1.0,0.0,0.0,False,False,1.0068271698186462,1.0170734897113791,-0.08654637964884415,-0.11493045755945958,BSE,True,NSE-trained; BSE current transfer
2026-10-01,EFCIL,INE886D01026,171.75,171.75,6983141.095238095,343.5,0.27779019388443366,0.03286356794703494,0.22153707490538244,0.14834342270281772,0.14133324362252328,0.045723637461527716,0.44478899474364825,0.03497580578298593,0.44478899474364825,0.46645356213675143,0.03981145643174994,0.17320574162679425,0.22153707490538244,0.03286356794703494,0.17320574162679425,0.44478899474364825,False,,,N100_drop0.50_s0.20_c0.05,1.0,0.0,0.0,False,False,1.0068271698186462,1.0170734897113791,-0.08654637964884415,-0.11493045755945958,BSE,True,NSE-trained; BSE current transfer
2026-10-01,TCC,INE887D01024,47.59,47.59,9591315.777777778,95.18,0.35657193865609016,0.04991455142591852,0.29511981221079725,0.16913317696971733,0.17879978273203245,0.06493892149433234,0.45928832710295464,0.02988863836545478,0.45928832710295464,0.4874396042140286,0.023213595501069124,0.17320574162679425,0.29511981221079725,0.04991455142591852,0.17320574162679425,0.45928832710295464,False,,,N100_drop0.50_s0.20_c0.05,1.0,0.0,0.0,False,False,1.0068271698186462,1.0170734897113791,-0.08654637964884415,-0.11493045755945958,BSE,True,NSE-trained; BSE current transfer
2026-10-01,GOKEX,INE887G01027,689.8,689.8,19226384.984126985,1379.6,0.317183831619555,0.040823887870806264,0.20562359741771216,0.19853697913802643,0.17997034000038914,0.07309642778868855,0.4987564473807476,0.03754020756688701,0.4987564473807476,0.4786194753032606,0.04981902675707449,0.17320574162679425,0.20562359741771216,0.040823887870806264,0.17320574162679425,0.4987564473807476,False,,,N100_drop0.50_s0.20_c0.05,1.0,0.0,0.0,False,False,1.0068271698186462,1.0170734897113791,-0.08654637964884415,-0.11493045755945958,BSE,True,NSE-trained; BSE current transfer
2026-10-01,REDINGTON,INE891D01026,397.8,397.8,176928581.47619048,795.6,0.4038526392059459,0.06258521426146042,0.1824268923965518,0.343070111206057,0.22562655963673253,0.06209537724227013,0.5998905677888047,0.06656747257662968,0.5998905677888047,0.5966660646736255,0.07739560296363093,0.24014598540145982,0.1824268923965518,0.06258521426146042,0.24014598540145982,0.5998905677888047,False,,,N100_drop0.50_s0.20_c0.05,1.0,0.0,0.0,False,False,1.0068271698186462,1.0170734897113791,-0.08654637964884415,-0.11493045755945958,BSE,True,NSE-trained; BSE current transfer
2026-10-01,BGDL,INE893C01032,108.7,108.7,11079427.936507937,217.4,0.3124335139166077,0.03980723911000131,0.29727326463718307,0.13390790173675848,0.15107978012979936,0.06169064102515803,0.4726815061758481,0.018954918942855923,0.4726815061758481,0.5131493232447587,0.010565728112262284,0.18294117647058825,0.29727326463718307,0.03980723911000131,0.18294117647058825,0.4726815061758481,False,,,N100_drop0.50_s0.20_c0.05,1.0,0.0,0.0,False,False,1.0068271698186462,1.0170734897113791,-0.08654637964884415,-0.11493045755945958,BSE,True,NSE-trained; BSE current transfer
2026-10-01,BELRISE,INE894V01022,237.55,237.55,76401842.1904762,475.1,0.3497196946837654,0.04824420107969631,0.1342241596275932,0.3594300848189366,0.2117526970132908,0.039892390193706495,0.5842782371023041,0.062208516270868874,0.5842782371023041,0.5581469488215522,0.06787922582594151,0.21834496510468593,0.1342241596275932,0.04824420107969631,0.21834496510468593,0.5842782371023041,False,,,N100_drop0.50_s0.20_c0.05,1.0,0.0,0.0,False,False,1.0068271698186462,1.0170734897113791,-0.08654637964884415,-0.11493045755945958,BSE,True,NSE-trained; BSE current transfer
2026-10-01,MIIL,INE898Q01015,676.6,676.6,31960686.04761905,1353.2,0.32390987700470997,0.04229151757109849,0.1508051244978424,0.2804381993776582,0.1840525989342684,0.0266060348214473,0.5229720110813775,0.05022114228843811,0.5229720110813775,0.48708228496102063,0.08210794716305511,0.17320574162679425,0.1508051244978424,0.04229151757109849,0.17320574162679425,0.5229720110813775,False,,,N100_drop0.50_s0.20_c0.05,1.0,0.0,0.0,False,False,1.0068271698186462,1.0170734897113791,-0.08654637964884415,-0.11493045755945958,BSE,True,NSE-trained; BSE current transfer
2026-10-01,KABRAEXTRU,INE900B01029,762.15,762.15,13381269.984126983,1524.3,0.5548821659373766,0.1214356729902011,0.3978749666399379,0.30521063945220733,0.29263208950781106,0.0056145618573217315,0.6100740103411951,0.07486187312469064,0.6100740103411951,0.6310044198719599,0.098492924829912,0.28798185941043086,0.3978749666399379,0.1214356729902011,0.28798185941043086,0.6100740103411951,False,,,N100_drop0.50_s0.20_c0.05,1.0,0.0,0.0,False,False,1.0068271698186462,1.0170734897113791,-0.08654637964884415,-0.11493045755945958,BSE,True,NSE-trained; BSE current transfer
2026-10-01,APLLTD,INE901L01018,815.0,815.0,20413430.365079366,1630.0,0.29709659911509473,0.03663356381698847,0.15377451788748395,0.23822909231159528,0.18921218662497372,0.05383169353884815,0.48881054993179823,0.049652019439193396,0.48881054993179823,0.44611521517254576,0.07789296104184874,0.1648675171736997,0.15377451788748395,0.03663356381698847,0.1648675171736997,0.48881054993179823,False,,,N100_drop0.50_s0.20_c0.05,1.0,0.0,0.0,False,False,1.0068271698186462,1.0170734897113791,-0.08654637964884415,-0.11493045755945958,BSE,True,NSE-trained; BSE current transfer
2026-10-01,JAYKAY,INE903A01025,201.65,201.65,9665075.015873017,403.3,0.43120686015383125,0.07093936076334272,0.25115471141770496,0.2824528369900287,0.22022452745701127,0.07715031814374942,0.550286730336876,0.03323572310845856,0.550286730336876,0.5640539657186004,0.04265864695666722,0.21834496510468593,0.25115471141770496,0.07093936076334272,0.21834496510468593,0.550286730336876,False,,,N100_drop0.50_s0.20_c0.05,1.0,0.0,0.0,False,False,1.0068271698186462,1.0170734897113791,-0.08654637964884415,-0.11493045755945958,BSE,True,NSE-trained; BSE current transfer
2026-10-01,SIGNATURE,INE903U01023,737.65,737.65,32673111.65079365,1475.3,0.28002326310862946,0.03328727657680104,0.20187592139014832,0.1648897815429388,0.17538200277332264,0.04346456070444135,0.4488907523520802,0.06448372008791932,0.4488907523520802,0.44561743424112926,0.06629512764062295,0.1648675171736997,0.20187592139014832,0.03328727657680104,0.1648675171736997,0.4488907523520802,False,,,N100_drop0.50_s0.20_c0.05,1.0,0.0,0.0,False,False,1.0068271698186462,1.0170734897113791,-0.08654637964884415,-0.11493045755945958,BSE,True,NSE-trained; BSE current transfer
2026-10-01,KSL,INE907A01026,911.8,911.8,5118937.936507937,1823.6,0.43738720265944353,0.07294333764592305,0.18520182274489325,0.39385863791631814,0.2140793368470164,0.08028837255242435,0.5513059048355441,0.03537568071175567,0.5513059048355441,0.5332476113619666,0.023601822380548924,0.19605077574047955,0.18520182274489325,0.07294333764592305,0.19605077574047955,0.5513059048355441,False,,,N100_drop0.50_s0.20_c0.05,1.0,0.0,0.0,False,False,1.0068271698186462,1.0170734897113791,-0.08654637964884415,-0.11493045755945958,BSE,True,NSE-trained; BSE current transfer
2026-10-01,SHAKTIPUMP,INE908D01010,454.25,454.25,39577625.71428572,908.5,0.2347827180433702,0.02529069745740726,0.2626039793659865,0.09630736563271976,0.16549938084854407,0.06993347734436467,0.36156732737774,0.09894793958864546,0.36156732737774,0.3852882910930628,0.09017896925426001,0.1578542883492161,0.2626039793659865,0.02529069745740726,0.1578542883492161,0.36156732737774,False,,,N100_drop0.50_s0.20_c0.05,1.0,0.0,0.0,False,False,1.0068271698186462,1.0170734897113791,-0.08654637964884415,-0.11493045755945958,BSE,True,NSE-trained; BSE current transfer
2026-10-01,RPEL,INE912T01018,1817.75,1817.75,11598615.26984127,3635.5,0.49103749070307023,0.09239869144999811,0.27708592275296146,0.3334658452944108,0.2500599784956847,0.12493948005446737,0.5607011149233246,0.08583388349424195,0.5607011149233246,0.6069876283991523,0.07804290332572507,0.24014598540145982,0.27708592275296146,0.09239869144999811,0.24014598540145982,0.5607011149233246,False,,,N100_drop0.50_s0.20_c0.05,1.0,0.0,0.0,False,False,1.0068271698186462,1.0170734897113791,-0.08654637964884415,-0.11493045755945958,BSE,True,NSE-trained; BSE current transfer
2026-10-01,ASTERDM,INE914M01019,708.75,708.75,216687764.66666666,1417.5,0.2873706298453502,0.034703922591072994,0.15405052334642969,0.22527623949079756,0.20104765109487496,0.044481489008287495,0.5195819331073942,0.05565779969197326,0.5195819331073942,0.5059186008988055,0.062214104054974496,0.18294117647058825,0.15405052334642969,0.034703922591072994,0.18294117647058825,0.5195819331073942,False,,,N100_drop0.50_s0.20_c0.05,1.0,0.0,0.0,False,False,1.0068271698186462,1.0170734897113791,-0.08654637964884415,-0.11493045755945958,BSE,True,NSE-trained; BSE current transfer
2026-10-01,INDSWFTLAB,INE915B01019,395.25,395.25,22161960.968253966,790.5,0.4959200935446182,0.09437200945685142,0.31411503221967496,0.30043773706077453,0.25878909953721246,0.02704728645366511,0.5998314498233587,0.06886495515402469,0.5998314498233587,0.6344392971006834,0.0944036373405924,0.28798185941043086,0.31411503221967496,0.09437200945685142,0.28798185941043086,0.5998314498233587,False,,,N100_drop0.50_s0.20_c0.05,1.0,0.0,0.0,False,False,1.0068271698186462,1.0170734897113791,-0.08654637964884415,-0.11493045755945958,BSE,True,NSE-trained; BSE current transfer
2026-10-01,SFL,INE916U01025,617.1,617.1,13220011.301587302,1234.2,0.3602181348335596,0.05081950374435198,0.1945904412196197,0.2611613572888496,0.18377681532428206,0.07080415855554228,0.4964408639710401,0.053320731042075555,0.4964408639710401,0.4982396568349945,0.04251466858488755,0.18294117647058825,0.1945904412196197,0.05081950374435198,0.18294117647058825,0.4964408639710401,False,,,N100_drop0.50_s0.20_c0.05,1.0,0.0,0.0,False,False,1.0068271698186462,1.0170734897113791,-0.08654637964884415,-0.11493045755945958,BSE,True,NSE-trained; BSE current transfer
2026-10-01,DBL,INE917M01012,398.95,398.95,14759662.587301588,797.9,0.3088723081416598,0.03905567271849703,0.2090634541658029,0.18681252959459366,0.17577356930317545,0.03853928747878868,0.4523444924295766,0.05700276662295634,0.4523444924295766,0.45710908990885796,0.041933825284518216,0.17320574162679425,0.2090634541658029,0.03905567271849703,0.17320574162679425,0.4523444924295766,False,,,N100_drop0.50_s0.20_c0.05,1.0,0.0,0.0,False,False,1.0068271698186462,1.0170734897113791,-0.08654637964884415,-0.11493045755945958,BSE,True,NSE-trained; BSE current transfer
2026-10-01,BAJAJFINSV,INE918I01026,1729.9,1729.9,370891857.5555556,3459.8,0.23432116950012769,0.02521519033853572,0.14804209422518388,0.17032446393376058,0.1777536424879114,0.044227589475648685,0.46308110157031573,0.08124846940782306,0.46308110157031573,0.4036110647082985,0.1256305055353639,0.1578542883492161,0.14804209422518388,0.02521519033853572,0.1578542883492161,0.46308110157031573,False,,,N100_drop0.50_s0.20_c0.05,1.0,0.0,0.0,False,False,1.0068271698186462,1.0170734897113791,-0.08654637964884415,-0.11493045755945958,BSE,True,NSE-trained; BSE current transfer
2026-10-01,IMFA,INE919H01018,1174.15,1174.15,10298062.825396825,2348.3,0.32907136378843005,0.04344059725495038,0.19259941518918866,0.2255489572088216,0.17868287209073436,0.004493805029908676,0.4958155603145407,0.05503593275279381,0.4958155603145407,0.49872624090505563,0.04578450094862848,0.18294117647058825,0.19259941518918866,0.04344059725495038,0.18294117647058825,0.4958155603145407,False,,,N100_drop0.50_s0.20_c0.05,1.0,0.0,0.0,False,False,1.0068271698186462,1.0170734897113791,-0.08654637964884415,-0.11493045755945958,BSE,True,NSE-trained; BSE current transfer
2026-10-01,BEPL,INE922A01025,123.85,123.85,34404405.07936508,247.7,0.437813817768941,0.07308333202752933,0.18090712433153996,0.40398260874233427,0.22792617750498298,0.13675946752412219,0.6080526209089484,0.07821975141200944,0.6080526209089484,0.603019079367582,0.08203618181359279,0.24014598540145982,0.18090712433153996,0.07308333202752933,0.24014598540145982,0.6080526209089484,False,,,N100_drop0.50_s0.20_c0.05,1.0,0.0,0.0,False,False,1.0068271698186462,1.0170734897113791,-0.08654637964884415,-0.11493045755945958,BSE,True,NSE-trained; BSE current transfer
2026-10-01,PANACEABIO,INE922B01023,357.9,357.9,5171408.682539683,715.8,0.38380770577785733,0.05695765106408012,0.23029557516690377,0.24732412258811656,0.21749248935415624,0.018274016289030193,0.5328133520081512,0.07330023067912225,0.5328133520081512,0.5171207090040543,0.11113391718306873,0.19197207678883071,0.23029557516690377,0.05695765106408012,0.19197207678883071,0.5328133520081512,False,,,N100_drop0.50_s0.20_c0.05,1.0,0.0,0.0,False,False,1.0068271698186462,1.0170734897113791,-0.08654637964884415,-0.11493045755945958,BSE,True,NSE-trained; BSE current transfer
2026-10-01,INDIASHLTR,INE922K01024,646.45,646.45,10821732.412698412,1292.9,0.31517823017270086,0.040392669810923244,0.20895264262415697,0.1933101649428647,0.17652941221985177,0.0272103723642087,0.4610440485293477,0.03992889973632457,0.4610440485293477,0.47033291460183446,0.031894880087538754,0.17320574162679425,0.20895264262415697,0.040392669810923244,0.17320574162679425,0.4610440485293477,False,,,N100_drop0.50_s0.20_c0.05,1.0,0.0,0.0,False,False,1.0068271698186462,1.0170734897113791,-0.08654637964884415,-0.11493045755945958,BSE,True,NSE-trained; BSE current transfer
2026-10-01,CMSINFO,INE925R01014,220.95,220.95,12699078.349206349,441.9,0.2777308230725458,0.032852345860633146,0.23799060034050923,0.1380405184642968,0.15970740036377626,0.013669326141477173,0.45759918290344587,0.03845821881909972,0.45759918290344587,0.43885464436563076,0.04731862246217392,0.1578542883492161,0.23799060034050923,0.032852345860633146,0.1578542883492161,0.45759918290344587,False,,,N100_drop0.50_s0.20_c0.05,1.0,0.0,0.0,False,False,1.0068271698186462,1.0170734897113791,-0.08654637964884415,-0.11493045755945958,BSE,True,NSE-trained; BSE current transfer
2026-10-01,HGINFRA,INE926X01010,419.9,419.9,13201158.857142856,839.8,0.2228724981832654,0.0233792064788603,0.2773416021731199,0.08429750998649933,0.16309488086102839,0.06193773587370266,0.40073717309230045,0.07040685841674384,0.40073717309230045,0.36588325483558526,0.09409920775957038,0.14285714285714285,0.2773416021731199,0.0233792064788603,0.14285714285714285,0.40073717309230045,False,,,N100_drop0.50_s0.20_c0.05,1.0,0.0,0.0,False,False,1.0068271698186462,1.0170734897113791,-0.08654637964884415,-0.11493045755945958,BSE,True,NSE-trained; BSE current transfer
2026-10-01,JBMA,INE927D01051,544.3,544.3,28729080.07936508,1088.6,0.3133205517377299,0.03999584724846723,0.2017118194095605,0.19828212033157414,0.18386794166747034,0.05001702228655602,0.4865287936675123,0.06327913531683538,0.4865287936675123,0.47762770698560425,0.07527471358515715,0.17320574162679425,0.2017118194095605,0.03999584724846723,0.17320574162679425,0.4865287936675123,False,,,N100_drop0.50_s0.20_c0.05,1.0,0.0,0.0,False,False,1.0068271698186462,1.0170734897113791,-0.08654637964884415,-0.11493045755945958,BSE,True,NSE-trained; BSE current transfer
2026-10-01,KPRMILL,INE930H01031,1071.6,1071.6,46450417.23809524,2143.2,0.3195619635210923,0.04133899551258508,0.15358778077790147,0.26915549728766586,0.18719490639418387,0.0974855993760386,0.5214766849806346,0.05762313825350741,0.5214766849806346,0.5007256216034051,0.06389447258162918,0.18294117647058825,0.15358778077790147,0.04133899551258508,0.18294117647058825,0.5214766849806346,False,,,N100_drop0.50_s0.20_c0.05,1.0,0.0,0.0,False,False,1.0068271698186462,1.0170734897113791,-0.08654637964884415,-0.11493045755945958,BSE,True,NSE-trained; BSE current transfer
2026-10-01,ANURAS,INE930P01018,1161.45,1161.45,11788100.57142857,2322.9,0.2864835717431806,0.03453103558194745,0.14921328751312327,0.23142064729932618,0.18602302330368242,0.04763927484975164,0.4476980681676272,0.06667930746278937,0.4476980681676272,0.4146439997069075,0.09156665250272239,0.1578542883492161,0.14921328751312327,0.03453103558194745,0.1578542883492161,0.4476980681676272,False,,,N100_drop0.50_s0.20_c0.05,1.0,0.0,0.0,False,False,1.0068271698186462,1.0170734897113791,-0.08654637964884415,-0.11493045755945958,BSE,True,NSE-trained; BSE current transfer
2026-10-01,ADANIENSOL,INE931S01010,1325.5,1325.5,197121669.80952382,2651.0,0.31139410046403204,0.039586947170535874,0.175441021700203,0.22564247966010373,0.1961230186684251,0.07328661615513518,0.5472234282475587,0.034666548308651055,0.5472234282475587,0.5536349703927258,0.04027580188353939,0.21834496510468593,0.175441021700203,0.039586947170535874,0.21834496510468593,0.5472234282475587,False,,,N100_drop0.50_s0.20_c0.05,1.0,0.0,0.0,False,False,1.0068271698186462,1.0170734897113791,-0.08654637964884415,-0.11493045755945958,BSE,True,NSE-trained; BSE current transfer
2026-10-01,PENIND,INE932A01024,173.45,173.45,6016243.047619048,346.9,0.3739377074886978,0.05432827020718478,0.20895744399009397,0.2599968164319636,0.18604868070653807,0.08162127537045497,0.4908043956100241,0.01524926499054442,0.4908043956100241,0.4618099902523812,0.0338892324957768,0.17320574162679425,0.20895744399009397,0.05432827020718478,0.17320574162679425,0.4908043956100241,False,,,N100_drop0.50_s0.20_c0.05,1.0,0.0,0.0,False,False,1.0068271698186462,1.0170734897113791,-0.08654637964884415,-0.11493045755945958,BSE,True,NSE-trained; BSE current transfer
2026-10-01,SHAREINDIA,INE932X01026,204.85,204.85,50959714.76190476,409.7,0.46202054379500546,0.0813957478743843,0.20736354394692677,0.39252679774424076,0.24352217045536403,0.10397222397526601,0.5888091624287813,0.05572219936514283,0.5888091624287813,0.5719454943425536,0.06455489533694209,0.22131147540983606,0.20736354394692677,0.0813957478743843,0.22131147540983606,0.5888091624287813,False,,,N100_drop0.50_s0.20_c0.05,1.0,0.0,0.0,False,False,1.0068271698186462,1.0170734897113791,-0.08654637964884415,-0.11493045755945958,BSE,True,NSE-trained; BSE current transfer
2026-10-01,SIGMAADV,INE933B01012,1073.65,1073.65,32660538.253968254,2147.3,0.5538080594885073,0.12088326885472926,0.3525491807054632,0.3428834201595296,0.31293073490434836,0.18452698336582013,0.5113781957812719,0.14683261503363051,0.5113781957812719,0.6089854890107315,0.0864766676400474,0.24014598540145982,0.3525491807054632,0.12088326885472926,0.24014598540145982,0.5113781957812719,False,,,N100_drop0.50_s0.20_c0.05,1.0,0.0,0.0,False,False,1.0068271698186462,1.0170734897113791,-0.08654637964884415,-0.11493045755945958,BSE,True,NSE-trained; BSE current transfer
2026-10-01,BAJAJCON,INE933K01021,497.0,497.0,26105018.126984127,994.0,0.43474124304865974,0.07207988798475101,0.23421787802717156,0.3077471651262635,0.22291912057778754,0.1080017744278835,0.5438201694991868,0.028868033464474866,0.5438201694991868,0.5755168699037582,0.05374324987168338,0.23979591836734693,0.23421787802717156,0.07207988798475101,0.23979591836734693,0.5438201694991868,False,,,N100_drop0.50_s0.20_c0.05,1.0,0.0,0.0,False,False,1.0068271698186462,1.0170734897113791,-0.08654637964884415,-0.11493045755945958,BSE,True,NSE-trained; BSE current transfer
2026-10-01,INDIAMART,INE933S01016,1622.45,1622.45,21611760.38095238,3244.9,0.25875482550138645,0.029377214427484484,0.20194783821340032,0.14546931864871604,0.18193717685113428,0.011705699319278284,0.4567827043078787,0.052419724953107746,0.4567827043078787,0.40496322337019636,0.0920945711265806,0.1578542883492161,0.20194783821340032,0.029377214427484484,0.1578542883492161,0.4567827043078787,False,,,N100_drop0.50_s0.20_c0.05,1.0,0.0,0.0,False,False,1.0068271698186462,1.0170734897113791,-0.08654637964884415,-0.11493045755945958,BSE,True,NSE-trained; BSE current transfer
2026-10-01,GNA,INE934S01014,581.8,581.8,26201011.126984127,1163.6,0.4425842842762673,0.07466365845701119,0.20490356102864807,0.36438438689004665,0.22665379744867487,0.1034731431387031,0.58602090005862,0.053641485539465746,0.58602090005862,0.5764696920761138,0.057541919958964904,0.23979591836734693,0.20490356102864807,0.07466365845701119,0.23979591836734693,0.58602090005862,False,,,N100_drop0.50_s0.20_c0.05,1.0,0.0,0.0,False,False,1.0068271698186462,1.0170734897113791,-0.08654637964884415,-0.11493045755945958,BSE,True,NSE-trained; BSE current transfer
2026-10-01,MOSCHIP,INE935B01025,198.1,198.1,59510793.92063492,396.2,0.38898710442515005,0.05837405636768499,0.22306156488047135,0.26169482133313743,0.2099796376108189,0.04020348388871439,0.5103874337511524,0.07922855564025484,0.5103874337511524,0.5323102312488378,0.09220029709250062,0.19605077574047955,0.22306156488047135,0.05837405636768499,0.19605077574047955,0.5103874337511524,False,,,N100_drop0.50_s0.20_c0.05,1.0,0.0,0.0,False,False,1.0068271698186462,1.0170734897113791,-0.08654637964884415,-0.11493045755945958,BSE,True,NSE-trained; BSE current transfer
2026-10-01,STAR,INE939A01011,1082.95,1082.95,24443779.301587302,2165.9,0.3989989844122155,0.06118595175953116,0.18434342546991092,0.33191285017928734,0.20198916895217053,0.0772125506756938,0.5184116564879765,0.037636811497472215,0.5184116564879765,0.5061030974084753,0.050501679185580885,0.18294117647058825,0.18434342546991092,0.06118595175953116,0.18294117647058825,0.5184116564879765,False,,,N100_drop0.50_s0.20_c0.05,1.0,0.0,0.0,False,False,1.0068271698186462,1.0170734897113791,-0.08654637964884415,-0.11493045755945958,BSE,True,NSE-trained; BSE current transfer
2026-10-01,PGIL,INE940H01022,1264.7,1264.7,39577881.92063492,2529.4,0.4584243523869227,0.08011349378688981,0.1753638665255692,0.45684151116278415,0.23923887183103573,0.1537748921638749,0.6050886695486438,0.07167798993349618,0.6050886695486438,0.6094922171690643,0.08470045024025728,0.24014598540145982,0.1753638665255692,0.08011349378688981,0.24014598540145982,0.6050886695486438,False,,,N100_drop0.50_s0.20_c0.05,1.0,0.0,0.0,False,False,1.0068271698186462,1.0170734897113791,-0.08654637964884415,-0.11493045755945958,BSE,True,NSE-trained; BSE current transfer
2026-10-01,GUJTHEM,INE942C01045,382.35,382.35,6874245.365079365,764.7,0.45464462117296844,0.07878406562808807,0.21166554501847507,0.37221015645796984,0.22585883266949258,0.08906342525457053,0.5563870097844573,0.037650900697801234,0.5563870097844573,0.5754961714322767,0.05304574927308109,0.23979591836734693,0.21166554501847507,0.07878406562808807,0.23979591836734693,0.5563870097844573,False,,,N100_drop0.50_s0.20_c0.05,1.0,0.0,0.0,False,False,1.0068271698186462,1.0170734897113791,-0.08654637964884415,-0.11493045755945958,BSE,True,NSE-trained; BSE current transfer
2026-10-01,AGARWALEYE,INE943P01029,487.2,487.2,18018678.714285713,974.4,0.3161751980282167,0.04060666040735649,0.1431524473460829,0.28366025981509435,0.17896221464128,0.05369188808274983,0.5200828555282148,0.03684993268592754,0.5200828555282148,0.5106228301350723,0.04055492454650186,0.18294117647058825,0.1431524473460829,0.04060666040735649,0.18294117647058825,0.5200828555282148,False,,,N100_drop0.50_s0.20_c0.05,1.0,0.0,0.0,False,False,1.0068271698186462,1.0170734897113791,-0.08654637964884415,-0.11493045755945958,BSE,True,NSE-trained; BSE current transfer
2026-10-01,DECNGOLD,INE945F01025,195.7,195.7,63875853.17460317,391.4,0.48396615242763685,0.08960521845050112,0.2373200309396514,0.3775712403867292,0.2586268820984624,0.12471208571820921,0.5645898864731361,0.06516366406050145,0.5645898864731361,0.6265056654578209,0.09843844430895042,0.28798185941043086,0.2373200309396514,0.08960521845050112,0.28798185941043086,0.5645898864731361,False,,,N100_drop0.50_s0.20_c0.05,1.0,0.0,0.0,False,False,1.0068271698186462,1.0170734897113791,-0.08654637964884415,-0.11493045755945958,BSE,True,NSE-trained; BSE current transfer
2026-10-01,V2RETAIL,INE945H01021,201.8,201.8,16633066.206349207,403.6,0.2977295911900636,0.03676134238106331,0.1551645772339812,0.23691839359462089,0.16752062384302957,0.03369013398220348,0.45762094971135037,0.08446881530596455,0.45762094971135037,0.4273208896361819,0.09180423344253605,0.1578542883492161,0.1551645772339812,0.03676134238106331,0.1578542883492161,0.45762094971135037,False,,,N100_drop0.50_s0.20_c0.05,1.0,0.0,0.0,False,False,1.0068271698186462,1.0170734897113791,-0.08654637964884415,-0.11493045755945958,BSE,True,NSE-trained; BSE current transfer
2026-10-01,SUNFLAG,INE947A01014,432.35,432.35,9578305.714285715,864.7,0.4921414091867564,0.09284162185678778,0.19967965800867102,0.46495282885929307,0.24732547890421058,0.1216020579256879,0.5690204533288681,0.0375720125696618,0.5690204533288681,0.5559739151119586,0.04889120895846165,0.21834496510468593,0.19967965800867102,0.09284162185678778,0.21834496510468593,0.5690204533288681,False,,,N100_drop0.50_s0.20_c0.05,1.0,0.0,0.0,False,False,1.0068271698186462,1.0170734897113791,-0.08654637964884415,-0.11493045755945958,BSE,True,NSE-trained; BSE current transfer
2026-10-01,AEQUS,INE947N01017,274.9,274.9,124139249.25396825,549.8,0.4440930973993671,0.0751692354160405,0.2040986017778918,0.3682986299820057,0.23699495098730539,0.12251906146901195,0.5750452445450541,0.046500915519121055,0.5750452445450541,0.5632119586404708,0.059227773285442716,0.21834496510468593,0.2040986017778918,0.0751692354160405,0.21834496510468593,0.5750452445450541,False,,,N100_drop0.50_s0.20_c0.05,1.0,0.0,0.0,False,False,1.0068271698186462,1.0170734897113791,-0.08654637964884415,-0.11493045755945958,BSE,True,NSE-trained; BSE current transfer
2026-10-01,LAURUSLABS,INE947Q01028,1989.0,1989.0,155851326.25396827,3978.0,0.3623022119704026,0.0513418693451824,0.14727935408890633,0.34860194534930866,0.20744641750833326,0.06707458630504409,0.5830193862576127,0.0542606985337971,0.5830193862576127,0.575094900072772,0.05479271808827239,0.23979591836734693,0.14727935408890633,0.0513418693451824,0.23979591836734693,0.5830193862576127,False,,,N100_drop0.50_s0.20_c0.05,1.0,0.0,0.0,False,False,1.0068271698186462,1.0170734897113791,-0.08654637964884415,-0.11493045755945958,BSE,True,NSE-trained; BSE current transfer
2026-10-01,MANINFRA,INE949H01023,124.35,124.35,15299912.507936507,248.7,0.4364308078699323,0.07263028241330075,0.1899913399598818,0.38228206837552287,0.22394792725455864,0.126566102993292,0.5772530990316443,0.05273620999765366,0.5772530990316443,0.5757763473045948,0.057689497210027814,0.23979591836734693,0.1899913399598818,0.07263028241330075,0.23979591836734693,0.5772530990316443,False,,,N100_drop0.50_s0.20_c0.05,1.0,0.0,0.0,False,False,1.0068271698186462,1.0170734897113791,-0.08654637964884415,-0.11493045755945958,BSE,True,NSE-trained; BSE current transfer
2026-10-01,AUBANK,INE949L01017,990.6,990.6,204114494.0,1981.2,0.3047458714527326,0.03819599895802776,0.14482812590451025,0.2637332957219345,0.19119160938273605,0.05400277755826928,0.5479502344656835,0.04661633398389216,0.5479502344656835,0.5331287400191775,0.0458538368281915,0.19605077574047955,0.14482812590451025,0.03819599895802776,0.19605077574047955,0.5479502344656835,False,,,N100_drop0.50_s0.20_c0.05,1.0,0.0,0.0,False,False,1.0068271698186462,1.0170734897113791,-0.08654637964884415,-0.11493045755945958,BSE,True,NSE-trained; BSE current transfer
2026-10-01,ATULAUTO,INE951D01028,424.6,424.6,6953626.952380952,849.2,0.38799674678572765,0.05810123776771723,0.2290140398370216,0.25370164121407196,0.19383828600788827,0.04295409593932836,0.5005366618081236,0.03909310449605846,0.5005366618081236,0.49631970414608534,0.05403841679449472,0.18294117647058825,0.2290140398370216,0.05810123776771723,0.18294117647058825,0.5005366618081236,False,,,N100_drop0.50_s0.20_c0.05,1.0,0.0,0.0,False,False,1.0068271698186462,1.0170734897113791,-0.08654637964884415,-0.11493045755945958,BSE,True,NSE-trained; BSE current transfer
2026-10-01,VGUARD,INE951I01027,294.55,294.55,44040123.428571425,589.1,0.30034802933560906,0.037292802516296054,0.15653649621622145,0.23823711030802733,0.1758463368631215,0.04611704479253877,0.48682070600562666,0.07701347012986541,0.48682070600562666,0.48504891029488567,0.0768012664365652,0.17320574162679425,0.15653649621622145,0.037292802516296054,0.17320574162679425,0.48682070600562666,False,,,N100_drop0.50_s0.20_c0.05,1.0,0.0,0.0,False,False,1.0068271698186462,1.0170734897113791,-0.08654637964884415,-0.11493045755945958,BSE,True,NSE-trained; BSE current transfer
2026-10-01,JSFB,INE953L01027,482.95,482.95,37716999.015873015,965.9,0.4119015543662991,0.06495929273163345,0.1922635968456576,0.337865793615525,0.21494739162201076,0.11330034600818822,0.573075041397093,0.060153492477129526,0.573075041397093,0.5832207923376578,0.07789518557372731,0.24014598540145982,0.1922635968456576,0.06495929273163345,0.24014598540145982,0.573075041397093,False,,,N100_drop0.50_s0.20_c0.05,1.0,0.0,0.0,False,False,1.0068271698186462,1.0170734897113791,-0.08654637964884415,-0.11493045755945958,BSE,True,NSE-trained; BSE current transfer
2026-10-01,PNGJL,INE953R01016,581.9,581.9,24019287.73015873,1163.8,0.3292029790942095,0.043470161448549156,0.1655534894352145,0.26257472190315984,0.18345041845391818,0.05378041641651961,0.4973872930387542,0.06005604046721405,0.4973872930387542,0.47206161026198296,0.07828519994950768,0.17320574162679425,0.1655534894352145,0.043470161448549156,0.17320574162679425,0.4973872930387542,False,,,N100_drop0.50_s0.20_c0.05,1.0,0.0,0.0,False,False,1.0068271698186462,1.0170734897113791,-0.08654637964884415,-0.11493045755945958,BSE,True,NSE-trained; BSE current transfer
2026-10-01,ARVINDFASN,INE955V01021,381.15,381.15,8083808.650793651,762.3,0.2594185700255923,0.02949508753441119,0.2024403676276446,0.14569765842681384,0.16457221807574904,0.029194577697447488,0.45437599607693685,0.03557811088289507,0.45437599607693685,0.45519785941139856,0.03265415455104914,0.17320574162679425,0.2024403676276446,0.02949508753441119,0.17320574162679425,0.45437599607693685,False,,,N100_drop0.50_s0.20_c0.05,1.0,0.0,0.0,False,False,1.0068271698186462,1.0170734897113791,-0.08654637964884415,-0.11493045755945958,BSE,True,NSE-trained; BSE current transfer
2026-10-01,LENSKART,INE956O01016,691.45,691.45,943581160.5555556,1382.9,0.3050395049948448,0.03825677947695252,0.11246431302607054,0.34016816932927113,0.18222621321508956,0.0013759425300175626,0.5435886163299654,0.06249898879389066,0.5435886163299654,0.5269058337424964,0.03733031603096957,0.19605077574047955,0.11246431302607054,0.03825677947695252,0.19605077574047955,0.5435886163299654,False,,,N100_drop0.50_s0.20_c0.05,1.0,0.0,0.0,False,False,1.0068271698186462,1.0170734897113791,-0.08654637964884415,-0.11493045755945958,BSE,True,NSE-trained; BSE current transfer
2026-10-01,RAINBOW,INE961O01016,1279.6,1279.6,38810848.96825397,2559.2,0.30362917890203567,0.03796539637360531,0.1605026777449325,0.23654057930384892,0.17502626659513215,0.07293881764055439,0.46745548666667336,0.08752879996553886,0.46745548666667336,0.41401853994845883,0.13256569987483086,0.1578542883492161,0.1605026777449325,0.03796539637360531,0.1578542883492161,0.46745548666667336,False,,,N100_drop0.50_s0.20_c0.05,1.0,0.0,0.0,False,False,1.0068271698186462,1.0170734897113791,-0.08654637964884415,-0.11493045755945958,BSE,True,NSE-trained; BSE current transfer
2026-10-01,IRCON,INE962Y01021,110.25,110.25,29032536.73015873,220.5,0.32169525610211286,0.04180460055621221,0.2694777596572958,0.15513191370366358,0.19628513668421435,0.04466975265170725,0.44693436573834094,0.08492638006035641,0.44693436573834094,0.46240444543214143,0.06343477612372016,0.17320574162679425,0.2694777596572958,0.04180460055621221,0.17320574162679425,0.44693436573834094,False,,,N100_drop0.50_s0.20_c0.05,1.0,0.0,0.0,False,False,1.0068271698186462,1.0170734897113791,-0.08654637964884415,-0.11493045755945958,BSE,True,NSE-trained; BSE current transfer
2026-10-01,KIMS,INE967H01025,735.1,735.1,98038038.65079366,1470.2,0.2691883134100276,0.03126064736202099,0.1412798352994353,0.22126758072562633,0.19998580605663047,0.05787881904954516,0.4820825637235176,0.07605221952245982,0.4820825637235176,0.41373426568711397,0.13059101201651885,0.1578542883492161,0.1412798352994353,0.03126064736202099,0.1578542883492161,0.4820825637235176,False,,,N100_drop0.50_s0.20_c0.05,1.0,0.0,0.0,False,False,1.0068271698186462,1.0170734897113791,-0.08654637964884415,-0.11493045755945958,BSE,True,NSE-trained; BSE current transfer
2026-10-01,LEMONTREE,INE970X01018,107.75,107.75,37533280.46031746,215.5,0.2534158950062186,0.02843852998109179,0.17158022856376198,0.16574479600091904,0.18651252750105907,0.044209671224806985,0.42961716767797514,0.08267191487653704,0.42961716767797514,0.4065284941448521,0.09318775077339884,0.1578542883492161,0.17158022856376198,0.02843852998109179,0.1578542883492161,0.42961716767797514,False,,,N100_drop0.50_s0.20_c0.05,1.0,0.0,0.0,False,False,1.0068271698186462,1.0170734897113791,-0.08654637964884415,-0.11493045755945958,BSE,True,NSE-trained; BSE current transfer
2026-10-01,WSTCSTPAPR,INE976A01021,728.75,728.75,14662509.80952381,1457.5,0.45366199667939827,0.07844147871687214,0.18227350780664883,0.43035040945215636,0.23081794101031047,0.09045692367552041,0.6009647127518795,0.06456716613727667,0.6009647127518795,0.5909060389030386,0.06272315093351553,0.24014598540145982,0.18227350780664883,0.07844147871687214,0.24014598540145982,0.6009647127518795,False,,,N100_drop0.50_s0.20_c0.05,1.0,0.0,0.0,False,False,1.0068271698186462,1.0170734897113791,-0.08654637964884415,-0.11493045755945958,BSE,True,NSE-trained; BSE current transfer
2026-10-01,RBLBANK,INE976G01028,412.0,412.0,99222234.44444445,824.0,0.3679026986946943,0.05276433019424961,0.14051207530913623,0.3755145604259595,0.19746342015108861,0.0528308025745724,0.5731443892524745,0.04475046535978779,0.5731443892524745,0.515591676714836,0.05180333047970336,0.18294117647058825,0.14051207530913623,0.05276433019424961,0.18294117647058825,0.5731443892524745,False,,,N100_drop0.50_s0.20_c0.05,1.0,0.0,0.0,False,False,1.0068271698186462,1.0170734897113791,-0.08654637964884415,-0.11493045755945958,BSE,True,NSE-trained; BSE current transfer
2026-10-01,TATACAP,INE976I01016,319.45,319.45,56363753.23809524,638.9,0.2746703470479522,0.03227686885941415,0.1587725114270581,0.2032900315634455,0.1897378123946692,0.05482537038007183,0.4926433643816635,0.07568408386978305,0.4926433643816635,0.45798009518537075,0.09600537536341834,0.17320574162679425,0.1587725114270581,0.03227686885941415,0.17320574162679425,0.4926433643816635,False,,,N100_drop0.50_s0.20_c0.05,1.0,0.0,0.0,False,False,1.0068271698186462,1.0170734897113791,-0.08654637964884415,-0.11493045755945958,BSE,True,NSE-trained; BSE current transfer
2026-10-01,AGIIL,INE976R01033,259.75,259.75,11863177.126984127,519.5,0.31536821064824294,0.04043339206865184,0.20120779946175726,0.20095340328164987,0.18850482327988483,0.01115939630066104,0.4799185948939429,0.09664812085830757,0.4799185948939429,0.44789479780146274,0.10344691284002552,0.1648675171736997,0.20120779946175726,0.04043339206865184,0.1648675171736997,0.4799185948939429,False,,,N100_drop0.50_s0.20_c0.05,1.0,0.0,0.0,False,False,1.0068271698186462,1.0170734897113791,-0.08654637964884415,-0.11493045755945958,BSE,True,NSE-trained; BSE current transfer
2026-10-01,HERITGFOOD,INE978A01027,401.75,401.75,13628017.650793651,803.5,0.3824487229176734,0.056590233231816854,0.19118228138593685,0.29600145380407394,0.1942188513769124,0.08985139508203302,0.515749738905853,0.03069809851849816,0.515749738905853,0.4990153845209049,0.037907340995896814,0.18294117647058825,0.19118228138593685,0.056590233231816854,0.18294117647058825,0.515749738905853,False,,,N100_drop0.50_s0.20_c0.05,1.0,0.0,0.0,False,False,1.0068271698186462,1.0170734897113791,-0.08654637964884415,-0.11493045755945958,BSE,True,NSE-trained; BSE current transfer
2026-10-01,SAREGAMA,INE979A01025,493.7,493.7,23655482.746031746,987.4,0.43688350919534474,0.07277832893339482,0.1663227421483792,0.4375729259470007,0.2211581160034913,0.04162117110607941,0.6018837037948848,0.06889562804881012,0.6018837037948848,0.5754886306467067,0.0769166667059251,0.23979591836734693,0.1663227421483792,0.07277832893339482,0.23979591836734693,0.6018837037948848,False,,,N100_drop0.50_s0.20_c0.05,1.0,0.0,0.0,False,False,1.0068271698186462,1.0170734897113791,-0.08654637964884415,-0.11493045755945958,BSE,True,NSE-trained; BSE current transfer
2026-10-01,JYOTICNC,INE980O01024,1034.95,1034.95,86705508.57142857,2069.9,0.4439140856434013,0.07510910594479908,0.1863535791769075,0.40304622147073,0.23483639819956048,0.09362662413039347,0.5992102965396544,0.0705375924924158,0.5992102965396544,0.5938757474714094,0.07957922584537555,0.24014598540145982,0.1863535791769075,0.07510910594479908,0.24014598540145982,0.5992102965396544,False,,,N100_drop0.50_s0.20_c0.05,1.0,0.0,0.0,False,False,1.0068271698186462,1.0170734897113791,-0.08654637964884415,-0.11493045755945958,BSE,True,NSE-trained; BSE current transfer
2026-10-01,SOUTHWEST,INE980Y01015,181.2,181.2,8905877.206349207,362.4,0.463869498048216,0.08206170083792753,0.25526066498941885,0.3214819676244641,0.24535685766585502,0.02593851760429361,0.5262673247334774,0.05775344991899449,0.5262673247334774,0.5362520729814584,0.0735567107806929,0.21568627450980393,0.25526066498941885,0.08206170083792753,0.21568627450980393,0.5262673247334774,False,,,N100_drop0.50_s0.20_c0.05,1.0,0.0,0.0,False,False,1.0068271698186462,1.0170734897113791,-0.08654637964884415,-0.11493045755945958,BSE,True,NSE-trained; BSE current transfer
2026-10-01,PAYTM,INE982J01020,1664.8,1664.8,388640088.0,3329.6,0.36675946507799406,0.05247172553883354,0.18155906506113165,0.2890063656208303,0.18997924951749479,0.12200571284174487,0.5615739040034408,0.041301320188642646,0.5615739040034408,0.5311483396978359,0.036895041455717516,0.19605077574047955,0.18155906506113165,0.05247172553883354,0.19605077574047955,0.5615739040034408,False,,,N100_drop0.50_s0.20_c0.05,1.0,0.0,0.0,False,False,1.0068271698186462,1.0170734897113791,-0.08654637964884415,-0.11493045755945958,BSE,True,NSE-trained; BSE current transfer
2026-10-01,CNL,INE985W01018,1078.8,1078.8,15174170.523809524,2157.6,0.44924299014355334,0.0769160410978647,0.17949845582120424,0.4285053080037615,0.24683732715159187,0.134735947983693,0.6542846534797929,0.11400976183175071,0.6542846534797929,0.6477539307044282,0.12306166310923707,0.28798185941043086,0.17949845582120424,0.0769160410978647,0.28798185941043086,0.6542846534797929,False,,,N100_drop0.50_s0.20_c0.05,1.0,0.0,0.0,False,False,1.0068271698186462,1.0170734897113791,-0.08654637964884415,-0.11493045755945958,BSE,True,NSE-trained; BSE current transfer
2026-10-01,NATCOPHARM,INE987B01026,821.75,821.75,40561898.11111111,1643.5,0.2613771206689567,0.029844429756315256,0.17392352133563369,0.17159513289017503,0.2020976732052011,0.007997333007185803,0.4451118274120216,0.11906237633611072,0.4451118274120216,0.4044504085136875,0.13676664486633772,0.1578542883492161,0.17392352133563369,0.029844429756315256,0.1578542883492161,0.4451118274120216,False,,,N100_drop0.50_s0.20_c0.05,1.0,0.0,0.0,False,False,1.0068271698186462,1.0170734897113791,-0.08654637964884415,-0.11493045755945958,BSE,True,NSE-trained; BSE current transfer
2026-10-01,KSHINTL,INE987S01020,1028.15,1028.15,43334964.61904762,2056.3,0.5088161866029364,0.09976596687400771,0.22148046219562523,0.45045041844769246,0.2676566639184504,0.12369957767858214,0.633719292595326,0.08962332975637363,0.633719292595326,0.6458627657685286,0.10172446848160839,0.28798185941043086,0.22148046219562523,0.09976596687400771,0.28798185941043086,0.633719292595326,False,,,N100_drop0.50_s0.20_c0.05,1.0,0.0,0.0,False,False,1.0068271698186462,1.0170734897113791,-0.08654637964884415,-0.11493045755945958,BSE,True,NSE-trained; BSE current transfer
2026-10-01,SANGHVIMOV,INE989A01032,429.1,429.1,15534400.42857143,858.2,0.4399527042853489,0.07378849356449706,0.21191414084293014,0.34819995150389127,0.22546595646907394,0.1038072027250157,0.5751737283686712,0.053727610952412956,0.5751737283686712,0.5956699234059579,0.07406384069910203,0.24014598540145982,0.21191414084293014,0.07378849356449706,0.24014598540145982,0.5751737283686712,False,,,N100_drop0.50_s0.20_c0.05,1.0,0.0,0.0,False,False,1.0068271698186462,1.0170734897113791,-0.08654637964884415,-0.11493045755945958,BSE,True,NSE-trained; BSE current transfer
2026-10-01,DIACABS,INE989C01038,346.45,346.45,79696525.41269842,692.9,0.4705279394647322,0.08449829250170987,0.24540276504402903,0.3443249406197586,0.24511332715345793,0.20147666015727547,0.5836946185134094,0.07482186288263613,0.5836946185134094,0.6253744059431999,0.08911449927160599,0.28798185941043086,0.24540276504402903,0.08449829250170987,0.28798185941043086,0.5836946185134094,False,,,N100_drop0.50_s0.20_c0.05,1.0,0.0,0.0,False,False,1.0068271698186462,1.0170734897113791,-0.08654637964884415,-0.11493045755945958,BSE,True,NSE-trained; BSE current transfer
2026-10-01,MANINDS,INE993A01026,922.8,922.8,53141569.84126984,1845.6,0.4792145192209796,0.08776981076093193,0.2824341337875043,0.3107620512574713,0.25319098022072145,0.11976338718833729,0.5752942332379448,0.04350207856477187,0.5752942332379448,0.5905218048864965,0.07733094861304426,0.24014598540145982,0.2824341337875043,0.08776981076093193,0.24014598540145982,0.5752942332379448,False,,,N100_drop0.50_s0.20_c0.05,1.0,0.0,0.0,False,False,1.0068271698186462,1.0170734897113791,-0.08654637964884415,-0.11493045755945958,BSE,True,NSE-trained; BSE current transfer
2026-10-01,NIVABUPA,INE995S01015,73.05,73.05,7284942.587301588,146.1,0.2712206891544333,0.031635226429643254,0.15536328168428662,0.20362099774597403,0.17673716517873442,0.04204262555560173,0.48629623371495506,0.03551074237146826,0.48629623371495506,0.43375205407571443,0.06848733898054016,0.1578542883492161,0.15536328168428662,0.031635226429643254,0.1578542883492161,0.48629623371495506,False,,,N100_drop0.50_s0.20_c0.05,1.0,0.0,0.0,False,False,1.0068271698186462,1.0170734897113791,-0.08654637964884415,-0.11493045755945958,BSE,True,NSE-trained; BSE current transfer
2026-10-01,KSB,INE999A01023,806.6,806.6,17355612.0,1613.2,0.35970769313856266,0.050692133378314595,0.18020992533435423,0.2812949025102943,0.1843240453884028,0.09970136803407595,0.48816987464594064,0.03330048916057478,0.48816987464594064,0.47683783679869807,0.034493533455587796,0.17320574162679425,0.18020992533435423,0.050692133378314595,0.17320574162679425,0.48816987464594064,False,,,N100_drop0.50_s0.20_c0.05,1.0,0.0,0.0,False,False,1.0068271698186462,1.0170734897113791,-0.08654637964884415,-0.11493045755945958,BSE,True,NSE-trained; BSE current transfer
