date,symbol,isin,close,adj_close,avg_turnover_63,target_2x,p_raw,p_cal,p_dd30,asymmetry,model_dispersion,dd_model_dispersion,p05,p50,p95,p_conservative,hit25_6m_raw,hit25_6m_dispersion,hit25_6m_cal_raw,hit50_6m_raw,hit50_6m_dispersion,hit50_6m_cal_raw,p_dd30_cal,p100_cal,p50_cal,p25_cal,selected_v941,selection_score_v941,selection_rank_v941,production_risk_config,production_share_p100,production_share_p50,production_share_p25,production_p50_allowed,production_p25_allowed,production_p50_pr_auc_lift,production_p25_pr_auc_lift,production_p50_calibration_slope,production_p25_calibration_slope,exchange,cross_exchange_extrapolation,validation_domain,selected_v103,selection_score_v103,selection_rank_v103
2026-10-01,OCCLLTD,INE0PK601023,193.49,193.49,14188538.242063493,386.98,0.5381161363943187,0.1130826427690921,0.1598511732592337,0.7074245403610759,0.2805845422729754,0.0732710775655762,0.0792761129901239,0.1124407991242203,0.150816089980525,0.0792761129901239,0.6400360122285443,0.0947427384391621,0.6400360122285443,0.62139328476215,0.0971027224906739,0.2469135802469135,0.1598511732592337,0.1130826427690921,0.2469135802469135,0.6400360122285443,True,0.912,1.0,N100_drop0.50_s0.20_c0.05,1.0,0.0,0.0,False,False,1.0068271698186462,1.0170734897113791,-0.0865463796488441,-0.1149304575594595,NSE,False,NSE validated,True,0.912,1.0
2026-10-01,MAHASTEEL,INE451L01014,1182.5,1182.5,14677286.276984124,2365.0,0.5086158374228598,0.0996800907034376,0.1517852131225595,0.6567180600323075,0.2664482416864653,0.0079313502397755,0.0703890601012952,0.099250558325088,0.1322752709168556,0.0703890601012952,0.6949547858820816,0.1411477969937529,0.6949547858820816,0.6975065339855399,0.1414292997882356,0.4468085106382978,0.1517852131225595,0.0996800907034376,0.4468085106382978,0.6949547858820816,True,0.893,2.0,N100_drop0.50_s0.20_c0.05,1.0,0.0,0.0,False,False,1.0068271698186462,1.0170734897113791,-0.0865463796488441,-0.1149304575594595,NSE,False,NSE validated,True,0.893,2.0
2026-10-01,SHILPAMED,INE790G01031,1064.1,1064.1,1355007779.04127,2128.2,0.4922834054461766,0.0928987315075092,0.1533282327270257,0.6058814469798218,0.2662169251426508,0.0312663429416274,0.065998170581583,0.0922971067317694,0.1234923856509274,0.065998170581583,0.607470522696507,0.0727981816041303,0.607470522696507,0.6179023570019253,0.0822288823557715,0.2469135802469135,0.1533282327270257,0.0928987315075092,0.2469135802469135,0.607470522696507,True,0.8300000000000001,3.0,N100_drop0.50_s0.20_c0.05,1.0,0.0,0.0,False,False,1.0068271698186462,1.0170734897113791,-0.0865463796488441,-0.1149304575594595,NSE,False,NSE validated,True,0.8300000000000001,3.0
2026-10-01,UNITEDPOLY,INE368U01029,47.05,47.05,5899099.643015873,94.1,0.5082058621311061,0.0995045704961882,0.1703828119913212,0.5840059178108687,0.253098781729959,0.0256034527915232,0.0702655073674386,0.0990703155077382,0.1319971294098424,0.0702655073674386,0.6266982731272173,0.0782329817048096,0.6266982731272173,0.5714508252142717,0.0827028733236583,0.221311475409836,0.1703828119913212,0.0995045704961882,0.221311475409836,0.6266982731272173,True,0.8280000000000001,4.0,N100_drop0.50_s0.20_c0.05,1.0,0.0,0.0,False,False,1.0068271698186462,1.0170734897113791,-0.0865463796488441,-0.1149304575594595,NSE,False,NSE validated,True,0.8280000000000001,4.0
2026-10-01,VALIANTLAB,INE0JWS01017,125.08,125.08,11557085.375714283,250.16,0.5315759965895923,0.1099745492926079,0.1919740953946061,0.5728614012560045,0.2735042284020836,0.0190233063387259,0.0773609678298107,0.10938193176738,0.1466041796458023,0.0773609678298107,0.6340110643348232,0.0961010852327789,0.6340110643348232,0.6155938210839459,0.0901160454907197,0.2469135802469135,0.1919740953946061,0.1099745492926079,0.2469135802469135,0.6340110643348232,True,0.826,5.0,N100_drop0.50_s0.20_c0.05,1.0,0.0,0.0,False,False,1.0068271698186462,1.0170734897113791,-0.0865463796488441,-0.1149304575594595,NSE,False,NSE validated,True,0.826,5.0
2026-10-01,UYFINCORP,INE152C01025,22.86,22.86,6954469.170634921,45.72,0.4963428749222839,0.0945446218341616,0.1623298102253157,0.5824230417255619,0.2508058414713826,0.0595165572042802,0.0671297643264483,0.0940616866176212,0.1257304731341991,0.0671297643264483,0.6267686125602369,0.0864197383158768,0.6267686125602369,0.5994189471622755,0.0722811934076127,0.2401459854014598,0.1623298102253157,0.0945446218341616,0.2401459854014598,0.6267686125602369,True,0.811,6.0,N100_drop0.50_s0.20_c0.05,1.0,0.0,0.0,False,False,1.0068271698186462,1.0170734897113791,-0.0865463796488441,-0.1149304575594595,NSE,False,NSE validated,True,0.811,6.0
2026-10-01,GCSL,INE199P01028,679.9,679.9,359405185.37777776,1359.8,0.4763827757061135,0.0866915619647527,0.1451304942702539,0.5973352630035188,0.2502070496291751,0.0685848726971931,0.0625514662770558,0.08641328151065,0.1138549027974197,0.0625514662770558,0.6234639727842538,0.0788651560056146,0.6234639727842538,0.5900348887643728,0.0615911632935193,0.2401459854014598,0.1451304942702539,0.0866915619647527,0.2401459854014598,0.6234639727842538,True,0.8,7.0,N100_drop0.50_s0.20_c0.05,1.0,0.0,0.0,False,False,1.0068271698186462,1.0170734897113791,-0.0865463796488441,-0.1149304575594595,NSE,False,NSE validated,True,0.8,7.0
2026-10-01,GULFPETRO,INE586G01017,62.45,62.45,11939902.661746033,124.9,0.4991376222360646,0.095692740401179,0.188344219914844,0.5080736772513886,0.2485355258684209,0.10595116727936,0.0679304710980367,0.0952286492131332,0.1272799829227566,0.0679304710980367,0.6534727278182646,0.1136185515557614,0.6534727278182646,0.6424026940190473,0.1008483743667974,0.2879818594104308,0.188344219914844,0.095692740401179,0.2879818594104308,0.6534727278182646,True,0.788,8.0,N100_drop0.50_s0.20_c0.05,1.0,0.0,0.0,False,False,1.0068271698186462,1.0170734897113791,-0.0865463796488441,-0.1149304575594595,NSE,False,NSE validated,True,0.788,8.0
2026-10-01,AGASTYAEN,INE753W01010,69.55,69.55,16196634.92079365,139.1,0.5285305732713681,0.1085547552696338,0.2021033613621625,0.5371249371508834,0.2856213658934006,0.1065062364379383,0.0766455229606167,0.1078641878176772,0.1447404845053996,0.0766455229606167,0.6323670823460086,0.0992459498228769,0.6323670823460086,0.6591631171655635,0.1113926996451613,0.3988439306358382,0.2021033613621625,0.1085547552696338,0.3988439306358382,0.6323670823460086,True,0.765,9.0,N100_drop0.50_s0.20_c0.05,1.0,0.0,0.0,False,False,1.0068271698186462,1.0170734897113791,-0.0865463796488441,-0.1149304575594595,NSE,False,NSE validated,True,0.761,9.0
2026-10-01,GLOBAL,INE291W01037,136.51,136.51,16988392.440793652,273.02,0.4647803547469049,0.0823914589177885,0.1557344987005191,0.5290507858263899,0.2292256511097191,0.0672460517361038,0.0595667582442814,0.0821752253183498,0.1075523393606642,0.0595667582442814,0.5903271633832691,0.0537152900771719,0.5903271633832691,0.5229052737296991,0.0371938274061698,0.1919720767888307,0.1557344987005191,0.0823914589177885,0.1919720767888307,0.5903271633832691,True,0.7390000000000001,10.0,N100_drop0.50_s0.20_c0.05,1.0,0.0,0.0,False,False,1.0068271698186462,1.0170734897113791,-0.0865463796488441,-0.1149304575594595,NSE,False,NSE validated,True,0.7390000000000001,10.0
2026-10-01 00:00:00,SHUKRAPHAR,INE551C01044,61.84,61.84,24727612.968253966,123.68,0.548946285583137,0.11841303309029155,0.21342995374561663,0.5548098147058868,0.2963569017792499,0.044813659916644266,,,,,0.6476280726452951,0.11553043587622477,0.6476280726452951,0.6188675611803186,0.1259827695318538,0.24691358024691357,0.21342995374561663,0.11841303309029155,0.24691358024691357,0.6476280726452951,True,0.7879999999999999,8.0,N100_drop0.50_s0.20_c0.05,1.0,0.0,0.0,False,False,1.0068271698186462,1.0170734897113791,-0.08654637964884415,-0.11493045755945958,BSE,True,NSE-trained; BSE current transfer,False,,
2026-10-01,CUBEXTUB,INE144D01012,166.1,166.1,20981022.47142857,332.2,0.5332855584997992,0.1107791493999211,0.4003223860773284,0.2767248429082914,0.291434713358586,0.0757498801069305,0.0778342148278287,0.1101869207388226,0.1476543937613282,0.0778342148278287,0.5420575657213368,0.047703677129372,0.5420575657213368,0.5477087132296056,0.0296157046488878,0.2183449651046859,0.4003223860773284,0.1107791493999211,0.2183449651046859,0.5420575657213368,False,,,N100_drop0.50_s0.20_c0.05,1.0,0.0,0.0,False,False,1.0068271698186462,1.0170734897113791,-0.0865463796488441,-0.1149304575594595,NSE,False,NSE validated,False,,
2026-10-01,CALSOFT,INE526B01014,36.41,36.41,7212754.718730159,72.82,0.5297712120709462,0.1091310695079574,0.2681268504076783,0.4070128349399811,0.2659301395238553,0.0301381891017638,0.076936178548091,0.1084951973765346,0.1454746043738657,0.076936178548091,0.6269484548431589,0.0889652927795053,0.6269484548431589,0.6281350140440892,0.0938460089165638,0.2879818594104308,0.2681268504076783,0.1091310695079574,0.2879818594104308,0.6269484548431589,False,,,N100_drop0.50_s0.20_c0.05,1.0,0.0,0.0,False,False,1.0068271698186462,1.0170734897113791,-0.0865463796488441,-0.1149304575594595,NSE,False,NSE validated,False,,
2026-10-01,VALIANTORG,INE565V01010,477.15,477.15,23613900.4968254,954.3,0.5252481076614987,0.1070435869403429,0.2526572390440349,0.4236711655100711,0.2753938103872219,0.111620244497067,0.0755843044257619,0.1063823719279601,0.1427817977084883,0.0755843044257619,0.5825840090148536,0.0491131308567749,0.5825840090148536,0.5415825309424035,0.0257245995939689,0.2183449651046859,0.2526572390440349,0.1070435869403429,0.2183449651046859,0.5825840090148536,False,,,N100_drop0.50_s0.20_c0.05,1.0,0.0,0.0,False,False,1.0068271698186462,1.0170734897113791,-0.0865463796488441,-0.1149304575594595,NSE,False,NSE validated,False,,
2026-10-01,BODALCHEM,INE338D01028,189.75,189.75,295335937.5998413,379.5,0.5117777929641076,0.1010432582185445,0.2717025619982707,0.3718892360653841,0.2719438797485224,0.1440616822891102,0.0715323298104134,0.1006065158492734,0.1343751798152788,0.0715323298104134,0.630374538559766,0.1263491557030453,0.630374538559766,0.6341413756050008,0.1048942803293738,0.2879818594104308,0.2717025619982707,0.1010432582185445,0.2879818594104308,0.630374538559766,False,,,N100_drop0.50_s0.20_c0.05,1.0,0.0,0.0,False,False,1.0068271698186462,1.0170734897113791,-0.0865463796488441,-0.1149304575594595,NSE,False,NSE validated,False,,
2026-10-01 00:00:00,KMCSHIL,INE879K01018,171.95,171.95,18673628.746031746,343.9,0.5090209621642363,0.0998538095662401,0.21895096322744115,0.4560555847498798,0.2702242060401339,0.1359626848108604,,,,,0.5985171945344554,0.063674215592901,0.5985171945344554,0.5768048244096793,0.059863529578928355,0.24014598540145982,0.21895096322744115,0.0998538095662401,0.24014598540145982,0.5985171945344554,False,,,N100_drop0.50_s0.20_c0.05,1.0,0.0,0.0,False,False,1.0068271698186462,1.0170734897113791,-0.08654637964884415,-0.11493045755945958,BSE,True,NSE-trained; BSE current transfer,False,,
2026-10-01,SALSTEEL,INE658G01014,98.92,98.92,39669061.92793651,197.84,0.5079537534868785,0.0993967756766461,0.2774107236563333,0.3583018506515364,0.2776634588534116,0.0923492838046176,0.0702040282696683,0.0989596258793588,0.1318606388046102,0.0702040282696683,0.5866984542371281,0.0980747530941169,0.5866984542371281,0.5495209212076672,0.0599976337869641,0.2183449651046859,0.2774107236563333,0.0993967756766461,0.2183449651046859,0.5866984542371281,False,,,N100_drop0.50_s0.20_c0.05,1.0,0.0,0.0,False,False,1.0068271698186462,1.0170734897113791,-0.0865463796488441,-0.1149304575594595,NSE,False,NSE validated,False,,
2026-10-01 00:00:00,TIMEX,INE064A01026,730.7,730.7,38722894.52380952,1461.4,0.5072709794406329,0.09910537003361394,0.2530601347243737,0.39162774548253854,0.2662394471453989,0.06851334208255982,,,,,0.5771556652408693,0.055565397114368816,0.5771556652408693,0.5805483392039218,0.06648539295259473,0.24014598540145982,0.2530601347243737,0.09910537003361394,0.24014598540145982,0.5771556652408693,False,,,N100_drop0.50_s0.20_c0.05,1.0,0.0,0.0,False,False,1.0068271698186462,1.0170734897113791,-0.08654637964884415,-0.11493045755945958,BSE,True,NSE-trained; BSE current transfer,False,,
2026-10-01,UEL,INE899L01030,183.67,183.67,5171082.654920635,367.34,0.5044731670715672,0.0979193095547694,0.2623913030629263,0.373180469061837,0.2512944063482831,0.023185816357907,0.0693604334372633,0.0974429119333727,0.1300649453382858,0.0693604334372633,0.625475409585059,0.103901384048319,0.625475409585059,0.610990083480576,0.1102550455144951,0.2401459854014598,0.2623913030629263,0.0979193095547694,0.2401459854014598,0.625475409585059,False,,,N100_drop0.50_s0.20_c0.05,1.0,0.0,0.0,False,False,1.0068271698186462,1.0170734897113791,-0.0865463796488441,-0.1149304575594595,NSE,False,NSE validated,False,,
2026-10-01,NRL,INE0JM501013,156.61,156.61,12008517.043650793,313.22,0.5003599700441178,0.0961987934447169,0.2147171784849696,0.4480256033703931,0.2596175266100858,0.1782515369126935,0.068284396939467,0.0956263793102709,0.127962796651333,0.068284396939467,0.5937401619132534,0.1079015501570209,0.5937401619132534,0.5836802147642143,0.0913195229451666,0.2401459854014598,0.2147171784849696,0.0961987934447169,0.2401459854014598,0.5937401619132534,False,,,N100_drop0.50_s0.20_c0.05,1.0,0.0,0.0,False,False,1.0068271698186462,1.0170734897113791,-0.0865463796488441,-0.1149304575594595,NSE,False,NSE validated,False,,
2026-10-01,BIRLACABLE,INE800A01015,383.0,383.0,87698578.39095238,766.0,0.4997906456434524,0.0959627959552812,0.2426786647345859,0.3954315310751951,0.2468808980286194,0.0332913951333514,0.068119339311966,0.0954409469668954,0.1276443792162469,0.068119339311966,0.5849341653538797,0.0624841983142552,0.5849341653538797,0.5901073345172413,0.0613922886992144,0.2401459854014598,0.2426786647345859,0.0959627959552812,0.2401459854014598,0.5849341653538797,False,,,N100_drop0.50_s0.20_c0.05,1.0,0.0,0.0,False,False,1.0068271698186462,1.0170734897113791,-0.0865463796488441,-0.1149304575594595,NSE,False,NSE validated,False,,
2026-10-01,BHAGERIA,INE354C01027,382.05,382.05,38220498.050476186,764.1,0.4991614280122411,0.0957025732664461,0.2653777581065696,0.3606277102846509,0.249894721589837,0.0354003370720562,0.0679373477074065,0.0952363810513204,0.1272932512751197,0.0679373477074065,0.5937875919993038,0.0605811011491079,0.5937875919993038,0.562695250100373,0.040102066850756,0.2183449651046859,0.2653777581065696,0.0957025732664461,0.2183449651046859,0.5937875919993038,False,,,N100_drop0.50_s0.20_c0.05,1.0,0.0,0.0,False,False,1.0068271698186462,1.0170734897113791,-0.0865463796488441,-0.1149304575594595,NSE,False,NSE validated,False,,
2026-10-01,KANORICHEM,INE138C01024,189.02,189.02,7675514.928095237,378.04,0.4966668325950267,0.0946770764799408,0.2410188651799632,0.3928201902753448,0.2509000749042617,0.1909927188751792,0.0672208353626788,0.0941976418974726,0.1259092602554126,0.0672208353626788,0.5854245348721411,0.1001391871037007,0.5854245348721411,0.5847347757743477,0.0806392977231638,0.2401459854014598,0.2410188651799632,0.0946770764799408,0.2401459854014598,0.5854245348721411,False,,,N100_drop0.50_s0.20_c0.05,1.0,0.0,0.0,False,False,1.0068271698186462,1.0170734897113791,-0.0865463796488441,-0.1149304575594595,NSE,False,NSE validated,False,,
2026-10-01,MENONBE,INE071D01033,288.4,288.4,22308278.530952383,576.8,0.4956977983021193,0.0942813635214129,0.2302958804636833,0.4093923144937919,0.2492325734919377,0.0510358699440114,0.0669487597099064,0.0937914924920388,0.1253751080264126,0.0669487597099064,0.603870048386812,0.0828580322992062,0.603870048386812,0.5876657672635236,0.0606722335224923,0.2401459854014598,0.2302958804636833,0.0942813635214129,0.2401459854014598,0.603870048386812,False,,,N100_drop0.50_s0.20_c0.05,1.0,0.0,0.0,False,False,1.0068271698186462,1.0170734897113791,-0.0865463796488441,-0.1149304575594595,NSE,False,NSE validated,False,,
2026-10-01,STLNETWORK,INE1VXE01018,47.18,47.18,161265146.00873014,94.36,0.4887673373967165,0.0914936744716448,0.2298545642452061,0.3980502835438172,0.2585604087085785,2.38143623286502e-05,0.0650589511374967,0.0909737588823078,0.1214149599679482,0.0650589511374967,0.6069225448147592,0.0653014214486549,0.6069225448147592,0.5900199989095042,0.0639926345275762,0.2401459854014598,0.2298545642452061,0.0914936744716448,0.2401459854014598,0.6069225448147592,False,,,N100_drop0.50_s0.20_c0.05,1.0,0.0,0.0,False,False,1.0068271698186462,1.0170734897113791,-0.0865463796488441,-0.1149304575594595,NSE,False,NSE validated,False,,
2026-10-01 00:00:00,FEDDERSHOL,INE417D01020,63.68,63.68,14298262.888888888,127.36,0.48710879764011994,0.0908374167297694,0.23104950330137147,0.3931513179289756,0.26254392692840184,0.004358730356206125,,,,,0.6077838043249336,0.07355890158772259,0.6077838043249336,0.5909464140108472,0.09875010383630985,0.24014598540145982,0.23104950330137147,0.0908374167297694,0.24014598540145982,0.6077838043249336,False,,,N100_drop0.50_s0.20_c0.05,1.0,0.0,0.0,False,False,1.0068271698186462,1.0170734897113791,-0.08654637964884415,-0.11493045755945958,BSE,True,NSE-trained; BSE current transfer,False,,
2026-10-01,BATLIBOI,INE177C01022,82.35,82.35,6725019.256825397,164.7,0.4864329355382626,0.0905711747537666,0.3167072619654144,0.2859775749747645,0.266892628181511,0.2428410074436731,0.0645848340165383,0.090079876807599,0.1199447808110795,0.0645848340165383,0.4929606257457514,0.1504819635778599,0.4929606257457514,0.5963140287320768,0.0936391110105536,0.2401459854014598,0.3167072619654144,0.0905711747537666,0.2401459854014598,0.4929606257457514,False,,,N100_drop0.50_s0.20_c0.05,1.0,0.0,0.0,False,False,1.0068271698186462,1.0170734897113791,-0.0865463796488441,-0.1149304575594595,NSE,False,NSE validated,False,,
2026-10-01,KAPSTON,INE542Z01028,542.35,542.35,66304506.83174603,1084.7,0.4863474078755853,0.090537531646552,0.2062313607425251,0.4390095246454101,0.2454662623232537,0.0825403886740781,0.0645675539483014,0.0900472765573096,0.1198919001861315,0.0645675539483014,0.6229607050773655,0.0826147756085997,0.6229607050773655,0.6163277250443883,0.0810811946841944,0.2469135802469135,0.2062313607425251,0.090537531646552,0.2469135802469135,0.6229607050773655,False,,,N100_drop0.50_s0.20_c0.05,1.0,0.0,0.0,False,False,1.0068271698186462,1.0170734897113791,-0.0865463796488441,-0.1149304575594595,NSE,False,NSE validated,False,,
2026-10-01,LOKESHMACH,INE397H01017,400.8,400.8,19245820.62619048,801.6,0.4850726585122523,0.090037391105761,0.2167150991167766,0.4154643191577737,0.2520441788443045,0.121276552524545,0.0643104927506443,0.089595171980524,0.1191060688156401,0.0643104927506443,0.5664322685996819,0.0737081191443892,0.5664322685996819,0.5104067870161607,0.0115460744538094,0.1829411764705882,0.2167150991167766,0.090037391105761,0.1829411764705882,0.5664322685996819,False,,,N100_drop0.50_s0.20_c0.05,1.0,0.0,0.0,False,False,1.0068271698186462,1.0170734897113791,-0.0865463796488441,-0.1149304575594595,NSE,False,NSE validated,False,,
2026-10-01,SHIVALIK,INE788J01021,394.05,394.05,23981729.915238097,788.1,0.4843058748803592,0.0897377122496491,0.2482425387167822,0.3614920823543063,0.2409689061311125,0.0055490225711163,0.0641563068413196,0.0893446324481076,0.1186354740324546,0.0641563068413196,0.5725446168765272,0.0519150856364025,0.5725446168765272,0.5716735152015932,0.0597638869516554,0.221311475409836,0.2482425387167822,0.0897377122496491,0.221311475409836,0.5725446168765272,False,,,N100_drop0.50_s0.20_c0.05,1.0,0.0,0.0,False,False,1.0068271698186462,1.0170734897113791,-0.0865463796488441,-0.1149304575594595,NSE,False,NSE validated,False,,
2026-10-01,RUBYMILLS,INE301D01026,499.65,499.65,11997200.361111112,999.3,0.4841151120477626,0.089663292576401,0.2353151160579695,0.3810349886503363,0.2437658005683438,0.1731809481265873,0.0641179992324053,0.0892766645808343,0.1185186417958556,0.0641179992324053,0.5843617740376866,0.0919669475559542,0.5843617740376866,0.5505573001891317,0.0428028680213645,0.2183449651046859,0.2353151160579695,0.089663292576401,0.2183449651046859,0.5843617740376866,False,,,N100_drop0.50_s0.20_c0.05,1.0,0.0,0.0,False,False,1.0068271698186462,1.0170734897113791,-0.0865463796488441,-0.1149304575594595,NSE,False,NSE validated,False,,
2026-10-01 00:00:00,DECNGOLD,INE945F01025,195.7,195.7,63875853.17460317,391.4,0.48396615242763685,0.08960521845050112,0.2373200309396514,0.3775712403867292,0.2586268820984624,0.12471208571820921,,,,,0.5645898864731361,0.06516366406050145,0.5645898864731361,0.6265056654578209,0.09843844430895042,0.28798185941043086,0.2373200309396514,0.08960521845050112,0.28798185941043086,0.5645898864731361,False,,,N100_drop0.50_s0.20_c0.05,1.0,0.0,0.0,False,False,1.0068271698186462,1.0170734897113791,-0.08654637964884415,-0.11493045755945958,BSE,True,NSE-trained; BSE current transfer,False,,
2026-10-01,NRAIL,INE740D01017,659.5,659.5,15229259.924603175,1319.0,0.4813678006638652,0.0885974685406715,0.2109839948718345,0.4199250686977059,0.241440259306475,0.0632614991887418,0.0635685544676788,0.0882955625410087,0.1168467726795743,0.0635685544676788,0.5988002939400455,0.0657772265595937,0.5988002939400455,0.5433896101191583,0.0784266304083253,0.2183449651046859,0.2109839948718345,0.0885974685406715,0.2183449651046859,0.5988002939400455,False,,,N100_drop0.50_s0.20_c0.05,1.0,0.0,0.0,False,False,1.0068271698186462,1.0170734897113791,-0.0865463796488441,-0.1149304575594595,NSE,False,NSE validated,False,,
2026-10-01 00:00:00,PANORAMA,INE258R01028,60.44,60.44,10838724.80952381,120.88,0.47997435198238847,0.08806109938826823,0.21964539665228788,0.4009239471003999,0.25522842092917425,0.15389657470040793,,,,,0.5885116716722808,0.06638181122806233,0.5885116716722808,0.5761407337470824,0.054861282608513674,0.23979591836734693,0.21964539665228788,0.08806109938826823,0.23979591836734693,0.5885116716722808,False,,,N100_drop0.50_s0.20_c0.05,1.0,0.0,0.0,False,False,1.0068271698186462,1.0170734897113791,-0.08654637964884415,-0.11493045755945958,BSE,True,NSE-trained; BSE current transfer,False,,
2026-10-01,INDORAMA,INE156A01020,95.81,95.81,108300536.76619048,191.62,0.4786359874816365,0.0875485851566641,0.3232299510350574,0.2708554231323961,0.2389987673017358,0.0150882367567196,0.0630263427540965,0.0872921314467046,0.1152036014867201,0.0630263427540965,0.5588505996992279,0.0299667199697608,0.5588505996992279,0.5639919426395685,0.0423755351587752,0.2183449651046859,0.3232299510350574,0.0875485851566641,0.2183449651046859,0.5588505996992279,False,,,N100_drop0.50_s0.20_c0.05,1.0,0.0,0.0,False,False,1.0068271698186462,1.0170734897113791,-0.0865463796488441,-0.1149304575594595,NSE,False,NSE validated,False,,
2026-10-01,UNIVASTU,INE562X01013,134.25,134.25,19548494.98079365,268.5,0.4721897621940423,0.0851159349905253,0.1866521162747521,0.4560137687656031,0.2254692437227309,0.0524512842769684,0.0615236856803446,0.0848884655519826,0.111366938477785,0.0615236856803446,0.6271310897402961,0.0914000181478885,0.6271310897402961,0.6328494049819356,0.0963691598193042,0.2879818594104308,0.1866521162747521,0.0851159349905253,0.2879818594104308,0.6271310897402961,False,,,N100_drop0.50_s0.20_c0.05,1.0,0.0,0.0,False,False,1.0068271698186462,1.0170734897113791,-0.0865463796488441,-0.1149304575594595,NSE,False,NSE validated,False,,
2026-10-01,PANACHE,INE895W01019,516.15,516.15,5146404.657142857,1032.3,0.4710835429708516,0.0847043635333114,0.1621003901433604,0.5225426259517296,0.2360016485947576,0.1226820262978641,0.0612196838753625,0.0844052934661053,0.1107282092612082,0.0612196838753625,0.6171834065367562,0.1073662844019109,0.6171834065367562,0.5940494993458895,0.0672156302653544,0.2401459854014598,0.1621003901433604,0.0847043635333114,0.2401459854014598,0.6171834065367562,False,,,N100_drop0.50_s0.20_c0.05,1.0,0.0,0.0,False,False,1.0068271698186462,1.0170734897113791,-0.0865463796488441,-0.1149304575594595,NSE,False,NSE validated,False,,
2026-10-01,MANAKSTEEL,INE824Q01011,108.89,108.89,10563806.082698414,217.78,0.4696737691023315,0.0841823189849225,0.2294371944677541,0.366907899044912,0.2338809758313073,0.1670073739834374,0.0608448899044557,0.0838948262335195,0.1100112693649542,0.0608448899044557,0.5713954407927707,0.0808150557485147,0.5713954407927707,0.5867077045264939,0.0668701046869473,0.2401459854014598,0.2294371944677541,0.0841823189849225,0.2401459854014598,0.5713954407927707,False,,,N100_drop0.50_s0.20_c0.05,1.0,0.0,0.0,False,False,1.0068271698186462,1.0170734897113791,-0.0865463796488441,-0.1149304575594595,NSE,False,NSE validated,False,,
2026-10-01,GAYAPROJ,INE336H01023,22.44,22.44,17364244.71666667,44.88,0.4696138890973894,0.0841602061093583,0.2332335484432817,0.3608409110571184,0.2389466003431225,0.1205407162268911,0.0608291054741637,0.0838726579612961,0.1099809024910504,0.0608291054741637,0.5815740099562124,0.0789182380622019,0.5815740099562124,0.5588702370925125,0.048906641906522,0.2183449651046859,0.2332335484432817,0.0841602061093583,0.2183449651046859,0.5815740099562124,False,,,N100_drop0.50_s0.20_c0.05,1.0,0.0,0.0,False,False,1.0068271698186462,1.0170734897113791,-0.0865463796488441,-0.1149304575594595,NSE,False,NSE validated,False,,
2026-10-01,MMP,INE511Y01018,449.6,449.6,39597236.34126984,899.2,0.4695386964632065,0.0841324455002232,0.2109919528225712,0.3987471767275051,0.2363464745494596,0.065043866907985,0.0608092897168269,0.0838448279519889,0.109942779939239,0.0608092897168269,0.5740556278131287,0.0471918364609015,0.5740556278131287,0.552771277320114,0.0371117368703758,0.2183449651046859,0.2109919528225712,0.0841324455002232,0.2183449651046859,0.5740556278131287,False,,,N100_drop0.50_s0.20_c0.05,1.0,0.0,0.0,False,False,1.0068271698186462,1.0170734897113791,-0.0865463796488441,-0.1149304575594595,NSE,False,NSE validated,False,,
2026-10-01,CPCAP,INE521J01018,140.85,140.85,5243673.778730159,281.7,0.4684073430520062,0.0837156982253166,0.2354143755389734,0.3556099666116492,0.233507139272169,0.0927152722667215,0.0605118241717021,0.0834186488371365,0.1093704998190508,0.0605118241717021,0.5964727851064842,0.0636056659172513,0.5964727851064842,0.5731983934230862,0.0493176688230718,0.2397959183673469,0.2354143755389734,0.0837156982253166,0.2397959183673469,0.5964727851064842,False,,,N100_drop0.50_s0.20_c0.05,1.0,0.0,0.0,False,False,1.0068271698186462,1.0170734897113791,-0.0865463796488441,-0.1149304575594595,NSE,False,NSE validated,False,,
2026-10-01,SIGMAADV,INE933B01012,1076.9,1076.9,238228727.7515873,2153.8,0.4661233872711604,0.0828797228017123,0.3565487821243521,0.2324498833172475,0.2636395632114923,0.1801958768767562,0.0599151901546635,0.0826531722723794,0.1082226645357207,0.0599151901546635,0.4644319411793165,0.1855428812962522,0.4644319411793165,0.5099784616320667,0.1105567958919804,0.1829411764705882,0.3565487821243521,0.0828797228017123,0.1829411764705882,0.4644319411793165,False,,,N100_drop0.50_s0.20_c0.05,1.0,0.0,0.0,False,False,1.0068271698186462,1.0170734897113791,-0.0865463796488441,-0.1149304575594595,NSE,False,NSE validated,False,,
2026-10-01,MODISONLTD,INE737D01021,486.05,486.05,59481157.91111111,972.1,0.4650167430824339,0.0824772216381668,0.3163830548229629,0.2606878604301936,0.2443527357970615,0.1089993082631041,0.0596279575562563,0.0822580254979614,0.1076700761488867,0.0596279575562563,0.5455738351483256,0.1190847811020515,0.5455738351483256,0.56037071802913,0.086889618939588,0.2183449651046859,0.3163830548229629,0.0824772216381668,0.2183449651046859,0.5455738351483256,False,,,N100_drop0.50_s0.20_c0.05,1.0,0.0,0.0,False,False,1.0068271698186462,1.0170734897113791,-0.0865463796488441,-0.1149304575594595,NSE,False,NSE validated,False,,
2026-10-01,SHIVAUM,INE719F01016,554.6,554.6,22322379.666666668,1109.2,0.4643790532010303,0.0822460376783606,0.1950777765744676,0.4216063927044227,0.2358049555395067,0.0996745864827827,0.0594629893722814,0.0820431996956909,0.1073527067956208,0.0594629893722814,0.5806340237285107,0.0618924870905977,0.5806340237285107,0.5119300023144037,0.0047718272239274,0.1829411764705882,0.1950777765744676,0.0822460376783606,0.1829411764705882,0.5806340237285107,False,,,N100_drop0.50_s0.20_c0.05,1.0,0.0,0.0,False,False,1.0068271698186462,1.0170734897113791,-0.0865463796488441,-0.1149304575594595,NSE,False,NSE validated,False,,
2026-10-01,TEXMOPIPES,INE141K01013,53.7,53.7,8945044.363968255,107.4,0.464293331970923,0.0822150026794602,0.2371629383648782,0.3466604151824572,0.2322337545082404,0.0631137446693886,0.059440843930898,0.0820150221289852,0.1073101030750987,0.059440843930898,0.5595510670102283,0.0338152306646547,0.5595510670102283,0.5514659040336759,0.0451077078657536,0.2183449651046859,0.2371629383648782,0.0822150026794602,0.2183449651046859,0.5595510670102283,False,,,N100_drop0.50_s0.20_c0.05,1.0,0.0,0.0,False,False,1.0068271698186462,1.0170734897113791,-0.0865463796488441,-0.1149304575594595,NSE,False,NSE validated,False,,
2026-10-01,SONAMLTD,INE00LM01029,68.95,68.95,8434500.37873016,137.9,0.4636573111261423,0.08198504302165,0.2084562150035466,0.3932962277965909,0.2344851858548552,0.1114634192886394,0.0592767568169033,0.0817890784198102,0.1069944312185451,0.0592767568169033,0.6123956090478274,0.0898813396545711,0.6123956090478274,0.6182885108295417,0.0844264362742583,0.2469135802469135,0.2084562150035466,0.08198504302165,0.2469135802469135,0.6123956090478274,False,,,N100_drop0.50_s0.20_c0.05,1.0,0.0,0.0,False,False,1.0068271698186462,1.0170734897113791,-0.0865463796488441,-0.1149304575594595,NSE,False,NSE validated,False,,
2026-10-01,AHCL,INE0Y8W01025,32.86,32.86,465721572.4765079,65.72,0.4635939157613041,0.0819621516006845,0.32877009802017,0.2492992887560479,0.2627005507956225,0.1387494900705729,0.0592604230584146,0.0817661092223258,0.1069630083619325,0.0592604230584146,0.5491678424275337,0.0229173681839037,0.5491678424275337,0.5313202483439917,0.0237031554777592,0.1960507757404795,0.32877009802017,0.0819621516006845,0.1960507757404795,0.5491678424275337,False,,,N100_drop0.50_s0.20_c0.05,1.0,0.0,0.0,False,False,1.0068271698186462,1.0170734897113791,-0.0865463796488441,-0.1149304575594595,NSE,False,NSE validated,False,,
2026-10-01,SCPL,INE501Y01019,620.45,620.45,35761571.11587302,1240.9,0.4632528144177925,0.0818390759682196,0.1907087490710977,0.4291312085409849,0.2400505618097954,0.1999777062746484,0.059172605769179,0.0816214266951761,0.1067940660608758,0.059172605769179,0.6077551311211518,0.1126659625826457,0.6077551311211518,0.6120749341472425,0.1010846153772303,0.2469135802469135,0.1907087490710977,0.0818390759682196,0.2469135802469135,0.6077551311211518,False,,,N100_drop0.50_s0.20_c0.05,1.0,0.0,0.0,False,False,1.0068271698186462,1.0170734897113791,-0.0865463796488441,-0.1149304575594595,NSE,False,NSE validated,False,,
2026-10-01,ZIMLAB,INE518E01015,137.02,137.02,10547749.392380953,274.04,0.4628288650479274,0.0816863246232656,0.2103257960194645,0.3883799617984377,0.2333263073622497,0.1341629422529708,0.0590636167418106,0.0814451376050163,0.1065843948312282,0.0590636167418106,0.5449434587188392,0.0615281676048955,0.5449434587188392,0.5395146335193272,0.0317722931227852,0.2183449651046859,0.2103257960194645,0.0816863246232656,0.2183449651046859,0.5449434587188392,False,,,N100_drop0.50_s0.20_c0.05,1.0,0.0,0.0,False,False,1.0068271698186462,1.0170734897113791,-0.0865463796488441,-0.1149304575594595,NSE,False,NSE validated,False,,
2026-10-01,TBZ,INE760L01018,623.45,623.45,989303889.3122222,1246.9,0.460615298511937,0.0808926590233565,0.3744736689658765,0.2160169478584295,0.2448877221106418,0.0434232045959012,0.0584973765278845,0.0805691886881112,0.1054123089566822,0.0584973765278845,0.5307773620734483,0.0424611247365351,0.5307773620734483,0.5685707794263841,0.0499399336316066,0.2183449651046859,0.3744736689658765,0.0808926590233565,0.2183449651046859,0.5307773620734483,False,,,N100_drop0.50_s0.20_c0.05,1.0,0.0,0.0,False,False,1.0068271698186462,1.0170734897113791,-0.0865463796488441,-0.1149304575594595,NSE,False,NSE validated,False,,
2026-10-01,SHREEJISPG,INE1B6101010,775.35,775.35,670857547.826984,1550.7,0.4604802273085466,0.0808444405006475,0.1344721900541739,0.6011982140551019,0.2363920266930115,0.13286952411137,0.0584629774591916,0.0805137967181461,0.1053339849214165,0.0584629774591916,0.6338618336519031,0.1068989375944775,0.6338618336519031,0.6215735946731036,0.0958018062757769,0.2469135802469135,0.1344721900541739,0.0808444405006475,0.2469135802469135,0.6338618336519031,False,,,N100_drop0.50_s0.20_c0.05,1.0,0.0,0.0,False,False,1.0068271698186462,1.0170734897113791,-0.0865463796488441,-0.1149304575594595,NSE,False,NSE validated,False,,
2026-10-01 00:00:00,SPICELOUNG,INE631E01024,27.9,27.9,11943990.698412698,55.8,0.4574810511761288,0.07977996958266563,0.28304164836576545,0.28186653816956503,0.23960143979035414,0.08025646994938024,,,,,0.5560152809035342,0.046433369178114525,0.5560152809035342,0.5661911027444853,0.07719835351600514,0.21834496510468593,0.28304164836576545,0.07977996958266563,0.21834496510468593,0.5560152809035342,False,,,N100_drop0.50_s0.20_c0.05,1.0,0.0,0.0,False,False,1.0068271698186462,1.0170734897113791,-0.08654637964884415,-0.11493045755945958,BSE,True,NSE-trained; BSE current transfer,False,,
2026-10-01,KABRAEXTRU,INE900B01029,765.3,765.3,202474441.7420635,1530.6,0.4571177507932261,0.0796518270644642,0.3866729473514145,0.205992758505744,0.2315846010313873,0.0010486057441764,0.0576122529827833,0.0792822391753816,0.1035001095653019,0.0576122529827833,0.5696269253207809,0.0443745314626459,0.5696269253207809,0.5587186970463515,0.0397523509685372,0.2183449651046859,0.3866729473514145,0.0796518270644642,0.2183449651046859,0.5696269253207809,False,,,N100_drop0.50_s0.20_c0.05,1.0,0.0,0.0,False,False,1.0068271698186462,1.0170734897113791,-0.0865463796488441,-0.1149304575594595,NSE,False,NSE validated,False,,
2026-10-01,ARROWGREEN,INE570D01018,865.2,865.2,30844865.49126984,1730.4,0.4562878070150748,0.0793597358466675,0.1828614368119844,0.433988364251256,0.2269603195940992,0.0780502243044151,0.0574039206322083,0.0789968741232791,0.1031161420982813,0.0574039206322083,0.5750808854603762,0.0507736077772874,0.5750808854603762,0.5401165966020828,0.0295834771610953,0.2183449651046859,0.1828614368119844,0.0793597358466675,0.2183449651046859,0.5750808854603762,False,,,N100_drop0.50_s0.20_c0.05,1.0,0.0,0.0,False,False,1.0068271698186462,1.0170734897113791,-0.0865463796488441,-0.1149304575594595,NSE,False,NSE validated,False,,
2026-10-01,E2E,INE255Z01027,648.0,648.0,699333993.4,1296.0,0.4544996319178189,0.0787334377866271,0.1630404047005479,0.482907521796421,0.229841227863336,0.000268157593717,0.0569572486898702,0.0783678220628841,0.1022927571158233,0.0569572486898702,0.6039701058468329,0.0728075375112195,0.6039701058468329,0.620185621141069,0.0844777164508911,0.2469135802469135,0.1630404047005479,0.0787334377866271,0.2469135802469135,0.6039701058468329,False,,,N100_drop0.50_s0.20_c0.05,1.0,0.0,0.0,False,False,1.0068271698186462,1.0170734897113791,-0.0865463796488441,-0.1149304575594595,NSE,False,NSE validated,False,,
2026-10-01,YUKEN,INE384C01016,1141.4,1141.4,18603073.29206349,2282.8,0.4530461602017676,0.0782274021075285,0.1954390720856481,0.4002649074860863,0.2233921269887667,0.0741526140431835,0.0565963778354704,0.0779291546659559,0.1016273938825519,0.0565963778354704,0.5802816826051248,0.0564826272316959,0.5802816826051248,0.5285297208778531,0.0185653412055574,0.1960507757404795,0.1954390720856481,0.0782274021075285,0.1960507757404795,0.5802816826051248,False,,,N100_drop0.50_s0.20_c0.05,1.0,0.0,0.0,False,False,1.0068271698186462,1.0170734897113791,-0.0865463796488441,-0.1149304575594595,NSE,False,NSE validated,False,,
2026-10-01,STLTECH,INE089C01029,955.35,955.35,1393207158.2833333,1910.7,0.4517703433683363,0.0777854452395557,0.3183562825545569,0.2443345694810516,0.2446536015762263,0.1845361973842114,0.0562812256079885,0.0775488705931906,0.1010462235418351,0.0562812256079885,0.5014891204280033,0.0700350042363844,0.5014891204280033,0.5064200719847154,0.0400726759234552,0.1829411764705882,0.3183562825545569,0.0777854452395557,0.1829411764705882,0.5014891204280033,False,,,N100_drop0.50_s0.20_c0.05,1.0,0.0,0.0,False,False,1.0068271698186462,1.0170734897113791,-0.0865463796488441,-0.1149304575594595,NSE,False,NSE validated,False,,
2026-10-01,VENUSREM,INE411B01019,1796.7,1796.7,69424298.67619048,3593.4,0.4511227501396231,0.0775619044456423,0.2096178115380406,0.3700158105675421,0.2482978560024712,0.1530835100828803,0.0561218299470109,0.077356421268091,0.1007522473658272,0.0561218299470109,0.5705515602238834,0.0900849188284637,0.5705515602238834,0.5595231824375381,0.0896666768119962,0.2183449651046859,0.2096178115380406,0.0775619044456423,0.2183449651046859,0.5705515602238834,False,,,N100_drop0.50_s0.20_c0.05,1.0,0.0,0.0,False,False,1.0068271698186462,1.0170734897113791,-0.0865463796488441,-0.1149304575594595,NSE,False,NSE validated,False,,
2026-10-01,UNIDT,INE961D01019,239.65,239.65,7630250.86015873,479.3,0.4502518819799589,0.0772621298845672,0.2027238594639739,0.3811200619841073,0.2222257704026705,0.092212834168605,0.0559080837514218,0.077081409859631,0.1003579945134213,0.0559080837514218,0.5317677805087636,0.0219603516009084,0.5317677805087636,0.5433856671088356,0.0339870376418796,0.2183449651046859,0.2027238594639739,0.0772621298845672,0.2183449651046859,0.5317677805087636,False,,,N100_drop0.50_s0.20_c0.05,1.0,0.0,0.0,False,False,1.0068271698186462,1.0170734897113791,-0.0865463796488441,-0.1149304575594595,NSE,False,NSE validated,False,,
2026-10-01,GMMPFAUDLR,INE541A01023,1443.4,1443.4,442446680.0420635,2886.8,0.4499912513763812,0.0771726006660879,0.1568445280189575,0.49203247088582,0.232022112301047,0.0664293467830195,0.0558442490890425,0.0769968854582853,0.1002402439159141,0.0558442490890425,0.6082936169949772,0.1069616610013421,0.6082936169949772,0.5672077502347869,0.0724630898448385,0.2183449651046859,0.1568445280189575,0.0771726006660879,0.2183449651046859,0.6082936169949772,False,,,N100_drop0.50_s0.20_c0.05,1.0,0.0,0.0,False,False,1.0068271698186462,1.0170734897113791,-0.0865463796488441,-0.1149304575594595,NSE,False,NSE validated,False,,
2026-10-01,MOLDTECH,INE835B01035,204.78,204.78,28959647.408888888,409.56,0.4495333826529239,0.0770155255514284,0.1891429309230307,0.4071816227843532,0.2199322803373832,0.0615967613728715,0.0557322558710291,0.0768362555537749,0.1000336501550156,0.0557322558710291,0.6147619791364941,0.0845822466922883,0.6147619791364941,0.6105141784169782,0.0781336918501954,0.2401459854014598,0.1891429309230307,0.0770155255514284,0.2401459854014598,0.6147619791364941,False,,,N100_drop0.50_s0.20_c0.05,1.0,0.0,0.0,False,False,1.0068271698186462,1.0170734897113791,-0.0865463796488441,-0.1149304575594595,NSE,False,NSE validated,False,,
2026-10-01,KILITCH,INE729D01010,218.51,218.51,5436954.525873016,437.02,0.4490801205290649,0.0768602906207278,0.1679330307118176,0.457684175024652,0.226759292394409,0.0340846267915906,0.0556215770711903,0.0766563063104253,0.0998294698962744,0.0556215770711903,0.6217728183111642,0.0823543414680307,0.6217728183111642,0.5769412248189377,0.0541795450384806,0.2401459854014598,0.1679330307118176,0.0768602906207278,0.2401459854014598,0.6217728183111642,False,,,N100_drop0.50_s0.20_c0.05,1.0,0.0,0.0,False,False,1.0068271698186462,1.0170734897113791,-0.0865463796488441,-0.1149304575594595,NSE,False,NSE validated,False,,
2026-10-01,PRECOT,INE283A01014,638.35,638.35,5270103.346031746,1276.7,0.4489269453168178,0.0768078889479913,0.211219031782541,0.3636409479760721,0.2345894059986144,0.0986335899087018,0.0555842164607954,0.0766026960523514,0.0997605445378116,0.0555842164607954,0.6013879889954543,0.0760776552786125,0.6013879889954543,0.6020191857213614,0.0768285870734722,0.2401459854014598,0.211219031782541,0.0768078889479913,0.2401459854014598,0.6013879889954543,False,,,N100_drop0.50_s0.20_c0.05,1.0,0.0,0.0,False,False,1.0068271698186462,1.0170734897113791,-0.0865463796488441,-0.1149304575594595,NSE,False,NSE validated,False,,
2026-10-01,OMAXAUTO,INE090B01011,201.14,201.14,15578392.167777777,402.28,0.4488456731864449,0.0767800974799773,0.2643386593960625,0.2904610988623368,0.2333805910109752,0.1174979197750518,0.0555644021977196,0.0765797516086746,0.0997239893464108,0.0555644021977196,0.5114876694696014,0.0452696893486255,0.5114876694696014,0.5428427512918353,0.0591568704862318,0.2183449651046859,0.2643386593960625,0.0767800974799773,0.2183449651046859,0.5114876694696014,False,,,N100_drop0.50_s0.20_c0.05,1.0,0.0,0.0,False,False,1.0068271698186462,1.0170734897113791,-0.0865463796488441,-0.1149304575594595,NSE,False,NSE validated,False,,
2026-10-01,MAZDA,INE885E01042,288.15,288.15,12294468.63714286,576.3,0.4469042513459154,0.0761186734155522,0.1779330713804328,0.4277938486927224,0.2172857200521637,0.0742056711925796,0.0550961184545267,0.0759936271071388,0.0988539297487751,0.0550961184545267,0.5709311658749915,0.047379065106632,0.5709311658749915,0.5271269401711628,0.0290310496282663,0.1960507757404795,0.1779330713804328,0.0761186734155522,0.1960507757404795,0.5709311658749915,False,,,N100_drop0.50_s0.20_c0.05,1.0,0.0,0.0,False,False,1.0068271698186462,1.0170734897113791,-0.0865463796488441,-0.1149304575594595,NSE,False,NSE validated,False,,
2026-10-01,BHAGYANGR,INE458B01036,402.65,402.65,57245508.16349207,805.3,0.4460043148451614,0.0758136658596362,0.2489060188134012,0.3045875154849985,0.2514915033521285,0.1775568571140967,0.054880575912832,0.0756791276950031,0.0984526722695509,0.054880575912832,0.5374126921199388,0.1136345397352922,0.5374126921199388,0.5295935565770148,0.0904264417501293,0.1960507757404795,0.2489060188134012,0.0758136658596362,0.1960507757404795,0.5374126921199388,False,,,N100_drop0.50_s0.20_c0.05,1.0,0.0,0.0,False,False,1.0068271698186462,1.0170734897113791,-0.0865463796488441,-0.1149304575594595,NSE,False,NSE validated,False,,
2026-10-01,LANCORHOL,INE572G01025,31.59,31.59,8364874.159206349,63.18,0.4459860412608327,0.0758074829578155,0.2591937827899443,0.2924741563699133,0.2161071441200994,0.1031568041233308,0.0548762066059669,0.0756727527804559,0.0984445379966942,0.0548762066059669,0.5610802136829286,0.0532625974921503,0.5610802136829286,0.5854605450776349,0.0661625967748324,0.2401459854014598,0.2591937827899443,0.0758074829578155,0.2401459854014598,0.5610802136829286,False,,,N100_drop0.50_s0.20_c0.05,1.0,0.0,0.0,False,False,1.0068271698186462,1.0170734897113791,-0.0865463796488441,-0.1149304575594595,NSE,False,NSE validated,False,,
2026-10-01,INDSWFTLAB,INE915B01019,395.15,395.15,387515192.1474603,790.3,0.4457438570092264,0.0757255784994262,0.2652688437301491,0.2854672921048348,0.2289689292218376,0.0406028918970585,0.0548183267904782,0.0755883062448184,0.0983367828983715,0.0548183267904782,0.5600658925248133,0.0584298893687391,0.5600658925248133,0.5686438755148133,0.050709610418938,0.2183449651046859,0.2652688437301491,0.0757255784994262,0.2183449651046859,0.5600658925248133,False,,,N100_drop0.50_s0.20_c0.05,1.0,0.0,0.0,False,False,1.0068271698186462,1.0170734897113791,-0.0865463796488441,-0.1149304575594595,NSE,False,NSE validated,False,,
2026-10-01,NAHARSPING,INE290A01027,255.5,255.5,11279493.937301587,511.0,0.4450858197683157,0.0755034025638577,0.1991492842908397,0.3791296706524524,0.2240071142292876,0.0908513290134015,0.0546613213876977,0.0753592486963509,0.0980444748951747,0.0546613213876977,0.593193082343393,0.074807867672536,0.593193082343393,0.578109912948472,0.0566959253733538,0.2401459854014598,0.1991492842908397,0.0755034025638577,0.2401459854014598,0.593193082343393,False,,,N100_drop0.50_s0.20_c0.05,1.0,0.0,0.0,False,False,1.0068271698186462,1.0170734897113791,-0.0865463796488441,-0.1149304575594595,NSE,False,NSE validated,False,,
2026-10-01,SPECIALITY,INE247M01014,153.5,153.5,10129481.858571429,307.0,0.4447672661657001,0.0753960398697359,0.1711833633987662,0.4404402295455737,0.2196905225612481,0.1080123175675487,0.0545854515971697,0.0752485679739103,0.0979032173883243,0.0545854515971697,0.6070886676937651,0.084925769967058,0.6070886676937651,0.5702935406948493,0.0486271840825124,0.2183449651046859,0.1711833633987662,0.0753960398697359,0.2183449651046859,0.6070886676937651,False,,,N100_drop0.50_s0.20_c0.05,1.0,0.0,0.0,False,False,1.0068271698186462,1.0170734897113791,-0.0865463796488441,-0.1149304575594595,NSE,False,NSE validated,False,,
2026-10-01,LOTUSDEV,INE0V9Q01010,230.07,230.07,495126127.29428566,460.14,0.4440772598064765,0.0751639140338045,0.1877369302269868,0.400368291645795,0.2285245398578533,0.0842934428650444,0.0544214164431751,0.0750092848392482,0.0975977981505947,0.0544214164431751,0.5734246423617037,0.044617537922013,0.5734246423617037,0.5144454565977455,0.0097438490017643,0.1829411764705882,0.1877369302269868,0.0751639140338045,0.1829411764705882,0.5734246423617037,False,,,N100_drop0.50_s0.20_c0.05,1.0,0.0,0.0,False,False,1.0068271698186462,1.0170734897113791,-0.0865463796488441,-0.1149304575594595,NSE,False,NSE validated,False,,
2026-10-01,AAREYDRUGS,INE198H01019,103.85,103.85,13915420.476825396,207.7,0.4437741419831534,0.0750621266997245,0.1565443788318213,0.4794942319862231,0.2168041811358774,0.0041728217191736,0.054349487233902,0.0749006526776435,0.0974638671567869,0.054349487233902,0.5808130192170232,0.0492050288244837,0.5808130192170232,0.5583844659374063,0.0397314420863514,0.2183449651046859,0.1565443788318213,0.0750621266997245,0.2183449651046859,0.5808130192170232,False,,,N100_drop0.50_s0.20_c0.05,1.0,0.0,0.0,False,False,1.0068271698186462,1.0170734897113791,-0.0865463796488441,-0.1149304575594595,NSE,False,NSE validated,False,,
2026-10-01,SETL,INE0M4D01010,416.95,416.95,334720755.3087302,833.9,0.4435559512749044,0.0749889277240575,0.2270643331414905,0.3302541032603731,0.2254778717496574,0.0678787854936434,0.0542977604354555,0.0748135187696397,0.0973675508364589,0.0542977604354555,0.5649437454977987,0.0779308723665381,0.5649437454977987,0.5766308450448383,0.0630025101134234,0.2397959183673469,0.2270643331414905,0.0749889277240575,0.2397959183673469,0.5649437454977987,False,,,N100_drop0.50_s0.20_c0.05,1.0,0.0,0.0,False,False,1.0068271698186462,1.0170734897113791,-0.0865463796488441,-0.1149304575594595,NSE,False,NSE validated,False,,
2026-10-01,PRIMO,INE607A01022,25.41,25.41,7546357.742539683,50.82,0.4425438974383299,0.0746501637620041,0.2398813775775887,0.3111961608518728,0.2245782944437362,0.0970313451699771,0.0540583706026526,0.0744620160182232,0.096917681550768,0.0540583706026526,0.539695959968545,0.0253793443616344,0.539695959968545,0.5212309145043293,0.0261912333123187,0.1919720767888307,0.2398813775775887,0.0746501637620041,0.1919720767888307,0.539695959968545,False,,,N100_drop0.50_s0.20_c0.05,1.0,0.0,0.0,False,False,1.0068271698186462,1.0170734897113791,-0.0865463796488441,-0.1149304575594595,NSE,False,NSE validated,False,,
2026-10-01,IRISDOREME,INE01GN01025,60.46,60.46,58891504.52174603,120.92,0.4419605873371467,0.0744554804605557,0.1317965976735518,0.5649271815420853,0.216827521708519,0.0473845907913041,0.0539287002796182,0.0742791480879901,0.0966207462738522,0.0539287002796182,0.6052235979665082,0.069553428432752,0.6052235979665082,0.5951485372679142,0.0673567475883158,0.2401459854014598,0.1317965976735518,0.0744554804605557,0.2401459854014598,0.6052235979665082,False,,,N100_drop0.50_s0.20_c0.05,1.0,0.0,0.0,False,False,1.0068271698186462,1.0170734897113791,-0.0865463796488441,-0.1149304575594595,NSE,False,NSE validated,False,,
2026-10-01,JINDALPOLY,INE197D01010,653.7,653.7,25646401.732539684,1307.4,0.4418068959187922,0.0744042539209408,0.2836151520191435,0.2623423092568719,0.2302268502205717,0.0468535550139027,0.0538970175693434,0.0742301073334628,0.0965368245688805,0.0538970175693434,0.5090005423072385,0.0241160869521739,0.5090005423072385,0.5270840907894957,0.0504193286436986,0.1960507757404795,0.2836151520191435,0.0744042539209408,0.1960507757404795,0.5090005423072385,False,,,N100_drop0.50_s0.20_c0.05,1.0,0.0,0.0,False,False,1.0068271698186462,1.0170734897113791,-0.0865463796488441,-0.1149304575594595,NSE,False,NSE validated,False,,
2026-10-01,AMANTA,INE084K01015,190.4,190.4,11616360.984444443,380.8,0.4406151335352618,0.0740080029270531,0.161571971030238,0.4580497623142981,0.2172808676505954,0.0903557023811426,0.053651859490517,0.0738251958791811,0.0958880793599163,0.053651859490517,0.5935661348530575,0.0820716146954381,0.5935661348530575,0.5811008781257847,0.057797915405148,0.2401459854014598,0.161571971030238,0.0740080029270531,0.2401459854014598,0.5935661348530575,False,,,N100_drop0.50_s0.20_c0.05,1.0,0.0,0.0,False,False,1.0068271698186462,1.0170734897113791,-0.0865463796488441,-0.1149304575594595,NSE,False,NSE validated,False,,
2026-10-01,ASAHISONG,INE228I01012,371.25,371.25,15200705.826190475,742.5,0.4397037725641447,0.0737061417579867,0.1943612544178368,0.3792224020098865,0.2142439695892181,0.129645943078391,0.0534649996063585,0.0735070854512507,0.0953943617032463,0.0534649996063585,0.5992596955729784,0.0833159582418856,0.5992596955729784,0.5967370100649493,0.068415886136764,0.2401459854014598,0.1943612544178368,0.0737061417579867,0.2401459854014598,0.5992596955729784,False,,,N100_drop0.50_s0.20_c0.05,1.0,0.0,0.0,False,False,1.0068271698186462,1.0170734897113791,-0.0865463796488441,-0.1149304575594595,NSE,False,NSE validated,False,,
2026-10-01,TIRUPATIFL,INE319Y01024,75.16,75.16,35215720.36365079,150.32,0.4390560434499524,0.0734922087668308,0.1921688081138522,0.3824356797971586,0.2217147505888637,0.1250189869818666,0.0533325166952018,0.0732867091180583,0.0950447166539526,0.0533325166952018,0.5711969049754217,0.0712974552925535,0.5711969049754217,0.5480532578314613,0.0513299413615712,0.2183449651046859,0.1921688081138522,0.0734922087668308,0.2183449651046859,0.5711969049754217,False,,,N100_drop0.50_s0.20_c0.05,1.0,0.0,0.0,False,False,1.0068271698186462,1.0170734897113791,-0.0865463796488441,-0.1149304575594595,NSE,False,NSE validated,False,,
2026-10-01 00:00:00,WELSPLSOL,INE731F01037,52.57,52.57,5925119.777777778,105.14,0.438961354488535,0.07346097696536302,0.19840116459304938,0.37026484756801975,0.21629450462879024,0.07893953148377927,,,,,0.5558700401533309,0.03744276848821623,0.5558700401533309,0.5620808913227262,0.042530794238400144,0.21834496510468593,0.19840116459304938,0.07346097696536302,0.21834496510468593,0.5558700401533309,False,,,N100_drop0.50_s0.20_c0.05,1.0,0.0,0.0,False,False,1.0068271698186462,1.0170734897113791,-0.08654637964884415,-0.11493045755945958,BSE,True,NSE-trained; BSE current transfer,False,,
2026-10-01,SSDL,INE0PQ101010,69.39,69.39,7242942.504920635,138.78,0.4389301259856757,0.0734506790484768,0.2648820823777898,0.2772957626621089,0.2207544068696011,0.0948516388464555,0.0533072952384424,0.0732439308770318,0.0949768668620981,0.0533072952384424,0.5104103152213896,0.0324453629868811,0.5104103152213896,0.5216912736638918,0.0431928628047815,0.1919720767888307,0.2648820823777898,0.0734506790484768,0.1919720767888307,0.5104103152213896,False,,,N100_drop0.50_s0.20_c0.05,1.0,0.0,0.0,False,False,1.0068271698186462,1.0170734897113791,-0.0865463796488441,-0.1149304575594595,NSE,False,NSE validated,False,,
2026-10-01,3IINFOLTD,INE748C01038,22.45,22.45,18591772.617142856,44.9,0.4385813375193639,0.0733357419502199,0.1845081495597468,0.3974661397082225,0.2127263190599508,0.1191029008402237,0.0532376264005588,0.073125542274346,0.0947891291896301,0.0532376264005588,0.5825958000691487,0.062100058318571,0.5825958000691487,0.5862936290861204,0.0609634184657373,0.2401459854014598,0.1845081495597468,0.0733357419502199,0.2401459854014598,0.5825958000691487,False,,,N100_drop0.50_s0.20_c0.05,1.0,0.0,0.0,False,False,1.0068271698186462,1.0170734897113791,-0.0865463796488441,-0.1149304575594595,NSE,False,NSE validated,False,,
2026-10-01 00:00:00,KLBRENG-B,INE338F01015,524.55,524.55,11607374.57142857,1049.1,0.43837761944803866,0.07326867765604943,0.2122726024522755,0.3451631383872168,0.2266573621011625,0.11181288743101098,,,,,0.5410488119133321,0.02436631867291242,0.5410488119133321,0.5299500373418029,0.03280086002715189,0.19605077574047955,0.2122726024522755,0.07326867765604943,0.19605077574047955,0.5410488119133321,False,,,N100_drop0.50_s0.20_c0.05,1.0,0.0,0.0,False,False,1.0068271698186462,1.0170734897113791,-0.08654637964884415,-0.11493045755945958,BSE,True,NSE-trained; BSE current transfer,False,,
2026-10-01,NAHARINDUS,INE289A01011,127.74,127.74,5373685.802857143,255.48,0.4379268712383297,0.0731204670803901,0.2066837783196103,0.3537794193374893,0.2152759388911519,0.1224229420301866,0.0531070998895657,0.0729038182156509,0.0944376687900753,0.0531070998895657,0.5759177823011367,0.060988788819262,0.5759177823011367,0.5746464624512783,0.0569789621797611,0.2397959183673469,0.2066837783196103,0.0731204670803901,0.2397959183673469,0.5759177823011367,False,,,N100_drop0.50_s0.20_c0.05,1.0,0.0,0.0,False,False,1.0068271698186462,1.0170734897113791,-0.0865463796488441,-0.1149304575594595,NSE,False,NSE validated,False,,
2026-10-01,SAHYADRI,INE280H01015,355.65,355.65,7408779.192063493,711.3,0.4379040470873631,0.0731129687256088,0.2003466002190325,0.3649324153525778,0.2108251381945929,0.1503504755041338,0.053102552550946,0.072896095588479,0.0944254308522269,0.053102552550946,0.5862076626894762,0.0795218593105225,0.5862076626894762,0.577425816385489,0.0571484122922401,0.2401459854014598,0.2003466002190325,0.0731129687256088,0.2401459854014598,0.5862076626894762,False,,,N100_drop0.50_s0.20_c0.05,1.0,0.0,0.0,False,False,1.0068271698186462,1.0170734897113791,-0.0865463796488441,-0.1149304575594595,NSE,False,NSE validated,False,,
2026-10-01,KANPRPLA,INE694E01014,245.55,245.55,13816983.066031748,491.1,0.4370003059649413,0.0728165643845697,0.1927224651020427,0.3778312214199562,0.2129807006347228,0.0978647134072648,0.052932396945032,0.0725908455469139,0.0940137669957064,0.052932396945032,0.6006361056176514,0.0818447028594566,0.6006361056176514,0.5938320131587939,0.0666866224212824,0.2401459854014598,0.1927224651020427,0.0728165643845697,0.2401459854014598,0.6006361056176514,False,,,N100_drop0.50_s0.20_c0.05,1.0,0.0,0.0,False,False,1.0068271698186462,1.0170734897113791,-0.0865463796488441,-0.1149304575594595,NSE,False,NSE validated,False,,
2026-10-01,PASUPTAC,INE818B01023,69.64,69.64,9292376.425238095,139.28,0.4368686562544794,0.0727734677273367,0.1884020503021283,0.3862668564945792,0.2084794984370207,0.0632162255565471,0.0529128007519264,0.0725464659335719,0.0939617063394556,0.0529128007519264,0.5561237940942119,0.0375729649825737,0.5561237940942119,0.5267451238014568,0.0272432407501387,0.1960507757404795,0.1884020503021283,0.0727734677273367,0.1960507757404795,0.5561237940942119,False,,,N100_drop0.50_s0.20_c0.05,1.0,0.0,0.0,False,False,1.0068271698186462,1.0170734897113791,-0.0865463796488441,-0.1149304575594595,NSE,False,NSE validated,False,,
2026-10-01,GEEKAYWIRE,INE669X01032,29.21,29.21,6188712.298095237,58.42,0.4360497515314195,0.0725058543188512,0.2421185519312769,0.299464265503419,0.2125549243622402,0.1416614764703155,0.0527910309170073,0.0722871552619221,0.0936373668417039,0.0527910309170073,0.549090725619108,0.0375517322190207,0.549090725619108,0.5331143378041795,0.0279481330592264,0.1960507757404795,0.2421185519312769,0.0725058543188512,0.1960507757404795,0.549090725619108,False,,,N100_drop0.50_s0.20_c0.05,1.0,0.0,0.0,False,False,1.0068271698186462,1.0170734897113791,-0.0865463796488441,-0.1149304575594595,NSE,False,NSE validated,False,,
2026-10-01,SMCGLOBAL,INE103C01036,99.06,99.06,215023724.5819048,198.12,0.4347349933907817,0.0720778583429053,0.1467112646385292,0.491290553049846,0.2186302559440734,0.0699655814308158,0.0525959771104186,0.0718726520739004,0.0930789259345633,0.0525959771104186,0.5775263338214441,0.0552461663720048,0.5775263338214441,0.5393763296487922,0.0570751958854808,0.2183449651046859,0.1467112646385292,0.0720778583429053,0.2183449651046859,0.5775263338214441,False,,,N100_drop0.50_s0.20_c0.05,1.0,0.0,0.0,False,False,1.0068271698186462,1.0170734897113791,-0.0865463796488441,-0.1149304575594595,NSE,False,NSE validated,False,,
2026-10-01,KOHINOOR,INE080B01012,30.03,30.03,6664579.02031746,60.06,0.4342011884194626,0.0719046691210129,0.2313103903150438,0.3108579300008054,0.2141806714118011,0.0941338768115985,0.05251694042426,0.0717049057683257,0.0927641084987175,0.05251694042426,0.6076131315807348,0.0802860717033032,0.6076131315807348,0.5893317072658736,0.0695907102462986,0.2401459854014598,0.2313103903150438,0.0719046691210129,0.2401459854014598,0.6076131315807348,False,,,N100_drop0.50_s0.20_c0.05,1.0,0.0,0.0,False,False,1.0068271698186462,1.0170734897113791,-0.0865463796488441,-0.1149304575594595,NSE,False,NSE validated,False,,
2026-10-01,SREEL,INE099F01013,292.6,292.6,12061126.272857144,585.2,0.4331283119275471,0.0715575932614433,0.2507761774034904,0.2853444613533191,0.2067633902774531,0.0520520348049695,0.0523583603907749,0.0713601776114337,0.0923460374401383,0.0523583603907749,0.5547507565961691,0.0293685410856876,0.5547507565961691,0.5481562032745116,0.0348461404649172,0.2183449651046859,0.2507761774034904,0.0715575932614433,0.2183449651046859,0.5547507565961691,False,,,N100_drop0.50_s0.20_c0.05,1.0,0.0,0.0,False,False,1.0068271698186462,1.0170734897113791,-0.0865463796488441,-0.1149304575594595,NSE,False,NSE validated,False,,
2026-10-01,NURECA,INE0DSF01015,349.85,349.85,10939044.315396825,699.7,0.4329900239792229,0.0715129550753342,0.192890087200479,0.3707445836810043,0.2144492878598558,0.1034906688811246,0.0523379467466028,0.0713145880976841,0.0922914784364757,0.0523379467466028,0.6062480773188832,0.0842138278357974,0.6062480773188832,0.5920696422950514,0.0651805216420687,0.2401459854014598,0.192890087200479,0.0715129550753342,0.2401459854014598,0.6062480773188832,False,,,N100_drop0.50_s0.20_c0.05,1.0,0.0,0.0,False,False,1.0068271698186462,1.0170734897113791,-0.0865463796488441,-0.1149304575594595,NSE,False,NSE validated,False,,
2026-10-01,SSWL,INE802C01033,390.8,390.8,609805935.5634921,781.6,0.4328926881872711,0.07148154929472,0.1566296638502216,0.4563729981766087,0.2167486032749753,0.0562712077477973,0.0523235819498841,0.0712825133829652,0.0922530913294818,0.0523235819498841,0.5819519681726786,0.0723974509508944,0.5819519681726786,0.5935380498951133,0.070885552466581,0.2401459854014598,0.1566296638502216,0.07148154929472,0.2401459854014598,0.5819519681726786,False,,,N100_drop0.50_s0.20_c0.05,1.0,0.0,0.0,False,False,1.0068271698186462,1.0170734897113791,-0.0865463796488441,-0.1149304575594595,NSE,False,NSE validated,False,,
2026-10-01,BLUSPRING,INE0U4101014,147.82,147.82,72900168.43936509,295.64,0.4325393508403696,0.0713676365095801,0.2599733497480104,0.2745190481207251,0.2203202519235677,0.1113499217902513,0.0522714615720882,0.0711661769591118,0.0921138466349094,0.0522714615720882,0.5550052330632306,0.1039466935198958,0.5550052330632306,0.5271383391463819,0.0594720361779931,0.1960507757404795,0.2599733497480104,0.0713676365095801,0.1960507757404795,0.5550052330632306,False,,,N100_drop0.50_s0.20_c0.05,1.0,0.0,0.0,False,False,1.0068271698186462,1.0170734897113791,-0.0865463796488441,-0.1149304575594595,NSE,False,NSE validated,False,,
2026-10-01,BIL,INE828A01016,987.55,987.55,13022091.635714289,1975.1,0.4318521437562725,0.0711465036586516,0.1996749717241516,0.3563115749776572,0.2085692748866015,0.1018354280419953,0.052170204856855,0.0709623100783048,0.0918434946292159,0.052170204856855,0.5786636741947978,0.056263002282253,0.5786636741947978,0.5391491690581327,0.0252269084226476,0.2183449651046859,0.1996749717241516,0.0711465036586516,0.2183449651046859,0.5786636741947978,False,,,N100_drop0.50_s0.20_c0.05,1.0,0.0,0.0,False,False,1.0068271698186462,1.0170734897113791,-0.0865463796488441,-0.1149304575594595,NSE,False,NSE validated,False,,
2026-10-01,ISFT,INE566K01011,97.91,97.91,7769732.046190477,195.82,0.4317044640307388,0.0710990542503157,0.2411105167351662,0.2948815970910567,0.215522777417026,0.0867796246947785,0.0521484642888779,0.0709245897730176,0.0917727803045271,0.0521484642888779,0.5687523358952985,0.0438290214487069,0.5687523358952985,0.5657859074289755,0.0434892418944268,0.2183449651046859,0.2411105167351662,0.0710990542503157,0.2183449651046859,0.5687523358952985,False,,,N100_drop0.50_s0.20_c0.05,1.0,0.0,0.0,False,False,1.0068271698186462,1.0170734897113791,-0.0865463796488441,-0.1149304575594595,NSE,False,NSE validated,False,,
2026-10-01,VETO,INE918N01018,136.79,136.79,7108095.228888889,273.58,0.4315085066040381,0.0710361323416015,0.1600710387509744,0.4437787928153187,0.2090001291252753,0.0811919035447927,0.0521196270979318,0.0708745622003528,0.0916759750815718,0.0521196270979318,0.5871171955295383,0.0713744997832648,0.5871171955295383,0.530068492228921,0.0218932321799797,0.1960507757404795,0.1600710387509744,0.0710361323416015,0.1960507757404795,0.5871171955295383,False,,,N100_drop0.50_s0.20_c0.05,1.0,0.0,0.0,False,False,1.0068271698186462,1.0170734897113791,-0.0865463796488441,-0.1149304575594595,NSE,False,NSE validated,False,,
2026-10-01,BALPHARMA,INE083D01012,105.74,105.74,7849219.161587302,211.48,0.4312019165545198,0.0709377756795014,0.2314742571255245,0.3064607553358867,0.2252308963231603,0.0429905975360311,0.0520745332581784,0.0707963447407729,0.0915246794843999,0.0520745332581784,0.5672598650900961,0.0378648112834483,0.5672598650900961,0.5574886006615192,0.0501863565852759,0.2183449651046859,0.2314742571255245,0.0709377756795014,0.2183449651046859,0.5672598650900961,False,,,N100_drop0.50_s0.20_c0.05,1.0,0.0,0.0,False,False,1.0068271698186462,1.0170734897113791,-0.0865463796488441,-0.1149304575594595,NSE,False,NSE validated,False,,
2026-10-01,THEMISMED,INE083B01024,113.19,113.19,28623365.03952381,226.38,0.4288019053974967,0.0701715836511188,0.2456400765455978,0.2856683023305155,0.2140460524024758,0.0701393920352601,0.0516818679259351,0.0701094639140021,0.0903471867528551,0.0516818679259351,0.536134992731306,0.0287431827187848,0.536134992731306,0.553380541690241,0.0448833508079661,0.2183449651046859,0.2456400765455978,0.0701715836511188,0.2183449651046859,0.536134992731306,False,,,N100_drop0.50_s0.20_c0.05,1.0,0.0,0.0,False,False,1.0068271698186462,1.0170734897113791,-0.0865463796488441,-0.1149304575594595,NSE,False,NSE validated,False,,
2026-10-01,EMAMIPAP,INE830C01026,116.84,116.84,15979014.963174604,233.68,0.428536911056139,0.070087391565387,0.1989664871429627,0.3522572699141406,0.2122544017232009,0.1507480434395197,0.0516127418225801,0.0700284621093771,0.0902179180875892,0.0516127418225801,0.5965887048152532,0.0855466596329815,0.5965887048152532,0.5905059915031414,0.0648459198098842,0.2401459854014598,0.1989664871429627,0.070087391565387,0.2401459854014598,0.5965887048152532,False,,,N100_drop0.50_s0.20_c0.05,1.0,0.0,0.0,False,False,1.0068271698186462,1.0170734897113791,-0.0865463796488441,-0.1149304575594595,NSE,False,NSE validated,False,,
2026-10-01,DOLPHIN,INE920A01037,628.1,628.1,47023626.180158734,1256.2,0.4282153091654516,0.0699853225378284,0.2323452803508997,0.3012125851324933,0.2044288907663247,0.0264780562057531,0.0515293703862687,0.0699302564799871,0.0900612328904296,0.0515293703862687,0.5768900540500358,0.0506477391094389,0.5768900540500358,0.56397585979471,0.043962379631607,0.2183449651046859,0.2323452803508997,0.0699853225378284,0.2183449651046859,0.5768900540500358,False,,,N100_drop0.50_s0.20_c0.05,1.0,0.0,0.0,False,False,1.0068271698186462,1.0170734897113791,-0.0865463796488441,-0.1149304575594595,NSE,False,NSE validated,False,,
2026-10-01,KALYANIFRG,INE314G01014,944.75,944.75,8933599.715079365,1889.5,0.4272482199606094,0.0696791025560075,0.2163506132154181,0.3220656577785095,0.21354979247622,0.0572601889216362,0.0512793420885458,0.0696355988691989,0.0895913671203325,0.0512793420885458,0.6472554761131056,0.1094550820902552,0.6472554761131056,0.6242503134834666,0.0917199763419767,0.2879818594104308,0.2163506132154181,0.0696791025560075,0.2879818594104308,0.6472554761131056,False,,,N100_drop0.50_s0.20_c0.05,1.0,0.0,0.0,False,False,1.0068271698186462,1.0170734897113791,-0.0865463796488441,-0.1149304575594595,NSE,False,NSE validated,False,,
2026-10-01,SEJALLTD,INE955I01044,656.5,656.5,8370441.408730159,1313.0,0.4266611807695895,0.0694937416089633,0.2546351752236074,0.2729149323063378,0.2075355200814024,0.0379278246871865,0.051128065560783,0.0694572161410794,0.0893071016547214,0.051128065560783,0.5294240852712271,0.0257534414911032,0.5294240852712271,0.5378158716065249,0.0285507430023175,0.2183449651046859,0.2546351752236074,0.0694937416089633,0.2183449651046859,0.5294240852712271,False,,,N100_drop0.50_s0.20_c0.05,1.0,0.0,0.0,False,False,1.0068271698186462,1.0170734897113791,-0.0865463796488441,-0.1149304575594595,NSE,False,NSE validated,False,,
2026-10-01,MVGJL,INE0KNT01012,206.69,206.69,65350091.07349207,413.38,0.4264627064774441,0.0694311608012742,0.2310002055524764,0.3005675282202361,0.2108407237565918,0.0790167238040864,0.0510770042204329,0.0693969877522742,0.0892111553541759,0.0510770042204329,0.5373287656181382,0.0355793496342812,0.5373287656181382,0.5021214058979476,0.0080547826419967,0.1829411764705882,0.2310002055524764,0.0694311608012742,0.1829411764705882,0.5373287656181382,False,,,N100_drop0.50_s0.20_c0.05,1.0,0.0,0.0,False,False,1.0068271698186462,1.0170734897113791,-0.0865463796488441,-0.1149304575594595,NSE,False,NSE validated,False,,
2026-10-01,DCMSIL,INE0OU201013,80.25,80.25,6274679.633809524,160.5,0.4262757024165985,0.0693722375605916,0.2434910696780138,0.2849067017214538,0.2119539014230462,0.1173926187911182,0.0510289327395189,0.0693402778061082,0.0891208288235306,0.0510289327395189,0.5294022538519725,0.0244894467367733,0.5294022538519725,0.5145287065778074,0.0096513390707946,0.1829411764705882,0.2434910696780138,0.0693722375605916,0.1829411764705882,0.5294022538519725,False,,,N100_drop0.50_s0.20_c0.05,1.0,0.0,0.0,False,False,1.0068271698186462,1.0170734897113791,-0.0865463796488441,-0.1149304575594595,NSE,False,NSE validated,False,,
2026-10-01,ROSSTECH,INE0OJW01016,1522.3,1522.3,398647141.45,3044.6,0.4253612624897479,0.0690846763521055,0.2122193910735125,0.3255342313567128,0.2170520160071931,0.0745632441075164,0.0507944084126573,0.0690634952410286,0.0886796750749738,0.0507944084126573,0.5458885630865492,0.0213975779708425,0.5458885630865492,0.4936250154191895,0.0099641492745879,0.1732057416267942,0.2122193910735125,0.0690846763521055,0.1732057416267942,0.5458885630865492,False,,,N100_drop0.50_s0.20_c0.05,1.0,0.0,0.0,False,False,1.0068271698186462,1.0170734897113791,-0.0865463796488441,-0.1149304575594595,NSE,False,NSE validated,False,,
2026-10-01,UFBL,INE382M01027,692.75,692.75,70478178.81666669,1385.5,0.4248459939349956,0.068923057521979,0.2418348802256356,0.2850004823856377,0.2307846608518439,0.2533401336048926,0.0506626545227368,0.0689079176765742,0.0884280250544282,0.0506626545227368,0.507995176853195,0.1262181167659969,0.507995176853195,0.5508166450069713,0.0951129128560148,0.2183449651046859,0.2418348802256356,0.068923057521979,0.2183449651046859,0.507995176853195,False,,,N100_drop0.50_s0.20_c0.05,1.0,0.0,0.0,False,False,1.0068271698186462,1.0170734897113791,-0.0865463796488441,-0.1149304575594595,NSE,False,NSE validated,False,,
2026-10-01 00:00:00,ECORECO,INE316A01038,392.7,392.7,8322572.634920635,785.4,0.4242140164730378,0.06872524016751824,0.2555133224780178,0.2689693026610414,0.22377000971939598,0.07468326070476991,,,,,0.5532737549671506,0.04700892352925767,0.5532737549671506,0.588004192895163,0.06624420754294534,0.24014598540145982,0.2555133224780178,0.06872524016751824,0.24014598540145982,0.5532737549671506,False,,,N100_drop0.50_s0.20_c0.05,1.0,0.0,0.0,False,False,1.0068271698186462,1.0170734897113791,-0.08654637964884415,-0.11493045755945958,BSE,True,NSE-trained; BSE current transfer,False,,
2026-10-01,FILATEX,INE816B01035,106.1,106.1,501936048.4492064,212.2,0.4239370985060906,0.0686387026090513,0.257792184815754,0.2662559482092443,0.2184883554229635,0.0262512170375046,0.0505120449293891,0.0685980558366765,0.0879855117249493,0.0505120449293891,0.5791733533130579,0.0461501020923945,0.5791733533130579,0.5353236887076105,0.0281357443719272,0.2156862745098039,0.257792184815754,0.0686387026090513,0.2156862745098039,0.5791733533130579,False,,,N100_drop0.50_s0.20_c0.05,1.0,0.0,0.0,False,False,1.0068271698186462,1.0170734897113791,-0.0865463796488441,-0.1149304575594595,NSE,False,NSE validated,False,,
2026-10-01,KSHINTL,INE987S01020,1028.2,1028.2,330031133.2666667,2056.4,0.42351736928413,0.068507700186512,0.2235905210421009,0.3063980524183866,0.2138221786336119,0.0600374878728416,0.0504431945107319,0.0684533666509228,0.0877939628240429,0.0504431945107319,0.5872113069084792,0.0747774988543681,0.5872113069084792,0.5616939756436315,0.0525384252429409,0.2183449651046859,0.2235905210421009,0.068507700186512,0.2183449651046859,0.5872113069084792,False,,,N100_drop0.50_s0.20_c0.05,1.0,0.0,0.0,False,False,1.0068271698186462,1.0170734897113791,-0.0865463796488441,-0.1149304575594595,NSE,False,NSE validated,False,,
2026-10-01,FAIRCHEMOR,INE0DNW01011,661.5,661.5,10975945.375396824,1323.0,0.4232289568739737,0.0684177976765847,0.1883465386980949,0.36325487131066,0.2081924695632818,0.0580158537175662,0.0503959274160956,0.0683631155820298,0.0876751328325435,0.0503959274160956,0.5658079321908384,0.0487160328866017,0.5658079321908384,0.5513505118329173,0.0367054568887163,0.2183449651046859,0.1883465386980949,0.0684177976765847,0.2183449651046859,0.5658079321908384,False,,,N100_drop0.50_s0.20_c0.05,1.0,0.0,0.0,False,False,1.0068271698186462,1.0170734897113791,-0.0865463796488441,-0.1149304575594595,NSE,False,NSE validated,False,,
2026-10-01,RPTECH,INE0J1F01024,953.15,953.15,449174159.30158734,1906.3,0.4220920086864571,0.0680642989549603,0.2182914370977607,0.3118047132763988,0.2412002503654402,0.1916530494657879,0.0502130812938488,0.0680311760030455,0.0872079056354751,0.0502130812938488,0.5133712871820353,0.0860179641436218,0.5133712871820353,0.5045667625968246,0.0760733926980232,0.1829411764705882,0.2182914370977607,0.0680642989549603,0.1829411764705882,0.5133712871820353,False,,,N100_drop0.50_s0.20_c0.05,1.0,0.0,0.0,False,False,1.0068271698186462,1.0170734897113791,-0.0865463796488441,-0.1149304575594595,NSE,False,NSE validated,False,,
2026-10-01,LIKHITHA,INE060901027,225.62,225.62,16871543.10031746,451.24,0.4214497959668926,0.0678652591709108,0.2119471174111602,0.3201990194528465,0.2086296865978591,0.1188866902768045,0.0500609070258546,0.0678442355523993,0.0869448410551972,0.0500609070258546,0.5371725980550668,0.041408553340688,0.5371725980550668,0.5207989378817348,0.0284406823254225,0.1919720767888307,0.2119471174111602,0.0678652591709108,0.1919720767888307,0.5371725980550668,False,,,N100_drop0.50_s0.20_c0.05,1.0,0.0,0.0,False,False,1.0068271698186462,1.0170734897113791,-0.0865463796488441,-0.1149304575594595,NSE,False,NSE validated,False,,
2026-10-01,PREMIERPOL,INE309M01020,90.64,90.64,69152003.9257143,181.28,0.4209874217907015,0.0677222399045087,0.2798338977455516,0.2420087074872089,0.2064635008247702,0.0195470826284678,0.0499341741674627,0.0677075753610174,0.0867558219153809,0.0499341741674627,0.5558254140984998,0.0436767657869722,0.5558254140984998,0.5336673683864078,0.0248467567288988,0.1960507757404795,0.2798338977455516,0.0677222399045087,0.1960507757404795,0.5558254140984998,False,,,N100_drop0.50_s0.20_c0.05,1.0,0.0,0.0,False,False,1.0068271698186462,1.0170734897113791,-0.0865463796488441,-0.1149304575594595,NSE,False,NSE validated,False,,
2026-10-01,DEEDEV,INE841L01016,663.2,663.2,118269152.36825396,1326.4,0.4209581954973503,0.0677132077356344,0.2240036951568121,0.3022861193795588,0.2285208108622872,0.1128778869900343,0.0499261724842193,0.0676983662201017,0.0867438848319141,0.0499261724842193,0.5439906223828249,0.0852487617562465,0.5439906223828249,0.5231222047016719,0.0726110574079066,0.1919720767888307,0.2240036951568121,0.0677132077356344,0.1919720767888307,0.5439906223828249,False,,,N100_drop0.50_s0.20_c0.05,1.0,0.0,0.0,False,False,1.0068271698186462,1.0170734897113791,-0.0865463796488441,-0.1149304575594595,NSE,False,NSE validated,False,,
2026-10-01,MEDICAMEQ,INE646B01010,318.6,318.6,13874697.357460318,637.2,0.4202784297449363,0.0675033977975771,0.2354787572757002,0.2866644897337538,0.2057751766880935,0.1234528586307376,0.0497403648931623,0.0674844518545364,0.0864666007868042,0.0497403648931623,0.4949757899609833,0.0123767744146348,0.4949757899609833,0.4906515659838852,0.0098081753397909,0.1732057416267942,0.2354787572757002,0.0675033977975771,0.1732057416267942,0.4949757899609833,False,,,N100_drop0.50_s0.20_c0.05,1.0,0.0,0.0,False,False,1.0068271698186462,1.0170734897113791,-0.0865463796488441,-0.1149304575594595,NSE,False,NSE validated,False,,
2026-10-01,PAR,INE04LG01015,123.95,123.95,10326018.012698414,247.9,0.4201790685447771,0.067472772704506,0.2347613499569764,0.2874100558583067,0.1901737697483853,0.0155819256851746,0.0497132537577899,0.0674532286972684,0.0864261275349638,0.0497132537577899,0.5943884913713594,0.0691165812358573,0.5943884913713594,0.5800842738578422,0.0669241516900375,0.2401459854014598,0.2347613499569764,0.067472772704506,0.2401459854014598,0.5943884913713594,False,,,N100_drop0.50_s0.20_c0.05,1.0,0.0,0.0,False,False,1.0068271698186462,1.0170734897113791,-0.0865463796488441,-0.1149304575594595,NSE,False,NSE validated,False,,
2026-10-01,HTMEDIA,INE501G01024,22.38,22.38,6600279.148412698,44.76,0.4191077936494887,0.0671432756094492,0.2043093074602973,0.3286354226544325,0.2107977640994515,0.1016207394157795,0.0494217320174905,0.0671173138478922,0.0859906859878127,0.0494217320174905,0.534887594019322,0.0375756326742127,0.534887594019322,0.543385138329416,0.0511707875425944,0.2183449651046859,0.2043093074602973,0.0671432756094492,0.2183449651046859,0.534887594019322,False,,,N100_drop0.50_s0.20_c0.05,1.0,0.0,0.0,False,False,1.0068271698186462,1.0170734897113791,-0.0865463796488441,-0.1149304575594595,NSE,False,NSE validated,False,,
2026-10-01,MWL,INE0JYY01029,43.13,43.13,59758359.81507936,86.26,0.4187045042574079,0.0670195609370543,0.1813507719292903,0.3695576270454786,0.2107620393586953,0.0673998122725,0.0493362877324898,0.0669911975184129,0.0858128691059843,0.0493362877324898,0.5713044003062153,0.0569374849614165,0.5713044003062153,0.5211028935784305,0.02732149229344,0.1919720767888307,0.1813507719292903,0.0670195609370543,0.1919720767888307,0.5713044003062153,False,,,N100_drop0.50_s0.20_c0.05,1.0,0.0,0.0,False,False,1.0068271698186462,1.0170734897113791,-0.0865463796488441,-0.1149304575594595,NSE,False,NSE validated,False,,
2026-10-01,OAL,INE959C01023,532.2,532.2,33340016.691269845,1064.4,0.4182305277299626,0.0668743899587959,0.2517099378116755,0.2656803721783525,0.2025304298269887,0.0694640022512676,0.0492440305054397,0.0668432139341612,0.0855685232346354,0.0492440305054397,0.5561355850430151,0.0520283307136045,0.5561355850430151,0.5357958811969884,0.0277298419434342,0.2156862745098039,0.2517099378116755,0.0668743899587959,0.2156862745098039,0.5561355850430151,False,,,N100_drop0.50_s0.20_c0.05,1.0,0.0,0.0,False,False,1.0068271698186462,1.0170734897113791,-0.0865463796488441,-0.1149304575594595,NSE,False,NSE validated,False,,
2026-10-01,JAYAGROGN,INE785A01026,211.22,211.22,5288159.952857143,422.44,0.4181404924381557,0.06684684147608,0.2209075469437261,0.3026009858011259,0.2033311177596782,0.1286274716477723,0.049226520925176,0.0668151323964414,0.0855221707171926,0.049226520925176,0.5368436046963438,0.0241199221293192,0.5368436046963438,0.5368093220363906,0.0349228946461264,0.2156862745098039,0.2209075469437261,0.06684684147608,0.2156862745098039,0.5368436046963438,False,,,N100_drop0.50_s0.20_c0.05,1.0,0.0,0.0,False,False,1.0068271698186462,1.0170734897113791,-0.0865463796488441,-0.1149304575594595,NSE,False,NSE validated,False,,
2026-10-01,MARINE,INE01JE01028,436.55,436.55,516490494.39841264,873.1,0.4179263731318566,0.0667813620918747,0.248814461877124,0.2683982337202505,0.211530280488444,0.0801041145762923,0.0491848998164288,0.0667483868789942,0.0854122819161233,0.0491848998164288,0.5234895384457499,0.034811092282483,0.5234895384457499,0.4916004833572857,0.0084803667881206,0.1732057416267942,0.248814461877124,0.0667813620918747,0.1732057416267942,0.5234895384457499,False,,,N100_drop0.50_s0.20_c0.05,1.0,0.0,0.0,False,False,1.0068271698186462,1.0170734897113791,-0.0865463796488441,-0.1149304575594595,NSE,False,NSE validated,False,,
2026-10-01,MCLEODRUSS,INE942G01012,42.51,42.51,12165652.982857144,85.02,0.4178794742882974,0.0667670267440005,0.2543808991094939,0.2624687112032803,0.220662893663904,0.005039720261883,0.0491757871825557,0.0667337745017869,0.0853950155966979,0.0491757871825557,0.564506360239556,0.0877094439972678,0.564506360239556,0.5655922538413365,0.0812033363969354,0.2183449651046859,0.2543808991094939,0.0667670267440005,0.2183449651046859,0.564506360239556,False,,,N100_drop0.50_s0.20_c0.05,1.0,0.0,0.0,False,False,1.0068271698186462,1.0170734897113791,-0.0865463796488441,-0.1149304575594595,NSE,False,NSE validated,False,,
2026-10-01,CYIENTDLM,INE055S01018,893.9,893.9,656953406.1888889,1787.8,0.417804022545129,0.0667439688095473,0.2563145496472934,0.260398673822425,0.212673701898733,0.1522667865374338,0.049161129390018,0.0667102710985805,0.0853672427126799,0.049161129390018,0.5251387914175601,0.0802796551700659,0.5251387914175601,0.5359823228939412,0.0570627401986342,0.2156862745098039,0.2563145496472934,0.0667439688095473,0.2156862745098039,0.5251387914175601,False,,,N100_drop0.50_s0.20_c0.05,1.0,0.0,0.0,False,False,1.0068271698186462,1.0170734897113791,-0.0865463796488441,-0.1149304575594595,NSE,False,NSE validated,False,,
2026-10-01,DEEPINDS,INE0FHS01024,749.0,749.0,376198383.9039683,1498.0,0.4175356947888226,0.0666620186339777,0.2032767813588952,0.3279372006401587,0.2053658159784738,0.009888537405035,0.049109029938229,0.0666216758946702,0.08526852936511,0.049109029938229,0.5719269237726075,0.0493203235170112,0.5719269237726075,0.5387263893140775,0.0383186720135644,0.2183449651046859,0.2032767813588952,0.0666620186339777,0.2183449651046859,0.5719269237726075,False,,,N100_drop0.50_s0.20_c0.05,1.0,0.0,0.0,False,False,1.0068271698186462,1.0170734897113791,-0.0865463796488441,-0.1149304575594595,NSE,False,NSE validated,False,,
2026-10-01,ALBERTDAVD,INE155C01010,856.7,856.7,9022919.33015873,1713.4,0.4175280768699464,0.0666596931870034,0.1534087627335778,0.4345233740185366,0.2022498802267149,0.0894217641649317,0.049107551449915,0.0666190101742316,0.0852657281088924,0.049107551449915,0.5854613748677688,0.0697244785570731,0.5854613748677688,0.5433942766034431,0.0412545749394684,0.2183449651046859,0.1534087627335778,0.0666596931870034,0.2183449651046859,0.5854613748677688,False,,,N100_drop0.50_s0.20_c0.05,1.0,0.0,0.0,False,False,1.0068271698186462,1.0170734897113791,-0.0865463796488441,-0.1149304575594595,NSE,False,NSE validated,False,,
2026-10-01,BLISSGVS,INE416D01022,683.6,683.6,228856940.0825397,1367.2,0.4173068492773475,0.0665921888296621,0.2393428928130044,0.2782292302353417,0.2291991725898868,0.2122882631245359,0.0490646307644307,0.0665416344178198,0.0851844085317474,0.0490646307644307,0.5350358647768817,0.1032040092686402,0.5350358647768817,0.5359671273666881,0.0938542606886769,0.2156862745098039,0.2393428928130044,0.0665921888296621,0.2156862745098039,0.5350358647768817,False,,,N100_drop0.50_s0.20_c0.05,1.0,0.0,0.0,False,False,1.0068271698186462,1.0170734897113791,-0.0865463796488441,-0.1149304575594595,NSE,False,NSE validated,False,,
2026-10-01,KAMDHENU,INE390H01020,37.59,37.59,32442164.91206349,75.18,0.4165786671877159,0.0663703712235061,0.1746540590471883,0.3800104709022197,0.2106637673694678,0.1085616123607227,0.0489235629339381,0.0662888079720931,0.0849171513066605,0.0489235629339381,0.5608488321266432,0.0677943625204008,0.5608488321266432,0.5332451404591899,0.0431619190508671,0.1960507757404795,0.1746540590471883,0.0663703712235061,0.1960507757404795,0.5608488321266432,False,,,N100_drop0.50_s0.20_c0.05,1.0,0.0,0.0,False,False,1.0068271698186462,1.0170734897113791,-0.0865463796488441,-0.1149304575594595,NSE,False,NSE validated,False,,
2026-10-01,SICALLOG,INE075B01020,87.08,87.08,5223486.880476191,174.16,0.4161416080371647,0.0662375117797941,0.2333222475905255,0.2838885381219165,0.2094697312254959,0.0677951648117909,0.0488390459712305,0.0661633373784456,0.084757043701335,0.0488390459712305,0.5563504511581755,0.0514025235459488,0.5563504511581755,0.5734239414416162,0.0700079055316268,0.2397959183673469,0.2333222475905255,0.0662375117797941,0.2397959183673469,0.5563504511581755,False,,,N100_drop0.50_s0.20_c0.05,1.0,0.0,0.0,False,False,1.0068271698186462,1.0170734897113791,-0.0865463796488441,-0.1149304575594595,NSE,False,NSE validated,False,,
2026-10-01,GOACARBON,INE426D01013,402.9,402.9,21448547.18809524,805.8,0.4161147251389796,0.0662293465474717,0.2330963269935156,0.2841286578887797,0.2035272382227278,0.0753628806892482,0.0488338511854316,0.0661556258568591,0.0847472030838957,0.0488338511854316,0.4871849586928761,0.0173525306024716,0.4871849586928761,0.4891527347165685,0.014222713126949,0.1732057416267942,0.2330963269935156,0.0662293465474717,0.1732057416267942,0.4871849586928761,False,,,N100_drop0.50_s0.20_c0.05,1.0,0.0,0.0,False,False,1.0068271698186462,1.0170734897113791,-0.0865463796488441,-0.1149304575594595,NSE,False,NSE validated,False,,
2026-10-01,PLASTIBLEN,INE083C01022,193.62,193.62,17213279.317301586,387.24,0.4156002314540573,0.0660732285659007,0.1539514565642461,0.4291822243222975,0.2033035410039764,0.0689748348519576,0.0487345149567181,0.0659938233567017,0.0845590346843229,0.0487345149567181,0.5830617756702655,0.0725544546169055,0.5830617756702655,0.5417666045256401,0.0303198275827353,0.2183449651046859,0.1539514565642461,0.0660732285659007,0.2183449651046859,0.5830617756702655,False,,,N100_drop0.50_s0.20_c0.05,1.0,0.0,0.0,False,False,1.0068271698186462,1.0170734897113791,-0.0865463796488441,-0.1149304575594595,NSE,False,NSE validated,False,,
2026-10-01,SRHHYPOLTD,INE917H01012,543.6,543.6,13723239.823015872,1087.2,0.4152957713200903,0.0659809780905888,0.2221629287907257,0.2969936453833031,0.2038406122169149,0.0676387193404416,0.0486758055559172,0.065897907271307,0.0844478300624131,0.0486758055559172,0.5125922063748511,0.0015913450753362,0.5125922063748511,0.5052116450266765,0.020452727707594,0.1829411764705882,0.2221629287907257,0.0659809780905888,0.1829411764705882,0.5125922063748511,False,,,N100_drop0.50_s0.20_c0.05,1.0,0.0,0.0,False,False,1.0068271698186462,1.0170734897113791,-0.0865463796488441,-0.1149304575594595,NSE,False,NSE validated,False,,
2026-10-01,JITFINFRA,INE863T01013,275.45,275.45,12394438.811111111,550.9,0.4151966301100286,0.0659509602344579,0.2480741228699906,0.2658518327968499,0.2105034991305702,0.0526307791720392,0.0486566999727242,0.0658666983296762,0.0844116421368761,0.0486566999727242,0.5265954943681239,0.0307776221852111,0.5265954943681239,0.536492012804119,0.0388724209109833,0.2156862745098039,0.2480741228699906,0.0659509602344579,0.2156862745098039,0.5265954943681239,False,,,N100_drop0.50_s0.20_c0.05,1.0,0.0,0.0,False,False,1.0068271698186462,1.0170734897113791,-0.0865463796488441,-0.1149304575594595,NSE,False,NSE validated,False,,
2026-10-01,SVLL,INE00CE01017,786.75,786.75,10924014.423809525,1573.5,0.4149987244348627,0.0658910703326725,0.1556808193219417,0.4232446271779466,0.1997419049680369,0.1109738631388769,0.0486185789224234,0.0658044345184104,0.0843394384230734,0.0486185789224234,0.6007118951703598,0.0983525590915967,0.6007118951703598,0.5696553273080922,0.0523919526514945,0.2183449651046859,0.1556808193219417,0.0658910703326725,0.2183449651046859,0.6007118951703598,False,,,N100_drop0.50_s0.20_c0.05,1.0,0.0,0.0,False,False,1.0068271698186462,1.0170734897113791,-0.0865463796488441,-0.1149304575594595,NSE,False,NSE validated,False,,
2026-10-01,INDOAMIN,INE760F01028,136.52,136.52,11193009.277936509,273.04,0.4149346856860029,0.06587170008009,0.154001443753278,0.4277343021901894,0.2038608116201955,0.059855405437099,0.0486062486245945,0.0657842971761341,0.0843160844621695,0.0486062486245945,0.5901292646753858,0.0705704836915889,0.5901292646753858,0.5245077413244891,0.0168107173608451,0.1960507757404795,0.154001443753278,0.06587170008009,0.1960507757404795,0.5901292646753858,False,,,N100_drop0.50_s0.20_c0.05,1.0,0.0,0.0,False,False,1.0068271698186462,1.0170734897113791,-0.0865463796488441,-0.1149304575594595,NSE,False,NSE validated,False,,
2026-10-01,KOPRAN,INE082A01010,282.05,282.05,226797097.74174604,564.1,0.4148387754461884,0.0658426977066492,0.2158994876687573,0.3049692170074442,0.209580584245638,0.1153738459529312,0.04858778621711,0.0657541469129622,0.0842811164772298,0.04858778621711,0.537380499998862,0.0384607102839264,0.537380499998862,0.5190241091733567,0.0239532428819511,0.1919720767888307,0.2158994876687573,0.0658426977066492,0.1919720767888307,0.537380499998862,False,,,N100_drop0.50_s0.20_c0.05,1.0,0.0,0.0,False,False,1.0068271698186462,1.0170734897113791,-0.0865463796488441,-0.1149304575594595,NSE,False,NSE validated,False,,
2026-10-01,SHALPAINTS,INE849C01026,78.34,78.34,40291525.39507936,156.68,0.4147563783630829,0.0658177895087708,0.2426631227986841,0.2712311155880654,0.197825409764564,0.0846571470028745,0.0485719294185599,0.0657277002614392,0.0842510839051158,0.0485719294185599,0.5838570671640987,0.0789959938807046,0.5838570671640987,0.5959801236518066,0.0749097009885421,0.2401459854014598,0.2426631227986841,0.0658177895087708,0.2401459854014598,0.5838570671640987,False,,,N100_drop0.50_s0.20_c0.05,1.0,0.0,0.0,False,False,1.0068271698186462,1.0170734897113791,-0.0865463796488441,-0.1149304575594595,NSE,False,NSE validated,False,,
2026-10-01,CORDSCABLE,INE792I01017,318.9,318.9,56502191.73619048,637.8,0.4143128959687637,0.0656838527807717,0.2698304029250977,0.2434264340442204,0.192963493781929,0.06536723784539,0.0484866533412539,0.0655785287387754,0.0840895778938936,0.0484866533412539,0.5290639562488321,0.0408222349510819,0.5290639562488321,0.5371386554655125,0.026850572332424,0.2183449651046859,0.2698304029250977,0.0656838527807717,0.2183449651046859,0.5290639562488321,False,,,N100_drop0.50_s0.20_c0.05,1.0,0.0,0.0,False,False,1.0068271698186462,1.0170734897113791,-0.0865463796488441,-0.1149304575594595,NSE,False,NSE validated,False,,
2026-10-01,EVERESTIND,INE295A01018,475.3,475.3,5841583.658730159,950.6,0.4135134553330477,0.0654429468445037,0.2350136291828067,0.2784644748990219,0.2051266836432601,0.1001095467021949,0.0483332256836497,0.0653103066217043,0.0837773022478676,0.0483332256836497,0.5382013656974388,0.0324292970177987,0.5382013656974388,0.5375771210748043,0.0311589312584492,0.2183449651046859,0.2350136291828067,0.0654429468445037,0.2183449651046859,0.5382013656974388,False,,,N100_drop0.50_s0.20_c0.05,1.0,0.0,0.0,False,False,1.0068271698186462,1.0170734897113791,-0.0865463796488441,-0.1149304575594595,NSE,False,NSE validated,False,,
2026-10-01,DICIND,INE303A01010,613.65,613.65,5996606.317460316,1227.3,0.4133194196186924,0.0653845789439641,0.1715235681847587,0.3811988033827184,0.2008793624914552,0.0962341173297925,0.0482960436380688,0.0652453370870783,0.0837016252544037,0.0482960436380688,0.5649750527298747,0.0436465829676022,0.5649750527298747,0.5203317771432117,0.040149173515204,0.1919720767888307,0.1715235681847587,0.0653845789439641,0.1919720767888307,0.5649750527298747,False,,,N100_drop0.50_s0.20_c0.05,1.0,0.0,0.0,False,False,1.0068271698186462,1.0170734897113791,-0.0865463796488441,-0.1149304575594595,NSE,False,NSE validated,False,,
2026-10-01,AUTOIND,INE718H01014,81.4,81.4,17454010.86285714,162.8,0.4128395712032214,0.0652404088246568,0.244545165975254,0.2667826557293657,0.20383475945831,0.07887400228743,0.0482041882864288,0.0650848887034136,0.0835146985209059,0.0482041882864288,0.5153690281824019,0.0252939015412398,0.5153690281824019,0.5258560586987668,0.0374362715380402,0.1960507757404795,0.244545165975254,0.0652404088246568,0.1960507757404795,0.5153690281824019,False,,,N100_drop0.50_s0.20_c0.05,1.0,0.0,0.0,False,False,1.0068271698186462,1.0170734897113791,-0.0865463796488441,-0.1149304575594595,NSE,False,NSE validated,False,,
2026-10-01,PONNIERODE,INE838E01017,372.35,372.35,19986279.26825397,744.7,0.4125384398043596,0.0651500598423827,0.1863978767818601,0.3495214697033664,0.2005586713436863,0.1054072649649438,0.0481466133168534,0.0649843587081932,0.0833975527149308,0.0481466133168534,0.5607625564311453,0.0515856491386823,0.5607625564311453,0.5502093684459378,0.0382697901571118,0.2183449651046859,0.1863978767818601,0.0651500598423827,0.2183449651046859,0.5607625564311453,False,,,N100_drop0.50_s0.20_c0.05,1.0,0.0,0.0,False,False,1.0068271698186462,1.0170734897113791,-0.0865463796488441,-0.1149304575594595,NSE,False,NSE validated,False,,
2026-10-01,LAMBODHARA,INE112F01022,128.64,128.64,7362262.925238096,257.28,0.4119589704759665,0.0649764729234629,0.2486979304862919,0.2612666410066663,0.1998814308422677,0.0922700260780219,0.0480359715270327,0.0648056665549172,0.0831724769976171,0.0480359715270327,0.5590157439385305,0.047491385272209,0.5590157439385305,0.5552181306877094,0.0381421253362236,0.2183449651046859,0.2486979304862919,0.0649764729234629,0.2183449651046859,0.5590157439385305,False,,,N100_drop0.50_s0.20_c0.05,1.0,0.0,0.0,False,False,1.0068271698186462,1.0170734897113791,-0.0865463796488441,-0.1149304575594595,NSE,False,NSE validated,False,,
2026-10-01,SAKAR,INE732S01012,1075.0,1075.0,161872229.13174605,2150.0,0.4119347288097386,0.0649692188433468,0.2368225234316594,0.2743371614402004,0.2144588078592334,0.139582022831353,0.0480313472105925,0.0647984725187406,0.0831630711148761,0.0480313472105925,0.550660451903972,0.0806923429273014,0.550660451903972,0.5315397604819363,0.0727431524333488,0.1960507757404795,0.2368225234316594,0.0649692188433468,0.1960507757404795,0.550660451903972,False,,,N100_drop0.50_s0.20_c0.05,1.0,0.0,0.0,False,False,1.0068271698186462,1.0170734897113791,-0.0865463796488441,-0.1149304575594595,NSE,False,NSE validated,False,,
2026-10-01,RPEL,INE912T01018,1818.9,1818.9,161551971.86031747,3637.8,0.4116715152569656,0.0648904950468815,0.2525236594436046,0.2569679814947137,0.2096622097739256,0.0834167307855477,0.0479811590540369,0.0647204001770909,0.0830609945907654,0.0479811590540369,0.5253326633064223,0.0888315498521273,0.5253326633064223,0.5519329606964853,0.0778728656107736,0.2183449651046859,0.2525236594436046,0.0648904950468815,0.2183449651046859,0.5253326633064223,False,,,N100_drop0.50_s0.20_c0.05,1.0,0.0,0.0,False,False,1.0068271698186462,1.0170734897113791,-0.0865463796488441,-0.1149304575594595,NSE,False,NSE validated,False,,
2026-10-01 00:00:00,TGVSL,INE284B01028,116.5,116.5,15988397.57142857,233.0,0.4110023298731561,0.06469068191045059,0.1832676730226021,0.35298468542497613,0.2110353615090769,0.09056201701562441,,,,,0.5551089684975442,0.03797471717633578,0.5551089684975442,0.5317528340947482,0.03710213996384665,0.19605077574047955,0.1832676730226021,0.06469068191045059,0.19605077574047955,0.5551089684975442,False,,,N100_drop0.50_s0.20_c0.05,1.0,0.0,0.0,False,False,1.0068271698186462,1.0170734897113791,-0.08654637964884415,-0.11493045755945958,BSE,True,NSE-trained; BSE current transfer,False,,
2026-10-01,SATIA,INE170E01023,68.34,68.34,8877896.25,136.68,0.4108813694461034,0.0646546148641313,0.2027435415578275,0.3188985176412645,0.2044180687735213,0.1241857023430874,0.0478307420971982,0.0644559300098846,0.0827551358769604,0.0478307420971982,0.5337291694465351,0.0171192087538434,0.5337291694465351,0.4936581003813399,0.0094752566329417,0.1732057416267942,0.2027435415578275,0.0646546148641313,0.1732057416267942,0.5337291694465351,False,,,N100_drop0.50_s0.20_c0.05,1.0,0.0,0.0,False,False,1.0068271698186462,1.0170734897113791,-0.0865463796488441,-0.1149304575594595,NSE,False,NSE validated,False,,
2026-10-01,ARIHANT,INE413D01011,894.1,894.1,5010437.157142857,1788.2,0.4107068538254432,0.0646026064708196,0.303021963565122,0.2131944685155997,0.2924779079362747,0.3252259189488114,0.0477975694709231,0.0643976305828369,0.0826947638122943,0.0477975694709231,0.4042188532091423,0.2967493567696605,0.4042188532091423,0.4482206482690749,0.2800031203280333,0.1648675171736997,0.303021963565122,0.0646026064708196,0.1648675171736997,0.4042188532091423,False,,,N100_drop0.50_s0.20_c0.05,1.0,0.0,0.0,False,False,1.0068271698186462,1.0170734897113791,-0.0865463796488441,-0.1149304575594595,NSE,False,NSE validated,False,,
2026-10-01,EBGNG,INE18JU01028,704.7,704.7,445696515.04206353,1409.4,0.4100808377900758,0.0644163091018941,0.2272500036164129,0.2834601015480101,0.2258495078387975,0.0881967061030383,0.0476787200311969,0.0641888529250082,0.0824651760892905,0.0476787200311969,0.5092563898820205,0.0366493387874648,0.5092563898820205,0.4639486825492162,0.0303658437864774,0.1732057416267942,0.2272500036164129,0.0644163091018941,0.1732057416267942,0.5092563898820205,False,,,N100_drop0.50_s0.20_c0.05,1.0,0.0,0.0,False,False,1.0068271698186462,1.0170734897113791,-0.0865463796488441,-0.1149304575594595,NSE,False,NSE validated,False,,
2026-10-01,SASKEN,INE231F01020,1720.5,1720.5,47885687.2015873,3441.0,0.410005846826779,0.0643940201779199,0.2417746158862121,0.2663390444935135,0.203761737330741,0.0107499706033029,0.0476644982760105,0.0641638801466509,0.0824284785967468,0.0476644982760105,0.5421812436151662,0.0344568215047861,0.5421812436151662,0.5318853917569911,0.0230769060013578,0.1960507757404795,0.2417746158862121,0.0643940201779199,0.1960507757404795,0.5421812436151662,False,,,N100_drop0.50_s0.20_c0.05,1.0,0.0,0.0,False,False,1.0068271698186462,1.0170734897113791,-0.0865463796488441,-0.1149304575594595,NSE,False,NSE validated,False,,
2026-10-01,ORIENTBELL,INE607D01018,398.55,398.55,11246660.03968254,797.1,0.4099551863506916,0.0643789661581148,0.1700034006209064,0.3786922257024412,0.199182804096724,0.1141373412271432,0.0476548925588722,0.0641470141348296,0.082403694747158,0.0476548925588722,0.581863151809382,0.0863791815304711,0.581863151809382,0.5275615075710093,0.0282260408036675,0.1960507757404795,0.1700034006209064,0.0643789661581148,0.1960507757404795,0.581863151809382,False,,,N100_drop0.50_s0.20_c0.05,1.0,0.0,0.0,False,False,1.0068271698186462,1.0170734897113791,-0.0865463796488441,-0.1149304575594595,NSE,False,NSE validated,False,,
2026-10-01,HMVL,INE871K01015,77.44,77.44,5757959.82746032,154.88,0.4098837340495955,0.0643577383468308,0.2179422981061487,0.2952971447308746,0.2076131033887036,0.0758562876314604,0.0476413470484556,0.0641232321666179,0.0823687492389965,0.0476413470484556,0.5485645386915127,0.044426162761978,0.5485645386915127,0.5703365510728272,0.0588504050784923,0.2183449651046859,0.2179422981061487,0.0643577383468308,0.2183449651046859,0.5485645386915127,False,,,N100_drop0.50_s0.20_c0.05,1.0,0.0,0.0,False,False,1.0068271698186462,1.0170734897113791,-0.0865463796488441,-0.1149304575594595,NSE,False,NSE validated,False,,
2026-10-01,IBULLSLTD,INE126M01010,29.43,29.43,358136605.3674604,58.86,0.4097963232396319,0.0643317767395449,0.2355181835181546,0.2731499359351421,0.2275616373071451,0.1712794384427518,0.0476247802553339,0.0640941483371196,0.0823329008243971,0.0476247802553339,0.5227489185398569,0.1237797306692143,0.5227489185398569,0.4800472646127198,0.0604262995329856,0.1732057416267942,0.2355181835181546,0.0643317767395449,0.1732057416267942,0.5227489185398569,False,,,N100_drop0.50_s0.20_c0.05,1.0,0.0,0.0,False,False,1.0068271698186462,1.0170734897113791,-0.0865463796488441,-0.1149304575594595,NSE,False,NSE validated,False,,
2026-10-01,SIMPLEXINF,INE059B01024,245.01,245.01,29655977.69269841,490.02,0.4097724320038544,0.0643246822823017,0.2102314555240914,0.3059707793105702,0.2051583274503672,0.0807682307255037,0.0476202529710789,0.0640862009680895,0.082323737337942,0.0476202529710789,0.5410236722879115,0.0318862155573101,0.5410236722879115,0.5489522708393468,0.0493284786235727,0.2183449651046859,0.2102314555240914,0.0643246822823017,0.2183449651046859,0.5410236722879115,False,,,N100_drop0.50_s0.20_c0.05,1.0,0.0,0.0,False,False,1.0068271698186462,1.0170734897113791,-0.0865463796488441,-0.1149304575594595,NSE,False,NSE validated,False,,
2026-10-01,SYNCOMF,INE312C01025,23.96,23.96,315377571.4328572,47.92,0.4092010458840538,0.0641551895233319,0.2502711221711228,0.2563427572737133,0.1999402314815197,0.0370895975979,0.0475120765958518,0.0639042647101312,0.0821033873617487,0.0475120765958518,0.5418264283817888,0.028370201746159,0.5418264283817888,0.5395783273385114,0.0256182480538653,0.2183449651046859,0.2502711221711228,0.0641551895233319,0.2183449651046859,0.5418264283817888,False,,,N100_drop0.50_s0.20_c0.05,1.0,0.0,0.0,False,False,1.0068271698186462,1.0170734897113791,-0.0865463796488441,-0.1149304575594595,NSE,False,NSE validated,False,,
2026-10-01,DMCC,INE505A01010,308.7,308.7,30892046.17380952,617.4,0.408867125711863,0.0640562964403639,0.1917426299410193,0.3340743603030158,0.202161168580916,0.0848703945461033,0.0474489455938516,0.0638074601933448,0.0819731189121479,0.0474489455938516,0.5658597728025251,0.0607145677524851,0.5658597728025251,0.5055645113400664,0.0028351410128821,0.1829411764705882,0.1917426299410193,0.0640562964403639,0.1829411764705882,0.5658597728025251,False,,,N100_drop0.50_s0.20_c0.05,1.0,0.0,0.0,False,False,1.0068271698186462,1.0170734897113791,-0.0865463796488441,-0.1149304575594595,NSE,False,NSE validated,False,,
2026-10-01,GAUDIUMIVF,INE0P8B01020,109.48,109.48,24046909.07968254,218.96,0.4086989040522207,0.0640065206668095,0.2471643267919598,0.2589634252546661,0.2009027555549365,0.0296545553941541,0.0474171660382941,0.0637587348234212,0.0819075516345508,0.0474171660382941,0.5451345744648358,0.0341619781796503,0.5451345744648358,0.5286849931510043,0.0220220755082624,0.1960507757404795,0.2471643267919598,0.0640065206668095,0.1960507757404795,0.5451345744648358,False,,,N100_drop0.50_s0.20_c0.05,1.0,0.0,0.0,False,False,1.0068271698186462,1.0170734897113791,-0.0865463796488441,-0.1149304575594595,NSE,False,NSE validated,False,,
2026-10-01,RSWM,INE611A01016,202.21,202.21,13456593.938412698,404.42,0.4081230061954503,0.0638363408323785,0.1980159920503437,0.3223797238363897,0.1996017388693202,0.1073725293543981,0.0473084943104897,0.0635959317583822,0.0816570548069961,0.0473084943104897,0.5562823667404934,0.0633379179167255,0.5562823667404934,0.531292059539109,0.0376318065367732,0.1960507757404795,0.1980159920503437,0.0638363408323785,0.1960507757404795,0.5562823667404934,False,,,N100_drop0.50_s0.20_c0.05,1.0,0.0,0.0,False,False,1.0068271698186462,1.0170734897113791,-0.0865463796488441,-0.1149304575594595,NSE,False,NSE validated,False,,
2026-10-01,MEGASTAR,INE00EM01016,267.18,267.18,5210442.470476191,534.36,0.4079488942132183,0.0637849585632716,0.2131266970123946,0.29928188001507,0.2042512678689474,0.0522551879244838,0.0472756771365626,0.0635410695545133,0.0815750668165505,0.0472756771365626,0.5326012124608939,0.0351256108927541,0.5326012124608939,0.505935261540121,0.0786762351750089,0.1829411764705882,0.2131266970123946,0.0637849585632716,0.1829411764705882,0.5326012124608939,False,,,N100_drop0.50_s0.20_c0.05,1.0,0.0,0.0,False,False,1.0068271698186462,1.0170734897113791,-0.0865463796488441,-0.1149304575594595,NSE,False,NSE validated,False,,
2026-10-01 00:00:00,FRONTSP,INE572D01014,1416.75,1416.75,11423077.634920634,2833.5,0.40774065405606047,0.06372354637946574,0.25507370170338717,0.24982405459253013,0.20591654700124262,0.07227747369837745,,,,,0.4854865536165103,0.03187360651322072,0.4854865536165103,0.5064507490910297,0.018403535215143086,0.18294117647058825,0.25507370170338717,0.06372354637946574,0.18294117647058825,0.4854865536165103,False,,,N100_drop0.50_s0.20_c0.05,1.0,0.0,0.0,False,False,1.0068271698186462,1.0170734897113791,-0.08654637964884415,-0.11493045755945958,BSE,True,NSE-trained; BSE current transfer,False,,
2026-10-01,ARIES,INE298I01015,477.4,477.4,30620471.982539672,954.8,0.4075747825623787,0.0636746616029697,0.1701172987012081,0.3742985698051031,0.1976235586883101,0.0999242319686031,0.0472052225028065,0.0634233173891326,0.0813991179154814,0.0472052225028065,0.597694213607268,0.0779451373887158,0.597694213607268,0.5797868143499767,0.0586751307609805,0.2401459854014598,0.1701172987012081,0.0636746616029697,0.2401459854014598,0.597694213607268,False,,,N100_drop0.50_s0.20_c0.05,1.0,0.0,0.0,False,False,1.0068271698186462,1.0170734897113791,-0.0865463796488441,-0.1149304575594595,NSE,False,NSE validated,False,,
2026-10-01,CONFIPET,INE552D01024,86.05,86.05,276637178.6287301,172.1,0.4075475154766912,0.063666628342726,0.2166479385297833,0.2938713784898236,0.2084771201849388,0.0811812807421481,0.047200090576054,0.0634147419337774,0.0813863054905884,0.047200090576054,0.5608683685343095,0.0568426159562534,0.5608683685343095,0.5204568733956666,0.0347712870997634,0.1919720767888307,0.2166479385297833,0.063666628342726,0.1919720767888307,0.5608683685343095,False,,,N100_drop0.50_s0.20_c0.05,1.0,0.0,0.0,False,False,1.0068271698186462,1.0170734897113791,-0.0865463796488441,-0.1149304575594595,NSE,False,NSE validated,False,,
2026-10-01,ESAFSFB,INE818W01011,43.4,43.4,92379299.885873,86.8,0.4063908993215637,0.0633265874631921,0.187373395822062,0.3379700046816135,0.1986635351258754,0.1457130073076749,0.0469838177449885,0.0630617125407713,0.0808697473051947,0.0469838177449885,0.5586263396750297,0.0728490088113904,0.5586263396750297,0.5522770003176035,0.0525747197298985,0.2183449651046859,0.187373395822062,0.0633265874631921,0.2183449651046859,0.5586263396750297,False,,,N100_drop0.50_s0.20_c0.05,1.0,0.0,0.0,False,False,1.0068271698186462,1.0170734897113791,-0.0865463796488441,-0.1149304575594595,NSE,False,NSE validated,False,,
2026-10-01,GFLLIMITED,INE538A01037,55.23,55.23,5263342.92952381,110.46,0.4062008472293746,0.0632708460838341,0.2273218069582206,0.278331616884704,0.1958936985790307,0.1506019893119402,0.0469483664694292,0.063002465252176,0.080808123339795,0.0469483664694292,0.5428105338348305,0.0315398165368446,0.5428105338348305,0.544205341091233,0.030957608510242,0.2183449651046859,0.2273218069582206,0.0632708460838341,0.2183449651046859,0.5428105338348305,False,,,N100_drop0.50_s0.20_c0.05,1.0,0.0,0.0,False,False,1.0068271698186462,1.0170734897113791,-0.0865463796488441,-0.1149304575594595,NSE,False,NSE validated,False,,
2026-10-01,ELGIRUBCO,INE819L01012,51.38,51.38,5766446.537619048,102.76,0.4058387275816693,0.0631647419404335,0.2584366943950482,0.2444108878899352,0.2132611354810175,0.0776042808543728,0.0468808749158074,0.0629002461583427,0.0806908007743426,0.0468808749158074,0.5516140803696675,0.0419766406701935,0.5516140803696675,0.5592049571425309,0.0581682635135224,0.2183449651046859,0.2584366943950482,0.0631647419404335,0.2183449651046859,0.5516140803696675,False,,,N100_drop0.50_s0.20_c0.05,1.0,0.0,0.0,False,False,1.0068271698186462,1.0170734897113791,-0.0865463796488441,-0.1149304575594595,NSE,False,NSE validated,False,,
2026-10-01,AVTNPL,INE488D01021,87.85,87.85,32601554.55063492,175.7,0.4058041171809188,0.0631546079225702,0.2170854786284638,0.2909204628590462,0.1964689692406768,0.1032467235743313,0.0468744281186868,0.0628905124489533,0.0806795938504796,0.0468744281186868,0.5591353529298638,0.0743592027685359,0.5591353529298638,0.5359080185077825,0.047925997993014,0.2156862745098039,0.2170854786284638,0.0631546079225702,0.2156862745098039,0.5591353529298638,False,,,N100_drop0.50_s0.20_c0.05,1.0,0.0,0.0,False,False,1.0068271698186462,1.0170734897113791,-0.0865463796488441,-0.1149304575594595,NSE,False,NSE validated,False,,
2026-10-01,SUDEEPPHRM,INE0QPI01025,1199.8,1199.8,293902533.35634923,2399.6,0.4049821396153142,0.0629142953917112,0.1793641632231535,0.3507629074902619,0.2032026838965455,0.0340770705411707,0.0467228683775689,0.0626596880250574,0.0804137656301299,0.0467228683775689,0.6047371464799345,0.073179338158143,0.6047371464799345,0.598120221172683,0.070241003396846,0.2401459854014598,0.1793641632231535,0.0629142953917112,0.2401459854014598,0.6047371464799345,False,,,N100_drop0.50_s0.20_c0.05,1.0,0.0,0.0,False,False,1.0068271698186462,1.0170734897113791,-0.0865463796488441,-0.1149304575594595,NSE,False,NSE validated,False,,
2026-10-01,SAMBHV,INE12NJ01018,161.45,161.45,492659872.4138096,322.9,0.4048051103385472,0.0628626307601868,0.2076099328406585,0.3027920191488824,0.2060230493803788,0.0795740568602034,0.0466910163409221,0.0626100620798648,0.0803488670250342,0.0466910163409221,0.5381481923427677,0.0192011083316761,0.5381481923427677,0.490766813392633,0.0101430869432275,0.1732057416267942,0.2076099328406585,0.0628626307601868,0.1732057416267942,0.5381481923427677,False,,,N100_drop0.50_s0.20_c0.05,1.0,0.0,0.0,False,False,1.0068271698186462,1.0170734897113791,-0.0865463796488441,-0.1149304575594595,NSE,False,NSE validated,False,,
2026-10-01,CHEMCON,INE03YM01018,215.93,215.93,6128049.567142857,431.86,0.4044889507421302,0.0627704425103161,0.1798078716045097,0.3490973000802807,0.1970478700974102,0.1165349173762948,0.046634171776853,0.0625237022865598,0.0802175910354818,0.046634171776853,0.5581358608890815,0.0549474787973381,0.5581358608890815,0.5263679191718088,0.018360319825931,0.1960507757404795,0.1798078716045097,0.0627704425103161,0.1960507757404795,0.5581358608890815,False,,,N100_drop0.50_s0.20_c0.05,1.0,0.0,0.0,False,False,1.0068271698186462,1.0170734897113791,-0.0865463796488441,-0.1149304575594595,NSE,False,NSE validated,False,,
2026-10-01,TFCILTD,INE305A01023,138.79,138.79,1685303552.455397,277.58,0.4042117028438305,0.0626896852709339,0.1287652889599705,0.4868523635311558,0.206240014265868,0.1069724737032865,0.0465843661362748,0.0624480471133598,0.080102606572483,0.0465843661362748,0.5967165312679418,0.1342790487260287,0.5967165312679418,0.5963251797565735,0.0977943823058227,0.2401459854014598,0.1287652889599705,0.0626896852709339,0.2401459854014598,0.5967165312679418,False,,,N100_drop0.50_s0.20_c0.05,1.0,0.0,0.0,False,False,1.0068271698186462,1.0170734897113791,-0.0865463796488441,-0.1149304575594595,NSE,False,NSE validated,False,,
2026-10-01,GANESHBE,INE388A01029,124.4,124.4,75767826.42301586,248.8,0.403689400950681,0.0625377632904996,0.1850453481396695,0.3379591214759805,0.1948644120222267,0.1025110079839594,0.0464906465075255,0.0622958132109775,0.0798858924764794,0.0464906465075255,0.5656934447418203,0.0644840181067271,0.5656934447418203,0.5635254279599127,0.053822462063729,0.2183449651046859,0.1850453481396695,0.0625377632904996,0.2183449651046859,0.5656934447418203,False,,,N100_drop0.50_s0.20_c0.05,1.0,0.0,0.0,False,False,1.0068271698186462,1.0170734897113791,-0.0865463796488441,-0.1149304575594595,NSE,False,NSE validated,False,,
2026-10-01,PAUSHAKLTD,INE111F01024,650.3,650.3,51929221.84603175,1300.6,0.4032891137969598,0.062421521552707,0.1876049960142797,0.3327284607492852,0.1962862038665905,0.1092187689346506,0.0464189162358435,0.0621793369094581,0.0797192104451439,0.0464189162358435,0.6038700851305127,0.0776705391600081,0.6038700851305127,0.5907664009339476,0.0655222294687398,0.2401459854014598,0.1876049960142797,0.062421521552707,0.2401459854014598,0.6038700851305127,False,,,N100_drop0.50_s0.20_c0.05,1.0,0.0,0.0,False,False,1.0068271698186462,1.0170734897113791,-0.0865463796488441,-0.1149304575594595,NSE,False,NSE validated,False,,
2026-10-01,RAMRAT,INE207E01023,616.55,616.55,182178403.3952381,1233.1,0.4029363515813212,0.062319217147444,0.2091985124271393,0.2978951256603646,0.2045907738577354,0.1092587396046748,0.0463557708944078,0.0620739434648359,0.0795725372615524,0.0463557708944078,0.5463849308918087,0.0625739103578331,0.5463849308918087,0.4941660586443901,0.0361977282596416,0.1732057416267942,0.2091985124271393,0.062319217147444,0.1732057416267942,0.5463849308918087,False,,,N100_drop0.50_s0.20_c0.05,1.0,0.0,0.0,False,False,1.0068271698186462,1.0170734897113791,-0.0865463796488441,-0.1149304575594595,NSE,False,NSE validated,False,,
2026-10-01,ALICON,INE062D01024,871.95,871.95,51190996.10793651,1743.9,0.4028715920894912,0.0623004501330725,0.2367707152140319,0.2631256575660351,0.2069617838665516,0.1152918175769965,0.0463441857533261,0.0620523125090881,0.0795456335294825,0.0463441857533261,0.5025729144190603,0.0420396094586886,0.5025729144190603,0.446699014814852,0.0458791571115427,0.1648675171736997,0.2367707152140319,0.0623004501330725,0.1648675171736997,0.5025729144190603,False,,,N100_drop0.50_s0.20_c0.05,1.0,0.0,0.0,False,False,1.0068271698186462,1.0170734897113791,-0.0865463796488441,-0.1149304575594595,NSE,False,NSE validated,False,,
2026-10-01,KECL,INE134B01017,120.43,120.43,28958957.996349204,240.86,0.4026917805111911,0.062248364049045,0.201537677647423,0.308867129837352,0.1941776274409072,0.1193063788882063,0.0463120297166919,0.0619922829006587,0.079470968685208,0.0463120297166919,0.5580705747544926,0.0564255425554484,0.5580705747544926,0.5500897801684861,0.0406234040335129,0.2183449651046859,0.201537677647423,0.062248364049045,0.2183449651046859,0.5580705747544926,False,,,N100_drop0.50_s0.20_c0.05,1.0,0.0,0.0,False,False,1.0068271698186462,1.0170734897113791,-0.0865463796488441,-0.1149304575594595,NSE,False,NSE validated,False,,
2026-10-01,SPORTKING,INE885H01029,208.54,208.54,143467419.2604762,417.08,0.4024718856821677,0.062184712007537,0.1759821593825014,0.3533580462118157,0.1966615725015172,0.1623463104931023,0.0462727281529217,0.0619189335781125,0.0793797320291917,0.0462727281529217,0.5862373643113162,0.0762840444550871,0.5862373643113162,0.5738558731447959,0.0585972026926538,0.2397959183673469,0.1759821593825014,0.062184712007537,0.2397959183673469,0.5862373643113162,False,,,N100_drop0.50_s0.20_c0.05,1.0,0.0,0.0,False,False,1.0068271698186462,1.0170734897113791,-0.0865463796488441,-0.1149304575594595,NSE,False,NSE validated,False,,
2026-10-01,MAWANASUG,INE636A01039,138.84,138.84,50807127.95873016,277.68,0.402094778762411,0.0620756675021105,0.2200872835134628,0.2820502234892336,0.194334944913252,0.0633018132538303,0.0462053861532891,0.0617933022799873,0.0792232341661775,0.0462053861532891,0.5760506443758999,0.0676149648536516,0.5760506443758999,0.5604463328592346,0.0578632400987071,0.2183449651046859,0.2200872835134628,0.0620756675021105,0.2183449651046859,0.5760506443758999,False,,,N100_drop0.50_s0.20_c0.05,1.0,0.0,0.0,False,False,1.0068271698186462,1.0170734897113791,-0.0865463796488441,-0.1149304575594595,NSE,False,NSE validated,False,,
2026-10-01,VISAKAIND,INE392A01021,83.58,83.58,54541179.72396825,167.16,0.4012405034430464,0.0618291811834132,0.195452748564272,0.3163382538111586,0.1955018031544884,0.1046704390507464,0.0460531036436057,0.0615184213027879,0.0788685578329783,0.0460531036436057,0.551850236783888,0.0488356248403931,0.551850236783888,0.5593111381421084,0.0513257864675067,0.2183449651046859,0.195452748564272,0.0618291811834132,0.2183449651046859,0.551850236783888,False,,,N100_drop0.50_s0.20_c0.05,1.0,0.0,0.0,False,False,1.0068271698186462,1.0170734897113791,-0.0865463796488441,-0.1149304575594595,NSE,False,NSE validated,False,,
2026-10-01,GRAUWEIL,INE266D01021,81.8,81.8,52882085.54301588,163.6,0.4012324306905231,0.0618268554752397,0.2507497472333061,0.2465679672957512,0.2019518110298584,0.0343620125299249,0.0460516663840313,0.0615159572264575,0.0788652119565941,0.0460516663840313,0.4981969054564545,0.0086098731732519,0.4981969054564545,0.4612618268109305,0.0327130227630437,0.1732057416267942,0.2507497472333061,0.0618268554752397,0.1732057416267942,0.4981969054564545,False,,,N100_drop0.50_s0.20_c0.05,1.0,0.0,0.0,False,False,1.0068271698186462,1.0170734897113791,-0.0865463796488441,-0.1149304575594595,NSE,False,NSE validated,False,,
2026-10-01,DPABHUSHAN,INE266Y01019,1874.0,1874.0,189291370.35396823,3748.0,0.401215239604438,0.0618219030545638,0.3107682334758664,0.1989325046614352,0.2035520333698534,0.0589889209408948,0.0460486058224804,0.0615107101806471,0.0788580872051795,0.0460486058224804,0.5457435787022776,0.022565172860624,0.5457435787022776,0.4974510043795663,0.0185658137206749,0.1829411764705882,0.3107682334758664,0.0618219030545638,0.1829411764705882,0.5457435787022776,False,,,N100_drop0.50_s0.20_c0.05,1.0,0.0,0.0,False,False,1.0068271698186462,1.0170734897113791,-0.0865463796488441,-0.1149304575594595,NSE,False,NSE validated,False,,
2026-10-01,GANDHAR,INE717W01049,282.6,282.6,736282129.1225398,565.2,0.4005197472532552,0.0616217969056075,0.1783911267259293,0.3454308408527517,0.1993865033099061,0.0518314950316067,0.0459249126923842,0.0613089571590992,0.078570252942966,0.0459249126923842,0.5352937910776375,0.0242440975049458,0.5352937910776375,0.5359330907746994,0.0359666997655502,0.2156862745098039,0.1783911267259293,0.0616217969056075,0.2156862745098039,0.5352937910776375,False,,,N100_drop0.50_s0.20_c0.05,1.0,0.0,0.0,False,False,1.0068271698186462,1.0170734897113791,-0.0865463796488441,-0.1149304575594595,NSE,False,NSE validated,False,,
2026-10-01,VRAJ,INE0S2V01010,121.76,121.76,5621136.393015873,243.52,0.400326296321172,0.0615662247033065,0.183856146298896,0.3348608460617792,0.1952801120527861,0.1274370777811634,0.0458884888787049,0.0612551880433613,0.0784903335845797,0.0458884888787049,0.5335522174700283,0.0250989820108383,0.5335522174700283,0.5262585669403679,0.0370670238630833,0.1960507757404795,0.183856146298896,0.0615662247033065,0.1960507757404795,0.5335522174700283,False,,,N100_drop0.50_s0.20_c0.05,1.0,0.0,0.0,False,False,1.0068271698186462,1.0170734897113791,-0.0865463796488441,-0.1149304575594595,NSE,False,NSE validated,False,,
2026-10-01 00:00:00,ASHIKAG,INE094B01013,389.9,389.9,9470578.285714285,779.8,0.39989045231256887,0.06144115969291222,0.18743782513939158,0.32779488156790326,0.201155799653632,0.11635556262159373,,,,,0.5293368650312024,0.04942807914394733,0.5293368650312024,0.5554308897001684,0.05592787949150732,0.21834496510468593,0.18743782513939158,0.06144115969291222,0.21834496510468593,0.5293368650312024,False,,,N100_drop0.50_s0.20_c0.05,1.0,0.0,0.0,False,False,1.0068271698186462,1.0170734897113791,-0.08654637964884415,-0.11493045755945958,BSE,True,NSE-trained; BSE current transfer,False,,
2026-10-01,AVADHSUGAR,INE349W01017,764.6,764.6,198717220.05952385,1529.2,0.399722514504308,0.0613930213930069,0.1897753140054846,0.3235037271034768,0.19688603020045,0.115384499669325,0.0457718374133821,0.0610578334230315,0.0782412920453727,0.0457718374133821,0.6106559778567212,0.0841228277951053,0.6106559778567212,0.5914220966820788,0.0688776805218428,0.2401459854014598,0.1897753140054846,0.0613930213930069,0.2401459854014598,0.6106559778567212,False,,,N100_drop0.50_s0.20_c0.05,1.0,0.0,0.0,False,False,1.0068271698186462,1.0170734897113791,-0.0865463796488441,-0.1149304575594595,NSE,False,NSE validated,False,,
2026-10-01,GVPIL,INE878A01011,679.5,679.5,169417522.03253967,1359.0,0.3990678874635968,0.0612056486210249,0.2538637681702078,0.2410964316104709,0.2022047939329467,0.042594825593934,0.0456456173975057,0.0608928436818993,0.0779719541794692,0.0456456173975057,0.5045913673230927,0.0034421844845985,0.5045913673230927,0.5345455618751513,0.0410958514337771,0.2156862745098039,0.2538637681702078,0.0612056486210249,0.2156862745098039,0.5045913673230927,False,,,N100_drop0.50_s0.20_c0.05,1.0,0.0,0.0,False,False,1.0068271698186462,1.0170734897113791,-0.0865463796488441,-0.1149304575594595,NSE,False,NSE validated,False,,
2026-10-01,MUKKA,INE0CG401037,25.7,25.7,22882424.496984128,51.4,0.3987429918617503,0.0611128147389808,0.226975120754055,0.2692489579296282,0.1927358460418381,0.095304539583331,0.0455830718020004,0.0608110828831574,0.0778385405716168,0.0455830718020004,0.5091173598116921,0.0112538022761216,0.5091173598116921,0.5126459919238052,0.0177339505137461,0.1829411764705882,0.226975120754055,0.0611128147389808,0.1829411764705882,0.5091173598116921,False,,,N100_drop0.50_s0.20_c0.05,1.0,0.0,0.0,False,False,1.0068271698186462,1.0170734897113791,-0.0865463796488441,-0.1149304575594595,NSE,False,NSE validated,False,,
2026-10-01,RUBICON,INE506V01022,1630.9,1630.9,549792050.9095237,3261.8,0.3986720076126406,0.0610925462350269,0.198656818383958,0.3075280613673633,0.1991560475033772,0.1202639386192688,0.0455694152950609,0.0607932799270643,0.0778094149022759,0.0455694152950609,0.5669605293398899,0.0482333542363236,0.5669605293398899,0.5386788523170046,0.0281451721701345,0.2183449651046859,0.198656818383958,0.0610925462350269,0.2183449651046859,0.5669605293398899,False,,,N100_drop0.50_s0.20_c0.05,1.0,0.0,0.0,False,False,1.0068271698186462,1.0170734897113791,-0.0865463796488441,-0.1149304575594595,NSE,False,NSE validated,False,,
2026-10-01,AYMSYNTEX,INE193B01039,279.95,279.95,30349866.424126983,559.9,0.3983719601962292,0.0610069281087313,0.201731023713921,0.3024171839590056,0.1898999935657011,0.1071987163535789,0.045511724084617,0.0607233418285678,0.077688046810263,0.045511724084617,0.5758680429757939,0.0607717462643175,0.5758680429757939,0.5460832898703635,0.0377119200396511,0.2183449651046859,0.201731023713921,0.0610069281087313,0.2183449651046859,0.5758680429757939,False,,,N100_drop0.50_s0.20_c0.05,1.0,0.0,0.0,False,False,1.0068271698186462,1.0170734897113791,-0.0865463796488441,-0.1149304575594595,NSE,False,NSE validated,False,,
2026-10-01,PVP,INE362A01016,50.47,50.47,105884580.02380952,100.94,0.3981536563946708,0.0609446922682391,0.2600723763418602,0.234337429931922,0.1784178094164363,0.0123575991440968,0.0454697848164972,0.0606688191242823,0.0776253159054816,0.0454697848164972,0.5759967862060672,0.0669137058844149,0.5759967862060672,0.5563614661000765,0.043380438575049,0.2183449651046859,0.2600723763418602,0.0609446922682391,0.2183449651046859,0.5759967862060672,False,,,N100_drop0.50_s0.20_c0.05,1.0,0.0,0.0,False,False,1.0068271698186462,1.0170734897113791,-0.0865463796488441,-0.1149304575594595,NSE,False,NSE validated,False,,
2026-10-01,AEROFLEX,INE024001021,521.35,521.35,699474611.7031747,1042.7,0.3973738980678376,0.0607227826691474,0.2175242282321804,0.2791541115334213,0.206588929929309,0.1131641646030944,0.0453202210165265,0.0604544751656592,0.0774015346467753,0.0453202210165265,0.531338939859503,0.028932309054477,0.531338939859503,0.5232568499128396,0.0266491635650735,0.1919720767888307,0.2175242282321804,0.0607227826691474,0.1919720767888307,0.531338939859503,False,,,N100_drop0.50_s0.20_c0.05,1.0,0.0,0.0,False,False,1.0068271698186462,1.0170734897113791,-0.0865463796488441,-0.1149304575594595,NSE,False,NSE validated,False,,
2026-10-01,AAATECH,INE0D0U01013,92.74,92.74,5031411.397301587,185.48,0.397227348325014,0.0606811443923253,0.2179758590761632,0.2783847011752007,0.1957897833295277,0.0940115359230445,0.0452921532162105,0.060413894458161,0.0773595266112767,0.0452921532162105,0.4668218200473353,0.0260659893418183,0.4668218200473353,0.4688385767019387,0.0402163118735178,0.1732057416267942,0.2179758590761632,0.0606811443923253,0.1732057416267942,0.4668218200473353,False,,,N100_drop0.50_s0.20_c0.05,1.0,0.0,0.0,False,False,1.0068271698186462,1.0170734897113791,-0.0865463796488441,-0.1149304575594595,NSE,False,NSE validated,False,,
2026-10-01,GKSL,INE0V0W01025,194.27,194.27,202569297.34587303,388.54,0.3970460806788028,0.060629671638436,0.1834255620353193,0.3305410160158681,0.1979851276501075,0.0188835366488701,0.0452574542810013,0.0603637286159004,0.0773075886388825,0.0452574542810013,0.5616528820220014,0.0418455677074182,0.5616528820220014,0.5007157337406817,0.0083793789680961,0.1829411764705882,0.1834255620353193,0.060629671638436,0.1829411764705882,0.5616528820220014,False,,,N100_drop0.50_s0.20_c0.05,1.0,0.0,0.0,False,False,1.0068271698186462,1.0170734897113791,-0.0865463796488441,-0.1149304575594595,NSE,False,NSE validated,False,,
2026-10-01,SHAHALLOYS,INE640C01011,85.37,85.37,9005404.729206348,170.74,0.3965126224895196,0.0604783812519211,0.2162174058101914,0.2797109743561194,0.1887159269125021,0.0727664101965881,0.0451554541979762,0.0602214919358227,0.0771172732196256,0.0451554541979762,0.5772645945337427,0.0589265263783269,0.5772645945337427,0.588893231704955,0.0674515160432081,0.2401459854014598,0.2162174058101914,0.0604783812519211,0.2401459854014598,0.5772645945337427,False,,,N100_drop0.50_s0.20_c0.05,1.0,0.0,0.0,False,False,1.0068271698186462,1.0170734897113791,-0.0865463796488441,-0.1149304575594595,NSE,False,NSE validated,False,,
2026-10-01,SUNFLAG,INE947A01014,433.5,433.5,144990731.1404762,867.0,0.3965117616046559,0.0604781373317718,0.195810559244265,0.3088604494322907,0.1995594281676473,0.1204220756523163,0.0451552897325389,0.0602212926620705,0.077116931754023,0.0451552897325389,0.5376980834651837,0.0484857272214586,0.5376980834651837,0.5060509070480746,0.046236176325938,0.1829411764705882,0.195810559244265,0.0604781373317718,0.1829411764705882,0.5376980834651837,False,,,N100_drop0.50_s0.20_c0.05,1.0,0.0,0.0,False,False,1.0068271698186462,1.0170734897113791,-0.0865463796488441,-0.1149304575594595,NSE,False,NSE validated,False,,
2026-10-01,QPOWER,INE0SII01026,1564.6,1564.6,333880067.2603175,3129.2,0.3965106092171677,0.0604778108194304,0.2028612522271722,0.2981240141005586,0.1994361409126084,0.1011044640611116,0.045155069578473,0.0602210259133433,0.0771164746671677,0.045155069578473,0.546936833253616,0.0439878631533965,0.546936833253616,0.5228496485897386,0.0472728946924477,0.1919720767888307,0.2028612522271722,0.0604778108194304,0.1919720767888307,0.546936833253616,False,,,N100_drop0.50_s0.20_c0.05,1.0,0.0,0.0,False,False,1.0068271698186462,1.0170734897113791,-0.0865463796488441,-0.1149304575594595,NSE,False,NSE validated,False,,
2026-10-01 00:00:00,CIANAGRO,INE052V01019,1015.75,1015.75,70040688.3015873,2031.5,0.3964945874557535,0.0604732714220159,0.27073091518174247,0.2233703948491439,0.1994456520588005,0.02510485792827416,,,,,0.540083808548656,0.08430321350491676,0.540083808548656,0.5747207084641671,0.0978537012306056,0.23979591836734693,0.27073091518174247,0.0604732714220159,0.23979591836734693,0.540083808548656,False,,,N100_drop0.50_s0.20_c0.05,1.0,0.0,0.0,False,False,1.0068271698186462,1.0170734897113791,-0.08654637964884415,-0.11493045755945958,BSE,True,NSE-trained; BSE current transfer,False,,
2026-10-01,STEELCAS,INE124E01038,356.45,356.45,54884678.4968254,712.9,0.3964860917596908,0.0604708644658499,0.1957234588502879,0.3089607388969407,0.1966148722466034,0.091080237680358,0.0451503859136197,0.0602146632241235,0.0771067504632914,0.0451503859136197,0.5418190047283862,0.0509850657659183,0.5418190047283862,0.5100613721720267,0.04574770055644,0.1829411764705882,0.1957234588502879,0.0604708644658499,0.1829411764705882,0.5418190047283862,False,,,N100_drop0.50_s0.20_c0.05,1.0,0.0,0.0,False,False,1.0068271698186462,1.0170734897113791,-0.0865463796488441,-0.1149304575594595,NSE,False,NSE validated,False,,
2026-10-01,RAYMOND,INE301A01014,1197.2,1197.2,2374114730.369048,2394.4,0.3963696315924614,0.0604378768321645,0.360190861927708,0.167794031499596,0.2177959804050012,0.1110780334521441,0.0451281430826336,0.0601830007036586,0.0770605722037628,0.0451281430826336,0.5173367005987997,0.0987339230211771,0.5173367005987997,0.4641099248828315,0.0581040002644873,0.1732057416267942,0.360190861927708,0.0604378768321645,0.1732057416267942,0.5173367005987997,False,,,N100_drop0.50_s0.20_c0.05,1.0,0.0,0.0,False,False,1.0068271698186462,1.0170734897113791,-0.0865463796488441,-0.1149304575594595,NSE,False,NSE validated,False,,
2026-10-01,EMIL,INE02YR01019,204.05,204.05,1156399601.5126984,408.1,0.3959595622004717,0.0603218311631166,0.2198538961855133,0.274372354594148,0.2043544273552262,0.1028764579126168,0.0450498893411743,0.0600716127569138,0.0768981389049693,0.0450498893411743,0.5268549962839627,0.0409364689134753,0.5268549962839627,0.4760925888205762,0.0219671762235614,0.1732057416267942,0.2198538961855133,0.0603218311631166,0.1732057416267942,0.5268549962839627,False,,,N100_drop0.50_s0.20_c0.05,1.0,0.0,0.0,False,False,1.0068271698186462,1.0170734897113791,-0.0865463796488441,-0.1149304575594595,NSE,False,NSE validated,False,,
2026-10-01,SOUTHWEST,INE980Y01015,181.7,181.7,62684061.33904761,363.4,0.3956818065666471,0.0602433240294117,0.2499816494977571,0.2409909853401149,0.2036404245916324,0.0275015038444838,0.0449969432308067,0.0599962532718448,0.0767882629773477,0.0449969432308067,0.4906014202392646,0.025513649021923,0.4906014202392646,0.4895344031872546,0.006239554041319,0.1732057416267942,0.2499816494977571,0.0602433240294117,0.1732057416267942,0.4906014202392646,False,,,N100_drop0.50_s0.20_c0.05,1.0,0.0,0.0,False,False,1.0068271698186462,1.0170734897113791,-0.0865463796488441,-0.1149304575594595,NSE,False,NSE validated,False,,
2026-10-01,SHREEPUSHK,INE712K01011,491.5,491.5,39034547.657142855,983.0,0.395425790906893,0.0601710295386874,0.1886446761554227,0.3189648961474696,0.1967084773469658,0.0966952947759093,0.0449481827437309,0.0599268549163398,0.0766870915965031,0.0449481827437309,0.5468075308721053,0.0548009260672554,0.5468075308721053,0.5047413608343557,0.030125129881438,0.1829411764705882,0.1886446761554227,0.0601710295386874,0.1829411764705882,0.5468075308721053,False,,,N100_drop0.50_s0.20_c0.05,1.0,0.0,0.0,False,False,1.0068271698186462,1.0170734897113791,-0.0865463796488441,-0.1149304575594595,NSE,False,NSE validated,False,,
2026-10-01,PFOCUS,INE367G01038,301.55,301.55,500754363.46698415,603.1,0.3950958335229603,0.0600779510776251,0.2393527164784064,0.2510017515637646,0.1992435334888931,0.0789961177011193,0.0448853980648852,0.0598375017711249,0.0765568479224045,0.0448853980648852,0.5101457061976205,0.0131155505548461,0.5101457061976205,0.4911600669794449,0.0295235575728354,0.1732057416267942,0.2393527164784064,0.0600779510776251,0.1732057416267942,0.5101457061976205,False,,,N100_drop0.50_s0.20_c0.05,1.0,0.0,0.0,False,False,1.0068271698186462,1.0170734897113791,-0.0865463796488441,-0.1149304575594595,NSE,False,NSE validated,False,,
2026-10-01,KAMATHOTEL,INE967C01018,237.45,237.45,15927024.201587304,474.9,0.3948635242264608,0.0600124831248172,0.2372760896007362,0.2529225899912634,0.1940742193812281,0.1639364328124918,0.0448412335706439,0.0597746517505607,0.0764652484589118,0.0448412335706439,0.5164840828655953,0.0593493311925813,0.5164840828655953,0.4908778533851652,0.0255805094987166,0.1732057416267942,0.2372760896007362,0.0600124831248172,0.1732057416267942,0.5164840828655953,False,,,N100_drop0.50_s0.20_c0.05,1.0,0.0,0.0,False,False,1.0068271698186462,1.0170734897113791,-0.0865463796488441,-0.1149304575594595,NSE,False,NSE validated,False,,
2026-10-01,SMSPHARMA,INE812G01025,471.3,471.3,274438047.87460315,942.6,0.3946983688150756,0.0599659725557336,0.2081587743135073,0.2880780440483333,0.2017837720622038,0.1156837965031088,0.0448098556274434,0.0597299998812883,0.0763999654445365,0.0448098556274434,0.5343414146550777,0.059344380001015,0.5343414146550777,0.4952448846203581,0.0345941027962867,0.1732057416267942,0.2081587743135073,0.0599659725557336,0.1732057416267942,0.5343414146550777,False,,,N100_drop0.50_s0.20_c0.05,1.0,0.0,0.0,False,False,1.0068271698186462,1.0170734897113791,-0.0865463796488441,-0.1149304575594595,NSE,False,NSE validated,False,,
2026-10-01,SUVEN,INE495B01038,308.3,308.3,297662475.6079365,616.6,0.3942108976831615,0.0598288496985411,0.2383955367410059,0.2509646385013468,0.1946284192326685,0.0795689261243911,0.0447173369913106,0.0595983512169868,0.076206007274515,0.0447173369913106,0.5441311221730637,0.0449288801053571,0.5441311221730637,0.5634027759704799,0.0511512668294642,0.2183449651046859,0.2383955367410059,0.0598288496985411,0.2183449651046859,0.5441311221730637,False,,,N100_drop0.50_s0.20_c0.05,1.0,0.0,0.0,False,False,1.0068271698186462,1.0170734897113791,-0.0865463796488441,-0.1149304575594595,NSE,False,NSE validated,False,,
2026-10-01,SKYGOLD,INE01IU01018,810.65,810.65,820577689.6579366,1621.3,0.3941351307576697,0.0598075579710411,0.2065784148688286,0.2895150396473767,0.2112770312524572,0.1577146451360511,0.0447029698454719,0.0595792624554688,0.0761758937512668,0.0447029698454719,0.5337258935779191,0.0769133299571454,0.5337258935779191,0.5246025961375246,0.073087695471649,0.1960507757404795,0.2065784148688286,0.0598075579710411,0.1960507757404795,0.5337258935779191,False,,,N100_drop0.50_s0.20_c0.05,1.0,0.0,0.0,False,False,1.0068271698186462,1.0170734897113791,-0.0865463796488441,-0.1149304575594595,NSE,False,NSE validated,False,,
2026-10-01,JNKINDIA,INE0OAF01028,432.7,432.7,171796298.5722222,865.4,0.393986339527708,0.0597657617231221,0.2090753370002963,0.2858575410213852,0.197616520009424,0.0992837845580677,0.0446747656997017,0.0595454483184063,0.0761167826580816,0.0446747656997017,0.5145197510606888,0.0282984060286629,0.5145197510606888,0.5460643244504452,0.0605356779054199,0.2183449651046859,0.2090753370002963,0.0597657617231221,0.2183449651046859,0.5145197510606888,False,,,N100_drop0.50_s0.20_c0.05,1.0,0.0,0.0,False,False,1.0068271698186462,1.0170734897113791,-0.0865463796488441,-0.1149304575594595,NSE,False,NSE validated,False,,
2026-10-01,TINNARUBR,INE015C01016,938.85,938.85,147977245.2142857,1877.7,0.3939567165362742,0.0597574430741494,0.2077095016574278,0.287697204977683,0.1948198794405546,0.1281166600123826,0.0446691521029395,0.0595387178606051,0.0761050182682398,0.0446691521029395,0.535161728113499,0.0347309244943641,0.535161728113499,0.556651443052909,0.0512433071845473,0.2183449651046859,0.2077095016574278,0.0597574430741494,0.2183449651046859,0.535161728113499,False,,,N100_drop0.50_s0.20_c0.05,1.0,0.0,0.0,False,False,1.0068271698186462,1.0170734897113791,-0.0865463796488441,-0.1149304575594595,NSE,False,NSE validated,False,,
2026-10-01,SINGERIND,INE638A01035,74.66,74.66,11596673.335396824,149.32,0.3939516227185117,0.0597560127291163,0.2142584012980966,0.2788969411098055,0.1918347319897766,0.10266729075965,0.0446681868709421,0.0595375605801671,0.0761029954610668,0.0446681868709421,0.5326870397354181,0.0371659750202944,0.5326870397354181,0.5116748146757367,0.0121728979281859,0.1829411764705882,0.2142584012980966,0.0597560127291163,0.1829411764705882,0.5326870397354181,False,,,N100_drop0.50_s0.20_c0.05,1.0,0.0,0.0,False,False,1.0068271698186462,1.0170734897113791,-0.0865463796488441,-0.1149304575594595,NSE,False,NSE validated,False,,
2026-10-01,ALPHAGEO,INE137C01018,258.2,258.2,10861277.383968256,516.4,0.3939009804841438,0.059741793771421,0.2157078016487429,0.2769570377834739,0.1972640926040112,0.1243994757642576,0.0446585914805748,0.0595260558832136,0.0760828870978864,0.0446585914805748,0.6096143898211256,0.0815372116020485,0.6096143898211256,0.5896296927782432,0.0747797981503691,0.2401459854014598,0.2157078016487429,0.059741793771421,0.2401459854014598,0.6096143898211256,False,,,N100_drop0.50_s0.20_c0.05,1.0,0.0,0.0,False,False,1.0068271698186462,1.0170734897113791,-0.0865463796488441,-0.1149304575594595,NSE,False,NSE validated,False,,
2026-10-01,APEX,INE346W01013,326.3,326.3,123571870.37301588,652.6,0.3935897009851803,0.0596544504999837,0.2320101770508509,0.2571199731764738,0.1994429312767557,0.0337203843138594,0.0445996460364682,0.0594553754241832,0.0759593754874385,0.0445996460364682,0.5104128649466869,0.0376587991051722,0.5104128649466869,0.5244778524076789,0.0267187398099547,0.1960507757404795,0.2320101770508509,0.0596544504999837,0.1960507757404795,0.5104128649466869,False,,,N100_drop0.50_s0.20_c0.05,1.0,0.0,0.0,False,False,1.0068271698186462,1.0170734897113791,-0.0865463796488441,-0.1149304575594595,NSE,False,NSE validated,False,,
2026-10-01,AARTISURF,INE09EO01013,498.5,498.5,22354331.69365079,997.0,0.3935545759724882,0.0596446006124303,0.2179385879944532,0.2736761817230292,0.1840812276275466,0.1612908309778616,0.0445929982528071,0.0594474035392731,0.0759454477600473,0.0445929982528071,0.5732689731200892,0.0653898018783465,0.5732689731200892,0.5723951425000289,0.0557078127651943,0.221311475409836,0.2179385879944532,0.0596446006124303,0.221311475409836,0.5732689731200892,False,,,N100_drop0.50_s0.20_c0.05,1.0,0.0,0.0,False,False,1.0068271698186462,1.0170734897113791,-0.0865463796488441,-0.1149304575594595,NSE,False,NSE validated,False,,
2026-10-01 00:00:00,SIKA,INE438E01032,1012.65,1012.65,9733523.031746032,2025.3,0.39347380802682624,0.059621955970295605,0.20688739688768226,0.28818553893190485,0.19799965771561293,0.11986421903454902,,,,,0.48546759658455985,0.025843337359652413,0.48546759658455985,0.4771354050766166,0.03517963394824588,0.17320574162679425,0.20688739688768226,0.059621955970295605,0.17320574162679425,0.48546759658455985,False,,,N100_drop0.50_s0.20_c0.05,1.0,0.0,0.0,False,False,1.0068271698186462,1.0170734897113791,-0.08654637964884415,-0.11493045755945958,BSE,True,NSE-trained; BSE current transfer,False,,
2026-10-01,DVL,INE477B01010,278.7,278.7,7826659.716825395,557.4,0.3934603408594516,0.0596181808496377,0.1864495760982401,0.3197549820023458,0.191891469972666,0.1443664505759864,0.044575166920632,0.0594260199299391,0.075908091195109,0.044575166920632,0.5510081647462245,0.048927069294081,0.5510081647462245,0.5501977875195049,0.0363258934230104,0.2183449651046859,0.1864495760982401,0.0596181808496377,0.2183449651046859,0.5510081647462245,False,,,N100_drop0.50_s0.20_c0.05,1.0,0.0,0.0,False,False,1.0068271698186462,1.0170734897113791,-0.0865463796488441,-0.1149304575594595,NSE,False,NSE validated,False,,
2026-10-01,UGARSUGAR,INE071E01023,56.04,56.04,58961347.91857143,112.08,0.3933947105827652,0.0595997859037817,0.2728240106270876,0.2184550610732219,0.1918590225179171,0.0214438368900576,0.0445627514024086,0.0594111304942959,0.0758820822355787,0.0445627514024086,0.5233510526300845,0.0552802195637747,0.5233510526300845,0.4978631743631474,0.0253978789869509,0.1829411764705882,0.2728240106270876,0.0595997859037817,0.1829411764705882,0.5233510526300845,False,,,N100_drop0.50_s0.20_c0.05,1.0,0.0,0.0,False,False,1.0068271698186462,1.0170734897113791,-0.0865463796488441,-0.1149304575594595,NSE,False,NSE validated,False,,
2026-10-01,ROSSELLIND,INE847C01020,50.22,50.22,5348273.117777778,100.44,0.3932466455881358,0.0595583016032301,0.1849610142179355,0.3220046227312202,0.19662226331555,0.0978805536475286,0.0445347509249689,0.0593775489681724,0.0758234292520036,0.0445347509249689,0.5462199664527426,0.0405166754448089,0.5462199664527426,0.537833649824797,0.050220546298786,0.2183449651046859,0.1849610142179355,0.0595583016032301,0.2183449651046859,0.5462199664527426,False,,,N100_drop0.50_s0.20_c0.05,1.0,0.0,0.0,False,False,1.0068271698186462,1.0170734897113791,-0.0865463796488441,-0.1149304575594595,NSE,False,NSE validated,False,,
2026-10-01,ANUHPHR,INE489G01022,85.85,85.85,11793224.433809524,171.7,0.3926169999143909,0.0593821303963466,0.1792985756110281,0.3311913114422657,0.1925259037346115,0.0984673296500285,0.044415826124849,0.059234894277722,0.0755743857517437,0.044415826124849,0.5056046887216122,0.0035884229176683,0.5056046887216122,0.471128280954128,0.0347980833076614,0.1732057416267942,0.1792985756110281,0.0593821303963466,0.1732057416267942,0.5056046887216122,False,,,N100_drop0.50_s0.20_c0.05,1.0,0.0,0.0,False,False,1.0068271698186462,1.0170734897113791,-0.0865463796488441,-0.1149304575594595,NSE,False,NSE validated,False,,
2026-10-01,BOSCH-HCIL,INE782A01015,1967.2,1967.2,87411802.0095238,3934.4,0.3923918434610556,0.0593192273516764,0.169618075505073,0.3497223227833542,0.1935586941514828,0.003257023149028,0.0443733572593735,0.0591793415139487,0.0754854780914466,0.0443733572593735,0.5737879153260607,0.0468766544439656,0.5737879153260607,0.5208948556245958,0.0146524878151385,0.1919720767888307,0.169618075505073,0.0593192273516764,0.1919720767888307,0.5737879153260607,False,,,N100_drop0.50_s0.20_c0.05,1.0,0.0,0.0,False,False,1.0068271698186462,1.0170734897113791,-0.0865463796488441,-0.1149304575594595,NSE,False,NSE validated,False,,
2026-10-01,RML,INE050H01012,1343.2,1343.2,133298630.78412698,2686.4,0.3922652633959169,0.0592838858815028,0.22653001098343,0.2617043349979764,0.1982120424574052,0.0732959360216386,0.0443494951441134,0.0591454545831674,0.0754355296272855,0.0443494951441134,0.5100828203685461,0.0603699370396163,0.5100828203685461,0.4974014639538295,0.0317548696640579,0.1829411764705882,0.22653001098343,0.0592838858815028,0.1829411764705882,0.5100828203685461,False,,,N100_drop0.50_s0.20_c0.05,1.0,0.0,0.0,False,False,1.0068271698186462,1.0170734897113791,-0.0865463796488441,-0.1149304575594595,NSE,False,NSE validated,False,,
2026-10-01,REMSONSIND,INE474C01023,112.55,112.55,27938761.508412696,225.1,0.392055976033252,0.0592254867393217,0.2399028859014885,0.2468727565188255,0.1941291006440068,0.1248547041916864,0.0443100625812286,0.0590801046524098,0.0753529989638943,0.0443100625812286,0.4860966223956176,0.0181925477397692,0.4860966223956176,0.4816548393151652,0.0205363467346494,0.1732057416267942,0.2399028859014885,0.0592254867393217,0.1732057416267942,0.4860966223956176,False,,,N100_drop0.50_s0.20_c0.05,1.0,0.0,0.0,False,False,1.0068271698186462,1.0170734897113791,-0.0865463796488441,-0.1149304575594595,NSE,False,NSE validated,False,,
2026-10-01,REGAAL,INE0MHO01029,85.99,85.99,42597552.9936508,171.98,0.3919396953596551,0.0591930585256932,0.2361846355935897,0.250621969447448,0.1926323516766878,0.0909738112016062,0.0442881650554149,0.0590430230352273,0.0753071737934522,0.0442881650554149,0.4949846118003979,0.0068122644498111,0.4949846118003979,0.5046189661092321,0.0114674444881565,0.1829411764705882,0.2361846355935897,0.0591930585256932,0.1829411764705882,0.4949846118003979,False,,,N100_drop0.50_s0.20_c0.05,1.0,0.0,0.0,False,False,1.0068271698186462,1.0170734897113791,-0.0865463796488441,-0.1149304575594595,NSE,False,NSE validated,False,,
2026-10-01,JASH,INE039O01029,576.3,576.3,244663691.40238097,1152.6,0.3916307489955507,0.0591069641530708,0.1844045285228712,0.320528810363461,0.19906455442025,0.0891462480634995,0.0442300247264579,0.0589445879082827,0.0751855217298426,0.0442300247264579,0.5312521021279641,0.0573083937801741,0.5312521021279641,0.48962320965358,0.0371460669862252,0.1732057416267942,0.1844045285228712,0.0591069641530708,0.1732057416267942,0.5312521021279641,False,,,N100_drop0.50_s0.20_c0.05,1.0,0.0,0.0,False,False,1.0068271698186462,1.0170734897113791,-0.0865463796488441,-0.1149304575594595,NSE,False,NSE validated,False,,
2026-10-01,AARTECH,INE01C001026,47.92,47.92,5331673.153333333,95.84,0.3916287230391764,0.0591063998856832,0.1905116271115566,0.3102508796015517,0.1907902783441792,0.0984969229727578,0.044229643651738,0.0589439428244402,0.0751847244641884,0.044229643651738,0.5392236408981493,0.0281946000412265,0.5392236408981493,0.5420708628783109,0.0299023095897688,0.2183449651046859,0.1905116271115566,0.0591063998856832,0.2183449651046859,0.5392236408981493,False,,,N100_drop0.50_s0.20_c0.05,1.0,0.0,0.0,False,False,1.0068271698186462,1.0170734897113791,-0.0865463796488441,-0.1149304575594595,NSE,False,NSE validated,False,,
2026-10-01,DBOL,INE0I3401014,120.91,120.91,29427735.659523807,241.82,0.3915865630829421,0.0590946584455088,0.1724370361509884,0.3427028193280048,0.1930918046498524,0.0690108656700229,0.0442217140796441,0.0589305199257237,0.0751681348726939,0.0442217140796441,0.5885849311808976,0.0710523022209362,0.5885849311808976,0.5640174107340504,0.0470253820942454,0.2183449651046859,0.1724370361509884,0.0590946584455088,0.2183449651046859,0.5885849311808976,False,,,N100_drop0.50_s0.20_c0.05,1.0,0.0,0.0,False,False,1.0068271698186462,1.0170734897113791,-0.0865463796488441,-0.1149304575594595,NSE,False,NSE validated,False,,
2026-10-01,ADFFOODS,INE982B01027,281.4,281.4,45488612.45,562.8,0.3911356170708833,0.0589691796319897,0.1783955181265202,0.3305530332335374,0.1956848265508165,0.0407323262471397,0.0441337723032873,0.0587870947585777,0.0749908619159502,0.0441337723032873,0.540198178031,0.049563527442487,0.540198178031,0.5255488460132306,0.036112730231078,0.1960507757404795,0.1783955181265202,0.0589691796319897,0.1960507757404795,0.540198178031,False,,,N100_drop0.50_s0.20_c0.05,1.0,0.0,0.0,False,False,1.0068271698186462,1.0170734897113791,-0.0865463796488441,-0.1149304575594595,NSE,False,NSE validated,False,,
2026-10-01,SBC,INE04AK01028,58.54,58.54,465202402.5647619,117.08,0.3905803142255093,0.0588149350619633,0.161469791728642,0.3642472962422888,0.2061888823756464,0.0727438466945886,0.043995937668466,0.0586108476914128,0.0747729928320229,0.043995937668466,0.5765771695547987,0.060227880393851,0.5765771695547987,0.4951856378522573,0.0215171602606693,0.1732057416267942,0.161469791728642,0.0588149350619633,0.1732057416267942,0.5765771695547987,False,,,N100_drop0.50_s0.20_c0.05,1.0,0.0,0.0,False,False,1.0068271698186462,1.0170734897113791,-0.0865463796488441,-0.1149304575594595,NSE,False,NSE validated,False,,
2026-10-01,VIDHIING,INE632C01026,350.25,350.25,16818261.96031746,700.5,0.3903792831944758,0.0587591693163993,0.1605862137546626,0.365904195276497,0.1914355370832163,0.1002795474975654,0.0439510645752826,0.0585471429207347,0.074694236012142,0.0439510645752826,0.5269557414068701,0.0257544204029974,0.5269557414068701,0.4901925355866488,0.0143763764476564,0.1732057416267942,0.1605862137546626,0.0587591693163993,0.1732057416267942,0.5269557414068701,False,,,N100_drop0.50_s0.20_c0.05,1.0,0.0,0.0,False,False,1.0068271698186462,1.0170734897113791,-0.0865463796488441,-0.1149304575594595,NSE,False,NSE validated,False,,
2026-10-01,IGPL,INE204A01010,569.55,569.55,46327866.09365079,1139.1,0.3903548510825787,0.0587523945568948,0.1797298136498394,0.3268928697125334,0.1938324182229176,0.0980438815670317,0.0439479685951207,0.0585394042522029,0.0746846685859156,0.0439479685951207,0.5481891844342618,0.0552054633735739,0.5481891844342618,0.512337027876921,0.0427852645029724,0.1829411764705882,0.1797298136498394,0.0587523945568948,0.1829411764705882,0.5481891844342618,False,,,N100_drop0.50_s0.20_c0.05,1.0,0.0,0.0,False,False,1.0068271698186462,1.0170734897113791,-0.0865463796488441,-0.1149304575594595,NSE,False,NSE validated,False,,
2026-10-01,SGMART,INE385F01024,742.2,742.2,406458994.4126983,1484.4,0.3903205407875474,0.058742881663303,0.1649687398451738,0.356084926868171,0.1937619893035129,0.1139809471061779,0.0439436211270186,0.0585285380785348,0.074671234478487,0.0439436211270186,0.5661944606466087,0.0506161618384422,0.5661944606466087,0.5509854465731238,0.0376593320914955,0.2183449651046859,0.1649687398451738,0.058742881663303,0.2183449651046859,0.5661944606466087,False,,,N100_drop0.50_s0.20_c0.05,1.0,0.0,0.0,False,False,1.0068271698186462,1.0170734897113791,-0.0865463796488441,-0.1149304575594595,NSE,False,NSE validated,False,,
2026-10-01,ROLEXRINGS,INE645S01024,196.36,196.36,615002193.2601587,392.72,0.3899314555449841,0.0586350836105334,0.1844697856198044,0.3178573846851074,0.1974121542009559,0.1018434491594269,0.0438943406261904,0.0584054220317176,0.0745190148720704,0.0438943406261904,0.5436633268666734,0.0381949862894358,0.5436633268666734,0.4841485618010225,0.0132052042432627,0.1732057416267942,0.1844697856198044,0.0586350836105334,0.1732057416267942,0.5436633268666734,False,,,N100_drop0.50_s0.20_c0.05,1.0,0.0,0.0,False,False,1.0068271698186462,1.0170734897113791,-0.0865463796488441,-0.1149304575594595,NSE,False,NSE validated,False,,
2026-10-01,DELTACORP,INE124G01033,73.48,73.48,332748726.31587297,146.96,0.3895221672386081,0.0585218466205794,0.2075667338318631,0.2819423206224574,0.1997343032126709,0.1115249573422721,0.0438287137969513,0.0582866230382988,0.0743591404236283,0.0438287137969513,0.5056063287671356,0.0203011549038055,0.5056063287671356,0.4920889784229315,0.0279271319586879,0.1732057416267942,0.2075667338318631,0.0585218466205794,0.1732057416267942,0.5056063287671356,False,,,N100_drop0.50_s0.20_c0.05,1.0,0.0,0.0,False,False,1.0068271698186462,1.0170734897113791,-0.0865463796488441,-0.1149304575594595,NSE,False,NSE validated,False,,
2026-10-01,UTLSOLAR,INE12UR01024,401.65,401.65,168017603.1650794,803.3,0.3889852149028272,0.0583735349511082,0.2059219934388224,0.2834740183711874,0.1884970895429381,0.1377626058170352,0.0437248936816812,0.0581362782591504,0.0741497850158982,0.0437248936816812,0.5645477062878094,0.0636740059885636,0.5645477062878094,0.561795807150332,0.0527021626025572,0.2183449651046859,0.2059219934388224,0.0583735349511082,0.2183449651046859,0.5645477062878094,False,,,N100_drop0.50_s0.20_c0.05,1.0,0.0,0.0,False,False,1.0068271698186462,1.0170734897113791,-0.0865463796488441,-0.1149304575594595,NSE,False,NSE validated,False,,
2026-10-01,NILKAMAL,INE310A01015,1871.8,1871.8,218346503.7031746,3743.6,0.3885020178470818,0.0582403091026609,0.1774899290203523,0.3281330350635426,0.1876175217731137,0.0522059688217046,0.0436316244873194,0.0580012340064203,0.0739617629357993,0.0436316244873194,0.610504327445558,0.0814447840797746,0.610504327445558,0.5837252968080678,0.0603998579274611,0.2401459854014598,0.1774899290203523,0.0582403091026609,0.2401459854014598,0.610504327445558,False,,,N100_drop0.50_s0.20_c0.05,1.0,0.0,0.0,False,False,1.0068271698186462,1.0170734897113791,-0.0865463796488441,-0.1149304575594595,NSE,False,NSE validated,False,,
2026-10-01,ESTER,INE778B01029,95.52,95.52,20486429.47746032,191.04,0.3881138210655247,0.0581334395383048,0.2466860746394483,0.235657564470437,0.1933944833052009,0.0980430106702894,0.043556800460002,0.0578929111932942,0.073810963880923,0.043556800460002,0.4802172810790788,0.016374443864903,0.4802172810790788,0.4617196450466387,0.0283833546767619,0.1732057416267942,0.2466860746394483,0.0581334395383048,0.1732057416267942,0.4802172810790788,False,,,N100_drop0.50_s0.20_c0.05,1.0,0.0,0.0,False,False,1.0068271698186462,1.0170734897113791,-0.0865463796488441,-0.1149304575594595,NSE,False,NSE validated,False,,
2026-10-01,NOVARTIND,INE234A01025,1965.0,1965.0,218264379.1809524,3930.0,0.3881081355578049,0.0581318754109383,0.3101390565812933,0.1874380997083509,0.1946926980772955,0.1104579810067378,0.0435557053038316,0.0578913258322461,0.0738087569822878,0.0435557053038316,0.4797244336077891,0.066587622304341,0.4797244336077891,0.5171603417182692,0.0604519881396413,0.1919720767888307,0.3101390565812933,0.0581318754109383,0.1919720767888307,0.4797244336077891,False,,,N100_drop0.50_s0.20_c0.05,1.0,0.0,0.0,False,False,1.0068271698186462,1.0170734897113791,-0.0865463796488441,-0.1149304575594595,NSE,False,NSE validated,False,,
2026-10-01 00:00:00,SEKURITIND,INE068B01017,108.9,108.9,5971872.80952381,217.8,0.3877472695473867,0.05803266198117991,0.16564979383346584,0.3503334392285595,0.18918372023252777,0.10665412011303449,,,,,0.5649086648979511,0.05246247051089471,0.5649086648979511,0.5346800743576389,0.03455171255849272,0.21568627450980393,0.16564979383346584,0.05803266198117991,0.21568627450980393,0.5649086648979511,False,,,N100_drop0.50_s0.20_c0.05,1.0,0.0,0.0,False,False,1.0068271698186462,1.0170734897113791,-0.08654637964884415,-0.11493045755945958,BSE,True,NSE-trained; BSE current transfer,False,,
2026-10-01,UNIMECH,INE0U3I01011,1773.0,1773.0,378592008.8333333,3546.0,0.3870594794409623,0.0578439131836749,0.222436816156994,0.2600464895291847,0.1981174285034626,0.1312102225175931,0.0433540615375453,0.0575812596990389,0.0734025439844331,0.0433540615375453,0.5260760927837812,0.0492028842614594,0.5260760927837812,0.461204453692955,0.0346324059953046,0.1732057416267942,0.222436816156994,0.0578439131836749,0.1732057416267942,0.5260760927837812,False,,,N100_drop0.50_s0.20_c0.05,1.0,0.0,0.0,False,False,1.0068271698186462,1.0170734897113791,-0.0865463796488441,-0.1149304575594595,NSE,False,NSE validated,False,,
2026-10-01,LAXMIINDIA,INE06WU01026,119.02,119.02,22684794.233809523,238.04,0.3870353307638821,0.0578372943566487,0.2536127338892452,0.2280535896983263,0.1902164742895718,0.1241079970886757,0.0433494262508752,0.0575734286054083,0.0733932091752588,0.0433494262508752,0.5194661480354948,0.044421351906619,0.5194661480354948,0.5078447908522191,0.0329131792856121,0.1829411764705882,0.2536127338892452,0.0578372943566487,0.1829411764705882,0.5194661480354948,False,,,N100_drop0.50_s0.20_c0.05,1.0,0.0,0.0,False,False,1.0068271698186462,1.0170734897113791,-0.0865463796488441,-0.1149304575594595,NSE,False,NSE validated,False,,
2026-10-01,KOTHARIPET,INE720A01015,126.58,126.58,13992160.757777778,253.16,0.3869653240543018,0.0578181096179953,0.1972475856370907,0.2931245491864874,0.1908882276140996,0.0852136709421795,0.0433359906985653,0.0575507310241688,0.0733661526481895,0.0433359906985653,0.5054220283447676,0.023196571869534,0.5054220283447676,0.4960170676705824,0.0134034606949569,0.1829411764705882,0.1972475856370907,0.0578181096179953,0.1829411764705882,0.5054220283447676,False,,,N100_drop0.50_s0.20_c0.05,1.0,0.0,0.0,False,False,1.0068271698186462,1.0170734897113791,-0.0865463796488441,-0.1149304575594595,NSE,False,NSE validated,False,,
2026-10-01,EMUDHRA,INE01QM01018,580.0,580.0,580977386.6984127,1160.0,0.3869062918626234,0.0578019359997537,0.2353655137625984,0.2455837096765827,0.1941491046590815,0.0508248408513864,0.0433246637636612,0.0575315969863519,0.0733433433437532,0.0433246637636612,0.5126193058929703,0.0104497220271306,0.5126193058929703,0.4912101697400244,0.0101774235317605,0.1732057416267942,0.2353655137625984,0.0578019359997537,0.1732057416267942,0.5126193058929703,False,,,N100_drop0.50_s0.20_c0.05,1.0,0.0,0.0,False,False,1.0068271698186462,1.0170734897113791,-0.0865463796488441,-0.1149304575594595,NSE,False,NSE validated,False,,
2026-10-01,UFLEX,INE516A01017,649.85,649.85,325935993.01111114,1299.7,0.3862204738079809,0.0576142801718847,0.1903178076669993,0.3027266910970985,0.1878014631875813,0.0860957471639795,0.0431932322451035,0.0573323141755904,0.0730787361988408,0.0431932322451035,0.6062142537462923,0.0833544566493175,0.6062142537462923,0.5786149648060351,0.0585667385909235,0.2401459854014598,0.1903178076669993,0.0576142801718847,0.2401459854014598,0.6062142537462923,False,,,N100_drop0.50_s0.20_c0.05,1.0,0.0,0.0,False,False,1.0068271698186462,1.0170734897113791,-0.0865463796488441,-0.1149304575594595,NSE,False,NSE validated,False,,
2026-10-01,SGIL,INE00QT01015,613.85,613.85,7802986.05952381,1227.7,0.3857684023753226,0.0574908285293063,0.155587969218434,0.3695069022245125,0.1908359856287025,0.0106966326314856,0.0431067586008797,0.0572029322995409,0.0729047013150608,0.0431067586008797,0.5338297464926381,0.0421823685233841,0.5338297464926381,0.5081257792932308,0.049522175673875,0.1829411764705882,0.155587969218434,0.0574908285293063,0.1829411764705882,0.5338297464926381,False,,,N100_drop0.50_s0.20_c0.05,1.0,0.0,0.0,False,False,1.0068271698186462,1.0170734897113791,-0.0865463796488441,-0.1149304575594595,NSE,False,NSE validated,False,,
2026-10-01,INDNIPPON,INE092B01025,1224.4,1224.4,172330701.6936508,2448.8,0.3855911411779336,0.0574424752272538,0.222384117872184,0.2583029569596742,0.192388911519387,0.0723542706059408,0.0430728866325247,0.0571476585394157,0.0728365443723624,0.0430728866325247,0.536581148287184,0.0572224422398542,0.536581148287184,0.509421555178283,0.0353547407055646,0.1829411764705882,0.222384117872184,0.0574424752272538,0.1829411764705882,0.536581148287184,False,,,N100_drop0.50_s0.20_c0.05,1.0,0.0,0.0,False,False,1.0068271698186462,1.0170734897113791,-0.0865463796488441,-0.1149304575594595,NSE,False,NSE validated,False,,
2026-10-01,ONIDA,INE831A01028,31.34,31.34,15330887.8584127,62.68,0.3855746666778888,0.0574379828338623,0.2276280138015161,0.2523326627272964,0.1914777467933691,0.0893761312374772,0.0430697396051143,0.0571425235168966,0.0728302123177785,0.0430697396051143,0.4963451219611564,0.01924874565617,0.4963451219611564,0.4877872784753269,0.0112024048275126,0.1732057416267942,0.2276280138015161,0.0574379828338623,0.1732057416267942,0.4963451219611564,False,,,N100_drop0.50_s0.20_c0.05,1.0,0.0,0.0,False,False,1.0068271698186462,1.0170734897113791,-0.0865463796488441,-0.1149304575594595,NSE,False,NSE validated,False,,
2026-10-01,ASIANHOTNR,INE363A01022,348.1,348.1,24479133.548412696,696.2,0.3853857972596265,0.0573864989288269,0.1884040815779068,0.3045926523895244,0.185607285192748,0.1326126279586489,0.0430336731725951,0.0570836789925953,0.0727576484830738,0.0430336731725951,0.5370872469723609,0.0389420353117119,0.5370872469723609,0.5160906127595964,0.0144365373043734,0.1829411764705882,0.1884040815779068,0.0573864989288269,0.1829411764705882,0.5370872469723609,False,,,N100_drop0.50_s0.20_c0.05,1.0,0.0,0.0,False,False,1.0068271698186462,1.0170734897113791,-0.0865463796488441,-0.1149304575594595,NSE,False,NSE validated,False,,
2026-10-01,INDIQUBE,INE06ST01018,197.49,197.49,16910060.225555558,394.98,0.3851375422657668,0.0573188787347634,0.1584322597253785,0.3617879264874348,0.1881027886661917,0.1182070476025159,0.0429863005736123,0.0570064025525619,0.0726623498784621,0.0429863005736123,0.5338907240251984,0.0401686795988175,0.5338907240251984,0.507113361347744,0.0131448046933373,0.1829411764705882,0.1584322597253785,0.0573188787347634,0.1829411764705882,0.5338907240251984,False,,,N100_drop0.50_s0.20_c0.05,1.0,0.0,0.0,False,False,1.0068271698186462,1.0170734897113791,-0.0865463796488441,-0.1149304575594595,NSE,False,NSE validated,False,,
2026-10-01,INDOTHAI,INE337M01021,35.19,35.19,234759385.6052381,70.38,0.3850415979575673,0.0572927609291564,0.2656667042239123,0.2156565351180338,0.2165548886176118,0.1956522572213701,0.0429680026193809,0.0569765585512154,0.0726255440687654,0.0429680026193809,0.6014675885365135,0.1765479441579693,0.6014675885365135,0.5863584454282073,0.1371757348171455,0.2401459854014598,0.2656667042239123,0.0572927609291564,0.2401459854014598,0.6014675885365135,False,,,N100_drop0.50_s0.20_c0.05,1.0,0.0,0.0,False,False,1.0068271698186462,1.0170734897113791,-0.0865463796488441,-0.1149304575594595,NSE,False,NSE validated,False,,
2026-10-01,MUKANDLTD,INE304A01026,172.66,172.66,43677569.82968254,345.32,0.3843769970100792,0.0571120842590526,0.162726509373652,0.3509697619575438,0.1937963745837237,0.047910159865173,0.0428414120810319,0.0567701578319228,0.0723709698429939,0.0428414120810319,0.5420269237858361,0.0196998175643928,0.5420269237858361,0.4824559492651293,0.0163154757222946,0.1732057416267942,0.162726509373652,0.0571120842590526,0.1732057416267942,0.5420269237858361,False,,,N100_drop0.50_s0.20_c0.05,1.0,0.0,0.0,False,False,1.0068271698186462,1.0170734897113791,-0.0865463796488441,-0.1149304575594595,NSE,False,NSE validated,False,,
2026-10-01,WELSPUNLIV,INE192B01031,239.17,239.17,1092362307.499524,478.34,0.3842687072937638,0.0570826845823102,0.1335648126571391,0.4273781653019757,0.1975416818766082,0.0480953894860947,0.0428208116804758,0.0567365810950464,0.0723295521091324,0.0428208116804758,0.5511533582575283,0.0517350096019939,0.5511533582575283,0.5165227516775522,0.0195136982820634,0.1919720767888307,0.1335648126571391,0.0570826845823102,0.1919720767888307,0.5511533582575283,False,,,N100_drop0.50_s0.20_c0.05,1.0,0.0,0.0,False,False,1.0068271698186462,1.0170734897113791,-0.0865463796488441,-0.1149304575594595,NSE,False,NSE validated,False,,
2026-10-01,RSL,INE313L01016,174.43,174.43,86947961.12238096,348.86,0.3841485947333526,0.0570500881012849,0.1794016733245188,0.3180019842852153,0.1854025534943992,0.0793100559686858,0.0427979707457243,0.056699356225131,0.0722836329202689,0.0427979707457243,0.5785397327886788,0.0652705528196615,0.5785397327886788,0.557433177553231,0.0564144775252217,0.2183449651046859,0.1794016733245188,0.0570500881012849,0.2183449651046859,0.5785397327886788,False,,,N100_drop0.50_s0.20_c0.05,1.0,0.0,0.0,False,False,1.0068271698186462,1.0170734897113791,-0.0865463796488441,-0.1149304575594595,NSE,False,NSE validated,False,,
2026-10-01,UNIVCABLES,INE279A01012,1451.3,1451.3,253322329.23015872,2902.6,0.3837733398951632,0.0569483383488539,0.228890129632082,0.2488020712836884,0.1830428985983484,0.1203593043091357,0.0427266693013422,0.0565862093459755,0.0721403109359099,0.0427266693013422,0.567572944732217,0.0662911179959924,0.567572944732217,0.5585543794846918,0.0550082812825365,0.2183449651046859,0.228890129632082,0.0569483383488539,0.2183449651046859,0.567572944732217,False,,,N100_drop0.50_s0.20_c0.05,1.0,0.0,0.0,False,False,1.0068271698186462,1.0170734897113791,-0.0865463796488441,-0.1149304575594595,NSE,False,NSE validated,False,,
2026-10-01,BUILDPRO,INE24OJ01011,1249.2,1249.2,139898312.85873014,2498.4,0.3834325241355807,0.0568560420316703,0.1796247759278268,0.3165267248796186,0.1915362955871921,0.1080732691715641,0.0426619876755776,0.0564955224921785,0.0720103238925638,0.0426619876755776,0.5721219264585019,0.0593091214488807,0.5721219264585019,0.543424622146337,0.0431584717961125,0.2183449651046859,0.1796247759278268,0.0568560420316703,0.2183449651046859,0.5721219264585019,False,,,N100_drop0.50_s0.20_c0.05,1.0,0.0,0.0,False,False,1.0068271698186462,1.0170734897113791,-0.0865463796488441,-0.1149304575594595,NSE,False,NSE validated,False,,
2026-10-01,IOLCP,INE485C01029,209.39,209.39,918012564.1157144,418.78,0.383429037850154,0.0568550984773988,0.2405299507829572,0.236374298885972,0.2122795235904143,0.1403732449227334,0.0426613264058309,0.0564946728633774,0.0720089951162426,0.0426613264058309,0.503155810824352,0.086525085423589,0.503155810824352,0.4745282952102846,0.0611851477907756,0.1732057416267942,0.2405299507829572,0.0568550984773988,0.1732057416267942,0.503155810824352,False,,,N100_drop0.50_s0.20_c0.05,1.0,0.0,0.0,False,False,1.0068271698186462,1.0170734897113791,-0.0865463796488441,-0.1149304575594595,NSE,False,NSE validated,False,,
2026-10-01,NRBBEARING,INE349A01021,542.6,542.6,312049327.05793655,1085.2,0.3831053554378549,0.0567675446073733,0.2205113337425334,0.2574359496353801,0.1995682875114131,0.1582805712789998,0.0425999641117539,0.0564158298730804,0.0718857041795398,0.0425999641117539,0.5134590953690914,0.0773999465061637,0.5134590953690914,0.4751987123655755,0.0539336237613509,0.1732057416267942,0.2205113337425334,0.0567675446073733,0.1732057416267942,0.5134590953690914,False,,,N100_drop0.50_s0.20_c0.05,1.0,0.0,0.0,False,False,1.0068271698186462,1.0170734897113791,-0.0865463796488441,-0.1149304575594595,NSE,False,NSE validated,False,,
2026-10-01,BORANA,INE16SF01016,272.95,272.95,11217292.0484127,545.9,0.3829794877478835,0.0567335249343375,0.2322337419331402,0.2442949265773406,0.1884613237605076,0.0549154703868657,0.0425765547721204,0.0563851924100453,0.0718378030463154,0.0425765547721204,0.51416299154642,0.0157597962292361,0.51416299154642,0.4894101048326354,0.0062758839426911,0.1732057416267942,0.2322337419331402,0.0567335249343375,0.1732057416267942,0.51416299154642,False,,,N100_drop0.50_s0.20_c0.05,1.0,0.0,0.0,False,False,1.0068271698186462,1.0170734897113791,-0.0865463796488441,-0.1149304575594595,NSE,False,NSE validated,False,,
2026-10-01,TARSONS,INE144Z01023,329.4,329.4,242301918.17222223,658.8,0.3827608261866189,0.056674460299693,0.2143681660398251,0.2643790883071888,0.1885643328263225,0.0819011884682121,0.0425363504565953,0.0563319966565078,0.0717546434496429,0.0425363504565953,0.5588504566886047,0.0631099846224909,0.5588504566886047,0.5575084124366635,0.0496428199349758,0.2183449651046859,0.2143681660398251,0.056674460299693,0.2183449651046859,0.5588504566886047,False,,,N100_drop0.50_s0.20_c0.05,1.0,0.0,0.0,False,False,1.0068271698186462,1.0170734897113791,-0.0865463796488441,-0.1149304575594595,NSE,False,NSE validated,False,,
2026-10-01,MAXESTATES,INE03EI01018,566.25,566.25,119739182.77539684,1132.5,0.38258505693923,0.0566270143195831,0.1563483989395505,0.3621848046008902,0.189103373476641,0.0036648770688199,0.0425040526280896,0.0562892620666893,0.0716878476765568,0.0425040526280896,0.58650918576237,0.0559601071411639,0.58650918576237,0.5487265089698077,0.0320146500006727,0.2183449651046859,0.1563483989395505,0.0566270143195831,0.2183449651046859,0.58650918576237,False,,,N100_drop0.50_s0.20_c0.05,1.0,0.0,0.0,False,False,1.0068271698186462,1.0170734897113791,-0.0865463796488441,-0.1149304575594595,NSE,False,NSE validated,False,,
2026-10-01 00:00:00,ULTRAMAR,INE405A01021,405.95,405.95,13739643.158730159,811.9,0.38254330117494956,0.05661574731862243,0.18217517122631896,0.3107764188583516,0.19581116791912123,0.08232328145093876,,,,,0.5096259150529859,0.02522279134063565,0.5096259150529859,0.47657359267434213,0.07469953718396816,0.17320574162679425,0.18217517122631896,0.05661574731862243,0.17320574162679425,0.5096259150529859,False,,,N100_drop0.50_s0.20_c0.05,1.0,0.0,0.0,False,False,1.0068271698186462,1.0170734897113791,-0.08654637964884415,-0.11493045755945958,BSE,True,NSE-trained; BSE current transfer,False,,
2026-10-01,FCL,INE045J01034,55.72,55.72,894906081.6579366,111.44,0.3824848066743327,0.0565999664441758,0.2748169064295983,0.2059551836876361,0.2008264106700653,0.1214936796576594,0.0424856395161603,0.0562648988431321,0.0716497710910438,0.0424856395161603,0.4797936737245853,0.0544816023583134,0.4797936737245853,0.4758133267044026,0.0470211139581247,0.1732057416267942,0.2748169064295983,0.0565999664441758,0.1732057416267942,0.4797936737245853,False,,,N100_drop0.50_s0.20_c0.05,1.0,0.0,0.0,False,False,1.0068271698186462,1.0170734897113791,-0.0865463796488441,-0.1149304575594595,NSE,False,NSE validated,False,,
2026-10-01,20MICRONS,INE144J01027,207.26,207.26,40126311.67761905,414.52,0.3824313914149282,0.0565855586770523,0.162438588691779,0.3483504697545808,0.1883400748459908,0.0837834910432236,0.0424758310312044,0.0562519207695317,0.0716294892324367,0.0424758310312044,0.5653720317766204,0.0697728832428963,0.5653720317766204,0.519993569232572,0.0275375776899591,0.1919720767888307,0.162438588691779,0.0565855586770523,0.1919720767888307,0.5653720317766204,False,,,N100_drop0.50_s0.20_c0.05,1.0,0.0,0.0,False,False,1.0068271698186462,1.0170734897113791,-0.0865463796488441,-0.1149304575594595,NSE,False,NSE validated,False,,
2026-10-01,MBAPL,INE900L01028,165.83,165.83,196692685.60666665,331.66,0.3823878431494556,0.0565738143313988,0.191413454466113,0.2955581909808455,0.1887490657476211,0.1008082163040353,0.0424678356135876,0.0562413416402387,0.0716129570113506,0.0424678356135876,0.5497787095124234,0.0507587834345874,0.5497787095124234,0.5320972454577388,0.0534756481104461,0.1960507757404795,0.191413454466113,0.0565738143313988,0.1960507757404795,0.5497787095124234,False,,,N100_drop0.50_s0.20_c0.05,1.0,0.0,0.0,False,False,1.0068271698186462,1.0170734897113791,-0.0865463796488441,-0.1149304575594595,NSE,False,NSE validated,False,,
2026-10-01,MATRIMONY,INE866R01028,497.0,497.0,24293083.42460317,994.0,0.3822871209501954,0.0565466578189327,0.166922932230188,0.3387590732048393,0.1853518097662546,0.1260887840701625,0.0424493473187883,0.056216878831066,0.0715747306077376,0.0424493473187883,0.5360460132254826,0.0340769945936695,0.5360460132254826,0.5186548951646035,0.0144498902922673,0.1919720767888307,0.166922932230188,0.0565466578189327,0.1919720767888307,0.5360460132254826,False,,,N100_drop0.50_s0.20_c0.05,1.0,0.0,0.0,False,False,1.0068271698186462,1.0170734897113791,-0.0865463796488441,-0.1149304575594595,NSE,False,NSE validated,False,,
2026-10-01,ASIANENE,INE276G01015,466.75,466.75,233727049.46984127,933.5,0.3821506727729467,0.0565098841399507,0.2284671254863767,0.2473436124328548,0.1819163742300091,0.0263158260272292,0.0424243106083628,0.0561837513906345,0.0715229692984997,0.0424243106083628,0.5805097007931558,0.0593497102640204,0.5805097007931558,0.5593814041853125,0.0467447287875253,0.2183449651046859,0.2284671254863767,0.0565098841399507,0.2183449651046859,0.5805097007931558,False,,,N100_drop0.50_s0.20_c0.05,1.0,0.0,0.0,False,False,1.0068271698186462,1.0170734897113791,-0.0865463796488441,-0.1149304575594595,NSE,False,NSE validated,False,,
2026-10-01,SANATHAN,INE0JPD01013,504.35,504.35,46379546.42460317,1008.7,0.3816323168453551,0.0563703430571383,0.1719202765206949,0.3278865308848707,0.192908294035237,0.0826779334226509,0.0423292960517431,0.0560580315251192,0.0713265828718803,0.0423292960517431,0.5196667328194288,0.0224645470462099,0.5196667328194288,0.4743903522363883,0.0312768124132405,0.1732057416267942,0.1719202765206949,0.0563703430571383,0.1732057416267942,0.5196667328194288,False,,,N100_drop0.50_s0.20_c0.05,1.0,0.0,0.0,False,False,1.0068271698186462,1.0170734897113791,-0.0865463796488441,-0.1149304575594595,NSE,False,NSE validated,False,,
2026-10-01,KOTARISUG,INE419A01022,25.68,25.68,5907349.824285713,51.36,0.3810978393549102,0.0562267256273633,0.2262373882867786,0.2485297680155779,0.1995749271501803,0.0868091535458627,0.0422166974168717,0.0559286145912059,0.0711245035878424,0.0422166974168717,0.5297130988564757,0.0729516284439278,0.5297130988564757,0.5304891090458077,0.1015121070950082,0.1960507757404795,0.2262373882867786,0.0562267256273633,0.1960507757404795,0.5297130988564757,False,,,N100_drop0.50_s0.20_c0.05,1.0,0.0,0.0,False,False,1.0068271698186462,1.0170734897113791,-0.0865463796488441,-0.1149304575594595,NSE,False,NSE validated,False,,
2026-10-01,SIGACHI,INE0D0K01022,28.34,28.34,107576722.94650796,56.68,0.3810261833457953,0.0562074915234422,0.2435067917023345,0.2308251491898873,0.1821092229132689,0.0082401116745286,0.0422009257600704,0.0559115564287331,0.0710974433290003,0.0422009257600704,0.5637273019742907,0.0467874884495246,0.5637273019742907,0.5502621603903491,0.03928807590505,0.2183449651046859,0.2435067917023345,0.0562074915234422,0.2183449651046859,0.5637273019742907,False,,,N100_drop0.50_s0.20_c0.05,1.0,0.0,0.0,False,False,1.0068271698186462,1.0170734897113791,-0.0865463796488441,-0.1149304575594595,NSE,False,NSE validated,False,,
2026-10-01,SURAKSHA,INE877V01027,350.15,350.15,52168842.046825394,700.3,0.3809630041378182,0.0561905367661227,0.1727605883762331,0.3252508994919174,0.1850982464955149,0.1073611854148722,0.0421870236289113,0.055899132373225,0.0710735905272771,0.0421870236289113,0.5520594928963012,0.0669678154473296,0.5520594928963012,0.4940547105309123,0.0057583283959088,0.1732057416267942,0.1727605883762331,0.0561905367661227,0.1732057416267942,0.5520594928963012,False,,,N100_drop0.50_s0.20_c0.05,1.0,0.0,0.0,False,False,1.0068271698186462,1.0170734897113791,-0.0865463796488441,-0.1149304575594595,NSE,False,NSE validated,False,,
2026-10-01,MOREPENLAB,INE083A01026,133.72,133.72,1989045842.1020637,267.44,0.3809415155604821,0.056184770946477,0.3693108597328944,0.152134088304668,0.1911096527035932,0.0045577905730276,0.042182296024943,0.0558949071058668,0.0710654790261866,0.042182296024943,0.4780111076593408,0.0418545615513772,0.4780111076593408,0.4704518229775877,0.0406788844428299,0.1732057416267942,0.3693108597328944,0.056184770946477,0.1732057416267942,0.4780111076593408,False,,,N100_drop0.50_s0.20_c0.05,1.0,0.0,0.0,False,False,1.0068271698186462,1.0170734897113791,-0.0865463796488441,-0.1149304575594595,NSE,False,NSE validated,False,,
2026-10-01,COASTCORP,INE377E01024,35.82,35.82,5806656.388095238,71.64,0.380598622138222,0.0560928240410933,0.2271294017247459,0.246964169390413,0.2156522055891408,0.0143480226213279,0.0421069127295661,0.0558275129726342,0.0709361355923353,0.0421069127295661,0.5264348579987709,0.0894622159679865,0.5264348579987709,0.5063351388192032,0.1174085814581982,0.1829411764705882,0.2271294017247459,0.0560928240410933,0.1829411764705882,0.5264348579987709,False,,,N100_drop0.50_s0.20_c0.05,1.0,0.0,0.0,False,False,1.0068271698186462,1.0170734897113791,-0.0865463796488441,-0.1149304575594595,NSE,False,NSE validated,False,,
2026-10-01,ORIENTHOT,INE750A01020,140.0,140.0,253377230.61539683,280.0,0.3803139306239433,0.0560165673206081,0.1828477920307359,0.306356268776776,0.1895471244315914,0.0673953385439278,0.0420444035629001,0.0557701822209466,0.0708288778520505,0.0420444035629001,0.5553918960760694,0.0531543709294196,0.5553918960760694,0.5393547577088934,0.0292294982431794,0.2183449651046859,0.1828477920307359,0.0560165673206081,0.2183449651046859,0.5553918960760694,False,,,N100_drop0.50_s0.20_c0.05,1.0,0.0,0.0,False,False,1.0068271698186462,1.0170734897113791,-0.0865463796488441,-0.1149304575594595,NSE,False,NSE validated,False,,
2026-10-01,IFGLEXPOR,INE133Y01011,189.57,189.57,15876138.500476193,379.14,0.3801274195274623,0.0559666498954435,0.2577999102194621,0.2170933645702195,0.1875651029919129,0.0226559610275449,0.042003490369055,0.0557269199841854,0.0707586741477894,0.042003490369055,0.5169259148248678,0.0309018091482714,0.5169259148248678,0.5014095557730195,0.0124933045957143,0.1829411764705882,0.2577999102194621,0.0559666498954435,0.1829411764705882,0.5169259148248678,False,,,N100_drop0.50_s0.20_c0.05,1.0,0.0,0.0,False,False,1.0068271698186462,1.0170734897113791,-0.0865463796488441,-0.1149304575594595,NSE,False,NSE validated,False,,
2026-10-01,COFFEEDAY,INE335K01011,29.69,29.69,18389355.147777777,59.38,0.3800914153000135,0.0559570175322083,0.2468295699074436,0.2267030548778706,0.1863056952905709,0.0341849025583099,0.0419955959826679,0.055718571483815,0.070745127852496,0.0419955959826679,0.4890920416357498,0.0171787531512581,0.4890920416357498,0.5025054164231468,0.0153544335717233,0.1829411764705882,0.2468295699074436,0.0559570175322083,0.1829411764705882,0.4890920416357498,False,,,N100_drop0.50_s0.20_c0.05,1.0,0.0,0.0,False,False,1.0068271698186462,1.0170734897113791,-0.0865463796488441,-0.1149304575594595,NSE,False,NSE validated,False,,
2026-10-01,TATVA,INE0GK401011,1743.2,1743.2,266501302.7492064,3486.4,0.3796388181636134,0.0558360351712926,0.1964767262394386,0.2841865102294476,0.1862625130911964,0.1153300742036489,0.0418964554587585,0.0556137044380729,0.0705750039133064,0.0418964554587585,0.5605300515435012,0.0706429225314917,0.5605300515435012,0.5367076284616171,0.0462707936881008,0.2156862745098039,0.1964767262394386,0.0558360351712926,0.2156862745098039,0.5605300515435012,False,,,N100_drop0.50_s0.20_c0.05,1.0,0.0,0.0,False,False,1.0068271698186462,1.0170734897113791,-0.0865463796488441,-0.1149304575594595,NSE,False,NSE validated,False,,
2026-10-01,GALAPREC,INE0RE001014,1157.8,1157.8,54469973.04285714,2315.6,0.3793173391159949,0.0557502172127809,0.1994458598858621,0.2795255677138917,0.1926882768269488,0.0908769200524776,0.0418261453150582,0.0555393065226011,0.0704543472707657,0.0418261453150582,0.5243585244065607,0.0518140969600321,0.5243585244065607,0.5017665035267108,0.0501154959037476,0.1829411764705882,0.1994458598858621,0.0557502172127809,0.1829411764705882,0.5243585244065607,False,,,N100_drop0.50_s0.20_c0.05,1.0,0.0,0.0,False,False,1.0068271698186462,1.0170734897113791,-0.0865463796488441,-0.1149304575594595,NSE,False,NSE validated,False,,
2026-10-01,JAYSREETEA,INE364A01020,83.65,83.65,7873945.275714286,167.3,0.3793054099081002,0.0557470345891616,0.187209619893565,0.2977786858434718,0.1819922575007782,0.0775158346062071,0.0418235380415188,0.0555365472401424,0.0704498729407856,0.0418235380415188,0.5402057907995995,0.034594418210113,0.5402057907995995,0.5009506733389805,0.0513305354082434,0.1829411764705882,0.187209619893565,0.0557470345891616,0.1829411764705882,0.5402057907995995,False,,,N100_drop0.50_s0.20_c0.05,1.0,0.0,0.0,False,False,1.0068271698186462,1.0170734897113791,-0.0865463796488441,-0.1149304575594595,NSE,False,NSE validated,False,,
2026-10-01,NPST,INE0FFK01017,1766.5,1766.5,189000062.28888887,3533.0,0.3790725044194993,0.0556849235896322,0.2159547587596912,0.2578545798640954,0.1906213311284095,0.0894489652641517,0.0417726586889532,0.0554826954455859,0.0703625579198996,0.0417726586889532,0.5302690245612441,0.0461368652313432,0.5302690245612441,0.5092607658535333,0.0297198153537984,0.1829411764705882,0.2159547587596912,0.0556849235896322,0.1829411764705882,0.5302690245612441,False,,,N100_drop0.50_s0.20_c0.05,1.0,0.0,0.0,False,False,1.0068271698186462,1.0170734897113791,-0.0865463796488441,-0.1149304575594595,NSE,False,NSE validated,False,,
2026-10-01,GOCLCORP,INE077F01035,351.65,351.65,107150984.50555556,703.3,0.378476390168785,0.0555261813770734,0.2265823210720499,0.2450596371083025,0.1849919607223253,0.0572399374141223,0.0416426507699087,0.0553450396393769,0.07013943852583,0.0416426507699087,0.5202725880146047,0.0322202942056721,0.5202725880146047,0.5063238783462218,0.0158687196350127,0.1829411764705882,0.2265823210720499,0.0555261813770734,0.1829411764705882,0.5202725880146047,False,,,N100_drop0.50_s0.20_c0.05,1.0,0.0,0.0,False,False,1.0068271698186462,1.0170734897113791,-0.0865463796488441,-0.1149304575594595,NSE,False,NSE validated,False,,
2026-10-01,APOLLOPIPE,INE126J01016,512.6,512.6,180883625.2285714,1025.2,0.3784656551371451,0.0555233257067541,0.1944487392641185,0.2855422252511352,0.1831461382497828,0.0727699984618595,0.0416403123884477,0.0553425630054432,0.0701354252634936,0.0416403123884477,0.5767256646072038,0.0588529784813364,0.5767256646072038,0.5528541160027448,0.0398863713198541,0.2183449651046859,0.1944487392641185,0.0555233257067541,0.2183449651046859,0.5767256646072038,False,,,N100_drop0.50_s0.20_c0.05,1.0,0.0,0.0,False,False,1.0068271698186462,1.0170734897113791,-0.0865463796488441,-0.1149304575594595,NSE,False,NSE validated,False,,
2026-10-01,TMB,INE668A01016,872.05,872.05,298326107.00238097,1744.1,0.3780095601538004,0.0554020963639552,0.1569542777650933,0.3529823917693607,0.1868122243700589,0.1130775616007222,0.041541055385789,0.0552374149456904,0.0699650703904722,0.041541055385789,0.5705558399912557,0.0683265109382244,0.5705558399912557,0.5599041204612697,0.0629269709368637,0.2183449651046859,0.1569542777650933,0.0554020963639552,0.2183449651046859,0.5705558399912557,False,,,N100_drop0.50_s0.20_c0.05,1.0,0.0,0.0,False,False,1.0068271698186462,1.0170734897113791,-0.0865463796488441,-0.1149304575594595,NSE,False,NSE validated,False,,
2026-10-01,VISACHROME,INE286H01012,35.91,35.91,5332968.865079365,71.82,0.3779059300676219,0.0553745784262386,0.2661300286595058,0.2080733944424076,0.1790064514641912,0.0447492660259078,0.0415185283191269,0.0552135446870825,0.0699264059740673,0.0415185283191269,0.4977928364452155,0.0118979862182531,0.4977928364452155,0.4904449700007087,0.0243083386479917,0.1732057416267942,0.2661300286595058,0.0553745784262386,0.1732057416267942,0.4977928364452155,False,,,N100_drop0.50_s0.20_c0.05,1.0,0.0,0.0,False,False,1.0068271698186462,1.0170734897113791,-0.0865463796488441,-0.1149304575594595,NSE,False,NSE validated,False,,
2026-10-01,PASHUPATI,INE124Y01028,78.99,78.99,12414233.640793651,157.98,0.3773107516520864,0.055216726438467,0.2561388145147345,0.2155734442008619,0.1848715358516834,0.0730334977523304,0.0413893296198791,0.0550628552061624,0.0697046468072267,0.0413893296198791,0.4468791412077895,0.0382637920930104,0.4468791412077895,0.431574054195498,0.0564247898675669,0.1578542883492161,0.2561388145147345,0.055216726438467,0.1578542883492161,0.4468791412077895,False,,,N100_drop0.50_s0.20_c0.05,1.0,0.0,0.0,False,False,1.0068271698186462,1.0170734897113791,-0.0865463796488441,-0.1149304575594595,NSE,False,NSE validated,False,,
2026-10-01,RITCO,INE01EG01016,276.7,276.7,40182405.811904766,553.4,0.3772026529770238,0.0551880917356229,0.1652443388377266,0.3339787137265789,0.1843234110499384,0.0959849875054313,0.0413658970716318,0.0550321707978521,0.0696644251810324,0.0413658970716318,0.5699743022323386,0.0751138334319243,0.5699743022323386,0.5306293362180102,0.039035302892164,0.1960507757404795,0.1652443388377266,0.0551880917356229,0.1960507757404795,0.5699743022323386,False,,,N100_drop0.50_s0.20_c0.05,1.0,0.0,0.0,False,False,1.0068271698186462,1.0170734897113791,-0.0865463796488441,-0.1149304575594595,NSE,False,NSE validated,False,,
2026-10-01,ONMOBILE,INE809I01019,48.78,48.78,6463523.613650793,97.56,0.3767662780348813,0.0550726078088573,0.2548698507986136,0.216081296537397,0.1902747736441892,0.0726270105426554,0.0412714071463026,0.0549084318016781,0.0695022298219475,0.0412714071463026,0.4911419724061745,0.0338854201263707,0.4911419724061745,0.4618539431871748,0.0731430289929623,0.1732057416267942,0.2548698507986136,0.0550726078088573,0.1732057416267942,0.4911419724061745,False,,,N100_drop0.50_s0.20_c0.05,1.0,0.0,0.0,False,False,1.0068271698186462,1.0170734897113791,-0.0865463796488441,-0.1149304575594595,NSE,False,NSE validated,False,,
2026-10-01,5PAISA,INE618L01018,316.35,316.35,21887207.93730159,632.7,0.3764591517091135,0.0549914335827986,0.1874920466885149,0.2933000868786568,0.1873201045837635,0.0495174982463667,0.0412187912740777,0.0548294897504655,0.0693882398724394,0.0412187912740777,0.501426984188135,0.0087885296060535,0.501426984188135,0.4891282484041095,0.006734599750317,0.1732057416267942,0.1874920466885149,0.0549914335827986,0.1732057416267942,0.501426984188135,False,,,N100_drop0.50_s0.20_c0.05,1.0,0.0,0.0,False,False,1.0068271698186462,1.0170734897113791,-0.0865463796488441,-0.1149304575594595,NSE,False,NSE validated,False,,
2026-10-01,KROSS,INE0O6601022,258.4,258.4,292409167.8757143,516.8,0.3759908122102401,0.0548678168193845,0.199598595551949,0.2748907960382126,0.1937337009094956,0.1066232776083603,0.041153742311218,0.0547110115239748,0.0692146780392732,0.041153742311218,0.5574159240357752,0.0476801312586672,0.5574159240357752,0.4971731558630254,0.0487221587104984,0.1829411764705882,0.199598595551949,0.0548678168193845,0.1829411764705882,0.5574159240357752,False,,,N100_drop0.50_s0.20_c0.05,1.0,0.0,0.0,False,False,1.0068271698186462,1.0170734897113791,-0.0865463796488441,-0.1149304575594595,NSE,False,NSE validated,False,,
2026-10-01,RAYMONDREL,INE1SY401010,648.45,648.45,790832597.4761906,1296.9,0.3758338992396621,0.0548264450447374,0.2555318130450006,0.2145581968499638,0.1967023513959853,0.0737119520197494,0.0411319634278252,0.0546713582485888,0.0691565984919873,0.0411319634278252,0.4989977340551932,0.0601370311001097,0.4989977340551932,0.4827729067645709,0.0447637798826698,0.1732057416267942,0.2555318130450006,0.0548264450447374,0.1732057416267942,0.4989977340551932,False,,,N100_drop0.50_s0.20_c0.05,1.0,0.0,0.0,False,False,1.0068271698186462,1.0170734897113791,-0.0865463796488441,-0.1149304575594595,NSE,False,NSE validated,False,,
2026-10-01,FAZE3Q,INE963C01033,433.05,433.05,15839741.62063492,866.1,0.3757195306517923,0.0547963047400915,0.2316706626568633,0.23652673200686,0.1858708338616209,0.0721533600469147,0.0411160943305802,0.0546424695138489,0.0691142886296927,0.0411160943305802,0.4950222500956167,0.0282586934904107,0.4950222500956167,0.4628157153105929,0.04887441519197,0.1732057416267942,0.2316706626568633,0.0547963047400915,0.1732057416267942,0.4950222500956167,False,,,N100_drop0.50_s0.20_c0.05,1.0,0.0,0.0,False,False,1.0068271698186462,1.0170734897113791,-0.0865463796488441,-0.1149304575594595,NSE,False,NSE validated,False,,
2026-10-01,SHANTIGOLD,INE06ZD01017,303.55,303.55,723803606.7126985,607.1,0.3752026400089342,0.0546602342353077,0.2353276746614115,0.2322728693680107,0.1948384387553959,0.0763963469972095,0.0410444240972892,0.0545082568716518,0.0689233035185803,0.0410444240972892,0.5139116538056866,0.0149262345793533,0.5139116538056866,0.4764677044545198,0.0291386201547863,0.1732057416267942,0.2353276746614115,0.0546602342353077,0.1732057416267942,0.5139116538056866,False,,,N100_drop0.50_s0.20_c0.05,1.0,0.0,0.0,False,False,1.0068271698186462,1.0170734897113791,-0.0865463796488441,-0.1149304575594595,NSE,False,NSE validated,False,,
2026-10-01,MAXIND,INE0CG601016,162.78,162.78,23371804.43301587,325.56,0.3749348615813765,0.0545898379425757,0.1970745093107185,0.2770010090777718,0.1857811628040995,0.1138486368753666,0.0410073272969712,0.0544386005383592,0.0688245136273882,0.0410073272969712,0.4978844075628307,0.0037457680135348,0.4978844075628307,0.4815913366172606,0.0145744219736444,0.1732057416267942,0.1970745093107185,0.0545898379425757,0.1732057416267942,0.4978844075628307,False,,,N100_drop0.50_s0.20_c0.05,1.0,0.0,0.0,False,False,1.0068271698186462,1.0170734897113791,-0.0865463796488441,-0.1149304575594595,NSE,False,NSE validated,False,,
2026-10-01,ATL,INE0NN701020,23.59,23.59,5356434.815396825,47.18,0.3747080555418194,0.0545302640022351,0.2495873151429848,0.2184817123858861,0.1831567828242626,0.114970321561221,0.0409759239006342,0.0543789448921379,0.0687409200150925,0.0409759239006342,0.4774338764791139,0.0163720360568942,0.4774338764791139,0.4778916526774557,0.019724675414644,0.1732057416267942,0.2495873151429848,0.0545302640022351,0.1732057416267942,0.4774338764791139,False,,,N100_drop0.50_s0.20_c0.05,1.0,0.0,0.0,False,False,1.0068271698186462,1.0170734897113791,-0.0865463796488441,-0.1149304575594595,NSE,False,NSE validated,False,,
2026-10-01,NIITLTD,INE161A01038,84.94,84.94,60246827.7504762,169.88,0.3743918760147761,0.054447292950086,0.1901693866782493,0.2863094523316013,0.1832800640064699,0.0832087179954516,0.0409321723253863,0.0542865048819741,0.0686245093274889,0.0409321723253863,0.5463294735821491,0.042427458670802,0.5463294735821491,0.548526096655768,0.0414002176150327,0.2183449651046859,0.1901693866782493,0.054447292950086,0.2183449651046859,0.5463294735821491,False,,,N100_drop0.50_s0.20_c0.05,1.0,0.0,0.0,False,False,1.0068271698186462,1.0170734897113791,-0.0865463796488441,-0.1149304575594595,NSE,False,NSE validated,False,,
2026-10-01,MAGADSUGAR,INE347W01011,511.75,511.75,29902395.80952381,1023.5,0.374165381437111,0.0543879126920535,0.2032165686709945,0.2676352280118805,0.1831523708059784,0.101504929625991,0.0409008498550535,0.0542220481045602,0.0685412068744169,0.0409008498550535,0.5181293118210313,0.0192700198536748,0.5181293118210313,0.5038961119472032,0.0062301963473541,0.1829411764705882,0.2032165686709945,0.0543879126920535,0.1829411764705882,0.5181293118210313,False,,,N100_drop0.50_s0.20_c0.05,1.0,0.0,0.0,False,False,1.0068271698186462,1.0170734897113791,-0.0865463796488441,-0.1149304575594595,NSE,False,NSE validated,False,,
2026-10-01,GANDHITUBE,INE524B01027,975.55,975.55,13251196.597619046,1951.1,0.3739821950726543,0.0543399206736768,0.1541455438882367,0.3525234612884824,0.186620847522601,0.097283333135112,0.0408755280969893,0.0541686828631507,0.0684738864998727,0.0408755280969893,0.5298314092054509,0.0235895962292113,0.5298314092054509,0.4736049272789531,0.0215737890574236,0.1732057416267942,0.1541455438882367,0.0543399206736768,0.1732057416267942,0.5298314092054509,False,,,N100_drop0.50_s0.20_c0.05,1.0,0.0,0.0,False,False,1.0068271698186462,1.0170734897113791,-0.0865463796488441,-0.1149304575594595,NSE,False,NSE validated,False,,
2026-10-01,KAYA,INE587G01015,298.15,298.15,11307557.653174603,596.3,0.3739005427933294,0.0543185388454737,0.230887428544379,0.235259837176597,0.1848682948093226,0.1380734034690819,0.0408642446599845,0.0541430880215884,0.0684438950384462,0.0408642446599845,0.5561934554844242,0.0474172986613784,0.5561934554844242,0.5407323667907714,0.0424492383453368,0.2183449651046859,0.230887428544379,0.0543185388454737,0.2183449651046859,0.5561934554844242,False,,,N100_drop0.50_s0.20_c0.05,1.0,0.0,0.0,False,False,1.0068271698186462,1.0170734897113791,-0.0865463796488441,-0.1149304575594595,NSE,False,NSE validated,False,,
2026-10-01,DIFFNKG,INE184O01015,464.4,464.4,157105791.81666666,928.8,0.3736554403232755,0.0542543915571697,0.2161436036044948,0.2510108587642769,0.1832012999194696,0.0814762619365166,0.0408303864958024,0.0540716496779434,0.0683539244456614,0.0408303864958024,0.5543488056347575,0.0643953309227413,0.5543488056347575,0.5411626964253028,0.0451356860255984,0.2183449651046859,0.2161436036044948,0.0542543915571697,0.2183449651046859,0.5543488056347575,False,,,N100_drop0.50_s0.20_c0.05,1.0,0.0,0.0,False,False,1.0068271698186462,1.0170734897113791,-0.0865463796488441,-0.1149304575594595,NSE,False,NSE validated,False,,
2026-10-01,DSSL,INE417B01040,948.75,948.75,34882976.586507946,1897.5,0.3735226600455884,0.0542196635546627,0.2079773591108972,0.2606998366863184,0.1848295628983031,0.0511366755932251,0.0408120520685583,0.0540329783846,0.0683052202063171,0.0408120520685583,0.5323647046172606,0.0824100750338902,0.5323647046172606,0.501891555694801,0.0571313739975297,0.1829411764705882,0.2079773591108972,0.0542196635546627,0.1829411764705882,0.5323647046172606,False,,,N100_drop0.50_s0.20_c0.05,1.0,0.0,0.0,False,False,1.0068271698186462,1.0170734897113791,-0.0865463796488441,-0.1149304575594595,NSE,False,NSE validated,False,,
2026-10-01,ATLANTAELE,INE0Z4F01028,1716.5,1716.5,243524578.9333333,3433.0,0.3724850775266599,0.0539488386406638,0.2303088316703685,0.2342456355207367,0.1838702300831868,0.0965701109288725,0.0406000606279369,0.05373149692428,0.0679722087479812,0.0406000606279369,0.5416515749768255,0.0297689427783105,0.5416515749768255,0.5405273497690645,0.0412030942472837,0.2183449651046859,0.2303088316703685,0.0539488386406638,0.2183449651046859,0.5416515749768255,False,,,N100_drop0.50_s0.20_c0.05,1.0,0.0,0.0,False,False,1.0068271698186462,1.0170734897113791,-0.0865463796488441,-0.1149304575594595,NSE,False,NSE validated,False,,
2026-10-01,GHCLTEXTIL,INE0PA801013,129.22,129.22,115169553.64380953,258.44,0.3724103272187038,0.0539293652266123,0.1619290987214077,0.3330430765837557,0.1784485922926018,0.0446138031158068,0.0405843879813038,0.0537098256867783,0.0679512579392811,0.0405843879813038,0.5870135701919512,0.0732827963591865,0.5870135701919512,0.5663123885480775,0.0509091024837106,0.2183449651046859,0.1619290987214077,0.0539293652266123,0.2183449651046859,0.5870135701919512,False,,,N100_drop0.50_s0.20_c0.05,1.0,0.0,0.0,False,False,1.0068271698186462,1.0170734897113791,-0.0865463796488441,-0.1149304575594595,NSE,False,NSE validated,False,,
2026-10-01,SILVERTUC,INE625X01026,138.68,138.68,98324006.27015874,277.36,0.3723839362581836,0.0539224912467782,0.2421724890267382,0.2226615065298545,0.1829521081877607,0.0440802679009406,0.0405788557558249,0.053702176099421,0.0679438621788479,0.0405788557558249,0.5310968339111738,0.0274337900330841,0.5310968339111738,0.5268206787098125,0.0220026986867176,0.1960507757404795,0.2421724890267382,0.0539224912467782,0.1960507757404795,0.5310968339111738,False,,,N100_drop0.50_s0.20_c0.05,1.0,0.0,0.0,False,False,1.0068271698186462,1.0170734897113791,-0.0865463796488441,-0.1149304575594595,NSE,False,NSE validated,False,,
2026-10-01,APCOTEXIND,INE116A01032,593.25,593.25,185914852.39603177,1186.5,0.3717377927682126,0.0537543878540083,0.1733906951321339,0.310018872771946,0.1786681443460864,0.0990020697750923,0.0404435828657313,0.0535169901467653,0.0677629546235475,0.0404435828657313,0.5634227274438375,0.0619067315868638,0.5634227274438375,0.5512237612122943,0.0449565775018456,0.2183449651046859,0.1733906951321339,0.0537543878540083,0.2183449651046859,0.5634227274438375,False,,,N100_drop0.50_s0.20_c0.05,1.0,0.0,0.0,False,False,1.0068271698186462,1.0170734897113791,-0.0865463796488441,-0.1149304575594595,NSE,False,NSE validated,False,,
2026-10-01,OPTIEMUS,INE350C01017,803.7,803.7,471874887.0142857,1607.4,0.3716978271940019,0.0537440025862119,0.3381004998539531,0.1589586605445049,0.2043685027634257,0.0065010630105409,0.0404352269613929,0.0535072244810489,0.0677517755501772,0.0404352269613929,0.5092401066387231,0.0499928489912847,0.5092401066387231,0.4930466731290638,0.0235601271876456,0.1732057416267942,0.3381004998539531,0.0537440025862119,0.1732057416267942,0.5092401066387231,False,,,N100_drop0.50_s0.20_c0.05,1.0,0.0,0.0,False,False,1.0068271698186462,1.0170734897113791,-0.0865463796488441,-0.1149304575594595,NSE,False,NSE validated,False,,
2026-10-01,UDS,INE851I01011,208.55,208.55,73002587.93460317,417.1,0.3716334101561281,0.0537272664987205,0.1724412467089809,0.3115685343506761,0.1800205300913598,0.0192979631212419,0.0404217615137459,0.0534914867688301,0.0677337595466923,0.0404217615137459,0.5698828237571578,0.0500735958669972,0.5698828237571578,0.5579171970395426,0.0411681920946864,0.2183449651046859,0.1724412467089809,0.0537272664987205,0.2183449651046859,0.5698828237571578,False,,,N100_drop0.50_s0.20_c0.05,1.0,0.0,0.0,False,False,1.0068271698186462,1.0170734897113791,-0.0865463796488441,-0.1149304575594595,NSE,False,NSE validated,False,,
2026-10-01,MANINDS,INE993A01026,921.55,921.55,919458559.2301588,1843.1,0.3712372780498186,0.0536244300336025,0.2767463327299671,0.1937674458216799,0.1902638289180097,0.1189499321932574,0.0403390292836985,0.0533947814664222,0.067623040055749,0.0403390292836985,0.4890185205439783,0.026704089919778,0.4890185205439783,0.479331692343233,0.0332781278785731,0.1732057416267942,0.2767463327299671,0.0536244300336025,0.1732057416267942,0.4890185205439783,False,,,N100_drop0.50_s0.20_c0.05,1.0,0.0,0.0,False,False,1.0068271698186462,1.0170734897113791,-0.0865463796488441,-0.1149304575594595,NSE,False,NSE validated,False,,
2026-10-01,KMSUGAR,INE157H01023,27.74,27.74,10689021.023492064,55.48,0.3711065402409746,0.0535905212391918,0.235045948408383,0.2280001914607796,0.1772925093654697,0.1068514620322638,0.0403117523843307,0.0533589267290088,0.0675865249815584,0.0403117523843307,0.5069404012433427,0.0087621874010043,0.5069404012433427,0.486553691109945,0.0321870848921876,0.1732057416267942,0.235045948408383,0.0535905212391918,0.1732057416267942,0.5069404012433427,False,,,N100_drop0.50_s0.20_c0.05,1.0,0.0,0.0,False,False,1.0068271698186462,1.0170734897113791,-0.0865463796488441,-0.1149304575594595,NSE,False,NSE validated,False,,
2026-10-01,GREENPLY,INE461C01038,303.7,303.7,66065655.53412698,607.4,0.3709062217710186,0.0535385954137302,0.1730797380610812,0.3093290757976308,0.1934032067708268,0.0799444380636908,0.0402699849469973,0.0532934822956601,0.067530592393508,0.0402699849469973,0.530784307926778,0.047284294765975,0.530784307926778,0.4962801527823273,0.0572352663712891,0.1829411764705882,0.1730797380610812,0.0535385954137302,0.1829411764705882,0.530784307926778,False,,,N100_drop0.50_s0.20_c0.05,1.0,0.0,0.0,False,False,1.0068271698186462,1.0170734897113791,-0.0865463796488441,-0.1149304575594595,NSE,False,NSE validated,False,,
2026-10-01,KRONOX,INE0ATZ01017,205.77,205.77,140112950.70476192,411.54,0.3708748078800311,0.0535304556829579,0.2102647203272733,0.254586007579582,0.1860872775480146,0.0387656222621134,0.0402634379114904,0.0532820770434173,0.0675217806524889,0.0402634379114904,0.5690404471758564,0.0549555782816241,0.5690404471758564,0.5699111085575542,0.0531966149377537,0.2183449651046859,0.2102647203272733,0.0535304556829579,0.2183449651046859,0.5690404471758564,False,,,N100_drop0.50_s0.20_c0.05,1.0,0.0,0.0,False,False,1.0068271698186462,1.0170734897113791,-0.0865463796488441,-0.1149304575594595,NSE,False,NSE validated,False,,
2026-10-01,UNIPARTS,INE244O01017,819.3,819.3,145052196.54206347,1638.6,0.3704414959667741,0.0534182693684155,0.1866179869078885,0.2862439481505174,0.1782977139511532,0.1149471882726092,0.0401732112448439,0.0531342439556504,0.0674003126733078,0.0401732112448439,0.5736814484384554,0.0774566768034206,0.5736814484384554,0.5474621631796406,0.0578902163845969,0.2183449651046859,0.1866179869078885,0.0534182693684155,0.2183449651046859,0.5736814484384554,False,,,N100_drop0.50_s0.20_c0.05,1.0,0.0,0.0,False,False,1.0068271698186462,1.0170734897113791,-0.0865463796488441,-0.1149304575594595,NSE,False,NSE validated,False,,
2026-10-01,WSTCSTPAPR,INE976A01021,727.65,727.65,185102762.30714285,1455.3,0.3703417967667347,0.0533924806036825,0.1835341818915858,0.2909130062498202,0.1876304093041213,0.072076790762163,0.0401524726128635,0.053105847425413,0.0673723851077892,0.0401524726128635,0.559898338592279,0.0525794894344787,0.559898338592279,0.5113826490611941,0.051970803796311,0.1829411764705882,0.1835341818915858,0.0533924806036825,0.1829411764705882,0.559898338592279,False,,,N100_drop0.50_s0.20_c0.05,1.0,0.0,0.0,False,False,1.0068271698186462,1.0170734897113791,-0.0865463796488441,-0.1149304575594595,NSE,False,NSE validated,False,,
2026-10-01,IKIO,INE0LOJ01019,190.96,190.96,240226081.6788889,381.92,0.3702556298144319,0.0533701993301124,0.2255135074652158,0.2366607656011225,0.1812915694761843,0.0949470021899518,0.0401345552650807,0.0530813143917918,0.0673482543664506,0.0401345552650807,0.5566570882482111,0.0595770726733984,0.5566570882482111,0.5526561691247772,0.0460046850395435,0.2183449651046859,0.2255135074652158,0.0533701993301124,0.2183449651046859,0.5566570882482111,False,,,N100_drop0.50_s0.20_c0.05,1.0,0.0,0.0,False,False,1.0068271698186462,1.0170734897113791,-0.0865463796488441,-0.1149304575594595,NSE,False,NSE validated,False,,
2026-10-01,JGCHEM,INE0MB501011,610.3,610.3,410361750.5134921,1220.6,0.3701298842249734,0.053337695622478,0.2212505464822106,0.2410737350507134,0.1817555274571504,0.1035817102635916,0.0401084186981101,0.0530455280458148,0.0673130500744788,0.0401084186981101,0.538436289340407,0.0445826042037773,0.538436289340407,0.519620672789354,0.017969850601447,0.1919720767888307,0.2212505464822106,0.053337695622478,0.1919720767888307,0.538436289340407,False,,,N100_drop0.50_s0.20_c0.05,1.0,0.0,0.0,False,False,1.0068271698186462,1.0170734897113791,-0.0865463796488441,-0.1149304575594595,NSE,False,NSE validated,False,,
2026-10-01,NELCAST,INE189I01024,121.03,121.03,38046444.6763492,242.06,0.3698934928232502,0.0532766295625921,0.2319463208612882,0.2296937902043866,0.1846871218242853,0.0868102708719551,0.0400593183405352,0.0529783018458889,0.0672469019700195,0.0400593183405352,0.4871075261349706,0.0091126036481971,0.4871075261349706,0.4990735091733356,0.0184378198230865,0.1829411764705882,0.2319463208612882,0.0532766295625921,0.1829411764705882,0.4871075261349706,False,,,N100_drop0.50_s0.20_c0.05,1.0,0.0,0.0,False,False,1.0068271698186462,1.0170734897113791,-0.0865463796488441,-0.1149304575594595,NSE,False,NSE validated,False,,
2026-10-01,AARTIPHARM,INE0LRU01027,968.5,968.5,674135280.6857142,1937.0,0.3698030110728788,0.0532532689739958,0.2030245991269247,0.2622995893256438,0.1907511085704516,0.0100571140681189,0.0400405363916022,0.0529525871675165,0.0672215943817795,0.0400405363916022,0.5255105765149141,0.0149578108187627,0.5255105765149141,0.476797194484518,0.0193296922624297,0.1732057416267942,0.2030245991269247,0.0532532689739958,0.1732057416267942,0.5255105765149141,False,,,N100_drop0.50_s0.20_c0.05,1.0,0.0,0.0,False,False,1.0068271698186462,1.0170734897113791,-0.0865463796488441,-0.1149304575594595,NSE,False,NSE validated,False,,
2026-10-01,PANAMAPET,INE305C01029,487.1,487.1,282077756.9015873,974.2,0.3689822537851256,0.0530416991851005,0.1948142817556038,0.2722680221753032,0.1804594184569565,0.1407529027873678,0.0398704643834613,0.0527536070445734,0.0669922569133579,0.0398704643834613,0.5444779930702422,0.0653136264020795,0.5444779930702422,0.5452790605158307,0.0550821800454769,0.2183449651046859,0.1948142817556038,0.0530416991851005,0.2183449651046859,0.5444779930702422,False,,,N100_drop0.50_s0.20_c0.05,1.0,0.0,0.0,False,False,1.0068271698186462,1.0170734897113791,-0.0865463796488441,-0.1149304575594595,NSE,False,NSE validated,False,,
2026-10-01,LLOYDSENT,INE080I01025,77.95,77.95,340632233.406508,155.9,0.3686877406568085,0.0529659275856956,0.1717014009808613,0.3084769680568855,0.1875910320680494,0.0719178886791519,0.0398095681427492,0.0526873378739371,0.0669099547093793,0.0398095681427492,0.5620537876256763,0.0686142295176038,0.5620537876256763,0.5205941672612272,0.0457892158209055,0.1919720767888307,0.1717014009808613,0.0529659275856956,0.1919720767888307,0.5620537876256763,False,,,N100_drop0.50_s0.20_c0.05,1.0,0.0,0.0,False,False,1.0068271698186462,1.0170734897113791,-0.0865463796488441,-0.1149304575594595,NSE,False,NSE validated,False,,
2026-10-01,DCI,INE0A1101019,342.95,342.95,75577801.37380953,685.9,0.3686828781225574,0.0529646772120061,0.2425873530624747,0.2183323926139131,0.1797698705619926,0.0475190912336799,0.0398085632995107,0.0526862442231528,0.0669085964289253,0.0398085632995107,0.5277513895005407,0.0379922880481772,0.5277513895005407,0.508873392359861,0.0197548193621206,0.1829411764705882,0.2425873530624747,0.0529646772120061,0.1829411764705882,0.5277513895005407,False,,,N100_drop0.50_s0.20_c0.05,1.0,0.0,0.0,False,False,1.0068271698186462,1.0170734897113791,-0.0865463796488441,-0.1149304575594595,NSE,False,NSE validated,False,,
2026-10-01 00:00:00,ORIRAIL,INE457G01029,124.1,124.1,8014589.317460317,248.2,0.3686503582986224,0.052956315459816494,0.2532861179034319,0.20907705443220012,0.19179541305200232,0.106248442603153,,,,,0.477272593880453,0.028246393503789227,0.477272593880453,0.516533280708902,0.03149821698483573,0.19197207678883071,0.2532861179034319,0.052956315459816494,0.19197207678883071,0.477272593880453,False,,,N100_drop0.50_s0.20_c0.05,1.0,0.0,0.0,False,False,1.0068271698186462,1.0170734897113791,-0.08654637964884415,-0.11493045755945958,BSE,True,NSE-trained; BSE current transfer,False,,
2026-10-01,ASKAUTOLTD,INE491J01022,618.15,618.15,495206616.886508,1236.3,0.3686381420415204,0.0529531745627224,0.1890220561881996,0.2801428342838449,0.1818949595171369,0.114200875185545,0.0397993194655591,0.0526748819835653,0.0668961008928099,0.0397993194655591,0.5428844479855998,0.0433577176597867,0.5428844479855998,0.5185957416454395,0.0190434534560113,0.1919720767888307,0.1890220561881996,0.0529531745627224,0.1919720767888307,0.5428844479855998,False,,,N100_drop0.50_s0.20_c0.05,1.0,0.0,0.0,False,False,1.0068271698186462,1.0170734897113791,-0.0865463796488441,-0.1149304575594595,NSE,False,NSE validated,False,,
2026-10-01,EMKAY,INE296H01011,286.8,286.8,10637675.148412695,573.6,0.368625693265368,0.0529499740195008,0.2024040860668415,0.2616052622673572,0.1837806339790285,0.1168332327064637,0.0397967474530542,0.0526716271050867,0.0668926240165511,0.0397967474530542,0.5265198091344598,0.0622484081695366,0.5265198091344598,0.4854508942817495,0.0388776105056867,0.1732057416267942,0.2024040860668415,0.0529499740195008,0.1732057416267942,0.5265198091344598,False,,,N100_drop0.50_s0.20_c0.05,1.0,0.0,0.0,False,False,1.0068271698186462,1.0170734897113791,-0.0865463796488441,-0.1149304575594595,NSE,False,NSE validated,False,,
2026-10-01,ONEPOINT,INE840Y01029,74.37,74.37,129814194.58920635,148.74,0.36857997869753,0.0529382221212754,0.1686333481876326,0.3139249898683913,0.1924382084615769,0.1241585906340701,0.0397873035300046,0.0526596757387539,0.0668798572114633,0.0397873035300046,0.5439352336254042,0.0681508755661563,0.5439352336254042,0.4740652846153149,0.0533112702615897,0.1732057416267942,0.1686333481876326,0.0529382221212754,0.1732057416267942,0.5439352336254042,False,,,N100_drop0.50_s0.20_c0.05,1.0,0.0,0.0,False,False,1.0068271698186462,1.0170734897113791,-0.0865463796488441,-0.1149304575594595,NSE,False,NSE validated,False,,
2026-10-01,ARTEMISMED,INE025R01021,336.4,336.4,249360126.44682536,672.8,0.3685712060141725,0.052935967129411,0.1773667209152512,0.298454900988471,0.1882338229990731,0.0844142369362696,0.0397854914192013,0.0526573824799555,0.0668774074302116,0.0397854914192013,0.531897794100949,0.0564823220199536,0.531897794100949,0.4891657174088186,0.0417021948090207,0.1732057416267942,0.1773667209152512,0.052935967129411,0.1732057416267942,0.531897794100949,False,,,N100_drop0.50_s0.20_c0.05,1.0,0.0,0.0,False,False,1.0068271698186462,1.0170734897113791,-0.0865463796488441,-0.1149304575594595,NSE,False,NSE validated,False,,
2026-10-01,YATHARTH,INE0JO301016,1033.7,1033.7,522488967.4674603,2067.4,0.3683355341971089,0.052875413969624,0.1859610571825473,0.2843359506056113,0.1911989286063735,0.069459841920926,0.039736833253609,0.0525958026615064,0.0668116180840031,0.039736833253609,0.5271683973171748,0.0236472025343699,0.5271683973171748,0.4796977082873636,0.0251118563733083,0.1732057416267942,0.1859610571825473,0.052875413969624,0.1732057416267942,0.5271683973171748,False,,,N100_drop0.50_s0.20_c0.05,1.0,0.0,0.0,False,False,1.0068271698186462,1.0170734897113791,-0.0865463796488441,-0.1149304575594595,NSE,False,NSE validated,False,,
2026-10-01,SCHNEIDER,INE839M01018,1275.4,1275.4,459681365.0174603,2550.8,0.3681445797000865,0.0528263865509178,0.2052869552000736,0.2573294854484688,0.1908148876574154,0.1107473244916598,0.0396974400267977,0.0525459453011625,0.0667583433369666,0.0396974400267977,0.5060754397280686,0.0302993015327063,0.5060754397280686,0.4966860299828923,0.0359958679790641,0.1829411764705882,0.2052869552000736,0.0528263865509178,0.1829411764705882,0.5060754397280686,False,,,N100_drop0.50_s0.20_c0.05,1.0,0.0,0.0,False,False,1.0068271698186462,1.0170734897113791,-0.0865463796488441,-0.1149304575594595,NSE,False,NSE validated,False,,
2026-10-01,KRISHANA,INE506W01020,184.59,184.59,199549262.1534921,369.18,0.3679399734635611,0.0527738899327048,0.1674528324493042,0.3151567468927821,0.1787237785348701,0.0462352781819239,0.0396552625968322,0.0524925613071927,0.0667012910986799,0.0396552625968322,0.5857016466892165,0.0669414329618322,0.5857016466892165,0.562130775215088,0.049963509110964,0.2183449651046859,0.1674528324493042,0.0527738899327048,0.2183449651046859,0.5857016466892165,False,,,N100_drop0.50_s0.20_c0.05,1.0,0.0,0.0,False,False,1.0068271698186462,1.0170734897113791,-0.0865463796488441,-0.1149304575594595,NSE,False,NSE validated,False,,
2026-10-01,HIRECT,INE835D01023,1123.8,1123.8,201769574.76031744,2247.6,0.3679374823971946,0.052773251018661,0.2002799255615429,0.2634974567256097,0.1774399342645348,0.1184079417978411,0.0396547492941292,0.0524919116015161,0.0667005966907221,0.0396547492941292,0.5587308345520174,0.0675797948766963,0.5587308345520174,0.544628404222574,0.0427503960318207,0.2183449651046859,0.2002799255615429,0.052773251018661,0.2183449651046859,0.5587308345520174,False,,,N100_drop0.50_s0.20_c0.05,1.0,0.0,0.0,False,False,1.0068271698186462,1.0170734897113791,-0.0865463796488441,-0.1149304575594595,NSE,False,NSE validated,False,,
2026-10-01 00:00:00,PRAVEG,INE722B01019,238.0,238.0,5836727.53968254,476.0,0.3679184874176634,0.05276837932632518,0.24841527120187498,0.21242002985977013,0.177983326199839,0.07531965151854791,,,,,0.48130881262586794,0.022792851968761605,0.48130881262586794,0.5212209820343491,0.01789548002128162,0.19197207678883071,0.24841527120187498,0.05276837932632518,0.19197207678883071,0.48130881262586794,False,,,N100_drop0.50_s0.20_c0.05,1.0,0.0,0.0,False,False,1.0068271698186462,1.0170734897113791,-0.08654637964884415,-0.11493045755945958,BSE,True,NSE-trained; BSE current transfer,False,,
2026-10-01,DIACABS,INE989C01038,345.0,345.0,1137039358.3552382,690.0,0.3678224697401401,0.0527437583101664,0.2353190574613456,0.2241372155709503,0.1870621501115993,0.1963957591727984,0.0396310554377344,0.0524619209597126,0.0666685410514637,0.0396310554377344,0.5007781610666243,0.0778651747238376,0.5007781610666243,0.4996370459115158,0.0412957636299073,0.1829411764705882,0.2353190574613456,0.0527437583101664,0.1829411764705882,0.5007781610666243,False,,,N100_drop0.50_s0.20_c0.05,1.0,0.0,0.0,False,False,1.0068271698186462,1.0170734897113791,-0.0865463796488441,-0.1149304575594595,NSE,False,NSE validated,False,,
2026-10-01,CLSEL,INE419D01026,281.95,281.95,37975622.93412698,563.9,0.3676394600509882,0.0526968532571132,0.159742152520664,0.3298869611156418,0.1796828252314864,0.0646052209030104,0.0395933750552401,0.0524142248667844,0.0666175547063617,0.0395933750552401,0.5330347460958373,0.0281969300233687,0.5330347460958373,0.5338049588947432,0.0352724130883186,0.1960507757404795,0.159742152520664,0.0526968532571132,0.1960507757404795,0.5330347460958373,False,,,N100_drop0.50_s0.20_c0.05,1.0,0.0,0.0,False,False,1.0068271698186462,1.0170734897113791,-0.0865463796488441,-0.1149304575594595,NSE,False,NSE validated,False,,
2026-10-01,TDPOWERSYS,INE419M01035,792.15,792.15,1883595113.1166668,1584.3,0.3673383954852369,0.0526197554093485,0.2012409108199544,0.261476432376249,0.1879299334646168,0.0660272210322363,0.0395314456894255,0.0523358291118459,0.0665337344956299,0.0395314456894255,0.5129840853888114,0.0456619440233921,0.5129840853888114,0.4978126080959399,0.0311673350485996,0.1829411764705882,0.2012409108199544,0.0526197554093485,0.1829411764705882,0.5129840853888114,False,,,N100_drop0.50_s0.20_c0.05,1.0,0.0,0.0,False,False,1.0068271698186462,1.0170734897113791,-0.0865463796488441,-0.1149304575594595,NSE,False,NSE validated,False,,
2026-10-01,SOLARA,INE624Z01016,714.85,714.85,316602180.968254,1429.7,0.3670059031620637,0.052534702478136,0.2054542096718836,0.2557002972196847,0.1895348052393047,0.074248767438825,0.0394631348511928,0.0522493477120463,0.0664412454339819,0.0394631348511928,0.5455564868908438,0.0467055946548847,0.5455564868908438,0.496191585287611,0.0402770612431672,0.1829411764705882,0.2054542096718836,0.052534702478136,0.1829411764705882,0.5455564868908438,False,,,N100_drop0.50_s0.20_c0.05,1.0,0.0,0.0,False,False,1.0068271698186462,1.0170734897113791,-0.0865463796488441,-0.1149304575594595,NSE,False,NSE validated,False,,
2026-10-01,ARIHANTCAP,INE420B01036,88.59,88.59,51234701.32571428,177.18,0.366850659240163,0.0524950238479836,0.2066240190555454,0.2540606077063663,0.1849184671988667,0.121756642070845,0.039431269743989,0.052212798722362,0.0663980904841992,0.039431269743989,0.5124585215620294,0.0402070692216738,0.5124585215620294,0.468428078141744,0.0358183115045357,0.1732057416267942,0.2066240190555454,0.0524950238479836,0.1732057416267942,0.5124585215620294,False,,,N100_drop0.50_s0.20_c0.05,1.0,0.0,0.0,False,False,1.0068271698186462,1.0170734897113791,-0.0865463796488441,-0.1149304575594595,NSE,False,NSE validated,False,,
2026-10-01,MMFL,INE227C01017,571.95,571.95,94122701.36428572,1143.9,0.3667918551675015,0.0524799997279545,0.1879675206288435,0.2791971695555872,0.175334183025619,0.0985338553322311,0.0394191383821226,0.0521991625652472,0.0663817488693327,0.0394191383821226,0.5736565832216123,0.0630393199291083,0.5736565832216123,0.5524427210324567,0.0463274398782836,0.2183449651046859,0.1879675206288435,0.0524799997279545,0.2183449651046859,0.5736565832216123,False,,,N100_drop0.50_s0.20_c0.05,1.0,0.0,0.0,False,False,1.0068271698186462,1.0170734897113791,-0.0865463796488441,-0.1149304575594595,NSE,False,NSE validated,False,,
2026-10-01,PROZONER,INE195N01013,52.53,52.53,13785674.285714284,105.06,0.366661905665867,0.0524468091506992,0.2155376436696974,0.243330159213728,0.1811097651054363,0.1001356611705013,0.0393917438524851,0.0521690371004153,0.066345645400063,0.0393917438524851,0.4916328545307629,0.0213455585018307,0.4916328545307629,0.4639423709403603,0.0319540149792086,0.1732057416267942,0.2155376436696974,0.0524468091506992,0.1732057416267942,0.4916328545307629,False,,,N100_drop0.50_s0.20_c0.05,1.0,0.0,0.0,False,False,1.0068271698186462,1.0170734897113791,-0.0865463796488441,-0.1149304575594595,NSE,False,NSE validated,False,,
2026-10-01,WANBURY,INE107F01022,197.99,197.99,136882820.9396825,395.98,0.3665676115097587,0.052422734670324,0.2523315068259032,0.2077534245713249,0.1863673875602221,0.0896667249323537,0.0393718746662067,0.0521471849145601,0.0663194560593246,0.0393718746662067,0.5037311533199541,0.0348710210042271,0.5037311533199541,0.5087471848443786,0.0312433204550948,0.1829411764705882,0.2523315068259032,0.052422734670324,0.1829411764705882,0.5037311533199541,False,,,N100_drop0.50_s0.20_c0.05,1.0,0.0,0.0,False,False,1.0068271698186462,1.0170734897113791,-0.0865463796488441,-0.1149304575594595,NSE,False,NSE validated,False,,
2026-10-01,VSSL,INE050M01012,383.3,383.3,125886880.88809524,766.6,0.3662314544887199,0.0523369732785625,0.1951908973084143,0.2681322438713251,0.1808660861065757,0.1037713887820321,0.0393011020421613,0.0520693335390238,0.0662261470015875,0.0393011020421613,0.5431604372796915,0.0613577022279011,0.5431604372796915,0.510093973525621,0.046818248733207,0.1829411764705882,0.1951908973084143,0.0523369732785625,0.1829411764705882,0.5431604372796915,False,,,N100_drop0.50_s0.20_c0.05,1.0,0.0,0.0,False,False,1.0068271698186462,1.0170734897113791,-0.0865463796488441,-0.1149304575594595,NSE,False,NSE validated,False,,
2026-10-01,LXCHEM,INE576O01020,181.39,181.39,282304530.0928571,362.78,0.3661921096426099,0.0523269420037804,0.1796390178126536,0.291289401606239,0.1849245032619887,0.0562520758437436,0.0392929499106154,0.0520602268089388,0.0662152314857261,0.0392929499106154,0.5609689478917161,0.0457116992476446,0.5609689478917161,0.5220047632650537,0.0229416868919819,0.1919720767888307,0.1796390178126536,0.0523269420037804,0.1919720767888307,0.5609689478917161,False,,,N100_drop0.50_s0.20_c0.05,1.0,0.0,0.0,False,False,1.0068271698186462,1.0170734897113791,-0.0865463796488441,-0.1149304575594595,NSE,False,NSE validated,False,,
2026-10-01,RISHABH,INE0N2P01017,698.8,698.8,207656807.118254,1397.6,0.3657701710723054,0.0522194510313979,0.2068595277776694,0.2524391870773432,0.1793740138659962,0.1200093179076293,0.0392063656528611,0.051961333052778,0.0660982467725853,0.0392063656528611,0.548123710995427,0.0700081320071512,0.548123710995427,0.5427572693443731,0.0637394445909617,0.2183449651046859,0.2068595277776694,0.0522194510313979,0.2183449651046859,0.548123710995427,False,,,N100_drop0.50_s0.20_c0.05,1.0,0.0,0.0,False,False,1.0068271698186462,1.0170734897113791,-0.0865463796488441,-0.1149304575594595,NSE,False,NSE validated,False,,
2026-10-01,KRYSTAL,INE0QN801017,610.2,610.2,24055989.242063493,1220.4,0.3656900415549475,0.0521990553042768,0.1575442384681587,0.3313295098051254,0.1797704492384918,0.0828913369967728,0.039189938752999,0.0519409615706641,0.0660760458282731,0.039189938752999,0.5229161118259862,0.0204455408752071,0.5229161118259862,0.497989262194283,0.0072390770518195,0.1829411764705882,0.1575442384681587,0.0521990553042768,0.1829411764705882,0.5229161118259862,False,,,N100_drop0.50_s0.20_c0.05,1.0,0.0,0.0,False,False,1.0068271698186462,1.0170734897113791,-0.0865463796488441,-0.1149304575594595,NSE,False,NSE validated,False,,
2026-10-01,RGL,INE722H01024,162.5,162.5,235686456.20507932,325.0,0.3652564965322288,0.0520888008295873,0.2096228766773616,0.2484881500303002,0.1874162801524787,0.0586588949465106,0.0391011493852909,0.0518308411304914,0.0659560115309262,0.0391011493852909,0.5701487426471513,0.056850196594358,0.5701487426471513,0.5292322762067615,0.0327792804712639,0.1960507757404795,0.2096228766773616,0.0520888008295873,0.1960507757404795,0.5701487426471513,False,,,N100_drop0.50_s0.20_c0.05,1.0,0.0,0.0,False,False,1.0068271698186462,1.0170734897113791,-0.0865463796488441,-0.1149304575594595,NSE,False,NSE validated,False,,
2026-10-01,LUMAXTECH,INE872H01027,1978.9,1978.9,476523474.23333335,3957.8,0.3650211032934819,0.0520290071764751,0.1896798335333058,0.2742990976283169,0.1802183812495063,0.1173957955507905,0.0390530042398244,0.0517796746908072,0.0658908990273365,0.0390530042398244,0.543473508135803,0.0425040569335473,0.543473508135803,0.5167753359900864,0.0194749207347719,0.1919720767888307,0.1896798335333058,0.0520290071764751,0.1919720767888307,0.543473508135803,False,,,N100_drop0.50_s0.20_c0.05,1.0,0.0,0.0,False,False,1.0068271698186462,1.0170734897113791,-0.0865463796488441,-0.1149304575594595,NSE,False,NSE validated,False,,
2026-10-01,MANOMAY,INE784W01015,240.08,240.08,32587398.393174604,480.16,0.364955189549608,0.0520122727246105,0.1386912971244145,0.3750218925269144,0.1807427534034213,0.0563962152171104,0.0390395307970324,0.0517651558264816,0.0658726740945267,0.0390395307970324,0.5335489735208566,0.0234113908279682,0.5335489735208566,0.4823813551224149,0.017848033925614,0.1732057416267942,0.1386912971244145,0.0520122727246105,0.1732057416267942,0.5335489735208566,False,,,N100_drop0.50_s0.20_c0.05,1.0,0.0,0.0,False,False,1.0068271698186462,1.0170734897113791,-0.0865463796488441,-0.1149304575594595,NSE,False,NSE validated,False,,
2026-10-01,WINDLAS,INE0H5O01029,1082.4,1082.4,148529794.72777778,2164.8,0.3646141938468186,0.0519257600304401,0.1756532000328722,0.2956152237518165,0.1792195199879409,0.0945594976005156,0.038969883224357,0.0516900887228741,0.0657784427813566,0.038969883224357,0.544297390911487,0.0443503415693779,0.544297390911487,0.5139685509880572,0.0303334771564986,0.1829411764705882,0.1756532000328722,0.0519257600304401,0.1829411764705882,0.544297390911487,False,,,N100_drop0.50_s0.20_c0.05,1.0,0.0,0.0,False,False,1.0068271698186462,1.0170734897113791,-0.0865463796488441,-0.1149304575594595,NSE,False,NSE validated,False,,
2026-10-01,SHAREINDIA,INE932X01026,205.09,205.09,1106189282.6396823,410.18,0.3645878884669606,0.0519190904187156,0.198011983164745,0.2622017596557236,0.1923285265373292,0.0789014306707724,0.0389645142697944,0.0516843009119689,0.0657711771892182,0.0389645142697944,0.5164490544169072,0.0504070931237903,0.5164490544169072,0.4602569626571686,0.0405232319747958,0.1732057416267942,0.198011983164745,0.0519190904187156,0.1732057416267942,0.5164490544169072,False,,,N100_drop0.50_s0.20_c0.05,1.0,0.0,0.0,False,False,1.0068271698186462,1.0170734897113791,-0.0865463796488441,-0.1149304575594595,NSE,False,NSE validated,False,,
2026-10-01,NITINSPIN,INE229H01012,594.6,594.6,105138177.8809524,1189.2,0.3644569558074276,0.0518859020212094,0.1760131126619406,0.2947842989451815,0.1770393825909099,0.0859051843763526,0.0389377989955816,0.0516554991612507,0.0657350211943995,0.0389377989955816,0.5538377344987633,0.0647014038365038,0.5538377344987633,0.5444717912711038,0.0601371339056828,0.2183449651046859,0.1760131126619406,0.0518859020212094,0.2183449651046859,0.5538377344987633,False,,,N100_drop0.50_s0.20_c0.05,1.0,0.0,0.0,False,False,1.0068271698186462,1.0170734897113791,-0.0865463796488441,-0.1149304575594595,NSE,False,NSE validated,False,,
2026-10-01,STYL,INE04VU01023,366.0,366.0,76923215.36031745,732.0,0.3643403797481414,0.0518563652903281,0.2037576633989999,0.2545001960921715,0.1772383016670428,0.1313127320131565,0.0389140245242022,0.0516298646721127,0.0657028406366739,0.0389140245242022,0.5425095729510221,0.0570518232075699,0.5425095729510221,0.5344971776280283,0.0465200019414043,0.2156862745098039,0.2037576633989999,0.0518563652903281,0.2156862745098039,0.5425095729510221,False,,,N100_drop0.50_s0.20_c0.05,1.0,0.0,0.0,False,False,1.0068271698186462,1.0170734897113791,-0.0865463796488441,-0.1149304575594595,NSE,False,NSE validated,False,,
2026-10-01 00:00:00,RIR,INE302D01024,177.05,177.05,38807099.365079366,354.1,0.36419646174251896,0.051819917328445465,0.2902413303396843,0.17854079316614888,0.19339828012818072,0.07226314803626072,,,,,0.457863974025646,0.035152378779872324,0.457863974025646,0.4901926466536531,0.022601216482586825,0.17320574162679425,0.2902413303396843,0.051819917328445465,0.17320574162679425,0.457863974025646,False,,,N100_drop0.50_s0.20_c0.05,1.0,0.0,0.0,False,False,1.0068271698186462,1.0170734897113791,-0.08654637964884415,-0.11493045755945958,BSE,True,NSE-trained; BSE current transfer,False,,
2026-10-01,GNA,INE934S01014,580.7,580.7,404157113.0714285,1161.4,0.36411011189856,0.0517980574692225,0.2035633517948266,0.2544566937639655,0.1883066710259714,0.0945703847817445,0.0388670956267941,0.0515792553408619,0.0656393060859611,0.0388670956267941,0.5231253306851174,0.0246035256974927,0.5231253306851174,0.481364729196218,0.0325824591214714,0.1732057416267942,0.2035633517948266,0.0517980574692225,0.1732057416267942,0.5231253306851174,False,,,N100_drop0.50_s0.20_c0.05,1.0,0.0,0.0,False,False,1.0068271698186462,1.0170734897113791,-0.0865463796488441,-0.1149304575594595,NSE,False,NSE validated,False,,
2026-10-01,JTLIND,INE391J01032,86.23,86.23,258550406.32523808,172.46,0.3640531199540981,0.0517836332597584,0.1885235553457455,0.2746799102360925,0.1812585549228171,0.0869230398347464,0.0388554871124101,0.0515667345941159,0.065623587326763,0.0388554871124101,0.5533785027673223,0.0501376255827079,0.5533785027673223,0.5308904461298337,0.0427664329551136,0.1960507757404795,0.1885235553457455,0.0517836332597584,0.1960507757404795,0.5533785027673223,False,,,N100_drop0.50_s0.20_c0.05,1.0,0.0,0.0,False,False,1.0068271698186462,1.0170734897113791,-0.0865463796488441,-0.1149304575594595,NSE,False,NSE validated,False,,
2026-10-01,INDIANHUME,INE323C01030,346.1,346.1,58614880.09206349,692.2,0.3640407294180501,0.0517804976881297,0.181178897271588,0.2857976202963116,0.1779757513106647,0.0991172633528239,0.0388529636643726,0.0515639336383402,0.0656201702607014,0.0388529636643726,0.5060626336532132,0.0165320226852241,0.5060626336532132,0.5001212609560414,0.0056524532321211,0.1829411764705882,0.181178897271588,0.0517804976881297,0.1829411764705882,0.5060626336532132,False,,,N100_drop0.50_s0.20_c0.05,1.0,0.0,0.0,False,False,1.0068271698186462,1.0170734897113791,-0.0865463796488441,-0.1149304575594595,NSE,False,NSE validated,False,,
2026-10-01,WALCHANNAG,INE711A01022,196.08,196.08,180840448.9126984,392.16,0.364017242022226,0.0517745542923319,0.2355958879659458,0.2197600082893454,0.1817405122803655,0.0046166448411721,0.0388481805729503,0.0515585334054241,0.0656136932191368,0.0388481805729503,0.4887032995343487,0.0528786329881405,0.4887032995343487,0.4881854081398771,0.0124677402385467,0.1732057416267942,0.2355958879659458,0.0517745542923319,0.1732057416267942,0.4887032995343487,False,,,N100_drop0.50_s0.20_c0.05,1.0,0.0,0.0,False,False,1.0068271698186462,1.0170734897113791,-0.0865463796488441,-0.1149304575594595,NSE,False,NSE validated,False,,
2026-10-01,PRABHA,INE0I0M01023,218.31,218.31,118148774.4273016,436.62,0.3637085543005356,0.0516964867267415,0.2329973400572434,0.2218758665401097,0.1775784263094043,0.0996127518332242,0.0387853586481706,0.0514875957518214,0.0655286063582843,0.0387853586481706,0.5352091020076234,0.0509786428993556,0.5352091020076234,0.5018133338416951,0.0339277785856463,0.1829411764705882,0.2329973400572434,0.0516964867267415,0.1829411764705882,0.5352091020076234,False,,,N100_drop0.50_s0.20_c0.05,1.0,0.0,0.0,False,False,1.0068271698186462,1.0170734897113791,-0.0865463796488441,-0.1149304575594595,NSE,False,NSE validated,False,,
2026-10-01,STOVEKRAFT,INE00IN01015,809.15,809.15,170092589.61190477,1618.3,0.3630914659767158,0.0515406728420108,0.1545420621478294,0.3335057920523207,0.1795075067863653,0.0663331236095617,0.0386600002045162,0.0513459865774765,0.0653587284250889,0.0386600002045162,0.5440532898987384,0.0506533222936559,0.5440532898987384,0.5305153472471874,0.0402566269821275,0.1960507757404795,0.1545420621478294,0.0515406728420108,0.1960507757404795,0.5440532898987384,False,,,N100_drop0.50_s0.20_c0.05,1.0,0.0,0.0,False,False,1.0068271698186462,1.0170734897113791,-0.0865463796488441,-0.1149304575594595,NSE,False,NSE validated,False,,
2026-10-01,ADVANCE,INE1B0W01010,116.75,116.75,44771574.50285714,233.5,0.3630681485390052,0.0515347917143228,0.1880511253771625,0.2740467073034668,0.1786251431967169,0.1064299383573048,0.0386552693067951,0.0513406409265395,0.0653523150354091,0.0386552693067951,0.5025883063783595,0.0146126218562595,0.5025883063783595,0.5043514612310397,0.0329426412246999,0.1829411764705882,0.1880511253771625,0.0515347917143228,0.1829411764705882,0.5025883063783595,False,,,N100_drop0.50_s0.20_c0.05,1.0,0.0,0.0,False,False,1.0068271698186462,1.0170734897113791,-0.0865463796488441,-0.1149304575594595,NSE,False,NSE validated,False,,
2026-10-01,WINDMACHIN,INE052A01021,293.15,293.15,43057063.777777776,586.3,0.3630064156642977,0.0515192237192878,0.1496844587894565,0.3441855229055803,0.1800881212960466,0.0735663445898806,0.0386427463444832,0.0513264901606705,0.0653353375845741,0.0386427463444832,0.5161950177652606,0.0133041180314526,0.5161950177652606,0.5082831241497726,0.0291088914114844,0.1829411764705882,0.1496844587894565,0.0515192237192878,0.1829411764705882,0.5161950177652606,False,,,N100_drop0.50_s0.20_c0.05,1.0,0.0,0.0,False,False,1.0068271698186462,1.0170734897113791,-0.0865463796488441,-0.1149304575594595,NSE,False,NSE validated,False,,
2026-10-01,TPLPLASTEH,INE413G01022,68.89,68.89,13589968.367619049,137.78,0.3628847041671538,0.0514885398152835,0.2060772463495233,0.249850678458479,0.1813588310975936,0.0856799218425086,0.0386221797630213,0.051298598551818,0.0653018735751568,0.0386221797630213,0.4760723730839062,0.0259697592623371,0.4760723730839062,0.4638167840289953,0.0275404828186653,0.1732057416267942,0.2060772463495233,0.0514885398152835,0.1732057416267942,0.4760723730839062,False,,,N100_drop0.50_s0.20_c0.05,1.0,0.0,0.0,False,False,1.0068271698186462,1.0170734897113791,-0.0865463796488441,-0.1149304575594595,NSE,False,NSE validated,False,,
2026-10-01,CLEANMAX,INE647U01026,1299.8,1299.8,695775557.0158728,2599.6,0.3628090442456988,0.0514694721590697,0.2122915984652306,0.2424470517494335,0.188187475691815,0.0843299243922066,0.038613410839196,0.0512812654156372,0.0652810768797692,0.038613410839196,0.4920198716468896,0.0276701605076444,0.4920198716468896,0.4572868297828867,0.0330226854879707,0.1732057416267942,0.2122915984652306,0.0514694721590697,0.1732057416267942,0.4920198716468896,False,,,N100_drop0.50_s0.20_c0.05,1.0,0.0,0.0,False,False,1.0068271698186462,1.0170734897113791,-0.0865463796488441,-0.1149304575594595,NSE,False,NSE validated,False,,
2026-10-01,GAEL,INE036B01030,157.69,157.69,226351928.66603172,315.38,0.3624543484942685,0.0513801486696784,0.1777539341141599,0.2890521041108453,0.1795145456246059,0.1042631563945872,0.038552956229482,0.0511994340812628,0.0651672409970302,0.038552956229482,0.5475173289469829,0.0590550937346679,0.5475173289469829,0.5236496049175319,0.0346737834857574,0.1919720767888307,0.1777539341141599,0.0513801486696784,0.1919720767888307,0.5475173289469829,False,,,N100_drop0.50_s0.20_c0.05,1.0,0.0,0.0,False,False,1.0068271698186462,1.0170734897113791,-0.0865463796488441,-0.1149304575594595,NSE,False,NSE validated,False,,
2026-10-01,KAVDEFENCE,INE641C01019,77.6,77.6,20795609.52079365,155.2,0.3623343886980853,0.051349963713752,0.3083631589362361,0.1665243146778449,0.1845986722634614,0.1232116055853808,0.0385287644175222,0.0511691988168845,0.0651241372024245,0.0385287644175222,0.4286964462197871,0.0676996075808192,0.4286964462197871,0.446927355336822,0.0491015483268213,0.1648675171736997,0.3083631589362361,0.051349963713752,0.1648675171736997,0.4286964462197871,False,,,N100_drop0.50_s0.20_c0.05,1.0,0.0,0.0,False,False,1.0068271698186462,1.0170734897113791,-0.0865463796488441,-0.1149304575594595,NSE,False,NSE validated,False,,
2026-10-01,MUNJALAU,INE672B01032,104.07,104.07,296475814.5025397,208.14,0.3622688463404684,0.0513334768434879,0.1937388026343282,0.2649622901839502,0.1781070649151762,0.08555077380784,0.0385155514494997,0.0511526845223633,0.065100595251598,0.0385155514494997,0.5379220075440517,0.0380652705403224,0.5379220075440517,0.5301623433914254,0.024942035068274,0.1960507757404795,0.1937388026343282,0.0513334768434879,0.1960507757404795,0.5379220075440517,False,,,N100_drop0.50_s0.20_c0.05,1.0,0.0,0.0,False,False,1.0068271698186462,1.0170734897113791,-0.0865463796488441,-0.1149304575594595,NSE,False,NSE validated,False,,
2026-10-01,UNICHEMLAB,INE351A01035,535.05,535.05,287341650.0055555,1070.1,0.3621404695960456,0.0513011950559287,0.2309882742712206,0.2220943691526618,0.1795244839773944,0.0672281086471367,0.0384896810378601,0.0511203491477458,0.0650545017052386,0.0384896810378601,0.5308932811103176,0.0513339746622377,0.5308932811103176,0.5383833833376405,0.0473862981891971,0.2183449651046859,0.2309882742712206,0.0513011950559287,0.2183449651046859,0.5308932811103176,False,,,N100_drop0.50_s0.20_c0.05,1.0,0.0,0.0,False,False,1.0068271698186462,1.0170734897113791,-0.0865463796488441,-0.1149304575594595,NSE,False,NSE validated,False,,
2026-10-01,SUPREMEINF,INE550H01011,66.94,66.94,10354289.570000002,133.88,0.3620877312733622,0.051287937539999,0.2630122730956932,0.195002069433234,0.1765214723221816,0.0647647992465498,0.0384790569267665,0.0511070696670061,0.065035572845697,0.0384790569267665,0.4806062983072365,0.0160628023871735,0.4806062983072365,0.5398855798552032,0.0328571332642409,0.2183449651046859,0.2630122730956932,0.051287937539999,0.2183449651046859,0.4806062983072365,False,,,N100_drop0.50_s0.20_c0.05,1.0,0.0,0.0,False,False,1.0068271698186462,1.0170734897113791,-0.0865463796488441,-0.1149304575594595,NSE,False,NSE validated,False,,
2026-10-01,CNL,INE985W01018,1079.2,1079.2,269267297.4595238,2158.4,0.3620686021592054,0.0512831294012748,0.1788680757015311,0.2867092364030827,0.173611947614583,0.131169898086263,0.0384752039059363,0.0511022535683438,0.0650287079927245,0.0384752039059363,0.5955716432316341,0.0725150551617174,0.5955716432316341,0.575770506616267,0.0561841260776519,0.2397959183673469,0.1788680757015311,0.0512831294012748,0.2397959183673469,0.5955716432316341,False,,,N100_drop0.50_s0.20_c0.05,1.0,0.0,0.0,False,False,1.0068271698186462,1.0170734897113791,-0.0865463796488441,-0.1149304575594595,NSE,False,NSE validated,False,,
2026-10-01,SUDARSCHEM,INE659A01023,1241.5,1241.5,465294437.2063492,2483.0,0.3619912966278297,0.0512637017352687,0.1479820287762221,0.346418427691578,0.1788699510174837,0.0397071739403871,0.0384596357619208,0.051082793772641,0.0650009706987799,0.0384596357619208,0.5437864865746734,0.0309335129587077,0.5437864865746734,0.5227384688784222,0.0214836096733458,0.1919720767888307,0.1479820287762221,0.0512637017352687,0.1919720767888307,0.5437864865746734,False,,,N100_drop0.50_s0.20_c0.05,1.0,0.0,0.0,False,False,1.0068271698186462,1.0170734897113791,-0.0865463796488441,-0.1149304575594595,NSE,False,NSE validated,False,,
2026-10-01,AMBIKCO,INE540G01014,1505.8,1505.8,26077661.87460317,3011.6,0.3618783312713041,0.0512353216863568,0.1885730915990406,0.2717000673420442,0.1787473417821063,0.0657543788841507,0.0384368945681084,0.0510543668837843,0.0649604538833431,0.0384368945681084,0.4974786355017102,0.0025659480543364,0.4974786355017102,0.4890929719056839,0.0129344881183306,0.1732057416267942,0.1885730915990406,0.0512353216863568,0.1732057416267942,0.4974786355017102,False,,,N100_drop0.50_s0.20_c0.05,1.0,0.0,0.0,False,False,1.0068271698186462,1.0170734897113791,-0.0865463796488441,-0.1149304575594595,NSE,False,NSE validated,False,,
2026-10-01,ELLEN,INE236E01022,341.7,341.7,314132517.32539684,683.4,0.3617921473546418,0.05121367730075,0.2753759169504191,0.1859773282569621,0.1842825131540655,0.0568863100287123,0.038419551395809,0.0510326868512161,0.0649293160715323,0.038419551395809,0.5074394610323741,0.0391587701238559,0.5074394610323741,0.4885357635543433,0.0285844888618765,0.1732057416267942,0.2753759169504191,0.05121367730075,0.1732057416267942,0.5074394610323741,False,,,N100_drop0.50_s0.20_c0.05,1.0,0.0,0.0,False,False,1.0068271698186462,1.0170734897113791,-0.0865463796488441,-0.1149304575594595,NSE,False,NSE validated,False,,
2026-10-01,SOTL,INE035D01020,729.5,729.5,612106614.9849207,1459.0,0.3617517080478858,0.0512035235122187,0.2222847393140781,0.2303510518545789,0.1779543265737226,0.1530672999750661,0.0384114155880023,0.0510225163627208,0.0649146519130348,0.0384114155880023,0.5282117414027349,0.0679300828216213,0.5282117414027349,0.5279281450785827,0.0394445219944653,0.1960507757404795,0.2222847393140781,0.0512035235122187,0.1960507757404795,0.5282117414027349,False,,,N100_drop0.50_s0.20_c0.05,1.0,0.0,0.0,False,False,1.0068271698186462,1.0170734897113791,-0.0865463796488441,-0.1149304575594595,NSE,False,NSE validated,False,,
2026-10-01,ORCHPHARMA,INE191A01027,990.0,990.0,180487433.3079365,1980.0,0.3616640622874579,0.0511815216410961,0.2091257022472206,0.2447404651418278,0.1840489977188536,0.073546963693148,0.0383937868448671,0.0510004783548077,0.06488287782535,0.0383937868448671,0.52607185347873,0.0540618230910352,0.52607185347873,0.51563029412509,0.058927982184601,0.1829411764705882,0.2091257022472206,0.0511815216410961,0.1829411764705882,0.52607185347873,False,,,N100_drop0.50_s0.20_c0.05,1.0,0.0,0.0,False,False,1.0068271698186462,1.0170734897113791,-0.0865463796488441,-0.1149304575594595,NSE,False,NSE validated,False,,
2026-10-01,SPLPETRO,INE663A01033,780.45,780.45,208618300.91269845,1560.9,0.3616190194141643,0.0511702170296165,0.1822603964624746,0.2807533508254597,0.188162936588803,0.0774175070443115,0.038384729390571,0.0509891552026445,0.0648665528328045,0.038384729390571,0.5424819345188556,0.0578205925072516,0.5424819345188556,0.4790349528014301,0.0464880379068019,0.1732057416267942,0.1822603964624746,0.0511702170296165,0.1732057416267942,0.5424819345188556,False,,,N100_drop0.50_s0.20_c0.05,1.0,0.0,0.0,False,False,1.0068271698186462,1.0170734897113791,-0.0865463796488441,-0.1149304575594595,NSE,False,NSE validated,False,,
2026-10-01,SHANTIGEAR,INE631A01022,573.65,573.65,212067172.9079365,1147.3,0.3612252126710201,0.0510714561721872,0.2366992554166567,0.2157651745979817,0.1810576375811621,0.0713777328614716,0.0383056072093868,0.0508892146234854,0.0647239497704816,0.0383056072093868,0.5043299038243453,0.0085130293732943,0.5043299038243453,0.4995282335401853,0.030295885495787,0.1829411764705882,0.2366992554166567,0.0510714561721872,0.1829411764705882,0.5043299038243453,False,,,N100_drop0.50_s0.20_c0.05,1.0,0.0,0.0,False,False,1.0068271698186462,1.0170734897113791,-0.0865463796488441,-0.1149304575594595,NSE,False,NSE validated,False,,
2026-10-01,KWIL,INE2KCE01013,38.36,38.36,866167945.4896826,76.72,0.3611885020556732,0.0510622565137099,0.219461107563649,0.2326710963987122,0.1766695234176253,0.0764021882243201,0.0382982375285235,0.0508793458502913,0.0647106677755856,0.0382982375285235,0.5352000218868069,0.0315762516382146,0.5352000218868069,0.5452610014350326,0.0367942724974688,0.2183449651046859,0.219461107563649,0.0510622565137099,0.2183449651046859,0.5352000218868069,False,,,N100_drop0.50_s0.20_c0.05,1.0,0.0,0.0,False,False,1.0068271698186462,1.0170734897113791,-0.0865463796488441,-0.1149304575594595,NSE,False,NSE validated,False,,
2026-10-01,OMNI,INE0UH301010,608.65,608.65,747337163.5666666,1217.3,0.3611760387411075,0.0510591334786234,0.2580224790149099,0.1978863766969427,0.186121821652867,0.076074509320965,0.0382957357452743,0.050875995703216,0.0647061589599235,0.0382957357452743,0.5478261956613723,0.0456137379216318,0.5478261956613723,0.5285458167013831,0.0291326136587816,0.1960507757404795,0.2580224790149099,0.0510591334786234,0.1960507757404795,0.5478261956613723,False,,,N100_drop0.50_s0.20_c0.05,1.0,0.0,0.0,False,False,1.0068271698186462,1.0170734897113791,-0.0865463796488441,-0.1149304575594595,NSE,False,NSE validated,False,,
2026-10-01,MANALIPETC,INE201A01024,78.15,78.15,346749766.0866667,156.3,0.3610437960784345,0.0510260045949518,0.2271229203125414,0.2246625066494191,0.177761022388451,0.1017116782012668,0.0382691977947886,0.0508404587076459,0.0646583317775177,0.0382691977947886,0.5537585273837056,0.0605072258204891,0.5537585273837056,0.5354187389519262,0.0556707286531211,0.2156862745098039,0.2271229203125414,0.0510260045949518,0.2156862745098039,0.5537585273837056,False,,,N100_drop0.50_s0.20_c0.05,1.0,0.0,0.0,False,False,1.0068271698186462,1.0170734897113791,-0.0865463796488441,-0.1149304575594595,NSE,False,NSE validated,False,,
2026-10-01,HARSHA,INE0JUS01029,474.5,474.5,77777657.16904762,949.0,0.3608702365210333,0.0509825480358236,0.111210213312422,0.4584340459144586,0.1828962077697021,0.0421565401900183,0.0382343889150214,0.0507938462991134,0.0645956002197946,0.0382343889150214,0.54925086309449,0.045919636727142,0.54925086309449,0.509046148359548,0.0235205049352735,0.1829411764705882,0.111210213312422,0.0509825480358236,0.1829411764705882,0.54925086309449,False,,,N100_drop0.50_s0.20_c0.05,1.0,0.0,0.0,False,False,1.0068271698186462,1.0170734897113791,-0.0865463796488441,-0.1149304575594595,NSE,False,NSE validated,False,,
2026-10-01,HIKAL,INE475B01022,218.14,218.14,393904522.5149206,436.28,0.3608311184194663,0.0509727570658712,0.2468669525268041,0.2064786580145303,0.1865055200470519,0.0565157484600709,0.0382265466333536,0.0507833447671977,0.0645814673445471,0.0382265466333536,0.4403788811710052,0.0486302144969496,0.4403788811710052,0.4611837075544946,0.0326820038317748,0.1732057416267942,0.2468669525268041,0.0509727570658712,0.1732057416267942,0.4403788811710052,False,,,N100_drop0.50_s0.20_c0.05,1.0,0.0,0.0,False,False,1.0068271698186462,1.0170734897113791,-0.0865463796488441,-0.1149304575594595,NSE,False,NSE validated,False,,
2026-10-01,KCP,INE805C01028,154.17,154.17,28788210.201269843,308.34,0.3605320813526986,0.0508979538191914,0.1912326180704612,0.2661572818107719,0.178928683983252,0.0711284220179374,0.0381666353578435,0.050703118470132,0.0645080950826338,0.0381666353578435,0.4906292341504366,0.002693919855135,0.4906292341504366,0.494927713701953,0.0196692017003298,0.1732057416267942,0.1912326180704612,0.0508979538191914,0.1732057416267942,0.4906292341504366,False,,,N100_drop0.50_s0.20_c0.05,1.0,0.0,0.0,False,False,1.0068271698186462,1.0170734897113791,-0.0865463796488441,-0.1149304575594595,NSE,False,NSE validated,False,,
2026-10-01,BHAGCHEM,INE414D01027,236.15,236.15,34247414.50333334,472.3,0.3605233691120381,0.0508957756307544,0.1981138080033778,0.2569017078803849,0.1801126238425903,0.1104922170715626,0.0381648909118537,0.0507007825184877,0.0645062228052406,0.0381648909118537,0.4957529057052047,0.0128939938223427,0.4957529057052047,0.5015243032449592,0.0430690572252971,0.1829411764705882,0.1981138080033778,0.0508957756307544,0.1829411764705882,0.4957529057052047,False,,,N100_drop0.50_s0.20_c0.05,1.0,0.0,0.0,False,False,1.0068271698186462,1.0170734897113791,-0.0865463796488441,-0.1149304575594595,NSE,False,NSE validated,False,,
2026-10-01,JAYBARMARU,INE571B01036,130.8,130.8,87577118.86936507,261.6,0.360222978927589,0.0508207135606825,0.2465935278729121,0.2060910276074815,0.181392048039073,0.0862812635937798,0.03810477956317,0.0506202889992221,0.0644416878932929,0.03810477956317,0.4905214975099665,0.0360006122874212,0.4905214975099665,0.5047978340810773,0.0438835858867795,0.1829411764705882,0.2465935278729121,0.0508207135606825,0.1829411764705882,0.4905214975099665,False,,,N100_drop0.50_s0.20_c0.05,1.0,0.0,0.0,False,False,1.0068271698186462,1.0170734897113791,-0.0865463796488441,-0.1149304575594595,NSE,False,NSE validated,False,,
2026-10-01,SKMEGGPROD,INE411D01023,205.29,205.29,156681955.79666668,410.58,0.3600766756508691,0.0507841830852924,0.2230164338978425,0.2277149813477655,0.1780124564444137,0.0498381913172535,0.0380755277045874,0.0505827012695902,0.0643981155590026,0.0380755277045874,0.5213783404005425,0.0485708519090767,0.5213783404005425,0.5479368989465594,0.0547603811444058,0.2183449651046859,0.2230164338978425,0.0507841830852924,0.2183449651046859,0.5213783404005425,False,,,N100_drop0.50_s0.20_c0.05,1.0,0.0,0.0,False,False,1.0068271698186462,1.0170734897113791,-0.0865463796488441,-0.1149304575594595,NSE,False,NSE validated,False,,
2026-10-01,KCPSUGIND,INE790B01024,26.71,26.71,12535363.106984127,53.42,0.3599160455772979,0.0507440965066753,0.2026552509104073,0.2503961593825614,0.1778969745731583,0.1412157228022522,0.0380434302077333,0.0505449911556008,0.064342933322409,0.0380434302077333,0.5718258630075789,0.0567081709863691,0.5718258630075789,0.5484596461688299,0.0469260621841042,0.2183449651046859,0.2026552509104073,0.0507440965066753,0.2183449651046859,0.5718258630075789,False,,,N100_drop0.50_s0.20_c0.05,1.0,0.0,0.0,False,False,1.0068271698186462,1.0170734897113791,-0.0865463796488441,-0.1149304575594595,NSE,False,NSE validated,False,,
2026-10-01,PGIL,INE940H01022,1263.0,1263.0,313063903.4253968,2526.0,0.3597210930363052,0.0506954741950987,0.1960789631400314,0.2585462172140017,0.1824813405841554,0.1153953090930746,0.0380045008093086,0.0504972891545854,0.064276005254936,0.0380045008093086,0.5443034478671055,0.0577641022474396,0.5443034478671055,0.5093353230550599,0.0504773934086222,0.1829411764705882,0.1960789631400314,0.0506954741950987,0.1829411764705882,0.5443034478671055,False,,,N100_drop0.50_s0.20_c0.05,1.0,0.0,0.0,False,False,1.0068271698186462,1.0170734897113791,-0.0865463796488441,-0.1149304575594595,NSE,False,NSE validated,False,,
2026-10-01,MICEL,INE287C01037,36.0,36.0,6530259.342539683,72.0,0.3591142787271506,0.0505443394930723,0.2132750336600032,0.23699135630497,0.1735466909192033,0.0107159267090625,0.0378835138772542,0.0503480402795989,0.0640679999045601,0.0378835138772542,0.5481405034547495,0.0370909523348701,0.5481405034547495,0.5222572591562692,0.0254949701249009,0.1919720767888307,0.2132750336600032,0.0505443394930723,0.1919720767888307,0.5481405034547495,False,,,N100_drop0.50_s0.20_c0.05,1.0,0.0,0.0,False,False,1.0068271698186462,1.0170734897113791,-0.0865463796488441,-0.1149304575594595,NSE,False,NSE validated,False,,
2026-10-01,SANGAMIND,INE495C01010,634.55,634.55,72938348.82301588,1269.1,0.3590439121385006,0.0505268341964589,0.1449718911639979,0.3485284891489826,0.1793495317930167,0.0881755779655961,0.0378695023193439,0.0503307532831127,0.0640439104480002,0.0378695023193439,0.5521659326535834,0.0695601518783253,0.5521659326535834,0.4914358385272837,0.0274920136766074,0.1732057416267942,0.1449718911639979,0.0505268341964589,0.1732057416267942,0.5521659326535834,False,,,N100_drop0.50_s0.20_c0.05,1.0,0.0,0.0,False,False,1.0068271698186462,1.0170734897113791,-0.0865463796488441,-0.1149304575594595,NSE,False,NSE validated,False,,
2026-10-01,AURUM,INE898S01029,223.41,223.41,65054640.67698413,446.82,0.3586244231339328,0.0504225644952964,0.1410581971211878,0.3574593006599733,0.1807953463927614,0.0645960354889014,0.0377860509171979,0.0502140672456285,0.0639004350530923,0.0377860509171979,0.5152245360985259,0.0185878362055606,0.5152245360985259,0.4971099400781477,0.0290664622923687,0.1829411764705882,0.1410581971211878,0.0504225644952964,0.1829411764705882,0.5152245360985259,False,,,N100_drop0.50_s0.20_c0.05,1.0,0.0,0.0,False,False,1.0068271698186462,1.0170734897113791,-0.0865463796488441,-0.1149304575594595,NSE,False,NSE validated,False,,
2026-10-01,JAYKAY,INE903A01025,201.46,201.46,114492637.87936509,402.92,0.3585821503121585,0.0504120653420254,0.2353088411973956,0.214237871749731,0.190071910290606,0.0796459074092495,0.0377776487619777,0.0502017595826504,0.0638859893896358,0.0377776487619777,0.51972462278964,0.0333448824942055,0.51972462278964,0.5005134302127897,0.0302631129814536,0.1829411764705882,0.2353088411973956,0.0504120653420254,0.1829411764705882,0.51972462278964,False,,,N100_drop0.50_s0.20_c0.05,1.0,0.0,0.0,False,False,1.0068271698186462,1.0170734897113791,-0.0865463796488441,-0.1149304575594595,NSE,False,NSE validated,False,,
2026-10-01,RADIANTCMS,INE855R01021,35.89,35.89,10421393.576190475,71.78,0.3583439604169449,0.0503529354365122,0.2584443201054293,0.1948308843311833,0.1784660529851113,0.0490709280900973,0.0377303314704095,0.0501324530262073,0.0638046373456426,0.0377303314704095,0.4452881773470423,0.0385677306491509,0.4452881773470423,0.4404472000274587,0.0418911117380944,0.1578542883492161,0.2584443201054293,0.0503529354365122,0.1578542883492161,0.4452881773470423,False,,,N100_drop0.50_s0.20_c0.05,1.0,0.0,0.0,False,False,1.0068271698186462,1.0170734897113791,-0.0865463796488441,-0.1149304575594595,NSE,False,NSE validated,False,,
2026-10-01,VARROC,INE665L01035,830.6,830.6,452949017.07698417,1661.2,0.3582643478705828,0.0503331826521602,0.1656118326257323,0.3039226234873485,0.1799117850924458,0.0895082611978916,0.0377145257564794,0.0501093039304362,0.063777462647161,0.0377145257564794,0.5336330431357793,0.0377721871952159,0.5336330431357793,0.5048507713097242,0.0205029492058255,0.1829411764705882,0.1656118326257323,0.0503331826521602,0.1829411764705882,0.5336330431357793,False,,,N100_drop0.50_s0.20_c0.05,1.0,0.0,0.0,False,False,1.0068271698186462,1.0170734897113791,-0.0865463796488441,-0.1149304575594595,NSE,False,NSE validated,False,,
2026-10-01,ENTERO,INE010601016,1680.8,1680.8,411270057.3809524,3361.6,0.3582065225297651,0.0503188389087732,0.1891391649522005,0.2660413506715537,0.1754008431128029,0.0799456441864471,0.0377030485374362,0.0500924949393525,0.0637577298724948,0.0377030485374362,0.5549217702706398,0.037854359910606,0.5549217702706398,0.5090222139338895,0.0079637225854759,0.1829411764705882,0.1891391649522005,0.0503188389087732,0.1829411764705882,0.5549217702706398,False,,,N100_drop0.50_s0.20_c0.05,1.0,0.0,0.0,False,False,1.0068271698186462,1.0170734897113791,-0.0865463796488441,-0.1149304575594595,NSE,False,NSE validated,False,,
2026-10-01,EXCELINDUS,INE369A01029,921.8,921.8,30607576.91269841,1843.6,0.3580985725891914,0.0502920692345741,0.1823642330076645,0.2757781413883964,0.1743262994442054,0.115259954495034,0.0376816293387514,0.0500611266977806,0.0637209037706644,0.0376816293387514,0.4944414397346084,0.0152551215218765,0.4944414397346084,0.4772349941987522,0.0237168816781689,0.1732057416267942,0.1823642330076645,0.0502920692345741,0.1732057416267942,0.4944414397346084,False,,,N100_drop0.50_s0.20_c0.05,1.0,0.0,0.0,False,False,1.0068271698186462,1.0170734897113791,-0.0865463796488441,-0.1149304575594595,NSE,False,NSE validated,False,,
2026-10-01,AEROENTER,INE065D01027,121.93,121.93,103972330.2673016,243.86,0.3580803781371169,0.0502875583097872,0.2613383872836888,0.192423159997536,0.1737922753161009,0.0736452812382266,0.0376780201047249,0.0500558411709755,0.0637146983908997,0.0376780201047249,0.5260227426385014,0.0433132348272145,0.5260227426385014,0.5206721045211616,0.0463369075255038,0.1919720767888307,0.2613383872836888,0.0502875583097872,0.1919720767888307,0.5260227426385014,False,,,N100_drop0.50_s0.20_c0.05,1.0,0.0,0.0,False,False,1.0068271698186462,1.0170734897113791,-0.0865463796488441,-0.1149304575594595,NSE,False,NSE validated,False,,
2026-10-01,DIVGIITTS,INE753U01022,1136.4,1136.4,196290812.33571428,2272.8,0.3579258815826245,0.0502492655531294,0.2149491002199684,0.2337728583264911,0.1733922262180186,0.1090663225412591,0.03764738273521,0.0500109763511468,0.0636620232295508,0.03764738273521,0.5525655219269233,0.0653217957711347,0.5525655219269233,0.5348787156293447,0.0527111200578437,0.2156862745098039,0.2149491002199684,0.0502492655531294,0.2156862745098039,0.5525655219269233,False,,,N100_drop0.50_s0.20_c0.05,1.0,0.0,0.0,False,False,1.0068271698186462,1.0170734897113791,-0.0865463796488441,-0.1149304575594595,NSE,False,NSE validated,False,,
2026-10-01,AGI,INE415A01038,790.8,790.8,126275784.26666668,1581.6,0.3579113574176541,0.0502456667095845,0.1931682420882448,0.2601134957092526,0.1835820123457569,0.0822471532339143,0.0376445034578462,0.0500067601670587,0.063657072844799,0.0376445034578462,0.5419039517957778,0.0577663974140294,0.5419039517957778,0.4934865181240693,0.0481549068937952,0.1732057416267942,0.1931682420882448,0.0502456667095845,0.1732057416267942,0.5419039517957778,False,,,N100_drop0.50_s0.20_c0.05,1.0,0.0,0.0,False,False,1.0068271698186462,1.0170734897113791,-0.0865463796488441,-0.1149304575594595,NSE,False,NSE validated,False,,
2026-10-01,DYCL,INE600Y01019,428.0,428.0,618039902.0912699,856.0,0.3577468048368764,0.0502049058839821,0.2064987935645559,0.2431244513217316,0.1710730195883607,0.0869535579731246,0.0376118936414977,0.0499599609089228,0.0636006907143038,0.0376118936414977,0.5533950968213662,0.0433466914590893,0.5533950968213662,0.5484561750416563,0.0365494353356825,0.2183449651046859,0.2064987935645559,0.0502049058839821,0.2183449651046859,0.5533950968213662,False,,,N100_drop0.50_s0.20_c0.05,1.0,0.0,0.0,False,False,1.0068271698186462,1.0170734897113791,-0.0865463796488441,-0.1149304575594595,NSE,False,NSE validated,False,,
2026-10-01,KRISHIVAL,INE0GGO01015,394.5,394.5,11631161.574603176,789.0,0.3576588701913227,0.0501831332970145,0.1842798177685674,0.2723202893549543,0.1774665003015197,0.1099707731041071,0.037594475811652,0.0499384610349357,0.0635704808456537,0.037594475811652,0.4939722188134299,0.0202613288895308,0.4939722188134299,0.4724784290686399,0.021807538910168,0.1732057416267942,0.1842798177685674,0.0501831332970145,0.1732057416267942,0.4939722188134299,False,,,N100_drop0.50_s0.20_c0.05,1.0,0.0,0.0,False,False,1.0068271698186462,1.0170734897113791,-0.0865463796488441,-0.1149304575594595,NSE,False,NSE validated,False,,
2026-10-01,AARVI,INE754X01016,137.12,137.12,5870851.20079365,274.24,0.3575696165394861,0.0501610408456014,0.1541594953530979,0.3253840493620518,0.1735699789369871,0.08314727623943,0.0375768027040847,0.0499166452687114,0.0635398281854218,0.0375768027040847,0.5321069084037193,0.0281006357375712,0.5321069084037193,0.4869598983483718,0.0445073871230458,0.1732057416267942,0.1541594953530979,0.0501610408456014,0.1732057416267942,0.5321069084037193,False,,,N100_drop0.50_s0.20_c0.05,1.0,0.0,0.0,False,False,1.0068271698186462,1.0170734897113791,-0.0865463796488441,-0.1149304575594595,NSE,False,NSE validated,False,,
2026-10-01,SANGHVIMOV,INE989A01032,429.5,429.5,189436432.4190476,859.0,0.3573542122857328,0.0501077509245719,0.2040840750345586,0.2455250411678959,0.1757433778265827,0.0961634166886312,0.0375341753571529,0.0498640226068165,0.0634655576348697,0.0375341753571529,0.5372952543007006,0.0477727725566647,0.5372952543007006,0.5252419471533393,0.037953575632315,0.1960507757404795,0.2040840750345586,0.0501077509245719,0.1960507757404795,0.5372952543007006,False,,,N100_drop0.50_s0.20_c0.05,1.0,0.0,0.0,False,False,1.0068271698186462,1.0170734897113791,-0.0865463796488441,-0.1149304575594595,NSE,False,NSE validated,False,,
2026-10-01,RMDRIP,INE219Y01026,23.49,23.49,16147810.715079363,46.98,0.3572829851979395,0.0500901383715804,0.239111103677191,0.2094847859478916,0.2027427856098187,0.1086026272541837,0.0375200876188483,0.0498466305416331,0.0634409252502593,0.0375200876188483,0.4972532465315259,0.1166479735242643,0.4972532465315259,0.4809218049986543,0.1049026503996654,0.1732057416267942,0.239111103677191,0.0500901383715804,0.1732057416267942,0.4972532465315259,False,,,N100_drop0.50_s0.20_c0.05,1.0,0.0,0.0,False,False,1.0068271698186462,1.0170734897113791,-0.0865463796488441,-0.1149304575594595,NSE,False,NSE validated,False,,
2026-10-01,ISGEC,INE858B01029,919.7,919.7,60870411.17777778,1839.4,0.3572669176895142,0.0500861659019074,0.1948159426654506,0.2570948004389884,0.1874832077887463,0.1058624297970209,0.0375169102168554,0.049842707799421,0.0634353695728721,0.0375169102168554,0.4844907099242881,0.0217288312452724,0.4844907099242881,0.4460497048613809,0.0510718617465179,0.1648675171736997,0.1948159426654506,0.0500861659019074,0.1648675171736997,0.4844907099242881,False,,,N100_drop0.50_s0.20_c0.05,1.0,0.0,0.0,False,False,1.0068271698186462,1.0170734897113791,-0.0865463796488441,-0.1149304575594595,NSE,False,NSE validated,False,,
2026-10-01,RACLGEAR,INE704B01017,1538.2,1538.2,110257516.93333332,3076.4,0.357193818059726,0.0500680957930394,0.2123143289383079,0.2358206157983227,0.1775126233194068,0.1385995097807058,0.037502456990819,0.0498248638784227,0.0634100981721322,0.037502456990819,0.5241317116062906,0.0614387124415051,0.5241317116062906,0.504288763923332,0.0616273813040733,0.1829411764705882,0.2123143289383079,0.0500680957930394,0.1829411764705882,0.5241317116062906,False,,,N100_drop0.50_s0.20_c0.05,1.0,0.0,0.0,False,False,1.0068271698186462,1.0170734897113791,-0.0865463796488441,-0.1149304575594595,NSE,False,NSE validated,False,,
2026-10-01,CARBORUNIV,INE120A01034,1239.7,1239.7,397504765.1857143,2479.4,0.3568921318516107,0.0499935674050605,0.1726128064578601,0.2896283794404642,0.1888225977447155,0.0756610139327148,0.0374428504344892,0.0497512681347143,0.0633058767193129,0.0374428504344892,0.5174609314065332,0.0293684055123384,0.5174609314065332,0.4543197319871138,0.0390356381742609,0.1732057416267942,0.1726128064578601,0.0499935674050605,0.1732057416267942,0.5174609314065332,False,,,N100_drop0.50_s0.20_c0.05,1.0,0.0,0.0,False,False,1.0068271698186462,1.0170734897113791,-0.0865463796488441,-0.1149304575594595,NSE,False,NSE validated,False,,
2026-10-01,QUESS,INE615P01015,336.2,336.2,306831816.5492063,672.4,0.3563201102039628,0.0498524671825605,0.1772488751558061,0.2812568888729984,0.1724283947472453,0.0905773010904803,0.0373300200546629,0.0496119325475503,0.0631085955208195,0.0373300200546629,0.5753934193522213,0.0693112507214036,0.5753934193522213,0.5407859592876022,0.0331662292968378,0.2183449651046859,0.1772488751558061,0.0498524671825605,0.2183449651046859,0.5753934193522213,False,,,N100_drop0.50_s0.20_c0.05,1.0,0.0,0.0,False,False,1.0068271698186462,1.0170734897113791,-0.0865463796488441,-0.1149304575594595,NSE,False,NSE validated,False,,
2026-10-01,RBA,INE07T201019,92.22,92.22,863700214.9271429,184.44,0.3561462809058563,0.0498096436545159,0.1930970844380593,0.257951298433476,0.1782589705458251,0.1224363103346887,0.0372957813256392,0.0495696442994714,0.0630487303487026,0.0372957813256392,0.5332130545307904,0.0364325258719896,0.5332130545307904,0.503358731429907,0.0058266303245325,0.1829411764705882,0.1930970844380593,0.0498096436545159,0.1829411764705882,0.5332130545307904,False,,,N100_drop0.50_s0.20_c0.05,1.0,0.0,0.0,False,False,1.0068271698186462,1.0170734897113791,-0.0865463796488441,-0.1149304575594595,NSE,False,NSE validated,False,,
2026-10-01,RAMCOSYS,INE246B01019,546.25,546.25,469133863.27698416,1092.5,0.3559270272198449,0.0497556660564055,0.2196336160973336,0.2265393929240577,0.1783366971121002,0.0598823175658688,0.0372526278812644,0.0495163412158204,0.0629732784089512,0.0372526278812644,0.5169822098764908,0.027171503834209,0.5169822098764908,0.5357264524428071,0.0297442792415062,0.2156862745098039,0.2196336160973336,0.0497556660564055,0.2156862745098039,0.5169822098764908,False,,,N100_drop0.50_s0.20_c0.05,1.0,0.0,0.0,False,False,1.0068271698186462,1.0170734897113791,-0.0865463796488441,-0.1149304575594595,NSE,False,NSE validated,False,,
2026-10-01,TTKHLTCARE,INE910C01018,1013.0,1013.0,42227826.4936508,2026.0,0.355729541862724,0.0497070822942883,0.196871994942281,0.2524842718684364,0.1733959241159929,0.0897025480593531,0.0372137898000903,0.0494683643863834,0.0629053719758644,0.0372137898000903,0.5269916802612556,0.0194868908745014,0.5269916802612556,0.4804761187310959,0.0147266960988155,0.1732057416267942,0.196871994942281,0.0497070822942883,0.1732057416267942,0.5269916802612556,False,,,N100_drop0.50_s0.20_c0.05,1.0,0.0,0.0,False,False,1.0068271698186462,1.0170734897113791,-0.0865463796488441,-0.1149304575594595,NSE,False,NSE validated,False,,
2026-10-01,PNGSREVA,INE1RDG01013,504.4,504.4,191370234.7587301,1008.8,0.3554267800084502,0.0496326631197551,0.2094599452618158,0.2369553904815379,0.1731854962055319,0.1472739327677759,0.0371543045741573,0.0493948745631021,0.0628013655740278,0.0371543045741573,0.5219602368208827,0.0342187402460004,0.5219602368208827,0.518048693902131,0.0324563841853234,0.1919720767888307,0.2094599452618158,0.0496326631197551,0.1919720767888307,0.5219602368208827,False,,,N100_drop0.50_s0.20_c0.05,1.0,0.0,0.0,False,False,1.0068271698186462,1.0170734897113791,-0.0865463796488441,-0.1149304575594595,NSE,False,NSE validated,False,,
2026-10-01,AETHER,INE0BWX01014,1670.0,1670.0,544803416.7587302,3340.0,0.3550144528698732,0.049531436869256,0.1496625372883661,0.3309541436800585,0.1861379868904471,0.0787021919431894,0.0370734030197253,0.0492949117886039,0.0626599150393953,0.0370734030197253,0.5312978745821961,0.0207725798985667,0.5312978745821961,0.4878015716792314,0.0177471874380751,0.1732057416267942,0.1496625372883661,0.049531436869256,0.1732057416267942,0.5312978745821961,False,,,N100_drop0.50_s0.20_c0.05,1.0,0.0,0.0,False,False,1.0068271698186462,1.0170734897113791,-0.0865463796488441,-0.1149304575594595,NSE,False,NSE validated,False,,
2026-10-01,KRN,INE0Q3J01015,1414.7,1414.7,266666873.35396823,2829.4,0.354690315079443,0.0494519614934493,0.2058926662298334,0.2401832100141303,0.1756630542579286,0.1124489658980405,0.0370098942160293,0.0492164278790412,0.062548875352351,0.0370098942160293,0.5493276523604019,0.0462729729209416,0.5493276523604019,0.5185794186530446,0.0435748565918622,0.1919720767888307,0.2058926662298334,0.0494519614934493,0.1919720767888307,0.5493276523604019,False,,,N100_drop0.50_s0.20_c0.05,1.0,0.0,0.0,False,False,1.0068271698186462,1.0170734897113791,-0.0865463796488441,-0.1149304575594595,NSE,False,NSE validated,False,,
2026-10-01,SAREGAMA,INE979A01025,494.75,494.75,325339632.75238097,989.5,0.3546294817303886,0.0494370555983782,0.1617042765504691,0.3057250967815227,0.1813767818255865,0.0332364922752163,0.0369979838038382,0.0492017078858038,0.0625280511078699,0.0369979838038382,0.5580992272075229,0.0578101246365775,0.5580992272075229,0.4990122143354554,0.013386052408545,0.1829411764705882,0.1617042765504691,0.0494370555983782,0.1829411764705882,0.5580992272075229,False,,,N100_drop0.50_s0.20_c0.05,1.0,0.0,0.0,False,False,1.0068271698186462,1.0170734897113791,-0.0865463796488441,-0.1149304575594595,NSE,False,NSE validated,False,,
2026-10-01,AVANTIFEED,INE871C01038,711.55,711.55,372204517.74206346,1423.1,0.3543735380736638,0.0493743761827283,0.1905771943002157,0.2590780935989067,0.1813038323457096,0.0788800333218462,0.0369479035128605,0.0491398100113694,0.0624404907014098,0.0369479035128605,0.5407112369394724,0.1131521035842768,0.5407112369394724,0.4928299978077504,0.0971867541538553,0.1732057416267942,0.1905771943002157,0.0493743761827283,0.1732057416267942,0.5407112369394724,False,,,N100_drop0.50_s0.20_c0.05,1.0,0.0,0.0,False,False,1.0068271698186462,1.0170734897113791,-0.0865463796488441,-0.1149304575594595,NSE,False,NSE validated,False,,
2026-10-01,GOLDIAM,INE025B01025,310.8,310.8,371372263.59841263,621.6,0.3543700173415455,0.0493735143550701,0.2048423798374899,0.241031735689852,0.1747159998196448,0.0926175306343165,0.0369472149551403,0.0491389589277227,0.0624392868302597,0.0369472149551403,0.5071848114152661,0.0116607603067702,0.5071848114152661,0.5087212749279423,0.0080323857587661,0.1829411764705882,0.2048423798374899,0.0493735143550701,0.1829411764705882,0.5071848114152661,False,,,N100_drop0.50_s0.20_c0.05,1.0,0.0,0.0,False,False,1.0068271698186462,1.0170734897113791,-0.0865463796488441,-0.1149304575594595,NSE,False,NSE validated,False,,
2026-10-01,ACE,INE731H01025,1212.3,1212.3,540539935.2253969,2424.6,0.3542575235413837,0.049345982866296,0.1509718090854421,0.3268556107608727,0.1862168349983904,0.0518323702927998,0.0369252191534754,0.049111770632819,0.0624007756636122,0.0369252191534754,0.5426791628561687,0.0323125475633954,0.5426791628561687,0.4761477452159674,0.0237424301974297,0.1732057416267942,0.1509718090854421,0.049345982866296,0.1732057416267942,0.5426791628561687,False,,,N100_drop0.50_s0.20_c0.05,1.0,0.0,0.0,False,False,1.0068271698186462,1.0170734897113791,-0.0865463796488441,-0.1149304575594595,NSE,False,NSE validated,False,,
2026-10-01,PDMJEPAPER,INE865T01018,95.56,95.56,32622771.21238095,191.12,0.3537907684750814,0.0492318635519383,0.2134765531116429,0.2306195356554746,0.1790296184231311,0.1336776117758469,0.036834055820207,0.0490014148567282,0.0622540116288818,0.036834055820207,0.4881645869468827,0.0288704783051161,0.4881645869468827,0.4677296863078166,0.0348699655233962,0.1732057416267942,0.2134765531116429,0.0492318635519383,0.1732057416267942,0.4881645869468827,False,,,N100_drop0.50_s0.20_c0.05,1.0,0.0,0.0,False,False,1.0068271698186462,1.0170734897113791,-0.0865463796488441,-0.1149304575594595,NSE,False,NSE validated,False,,
2026-10-01,ANTELOPUS,INE818A01017,1106.5,1106.5,1627781111.6293652,2213.0,0.3537790231427793,0.0492289942295712,0.2667385927200237,0.1845589486229439,0.1873052637773695,0.060190827058116,0.036831763898167,0.0489987754459282,0.0622510634244916,0.036831763898167,0.4882564881551116,0.0248786814507639,0.4882564881551116,0.4804458020902036,0.0197620537787287,0.1732057416267942,0.2667385927200237,0.0492289942295712,0.1732057416267942,0.4882564881551116,False,,,N100_drop0.50_s0.20_c0.05,1.0,0.0,0.0,False,False,1.0068271698186462,1.0170734897113791,-0.0865463796488441,-0.1149304575594595,NSE,False,NSE validated,False,,
2026-10-01,AJAXENGG,INE274Y01021,586.4,586.4,60893970.80317461,1172.8,0.3537632320259604,0.0492251367254847,0.1740286813413822,0.2828564599011274,0.1846828242410146,0.1010565362563571,0.0368286826650338,0.0489952270165661,0.0622470998213894,0.0368286826650338,0.5033917697425028,0.0351533725895395,0.5033917697425028,0.4630237277749082,0.052328398278913,0.1732057416267942,0.1740286813413822,0.0492251367254847,0.1732057416267942,0.5033917697425028,False,,,N100_drop0.50_s0.20_c0.05,1.0,0.0,0.0,False,False,1.0068271698186462,1.0170734897113791,-0.0865463796488441,-0.1149304575594595,NSE,False,NSE validated,False,,
2026-10-01,RATNAVEER,INE05CZ01011,345.45,345.45,1946156578.8031747,690.9,0.353728751022564,0.0492167143220125,0.2716715916708375,0.1811625353218544,0.1839333363668159,0.127409184942791,0.0368219552232536,0.0489874793719897,0.0622384455624527,0.0368219552232536,0.4802021562489413,0.0399177288611623,0.4802021562489413,0.4299828829202474,0.0533068287332733,0.1578542883492161,0.2716715916708375,0.0492167143220125,0.1578542883492161,0.4802021562489413,False,,,N100_drop0.50_s0.20_c0.05,1.0,0.0,0.0,False,False,1.0068271698186462,1.0170734897113791,-0.0865463796488441,-0.1149304575594595,NSE,False,NSE validated,False,,
2026-10-01,PYRAMID,INE0MIS01010,154.34,154.34,25599315.026666667,308.68,0.3536111523174189,0.0491879968935375,0.1936815793477571,0.2539632166320783,0.1749297355243835,0.0979289956280816,0.0367990176974115,0.0489610619200493,0.0622089355168649,0.0367990176974115,0.4752499042766496,0.0156448739764155,0.4752499042766496,0.454083579002209,0.0349222897580787,0.1732057416267942,0.1936815793477571,0.0491879968935375,0.1732057416267942,0.4752499042766496,False,,,N100_drop0.50_s0.20_c0.05,1.0,0.0,0.0,False,False,1.0068271698186462,1.0170734897113791,-0.0865463796488441,-0.1149304575594595,NSE,False,NSE validated,False,,
2026-10-01,PITTIENG,INE450D01021,1123.8,1123.8,141304389.3015873,2247.6,0.3535500619783716,0.049173083289482,0.1702403225880295,0.28884510168885,0.181306010266999,0.0875481329267999,0.0367871061415173,0.0489451046208224,0.0621936090245354,0.0367871061415173,0.544360719022092,0.0645827274833603,0.544360719022092,0.4898130142892783,0.0490974639269571,0.1732057416267942,0.1702403225880295,0.049173083289482,0.1732057416267942,0.544360719022092,False,,,N100_drop0.50_s0.20_c0.05,1.0,0.0,0.0,False,False,1.0068271698186462,1.0170734897113791,-0.0865463796488441,-0.1149304575594595,NSE,False,NSE validated,False,,
2026-10-01,ADOR,INE045A01017,1570.4,1570.4,89196318.17619048,3140.8,0.3533387538271709,0.0491215220083353,0.1664757329378154,0.2950671616906707,0.1681930938474679,0.1078237117178062,0.036745926125756,0.0488888142664094,0.0621406135857799,0.036745926125756,0.5737215698150057,0.078264179149372,0.5737215698150057,0.5537386776013334,0.0622120309481839,0.2183449651046859,0.1664757329378154,0.0491215220083353,0.2183449651046859,0.5737215698150057,False,,,N100_drop0.50_s0.20_c0.05,1.0,0.0,0.0,False,False,1.0068271698186462,1.0170734897113791,-0.0865463796488441,-0.1149304575594595,NSE,False,NSE validated,False,,
2026-10-01,THYROCARE,INE594H01019,533.6,533.6,428200502.52698416,1067.2,0.3530090070443317,0.0490411350508741,0.1751315591778106,0.2800245442974831,0.179183466718823,0.0629699127445805,0.0366817309247445,0.0487990112568978,0.0620579700420826,0.0366817309247445,0.5137242780896732,0.015127527946348,0.5137242780896732,0.4982993199010354,0.0064785032585117,0.1829411764705882,0.1751315591778106,0.0490411350508741,0.1829411764705882,0.5137242780896732,False,,,N100_drop0.50_s0.20_c0.05,1.0,0.0,0.0,False,False,1.0068271698186462,1.0170734897113791,-0.0865463796488441,-0.1149304575594595,NSE,False,NSE validated,False,,
2026-10-01,UTTAMSUGAR,INE786F01031,276.1,276.1,100590122.9825397,552.2,0.3528894127196804,0.0490120023068896,0.2400886685116594,0.204141255856519,0.1735864909495976,0.0876208204876763,0.0366584682158027,0.0487618315053492,0.0620280132759378,0.0366584682158027,0.5182107864902723,0.0280336457302739,0.5182107864902723,0.4997650963126736,0.0385267833275858,0.1829411764705882,0.2400886685116594,0.0490120023068896,0.1829411764705882,0.5182107864902723,False,,,N100_drop0.50_s0.20_c0.05,1.0,0.0,0.0,False,False,1.0068271698186462,1.0170734897113791,-0.0865463796488441,-0.1149304575594595,NSE,False,NSE validated,False,,
2026-10-01,TALBROAUTO,INE187D01029,419.7,419.7,107447641.1373016,839.4,0.3528731430719194,0.0490080400016107,0.1879691290279483,0.2607238766016943,0.180225527980239,0.0640274125458102,0.0366553043699572,0.0487567751956498,0.0620239386405924,0.0366553043699572,0.5230972514689024,0.0483989444408057,0.5230972514689024,0.5081927421772922,0.06605663306479,0.1829411764705882,0.1879691290279483,0.0490080400016107,0.1829411764705882,0.5230972514689024,False,,,N100_drop0.50_s0.20_c0.05,1.0,0.0,0.0,False,False,1.0068271698186462,1.0170734897113791,-0.0865463796488441,-0.1149304575594595,NSE,False,NSE validated,False,,
2026-10-01,BEPL,INE922A01025,123.76,123.76,603399652.6707937,247.52,0.3528278751988383,0.0489970166385563,0.1762216582577213,0.2780419678431299,0.174947178215457,0.1251089039833301,0.0366465024730254,0.0487427088262817,0.062012602446266,0.0366465024730254,0.5425222484176433,0.0470098138374853,0.5425222484176433,0.5086750321730257,0.0144717091388655,0.1829411764705882,0.1762216582577213,0.0489970166385563,0.1829411764705882,0.5425222484176433,False,,,N100_drop0.50_s0.20_c0.05,1.0,0.0,0.0,False,False,1.0068271698186462,1.0170734897113791,-0.0865463796488441,-0.1149304575594595,NSE,False,NSE validated,False,,
2026-10-01,MANCREDIT,INE545L01039,218.97,218.97,69598928.0495238,437.94,0.3527964064125318,0.0489893545538017,0.1891247732904734,0.2590319274490807,0.173064011748647,0.1091173747904137,0.0366403845696014,0.0487329321187196,0.0620047226401585,0.0366403845696014,0.4923700061261451,0.014497306201596,0.4923700061261451,0.4995892097274518,0.0325159314896173,0.1829411764705882,0.1891247732904734,0.0489893545538017,0.1829411764705882,0.4923700061261451,False,,,N100_drop0.50_s0.20_c0.05,1.0,0.0,0.0,False,False,1.0068271698186462,1.0170734897113791,-0.0865463796488441,-0.1149304575594595,NSE,False,NSE validated,False,,
2026-10-01,STERTOOLS,INE334A01023,224.28,224.28,5578358.246984127,448.56,0.3527076843258149,0.0489677567628275,0.2054279785519824,0.2383694621735108,0.1870191726505903,0.0689801252764978,0.0366231399024983,0.0487066223972528,0.0619825099044588,0.0366231399024983,0.5206754011393887,0.0121207594704805,0.5206754011393887,0.5084978129213752,0.0051460755062578,0.1829411764705882,0.2054279785519824,0.0489677567628275,0.1829411764705882,0.5206754011393887,False,,,N100_drop0.50_s0.20_c0.05,1.0,0.0,0.0,False,False,1.0068271698186462,1.0170734897113791,-0.0865463796488441,-0.1149304575594595,NSE,False,NSE validated,False,,
2026-10-01,FINKURVE,INE734I01027,70.53,70.53,10384058.310793651,141.06,0.3523488246239799,0.0488804657545485,0.2670459700443194,0.1830413907629319,0.174711691732431,0.1107945091712292,0.0365534488425378,0.0486167801141988,0.0618927149113838,0.0365534488425378,0.4724355306002573,0.0567918259267653,0.4724355306002573,0.4803807263847359,0.0505522994850036,0.1732057416267942,0.2670459700443194,0.0488804657545485,0.1732057416267942,0.4724355306002573,False,,,N100_drop0.50_s0.20_c0.05,1.0,0.0,0.0,False,False,1.0068271698186462,1.0170734897113791,-0.0865463796488441,-0.1149304575594595,NSE,False,NSE validated,False,,
2026-10-01,AKUMS,INE09XN01023,813.1,813.1,269307136.8063492,1626.2,0.3522622614886527,0.0488594257120322,0.1648536267382817,0.2963806540307449,0.1832589100627405,0.0755093949412885,0.0365366524343422,0.0485998063870293,0.0618710668635541,0.0365366524343422,0.5479611709030764,0.0690858354361046,0.5479611709030764,0.4840780670070825,0.0426575405341863,0.1732057416267942,0.1648536267382817,0.0488594257120322,0.1732057416267942,0.5479611709030764,False,,,N100_drop0.50_s0.20_c0.05,1.0,0.0,0.0,False,False,1.0068271698186462,1.0170734897113791,-0.0865463796488441,-0.1149304575594595,NSE,False,NSE validated,False,,
2026-10-01,LUXIND,INE150G01020,1092.0,1092.0,46309432.0126984,2184.0,0.352067814693882,0.0488121861860064,0.2094113087142481,0.2330924078823893,0.1749218611564081,0.0189683776113602,0.0364989428690734,0.0485520341840838,0.0618224559099115,0.0364989428690734,0.503547468005596,0.0447299942115253,0.503547468005596,0.4689558298344312,0.0311372990622107,0.1732057416267942,0.2094113087142481,0.0488121861860064,0.1732057416267942,0.503547468005596,False,,,N100_drop0.50_s0.20_c0.05,1.0,0.0,0.0,False,False,1.0068271698186462,1.0170734897113791,-0.0865463796488441,-0.1149304575594595,NSE,False,NSE validated,False,,
2026-10-01,AYE,INE501X01029,163.29,163.29,290242094.57238096,326.58,0.3520133013746968,0.0487989481883737,0.2001597670794915,0.2437999848840439,0.1756714377719696,0.117273259414483,0.0364883759789344,0.0485384390630074,0.0618088320249937,0.0364883759789344,0.53333462375589,0.0541847438563593,0.53333462375589,0.5281490918260058,0.0466082627244646,0.1960507757404795,0.2001597670794915,0.0487989481883737,0.1960507757404795,0.53333462375589,False,,,N100_drop0.50_s0.20_c0.05,1.0,0.0,0.0,False,False,1.0068271698186462,1.0170734897113791,-0.0865463796488441,-0.1149304575594595,NSE,False,NSE validated,False,,
2026-10-01,WEBELSOLAR,INE855C01023,68.7,68.7,168126770.26031747,137.4,0.3519820884710608,0.0487913695685152,0.2649886313535265,0.1841262748492093,0.1791433483723529,0.0380665978974997,0.0364823266423247,0.0485306561080108,0.0618010321789683,0.0364823266423247,0.4978712968306185,0.0325254495679642,0.4978712968306185,0.4988235774952583,0.0323727550300911,0.1829411764705882,0.2649886313535265,0.0487913695685152,0.1829411764705882,0.4978712968306185,False,,,N100_drop0.50_s0.20_c0.05,1.0,0.0,0.0,False,False,1.0068271698186462,1.0170734897113791,-0.0865463796488441,-0.1149304575594595,NSE,False,NSE validated,False,,
2026-10-01,SIGMA,INE0A0S01028,44.91,44.91,14706860.890952384,89.82,0.3519435794635861,0.0487820205406574,0.2210923159880276,0.2206409586088873,0.1688055478771392,0.1430046734900334,0.036474864248374,0.0485210551259825,0.0617914099346255,0.036474864248374,0.5043121318669891,0.0215506873953459,0.5043121318669891,0.5113182835768012,0.0096936786465775,0.1829411764705882,0.2210923159880276,0.0487820205406574,0.1829411764705882,0.5043121318669891,False,,,N100_drop0.50_s0.20_c0.05,1.0,0.0,0.0,False,False,1.0068271698186462,1.0170734897113791,-0.0865463796488441,-0.1149304575594595,NSE,False,NSE validated,False,,
2026-10-01,GOODLUCK,INE127I01024,499.35,499.35,355982971.8071429,998.7,0.3516176825634075,0.0487029502126966,0.1811359986718481,0.2688750473114321,0.1831643048190799,0.066963326794891,0.0364117548008182,0.048451683132395,0.0617100151165989,0.0364117548008182,0.53249481799755,0.0506784057468965,0.53249481799755,0.501220076931879,0.0527341148015637,0.1829411764705882,0.1811359986718481,0.0487029502126966,0.1829411764705882,0.53249481799755,False,,,N100_drop0.50_s0.20_c0.05,1.0,0.0,0.0,False,False,1.0068271698186462,1.0170734897113791,-0.0865463796488441,-0.1149304575594595,NSE,False,NSE validated,False,,
2026-10-01,ALEMBICLTD,INE426A01027,104.11,104.11,130289198.37285715,208.22,0.3515204307129634,0.0486793716847042,0.1672012031584825,0.2911424724531635,0.1792154262656583,0.0840616373881531,0.036392937312448,0.0484331936645368,0.0616857386736185,0.036392937312448,0.4940228441600688,0.0173426054444915,0.4940228441600688,0.4645305883515622,0.031718648044569,0.1732057416267942,0.1672012031584825,0.0486793716847042,0.1732057416267942,0.4940228441600688,False,,,N100_drop0.50_s0.20_c0.05,1.0,0.0,0.0,False,False,1.0068271698186462,1.0170734897113791,-0.0865463796488441,-0.1149304575594595,NSE,False,NSE validated,False,,
2026-10-01,DHAMPURSUG,INE041A01016,171.06,171.06,154025489.42412698,342.12,0.3512270790114827,0.0486082966319378,0.1826195573839326,0.2661724588990519,0.1744849893405432,0.1185406960964045,0.0363362182487434,0.0483605567732035,0.0616124621584972,0.0363362182487434,0.5462077711152752,0.0653811572249752,0.5462077711152752,0.5073517607935764,0.0467747227196974,0.1829411764705882,0.1826195573839326,0.0486082966319378,0.1829411764705882,0.5462077711152752,False,,,N100_drop0.50_s0.20_c0.05,1.0,0.0,0.0,False,False,1.0068271698186462,1.0170734897113791,-0.0865463796488441,-0.1149304575594595,NSE,False,NSE validated,False,,
2026-10-01,ICIL,INE483B01026,443.65,443.65,430261220.1111111,887.3,0.35082830341684,0.0485117931627331,0.1901161522572205,0.2551692351584011,0.1758129475884662,0.1120826659423271,0.0362592172922206,0.0482543115693059,0.061511965964022,0.0362592172922206,0.5187163653549414,0.0390374647412166,0.5187163653549414,0.501954617805155,0.0141097629196522,0.1829411764705882,0.1901161522572205,0.0485117931627331,0.1829411764705882,0.5187163653549414,False,,,N100_drop0.50_s0.20_c0.05,1.0,0.0,0.0,False,False,1.0068271698186462,1.0170734897113791,-0.0865463796488441,-0.1149304575594595,NSE,False,NSE validated,False,,
2026-10-01,DJML,INE0B1K01014,72.61,72.61,33760309.8763492,145.22,0.3504051782201495,0.048409540952416,0.2421832023636113,0.1998881032208604,0.1925415338407573,0.1232886542347632,0.0361776424542861,0.04813987889526,0.0614054458093512,0.0361776424542861,0.4856455976796175,0.0421735489986789,0.4856455976796175,0.5104356555896419,0.0487421566867162,0.1829411764705882,0.2421832023636113,0.048409540952416,0.1829411764705882,0.4856455976796175,False,,,N100_drop0.50_s0.20_c0.05,1.0,0.0,0.0,False,False,1.0068271698186462,1.0170734897113791,-0.0865463796488441,-0.1149304575594595,NSE,False,NSE validated,False,,
2026-10-01,VERANDA,INE0IQ001011,213.8,213.8,154339750.51761904,427.6,0.3503793515055627,0.0484033044730404,0.2092590223612444,0.2313080885443576,0.1721222793003949,0.0947555652286764,0.036172667547686,0.0481330425508225,0.0613989477768451,0.036172667547686,0.5312420396339285,0.0416966914628456,0.5312420396339285,0.5245848306033727,0.0361742628138156,0.1960507757404795,0.2092590223612444,0.0484033044730404,0.1960507757404795,0.5312420396339285,False,,,N100_drop0.50_s0.20_c0.05,1.0,0.0,0.0,False,False,1.0068271698186462,1.0170734897113791,-0.0865463796488441,-0.1149304575594595,NSE,False,NSE validated,False,,
2026-10-01,VIDYAWIRES,INE14UN01029,90.97,90.97,86611787.37920634,181.94,0.3501507190395841,0.0483481196994109,0.1928328136024657,0.250725583453255,0.1815184720641645,0.0776205196666357,0.0361286482475573,0.0480725535721768,0.0613414423439599,0.0361286482475573,0.5174604531097117,0.0258977292356755,0.5174604531097117,0.5030267254929514,0.0541346204081608,0.1829411764705882,0.1928328136024657,0.0483481196994109,0.1829411764705882,0.5174604531097117,False,,,N100_drop0.50_s0.20_c0.05,1.0,0.0,0.0,False,False,1.0068271698186462,1.0170734897113791,-0.0865463796488441,-0.1149304575594595,NSE,False,NSE validated,False,,
2026-10-01,GUJTHEM,INE942C01045,381.8,381.8,144130382.1055556,763.6,0.3500721686382213,0.0483291700295552,0.2108207615492694,0.2292429344927709,0.1748947841175994,0.1042807215927,0.0361135335498262,0.0480517840995206,0.0613216931993953,0.0361135335498262,0.5140487130453774,0.0346883790454322,0.5140487130453774,0.5053127732784642,0.0518066133826122,0.1829411764705882,0.2108207615492694,0.0483291700295552,0.1829411764705882,0.5140487130453774,False,,,N100_drop0.50_s0.20_c0.05,1.0,0.0,0.0,False,False,1.0068271698186462,1.0170734897113791,-0.0865463796488441,-0.1149304575594595,NSE,False,NSE validated,False,,
2026-10-01,BHARATSE,INE415D01024,204.65,204.65,88600634.26349206,409.3,0.3500705450221064,0.0483287783985594,0.1889869545772209,0.255725473256473,0.1716251959768424,0.0831230768226524,0.0361132211807188,0.0480513548673928,0.0613212850317418,0.0361132211807188,0.4891358735680101,0.0085442748894959,0.4891358735680101,0.507719330177759,0.0211262888399542,0.1829411764705882,0.1889869545772209,0.0483287783985594,0.1829411764705882,0.4891358735680101,False,,,N100_drop0.50_s0.20_c0.05,1.0,0.0,0.0,False,False,1.0068271698186462,1.0170734897113791,-0.0865463796488441,-0.1149304575594595,NSE,False,NSE validated,False,,
2026-10-01,NBIFIN,INE365I01020,1857.9,1857.9,7249349.633333334,3715.8,0.3500611351838354,0.0483265087026756,0.2496429378907925,0.1935825187404912,0.1705987041667815,0.110103816759186,0.0361114108506951,0.0480488672611222,0.0613189194865651,0.0361114108506951,0.4686854218954551,0.0228241248308213,0.4686854218954551,0.4633393395785356,0.0287245707376998,0.1732057416267942,0.2496429378907925,0.0483265087026756,0.1732057416267942,0.4686854218954551,False,,,N100_drop0.50_s0.20_c0.05,1.0,0.0,0.0,False,False,1.0068271698186462,1.0170734897113791,-0.0865463796488441,-0.1149304575594595,NSE,False,NSE validated,False,,
2026-10-01,OMAXE,INE800H01010,108.78,108.78,447553022.834127,217.56,0.3500393741445568,0.0483212601205407,0.2080370771719192,0.2322723467250437,0.1660363796149545,0.0744496452891952,0.0361072245594568,0.0480431148144055,0.0613134491838188,0.0361072245594568,0.5583106361113696,0.0450387599477038,0.5583106361113696,0.5441556778990488,0.033008269307104,0.2183449651046859,0.2080370771719192,0.0483212601205407,0.2183449651046859,0.5583106361113696,False,,,N100_drop0.50_s0.20_c0.05,1.0,0.0,0.0,False,False,1.0068271698186462,1.0170734897113791,-0.0865463796488441,-0.1149304575594595,NSE,False,NSE validated,False,,
2026-10-01,TIPSFILMS,INE0LQS01015,315.4,315.4,7485490.868253968,630.8,0.3499254551567732,0.0482937901788002,0.2463049848390669,0.1960731335192217,0.1759024677803261,0.101815019051061,0.036085314998523,0.0480130087703792,0.0612848171433985,0.036085314998523,0.4742801160057026,0.0222744840604527,0.4742801160057026,0.4950873131697952,0.0337324430974434,0.1732057416267942,0.2463049848390669,0.0482937901788002,0.1732057416267942,0.4742801160057026,False,,,N100_drop0.50_s0.20_c0.05,1.0,0.0,0.0,False,False,1.0068271698186462,1.0170734897113791,-0.0865463796488441,-0.1149304575594595,NSE,False,NSE validated,False,,
2026-10-01,INDOCO,INE873D01024,251.75,251.75,282530716.72873014,503.5,0.3496676863180475,0.0482316723774178,0.2444756780865684,0.1972861789561705,0.1772178141760724,0.0731779155216635,0.0360357744860452,0.0479449362424665,0.0612200611942477,0.0360357744860452,0.5066392106932417,0.0335675923688072,0.5066392106932417,0.4872387812169045,0.0289174461936146,0.1732057416267942,0.2444756780865684,0.0482316723774178,0.1732057416267942,0.5066392106932417,False,,,N100_drop0.50_s0.20_c0.05,1.0,0.0,0.0,False,False,1.0068271698186462,1.0170734897113791,-0.0865463796488441,-0.1149304575594595,NSE,False,NSE validated,False,,
2026-10-01,IITL,INE886A01014,132.56,132.56,16795949.84142857,265.12,0.3496480382424459,0.0482269397784568,0.2757046434927435,0.1749224792426326,0.1715620335871216,0.0592945591900977,0.0360320003235593,0.0479397503259242,0.0612151270158004,0.0360320003235593,0.4614541220468373,0.029998930673521,0.4614541220468373,0.4587468186378236,0.0298785608678495,0.1732057416267942,0.2757046434927435,0.0482269397784568,0.1732057416267942,0.4614541220468373,False,,,N100_drop0.50_s0.20_c0.05,1.0,0.0,0.0,False,False,1.0068271698186462,1.0170734897113791,-0.0865463796488441,-0.1149304575594595,NSE,False,NSE validated,False,,
2026-10-01,EXICOM,INE777F01014,151.1,151.1,272524627.2431746,302.2,0.3496111733764642,0.0482180610578828,0.2508030739424259,0.1922546653832149,0.1747984100750413,0.0518867686242213,0.036024919781854,0.0479300212834567,0.0612058698927127,0.036024919781854,0.5303158110937519,0.047838726387408,0.5303158110937519,0.5254665223226832,0.0481529802874835,0.1960507757404795,0.2508030739424259,0.0482180610578828,0.1960507757404795,0.5303158110937519,False,,,N100_drop0.50_s0.20_c0.05,1.0,0.0,0.0,False,False,1.0068271698186462,1.0170734897113791,-0.0865463796488441,-0.1149304575594595,NSE,False,NSE validated,False,,
2026-10-01,INNOVACAP,INE0DUT01020,1168.0,1168.0,109478848.62936509,2336.0,0.349498452161142,0.0481909196516382,0.1807606673404006,0.2666006956086703,0.1798833845881979,0.0845279955701457,0.0360032758699929,0.0479002816312129,0.0611725243651533,0.0360032758699929,0.53672429488919,0.0590229002085971,0.53672429488919,0.4970904361313885,0.0572102489077513,0.1829411764705882,0.1807606673404006,0.0481909196516382,0.1829411764705882,0.53672429488919,False,,,N100_drop0.50_s0.20_c0.05,1.0,0.0,0.0,False,False,1.0068271698186462,1.0170734897113791,-0.0865463796488441,-0.1149304575594595,NSE,False,NSE validated,False,,
2026-10-01,ARIS,INE0H9P01028,138.66,138.66,222760394.9942857,277.32,0.3494273219020523,0.048173798042007,0.1925362062563526,0.2502064363824951,0.1807262610655596,0.0637528965281321,0.0359896227342111,0.0478815218291356,0.0611462006164762,0.0359896227342111,0.5421705998636887,0.0248512171891978,0.5421705998636887,0.5133332773650979,0.0305281385620998,0.1829411764705882,0.1925362062563526,0.048173798042007,0.1829411764705882,0.5421705998636887,False,,,N100_drop0.50_s0.20_c0.05,1.0,0.0,0.0,False,False,1.0068271698186462,1.0170734897113791,-0.0865463796488441,-0.1149304575594595,NSE,False,NSE validated,False,,
2026-10-01,WAAREEINDO,INE866K01023,203.39,203.39,29950365.097301587,406.78,0.3490936293686683,0.0480935311918024,0.2930494648745417,0.1641140386057072,0.1704765298080332,0.0789118507527795,0.035925621299472,0.0477935839270515,0.0610228174316933,0.035925621299472,0.5163343405380835,0.0326614248735649,0.5163343405380835,0.4748584977304734,0.0303842189647946,0.1732057416267942,0.2930494648745417,0.0480935311918024,0.1732057416267942,0.5163343405380835,False,,,N100_drop0.50_s0.20_c0.05,1.0,0.0,0.0,False,False,1.0068271698186462,1.0170734897113791,-0.0865463796488441,-0.1149304575594595,NSE,False,NSE validated,False,,
2026-10-01,NIBE,INE149O01018,1234.5,1234.5,99818539.51746032,2469.0,0.3489769633194129,0.0480654897757737,0.2545452436022949,0.1888288663168733,0.1744893303363019,0.08473434219762,0.035903264212015,0.0477628660583025,0.0609797224362662,0.035903264212015,0.4774256007495173,0.0138918812388392,0.4774256007495173,0.4753486939226785,0.0360371426012687,0.1732057416267942,0.2545452436022949,0.0480654897757737,0.1732057416267942,0.4774256007495173,False,,,N100_drop0.50_s0.20_c0.05,1.0,0.0,0.0,False,False,1.0068271698186462,1.0170734897113791,-0.0865463796488441,-0.1149304575594595,NSE,False,NSE validated,False,,
2026-10-01,GENCON,INE854S01022,40.75,40.75,13541193.48809524,81.5,0.3488241521644706,0.0480287775664647,0.2535568792740162,0.1894201320980946,0.1741296898640561,0.1114215196674543,0.0358739955447091,0.0477226525014896,0.0609233090946768,0.0358739955447091,0.4296192067409758,0.0477348567834601,0.4296192067409758,0.4287681303886114,0.0488704952021471,0.1578542883492161,0.2535568792740162,0.0480287775664647,0.1578542883492161,0.4296192067409758,False,,,N100_drop0.50_s0.20_c0.05,1.0,0.0,0.0,False,False,1.0068271698186462,1.0170734897113791,-0.0865463796488441,-0.1149304575594595,NSE,False,NSE validated,False,,
2026-10-01,63MOONS,INE111B01023,802.25,802.25,710450880.1071428,1604.5,0.3486715467358365,0.0479921339101614,0.2102911371383566,0.2282175776080665,0.1755056031056654,0.1164388645105436,0.0358447832737245,0.0476841038086015,0.0608670092671613,0.0358447832737245,0.5205872108924275,0.027998499306606,0.5205872108924275,0.4955099656654815,0.0075680354579006,0.1732057416267942,0.2102911371383566,0.0479921339101614,0.1732057416267942,0.5205872108924275,False,,,N100_drop0.50_s0.20_c0.05,1.0,0.0,0.0,False,False,1.0068271698186462,1.0170734897113791,-0.0865463796488441,-0.1149304575594595,NSE,False,NSE validated,False,,
2026-10-01,PANACEABIO,INE922B01023,359.05,359.05,71003154.77222222,718.1,0.3486303947988755,0.0479822557669241,0.2475568868080619,0.1938231506527473,0.1734905406218115,0.0462123868862531,0.0358369087299543,0.0476750098580674,0.060851833747588,0.0358369087299543,0.4808848951646234,0.027958247682172,0.4808848951646234,0.4664267210262997,0.0251757623255504,0.1732057416267942,0.2475568868080619,0.0479822557669241,0.1732057416267942,0.4808848951646234,False,,,N100_drop0.50_s0.20_c0.05,1.0,0.0,0.0,False,False,1.0068271698186462,1.0170734897113791,-0.0865463796488441,-0.1149304575594595,NSE,False,NSE validated,False,,
2026-10-01,RAJRATAN,INE451D01029,453.55,453.55,98637605.18253969,907.1,0.3482974832312698,0.0479023944622199,0.1831220425404673,0.261587266053098,0.1717947875263468,0.0792029846031989,0.0357732504712241,0.0476050199348094,0.0607289497744521,0.0357732504712241,0.5084446095456601,0.0163665361003282,0.5084446095456601,0.5056849845398749,0.037644369194748,0.1829411764705882,0.1831220425404673,0.0479023944622199,0.1829411764705882,0.5084446095456601,False,,,N100_drop0.50_s0.20_c0.05,1.0,0.0,0.0,False,False,1.0068271698186462,1.0170734897113791,-0.0865463796488441,-0.1149304575594595,NSE,False,NSE validated,False,,
2026-10-01,KSL,INE907A01026,913.0,913.0,99199046.10396823,1826.0,0.3482136333295207,0.0478822942404547,0.1828929304200947,0.2618050579126916,0.179996064175643,0.0819395851592225,0.0357572296844543,0.0475875133454367,0.0606977552880632,0.0357572296844543,0.5189255625647801,0.0494872339831529,0.5189255625647801,0.4781443931227382,0.0452105857150292,0.1732057416267942,0.1828929304200947,0.0478822942404547,0.1732057416267942,0.5189255625647801,False,,,N100_drop0.50_s0.20_c0.05,1.0,0.0,0.0,False,False,1.0068271698186462,1.0170734897113791,-0.0865463796488441,-0.1149304575594595,NSE,False,NSE validated,False,,
2026-10-01,BLSE,INE0NLT01010,322.05,322.05,196715904.9,644.1,0.3479962573655718,0.0478302123955927,0.1588941888802866,0.3010192678073884,0.1732529523462225,0.1074153902429875,0.035715720538726,0.0475421490225269,0.0606169389833879,0.035715720538726,0.5511456442157283,0.0842212354999432,0.5511456442157283,0.5249820540348769,0.0614319815759485,0.1960507757404795,0.1588941888802866,0.0478302123955927,0.1960507757404795,0.5511456442157283,False,,,N100_drop0.50_s0.20_c0.05,1.0,0.0,0.0,False,False,1.0068271698186462,1.0170734897113791,-0.0865463796488441,-0.1149304575594595,NSE,False,NSE validated,False,,
2026-10-01,BFINVEST,INE878K01010,428.7,428.7,79374763.10079366,857.4,0.3477602291358658,0.0477737053674171,0.1733212621889364,0.2756367266431476,0.1703308292998479,0.111878767687505,0.0356709580261147,0.0474852648021747,0.0605292756161849,0.0356709580261147,0.4868897331330593,0.0241291198084648,0.4868897331330593,0.4973684200867998,0.0086621461020147,0.1829411764705882,0.1733212621889364,0.0477737053674171,0.1829411764705882,0.4868897331330593,False,,,N100_drop0.50_s0.20_c0.05,1.0,0.0,0.0,False,False,1.0068271698186462,1.0170734897113791,-0.0865463796488441,-0.1149304575594595,NSE,False,NSE validated,False,,
2026-10-01,ENGINERSIN,INE510A01028,312.75,312.75,1238027364.9984128,625.5,0.3476204992409479,0.0477402743845937,0.1802990537665679,0.2647838321237269,0.1933543238003539,0.0624744461392203,0.0356448187056305,0.0474495409027142,0.0604774213593036,0.0356448187056305,0.5011767739620016,0.0151019944935333,0.5011767739620016,0.4238978003131036,0.0580179701419842,0.1578542883492161,0.1802990537665679,0.0477402743845937,0.1578542883492161,0.5011767739620016,False,,,N100_drop0.50_s0.20_c0.05,1.0,0.0,0.0,False,False,1.0068271698186462,1.0170734897113791,-0.0865463796488441,-0.1149304575594595,NSE,False,NSE validated,False,,
2026-10-01,GREAVESCOT,INE224A01026,225.98,225.98,531198431.3250794,451.96,0.3473756447009177,0.0476817303342123,0.2417185527684758,0.1972613594947473,0.1850577868840116,0.0679753848352102,0.0355985468813859,0.0473869858647269,0.0603866318465977,0.0355985468813859,0.5140949989103129,0.0459736166969553,0.5140949989103129,0.470868832269518,0.0371703539053142,0.1732057416267942,0.2417185527684758,0.0476817303342123,0.1732057416267942,0.5140949989103129,False,,,N100_drop0.50_s0.20_c0.05,1.0,0.0,0.0,False,False,1.0068271698186462,1.0170734897113791,-0.0865463796488441,-0.1149304575594595,NSE,False,NSE validated,False,,
2026-10-01,IFBAGRO,INE076C01018,866.95,866.95,5180001.043650796,1733.9,0.3473489717357718,0.0476753558575809,0.2281475612256311,0.2089671947465238,0.1727861228280099,0.0473018785683388,0.0355928395794406,0.0473801749924641,0.0603767476979374,0.0355928395794406,0.4842115708351968,0.0634644621431481,0.4842115708351968,0.466883363919952,0.0350639086288785,0.1732057416267942,0.2281475612256311,0.0476753558575809,0.1732057416267942,0.4842115708351968,False,,,N100_drop0.50_s0.20_c0.05,1.0,0.0,0.0,False,False,1.0068271698186462,1.0170734897113791,-0.0865463796488441,-0.1149304575594595,NSE,False,NSE validated,False,,
2026-10-01,SIGNPOST,INE0KGZ01021,259.4,259.4,58058851.14206348,518.8,0.3470729049682745,0.0476094137384125,0.2174766272211155,0.2189173813607403,0.1822509370502433,0.0725283219249139,0.0355338088555991,0.0473097223442145,0.0602745143133195,0.0355338088555991,0.4548909103694726,0.0386157369679078,0.4548909103694726,0.425432587929535,0.056673042036371,0.1578542883492161,0.2174766272211155,0.0476094137384125,0.1578542883492161,0.4548909103694726,False,,,N100_drop0.50_s0.20_c0.05,1.0,0.0,0.0,False,False,1.0068271698186462,1.0170734897113791,-0.0865463796488441,-0.1149304575594595,NSE,False,NSE validated,False,,
2026-10-01,SUNTV,INE424H01027,599.9,599.9,691068992.1190476,1199.8,0.3467834531368032,0.0475403411419553,0.1768531437424769,0.2688125307581795,0.1865274870471809,0.1075885123470137,0.0354719946767084,0.0472359326420318,0.0601674575059163,0.0354719946767084,0.4886697675518672,0.0264658793589896,0.4886697675518672,0.4350973377414894,0.0536571204701447,0.1578542883492161,0.1768531437424769,0.0475403411419553,0.1578542883492161,0.4886697675518672,False,,,N100_drop0.50_s0.20_c0.05,1.0,0.0,0.0,False,False,1.0068271698186462,1.0170734897113791,-0.0865463796488441,-0.1149304575594595,NSE,False,NSE validated,False,,
2026-10-01,ARFIN,INE784R01023,87.25,87.25,136685748.1877778,174.5,0.3465179464751098,0.0474770426309949,0.1839588894455148,0.2580850687569341,0.1761846926369287,0.0996756571284208,0.0354223074325673,0.0471683181447207,0.0600693769749064,0.0354223074325673,0.5276197494595398,0.0377329747880304,0.5276197494595398,0.4980149176689566,0.0467769773404897,0.1829411764705882,0.1839588894455148,0.0474770426309949,0.1829411764705882,0.5276197494595398,False,,,N100_drop0.50_s0.20_c0.05,1.0,0.0,0.0,False,False,1.0068271698186462,1.0170734897113791,-0.0865463796488441,-0.1149304575594595,NSE,False,NSE validated,False,,
2026-10-01,ACMESOLAR,INE622W01025,432.55,432.55,905155557.1349206,865.1,0.3465073459119241,0.0474745165787455,0.1491240190513345,0.3183559354204564,0.1911728199249786,0.064434709652567,0.0354209486161099,0.0471656199894939,0.0600654634122365,0.0354209486161099,0.5191666898291973,0.0052576832155221,0.5191666898291973,0.4613503772511726,0.037972859623734,0.1732057416267942,0.1491240190513345,0.0474745165787455,0.1732057416267942,0.5191666898291973,False,,,N100_drop0.50_s0.20_c0.05,1.0,0.0,0.0,False,False,1.0068271698186462,1.0170734897113791,-0.0865463796488441,-0.1149304575594595,NSE,False,NSE validated,False,,
2026-10-01,RICOAUTO,INE209B01025,121.63,121.63,240309323.62412697,243.26,0.3464465684051705,0.0474600354183195,0.2005310363186084,0.2366717705628064,0.1746493636285409,0.0994297542449561,0.0354131585645881,0.0471501524102635,0.0600430288302612,0.0354131585645881,0.4834683696190593,0.0110292108777064,0.4834683696190593,0.491224801665568,0.0283830231995531,0.1732057416267942,0.2005310363186084,0.0474600354183195,0.1732057416267942,0.4834683696190593,False,,,N100_drop0.50_s0.20_c0.05,1.0,0.0,0.0,False,False,1.0068271698186462,1.0170734897113791,-0.0865463796488441,-0.1149304575594595,NSE,False,NSE validated,False,,
2026-10-01,MANORAMA,INE00VM01036,1880.3,1880.3,820606784.0968255,3760.6,0.3463420779248284,0.0474351460017743,0.1864320862590859,0.2544365991584376,0.1772034424440085,0.1050772544655121,0.0353997681348431,0.047123568387991,0.0600109605323789,0.0353997681348431,0.526847381457196,0.0429088152466789,0.526847381457196,0.4815193126322675,0.0207921693446335,0.1732057416267942,0.1864320862590859,0.0474351460017743,0.1732057416267942,0.526847381457196,False,,,N100_drop0.50_s0.20_c0.05,1.0,0.0,0.0,False,False,1.0068271698186462,1.0170734897113791,-0.0865463796488441,-0.1149304575594595,NSE,False,NSE validated,False,,
2026-10-01,DREDGECORP,INE506A01018,895.2,895.2,142070461.9047619,1790.4,0.3462815875439499,0.0474207413743519,0.2133843113703964,0.2222316208244484,0.1689332277371014,0.0365668021135388,0.035392017726228,0.0471081834759746,0.059993638885742,0.035392017726228,0.4997754784795921,0.0084998821543451,0.4997754784795921,0.5014215141948467,0.0099650717296998,0.1829411764705882,0.2133843113703964,0.0474207413743519,0.1829411764705882,0.4997754784795921,False,,,N100_drop0.50_s0.20_c0.05,1.0,0.0,0.0,False,False,1.0068271698186462,1.0170734897113791,-0.0865463796488441,-0.1149304575594595,NSE,False,NSE validated,False,,
2026-10-01,KIRIINDUS,INE415I01015,544.6,544.6,488740694.8301587,1089.2,0.3461111667463802,0.047380174908344,0.2153401443618195,0.2200248125994323,0.1769205170838537,0.0909269980062372,0.0353610329316315,0.0470648581359329,0.0599448557878294,0.0353610329316315,0.4980425731078804,0.0062192305534528,0.4980425731078804,0.4795204380451897,0.0173066340237259,0.1732057416267942,0.2153401443618195,0.047380174908344,0.1732057416267942,0.4980425731078804,False,,,N100_drop0.50_s0.20_c0.05,1.0,0.0,0.0,False,False,1.0068271698186462,1.0170734897113791,-0.0865463796488441,-0.1149304575594595,NSE,False,NSE validated,False,,
2026-10-01,BLUEJET,INE0KBH01020,541.8,541.8,484546373.602381,1083.6,0.3460385884184523,0.0473629057388658,0.168540049765537,0.2810187003311933,0.1759062788348009,0.0764462010220922,0.0353471959772378,0.0470464153249637,0.0599240880353763,0.0353471959772378,0.5118689438583388,0.0109810468384015,0.5118689438583388,0.5108288255452053,0.0233423594905231,0.1829411764705882,0.168540049765537,0.0473629057388658,0.1829411764705882,0.5118689438583388,False,,,N100_drop0.50_s0.20_c0.05,1.0,0.0,0.0,False,False,1.0068271698186462,1.0170734897113791,-0.0865463796488441,-0.1149304575594595,NSE,False,NSE validated,False,,
2026-10-01,SPAL,INE212I01016,935.6,935.6,110788938.62857142,1871.2,0.3459587072787642,0.0473439038941016,0.2019136879578361,0.2344759504565536,0.169122968399493,0.1019036942239166,0.0353319712095144,0.0470261226444768,0.059901236059657,0.0353319712095144,0.5107410661916105,0.030088524984375,0.5107410661916105,0.5113753215656549,0.0262227992948925,0.1829411764705882,0.2019136879578361,0.0473439038941016,0.1829411764705882,0.5107410661916105,False,,,N100_drop0.50_s0.20_c0.05,1.0,0.0,0.0,False,False,1.0068271698186462,1.0170734897113791,-0.0865463796488441,-0.1149304575594595,NSE,False,NSE validated,False,,
2026-10-01,MSPL,INE752G01015,32.52,32.52,29110533.61095238,65.04,0.3456940209085571,0.0472809782338387,0.2277079763858127,0.2076386562486028,0.1724292751388783,0.0498621027523965,0.035281557260607,0.0469589265117167,0.0598255565629174,0.035281557260607,0.4859151476246969,0.0078992336379651,0.4859151476246969,0.4529728294335506,0.0330235928729177,0.1732057416267942,0.2277079763858127,0.0472809782338387,0.1732057416267942,0.4859151476246969,False,,,N100_drop0.50_s0.20_c0.05,1.0,0.0,0.0,False,False,1.0068271698186462,1.0170734897113791,-0.0865463796488441,-0.1149304575594595,NSE,False,NSE validated,False,,
2026-10-01,AMAGI,INE121R01077,554.05,554.05,486127445.17142856,1108.1,0.3453409348513038,0.0471971251446057,0.1971938642277532,0.2393437814581008,0.17442661658864,0.1149770312810609,0.0352143858191813,0.0468760015636017,0.0597246986903301,0.0352143858191813,0.5079745520989833,0.0195717551643261,0.5079745520989833,0.5030917205039261,0.0156702726581837,0.1829411764705882,0.1971938642277532,0.0471971251446057,0.1829411764705882,0.5079745520989833,False,,,N100_drop0.50_s0.20_c0.05,1.0,0.0,0.0,False,False,1.0068271698186462,1.0170734897113791,-0.0865463796488441,-0.1149304575594595,NSE,False,NSE validated,False,,
2026-10-01,PRECWIRE,INE372C01037,501.4,501.4,353298891.9587301,1002.8,0.3452823437621296,0.0471832203345276,0.2407442670027006,0.1959889675545144,0.177780068363902,0.0796449257435386,0.0352032481980027,0.0468623889044015,0.0597079730540983,0.0352032481980027,0.5340179084999434,0.0518119597944423,0.5340179084999434,0.5197575437076686,0.0466619946944229,0.1919720767888307,0.2407442670027006,0.0471832203345276,0.1919720767888307,0.5340179084999434,False,,,N100_drop0.50_s0.20_c0.05,1.0,0.0,0.0,False,False,1.0068271698186462,1.0170734897113791,-0.0865463796488441,-0.1149304575594595,NSE,False,NSE validated,False,,
2026-10-01,MODIS,INE0L0L01012,367.85,367.85,29620618.284126986,735.7,0.345142035336605,0.0471499336985212,0.1589855325985513,0.2965674481688711,0.1684223212541519,0.110509352549455,0.0351765870512804,0.0468298016287612,0.0596679324646367,0.0351765870512804,0.5263323453210701,0.0360140332652049,0.5263323453210701,0.4974680333442882,0.0136072023764638,0.1829411764705882,0.1589855325985513,0.0471499336985212,0.1829411764705882,0.5263323453210701,False,,,N100_drop0.50_s0.20_c0.05,1.0,0.0,0.0,False,False,1.0068271698186462,1.0170734897113791,-0.0865463796488441,-0.1149304575594595,NSE,False,NSE validated,False,,
2026-10-01,THOMASCOTT,INE480M01011,300.2,300.2,26846004.323015872,600.4,0.3450863910695177,0.0471367371174508,0.276997319181447,0.1701703729723606,0.1807557867832046,0.0580638733379504,0.0351660176069386,0.0468168823041219,0.059652057792507,0.0351660176069386,0.4371748606385674,0.051027897054797,0.4371748606385674,0.4358785873539297,0.0565135134802014,0.1578542883492161,0.276997319181447,0.0471367371174508,0.1578542883492161,0.4371748606385674,False,,,N100_drop0.50_s0.20_c0.05,1.0,0.0,0.0,False,False,1.0068271698186462,1.0170734897113791,-0.0865463796488441,-0.1149304575594595,NSE,False,NSE validated,False,,
2026-10-01,PROTEAN,INE004A01022,639.75,639.75,481550589.8984128,1279.5,0.3449856590178959,0.0471128538986755,0.2657835470370437,0.1772602345927349,0.1852306401048408,0.1046675024007837,0.0351468896288453,0.0467935008548977,0.059623327080537,0.0351468896288453,0.4514332770969488,0.0478266062063425,0.4514332770969488,0.4398265974941333,0.0508007038477953,0.1578542883492161,0.2657835470370437,0.0471128538986755,0.1578542883492161,0.4514332770969488,False,,,N100_drop0.50_s0.20_c0.05,1.0,0.0,0.0,False,False,1.0068271698186462,1.0170734897113791,-0.0865463796488441,-0.1149304575594595,NSE,False,NSE validated,False,,
2026-10-01,SGFIN,INE618R01015,631.85,631.85,300840508.93015873,1263.7,0.3443881690251292,0.0469713596529241,0.1554017031889373,0.3022576888736951,0.1716898173683953,0.0940366274448585,0.0350335843409647,0.0466549790323733,0.0594530964019815,0.0350335843409647,0.5535384475552984,0.0612619845358059,0.5535384475552984,0.5332224604521211,0.0497410006172296,0.1960507757404795,0.1554017031889373,0.0469713596529241,0.1960507757404795,0.5535384475552984,False,,,N100_drop0.50_s0.20_c0.05,1.0,0.0,0.0,False,False,1.0068271698186462,1.0170734897113791,-0.0865463796488441,-0.1149304575594595,NSE,False,NSE validated,False,,
2026-10-01,PPAP,INE095I01015,228.49,228.49,40782151.82349207,456.98,0.3442912475093936,0.0469484344046535,0.2251024201470956,0.2085647696456331,0.1764278285807523,0.0843433544901167,0.0350152290638123,0.046632535339207,0.059425512328763,0.0350152290638123,0.5153919837055814,0.0556766466386429,0.5153919837055814,0.5260607724204928,0.0591458750544501,0.1960507757404795,0.2251024201470956,0.0469484344046535,0.1960507757404795,0.5153919837055814,False,,,N100_drop0.50_s0.20_c0.05,1.0,0.0,0.0,False,False,1.0068271698186462,1.0170734897113791,-0.0865463796488441,-0.1149304575594595,NSE,False,NSE validated,False,,
2026-10-01,JINDWORLD,INE247D01039,45.82,45.82,1024994619.9396826,91.64,0.3442235562265597,0.046932427597551,0.313064001694616,0.1499132041483715,0.1811878868066755,0.0784079065407352,0.0350024135411613,0.0466168647548343,0.0594062521729569,0.0350024135411613,0.4269800398416105,0.0662800976022674,0.4269800398416105,0.4651062591994604,0.0351152317914057,0.1732057416267942,0.313064001694616,0.046932427597551,0.1732057416267942,0.4269800398416105,False,,,N100_drop0.50_s0.20_c0.05,1.0,0.0,0.0,False,False,1.0068271698186462,1.0170734897113791,-0.0865463796488441,-0.1149304575594595,NSE,False,NSE validated,False,,
2026-10-01,DCBBANK,INE503A01015,199.71,199.71,407434979.0114286,399.42,0.3439149409553071,0.0468594968282077,0.1599286844618886,0.2930024528487537,0.1712732193380789,0.087516223483435,0.0349440277106941,0.0465278017921737,0.0593184934251829,0.0349440277106941,0.5448975720705632,0.0387503397396946,0.5448975720705632,0.505011746710809,0.018115904014822,0.1829411764705882,0.1599286844618886,0.0468594968282077,0.1829411764705882,0.5448975720705632,False,,,N100_drop0.50_s0.20_c0.05,1.0,0.0,0.0,False,False,1.0068271698186462,1.0170734897113791,-0.0865463796488441,-0.1149304575594595,NSE,False,NSE validated,False,,
2026-10-01,NACLIND,INE295D01020,130.41,130.41,207078519.17222223,260.82,0.3437194052060395,0.0468133282691608,0.2292052485873532,0.2042419558787706,0.1752087848441731,0.0174042641132185,0.0349070707577429,0.0464706350306287,0.0592629338618026,0.0349070707577429,0.4919619222376678,0.0865148367540767,0.4919619222376678,0.512936062411727,0.0540602942771089,0.1829411764705882,0.2292052485873532,0.0468133282691608,0.1829411764705882,0.4919619222376678,False,,,N100_drop0.50_s0.20_c0.05,1.0,0.0,0.0,False,False,1.0068271698186462,1.0170734897113791,-0.0865463796488441,-0.1149304575594595,NSE,False,NSE validated,False,,
2026-10-01,MIDHANI,INE099Z01011,433.6,433.6,781354221.3626984,867.2,0.3435442657839043,0.0467720016686195,0.20219959553854,0.231316000133663,0.1863547938039567,0.0830093321714747,0.0348739923126818,0.0464194757440958,0.0592131983763277,0.0348739923126818,0.4907416881543047,0.0283494370901781,0.4907416881543047,0.4366011511770875,0.0480059502675244,0.1578542883492161,0.20219959553854,0.0467720016686195,0.1578542883492161,0.4907416881543047,False,,,N100_drop0.50_s0.20_c0.05,1.0,0.0,0.0,False,False,1.0068271698186462,1.0170734897113791,-0.0865463796488441,-0.1149304575594595,NSE,False,NSE validated,False,,
2026-10-01,RBZJEWEL,INE0PEQ01016,196.87,196.87,123421939.60904762,393.74,0.3430862407804143,0.0466640407975526,0.2387168139504724,0.1954786511486964,0.1898831643909705,0.048442880194833,0.0347875904767487,0.0463004640411477,0.0590832579319328,0.0347875904767487,0.5354617680560101,0.0293055533848735,0.5354617680560101,0.5065421830640039,0.0373407241451875,0.1829411764705882,0.2387168139504724,0.0466640407975526,0.1829411764705882,0.5354617680560101,False,,,N100_drop0.50_s0.20_c0.05,1.0,0.0,0.0,False,False,1.0068271698186462,1.0170734897113791,-0.0865463796488441,-0.1149304575594595,NSE,False,NSE validated,False,,
2026-10-01,LLOYDSENGG,INE093R01011,98.31,98.31,1106329531.6498413,196.62,0.3428547427288037,0.0466095385709483,0.2111192911199536,0.2207734704095127,0.1847976967543265,0.1310171711878297,0.0347439784007688,0.046242323511194,0.0590176528940931,0.0347439784007688,0.5111104221435333,0.05351222348019,0.5111104221435333,0.4630350638153691,0.0455982216556331,0.1732057416267942,0.2111192911199536,0.0466095385709483,0.1732057416267942,0.5111104221435333,False,,,N100_drop0.50_s0.20_c0.05,1.0,0.0,0.0,False,False,1.0068271698186462,1.0170734897113791,-0.0865463796488441,-0.1149304575594595,NSE,False,NSE validated,False,,
2026-10-01,TEXRAIL,INE621L01012,126.86,126.86,318083894.3092064,253.72,0.3426036909150095,0.0465504813194546,0.1859378631664237,0.2503550408008593,0.1866582472137957,0.0899514842113001,0.0346968913575251,0.0461793294415574,0.0589465597617024,0.0346968913575251,0.5205398203965844,0.0577296939877986,0.5205398203965844,0.4579241865201906,0.0575319077614497,0.1732057416267942,0.1859378631664237,0.0465504813194546,0.1732057416267942,0.5205398203965844,False,,,N100_drop0.50_s0.20_c0.05,1.0,0.0,0.0,False,False,1.0068271698186462,1.0170734897113791,-0.0865463796488441,-0.1149304575594595,NSE,False,NSE validated,False,,
2026-10-01,JAMNAAUTO,INE039C01032,131.66,131.66,314715336.53984123,263.32,0.3425658439538296,0.0465415826078766,0.1806094646138939,0.2576918253280525,0.1889642787804721,0.0622859443132302,0.0346898143933458,0.0461698380340553,0.0589358470258857,0.0346898143933458,0.4829021404076883,0.0205465828975058,0.4829021404076883,0.4521111812931971,0.0517517705281493,0.171875,0.1806094646138939,0.0465415826078766,0.171875,0.4829021404076883,False,,,N100_drop0.50_s0.20_c0.05,1.0,0.0,0.0,False,False,1.0068271698186462,1.0170734897113791,-0.0865463796488441,-0.1149304575594595,NSE,False,NSE validated,False,,
2026-10-01,GUJALKALI,INE186A01019,603.6,603.6,85729408.04523809,1207.2,0.342451049271136,0.0465145986924259,0.1915755559896955,0.2428002802973874,0.1668480409083382,0.080683376969812,0.0346683552757631,0.0461410576668459,0.0589033616282254,0.0346683552757631,0.511588371410571,0.0185147616115733,0.511588371410571,0.5007933977948159,0.0286929460201657,0.1829411764705882,0.1915755559896955,0.0465145986924259,0.1829411764705882,0.511588371410571,False,,,N100_drop0.50_s0.20_c0.05,1.0,0.0,0.0,False,False,1.0068271698186462,1.0170734897113791,-0.0865463796488441,-0.1149304575594595,NSE,False,NSE validated,False,,
2026-10-01,DENORA,INE244A01016,723.9,723.9,5170687.769047619,1447.8,0.3424307479003697,0.0465098277012273,0.18067848559591,0.2574176308143697,0.1843652147685875,0.0576369446396373,0.0346645612172642,0.0461359691731068,0.0588976178105247,0.0346645612172642,0.5434854517006059,0.0361037537469221,0.5434854517006059,0.5138881008209703,0.036859207144637,0.1829411764705882,0.18067848559591,0.0465098277012273,0.1829411764705882,0.5434854517006059,False,,,N100_drop0.50_s0.20_c0.05,1.0,0.0,0.0,False,False,1.0068271698186462,1.0170734897113791,-0.0865463796488441,-0.1149304575594595,NSE,False,NSE validated,False,,
2026-10-01,STALLION,INE0RYC01010,231.81,231.81,461736084.6187301,463.62,0.3424000851993678,0.0465026223366528,0.2407888906872748,0.1931261122717169,0.1789770496823136,0.2007901925979162,0.0346588313173628,0.0461282843736358,0.0588889431734014,0.0346588313173628,0.4777739242680674,0.0689569561107453,0.4777739242680674,0.4781877709658956,0.0531360433064892,0.1732057416267942,0.2407888906872748,0.0465026223366528,0.1732057416267942,0.4777739242680674,False,,,N100_drop0.50_s0.20_c0.05,1.0,0.0,0.0,False,False,1.0068271698186462,1.0170734897113791,-0.0865463796488441,-0.1149304575594595,NSE,False,NSE validated,False,,
2026-10-01,SPARC,INE232I01014,194.13,194.13,343435923.0182539,388.26,0.3421502128519368,0.0464439333994354,0.2288391754251319,0.2029544692824251,0.1768630174620606,0.0445739070367394,0.0346121628568383,0.0460657231114309,0.0588182837811167,0.0346121628568383,0.4851410008322225,0.0169026260561032,0.4851410008322225,0.4795682216424983,0.0273648627809212,0.1732057416267942,0.2288391754251319,0.0464439333994354,0.1732057416267942,0.4851410008322225,False,,,N100_drop0.50_s0.20_c0.05,1.0,0.0,0.0,False,False,1.0068271698186462,1.0170734897113791,-0.0865463796488441,-0.1149304575594595,NSE,False,NSE validated,False,,
2026-10-01,GANECOS,INE845D01014,976.2,976.2,150636177.01746032,1952.4,0.3419754332174285,0.0464029115941552,0.1977113080042988,0.2347003419407164,0.1744574521822459,0.0676477143193338,0.0345795457155428,0.0460286925557637,0.0587688918368436,0.0345795457155428,0.4855065808431547,0.0165359713334598,0.4855065808431547,0.4921651716088229,0.0401110313775378,0.1732057416267942,0.1977113080042988,0.0464029115941552,0.1732057416267942,0.4855065808431547,False,,,N100_drop0.50_s0.20_c0.05,1.0,0.0,0.0,False,False,1.0068271698186462,1.0170734897113791,-0.0865463796488441,-0.1149304575594595,NSE,False,NSE validated,False,,
2026-10-01,PAISALO,INE420C01059,79.9,79.9,1185181408.935079,159.8,0.3416659166424265,0.0463303261243632,0.2231116080656258,0.2076553816542602,0.1936149930429637,0.1473456097582685,0.0345218372342593,0.0459643883587674,0.0586814895826333,0.0345218372342593,0.5052130768867192,0.0818179794604137,0.5052130768867192,0.4445420639456863,0.0639088836068725,0.1648675171736997,0.2231116080656258,0.0463303261243632,0.1648675171736997,0.5052130768867192,False,,,N100_drop0.50_s0.20_c0.05,1.0,0.0,0.0,False,False,1.0068271698186462,1.0170734897113791,-0.0865463796488441,-0.1149304575594595,NSE,False,NSE validated,False,,
2026-10-01,COMSYN,INE073V01015,262.4,262.4,234021838.59047616,524.8,0.3415881530156557,0.0463121016139128,0.2277059813511536,0.2033855296163399,0.1729441900898182,0.036515026155036,0.0345073490857358,0.0459483477995338,0.0586595436481257,0.0345073490857358,0.5768878086465148,0.0599643463266,0.5768878086465148,0.561191673270654,0.0483567321391448,0.2183449651046859,0.2277059813511536,0.0463121016139128,0.2183449651046859,0.5768878086465148,False,,,N100_drop0.50_s0.20_c0.05,1.0,0.0,0.0,False,False,1.0068271698186462,1.0170734897113791,-0.0865463796488441,-0.1149304575594595,NSE,False,NSE validated,False,,
2026-10-01,STYLEBAAZA,INE01FR01028,368.35,368.35,405973361.6277778,736.7,0.341178727222693,0.0462162290461165,0.2127357591837197,0.2172471107981616,0.1716927520381322,0.1012199665954736,0.0344311394375754,0.0458553144262772,0.0585440855651109,0.0344311394375754,0.5398157773203386,0.0323229464747322,0.5398157773203386,0.4988799932710774,0.0224874633530866,0.1829411764705882,0.2127357591837197,0.0462162290461165,0.1829411764705882,0.5398157773203386,False,,,N100_drop0.50_s0.20_c0.05,1.0,0.0,0.0,False,False,1.0068271698186462,1.0170734897113791,-0.0865463796488441,-0.1149304575594595,NSE,False,NSE validated,False,,
2026-10-01,MSTCLTD,INE255X01014,705.8,705.8,259377480.3277778,1411.6,0.3410426587131031,0.0461843963482165,0.1942344876078855,0.2377764984838949,0.1746979279242436,0.1044175180444437,0.0344058381486471,0.0458218370587823,0.0585057467204409,0.0344058381486471,0.5371192789023103,0.0650329223351,0.5371192789023103,0.5009427798147895,0.0418517884016463,0.1829411764705882,0.1942344876078855,0.0461843963482165,0.1829411764705882,0.5371192789023103,False,,,N100_drop0.50_s0.20_c0.05,1.0,0.0,0.0,False,False,1.0068271698186462,1.0170734897113791,-0.0865463796488441,-0.1149304575594595,NSE,False,NSE validated,False,,
2026-10-01,ADVAIT,INE0ALI01010,1863.0,1863.0,109725308.62698412,3726.0,0.3410357642758898,0.0461827838139697,0.203405416977324,0.2270479542790064,0.1695827856069965,0.0676154919353749,0.0344045565088478,0.0458201412465895,0.058503804565618,0.0344045565088478,0.4886272206181117,0.0127545285837774,0.4886272206181117,0.4743176089118404,0.0163561516900564,0.1732057416267942,0.203405416977324,0.0461827838139697,0.1732057416267942,0.4886272206181117,False,,,N100_drop0.50_s0.20_c0.05,1.0,0.0,0.0,False,False,1.0068271698186462,1.0170734897113791,-0.0865463796488441,-0.1149304575594595,NSE,False,NSE validated,False,,
2026-10-01,ABDL,INE552Z01027,679.45,679.45,442516626.9698413,1358.9,0.340945754110819,0.0461617348827707,0.1834162767739061,0.2516774175918611,0.1854965443718859,0.0738646446873248,0.034387827167396,0.0457980055739463,0.0584784526213892,0.034387827167396,0.4912563782743853,0.0344236755699197,0.4912563782743853,0.4589439698987195,0.0493488309860103,0.1732057416267942,0.1834162767739061,0.0461617348827707,0.1732057416267942,0.4912563782743853,False,,,N100_drop0.50_s0.20_c0.05,1.0,0.0,0.0,False,False,1.0068271698186462,1.0170734897113791,-0.0865463796488441,-0.1149304575594595,NSE,False,NSE validated,False,,
2026-10-01,NITCO,INE858F01012,84.18,84.18,94728556.88523808,168.36,0.3409194773482762,0.0461555912622661,0.2219716874990241,0.2079345874345755,0.1695717148357561,0.0449454231897122,0.0343829444309074,0.045791544872138,0.058471052937114,0.0343829444309074,0.4912006976525163,0.0140901813257259,0.4912006976525163,0.4746266619173029,0.0213814812667362,0.1732057416267942,0.2219716874990241,0.0461555912622661,0.1732057416267942,0.4912006976525163,False,,,N100_drop0.50_s0.20_c0.05,1.0,0.0,0.0,False,False,1.0068271698186462,1.0170734897113791,-0.0865463796488441,-0.1149304575594595,NSE,False,NSE validated,False,,
2026-10-01,MONARCH,INE903D01011,342.7,342.7,80908305.6984127,685.4,0.3408532674652531,0.0461401135425397,0.1464377563546367,0.3150834504101494,0.1668644198923505,0.0638460780281602,0.0343706434989147,0.0457752685438811,0.0584524105371924,0.0343706434989147,0.5252463063214549,0.0224039169762791,0.5252463063214549,0.5165552946952002,0.0327018136389468,0.1919720767888307,0.1464377563546367,0.0461401135425397,0.1919720767888307,0.5252463063214549,False,,,N100_drop0.50_s0.20_c0.05,1.0,0.0,0.0,False,False,1.0068271698186462,1.0170734897113791,-0.0865463796488441,-0.1149304575594595,NSE,False,NSE validated,False,,
2026-10-01,WELENT,INE625G01013,724.45,724.45,437295022.8007937,1448.9,0.3405836965752902,0.0460771326280516,0.2015594127731738,0.2286032291625341,0.1793336917399026,0.1134223008822194,0.0343205926505007,0.045703045833831,0.0583765482891508,0.0343205926505007,0.5077849278501733,0.0449553675555915,0.5077849278501733,0.4730114465738799,0.0416925572586037,0.1732057416267942,0.2015594127731738,0.0460771326280516,0.1732057416267942,0.5077849278501733,False,,,N100_drop0.50_s0.20_c0.05,1.0,0.0,0.0,False,False,1.0068271698186462,1.0170734897113791,-0.0865463796488441,-0.1149304575594595,NSE,False,NSE validated,False,,
2026-10-01,MANINFRA,INE949H01023,124.3,124.3,247506502.5460317,248.6,0.3404911951304252,0.0460555344630482,0.1977212753361714,0.2329316073080316,0.1766132968736891,0.1239392927653489,0.0343034298350293,0.0456745929935219,0.0583505312887083,0.0343034298350293,0.5270664662482057,0.0541118723376927,0.5270664662482057,0.4909803972969536,0.0555150547386915,0.1732057416267942,0.1977212753361714,0.0460555344630482,0.1732057416267942,0.5270664662482057,False,,,N100_drop0.50_s0.20_c0.05,1.0,0.0,0.0,False,False,1.0068271698186462,1.0170734897113791,-0.0865463796488441,-0.1149304575594595,NSE,False,NSE validated,False,,
2026-10-01,JINDALSAW,INE324A01032,270.3,270.3,621800794.7309523,540.6,0.3404507868963408,0.0460461016771528,0.1829143966380043,0.251735798403447,0.1710559051667526,0.0934231219175193,0.0342959343395167,0.0456621680338124,0.0583391683930686,0.0342959343395167,0.5276146048310023,0.0217574767747282,0.5276146048310023,0.4902812718112969,0.0063191762222644,0.1732057416267942,0.1829143966380043,0.0460461016771528,0.1732057416267942,0.5276146048310023,False,,,N100_drop0.50_s0.20_c0.05,1.0,0.0,0.0,False,False,1.0068271698186462,1.0170734897113791,-0.0865463796488441,-0.1149304575594595,NSE,False,NSE validated,False,,
2026-10-01,PIXTRANS,INE751B01018,1809.3,1809.3,121496530.9936508,3618.6,0.3404362425877817,0.0460427068116641,0.1776061792970018,0.2592404554498596,0.1763868404878431,0.0675306779297889,0.0342932367350756,0.0456576965119895,0.0583350788461268,0.0342932367350756,0.4989339029800228,0.0108913672606018,0.4989339029800228,0.4723762002488549,0.0453861265597466,0.1732057416267942,0.1776061792970018,0.0460427068116641,0.1732057416267942,0.4989339029800228,False,,,N100_drop0.50_s0.20_c0.05,1.0,0.0,0.0,False,False,1.0068271698186462,1.0170734897113791,-0.0865463796488441,-0.1149304575594595,NSE,False,NSE validated,False,,
2026-10-01,ASHIANA,INE365D01021,383.95,383.95,74419798.0968254,767.9,0.3403618542752906,0.0460253460620326,0.1530385709421588,0.3007434385899224,0.1716674433506251,0.0649960324590406,0.0342794418970627,0.0456348318238356,0.0583141653373891,0.0342794418970627,0.5075660026882224,0.0173901310685191,0.5075660026882224,0.4929481391813556,0.0370539496742286,0.1732057416267942,0.1530385709421588,0.0460253460620326,0.1732057416267942,0.5075660026882224,False,,,N100_drop0.50_s0.20_c0.05,1.0,0.0,0.0,False,False,1.0068271698186462,1.0170734897113791,-0.0865463796488441,-0.1149304575594595,NSE,False,NSE validated,False,,
2026-10-01,BAJAJCON,INE933K01021,497.05,497.05,499913862.0301588,994.1,0.3401164914625101,0.045968114418184,0.2202814507184723,0.2086790070986639,0.1775666330250417,0.1143834017965842,0.0342339685259782,0.0455594782823064,0.0582452183161348,0.0342339685259782,0.4877145852815621,0.0305865024256969,0.4877145852815621,0.4911065449803824,0.0461787735963884,0.1732057416267942,0.2202814507184723,0.045968114418184,0.1732057416267942,0.4877145852815621,False,,,N100_drop0.50_s0.20_c0.05,1.0,0.0,0.0,False,False,1.0068271698186462,1.0170734897113791,-0.0865463796488441,-0.1149304575594595,NSE,False,NSE validated,False,,
2026-10-01,VIJAYA,INE043W01024,1428.0,1428.0,269324141.6698413,2856.0,0.3400841463018333,0.0459605733726938,0.1501895618428399,0.3060170947218526,0.1760692276491367,0.0816700438094639,0.0342279771184463,0.0455504165187332,0.0582361332316744,0.0342279771184463,0.5461040966889197,0.0685519695043285,0.5461040966889197,0.5112738591595757,0.059673169632049,0.1829411764705882,0.1501895618428399,0.0459605733726938,0.1829411764705882,0.5461040966889197,False,,,N100_drop0.50_s0.20_c0.05,1.0,0.0,0.0,False,False,1.0068271698186462,1.0170734897113791,-0.0865463796488441,-0.1149304575594595,NSE,False,NSE validated,False,,
2026-10-01,FINCABLES,INE235A01022,1458.8,1458.8,1504327916.5492065,2917.6,0.3397049170887508,0.0458722206471083,0.1835782585266608,0.2498782863246649,0.1890071133653631,0.1003091606748756,0.0341577859875695,0.0454562720758546,0.0581296835888786,0.0341577859875695,0.537846769520273,0.0486461150935263,0.537846769520273,0.4954289805125895,0.0265831605898298,0.1732057416267942,0.1835782585266608,0.0458722206471083,0.1732057416267942,0.537846769520273,False,,,N100_drop0.50_s0.20_c0.05,1.0,0.0,0.0,False,False,1.0068271698186462,1.0170734897113791,-0.0865463796488441,-0.1149304575594595,NSE,False,NSE validated,False,,
2026-10-01,SHADOWFAX,INE12UN01015,273.15,273.15,1979427568.6123807,546.3,0.3395355107875548,0.0458327892328185,0.1907681697864849,0.2402538604009066,0.177388041959989,0.1448534354800826,0.0341264633770061,0.0454142600895643,0.0580821716873489,0.0341264633770061,0.5322165965907364,0.0574279751114122,0.5322165965907364,0.4886357904981276,0.0154382192335585,0.1732057416267942,0.1907681697864849,0.0458327892328185,0.1732057416267942,0.5322165965907364,False,,,N100_drop0.50_s0.20_c0.05,1.0,0.0,0.0,False,False,1.0068271698186462,1.0170734897113791,-0.0865463796488441,-0.1149304575594595,NSE,False,NSE validated,False,,
2026-10-01,NELCO,INE045B01015,889.2,889.2,391917988.90238094,1778.4,0.3395227097126431,0.0458298105475439,0.2249774030107397,0.2037085055398038,0.1733065135173138,0.0822545110997548,0.0341240973227033,0.0454110865720376,0.0580785824963805,0.0341240973227033,0.5069668441002584,0.0250819301363672,0.5069668441002584,0.4852652441567723,0.0194478771243456,0.1732057416267942,0.2249774030107397,0.0458298105475439,0.1732057416267942,0.5069668441002584,False,,,N100_drop0.50_s0.20_c0.05,1.0,0.0,0.0,False,False,1.0068271698186462,1.0170734897113791,-0.0865463796488441,-0.1149304575594595,NSE,False,NSE validated,False,,
2026-10-01,MOL,INE0CT101020,55.13,55.13,118698226.17047618,110.26,0.3390494219889013,0.0457197721147769,0.2186340978995561,0.2091154698832993,0.1659006085569336,0.1091462246052445,0.0340366989941144,0.0452938611562335,0.0579459811133105,0.0340366989941144,0.5337484780796504,0.0289712406679296,0.5337484780796504,0.5315535571647618,0.0278119866362047,0.1960507757404795,0.2186340978995561,0.0457197721147769,0.1960507757404795,0.5337484780796504,False,,,N100_drop0.50_s0.20_c0.05,1.0,0.0,0.0,False,False,1.0068271698186462,1.0170734897113791,-0.0865463796488441,-0.1149304575594595,NSE,False,NSE validated,False,,
2026-10-01,PRICOLLTD,INE726V01018,734.5,734.5,353256914.51111114,1469.0,0.3388632823395486,0.0456765435372303,0.1445392258411661,0.3160148622037328,0.173028710406847,0.0735861291322911,0.0340023690150061,0.0452478147743322,0.0578938835226545,0.0340023690150061,0.5325810778014407,0.0396277745782161,0.5325810778014407,0.5107907960333554,0.0523394990681856,0.1829411764705882,0.1445392258411661,0.0456765435372303,0.1829411764705882,0.5325810778014407,False,,,N100_drop0.50_s0.20_c0.05,1.0,0.0,0.0,False,False,1.0068271698186462,1.0170734897113791,-0.0865463796488441,-0.1149304575594595,NSE,False,NSE validated,False,,
2026-10-01,CENTENKA,INE485A01015,537.8,537.8,209459429.39920637,1075.6,0.3388489435194878,0.0456732146629012,0.1559928477713781,0.2927904408145657,0.1685201871198113,0.0847767536146031,0.0339997254930186,0.0452442690423847,0.0578898715572681,0.0339997254930186,0.5318980280045297,0.0316683096650963,0.5318980280045297,0.5050898989475585,0.0235484148004544,0.1829411764705882,0.1559928477713781,0.0456732146629012,0.1829411764705882,0.5318980280045297,False,,,N100_drop0.50_s0.20_c0.05,1.0,0.0,0.0,False,False,1.0068271698186462,1.0170734897113791,-0.0865463796488441,-0.1149304575594595,NSE,False,NSE validated,False,,
2026-10-01,JYOTICNC,INE980O01024,1032.1,1032.1,1113456286.828571,2064.2,0.3387451784830405,0.0456491295985939,0.1901652014043125,0.2400498580260157,0.1789762949016834,0.0850435253678636,0.0339805995312236,0.0452186155294212,0.0578602300111218,0.0339805995312236,0.5125015633820095,0.0052773805140491,0.5125015633820095,0.4624081319847695,0.0299700442220782,0.1732057416267942,0.1901652014043125,0.0456491295985939,0.1732057416267942,0.5125015633820095,False,,,N100_drop0.50_s0.20_c0.05,1.0,0.0,0.0,False,False,1.0068271698186462,1.0170734897113791,-0.0865463796488441,-0.1149304575594595,NSE,False,NSE validated,False,,
2026-10-01,KOLTEPATIL,INE094I01018,418.8,418.8,168956007.0214286,837.6,0.3386854282816168,0.0456352647418726,0.1769655393586698,0.2578765612065301,0.1657702902183507,0.1142521287312281,0.0339695897943558,0.0452038482220847,0.0578417612489815,0.0339695897943558,0.5065815886590564,0.0085800554172212,0.5065815886590564,0.5085215488520588,0.0213541143368018,0.1829411764705882,0.1769655393586698,0.0456352647418726,0.1829411764705882,0.5065815886590564,False,,,N100_drop0.50_s0.20_c0.05,1.0,0.0,0.0,False,False,1.0068271698186462,1.0170734897113791,-0.0865463796488441,-0.1149304575594595,NSE,False,NSE validated,False,,
2026-10-01,GANESHHOU,INE460C01014,699.1,699.1,67967793.0968254,1398.2,0.3386209827912032,0.045620313514989,0.1763201108270768,0.2587357352544453,0.1681705278353287,0.0471385259478883,0.0339577176870712,0.0451879241988621,0.0578218455998158,0.0339577176870712,0.5034087228812584,0.0114114126912172,0.5034087228812584,0.5005641196297169,0.0207084477277768,0.1829411764705882,0.1763201108270768,0.045620313514989,0.1829411764705882,0.5034087228812584,False,,,N100_drop0.50_s0.20_c0.05,1.0,0.0,0.0,False,False,1.0068271698186462,1.0170734897113791,-0.0865463796488441,-0.1149304575594595,NSE,False,NSE validated,False,,
2026-10-01,IMAGICAA,INE172N01012,50.7,50.7,86297384.11126985,101.4,0.3383892151203902,0.0455665709443045,0.2098414771461647,0.2171475895233297,0.1659902715841534,0.0904899851167979,0.0339150455688751,0.0451306880171434,0.057750260160653,0.0339150455688751,0.5196791103450145,0.0235369545256456,0.5196791103450145,0.4975723486931001,0.0032774784980939,0.1829411764705882,0.2098414771461647,0.0455665709443045,0.1829411764705882,0.5196791103450145,False,,,N100_drop0.50_s0.20_c0.05,1.0,0.0,0.0,False,False,1.0068271698186462,1.0170734897113791,-0.0865463796488441,-0.1149304575594595,NSE,False,NSE validated,False,,
2026-10-01,ALIVUS,INE03Q201024,1374.2,1374.2,210965722.83650795,2748.4,0.3380687686619246,0.0454923351534464,0.1617533536701307,0.2812450816087592,0.1731206151799262,0.091278358716605,0.0338561080173003,0.045051634489912,0.0576513824612606,0.0338561080173003,0.544644608011641,0.0680583950982063,0.544644608011641,0.4943614930488558,0.0488589803180379,0.1732057416267942,0.1617533536701307,0.0454923351534464,0.1732057416267942,0.544644608011641,False,,,N100_drop0.50_s0.20_c0.05,1.0,0.0,0.0,False,False,1.0068271698186462,1.0170734897113791,-0.0865463796488441,-0.1149304575594595,NSE,False,NSE validated,False,,
2026-10-01,SURAJEST,INE843S01025,200.15,200.15,34960515.84587302,400.3,0.3379690927941371,0.0454692603663252,0.2408321801400751,0.1888006010653516,0.1746941410103575,0.0662741066736405,0.0338377899067608,0.0450270641092493,0.0576206493501537,0.0338377899067608,0.4383932739037072,0.0481940363986473,0.4383932739037072,0.423066676051715,0.0570271110062455,0.1578542883492161,0.2408321801400751,0.0454692603663252,0.1578542883492161,0.4383932739037072,False,,,N100_drop0.50_s0.20_c0.05,1.0,0.0,0.0,False,False,1.0068271698186462,1.0170734897113791,-0.0865463796488441,-0.1149304575594595,NSE,False,NSE validated,False,,
2026-10-01,TNPETRO,INE148A01019,123.18,123.18,191485576.1720635,246.36,0.3376393670706702,0.0453929851325551,0.1932563162678756,0.2348848721178933,0.1688360676809478,0.1022148204978763,0.0337772432793004,0.0449458515414838,0.0575230892598297,0.0337772432793004,0.5513737271460428,0.0546909689279716,0.5513737271460428,0.493833110053852,0.0373500136327632,0.1732057416267942,0.1932563162678756,0.0453929851325551,0.1732057416267942,0.5513737271460428,False,,,N100_drop0.50_s0.20_c0.05,1.0,0.0,0.0,False,False,1.0068271698186462,1.0170734897113791,-0.0865463796488441,-0.1149304575594595,NSE,False,NSE validated,False,,
2026-10-01,SOMANYCERA,INE355A01028,614.2,614.2,91289612.4952381,1228.4,0.3375937248354423,0.0453824334789302,0.1295212141502596,0.3503861029767781,0.1742580758360757,0.0072118093151213,0.0337688680836212,0.0449348037451517,0.0575128431829289,0.0337688680836212,0.5727485710956478,0.0594618529610454,0.5727485710956478,0.5149915480642435,0.0257768084008927,0.1829411764705882,0.1295212141502596,0.0453824334789302,0.1829411764705882,0.5727485710956478,False,,,N100_drop0.50_s0.20_c0.05,1.0,0.0,0.0,False,False,1.0068271698186462,1.0170734897113791,-0.0865463796488441,-0.1149304575594595,NSE,False,NSE validated,False,,
2026-10-01,GNFC,INE113A01013,589.15,589.15,436304478.9436508,1178.3,0.3373110952023638,0.045317131093451,0.1379023601696355,0.328617516318835,0.1802183874566691,0.0508621739930074,0.0337170387617246,0.044866223302477,0.0574494197168598,0.0337170387617246,0.5203520347769478,0.0130232386283,0.5203520347769478,0.4607454946299239,0.030349993349676,0.1732057416267942,0.1379023601696355,0.045317131093451,0.1732057416267942,0.5203520347769478,False,,,N100_drop0.50_s0.20_c0.05,1.0,0.0,0.0,False,False,1.0068271698186462,1.0170734897113791,-0.0865463796488441,-0.1149304575594595,NSE,False,NSE validated,False,,
2026-10-01,QUICKHEAL,INE306L01010,138.15,138.15,17615803.94603175,276.3,0.3366611419280606,0.0451671952894039,0.2570787324550049,0.1756940173855467,0.1868825858463123,0.0232464417594256,0.0335980591877468,0.0447055812319366,0.0572843058543212,0.0335980591877468,0.4019542666864182,0.0720180734906686,0.4019542666864182,0.4055538797745479,0.0694921757018694,0.1578542883492161,0.2570787324550049,0.0451671952894039,0.1578542883492161,0.4019542666864182,False,,,N100_drop0.50_s0.20_c0.05,1.0,0.0,0.0,False,False,1.0068271698186462,1.0170734897113791,-0.0865463796488441,-0.1149304575594595,NSE,False,NSE validated,False,,
2026-10-01,VIMTALABS,INE579C01029,584.35,584.35,239322267.3857143,1168.7,0.3363616922563748,0.0450982274692529,0.2005773498042453,0.2248420747071732,0.1651612860895516,0.0810785887531174,0.0335433408808834,0.0446317035233089,0.0572024310732358,0.0335433408808834,0.5167295845041121,0.01743390149979,0.5167295845041121,0.499818535635737,0.0019086444184236,0.1829411764705882,0.2005773498042453,0.0450982274692529,0.1829411764705882,0.5167295845041121,False,,,N100_drop0.50_s0.20_c0.05,1.0,0.0,0.0,False,False,1.0068271698186462,1.0170734897113791,-0.0865463796488441,-0.1149304575594595,NSE,False,NSE validated,False,,
2026-10-01,HUHTAMAKI,INE275B01026,232.72,232.72,342795404.37984127,465.44,0.3362308356791036,0.0450681112283749,0.1952615779082335,0.2308089062434775,0.1623207428284263,0.1093906768364655,0.0335170156657224,0.0446012295152987,0.0571666759157596,0.0335170156657224,0.555599989393277,0.0454596983119384,0.555599989393277,0.5232177072939298,0.0176166036963682,0.1919720767888307,0.1952615779082335,0.0450681112283749,0.1919720767888307,0.555599989393277,False,,,N100_drop0.50_s0.20_c0.05,1.0,0.0,0.0,False,False,1.0068271698186462,1.0170734897113791,-0.0865463796488441,-0.1149304575594595,NSE,False,NSE validated,False,,
2026-10-01 00:00:00,SEIL,INE440T01028,186.4,186.4,9694701.53968254,372.8,0.3361901052870022,0.04505873998488523,0.21219286256115358,0.2123480471540337,0.16873047291475907,0.1565831641382703,,,,,0.4755273561656659,0.014414700266453575,0.4755273561656659,0.4794460116196079,0.02934731936982609,0.17320574162679425,0.21219286256115358,0.04505873998488523,0.17320574162679425,0.4755273561656659,False,,,N100_drop0.50_s0.20_c0.05,1.0,0.0,0.0,False,False,1.0068271698186462,1.0170734897113791,-0.08654637964884415,-0.11493045755945958,BSE,True,NSE-trained; BSE current transfer,False,,
2026-10-01,SKIPPER,INE439E01022,541.2,541.2,549884643.1611111,1082.4,0.3360949717449695,0.0450368567217028,0.1877499222823995,0.2398768328327811,0.1822126288483411,0.0888399374726376,0.0334896210021647,0.0445711825090971,0.0571295675498238,0.0334896210021647,0.4968689656459356,0.023461740324399,0.4968689656459356,0.4542344699888335,0.0408589586796171,0.1732057416267942,0.1877499222823995,0.0450368567217028,0.1732057416267942,0.4968689656459356,False,,,N100_drop0.50_s0.20_c0.05,1.0,0.0,0.0,False,False,1.0068271698186462,1.0170734897113791,-0.0865463796488441,-0.1149304575594595,NSE,False,NSE validated,False,,
2026-10-01,SATIN,INE836B01017,227.47,227.47,105182055.47,454.94,0.3359417517666262,0.0450016268847262,0.1672335098716369,0.2690945547890971,0.1766585464485776,0.0704116181459023,0.0334587461725169,0.0445384232271425,0.0570877370697509,0.0334587461725169,0.5176151578860247,0.0675353543585466,0.5176151578860247,0.4956605046957771,0.0700118428954758,0.1732057416267942,0.1672335098716369,0.0450016268847262,0.1732057416267942,0.5176151578860247,False,,,N100_drop0.50_s0.20_c0.05,1.0,0.0,0.0,False,False,1.0068271698186462,1.0170734897113791,-0.0865463796488441,-0.1149304575594595,NSE,False,NSE validated,False,,
2026-10-01,ASTRAMICRO,INE386C01029,1624.5,1624.5,776211863.1888889,3249.0,0.3358233969119504,0.0449744261264064,0.1798755535109229,0.2500307865553023,0.175817986093862,0.0659555415359363,0.0334349109535785,0.0445140334966348,0.0570554383827704,0.0334349109535785,0.5053550603112007,0.0264369315798098,0.5053550603112007,0.4670386960444778,0.0249010106797121,0.1732057416267942,0.1798755535109229,0.0449744261264064,0.1732057416267942,0.5053550603112007,False,,,N100_drop0.50_s0.20_c0.05,1.0,0.0,0.0,False,False,1.0068271698186462,1.0170734897113791,-0.0865463796488441,-0.1149304575594595,NSE,False,NSE validated,False,,
2026-10-01,TNPL,INE107A01015,147.63,147.63,48314753.689365074,295.26,0.3352804295211465,0.0448497793524033,0.1651027861263012,0.2716476227002851,0.1774594448599401,0.0828406514561978,0.0333257208511274,0.0443892433867513,0.0569058853657619,0.0333257208511274,0.4841409315490155,0.0195470543239835,0.4841409315490155,0.4440408223753751,0.0509753724176966,0.1648675171736997,0.1651027861263012,0.0448497793524033,0.1648675171736997,0.4841409315490155,False,,,N100_drop0.50_s0.20_c0.05,1.0,0.0,0.0,False,False,1.0068271698186462,1.0170734897113791,-0.0865463796488441,-0.1149304575594595,NSE,False,NSE validated,False,,
2026-10-01,RATEGAIN,INE0CLI01024,840.65,840.65,413573453.0380952,1681.3,0.3352410271051167,0.0448407428440124,0.1733771680515579,0.2586311874160844,0.1724273763994568,0.067250125124903,0.0333178070871392,0.0443799898062555,0.0568949997416039,0.0333178070871392,0.5118605197525978,0.0200806659855098,0.5118605197525978,0.4857892696427727,0.0150443220648124,0.1732057416267942,0.1733771680515579,0.0448407428440124,0.1732057416267942,0.5118605197525978,False,,,N100_drop0.50_s0.20_c0.05,1.0,0.0,0.0,False,False,1.0068271698186462,1.0170734897113791,-0.0865463796488441,-0.1149304575594595,NSE,False,NSE validated,False,,
2026-10-01,CYIENT,INE136B01020,1104.6,1104.6,892298332.9698412,2209.2,0.3350079632683542,0.0447873169474919,0.166592321283861,0.2688438254676675,0.1725525798089567,0.0988323749780813,0.0332710251487398,0.0443243328888347,0.0568306387329062,0.0332710251487398,0.504965771514355,0.0073689851285207,0.504965771514355,0.4738187041650288,0.0232831639812377,0.1732057416267942,0.166592321283861,0.0447873169474919,0.1732057416267942,0.504965771514355,False,,,N100_drop0.50_s0.20_c0.05,1.0,0.0,0.0,False,False,1.0068271698186462,1.0170734897113791,-0.0865463796488441,-0.1149304575594595,NSE,False,NSE validated,False,,
2026-10-01,SAKSOFT,INE667G01023,139.33,139.33,177686298.24190477,278.66,0.3347334618057473,0.0447244463773448,0.2150246319072907,0.2079968512473867,0.1680874630591047,0.0041122995742992,0.0332159862986199,0.0442569927197465,0.0567548939720885,0.0332159862986199,0.4819657788140923,0.033766329082327,0.4819657788140923,0.4749591707584151,0.0170497876692851,0.1732057416267942,0.2150246319072907,0.0447244463773448,0.1732057416267942,0.4819657788140923,False,,,N100_drop0.50_s0.20_c0.05,1.0,0.0,0.0,False,False,1.0068271698186462,1.0170734897113791,-0.0865463796488441,-0.1149304575594595,NSE,False,NSE validated,False,,
2026-10-01,VINCOFE,INE498Q01014,178.95,178.95,440586835.1617461,357.9,0.334317647740534,0.0446293217265947,0.1684955207819277,0.2648694844793852,0.1787258139138338,0.0962204927590666,0.0331327384678621,0.0441551203673451,0.0566598486333186,0.0331327384678621,0.4928136984567987,0.0160859489952902,0.4928136984567987,0.4360044690288734,0.0464051830469958,0.1578542883492161,0.1684955207819277,0.0446293217265947,0.1578542883492161,0.4928136984567987,False,,,N100_drop0.50_s0.20_c0.05,1.0,0.0,0.0,False,False,1.0068271698186462,1.0170734897113791,-0.0865463796488441,-0.1149304575594595,NSE,False,NSE validated,False,,
2026-10-01,MANYAVAR,INE825V01034,519.2,519.2,590513872.6857142,1038.4,0.334078518885219,0.0445746776434131,0.2037629412742977,0.2187575295323619,0.1661847678833611,0.0946549701386743,0.0330849318432642,0.0440966082165908,0.05660620156265,0.0330849318432642,0.5136395386134542,0.0119694139900818,0.5136395386134542,0.4901210309043084,0.0076425984761798,0.1732057416267942,0.2037629412742977,0.0445746776434131,0.1732057416267942,0.5136395386134542,False,,,N100_drop0.50_s0.20_c0.05,1.0,0.0,0.0,False,False,1.0068271698186462,1.0170734897113791,-0.0865463796488441,-0.1149304575594595,NSE,False,NSE validated,False,,
2026-10-01,TVSSCS,INE395N01027,128.42,128.42,193624244.2536508,256.84,0.3340638801482822,0.0445713339400988,0.1562362752959964,0.2852815958115775,0.1717987517708137,0.0354607806709015,0.0330820068802445,0.0440930280168128,0.0566029183921385,0.0330820068802445,0.5121131682103907,0.0153257887303696,0.5121131682103907,0.493779870410173,0.0335692868260549,0.1732057416267942,0.1562362752959964,0.0445713339400988,0.1732057416267942,0.5121131682103907,False,,,N100_drop0.50_s0.20_c0.05,1.0,0.0,0.0,False,False,1.0068271698186462,1.0170734897113791,-0.0865463796488441,-0.1149304575594595,NSE,False,NSE validated,False,,
2026-10-01,MANGLMCEM,INE347A01017,984.65,984.65,129919979.57380952,1969.3,0.3340257201516653,0.0445626184152009,0.14925780707917,0.2985613904374455,0.1660652396272969,0.0830922859865002,0.0330743830132358,0.0440836961569975,0.0565943603912977,0.0330743830132358,0.534934908018374,0.0420778355152406,0.534934908018374,0.5009203706377692,0.034619158492407,0.1829411764705882,0.14925780707917,0.0445626184152009,0.1829411764705882,0.534934908018374,False,,,N100_drop0.50_s0.20_c0.05,1.0,0.0,0.0,False,False,1.0068271698186462,1.0170734897113791,-0.0865463796488441,-0.1149304575594595,NSE,False,NSE validated,False,,
2026-10-01,SARLAPOLY,INE453D01025,92.02,92.02,6738095.436349206,184.04,0.3339704986874373,0.0445500081469875,0.1521255441013677,0.292850279748561,0.1810735797055628,0.0462883834545762,0.0330633527254412,0.0440701943973435,0.0565794797458324,0.0330633527254412,0.5523124010530139,0.0407234565202868,0.5523124010530139,0.5133791602378183,0.0393610192263271,0.1829411764705882,0.1521255441013677,0.0445500081469875,0.1829411764705882,0.5523124010530139,False,,,N100_drop0.50_s0.20_c0.05,1.0,0.0,0.0,False,False,1.0068271698186462,1.0170734897113791,-0.0865463796488441,-0.1149304575594595,NSE,False,NSE validated,False,,
2026-10-01,ASTEC,INE563J01010,708.6,708.6,162444573.6531746,1417.2,0.3339444665518166,0.0445440643177077,0.2633352095416213,0.1691534694325309,0.1841185855578557,0.0820827236278146,0.0330581538178162,0.0440642878775648,0.0565718492782769,0.0330581538178162,0.4332455897753914,0.0549372943648113,0.4332455897753914,0.4397080437129048,0.0450454878575835,0.1578542883492161,0.2633352095416213,0.0445440643177077,0.1578542883492161,0.4332455897753914,False,,,N100_drop0.50_s0.20_c0.05,1.0,0.0,0.0,False,False,1.0068271698186462,1.0170734897113791,-0.0865463796488441,-0.1149304575594595,NSE,False,NSE validated,False,,
2026-10-01,AEQUS,INE947N01017,275.05,275.05,1321430640.702857,550.1,0.3337574066455432,0.0445013690024129,0.1975645954821283,0.2252497158907123,0.183429611446218,0.1063330784579651,0.0330208131500161,0.0440250406118963,0.0565170386136954,0.0330208131500161,0.4949889793636759,0.0413754874155601,0.4949889793636759,0.4451344715340728,0.0487270449980492,0.1648675171736997,0.1975645954821283,0.0445013690024129,0.1648675171736997,0.4949889793636759,False,,,N100_drop0.50_s0.20_c0.05,1.0,0.0,0.0,False,False,1.0068271698186462,1.0170734897113791,-0.0865463796488441,-0.1149304575594595,NSE,False,NSE validated,False,,
2026-10-01,SBCL,INE386D01027,1066.4,1066.4,592592931.2674603,2132.8,0.3332171369265888,0.0443782076933002,0.2657894390789359,0.1669675358324545,0.1756297517962949,0.0409792077358156,0.0329131353410659,0.0439064283614792,0.0563589286723213,0.0329131353410659,0.5283765569540144,0.0604928681153978,0.5283765569540144,0.5401448827686247,0.0383514256858984,0.2183449651046859,0.2657894390789359,0.0443782076933002,0.2183449651046859,0.5283765569540144,False,,,N100_drop0.50_s0.20_c0.05,1.0,0.0,0.0,False,False,1.0068271698186462,1.0170734897113791,-0.0865463796488441,-0.1149304575594595,NSE,False,NSE validated,False,,
2026-10-01,WESTLIFE,INE274F01020,588.05,588.05,165291612.09920636,1176.1,0.332773942641327,0.0442773443621578,0.2118198152433711,0.209033061006522,0.1762066746427204,0.1022294820891933,0.0328249934640954,0.0438031827035836,0.0562294440547136,0.0328249934640954,0.4767358623194442,0.0346051016407715,0.4767358623194442,0.4570270435609502,0.0546047429749087,0.1732057416267942,0.2118198152433711,0.0442773443621578,0.1732057416267942,0.4767358623194442,False,,,N100_drop0.50_s0.20_c0.05,1.0,0.0,0.0,False,False,1.0068271698186462,1.0170734897113791,-0.0865463796488441,-0.1149304575594595,NSE,False,NSE validated,False,,
2026-10-01,GOKUL,INE020J01029,38.66,38.66,7212588.829841269,77.32,0.3327634462286228,0.0442749573983317,0.1545771805219322,0.2864262192442423,0.1716056756616818,0.0602541722908562,0.0328229080075591,0.0438007394576573,0.0562263797589544,0.0328229080075591,0.5336948608518114,0.0252052580127664,0.5336948608518114,0.4958867134057279,0.0044097093394836,0.1829411764705882,0.1545771805219322,0.0442749573983317,0.1829411764705882,0.5336948608518114,False,,,N100_drop0.50_s0.20_c0.05,1.0,0.0,0.0,False,False,1.0068271698186462,1.0170734897113791,-0.0865463796488441,-0.1149304575594595,NSE,False,NSE validated,False,,
2026-10-01,NEPHROPLUS,INE428V01029,648.95,648.95,250087637.96349207,1297.9,0.3326744286281373,0.0442547175370864,0.1750208163859088,0.2528540230295109,0.1728854096423416,0.0933333187742741,0.0328052255636548,0.0437800225411309,0.0562003965752141,0.0328052255636548,0.4989789567999319,0.0182273412825734,0.4989789567999319,0.4745760776419537,0.0408887971084192,0.1732057416267942,0.1750208163859088,0.0442547175370864,0.1732057416267942,0.4989789567999319,False,,,N100_drop0.50_s0.20_c0.05,1.0,0.0,0.0,False,False,1.0068271698186462,1.0170734897113791,-0.0865463796488441,-0.1149304575594595,NSE,False,NSE validated,False,,
2026-10-01,EPACKPEB,INE0MLS01022,242.07,242.07,261782572.24,484.14,0.3326170213747932,0.0442416681361914,0.2250293253455602,0.196604011802697,0.173175113917824,0.1143144172144688,0.0327938258197899,0.0437666657349403,0.0561836442385475,0.0327938258197899,0.5005849229648519,0.047252377918308,0.5005849229648519,0.4992688472770929,0.0466473530025868,0.1829411764705882,0.2250293253455602,0.0442416681361914,0.1829411764705882,0.5005849229648519,False,,,N100_drop0.50_s0.20_c0.05,1.0,0.0,0.0,False,False,1.0068271698186462,1.0170734897113791,-0.0865463796488441,-0.1149304575594595,NSE,False,NSE validated,False,,
2026-10-01,NAZARA,INE418L01047,384.7,384.7,801253590.5142857,769.4,0.3325350519963782,0.0442230398543414,0.1224789379813742,0.3610664868850072,0.1733202932352625,0.0162086540245182,0.0327775535350378,0.0437475988571727,0.0561597299423817,0.0327775535350378,0.5415545074164915,0.0259793571516109,0.5415545074164915,0.497209108100297,0.0040845421518557,0.1829411764705882,0.1224789379813742,0.0442230398543414,0.1829411764705882,0.5415545074164915,False,,,N100_drop0.50_s0.20_c0.05,1.0,0.0,0.0,False,False,1.0068271698186462,1.0170734897113791,-0.0865463796488441,-0.1149304575594595,NSE,False,NSE validated,False,,
2026-10-01,GIPCL,INE162A01010,174.83,174.83,124076160.35539684,349.66,0.3324878953955585,0.0442123254371008,0.160583257688828,0.2753233809889056,0.1621279011997441,0.0607544375066606,0.0327681947899459,0.0437366322962732,0.056145975172089,0.0327681947899459,0.5524221543381659,0.0408531639425573,0.5524221543381659,0.5161322814801371,0.0131784717576289,0.1829411764705882,0.160583257688828,0.0442123254371008,0.1829411764705882,0.5524221543381659,False,,,N100_drop0.50_s0.20_c0.05,1.0,0.0,0.0,False,False,1.0068271698186462,1.0170734897113791,-0.0865463796488441,-0.1149304575594595,NSE,False,NSE validated,False,,
2026-10-01,GRINDWELL,INE536A01023,1975.8,1975.8,127738615.5936508,3951.6,0.3324079754563102,0.044194170797786,0.1986942704232729,0.2224229752757361,0.1688070485850765,0.0947564482703901,0.032752338176504,0.0437180506272624,0.0561226689223757,0.032752338176504,0.4923484393370567,0.0284876973087808,0.4923484393370567,0.4821388579129511,0.0351287070715801,0.1732057416267942,0.1986942704232729,0.044194170797786,0.1732057416267942,0.4923484393370567,False,,,N100_drop0.50_s0.20_c0.05,1.0,0.0,0.0,False,False,1.0068271698186462,1.0170734897113791,-0.0865463796488441,-0.1149304575594595,NSE,False,NSE validated,False,,
2026-10-01,SWELECTES,INE409B01013,592.9,592.9,15766482.566666668,1185.8,0.331978995772559,0.0440968076735121,0.2178502901867444,0.2024179432385042,0.1736062707877548,0.0605483434450904,0.0326673199219069,0.0436184017641248,0.0560060851774168,0.0326673199219069,0.4517821349219952,0.0362572858422496,0.4517821349219952,0.4370416817923079,0.0522612413269801,0.1578542883492161,0.2178502901867444,0.0440968076735121,0.1578542883492161,0.4517821349219952,False,,,N100_drop0.50_s0.20_c0.05,1.0,0.0,0.0,False,False,1.0068271698186462,1.0170734897113791,-0.0865463796488441,-0.1149304575594595,NSE,False,NSE validated,False,,
2026-10-01,MARKSANS,INE750C01026,325.6,325.6,1047859686.9968252,651.2,0.3318099383771308,0.0440584765470873,0.2041024754149774,0.215864488941197,0.1707702882153086,0.1240505764622741,0.0326338584047274,0.0435791728045804,0.0559604998334413,0.0326338584047274,0.5000861078725438,0.0401808363346248,0.5000861078725438,0.4900795605533813,0.034819846312924,0.1732057416267942,0.2041024754149774,0.0440584765470873,0.1732057416267942,0.5000861078725438,False,,,N100_drop0.50_s0.20_c0.05,1.0,0.0,0.0,False,False,1.0068271698186462,1.0170734897113791,-0.0865463796488441,-0.1149304575594595,NSE,False,NSE validated,False,,
2026-10-01,PPL,INE050001010,243.55,243.55,7784995.783333333,487.1,0.3317850350325764,0.0440528319586926,0.1871067399660268,0.2354422505928505,0.1805061862932157,0.0624687021175081,0.032628931363275,0.0435733961002351,0.0559537867598328,0.032628931363275,0.5326998313947747,0.0250611603851774,0.5326998313947747,0.5242077577594296,0.0163814273168589,0.1919720767888307,0.1871067399660268,0.0440528319586926,0.1919720767888307,0.5326998313947747,False,,,N100_drop0.50_s0.20_c0.05,1.0,0.0,0.0,False,False,1.0068271698186462,1.0170734897113791,-0.0865463796488441,-0.1149304575594595,NSE,False,NSE validated,False,,
2026-10-01,ARVIND,INE034A01011,534.05,534.05,365858443.7936508,1068.1,0.3313742729020833,0.0439597973987174,0.1605765008809357,0.2737623323310099,0.1714707447289491,0.0830029671338553,0.0325477403133965,0.0434781876122224,0.0558431324850623,0.0325477403133965,0.5296097247216843,0.030053747835648,0.5296097247216843,0.4872268968293764,0.0278705145570559,0.1732057416267942,0.1605765008809357,0.0439597973987174,0.1732057416267942,0.5296097247216843,False,,,N100_drop0.50_s0.20_c0.05,1.0,0.0,0.0,False,False,1.0068271698186462,1.0170734897113791,-0.0865463796488441,-0.1149304575594595,NSE,False,NSE validated,False,,
2026-10-01,ANDHRSUGAR,INE715B01021,91.06,91.06,88287503.12222221,182.12,0.3311236109412108,0.0439030879475581,0.1674794825788351,0.2621400978289523,0.1620835885755604,0.1044768247702171,0.0324982656981486,0.0434136743641528,0.0557756746925622,0.0324982656981486,0.51971426797101,0.0309535780601217,0.51971426797101,0.4830775579954136,0.0169438278531511,0.1732057416267942,0.1674794825788351,0.0439030879475581,0.1732057416267942,0.51971426797101,False,,,N100_drop0.50_s0.20_c0.05,1.0,0.0,0.0,False,False,1.0068271698186462,1.0170734897113791,-0.0865463796488441,-0.1149304575594595,NSE,False,NSE validated,False,,
2026-10-01,KHADIM,INE834I01025,113.4,113.4,5027929.943492063,226.8,0.3307937411039512,0.0438285319895528,0.2639301672005975,0.1660610928050578,0.1710672192794569,0.1143426128663661,0.0324332393800832,0.0433363506660885,0.0556869784183107,0.0324332393800832,0.4826433764937092,0.0992009389093712,0.4826433764937092,0.4760677087003279,0.0732017479672925,0.1732057416267942,0.2639301672005975,0.0438285319895528,0.1732057416267942,0.4826433764937092,False,,,N100_drop0.50_s0.20_c0.05,1.0,0.0,0.0,False,False,1.0068271698186462,1.0170734897113791,-0.0865463796488441,-0.1149304575594595,NSE,False,NSE validated,False,,
2026-10-01,BIRLANU,INE557A01011,1391.2,1391.2,31797584.550793644,2782.4,0.3305777558614535,0.0437797609391824,0.1981669408961145,0.2209236350988189,0.1639142696426706,0.071766462036565,0.0323907132500425,0.0432904588157523,0.0556289516054513,0.0323907132500425,0.4663942269189692,0.0208604356964593,0.4663942269189692,0.4577813560397412,0.0288531362765946,0.1732057416267942,0.1981669408961145,0.0437797609391824,0.1732057416267942,0.4663942269189692,False,,,N100_drop0.50_s0.20_c0.05,1.0,0.0,0.0,False,False,1.0068271698186462,1.0170734897113791,-0.0865463796488441,-0.1149304575594595,NSE,False,NSE validated,False,,
2026-10-01,SERVOTECH,INE782X01033,69.2,69.2,57815572.99968254,138.4,0.3304670080979308,0.0437547671235991,0.2467727874558499,0.1773079097363086,0.1687546317938009,0.0742276979588308,0.032368923180278,0.0432669398083049,0.0555992126806336,0.032368923180278,0.4625706770887292,0.0247425391327256,0.4625706770887292,0.4638158138137314,0.0379077456817244,0.1732057416267942,0.2467727874558499,0.0437547671235991,0.1732057416267942,0.4625706770887292,False,,,N100_drop0.50_s0.20_c0.05,1.0,0.0,0.0,False,False,1.0068271698186462,1.0170734897113791,-0.0865463796488441,-0.1149304575594595,NSE,False,NSE validated,False,,
2026-10-01,SUNDROP,INE209A01019,753.15,753.15,21337642.82142857,1506.3,0.3304502871360215,0.0437509943125283,0.1579925265261011,0.2769181256513447,0.1800408988260508,0.0833200528795699,0.0323656341739938,0.0432633895778255,0.0555947234911139,0.0323656341739938,0.501642952584458,0.0384653274229016,0.501642952584458,0.4292509589259594,0.0614656127135331,0.1578542883492161,0.1579925265261011,0.0437509943125283,0.1578542883492161,0.501642952584458,False,,,N100_drop0.50_s0.20_c0.05,1.0,0.0,0.0,False,False,1.0068271698186462,1.0170734897113791,-0.0865463796488441,-0.1149304575594595,NSE,False,NSE validated,False,,
2026-10-01,RKFORGE,INE399G01023,695.45,695.45,936852484.845238,1390.9,0.3303016053697109,0.0437174561075167,0.1510501462538499,0.2894234609614121,0.1707355919810413,0.0754604495175559,0.0323363990334627,0.0432302156757948,0.0555548158638409,0.0323363990334627,0.5068084593455819,0.006707193930219,0.5068084593455819,0.4788111251529134,0.0209336504739733,0.1732057416267942,0.1510501462538499,0.0437174561075167,0.1732057416267942,0.5068084593455819,False,,,N100_drop0.50_s0.20_c0.05,1.0,0.0,0.0,False,False,1.0068271698186462,1.0170734897113791,-0.0865463796488441,-0.1149304575594595,NSE,False,NSE validated,False,,
2026-10-01,IZMO,INE848A01014,855.95,855.95,122732494.93253969,1711.9,0.3301819565168186,0.0436904791347061,0.2451620896244188,0.1782105838697927,0.1672722561271074,0.0363631070505706,0.0323128863083125,0.0432026147896722,0.0555299275934134,0.0323128863083125,0.4723576311054513,0.0184408634290166,0.4723576311054513,0.4788862577086587,0.0452936169484179,0.1732057416267942,0.2451620896244188,0.0436904791347061,0.1732057416267942,0.4723576311054513,False,,,N100_drop0.50_s0.20_c0.05,1.0,0.0,0.0,False,False,1.0068271698186462,1.0170734897113791,-0.0865463796488441,-0.1149304575594595,NSE,False,NSE validated,False,,
2026-10-01,TBOTEK,INE673O01025,1671.5,1671.5,370486797.7968254,3343.0,0.330177245846762,0.0436894172536738,0.1488755869128225,0.2934626029669806,0.172277062106031,0.0849859515965675,0.032311960843662,0.0432015283616797,0.0555290843350901,0.032311960843662,0.5350446181431141,0.0525730194491479,0.5350446181431141,0.4672981264280483,0.0258640565125009,0.1732057416267942,0.1488755869128225,0.0436894172536738,0.1732057416267942,0.5350446181431141,False,,,N100_drop0.50_s0.20_c0.05,1.0,0.0,0.0,False,False,1.0068271698186462,1.0170734897113791,-0.0865463796488441,-0.1149304575594595,NSE,False,NSE validated,False,,
2026-10-01,EMMVEE,INE1C6T01020,305.9,305.9,852683746.3952382,611.8,0.3300530682858189,0.0436614312116841,0.1910948551681197,0.2284804118523865,0.1739963429509056,0.0659260046065532,0.0322875715774991,0.043172827187249,0.0555068574330768,0.0322875715774991,0.5108508975489161,0.0076550965887302,0.5108508975489161,0.477765600858107,0.0263390652719771,0.1732057416267942,0.1910948551681197,0.0436614312116841,0.1732057416267942,0.5108508975489161,False,,,N100_drop0.50_s0.20_c0.05,1.0,0.0,0.0,False,False,1.0068271698186462,1.0170734897113791,-0.0865463796488441,-0.1149304575594595,NSE,False,NSE validated,False,,
2026-10-01,TIL,INE806C01018,250.05,250.05,245626469.83253968,500.1,0.3299835472039146,0.0436457683044923,0.2068945345998664,0.2109566035125246,0.1700977461772505,0.1519507538107269,0.0322739229348801,0.0431564088978206,0.0554944154669296,0.0322739229348801,0.4969770347360171,0.0242743471603311,0.4969770347360171,0.4762258514185037,0.0239579415127896,0.1732057416267942,0.2068945345998664,0.0436457683044923,0.1732057416267942,0.4969770347360171,False,,,N100_drop0.50_s0.20_c0.05,1.0,0.0,0.0,False,False,1.0068271698186462,1.0170734897113791,-0.0865463796488441,-0.1149304575594595,NSE,False,NSE validated,False,,
2026-10-01,GODREJIND,INE233A01035,1019.6,1019.6,223303254.3238096,2039.2,0.329737004559935,0.0435902526577322,0.2115471900352209,0.2060545103457759,0.1642363278377371,0.0450220125127595,0.032225553952679,0.0430982186244446,0.055450303006078,0.032225553952679,0.4900014818726922,0.0257287879162641,0.4900014818726922,0.4775479144610364,0.0258927087458473,0.1732057416267942,0.2115471900352209,0.0435902526577322,0.1732057416267942,0.4900014818726922,False,,,N100_drop0.50_s0.20_c0.05,1.0,0.0,0.0,False,False,1.0068271698186462,1.0170734897113791,-0.0865463796488441,-0.1149304575594595,NSE,False,NSE validated,False,,
2026-10-01,ANDREWYU,INE449C01025,24.98,24.98,55276787.90571429,49.96,0.329706663138822,0.043583423681791,0.2293044206129642,0.1900679610331373,0.1660636133394164,0.1290263093984089,0.032219604874377,0.0430910609395677,0.0554448753198643,0.032219604874377,0.4909113049551513,0.0407125159481942,0.4909113049551513,0.5029292354611453,0.0400333625119665,0.1829411764705882,0.2293044206129642,0.043583423681791,0.1829411764705882,0.4909113049551513,False,,,N100_drop0.50_s0.20_c0.05,1.0,0.0,0.0,False,False,1.0068271698186462,1.0170734897113791,-0.0865463796488441,-0.1149304575594595,NSE,False,NSE validated,False,,
2026-10-01,GARFIBRES,INE276A01018,768.4,768.4,46167634.38888889,1536.8,0.3293958759928607,0.0435135148867419,0.1462839989772005,0.2974591561003459,0.1640597977611826,0.0882515417131438,0.0321587135879809,0.0430177908664287,0.0553892937836282,0.0321587135879809,0.5261960120000834,0.034608985182608,0.5261960120000834,0.4761226236365611,0.0208319182683513,0.1732057416267942,0.1462839989772005,0.0435135148867419,0.1732057416267942,0.5261960120000834,False,,,N100_drop0.50_s0.20_c0.05,1.0,0.0,0.0,False,False,1.0068271698186462,1.0170734897113791,-0.0865463796488441,-0.1149304575594595,NSE,False,NSE validated,False,,
2026-10-01,PARACABLES,INE074B01023,56.51,56.51,111936664.9531746,113.02,0.3288362510302668,0.0433878176466319,0.2326402162552366,0.186501793821537,0.1643796445785543,0.0679353940014647,0.0320492755215973,0.0428860671710021,0.0552878738541522,0.0320492755215973,0.5223786922240682,0.0396177055836372,0.5223786922240682,0.5049173183187298,0.0378274391465487,0.1829411764705882,0.2326402162552366,0.0433878176466319,0.1829411764705882,0.5223786922240682,False,,,N100_drop0.50_s0.20_c0.05,1.0,0.0,0.0,False,False,1.0068271698186462,1.0170734897113791,-0.0865463796488441,-0.1149304575594595,NSE,False,NSE validated,False,,
2026-10-01,ANDHRAPAP,INE435A01051,71.36,71.36,95179232.2195238,142.72,0.3287371564615672,0.0433655848519289,0.1840711962987974,0.2355913674920375,0.1787053583953026,0.0825423416369952,0.0320299246794559,0.0428627707448556,0.0552697078464567,0.0320299246794559,0.4583526113219789,0.0411810590496571,0.4583526113219789,0.4228183177074924,0.0578288559146157,0.1578542883492161,0.1840711962987974,0.0433655848519289,0.1578542883492161,0.4583526113219789,False,,,N100_drop0.50_s0.20_c0.05,1.0,0.0,0.0,False,False,1.0068271698186462,1.0170734897113791,-0.0865463796488441,-0.1149304575594595,NSE,False,NSE validated,False,,
2026-10-01,XPROINDIA,INE445C01015,1136.2,1136.2,124979021.06507938,2272.4,0.3286714374110166,0.0433508442811565,0.2398013141509628,0.1807781764442949,0.164251467938118,0.0981008066339621,0.0320170958844045,0.0428473253575799,0.0552576618739425,0.0320170958844045,0.4848433103636909,0.0125638029450953,0.4848433103636909,0.4903819461362658,0.0277704132747025,0.1732057416267942,0.2398013141509628,0.0433508442811565,0.1732057416267942,0.4848433103636909,False,,,N100_drop0.50_s0.20_c0.05,1.0,0.0,0.0,False,False,1.0068271698186462,1.0170734897113791,-0.0865463796488441,-0.1149304575594595,NSE,False,NSE validated,False,,
2026-10-01,ALKYLAMINE,INE150B01039,1741.4,1741.4,232303136.368254,3482.8,0.3285467279109255,0.043322881359463,0.1612457848219091,0.2686760550504425,0.1641488572433144,0.0752104981288646,0.0319927618262446,0.0428180262336713,0.055234806837627,0.0319927618262446,0.5205941836604621,0.0198282351631192,0.5205941836604621,0.4997475039476793,0.0143345037530674,0.1829411764705882,0.1612457848219091,0.043322881359463,0.1829411764705882,0.5205941836604621,False,,,N100_drop0.50_s0.20_c0.05,1.0,0.0,0.0,False,False,1.0068271698186462,1.0170734897113791,-0.0865463796488441,-0.1149304575594595,NSE,False,NSE validated,False,,
2026-10-01,HCC,INE549A01026,20.23,20.23,597796759.6222223,40.46,0.328227329294682,0.0432513181935094,0.2314115640998931,0.1869021470977104,0.1660061633890262,0.0253911822241603,0.0319304989417005,0.0427366135176898,0.0551762932906792,0.0319304989417005,0.4749037190788459,0.0403404457342779,0.4749037190788459,0.4736079044837279,0.0224017421637888,0.1732057416267942,0.2314115640998931,0.0432513181935094,0.1732057416267942,0.4749037190788459,False,,,N100_drop0.50_s0.20_c0.05,1.0,0.0,0.0,False,False,1.0068271698186462,1.0170734897113791,-0.0865463796488441,-0.1149304575594595,NSE,False,NSE validated,False,,
2026-10-01,TRUALT,INE0MWH01014,444.3,444.3,144076422.0079365,888.6,0.3281314639843199,0.0432298540928463,0.1644838525604402,0.2628212643363358,0.1726957265578501,0.0754762638372721,0.0319118280082319,0.0427116757429904,0.0551587368569804,0.0319118280082319,0.4983535689581341,0.0040553214261664,0.4983535689581341,0.4756632169016626,0.0455769675727958,0.1732057416267942,0.1644838525604402,0.0432298540928463,0.1732057416267942,0.4983535689581341,False,,,N100_drop0.50_s0.20_c0.05,1.0,0.0,0.0,False,False,1.0068271698186462,1.0170734897113791,-0.0865463796488441,-0.1149304575594595,NSE,False,NSE validated,False,,
2026-10-01,QUADFUTURE,INE0LRY01011,531.4,531.4,582079658.6182541,1062.8,0.3281209235563225,0.0432274945316909,0.2625743656826912,0.1646295304543525,0.1889339711730839,0.0302193954108548,0.0319097756061704,0.0427089344554945,0.0551568066894209,0.0319097756061704,0.523142781158985,0.0324476643674236,0.523142781158985,0.4947418236706462,0.0327755069829923,0.1732057416267942,0.2625743656826912,0.0432274945316909,0.1732057416267942,0.523142781158985,False,,,N100_drop0.50_s0.20_c0.05,1.0,0.0,0.0,False,False,1.0068271698186462,1.0170734897113791,-0.0865463796488441,-0.1149304575594595,NSE,False,NSE validated,False,,
2026-10-01,CONTROLPR,INE663B01015,618.0,618.0,27272740.277777776,1236.0,0.3280654244487261,0.0432150719904478,0.1828366661155206,0.2363588929320308,0.1699539763754703,0.0860557537359424,0.0318989705279208,0.0426957633116972,0.0551466442222818,0.0318989705279208,0.4648128793244934,0.0302939740520458,0.4648128793244934,0.4302164378613001,0.0501840483312941,0.1578542883492161,0.1828366661155206,0.0432150719904478,0.1578542883492161,0.4648128793244934,False,,,N100_drop0.50_s0.20_c0.05,1.0,0.0,0.0,False,False,1.0068271698186462,1.0170734897113791,-0.0865463796488441,-0.1149304575594595,NSE,False,NSE validated,False,,
2026-10-01,SUPRIYA,INE07RO01027,931.0,931.0,317454444.7619048,1862.0,0.327763399369267,0.0431475096521048,0.1971424288324354,0.2188646548976974,0.1800703325735189,0.0885638609941799,0.031840215129312,0.0426273080512742,0.0550913565394913,0.031840215129312,0.5238701019897748,0.0592076808092111,0.5238701019897748,0.4724179378064179,0.0607248560656433,0.1732057416267942,0.1971424288324354,0.0431475096521048,0.1732057416267942,0.5238701019897748,False,,,N100_drop0.50_s0.20_c0.05,1.0,0.0,0.0,False,False,1.0068271698186462,1.0170734897113791,-0.0865463796488441,-0.1149304575594595,NSE,False,NSE validated,False,,
2026-10-01,PARAGMILK,INE883N01014,264.0,264.0,303843006.42428577,528.0,0.3277450449735186,0.0431434060404726,0.2235319365505475,0.1930077943503011,0.1770030186126741,0.109792715833609,0.0318366469827666,0.0426231502937797,0.055087997531681,0.0318366469827666,0.4587250421140081,0.0452798804015324,0.4587250421140081,0.4350963264780383,0.0581618951000437,0.1578542883492161,0.2235319365505475,0.0431434060404726,0.1578542883492161,0.4587250421140081,False,,,N100_drop0.50_s0.20_c0.05,1.0,0.0,0.0,False,False,1.0068271698186462,1.0170734897113791,-0.0865463796488441,-0.1149304575594595,NSE,False,NSE validated,False,,
2026-10-01,BLKASHYAP,INE350H01032,50.23,50.23,37633928.85015873,100.46,0.3276550176671353,0.0431232817415228,0.2073182314657856,0.2080052556720735,0.162176456832766,0.0895921985349779,0.0318191495378228,0.0426027606080056,0.0550619311203453,0.0318191495378228,0.4737007221094385,0.0208085741148907,0.4737007221094385,0.4587049827423087,0.028096339494688,0.1732057416267942,0.2073182314657856,0.0431232817415228,0.1732057416267942,0.4737007221094385,False,,,N100_drop0.50_s0.20_c0.05,1.0,0.0,0.0,False,False,1.0068271698186462,1.0170734897113791,-0.0865463796488441,-0.1149304575594595,NSE,False,NSE validated,False,,
2026-10-01,SPANDANA,INE572J01011,216.34,216.34,67613865.99761905,432.68,0.327505225078081,0.0430898113665674,0.1956043061124224,0.2202907094581131,0.1637691402476106,0.0317157453156021,0.0317900514441624,0.0425688493873498,0.0550164657746122,0.0317900514441624,0.4717872594048906,0.0312840759865073,0.4717872594048906,0.4446829930320139,0.0468402385771965,0.1648675171736997,0.1956043061124224,0.0430898113665674,0.1648675171736997,0.4717872594048906,False,,,N100_drop0.50_s0.20_c0.05,1.0,0.0,0.0,False,False,1.0068271698186462,1.0170734897113791,-0.0865463796488441,-0.1149304575594595,NSE,False,NSE validated,False,,
2026-10-01,HINDOILEXP,INE345A01011,167.31,167.31,225513980.3295238,334.62,0.32730945570673,0.043046093290392,0.1868427308546031,0.2303867701649554,0.1736519053641443,0.0768942906982765,0.0317520506160815,0.0425245565091297,0.0549570831926753,0.0317520506160815,0.4919755409159687,0.0323119227020682,0.4919755409159687,0.4648059336840099,0.0443501996617869,0.1732057416267942,0.1868427308546031,0.043046093290392,0.1732057416267942,0.4919755409159687,False,,,N100_drop0.50_s0.20_c0.05,1.0,0.0,0.0,False,False,1.0068271698186462,1.0170734897113791,-0.0865463796488441,-0.1149304575594595,NSE,False,NSE validated,False,,
2026-10-01,IDEAFORGE,INE349Y01013,735.0,735.0,246826504.4515873,1470.0,0.3271763147491129,0.04301637756996,0.2036871855738391,0.2111884331298105,0.1682887193851523,0.0845156999082115,0.0317262250538807,0.0424952193890808,0.0549167220504888,0.0317262250538807,0.5044688989387988,0.0404112300640394,0.5044688989387988,0.5101274450721411,0.0636926465447804,0.1829411764705882,0.2036871855738391,0.04301637756996,0.1829411764705882,0.5044688989387988,False,,,N100_drop0.50_s0.20_c0.05,1.0,0.0,0.0,False,False,1.0068271698186462,1.0170734897113791,-0.0865463796488441,-0.1149304575594595,NSE,False,NSE validated,False,,
2026-10-01,GABRIEL,INE524A01029,1315.0,1315.0,873268355.7888888,2630.0,0.3269914756095606,0.042975145525177,0.229209846219099,0.1874925804195059,0.1707000710177174,0.0554367267063757,0.0316903962624097,0.0424526783860002,0.05486072155325,0.0316903962624097,0.5034466351373363,0.0154505915528536,0.5034466351373363,0.4800148404209796,0.0298695619022902,0.1732057416267942,0.229209846219099,0.042975145525177,0.1732057416267942,0.5034466351373363,False,,,N100_drop0.50_s0.20_c0.05,1.0,0.0,0.0,False,False,1.0068271698186462,1.0170734897113791,-0.0865463796488441,-0.1149304575594595,NSE,False,NSE validated,False,,
2026-10-01,VASCONEQ,INE893I01013,32.58,32.58,15824881.058730155,65.16,0.3268383067669949,0.0429409977034293,0.2663984196417745,0.1611908875479517,0.189392870558703,0.0716045337125933,0.0316607281534867,0.042420085054616,0.0548143449909492,0.0316607281534867,0.4349225602367728,0.0836276143286475,0.4349225602367728,0.428616712278373,0.1001254991527114,0.1578542883492161,0.2663984196417745,0.0429409977034293,0.1578542883492161,0.4349225602367728,False,,,N100_drop0.50_s0.20_c0.05,1.0,0.0,0.0,False,False,1.0068271698186462,1.0170734897113791,-0.0865463796488441,-0.1149304575594595,NSE,False,NSE validated,False,,
2026-10-01,KERNEX,INE202H01019,1643.5,1643.5,615572632.9698412,3287.0,0.3267814987329991,0.0429283372851486,0.2507091952856345,0.1712276138744738,0.1693546161853419,0.049911806288215,0.0316497297119255,0.0424078340325619,0.0547971512547601,0.0316497297119255,0.4880249990491672,0.0281864004265723,0.4880249990491672,0.525480746105991,0.0186178044810644,0.1960507757404795,0.2507091952856345,0.0429283372851486,0.1960507757404795,0.4880249990491672,False,,,N100_drop0.50_s0.20_c0.05,1.0,0.0,0.0,False,False,1.0068271698186462,1.0170734897113791,-0.0865463796488441,-0.1149304575594595,NSE,False,NSE validated,False,,
2026-10-01,BBOX,INE676A01027,795.85,795.85,378752109.2595238,1591.7,0.3266089799997867,0.0428899041267104,0.2633511760514586,0.1628620185783024,0.1780557560071457,0.0472864357965605,0.0316163454810074,0.0423686067092874,0.0547449580816701,0.0316163454810074,0.4732157334388375,0.0572728126760988,0.4732157334388375,0.4518640935725302,0.0539709598358344,0.171875,0.2633511760514586,0.0428899041267104,0.171875,0.4732157334388375,False,,,N100_drop0.50_s0.20_c0.05,1.0,0.0,0.0,False,False,1.0068271698186462,1.0170734897113791,-0.0865463796488441,-0.1149304575594595,NSE,False,NSE validated,False,,
2026-10-01,DDEVPLSTIK,INE0HR601026,247.61,247.61,39059522.92698413,495.22,0.326565659980877,0.0428802569578962,0.2109216483122398,0.2032994588323056,0.1611769679022389,0.0450143592741891,0.0316079665198427,0.042358760380239,0.0547318574036929,0.0316079665198427,0.486807353764309,0.0067759187470799,0.486807353764309,0.4783163568746519,0.0161162571320351,0.1732057416267942,0.2109216483122398,0.0428802569578962,0.1732057416267942,0.486807353764309,False,,,N100_drop0.50_s0.20_c0.05,1.0,0.0,0.0,False,False,1.0068271698186462,1.0170734897113791,-0.0865463796488441,-0.1149304575594595,NSE,False,NSE validated,False,,
2026-10-01,PVSL,INE772T01024,89.86,89.86,6161859.455396825,179.72,0.3263840707562606,0.0428398332546559,0.2373718692685853,0.1804756114810841,0.1557194490481806,0.0898559264509295,0.0315728606690094,0.042319659635812,0.0546769645669663,0.0315728606690094,0.4785379865728427,0.0098245397780749,0.4785379865728427,0.5041314204708105,0.025253144996677,0.1829411764705882,0.2373718692685853,0.0428398332546559,0.1829411764705882,0.4785379865728427,False,,,N100_drop0.50_s0.20_c0.05,1.0,0.0,0.0,False,False,1.0068271698186462,1.0170734897113791,-0.0865463796488441,-0.1149304575594595,NSE,False,NSE validated,False,,
2026-10-01,HMAAGRO,INE0ECP01024,23.47,23.47,59446929.3463492,46.94,0.3261549009829743,0.0427888530440305,0.2320355033163331,0.1844064913880727,0.1746066069144101,0.1011106159800027,0.0315285957816482,0.0422747312028369,0.0546077408307092,0.0315285957816482,0.4470017806650566,0.047578745124685,0.4470017806650566,0.3915022055548678,0.078227408278444,0.1578542883492161,0.2320355033163331,0.0427888530440305,0.1578542883492161,0.4470017806650566,False,,,N100_drop0.50_s0.20_c0.05,1.0,0.0,0.0,False,False,1.0068271698186462,1.0170734897113791,-0.0865463796488441,-0.1149304575594595,NSE,False,NSE validated,False,,
2026-10-01,SENORES,INE0RB801010,1349.6,1349.6,373263908.1206349,2699.2,0.325931283393154,0.0427391460305963,0.1820637375018705,0.2347482624328597,0.1709127341029351,0.0917724408544557,0.0314854457678257,0.0422309201658945,0.0545402503993646,0.0314854457678257,0.5125144935006296,0.0340851299684416,0.5125144935006296,0.4742505888197768,0.0304761033871615,0.1732057416267942,0.1820637375018705,0.0427391460305963,0.1732057416267942,0.5125144935006296,False,,,N100_drop0.50_s0.20_c0.05,1.0,0.0,0.0,False,False,1.0068271698186462,1.0170734897113791,-0.0865463796488441,-0.1149304575594595,NSE,False,NSE validated,False,,
2026-10-01,DWARKESH,INE366A01041,41.96,41.96,171812037.33492064,83.92,0.3259275183771235,0.0427383094428104,0.2381813391190424,0.1794360112378489,0.1605410120038134,0.0894433520925895,0.0314847196161733,0.0422301827701877,0.0545391145479095,0.0314847196161733,0.4773932947125756,0.0114149394398325,0.4773932947125756,0.4761098511300783,0.0176638451041081,0.1732057416267942,0.2381813391190424,0.0427383094428104,0.1732057416267942,0.4773932947125756,False,,,N100_drop0.50_s0.20_c0.05,1.0,0.0,0.0,False,False,1.0068271698186462,1.0170734897113791,-0.0865463796488441,-0.1149304575594595,NSE,False,NSE validated,False,,
2026-10-01,RKSWAMY,INE0NQ801033,86.46,86.46,5140602.738730159,172.92,0.325707048057049,0.0426893394380139,0.2197026970999686,0.194305031305963,0.1669059660044263,0.0632395160393461,0.0314422186153777,0.0421864785324183,0.0544713039899517,0.0314422186153777,0.5120646899983187,0.0465363416517488,0.5120646899983187,0.5102634778461611,0.0248436415403197,0.1829411764705882,0.2197026970999686,0.0426893394380139,0.1829411764705882,0.5120646899983187,False,,,N100_drop0.50_s0.20_c0.05,1.0,0.0,0.0,False,False,1.0068271698186462,1.0170734897113791,-0.0865463796488441,-0.1149304575594595,NSE,False,NSE validated,False,,
2026-10-01,KTKBANK,INE614B01018,321.6,321.6,816939353.4944445,643.2,0.3255569279702071,0.0426560162414768,0.1335094218415913,0.3194981721371555,0.1693874366057321,0.0448984613629623,0.0314148190184437,0.0421548994218563,0.0544250560614643,0.0314148190184437,0.5367606032829595,0.0246772937501423,0.5367606032829595,0.4947407860175135,0.0094501371879256,0.1732057416267942,0.1335094218415913,0.0426560162414768,0.1732057416267942,0.5367606032829595,False,,,N100_drop0.50_s0.20_c0.05,1.0,0.0,0.0,False,False,1.0068271698186462,1.0170734897113791,-0.0865463796488441,-0.1149304575594595,NSE,False,NSE validated,False,,
2026-10-01,NOCIL,INE163A01018,168.85,168.85,232556443.12285715,337.7,0.3254470874360253,0.0426316448919046,0.19660879897682,0.2168348777560607,0.1723022879779219,0.0920863800789831,0.031398686969486,0.0421306843410189,0.0543912336358285,0.031398686969486,0.4662985540675415,0.0274502734110915,0.4662985540675415,0.4466542642378174,0.0450248211701242,0.1648675171736997,0.19660879897682,0.0426316448919046,0.1648675171736997,0.4662985540675415,False,,,N100_drop0.50_s0.20_c0.05,1.0,0.0,0.0,False,False,1.0068271698186462,1.0170734897113791,-0.0865463796488441,-0.1149304575594595,NSE,False,NSE validated,False,,
2026-10-01,MEDICO,INE630Y01024,21.86,21.86,18029757.56079365,43.72,0.3252266772538569,0.04258276771668,0.2434300650528375,0.1749281367830931,0.1889663862352308,0.0939312622496366,0.0313688373369931,0.0420820068019232,0.0543234062216247,0.0313688373369931,0.535666292261098,0.0928915559811441,0.535666292261098,0.5206147469529189,0.1035355244223238,0.1919720767888307,0.2434300650528375,0.04258276771668,0.1919720767888307,0.535666292261098,False,,,N100_drop0.50_s0.20_c0.05,1.0,0.0,0.0,False,False,1.0068271698186462,1.0170734897113791,-0.0865463796488441,-0.1149304575594595,NSE,False,NSE validated,False,,
2026-10-01,BANSALWIRE,INE0B9K01025,323.05,323.05,48674135.03730159,646.1,0.325161485735535,0.0425683181167256,0.1484611328434273,0.2867303872833829,0.1697908636424628,0.0493199262272849,0.0313600118885584,0.0420676163066344,0.0543033553861288,0.0313600118885584,0.517941021790731,0.0112509407178235,0.517941021790731,0.4972114820483084,0.0241885654611001,0.1829411764705882,0.1484611328434273,0.0425683181167256,0.1829411764705882,0.517941021790731,False,,,N100_drop0.50_s0.20_c0.05,1.0,0.0,0.0,False,False,1.0068271698186462,1.0170734897113791,-0.0865463796488441,-0.1149304575594595,NSE,False,NSE validated,False,,
2026-10-01,ZUARIIND,INE217A01012,281.85,281.85,18141629.83888889,563.7,0.3251532410927062,0.0425664909311716,0.1915777633843727,0.2221891005469575,0.1757143222937402,0.1029433757902778,0.0313588958582879,0.0420657965978018,0.0543008199451085,0.0313588958582879,0.4533097550009994,0.0441580746151747,0.4533097550009994,0.4061996667997603,0.0694232888547085,0.1578542883492161,0.1915777633843727,0.0425664909311716,0.1578542883492161,0.4533097550009994,False,,,N100_drop0.50_s0.20_c0.05,1.0,0.0,0.0,False,False,1.0068271698186462,1.0170734897113791,-0.0865463796488441,-0.1149304575594595,NSE,False,NSE validated,False,,
2026-10-01,ADSL,INE102I01027,106.38,106.38,29299104.864285715,212.76,0.3240470549061761,0.0423217981509949,0.3004633048521071,0.1408551309512701,0.1748041491687458,0.1008180160412869,0.0312093748467273,0.0418105291374407,0.0539613478987281,0.0312093748467273,0.4155513393147223,0.0823080399958171,0.4155513393147223,0.4235788244526411,0.0909862096167057,0.1578542883492161,0.3004633048521071,0.0423217981509949,0.1578542883492161,0.4155513393147223,False,,,N100_drop0.50_s0.20_c0.05,1.0,0.0,0.0,False,False,1.0068271698186462,1.0170734897113791,-0.0865463796488441,-0.1149304575594595,NSE,False,NSE validated,False,,
2026-10-01,SUYOG,INE442P01014,689.9,689.9,24468127.931746032,1379.8,0.3240383537392286,0.0423198770428178,0.193476960283368,0.2187334191153085,0.1664143277739134,0.1021677397393089,0.0312082004329019,0.0418084760441657,0.0539586832107159,0.0312082004329019,0.4743418810229167,0.017677471397118,0.4743418810229167,0.4436487654302547,0.0451770891218576,0.1648675171736997,0.193476960283368,0.0423198770428178,0.1648675171736997,0.4743418810229167,False,,,N100_drop0.50_s0.20_c0.05,1.0,0.0,0.0,False,False,1.0068271698186462,1.0170734897113791,-0.0865463796488441,-0.1149304575594595,NSE,False,NSE validated,False,,
2026-10-01 00:00:00,MIIL,INE898Q01015,676.6,676.6,31960686.04761905,1353.2,0.32390987700470997,0.04229151757109849,0.1508051244978424,0.2804381993776582,0.1840525989342684,0.0266060348214473,,,,,0.5229720110813775,0.05022114228843811,0.5229720110813775,0.48708228496102063,0.08210794716305511,0.17320574162679425,0.1508051244978424,0.04229151757109849,0.17320574162679425,0.5229720110813775,False,,,N100_drop0.50_s0.20_c0.05,1.0,0.0,0.0,False,False,1.0068271698186462,1.0170734897113791,-0.08654637964884415,-0.11493045755945958,BSE,True,NSE-trained; BSE current transfer,False,,
2026-10-01,BGRENERGY,INE661I01014,239.71,239.71,13813009.283492062,479.42,0.3239093432182054,0.042291399770756,0.2868922926663058,0.1474121154587675,0.1686462207550171,0.0636580662870014,0.0311907907447911,0.0417780432377909,0.0539191845829411,0.0311907907447911,0.4162982888829397,0.0591185583154727,0.4162982888829397,0.3999773664524969,0.0703492264930649,0.1578542883492161,0.2868922926663058,0.042291399770756,0.1578542883492161,0.4162982888829397,False,,,N100_drop0.50_s0.20_c0.05,1.0,0.0,0.0,False,False,1.0068271698186462,1.0170734897113791,-0.0865463796488441,-0.1149304575594595,NSE,False,NSE validated,False,,
2026-10-01,RAIN,INE855B01025,208.52,208.52,1108681680.9860318,417.04,0.3238931003646799,0.0422878152674967,0.1911471001873747,0.2212317907310314,0.1742323275875822,0.0806685945066504,0.0311885992212529,0.0417742127099073,0.0539142129268801,0.0311885992212529,0.4866615496977144,0.0153033892124789,0.4866615496977144,0.4753742108850587,0.0283052626845272,0.1732057416267942,0.1911471001873747,0.0422878152674967,0.1732057416267942,0.4866615496977144,False,,,N100_drop0.50_s0.20_c0.05,1.0,0.0,0.0,False,False,1.0068271698186462,1.0170734897113791,-0.0865463796488441,-0.1149304575594595,NSE,False,NSE validated,False,,
2026-10-01,PATELRMART,INE0R8B01010,211.0,211.0,27642498.85269841,422.0,0.3238771693042143,0.0422842997624482,0.1546963450903566,0.273337419431276,0.1668970530352268,0.0400982463477211,0.0311864498554975,0.0417704559427384,0.0539093369990469,0.0311864498554975,0.5004948210063375,0.0136559602734188,0.5004948210063375,0.5029767432975345,0.0235497051629358,0.1829411764705882,0.1546963450903566,0.0422842997624482,0.1829411764705882,0.5004948210063375,False,,,N100_drop0.50_s0.20_c0.05,1.0,0.0,0.0,False,False,1.0068271698186462,1.0170734897113791,-0.0865463796488441,-0.1149304575594595,NSE,False,NSE validated,False,,
2026-10-01,EKC,INE184H01027,106.01,106.01,63878892.69555555,212.02,0.323393083400797,0.0421775667915245,0.2119882106863687,0.1989618510150321,0.1699945788365625,0.0580834967624065,0.031094567682072,0.041656410731209,0.0538157404429618,0.031094567682072,0.4122174656939054,0.0650611238970444,0.4122174656939054,0.3972820501943812,0.0736808052770039,0.1578542883492161,0.2119882106863687,0.0421775667915245,0.1578542883492161,0.4122174656939054,False,,,N100_drop0.50_s0.20_c0.05,1.0,0.0,0.0,False,False,1.0068271698186462,1.0170734897113791,-0.0865463796488441,-0.1149304575594595,NSE,False,NSE validated,False,,
2026-10-01,INDOSTAR,INE896L01010,206.35,206.35,36779156.86126984,412.7,0.3232141254171767,0.0421381536838326,0.2061587020385751,0.2043966772547295,0.1576263134933172,0.0529518392582464,0.0310570404212428,0.0416143036345759,0.0537811954604341,0.0310570404212428,0.46894240994623,0.0146071384405699,0.46894240994623,0.4618956261793017,0.0252148905165689,0.1732057416267942,0.2061587020385751,0.0421381536838326,0.1732057416267942,0.46894240994623,False,,,N100_drop0.50_s0.20_c0.05,1.0,0.0,0.0,False,False,1.0068271698186462,1.0170734897113791,-0.0865463796488441,-0.1149304575594595,NSE,False,NSE validated,False,,
2026-10-01,WAKEFIT,INE0E7301029,139.88,139.88,475700987.5657143,279.76,0.3226203955394595,0.0420075631516781,0.2101012935513085,0.1999395741055707,0.1667232559776668,0.0903320136350552,0.0309327726348194,0.0414748108074793,0.0536666663500421,0.0309327726348194,0.4601378045856819,0.0213534214765066,0.4601378045856819,0.4549601733134349,0.0328309744194843,0.1732057416267942,0.2101012935513085,0.0420075631516781,0.1732057416267942,0.4601378045856819,False,,,N100_drop0.50_s0.20_c0.05,1.0,0.0,0.0,False,False,1.0068271698186462,1.0170734897113791,-0.0865463796488441,-0.1149304575594595,NSE,False,NSE validated,False,,
2026-10-01,HALDER,INE115S01010,232.73,232.73,6402488.337777778,465.46,0.3224668850837767,0.041973841213103,0.2126066484392266,0.1974248760386305,0.1622462061631423,0.0965780684797072,0.0309007019428334,0.0414387960370285,0.0536370747570552,0.0309007019428334,0.5082320787215033,0.0161449255645797,0.5082320787215033,0.4761098355492122,0.0433277847314688,0.1732057416267942,0.2126066484392266,0.041973841213103,0.1732057416267942,0.5082320787215033,False,,,N100_drop0.50_s0.20_c0.05,1.0,0.0,0.0,False,False,1.0068271698186462,1.0170734897113791,-0.0865463796488441,-0.1149304575594595,NSE,False,NSE validated,False,,
2026-10-01,THELEELA,INE0AQ201015,568.95,568.95,270852093.33095235,1137.9,0.3224142693050897,0.0419622870264627,0.1412993631991984,0.2969743534321943,0.1735888028770172,0.0838573482589736,0.0308897152774272,0.0414268727374754,0.0536269341341624,0.0308897152774272,0.5048139652685361,0.0343697668461355,0.5048139652685361,0.4613090398851032,0.0453215074012773,0.1732057416267942,0.1412993631991984,0.0419622870264627,0.1732057416267942,0.5048139652685361,False,,,N100_drop0.50_s0.20_c0.05,1.0,0.0,0.0,False,False,1.0068271698186462,1.0170734897113791,-0.0865463796488441,-0.1149304575594595,NSE,False,NSE validated,False,,
2026-10-01,ARKADE,INE0QRL01017,118.69,118.69,60713735.688412696,237.38,0.3221869213755157,0.0419123860492031,0.2047596147719876,0.204690686177912,0.1643682329253314,0.0451688943630683,0.0308422756283149,0.0413763502095343,0.0535831286340259,0.0308422756283149,0.4598218471083197,0.0266304835862966,0.4598218471083197,0.4672256852985081,0.038677633623575,0.1732057416267942,0.2047596147719876,0.0419123860492031,0.1732057416267942,0.4598218471083197,False,,,N100_drop0.50_s0.20_c0.05,1.0,0.0,0.0,False,False,1.0068271698186462,1.0170734897113791,-0.0865463796488441,-0.1149304575594595,NSE,False,NSE validated,False,,
2026-10-01,CEMPRO,INE686A01026,1178.9,1178.9,616048744.5857145,2357.8,0.3219200476970327,0.0418538583662168,0.2191507728658389,0.1909820249269174,0.1678263043159945,0.1155977711318528,0.030786656067604,0.0413170954956668,0.0535317304776363,0.030786656067604,0.4748563984615172,0.0363950198860224,0.4748563984615172,0.486191291620643,0.0354700314174839,0.1732057416267942,0.2191507728658389,0.0418538583662168,0.1732057416267942,0.4748563984615172,False,,,N100_drop0.50_s0.20_c0.05,1.0,0.0,0.0,False,False,1.0068271698186462,1.0170734897113791,-0.0865463796488441,-0.1149304575594595,NSE,False,NSE validated,False,,
2026-10-01,KUANTUM,INE529I01021,76.71,76.71,11406145.693333331,153.42,0.3219152449673104,0.0418528055695845,0.2205216095200579,0.1897900421671726,0.1706630769229545,0.0688514610100241,0.0307856557928596,0.0413160296406971,0.0535308057319034,0.0307856557928596,0.4698874190601332,0.0319838185082665,0.4698874190601332,0.420232540199724,0.0578561596678441,0.1578542883492161,0.2205216095200579,0.0418528055695845,0.1578542883492161,0.4698874190601332,False,,,N100_drop0.50_s0.20_c0.05,1.0,0.0,0.0,False,False,1.0068271698186462,1.0170734897113791,-0.0865463796488441,-0.1149304575594595,NSE,False,NSE validated,False,,
2026-10-01,BANSWRAS,INE629D01020,105.1,105.1,5035411.787460318,210.2,0.321745243418108,0.0418155508723181,0.1932530045976136,0.216377235424543,0.1682019652899949,0.0890705438758578,0.0307502644499286,0.041278313299773,0.0534836487496693,0.0307502644499286,0.496186532094062,0.0133509827299307,0.496186532094062,0.4643553281135588,0.0496359253104829,0.1732057416267942,0.1932530045976136,0.0418155508723181,0.1732057416267942,0.496186532094062,False,,,N100_drop0.50_s0.20_c0.05,1.0,0.0,0.0,False,False,1.0068271698186462,1.0170734897113791,-0.0865463796488441,-0.1149304575594595,NSE,False,NSE validated,False,,
2026-10-01,VRLLOG,INE366I01010,285.05,285.05,102350096.05698413,570.1,0.3216485482094942,0.0417943703071463,0.1300346944589862,0.3214093783280933,0.160484201214539,0.0737971559756975,0.0307301474234544,0.0412568706597618,0.0534546789973298,0.0307301474234544,0.5247103074038245,0.0290449910929976,0.5247103074038245,0.4906912557204235,0.0319254586463974,0.1732057416267942,0.1300346944589862,0.0417943703071463,0.1732057416267942,0.5247103074038245,False,,,N100_drop0.50_s0.20_c0.05,1.0,0.0,0.0,False,False,1.0068271698186462,1.0170734897113791,-0.0865463796488441,-0.1149304575594595,NSE,False,NSE validated,False,,
2026-10-01,AEGISVOPAK,INE0INX01018,290.75,290.75,588907907.9795239,581.5,0.3215219682023019,0.041766654087793,0.1932119610862958,0.2161701265955191,0.175848715331067,0.0949311996671837,0.0307038274726882,0.0412288119197508,0.0534167714281667,0.0307038274726882,0.5027870361359406,0.0275084644412295,0.5027870361359406,0.4591878302679082,0.0380076413189613,0.1732057416267942,0.1932119610862958,0.041766654087793,0.1732057416267942,0.5027870361359406,False,,,N100_drop0.50_s0.20_c0.05,1.0,0.0,0.0,False,False,1.0068271698186462,1.0170734897113791,-0.0865463796488441,-0.1149304575594595,NSE,False,NSE validated,False,,
2026-10-01,INDOBORAX,INE803D01021,469.5,469.5,326272229.6547619,939.0,0.3207086847928505,0.0415888581436564,0.2422182732718427,0.1716999200014156,0.1666041969846919,0.0637913278118302,0.0305536479654072,0.0410488301549737,0.0532117440118137,0.0305536479654072,0.5403723108071966,0.0722974025345069,0.5403723108071966,0.5450151117891289,0.0609799717932423,0.2183449651046859,0.2422182732718427,0.0415888581436564,0.2183449651046859,0.5403723108071966,False,,,N100_drop0.50_s0.20_c0.05,1.0,0.0,0.0,False,False,1.0068271698186462,1.0170734897113791,-0.0865463796488441,-0.1149304575594595,NSE,False,NSE validated,False,,
2026-10-01,SHARDAMOTR,INE597I01028,928.8,928.8,64566072.6547619,1857.6,0.3205870246803007,0.041562303367608,0.1594201102213503,0.2607092876168504,0.1798278584653596,0.0611157687936303,0.0305282571196421,0.0410219506119297,0.0531886892619204,0.0305282571196421,0.4678668019756915,0.028677471796046,0.4678668019756915,0.4279347053028072,0.0588677102625921,0.1578542883492161,0.1594201102213503,0.041562303367608,0.1578542883492161,0.4678668019756915,False,,,N100_drop0.50_s0.20_c0.05,1.0,0.0,0.0,False,False,1.0068271698186462,1.0170734897113791,-0.0865463796488441,-0.1149304575594595,NSE,False,NSE validated,False,,
2026-10-01,CUPID,INE509F01029,312.5,312.5,8269196496.501111,625.0,0.3205737289075283,0.0415594019576947,0.2522833431464354,0.1647330396029039,0.1850143406986263,0.09711349232609,0.0305252218833601,0.0410190137443187,0.0531861699872384,0.0305252218833601,0.4549311746201868,0.059837995723542,0.4549311746201868,0.485744679443388,0.1024104602284714,0.1732057416267942,0.2522833431464354,0.0415594019576947,0.1732057416267942,0.4549311746201868,False,,,N100_drop0.50_s0.20_c0.05,1.0,0.0,0.0,False,False,1.0068271698186462,1.0170734897113791,-0.0865463796488441,-0.1149304575594595,NSE,False,NSE validated,False,,
2026-10-01,GULPOLY,INE255D01024,161.75,161.75,108826709.69587302,323.5,0.3201477581971267,0.0414665153012548,0.1818475470541395,0.2280290054663724,0.1592380970430125,0.1165590555647305,0.0304391474518937,0.040924994724032,0.0531054877050602,0.0304391474518937,0.4826062674012499,0.0057064596847901,0.4826062674012499,0.4681390616816978,0.0259850977978403,0.1732057416267942,0.1818475470541395,0.0414665153012548,0.1732057416267942,0.4826062674012499,False,,,N100_drop0.50_s0.20_c0.05,1.0,0.0,0.0,False,False,1.0068271698186462,1.0170734897113791,-0.0865463796488441,-0.1149304575594595,NSE,False,NSE validated,False,,
2026-10-01,GEOJITFSL,INE007B01023,75.7,75.7,30349281.00984128,151.4,0.3199266332103272,0.0414183496821674,0.1505142861205279,0.2751788600917303,0.1633571510123836,0.0790998674639376,0.0304039582528883,0.0408762440599276,0.0530636280612899,0.0304039582528883,0.5270949881719907,0.020901696715757,0.5270949881719907,0.5107580381050053,0.0354522469749282,0.1829411764705882,0.1505142861205279,0.0414183496821674,0.1829411764705882,0.5270949881719907,False,,,N100_drop0.50_s0.20_c0.05,1.0,0.0,0.0,False,False,1.0068271698186462,1.0170734897113791,-0.0865463796488441,-0.1149304575594595,NSE,False,NSE validated,False,,
2026-10-01,RELAXO,INE131B01039,285.35,285.35,444488578.31825393,570.7,0.3199002498689309,0.0414126052416465,0.2268270321039732,0.1825735004224002,0.160510610777398,0.0990431767969387,0.0303997614830095,0.0408704299417505,0.053058634671272,0.0303997614830095,0.4862366242272741,0.0138245368053101,0.4862366242272741,0.5260257669043087,0.0395914293285753,0.1960507757404795,0.2268270321039732,0.0414126052416465,0.1960507757404795,0.4862366242272741,False,,,N100_drop0.50_s0.20_c0.05,1.0,0.0,0.0,False,False,1.0068271698186462,1.0170734897113791,-0.0865463796488441,-0.1149304575594595,NSE,False,NSE validated,False,,
2026-10-01,MAHSEAMLES,INE271B01025,698.75,698.75,187464942.61746037,1397.5,0.3197588857649986,0.0413818347690243,0.1401304831632496,0.2953092991252677,0.1760112629635313,0.0431943140864376,0.0303772813784439,0.0408389499787574,0.0530318835186889,0.0303772813784439,0.5024567422828042,0.0149973242104316,0.5024567422828042,0.4532045855033571,0.0477561215874466,0.1732057416267942,0.1401304831632496,0.0413818347690243,0.1732057416267942,0.5024567422828042,False,,,N100_drop0.50_s0.20_c0.05,1.0,0.0,0.0,False,False,1.0068271698186462,1.0170734897113791,-0.0865463796488441,-0.1149304575594595,NSE,False,NSE validated,False,,
2026-10-01,PSPPROJECT,INE488V01015,747.1,747.1,91271485.6595238,1494.2,0.3197366409953193,0.0413769941261233,0.1914641123834058,0.2161083537329759,0.1594192680227222,0.0130151095593473,0.0303737449568938,0.040833738392504,0.0530276746005735,0.0303737449568938,0.4974680337416699,0.0190183726866769,0.4974680337416699,0.4684439597642769,0.0255826792857299,0.1732057416267942,0.1914641123834058,0.0413769941261233,0.1732057416267942,0.4974680337416699,False,,,N100_drop0.50_s0.20_c0.05,1.0,0.0,0.0,False,False,1.0068271698186462,1.0170734897113791,-0.0865463796488441,-0.1149304575594595,NSE,False,NSE validated,False,,
2026-10-01,ROTO,INE535D01037,62.66,62.66,35970176.76412698,125.32,0.3195901684116308,0.0413451295714142,0.1816497665162904,0.2276090432943464,0.1658727021511878,0.0693098154575725,0.0303504799380092,0.0407994925404847,0.052999464262196,0.0303504799380092,0.4739017759661352,0.0236688095000388,0.4739017759661352,0.4586316551823832,0.0358394621511669,0.1732057416267942,0.1816497665162904,0.0413451295714142,0.1732057416267942,0.4739017759661352,False,,,N100_drop0.50_s0.20_c0.05,1.0,0.0,0.0,False,False,1.0068271698186462,1.0170734897113791,-0.0865463796488441,-0.1149304575594595,NSE,False,NSE validated,False,,
2026-10-01,GSPCROP,INE713R01022,454.35,454.35,214262105.75476196,908.7,0.3193708904207781,0.0412974559026143,0.218658885741502,0.1888670371778812,0.1579316764939512,0.0024227550302522,0.0303158796773933,0.0407497378469743,0.0529568966693654,0.0303158796773933,0.5082988679408876,0.0521942707970603,0.5082988679408876,0.472464926049486,0.0293772128847393,0.1732057416267942,0.218658885741502,0.0412974559026143,0.1732057416267942,0.5082988679408876,False,,,N100_drop0.50_s0.20_c0.05,1.0,0.0,0.0,False,False,1.0068271698186462,1.0170734897113791,-0.0865463796488441,-0.1149304575594595,NSE,False,NSE validated,False,,
2026-10-01,MASTERTR,INE677D01037,81.66,81.66,125658309.75968254,163.32,0.3193536814959956,0.0412937159681476,0.3182311774790723,0.1297601205993188,0.1848299075045752,0.1355641550110857,0.0303131653439842,0.0407458348057336,0.0529535566933073,0.0303131653439842,0.4201476682108023,0.0934055091439036,0.4201476682108023,0.4425799356585452,0.1320260681729551,0.1648675171736997,0.3182311774790723,0.0412937159681476,0.1648675171736997,0.4201476682108023,False,,,N100_drop0.50_s0.20_c0.05,1.0,0.0,0.0,False,False,1.0068271698186462,1.0170734897113791,-0.0865463796488441,-0.1149304575594595,NSE,False,NSE validated,False,,
2026-10-01,SEAMECLTD,INE497B01018,1594.7,1594.7,134667820.23492062,3189.4,0.318775444325018,0.0411681765503925,0.1455394551411467,0.2828660895457314,0.1660629011640381,0.055799817742379,0.0302120261853715,0.0406148327444012,0.0528124285235744,0.0302120261853715,0.5655466068419047,0.0536083598465571,0.5655466068419047,0.5054877917195739,0.0155774106207189,0.1829411764705882,0.1455394551411467,0.0411681765503925,0.1829411764705882,0.5655466068419047,False,,,N100_drop0.50_s0.20_c0.05,1.0,0.0,0.0,False,False,1.0068271698186462,1.0170734897113791,-0.0865463796488441,-0.1149304575594595,NSE,False,NSE validated,False,,
2026-10-01,PARADEEP,INE088F01024,151.22,151.22,1098124564.2571428,302.44,0.3183306298359999,0.0410717706509124,0.1762181243328106,0.2330734753103099,0.1725594423435452,0.1123607743193372,0.0301337950679553,0.040514248285329,0.0526678129604236,0.0301337950679553,0.4557654793237717,0.0309196374157127,0.4557654793237717,0.4440496219478317,0.0404360317991216,0.1648675171736997,0.1762181243328106,0.0410717706509124,0.1648675171736997,0.4557654793237717,False,,,N100_drop0.50_s0.20_c0.05,1.0,0.0,0.0,False,False,1.0068271698186462,1.0170734897113791,-0.0865463796488441,-0.1149304575594595,NSE,False,NSE validated,False,,
2026-10-01,J&KBANK,INE168A01041,139.98,139.98,691352169.0266666,279.96,0.3181854288403533,0.0410403321293669,0.2104283027396679,0.1950323772755041,0.1647361430886942,0.0566641552819359,0.0301083099246557,0.0404814501956189,0.0526366574278153,0.0301083099246557,0.4641936292131536,0.0246945515326471,0.4641936292131536,0.4704934539631477,0.0250986202416738,0.1732057416267942,0.2104283027396679,0.0410403321293669,0.1732057416267942,0.4641936292131536,False,,,N100_drop0.50_s0.20_c0.05,1.0,0.0,0.0,False,False,1.0068271698186462,1.0170734897113791,-0.0865463796488441,-0.1149304575594595,NSE,False,NSE validated,False,,
2026-10-01,KRBL,INE001B01026,375.9,375.9,246019244.434127,751.8,0.3179233009221374,0.0409836158792735,0.1729009690131537,0.2370352006306898,0.159948431160184,0.0773605381412833,0.0300630848541492,0.0404222850769482,0.0525804382143557,0.0300630848541492,0.5075690801914458,0.0106788825486328,0.5075690801914458,0.4709501485872083,0.0194767878791125,0.1732057416267942,0.1729009690131537,0.0409836158792735,0.1732057416267942,0.5075690801914458,False,,,N100_drop0.50_s0.20_c0.05,1.0,0.0,0.0,False,False,1.0068271698186462,1.0170734897113791,-0.0865463796488441,-0.1149304575594595,NSE,False,NSE validated,False,,
2026-10-01,SANSTAR,INE08NE01025,103.0,103.0,28444618.810158733,206.0,0.3173217599856676,0.040853650684532,0.1618082622518533,0.2524818579470537,0.1603408020273638,0.0526723929233987,0.0299599579301366,0.0402867269823129,0.052441865545076,0.0299599579301366,0.4962206137182327,0.0084220699631024,0.4962206137182327,0.4843774815180234,0.0159133860350538,0.1732057416267942,0.1618082622518533,0.040853650684532,0.1732057416267942,0.4962206137182327,False,,,N100_drop0.50_s0.20_c0.05,1.0,0.0,0.0,False,False,1.0068271698186462,1.0170734897113791,-0.0865463796488441,-0.1149304575594595,NSE,False,NSE validated,False,,
2026-10-01,JSFB,INE953L01027,482.4,482.4,583578849.3007936,964.8,0.3169434444482689,0.0407720490953676,0.1966675689887649,0.2073145526993159,0.164213826117564,0.1153195321088659,0.0298952231485132,0.0402016270840603,0.0523359564576346,0.0298952231485132,0.4971936085473079,0.004723172740438,0.4971936085473079,0.4634342965630837,0.0268080517799017,0.1732057416267942,0.1966675689887649,0.0407720490953676,0.1732057416267942,0.4971936085473079,False,,,N100_drop0.50_s0.20_c0.05,1.0,0.0,0.0,False,False,1.0068271698186462,1.0170734897113791,-0.0865463796488441,-0.1149304575594595,NSE,False,NSE validated,False,,
2026-10-01,HERANBA,INE694N01015,172.12,172.12,17599587.5715873,344.24,0.316930070637463,0.0407691663064345,0.2452890472729672,0.1662086699740208,0.1699033903626906,0.0453974820758553,0.0298929364465954,0.0401986208964648,0.0523322149463116,0.0298929364465954,0.4070547472945593,0.0683758784137009,0.4070547472945593,0.4009710954728898,0.072521332686391,0.1578542883492161,0.2452890472729672,0.0407691663064345,0.1578542883492161,0.4070547472945593,False,,,N100_drop0.50_s0.20_c0.05,1.0,0.0,0.0,False,False,1.0068271698186462,1.0170734897113791,-0.0865463796488441,-0.1149304575594595,NSE,False,NSE validated,False,,
2026-10-01,ARMANFIN,INE109C01017,1764.4,1764.4,95988665.1063492,3528.8,0.3169116947030546,0.0407652054977861,0.178600542729411,0.2282479374071526,0.1582194944469941,0.0943806996744389,0.0298897946567033,0.040194490565154,0.0523270742961831,0.0298897946567033,0.4985794055311905,0.0072184205846621,0.4985794055311905,0.4778925458377661,0.0250393771439296,0.1732057416267942,0.178600542729411,0.0407652054977861,0.1732057416267942,0.4985794055311905,False,,,N100_drop0.50_s0.20_c0.05,1.0,0.0,0.0,False,False,1.0068271698186462,1.0170734897113791,-0.0865463796488441,-0.1149304575594595,NSE,False,NSE validated,False,,
2026-10-01,PCBL,INE602A01031,321.5,321.5,689500865.9809524,643.0,0.316197888172867,0.0406115390244095,0.1995295269214611,0.2035364873109483,0.1717971443724693,0.1115325244583352,0.0297679256586815,0.0400342659223168,0.0521276341738669,0.0297679256586815,0.4666262936660776,0.0266406261102924,0.4666262936660776,0.4427686315059326,0.0445185384627482,0.1648675171736997,0.1995295269214611,0.0406115390244095,0.1648675171736997,0.4666262936660776,False,,,N100_drop0.50_s0.20_c0.05,1.0,0.0,0.0,False,False,1.0068271698186462,1.0170734897113791,-0.0865463796488441,-0.1149304575594595,NSE,False,NSE validated,False,,
2026-10-01,SHOPERSTOP,INE498B01024,404.7,404.7,99521686.23253968,809.4,0.3161912450364098,0.0406101106423656,0.213448804051092,0.1902569134687915,0.1727264480282068,0.0949592302670299,0.0297667930483374,0.0400327767516385,0.0521257803136083,0.0297667930483374,0.4792385910885448,0.0319249543593028,0.4792385910885448,0.4465257693129523,0.050486783145504,0.1648675171736997,0.213448804051092,0.0406101106423656,0.1648675171736997,0.4792385910885448,False,,,N100_drop0.50_s0.20_c0.05,1.0,0.0,0.0,False,False,1.0068271698186462,1.0170734897113791,-0.0865463796488441,-0.1149304575594595,NSE,False,NSE validated,False,,
2026-10-01,MUTHOOTMF,INE046W01019,174.09,174.09,189103238.4536508,348.18,0.3160236506570529,0.0405740857117486,0.2038942109412905,0.1989957710149581,0.1576350006855086,0.0692980961653219,0.0297382289551006,0.0399952197311562,0.0520790245057841,0.0297382289551006,0.4751266276635104,0.0187217583966747,0.4751266276635104,0.4512089397376304,0.0392227927340654,0.1648675171736997,0.2038942109412905,0.0405740857117486,0.1648675171736997,0.4751266276635104,False,,,N100_drop0.50_s0.20_c0.05,1.0,0.0,0.0,False,False,1.0068271698186462,1.0170734897113791,-0.0865463796488441,-0.1149304575594595,NSE,False,NSE validated,False,,
2026-10-01,SAPPHIRE,INE806T01020,209.82,209.82,396805038.2507936,419.64,0.3159858740125151,0.0405659683147567,0.2185329775512001,0.1856285891920018,0.1595424043384438,0.1027681218572871,0.029731793017148,0.0399867573910061,0.0520684891559986,0.029731793017148,0.4782008585779416,0.0130301183950078,0.4782008585779416,0.4928497898973861,0.0298575022112957,0.1732057416267942,0.2185329775512001,0.0405659683147567,0.1732057416267942,0.4782008585779416,False,,,N100_drop0.50_s0.20_c0.05,1.0,0.0,0.0,False,False,1.0068271698186462,1.0170734897113791,-0.0865463796488441,-0.1149304575594595,NSE,False,NSE validated,False,,
2026-10-01,ITDC,INE353K01014,665.6,665.6,1500804646.3039682,1331.2,0.3159304090603374,0.0405540519492099,0.2177805243160065,0.1862152369987168,0.1706971066349979,0.0461664897026089,0.029722345258542,0.0399743348333138,0.0520530232316877,0.029722345258542,0.4894838793383498,0.0244703883265961,0.4894838793383498,0.4757888059820676,0.036189027019971,0.1732057416267942,0.2177805243160065,0.0405540519492099,0.1732057416267942,0.4894838793383498,False,,,N100_drop0.50_s0.20_c0.05,1.0,0.0,0.0,False,False,1.0068271698186462,1.0170734897113791,-0.0865463796488441,-0.1149304575594595,NSE,False,NSE validated,False,,
2026-10-01,RELIABLE,INE375Y01018,140.73,140.73,5474524.245396826,281.46,0.3158825168511894,0.0405437643411327,0.1463213270205587,0.2770871831652826,0.1731071269077675,0.0613903140828539,0.0297141890523677,0.0399636103982324,0.0520396712308303,0.0297141890523677,0.5227030217302997,0.0209543631456603,0.5227030217302997,0.4818725872533373,0.0162419778542545,0.1732057416267942,0.1463213270205587,0.0405437643411327,0.1732057416267942,0.5227030217302997,False,,,N100_drop0.50_s0.20_c0.05,1.0,0.0,0.0,False,False,1.0068271698186462,1.0170734897113791,-0.0865463796488441,-0.1149304575594595,NSE,False,NSE validated,False,,
2026-10-01,APTECHT,INE266F01018,87.03,87.03,6015083.498412699,174.06,0.3155246645365109,0.0404669474901008,0.1955233328113921,0.2069673573390678,0.1707903910464367,0.0171736347383124,0.0296618338758215,0.0398835369964253,0.0519399728856059,0.0296618338758215,0.5143705169491986,0.0103312163366921,0.5143705169491986,0.4706970856129979,0.0276279445510967,0.1732057416267942,0.1955233328113921,0.0404669474901008,0.1732057416267942,0.5143705169491986,False,,,N100_drop0.50_s0.20_c0.05,1.0,0.0,0.0,False,False,1.0068271698186462,1.0170734897113791,-0.0865463796488441,-0.1149304575594595,NSE,False,NSE validated,False,,
2026-10-01,DEVYANI,INE872J01023,127.07,127.07,546076472.9809524,254.14,0.3155243674762398,0.0404668837613863,0.1927214445374952,0.2099760296966499,0.1598312695308186,0.0554779626985252,0.0296617948785506,0.0398834705698293,0.0519398901740545,0.0296617948785506,0.4798700232522941,0.0324771079011223,0.4798700232522941,0.4686056459985539,0.025413958031274,0.1732057416267942,0.1927214445374952,0.0404668837613863,0.1732057416267942,0.4798700232522941,False,,,N100_drop0.50_s0.20_c0.05,1.0,0.0,0.0,False,False,1.0068271698186462,1.0170734897113791,-0.0865463796488441,-0.1149304575594595,NSE,False,NSE validated,False,,
2026-10-01,EXPLEOSOL,INE201K01015,848.75,848.75,154797432.22619048,1697.5,0.315512308244911,0.040464296733139,0.1905440613297526,0.2123618886400883,0.1607335058769095,0.1480087862333154,0.0296602118006683,0.0398807740280731,0.0519365325492556,0.0296602118006683,0.482634566155401,0.0081733008456735,0.482634566155401,0.4895448682522232,0.0148655602465751,0.1732057416267942,0.1905440613297526,0.040464296733139,0.1732057416267942,0.482634566155401,False,,,N100_drop0.50_s0.20_c0.05,1.0,0.0,0.0,False,False,1.0068271698186462,1.0170734897113791,-0.0865463796488441,-0.1149304575594595,NSE,False,NSE validated,False,,
2026-10-01,CGCL,INE180C01042,249.23,249.23,1316052362.5974605,498.46,0.3154672226931965,0.0404546256053328,0.1802612331452433,0.2244222171316061,0.1722120916358086,0.0996646218314425,0.0296542936266596,0.0398706935965895,0.0519239806904864,0.0296542936266596,0.4962908887097541,0.0311105654012767,0.4962908887097541,0.4560298669660403,0.0424442730235274,0.1732057416267942,0.1802612331452433,0.0404546256053328,0.1732057416267942,0.4962908887097541,False,,,N100_drop0.50_s0.20_c0.05,1.0,0.0,0.0,False,False,1.0068271698186462,1.0170734897113791,-0.0865463796488441,-0.1149304575594595,NSE,False,NSE validated,False,,
2026-10-01,RELINFRA,INE036A01016,46.48,46.48,34804421.1615873,92.96,0.3154631203684636,0.0404537457043956,0.3011860875113392,0.1343147887030892,0.1819212355880026,0.0542210682495793,0.0296537551677547,0.0398697764635185,0.0519228386943365,0.0296537551677547,0.5628206892377453,0.0935557956057063,0.5628206892377453,0.5468958123224833,0.0723766917375701,0.2183449651046859,0.3011860875113392,0.0404537457043956,0.2183449651046859,0.5628206892377453,False,,,N100_drop0.50_s0.20_c0.05,1.0,0.0,0.0,False,False,1.0068271698186462,1.0170734897113791,-0.0865463796488441,-0.1149304575594595,NSE,False,NSE validated,False,,
2026-10-01,EDELWEISS,INE532F01054,137.9,137.9,790893242.415238,275.8,0.3154509326563028,0.0404511316536441,0.154948913577559,0.2610610860036554,0.1814397087430776,0.0400737251218456,0.0296521554789473,0.0398670518089251,0.0519194459990609,0.0296521554789473,0.4733407578404538,0.0299524983338824,0.4733407578404538,0.4133987592661152,0.0643740442007908,0.1578542883492161,0.154948913577559,0.0404511316536441,0.1578542883492161,0.4733407578404538,False,,,N100_drop0.50_s0.20_c0.05,1.0,0.0,0.0,False,False,1.0068271698186462,1.0170734897113791,-0.0865463796488441,-0.1149304575594595,NSE,False,NSE validated,False,,
2026-10-01,ATULAUTO,INE951D01028,424.8,424.8,110555228.81904764,849.6,0.3153832289148393,0.0404366123414278,0.206997135658239,0.1953486564576933,0.158825819435927,0.0378808592995478,0.0296432700005417,0.0398519183598764,0.0519006018391092,0.0296432700005417,0.4570528001728429,0.0345227834532936,0.4570528001728429,0.4431387996341263,0.0389375637415567,0.1648675171736997,0.206997135658239,0.0404366123414278,0.1648675171736997,0.4570528001728429,False,,,N100_drop0.50_s0.20_c0.05,1.0,0.0,0.0,False,False,1.0068271698186462,1.0170734897113791,-0.0865463796488441,-0.1149304575594595,NSE,False,NSE validated,False,,
2026-10-01,INFOBEAN,INE344S01016,143.58,143.58,85998261.79714286,287.16,0.3151749168005611,0.0403919598218374,0.2014224412652472,0.2005335630335571,0.1679159701036997,0.0477624476780824,0.0296159408182993,0.0398053791916666,0.0518426487816103,0.0296159408182993,0.4579792769398195,0.0311624384088973,0.4579792769398195,0.4549232523351422,0.0535968177872313,0.1732057416267942,0.2014224412652472,0.0403919598218374,0.1732057416267942,0.4579792769398195,False,,,N100_drop0.50_s0.20_c0.05,1.0,0.0,0.0,False,False,1.0068271698186462,1.0170734897113791,-0.0865463796488441,-0.1149304575594595,NSE,False,NSE validated,False,,
2026-10-01,AEGISLOG,INE208C01025,1401.1,1401.1,1752745413.760317,2802.2,0.3149840504694959,0.0403510743764272,0.2172466503252403,0.1857385341316775,0.1756809539477358,0.1241941428330809,0.0295909134136615,0.0397627689927529,0.0517895849513403,0.0295909134136615,0.482490783268485,0.0593879045887128,0.482490783268485,0.4683520353209272,0.0591810705305608,0.1732057416267942,0.2172466503252403,0.0403510743764272,0.1732057416267942,0.482490783268485,False,,,N100_drop0.50_s0.20_c0.05,1.0,0.0,0.0,False,False,1.0068271698186462,1.0170734897113791,-0.0865463796488441,-0.1149304575594595,NSE,False,NSE validated,False,,
2026-10-01,SYRMA,INE0DYJ01015,1717.9,1717.9,2823250830.7761903,3435.8,0.3147111887869619,0.0402926703569644,0.213325741504828,0.1888786138641059,0.1842999785541356,0.130531311453934,0.0295460017631635,0.0397019057294805,0.0517123601843014,0.0295460017631635,0.4871120588308626,0.0612153944430956,0.4871120588308626,0.4205402145635055,0.0699736498720445,0.1578542883492161,0.213325741504828,0.0402926703569644,0.1578542883492161,0.4871120588308626,False,,,N100_drop0.50_s0.20_c0.05,1.0,0.0,0.0,False,False,1.0068271698186462,1.0170734897113791,-0.0865463796488441,-0.1149304575594595,NSE,False,NSE validated,False,,
2026-10-01,KPEL,INE127T01021,218.0,218.0,83700360.15809524,436.0,0.3144401087613836,0.0402347008209935,0.2615894149379879,0.1538085966916189,0.1623944454043457,0.0286548816870966,0.0294928668113695,0.0396425040559246,0.0516354458246823,0.0294928668113695,0.4809878303047155,0.0526830803160871,0.4809878303047155,0.4583209094074594,0.028073867411128,0.1732057416267942,0.2615894149379879,0.0402347008209935,0.1732057416267942,0.4809878303047155,False,,,N100_drop0.50_s0.20_c0.05,1.0,0.0,0.0,False,False,1.0068271698186462,1.0170734897113791,-0.0865463796488441,-0.1149304575594595,NSE,False,NSE validated,False,,
2026-10-01,SHREDIGCEM,INE232A01011,66.69,66.69,6621145.693333333,133.38,0.314378922328214,0.0402216236319659,0.1872117156415375,0.2148456547932079,0.168739479241082,0.0916618994452627,0.0294808829416474,0.0396297043475842,0.0516180952456043,0.0294808829416474,0.5039055159706055,0.0119044707336555,0.5039055159706055,0.4610509657128321,0.0299468348389972,0.1732057416267942,0.1872117156415375,0.0402216236319659,0.1732057416267942,0.5039055159706055,False,,,N100_drop0.50_s0.20_c0.05,1.0,0.0,0.0,False,False,1.0068271698186462,1.0170734897113791,-0.0865463796488441,-0.1149304575594595,NSE,False,NSE validated,False,,
2026-10-01,TIPSMUSIC,INE716B01029,644.2,644.2,379763738.2928572,1288.4,0.3143785184487049,0.0402215373209881,0.1675355033162253,0.2400776941295215,0.1675473350759577,0.0926617139215678,0.0294808038500065,0.03962963235528,0.0516179807301451,0.0294808038500065,0.47345108228069,0.019799502402334,0.47345108228069,0.4373026570352052,0.0448325053697972,0.1578542883492161,0.1675355033162253,0.0402215373209881,0.1578542883492161,0.47345108228069,False,,,N100_drop0.50_s0.20_c0.05,1.0,0.0,0.0,False,False,1.0068271698186462,1.0170734897113791,-0.0865463796488441,-0.1149304575594595,NSE,False,NSE validated,False,,
2026-10-01,SMARTWORKS,INE0NAZ01010,510.65,510.65,64983668.67936508,1021.3,0.3143777605302938,0.0402213753505251,0.1545681958997842,0.2602176671364075,0.1608995198170364,0.0803111983607458,0.0294806554274079,0.0396294972550689,0.0516177658314006,0.0294806554274079,0.5075959708711631,0.0328296060635015,0.5075959708711631,0.4703631455808977,0.0327837360118891,0.1732057416267942,0.1545681958997842,0.0402213753505251,0.1732057416267942,0.5075959708711631,False,,,N100_drop0.50_s0.20_c0.05,1.0,0.0,0.0,False,False,1.0068271698186462,1.0170734897113791,-0.0865463796488441,-0.1149304575594595,NSE,False,NSE validated,False,,
2026-10-01,SUNDRMFAST,INE387A01021,1123.6,1123.6,246883408.4126984,2247.2,0.3143657961741519,0.040218818570326,0.1601012012649365,0.2512087245602339,0.1694631692013088,0.0873543764899583,0.0294783125268456,0.0396273646255072,0.0516143735557071,0.0294783125268456,0.5264441293112335,0.0388368035729193,0.5264441293112335,0.4756206154233057,0.0525558019377904,0.1732057416267942,0.1601012012649365,0.040218818570326,0.1732057416267942,0.5264441293112335,False,,,N100_drop0.50_s0.20_c0.05,1.0,0.0,0.0,False,False,1.0068271698186462,1.0170734897113791,-0.0865463796488441,-0.1149304575594595,NSE,False,NSE validated,False,,
2026-10-01,BCLIND,INE412G01024,31.24,31.24,72047205.22619048,62.48,0.3141431738855456,0.040171263027267,0.1814318346489416,0.2214124280063405,0.1554340667306164,0.0860773998757411,0.0294347420254596,0.0395876951125736,0.0515512788076348,0.0294347420254596,0.4819271634838655,0.0063962525512738,0.4819271634838655,0.469733263051541,0.0205802133024407,0.1732057416267942,0.1814318346489416,0.040171263027267,0.1732057416267942,0.4819271634838655,False,,,N100_drop0.50_s0.20_c0.05,1.0,0.0,0.0,False,False,1.0068271698186462,1.0170734897113791,-0.0865463796488441,-0.1149304575594595,NSE,False,NSE validated,False,,
2026-10-01,RPSGVENT,INE425Y01011,829.85,829.85,26630587.215079363,1659.7,0.3139252091964459,0.0401247369510566,0.1914815489638838,0.2095488425290771,0.1697091003228852,0.0590053415182442,0.0293921274567888,0.0395488786935438,0.0514895514330038,0.0293921274567888,0.4825262835023141,0.0172414780662496,0.4825262835023141,0.4599082445740063,0.0416048515800488,0.1732057416267942,0.1914815489638838,0.0401247369510566,0.1732057416267942,0.4825262835023141,False,,,N100_drop0.50_s0.20_c0.05,1.0,0.0,0.0,False,False,1.0068271698186462,1.0170734897113791,-0.0865463796488441,-0.1149304575594595,NSE,False,NSE validated,False,,
2026-10-01,PANSARI,INE697V01011,260.0,260.0,6126326.882539682,520.0,0.3136625996520795,0.0400687264623106,0.1937475617928977,0.2068089326726146,0.1596010070902627,0.0604725613873343,0.0293408425637861,0.0395021420502248,0.0514152428366402,0.0293408425637861,0.5057753007512441,0.0122225784980115,0.5057753007512441,0.4589608227101144,0.0632147399295817,0.1732057416267942,0.1937475617928977,0.0400687264623106,0.1732057416267942,0.5057753007512441,False,,,N100_drop0.50_s0.20_c0.05,1.0,0.0,0.0,False,False,1.0068271698186462,1.0170734897113791,-0.0865463796488441,-0.1149304575594595,NSE,False,NSE validated,False,,
2026-10-01,NSLNISP,INE0NNS01018,40.95,40.95,290637622.85968256,81.9,0.3136169902195461,0.0400590037344443,0.1906268561124963,0.2101435471967493,0.1627483961635858,0.0845296403157138,0.0293319420029496,0.0394940283184828,0.0514023440066353,0.0293319420029496,0.4733647439280466,0.0186791973247092,0.4733647439280466,0.4612999938392805,0.0319042896151516,0.1732057416267942,0.1906268561124963,0.0400590037344443,0.1732057416267942,0.4733647439280466,False,,,N100_drop0.50_s0.20_c0.05,1.0,0.0,0.0,False,False,1.0068271698186462,1.0170734897113791,-0.0865463796488441,-0.1149304575594595,NSE,False,NSE validated,False,,
2026-10-01,KARURVYSYA,INE036D01028,325.3,325.3,1167373712.584127,650.6,0.3135336688196842,0.0400412456651921,0.1485739583278593,0.2695037953881045,0.1646886507578863,0.0899409734229174,0.0293156870026414,0.0394792083656495,0.0513787851184664,0.0293156870026414,0.5169014743728296,0.0298682515894658,0.5169014743728296,0.4641836891321882,0.0292665199586417,0.1732057416267942,0.1485739583278593,0.0400412456651921,0.1732057416267942,0.5169014743728296,False,,,N100_drop0.50_s0.20_c0.05,1.0,0.0,0.0,False,False,1.0068271698186462,1.0170734897113791,-0.0865463796488441,-0.1149304575594595,NSE,False,NSE validated,False,,
2026-10-01,KPIGREEN,INE542W01025,345.6,345.6,582834658.9460318,691.2,0.3135331998513287,0.0400411457293083,0.2764018032569725,0.1448657181591605,0.1747418570262109,0.050833020524866,0.0293155955306801,0.0394791249620874,0.0513786525383307,0.0293155955306801,0.4343088097066959,0.0523183737218255,0.4343088097066959,0.4090319454673757,0.0686748406307263,0.1578542883492161,0.2764018032569725,0.0400411457293083,0.1578542883492161,0.4343088097066959,False,,,N100_drop0.50_s0.20_c0.05,1.0,0.0,0.0,False,False,1.0068271698186462,1.0170734897113791,-0.0865463796488441,-0.1149304575594595,NSE,False,NSE validated,False,,
2026-10-01,TANLA,INE483C01032,487.75,487.75,663013038.6277777,975.5,0.3135303778877434,0.0400405443798585,0.2297498702084403,0.1742788552765307,0.1639966112323072,0.0054651160366948,0.0293150451128665,0.0394786230928993,0.0513778547570549,0.0293150451128665,0.4513721862402993,0.0372323132927905,0.4513721862402993,0.4517563382550251,0.0323950056126855,0.171875,0.2297498702084403,0.0400405443798585,0.171875,0.4513721862402993,False,,,N100_drop0.50_s0.20_c0.05,1.0,0.0,0.0,False,False,1.0068271698186462,1.0170734897113791,-0.0865463796488441,-0.1149304575594595,NSE,False,NSE validated,False,,
2026-10-01,CARYSIL,INE482D01024,1044.8,1044.8,133974446.84603176,2089.6,0.312918833762863,0.0399103614024183,0.1849851067472871,0.2157490519328179,0.1628074063211164,0.0765284676330188,0.0292058147287875,0.0393639126112744,0.051214091618031,0.0292058147287875,0.4987803174496418,0.0152138591014035,0.4987803174496418,0.4828913813453727,0.0521092695674617,0.1732057416267942,0.1849851067472871,0.0399103614024183,0.1732057416267942,0.4987803174496418,False,,,N100_drop0.50_s0.20_c0.05,1.0,0.0,0.0,False,False,1.0068271698186462,1.0170734897113791,-0.0865463796488441,-0.1149304575594595,NSE,False,NSE validated,False,,
2026-10-01,PPLPHARMA,INE0DK501011,197.97,197.97,1109531618.575873,395.94,0.3128413076197539,0.0398938770938338,0.1376635358828663,0.2897926225560436,0.1670807482777306,0.0485713462570572,0.0291925039628907,0.0393463322088812,0.0511971799817822,0.0291925039628907,0.5096125487144804,0.0291599601233514,0.5096125487144804,0.4589080396536311,0.0341787434800311,0.1732057416267942,0.1376635358828663,0.0398938770938338,0.1732057416267942,0.5096125487144804,False,,,N100_drop0.50_s0.20_c0.05,1.0,0.0,0.0,False,False,1.0068271698186462,1.0170734897113791,-0.0865463796488441,-0.1149304575594595,NSE,False,NSE validated,False,,
2026-10-01,VENKEYS,INE398A01010,1613.0,1613.0,145247487.14444444,3226.0,0.3127961116329788,0.0398842690999897,0.1570003249786715,0.2540394047299458,0.1637565839957542,0.0977718695181993,0.0291847459769864,0.0393360856395253,0.0511873222993699,0.0291847459769864,0.5133846360347015,0.0366009818180646,0.5133846360347015,0.4856029007500352,0.0548881882317407,0.1732057416267942,0.1570003249786715,0.0398842690999897,0.1732057416267942,0.5133846360347015,False,,,N100_drop0.50_s0.20_c0.05,1.0,0.0,0.0,False,False,1.0068271698186462,1.0170734897113791,-0.0865463796488441,-0.1149304575594595,NSE,False,NSE validated,False,,
2026-10-01,UJJIVANSFB,INE551W01018,65.6,65.6,1250271521.358254,131.2,0.3125476541439227,0.0398314768359959,0.1520616143790371,0.2619430090799238,0.1745963495704643,0.0734634682114179,0.0291421225684041,0.0392797884646646,0.0511331499686122,0.0291421225684041,0.4784836641925869,0.0176747938295555,0.4784836641925869,0.4349488444085215,0.0513963580930107,0.1578542883492161,0.1520616143790371,0.0398314768359959,0.1578542883492161,0.4784836641925869,False,,,N100_drop0.50_s0.20_c0.05,1.0,0.0,0.0,False,False,1.0068271698186462,1.0170734897113791,-0.0865463796488441,-0.1149304575594595,NSE,False,NSE validated,False,,
2026-10-01 00:00:00,BGDL,INE893C01032,108.7,108.7,11079427.936507937,217.4,0.3124335139166077,0.03980723911000131,0.29727326463718307,0.13390790173675848,0.15107978012979936,0.06169064102515803,,,,,0.4726815061758481,0.018954918942855923,0.4726815061758481,0.5131493232447587,0.010565728112262284,0.18294117647058825,0.29727326463718307,0.03980723911000131,0.18294117647058825,0.4726815061758481,False,,,N100_drop0.50_s0.20_c0.05,1.0,0.0,0.0,False,False,1.0068271698186462,1.0170734897113791,-0.08654637964884415,-0.11493045755945958,BSE,True,NSE-trained; BSE current transfer,False,,
2026-10-01,TCC,INE887D01024,47.47,47.47,147187059.2790476,94.94,0.3123179806957015,0.0397827150627412,0.2705791752758025,0.1470280002967359,0.1681047933498354,0.0526254126776932,0.0291027589631414,0.0392277951118787,0.0510823423692039,0.0291027589631414,0.4185132321482901,0.0616638489482191,0.4185132321482901,0.4222994001304041,0.0609635567804658,0.1578542883492161,0.2705791752758025,0.0397827150627412,0.1578542883492161,0.4185132321482901,False,,,N100_drop0.50_s0.20_c0.05,1.0,0.0,0.0,False,False,1.0068271698186462,1.0170734897113791,-0.0865463796488441,-0.1149304575594595,NSE,False,NSE validated,False,,
2026-10-01,NAVKARCORP,INE278M01019,85.07,85.07,65722143.60095237,170.14,0.3122989213339209,0.0397786702796253,0.2140478190650938,0.185840110183642,0.1595382211457348,0.0303068652996027,0.0290994940014788,0.0392234825176232,0.0510761693929049,0.0290994940014788,0.4583625631564778,0.0274438312398111,0.4583625631564778,0.4388121555287491,0.0413834688887298,0.1578542883492161,0.2140478190650938,0.0397786702796253,0.1578542883492161,0.4583625631564778,False,,,N100_drop0.50_s0.20_c0.05,1.0,0.0,0.0,False,False,1.0068271698186462,1.0170734897113791,-0.0865463796488441,-0.1149304575594595,NSE,False,NSE validated,False,,
2026-10-01,JSWINFRA,INE880J01026,357.45,357.45,1245156009.811905,714.9,0.312098286144821,0.0397361071623105,0.1517789572148474,0.261802478363736,0.1884550558634718,0.0587080986602833,0.0290651391920732,0.0391781035376305,0.0510112179596638,0.0290651391920732,0.4788465004899294,0.0237211625314813,0.4788465004899294,0.4042086587410858,0.0717199860779851,0.1578542883492161,0.1517789572148474,0.0397361071623105,0.1578542883492161,0.4788465004899294,False,,,N100_drop0.50_s0.20_c0.05,1.0,0.0,0.0,False,False,1.0068271698186462,1.0170734897113791,-0.0865463796488441,-0.1149304575594595,NSE,False,NSE validated,False,,
2026-10-01,PARKHOSPS,INE119201023,270.8,270.8,196608033.85476187,541.6,0.312053341496202,0.0397265764618869,0.1514614218765945,0.2622884162163404,0.1705177681976545,0.0702851516651956,0.0290574470586719,0.0391698031404184,0.0509966757349381,0.0290574470586719,0.5450436929361423,0.039831842262216,0.5450436929361423,0.5076056684714708,0.0388989197111871,0.1829411764705882,0.1514614218765945,0.0397265764618869,0.1829411764705882,0.5450436929361423,False,,,N100_drop0.50_s0.20_c0.05,1.0,0.0,0.0,False,False,1.0068271698186462,1.0170734897113791,-0.0865463796488441,-0.1149304575594595,NSE,False,NSE validated,False,,
2026-10-01,SINDHUTRAD,INE325D01025,22.23,22.23,43768405.053333335,44.46,0.3117998088303583,0.0396728407965878,0.2196237293662147,0.1806400470071011,0.1645371705486565,0.1433877346442192,0.0290140814373672,0.0391234024248246,0.0509146955776513,0.0290140814373672,0.4461659726918149,0.0391044583445959,0.4461659726918149,0.4305217653392341,0.069366085481547,0.1578542883492161,0.2196237293662147,0.0396728407965878,0.1578542883492161,0.4461659726918149,False,,,N100_drop0.50_s0.20_c0.05,1.0,0.0,0.0,False,False,1.0068271698186462,1.0170734897113791,-0.0865463796488441,-0.1149304575594595,NSE,False,NSE validated,False,,
2026-10-01,ALGOQUANT,INE598D01035,67.51,67.51,93248378.64000002,135.02,0.3115445653428628,0.0396187888209195,0.1573445657506932,0.2517963593588233,0.1727670812118878,0.070416208383714,0.028970467234932,0.0390767218945882,0.0508322522574865,0.028970467234932,0.5021007353447121,0.005550517532459,0.5021007353447121,0.4436195399546787,0.0452867372421284,0.1648675171736997,0.1573445657506932,0.0396187888209195,0.1648675171736997,0.5021007353447121,False,,,N100_drop0.50_s0.20_c0.05,1.0,0.0,0.0,False,False,1.0068271698186462,1.0170734897113791,-0.0865463796488441,-0.1149304575594595,NSE,False,NSE validated,False,,
2026-10-01,MOLDTKPAC,INE893J01029,658.85,658.85,57494741.86111112,1317.7,0.3115283763260099,0.0396153620977794,0.1543346997320281,0.2566847388601768,0.1607703151106662,0.079401687041805,0.0289677024595985,0.0390737622714764,0.0508270262702934,0.0289677024595985,0.4860054893914357,0.0159101927631955,0.4860054893914357,0.4964515480279041,0.0291142077351349,0.1829411764705882,0.1543346997320281,0.0396153620977794,0.1829411764705882,0.4860054893914357,False,,,N100_drop0.50_s0.20_c0.05,1.0,0.0,0.0,False,False,1.0068271698186462,1.0170734897113791,-0.0865463796488441,-0.1149304575594595,NSE,False,NSE validated,False,,
2026-10-01,MARATHON,INE182D01020,388.1,388.1,83530608.78412698,776.2,0.3114992929029643,0.0396092064894114,0.2620377308282361,0.1511584089978818,0.1565850739023071,0.0693022504272775,0.0289627360117004,0.0390684456724167,0.0508176387432695,0.0289627360117004,0.4265349887434,0.0467564259690806,0.4265349887434,0.4888684730348509,0.0682488771334686,0.1732057416267942,0.2620377308282361,0.0396092064894114,0.1732057416267942,0.4265349887434,False,,,N100_drop0.50_s0.20_c0.05,1.0,0.0,0.0,False,False,1.0068271698186462,1.0170734897113791,-0.0865463796488441,-0.1149304575594595,NSE,False,NSE validated,False,,
2026-10-01,ECLERX,INE738I01010,1802.9,1802.9,606297322.1396825,3605.8,0.3112720820222299,0.0395611372420275,0.1939964297237413,0.2039271408157571,0.1577464192486106,0.1240939085183201,0.0289239559340735,0.0390269252658577,0.05074810678477,0.0289239559340735,0.4889393519927505,0.0175208157158017,0.4889393519927505,0.4545789440074918,0.0388051888539889,0.1732057416267942,0.1939964297237413,0.0395611372420275,0.1732057416267942,0.4889393519927505,False,,,N100_drop0.50_s0.20_c0.05,1.0,0.0,0.0,False,False,1.0068271698186462,1.0170734897113791,-0.0865463796488441,-0.1149304575594595,NSE,False,NSE validated,False,,
2026-10-01,JAIBALAJI,INE091G01026,61.72,61.72,43537626.56984127,123.44,0.3111200635332982,0.0395289963806112,0.247130533151569,0.1599518921296849,0.1584041013827483,0.0249516618329351,0.0288980291170128,0.0389991602327583,0.0507063656282848,0.0288980291170128,0.4503308057855152,0.0375900016081431,0.4503308057855152,0.4388657934203512,0.0422325925597631,0.1578542883492161,0.247130533151569,0.0395289963806112,0.1578542883492161,0.4503308057855152,False,,,N100_drop0.50_s0.20_c0.05,1.0,0.0,0.0,False,False,1.0068271698186462,1.0170734897113791,-0.0865463796488441,-0.1149304575594595,NSE,False,NSE validated,False,,
2026-10-01,VMART,INE665J01013,746.1,746.1,95306085.51190476,1492.2,0.3108290670143582,0.0394675176016745,0.16624781792078,0.2374017180813858,0.1591534663676684,0.068250090819807,0.0288484431368402,0.0389460448686016,0.0506265236928284,0.0288484431368402,0.5396671871000639,0.0449639006686457,0.5396671871000639,0.4961048675146911,0.0156142780928068,0.1829411764705882,0.16624781792078,0.0394675176016745,0.1829411764705882,0.5396671871000639,False,,,N100_drop0.50_s0.20_c0.05,1.0,0.0,0.0,False,False,1.0068271698186462,1.0170734897113791,-0.0865463796488441,-0.1149304575594595,NSE,False,NSE validated,False,,
2026-10-01,RADHIKAJWE,INE583V01021,68.98,68.98,187770517.8825397,137.96,0.310811884953584,0.0394638894325491,0.2728777144456724,0.1446211520523638,0.1647594368807652,0.0777410190735841,0.0288455170931102,0.0389429099936901,0.0506218118310317,0.0288455170931102,0.4793491125707097,0.01634116878136,0.4793491125707097,0.4679654320741913,0.024424417952767,0.1732057416267942,0.2728777144456724,0.0394638894325491,0.1732057416267942,0.4793491125707097,False,,,N100_drop0.50_s0.20_c0.05,1.0,0.0,0.0,False,False,1.0068271698186462,1.0170734897113791,-0.0865463796488441,-0.1149304575594595,NSE,False,NSE validated,False,,
2026-10-01,TEXINFRA,INE435C01024,119.39,119.39,24763535.321111117,238.78,0.310637478413129,0.0394270735613501,0.1418464392685026,0.2779560330500661,0.176303749649774,0.0467856481725828,0.0288158275667651,0.0389097508858995,0.0505739995351573,0.0288158275667651,0.4895331924466855,0.0169148164107967,0.4895331924466855,0.4497891127312525,0.042026261648164,0.1648675171736997,0.1418464392685026,0.0394270735613501,0.1648675171736997,0.4895331924466855,False,,,N100_drop0.50_s0.20_c0.05,1.0,0.0,0.0,False,False,1.0068271698186462,1.0170734897113791,-0.0865463796488441,-0.1149304575594595,NSE,False,NSE validated,False,,
2026-10-01,HERITGFOOD,INE978A01027,402.9,402.9,193967472.32936507,805.8,0.3104940359172466,0.0393968101451457,0.1594291580325581,0.2471116992106318,0.1732745490085488,0.0140017582678143,0.0287914244958176,0.0388798435758217,0.0505346969040642,0.0287914244958176,0.5054092682165161,0.0098322798447865,0.5054092682165161,0.4550951345900715,0.0343203244371542,0.1732057416267942,0.1594291580325581,0.0393968101451457,0.1732057416267942,0.5054092682165161,False,,,N100_drop0.50_s0.20_c0.05,1.0,0.0,0.0,False,False,1.0068271698186462,1.0170734897113791,-0.0865463796488441,-0.1149304575594595,NSE,False,NSE validated,False,,
2026-10-01,IKS,INE115Q01022,1776.4,1776.4,337704872.93650794,3552.8,0.3103522066089487,0.0393669014328498,0.1510475840443246,0.2606258265031082,0.1783095473693788,0.075273428383683,0.0287673095186697,0.0388502868434655,0.0504958549896996,0.0287673095186697,0.4902191727702252,0.027198742419034,0.4902191727702252,0.4529908100669876,0.0678560320826391,0.1732057416267942,0.1510475840443246,0.0393669014328498,0.1732057416267942,0.4902191727702252,False,,,N100_drop0.50_s0.20_c0.05,1.0,0.0,0.0,False,False,1.0068271698186462,1.0170734897113791,-0.0865463796488441,-0.1149304575594595,NSE,False,NSE validated,False,,
2026-10-01,MANAKCOAT,INE830Q01018,126.59,126.59,68014319.01650794,253.18,0.3100765870862184,0.03930882007042,0.1980646042081629,0.1984646384828411,0.1700392260363489,0.070631974307922,0.0287209454587709,0.0387928891452672,0.0504204259502812,0.0287209454587709,0.4504180062629701,0.0407048805356648,0.4504180062629701,0.412503801237069,0.0662639515775578,0.1578542883492161,0.1980646042081629,0.03930882007042,0.1578542883492161,0.4504180062629701,False,,,N100_drop0.50_s0.20_c0.05,1.0,0.0,0.0,False,False,1.0068271698186462,1.0170734897113791,-0.0865463796488441,-0.1149304575594595,NSE,False,NSE validated,False,,
2026-10-01,SAILIFE,INE570L01029,1541.2,1541.2,891176107.4269842,3082.4,0.3100394092443224,0.039300989696351,0.1628427030709749,0.241343265342517,0.171842579579446,0.1103209579291987,0.0287147174669324,0.0387851509546372,0.0504102568287641,0.0287147174669324,0.5042306048519879,0.0204486216427997,0.5042306048519879,0.4671631613990459,0.0528222864647652,0.1732057416267942,0.1628427030709749,0.039300989696351,0.1732057416267942,0.5042306048519879,False,,,N100_drop0.50_s0.20_c0.05,1.0,0.0,0.0,False,False,1.0068271698186462,1.0170734897113791,-0.0865463796488441,-0.1149304575594595,NSE,False,NSE validated,False,,
2026-10-01,AIIL,INE206F01022,539.3,539.3,281222268.0968254,1078.6,0.3098983542995467,0.0392712896945704,0.194720675882817,0.2016801221366133,0.1717027996991956,0.088492821203605,0.0286910962827004,0.0387558006269946,0.0503716861828522,0.0286910962827004,0.4718729406046962,0.0240359744034973,0.4718729406046962,0.4391811802965916,0.0508257298569463,0.1578542883492161,0.194720675882817,0.0392712896945704,0.1578542883492161,0.4718729406046962,False,,,N100_drop0.50_s0.20_c0.05,1.0,0.0,0.0,False,False,1.0068271698186462,1.0170734897113791,-0.0865463796488441,-0.1149304575594595,NSE,False,NSE validated,False,,
2026-10-01,KOTYARK,INE0J0B01017,28.23,28.23,7642661.248888889,56.46,0.309629791248649,0.0392147810004607,0.2768605681246925,0.1416409034557755,0.1923311240675493,0.0456533846770437,0.0286461582843358,0.0386999573691918,0.0502982999544106,0.0286461582843358,0.4811610788425189,0.0491078242464904,0.4811610788425189,0.4603177019372022,0.0612039838231671,0.1732057416267942,0.2768605681246925,0.0392147810004607,0.1732057416267942,0.4811610788425189,False,,,N100_drop0.50_s0.20_c0.05,1.0,0.0,0.0,False,False,1.0068271698186462,1.0170734897113791,-0.0865463796488441,-0.1149304575594595,NSE,False,NSE validated,False,,
2026-10-01,GRAPHITE,INE371A01025,786.15,786.15,1723726262.743651,1572.3,0.3094375685370266,0.0391743665023164,0.1865964132317945,0.2099416908601189,0.1770019500031854,0.1142618532716455,0.0286140229333095,0.03866001888873,0.0502458149556975,0.0286140229333095,0.4516747038978758,0.0417312271576292,0.4516747038978758,0.4130025985086343,0.0667901376516476,0.1578542883492161,0.1865964132317945,0.0391743665023164,0.1578542883492161,0.4516747038978758,False,,,N100_drop0.50_s0.20_c0.05,1.0,0.0,0.0,False,False,1.0068271698186462,1.0170734897113791,-0.0865463796488441,-0.1149304575594595,NSE,False,NSE validated,False,,
2026-10-01,HATSUN,INE473B01035,1118.1,1118.1,85538381.7674603,2236.2,0.3093259643267778,0.0391509138917099,0.1750641065651246,0.2236375843105546,0.1625948704936469,0.1073093795839043,0.0285953762169801,0.0386368425517898,0.0502153578711515,0.0285953762169801,0.5070174022433465,0.0285897354562023,0.5070174022433465,0.4593917792294318,0.0443290684092264,0.1732057416267942,0.1750641065651246,0.0391509138917099,0.1732057416267942,0.5070174022433465,False,,,N100_drop0.50_s0.20_c0.05,1.0,0.0,0.0,False,False,1.0068271698186462,1.0170734897113791,-0.0865463796488441,-0.1149304575594595,NSE,False,NSE validated,False,,
2026-10-01,BOROLTD,INE02PY01013,280.2,280.2,148940818.6542857,560.4,0.3090994217579766,0.0391033350875596,0.1896802643695161,0.2061539465770802,0.1687409379725281,0.1307661622455866,0.0285575505943621,0.0385898243194343,0.0501535690817825,0.0285575505943621,0.481958861402882,0.0282646042030783,0.481958861402882,0.4355427823540915,0.0532459861306531,0.1578542883492161,0.1896802643695161,0.0391033350875596,0.1578542883492161,0.481958861402882,False,,,N100_drop0.50_s0.20_c0.05,1.0,0.0,0.0,False,False,1.0068271698186462,1.0170734897113791,-0.0865463796488441,-0.1149304575594595,NSE,False,NSE validated,False,,
2026-10-01,NIACL,INE470Y01017,160.21,160.21,1168590863.7784126,320.42,0.3089813275872373,0.039078547143553,0.2669059438859287,0.1464131767715692,0.1617992339469699,0.0402428855691009,0.0285378457182596,0.0385653284736867,0.050121377992637,0.0285378457182596,0.4356313384772576,0.0562128644394556,0.4356313384772576,0.4345507800719481,0.050423629154275,0.1578542883492161,0.2669059438859287,0.039078547143553,0.1578542883492161,0.4356313384772576,False,,,N100_drop0.50_s0.20_c0.05,1.0,0.0,0.0,False,False,1.0068271698186462,1.0170734897113791,-0.0865463796488441,-0.1149304575594595,NSE,False,NSE validated,False,,
2026-10-01,GUFICBIO,INE742B01025,418.4,418.4,47109999.613492064,836.8,0.3088777374009728,0.0390568116855611,0.1484500985122956,0.2630972432957075,0.1636454123382275,0.0700262592260408,0.0285205683863518,0.0385438491706417,0.0500931510843894,0.0285205683863518,0.5309265540738561,0.0369416188505353,0.5309265540738561,0.4787509179617318,0.0255706752952946,0.1732057416267942,0.1484500985122956,0.0390568116855611,0.1732057416267942,0.5309265540738561,False,,,N100_drop0.50_s0.20_c0.05,1.0,0.0,0.0,False,False,1.0068271698186462,1.0170734897113791,-0.0865463796488441,-0.1149304575594595,NSE,False,NSE validated,False,,
2026-10-01,URBANCO,INE0CAZ01013,156.34,156.34,1443039644.7468257,312.68,0.3085644890755857,0.038991131462582,0.1867560234677379,0.2087811184805924,0.1604152637810352,0.1168035182078539,0.028468365455834,0.0384813231420074,0.0500076752627628,0.028468365455834,0.5119825252404088,0.0118985447353356,0.5119825252404088,0.4548327032453699,0.0344329905830009,0.1732057416267942,0.1867560234677379,0.038991131462582,0.1732057416267942,0.5119825252404088,False,,,N100_drop0.50_s0.20_c0.05,1.0,0.0,0.0,False,False,1.0068271698186462,1.0170734897113791,-0.0865463796488441,-0.1149304575594595,NSE,False,NSE validated,False,,
2026-10-01,RSYSTEMS,INE411H01032,263.6,263.6,752996223.3157142,527.2,0.3085579252208531,0.0389897559286368,0.2594447026419992,0.1502815649407873,0.171118724152148,0.0661605382100851,0.0284672722674001,0.0384800935596483,0.0500058652790745,0.0284672722674001,0.4030272886468184,0.0736664420605997,0.4030272886468184,0.4108630525768478,0.0716636752727308,0.1578542883492161,0.2594447026419992,0.0389897559286368,0.1578542883492161,0.4030272886468184,False,,,N100_drop0.50_s0.20_c0.05,1.0,0.0,0.0,False,False,1.0068271698186462,1.0170734897113791,-0.0865463796488441,-0.1149304575594595,NSE,False,NSE validated,False,,
2026-10-01,EMSLIMITED,INE0OV601013,331.55,331.55,222957137.19126984,663.1,0.3084755112268036,0.0389724876774961,0.2498111568840368,0.1560077947022491,0.1581327073162207,0.0657381228244821,0.0284535488616456,0.0384646572796609,0.0499831430778632,0.0284535488616456,0.4647690574030231,0.027533674917115,0.4647690574030231,0.4833692174023927,0.0557470272095048,0.1732057416267942,0.2498111568840368,0.0389724876774961,0.1732057416267942,0.4647690574030231,False,,,N100_drop0.50_s0.20_c0.05,1.0,0.0,0.0,False,False,1.0068271698186462,1.0170734897113791,-0.0865463796488441,-0.1149304575594595,NSE,False,NSE validated,False,,
2026-10-01,PROSTARM,INE0BX301013,135.41,135.41,37941810.43746032,270.82,0.3084191090744806,0.0389606724597739,0.2508378683041368,0.1553221318741824,0.1726285264122919,0.055348295169735,0.028444159427682,0.0384540952235056,0.0499675962518329,0.028444159427682,0.4275693569435232,0.0555131379344635,0.4275693569435232,0.404021568742941,0.0744297668028541,0.1578542883492161,0.2508378683041368,0.0389606724597739,0.1578542883492161,0.4275693569435232,False,,,N100_drop0.50_s0.20_c0.05,1.0,0.0,0.0,False,False,1.0068271698186462,1.0170734897113791,-0.0865463796488441,-0.1149304575594595,NSE,False,NSE validated,False,,
2026-10-01,BECTORFOOD,INE495P01020,213.03,213.03,1206025956.1292064,426.06,0.3083859425715533,0.0389537257309553,0.1978379538945662,0.1968971320422924,0.1599678841139399,0.1354375629529523,0.028438465147153,0.0384478851731054,0.0499584555605542,0.028438465147153,0.4750762747261765,0.0271357526549221,0.4750762747261765,0.462500345883038,0.0270658486907937,0.1732057416267942,0.1978379538945662,0.0389537257309553,0.1732057416267942,0.4750762747261765,False,,,N100_drop0.50_s0.20_c0.05,1.0,0.0,0.0,False,False,1.0068271698186462,1.0170734897113791,-0.0865463796488441,-0.1149304575594595,NSE,False,NSE validated,False,,
2026-10-01,CUB,INE491A01021,230.04,230.04,686357328.7028571,460.08,0.3079885137335493,0.0388705444239414,0.1678795227386653,0.2315383305231957,0.1727510035252657,0.0800167302205267,0.0283511362051929,0.0383735183607715,0.0498490049713234,0.0283511362051929,0.465492102312751,0.0276461781790566,0.465492102312751,0.4083861222465725,0.0664807598472727,0.1578542883492161,0.1678795227386653,0.0388705444239414,0.1578542883492161,0.465492102312751,False,,,N100_drop0.50_s0.20_c0.05,1.0,0.0,0.0,False,False,1.0068271698186462,1.0170734897113791,-0.0865463796488441,-0.1149304575594595,NSE,False,NSE validated,False,,
2026-10-01,CONCORDBIO,INE338H01029,1374.1,1374.1,235334823.4174603,2748.2,0.3077620321984513,0.038823191836018,0.1913235294743653,0.2029190656406944,0.1649676869797632,0.0951347629764416,0.0283105556184822,0.0383311781319533,0.0497866994008495,0.0283105556184822,0.4745999419642722,0.0196961291753336,0.4745999419642722,0.4529936841759876,0.0414588566269825,0.1732057416267942,0.1913235294743653,0.038823191836018,0.1732057416267942,0.4745999419642722,False,,,N100_drop0.50_s0.20_c0.05,1.0,0.0,0.0,False,False,1.0068271698186462,1.0170734897113791,-0.0865463796488441,-0.1149304575594595,NSE,False,NSE validated,False,,
2026-10-01,PVRINOX,INE191H01014,1215.3,1215.3,648103038.402381,2430.6,0.3074457090487045,0.0387571155350645,0.1740624484889459,0.2226621300086208,0.1752989977977994,0.1166730258859018,0.0282629568118333,0.0382720894886075,0.0496997591606327,0.0282629568118333,0.4775665802535663,0.0243994067915457,0.4775665802535663,0.4194563532939759,0.0615536683743705,0.1578542883492161,0.1740624484889459,0.0387571155350645,0.1578542883492161,0.4775665802535663,False,,,N100_drop0.50_s0.20_c0.05,1.0,0.0,0.0,False,False,1.0068271698186462,1.0170734897113791,-0.0865463796488441,-0.1149304575594595,NSE,False,NSE validated,False,,
2026-10-01,LANDMARK,INE559R01029,463.25,463.25,649156505.6055554,926.5,0.3074368072395786,0.0387552570646978,0.234633870953563,0.1651733268824092,0.160532033884089,0.0899205476353763,0.0282616180548646,0.0382704274419575,0.0496973138956971,0.0282616180548646,0.454334974225738,0.0398772483540392,0.454334974225738,0.4554604451125431,0.030837850446998,0.1732057416267942,0.234633870953563,0.0387552570646978,0.1732057416267942,0.454334974225738,False,,,N100_drop0.50_s0.20_c0.05,1.0,0.0,0.0,False,False,1.0068271698186462,1.0170734897113791,-0.0865463796488441,-0.1149304575594595,NSE,False,NSE validated,False,,
2026-10-01,GODREJAGRO,INE850D01014,631.9,631.9,287923183.2809524,1263.8,0.3074206496161819,0.0387518839076983,0.144865423813962,0.2675026440916916,0.1633613451424524,0.0881051457712625,0.0282591881888135,0.0382674107818509,0.0496928756998574,0.0282591881888135,0.5052933688316609,0.0283024070140409,0.5052933688316609,0.4566914285277654,0.0368739499397605,0.1732057416267942,0.144865423813962,0.0387518839076983,0.1732057416267942,0.5052933688316609,False,,,N100_drop0.50_s0.20_c0.05,1.0,0.0,0.0,False,False,1.0068271698186462,1.0170734897113791,-0.0865463796488441,-0.1149304575594595,NSE,False,NSE validated,False,,
2026-10-01,ASIANTILES,INE022I01019,47.95,47.95,508351890.1011111,95.9,0.3073665263880346,0.0387405861703317,0.2288395844767032,0.1692914547931967,0.1611241054420587,0.063001888008699,0.0282510498392685,0.0382569676083231,0.049678010856576,0.0282510498392685,0.4558297574225682,0.0748637437840544,0.4558297574225682,0.4679634610491833,0.0381129737997099,0.1732057416267942,0.2288395844767032,0.0387405861703317,0.1732057416267942,0.4558297574225682,False,,,N100_drop0.50_s0.20_c0.05,1.0,0.0,0.0,False,False,1.0068271698186462,1.0170734897113791,-0.0865463796488441,-0.1149304575594595,NSE,False,NSE validated,False,,
2026-10-01,CAPILLARY,INE0ILV01024,554.7,554.7,390071029.5690476,1109.4,0.307320819705332,0.0387310469115943,0.2126962054559731,0.1820956176842159,0.1674151231680147,0.1064560045052491,0.0282441782341275,0.0382474745841384,0.0496654597504608,0.0282441782341275,0.4540100501806925,0.0346603805842524,0.4540100501806925,0.4407559491796997,0.0506788990723987,0.1578542883492161,0.2126962054559731,0.0387310469115943,0.1578542883492161,0.4540100501806925,False,,,N100_drop0.50_s0.20_c0.05,1.0,0.0,0.0,False,False,1.0068271698186462,1.0170734897113791,-0.0865463796488441,-0.1149304575594595,NSE,False,NSE validated,False,,
2026-10-01,IRMENERGY,INE07U701015,257.7,257.7,28019217.104761902,515.4,0.3072745143095751,0.0387213841920008,0.182393224749371,0.212296176270848,0.1540088482992631,0.0202778548917446,0.0282372177131001,0.0382378587166248,0.049652746243127,0.0282372177131001,0.5029368266485371,0.0140525970633828,0.5029368266485371,0.4923758350001772,0.0083374162469784,0.1732057416267942,0.182393224749371,0.0387213841920008,0.1732057416267942,0.5029368266485371,False,,,N100_drop0.50_s0.20_c0.05,1.0,0.0,0.0,False,False,1.0068271698186462,1.0170734897113791,-0.0865463796488441,-0.1149304575594595,NSE,False,NSE validated,False,,
2026-10-01,IRIS,INE864K01010,225.1,225.1,6626716.683809524,450.2,0.3071826702431834,0.038702223196774,0.2497490045757994,0.1549644742829307,0.1577170215980283,0.0549825025866337,0.0282234151848622,0.0382187906852051,0.049627535711583,0.0282234151848622,0.4489377330021292,0.0313090199786229,0.4489377330021292,0.4357470722611638,0.0461822478343571,0.1578542883492161,0.2497490045757994,0.038702223196774,0.1578542883492161,0.4489377330021292,False,,,N100_drop0.50_s0.20_c0.05,1.0,0.0,0.0,False,False,1.0068271698186462,1.0170734897113791,-0.0865463796488441,-0.1149304575594595,NSE,False,NSE validated,False,,
2026-10-01,BEML,INE258A01024,1962.3,1962.3,743091540.5920634,3924.6,0.3068295540612514,0.038628609285331,0.1611443747572724,0.2397142893974197,0.1711918201648899,0.0941501035481453,0.0281703884699914,0.0381455346333251,0.0495306817965881,0.0281703884699914,0.4810276362207532,0.0162377338871363,0.4810276362207532,0.4427337084959337,0.0465772759809371,0.1648675171736997,0.1611443747572724,0.038628609285331,0.1648675171736997,0.4810276362207532,False,,,N100_drop0.50_s0.20_c0.05,1.0,0.0,0.0,False,False,1.0068271698186462,1.0170734897113791,-0.0865463796488441,-0.1149304575594595,NSE,False,NSE validated,False,,
2026-10-01,SONATSOFTW,INE269A01021,254.05,254.05,618255719.2579365,508.1,0.3066988346716837,0.0386013804412179,0.2446203773218971,0.1578011646610382,0.1589219619569084,0.0541141474115817,0.0281507748482502,0.0381198833374369,0.0494948573710915,0.0281507748482502,0.4554602873671189,0.0321585913852824,0.4554602873671189,0.4617776946003578,0.0281518337713999,0.1732057416267942,0.2446203773218971,0.0386013804412179,0.1732057416267942,0.4554602873671189,False,,,N100_drop0.50_s0.20_c0.05,1.0,0.0,0.0,False,False,1.0068271698186462,1.0170734897113791,-0.0865463796488441,-0.1149304575594595,NSE,False,NSE validated,False,,
2026-10-01,RAMCOIND,INE614A01028,302.3,302.3,215563090.99444443,604.6,0.3066101414135324,0.0385829124481227,0.1773778756710081,0.2175181786463857,0.158634304442131,0.1227056925565692,0.0281374719743686,0.0381037015118057,0.0494705596001876,0.0281374719743686,0.4601724833068277,0.030963797645536,0.4601724833068277,0.4598271905231663,0.0317918406945304,0.1732057416267942,0.1773778756710081,0.0385829124481227,0.1732057416267942,0.4601724833068277,False,,,N100_drop0.50_s0.20_c0.05,1.0,0.0,0.0,False,False,1.0068271698186462,1.0170734897113791,-0.0865463796488441,-0.1149304575594595,NSE,False,NSE validated,False,,
2026-10-01,ELECON,INE205B01031,440.0,440.0,549594564.6198413,880.0,0.3061629081807667,0.0384898719175717,0.2385940704543665,0.1613194822665691,0.173465596972314,0.0239601575483047,0.0280646920682845,0.0380221674179614,0.0493629623881798,0.0280646920682845,0.4177266681330978,0.0627567646100402,0.4177266681330978,0.39351607634164,0.0769319442112316,0.1578542883492161,0.2385940704543665,0.0384898719175717,0.1578542883492161,0.4177266681330978,False,,,N100_drop0.50_s0.20_c0.05,1.0,0.0,0.0,False,False,1.0068271698186462,1.0170734897113791,-0.0865463796488441,-0.1149304575594595,NSE,False,NSE validated,False,,
2026-10-01,MOTILALOFS,INE338I01027,989.9,989.9,1099911170.1444445,1979.8,0.3056516116916927,0.0383836750662966,0.1490724619106651,0.2574833377964796,0.1723113569862356,0.0923295367323946,0.0279627607898007,0.03792068964717,0.0492539861023645,0.0279627607898007,0.5001240328972281,0.0353980156714081,0.5001240328972281,0.4311729066311611,0.050461723448503,0.1578542883492161,0.1490724619106651,0.0383836750662966,0.1578542883492161,0.5001240328972281,False,,,N100_drop0.50_s0.20_c0.05,1.0,0.0,0.0,False,False,1.0068271698186462,1.0170734897113791,-0.0865463796488441,-0.1149304575594595,NSE,False,NSE validated,False,,
2026-10-01,JINDRILL,INE742C01031,587.65,587.65,834429100.9611112,1175.3,0.3055257336422443,0.0383575580246428,0.1781153530280826,0.2153523397760957,0.1614698032438822,0.1009414164499414,0.0279377068461325,0.0378930875357494,0.0492271763787292,0.0279377068461325,0.4750052721007988,0.0205562373182883,0.4750052721007988,0.4451700583323914,0.0378827023844522,0.1648675171736997,0.1781153530280826,0.0383575580246428,0.1648675171736997,0.4750052721007988,False,,,N100_drop0.50_s0.20_c0.05,1.0,0.0,0.0,False,False,1.0068271698186462,1.0170734897113791,-0.0865463796488441,-0.1149304575594595,NSE,False,NSE validated,False,,
2026-10-01,REFEX,INE056I01025,271.3,271.3,165576582.2031746,542.6,0.3049745936259337,0.0382433380214711,0.2340639127219497,0.1633884419718361,0.1675437292288073,0.0244289422329947,0.0278282015155134,0.037784289944377,0.0491098845242967,0.0278282015155134,0.4516153938189745,0.0360227188315099,0.4516153938189745,0.432432624097897,0.0553002717302969,0.1578542883492161,0.2340639127219497,0.0382433380214711,0.1578542883492161,0.4516153938189745,False,,,N100_drop0.50_s0.20_c0.05,1.0,0.0,0.0,False,False,1.0068271698186462,1.0170734897113791,-0.0865463796488441,-0.1149304575594595,NSE,False,NSE validated,False,,
2026-10-01,RANEHOLDIN,INE384A01010,1518.7,1518.7,31811568.06349206,3037.4,0.3049173377297879,0.0382314842473255,0.1708124300627554,0.2238214410583555,0.1660190847897768,0.0498314801239223,0.027816843127436,0.0377712869720281,0.0490977079855359,0.027816843127436,0.5103388926919934,0.008465289977591,0.5103388926919934,0.4968988196494021,0.0320258807528144,0.1829411764705882,0.1708124300627554,0.0382314842473255,0.1829411764705882,0.5103388926919934,False,,,N100_drop0.50_s0.20_c0.05,1.0,0.0,0.0,False,False,1.0068271698186462,1.0170734897113791,-0.0865463796488441,-0.1149304575594595,NSE,False,NSE validated,False,,
2026-10-01,JAYNECOIND,INE854B01010,91.28,91.28,471422555.7361905,182.56,0.3046169239414528,0.0381693264710617,0.2004771094872478,0.1903924421530511,0.1654303228944182,0.0586889279129771,0.0277636254629173,0.0377031108737447,0.0490338454871911,0.0277636254629173,0.4697985225703586,0.0298308606479252,0.4697985225703586,0.4428602343722647,0.0413492430649451,0.1648675171736997,0.2004771094872478,0.0381693264710617,0.1648675171736997,0.4697985225703586,False,,,N100_drop0.50_s0.20_c0.05,1.0,0.0,0.0,False,False,1.0068271698186462,1.0170734897113791,-0.0865463796488441,-0.1149304575594595,NSE,False,NSE validated,False,,
2026-10-01,DHARMAJ,INE00OQ01016,267.65,267.65,15318248.613492062,535.3,0.3041744027376917,0.038077879791059,0.1592750038860433,0.2390700289563495,0.1675983898395485,0.0825705396199024,0.0277024883761593,0.0376033916060209,0.0489398533835537,0.0277024883761593,0.4874156754382463,0.0147663382189282,0.4874156754382463,0.4678354448300709,0.0261100645975235,0.1732057416267942,0.1592750038860433,0.038077879791059,0.1732057416267942,0.4874156754382463,False,,,N100_drop0.50_s0.20_c0.05,1.0,0.0,0.0,False,False,1.0068271698186462,1.0170734897113791,-0.0865463796488441,-0.1149304575594595,NSE,False,NSE validated,False,,
2026-10-01,GPTHEALTH,INE486R01017,151.47,151.47,24889049.273015875,302.94,0.3041713321936845,0.0380772457400078,0.1371965861567258,0.2775378513901975,0.1659754274081136,0.0605505841941115,0.0277020644489157,0.0376028435344568,0.0489392015278104,0.0277020644489157,0.5056177318708143,0.0025276920711392,0.5056177318708143,0.4689133149945045,0.029321139543767,0.1732057416267942,0.1371965861567258,0.0380772457400078,0.1732057416267942,0.5056177318708143,False,,,N100_drop0.50_s0.20_c0.05,1.0,0.0,0.0,False,False,1.0068271698186462,1.0170734897113791,-0.0865463796488441,-0.1149304575594595,NSE,False,NSE validated,False,,
2026-10-01,NORTHARC,INE850M01015,288.7,288.7,440989093.07063496,577.4,0.3041586066343773,0.038074618049196,0.1659206820165051,0.2294748164391499,0.1638561665460396,0.0729543766422741,0.0277003075675451,0.0376005721575063,0.0489365000263073,0.0277003075675451,0.4854870146233702,0.0109500283729695,0.4854870146233702,0.4585154156371238,0.0335939826768815,0.1732057416267942,0.1659206820165051,0.038074618049196,0.1732057416267942,0.4854870146233702,False,,,N100_drop0.50_s0.20_c0.05,1.0,0.0,0.0,False,False,1.0068271698186462,1.0170734897113791,-0.0865463796488441,-0.1149304575594595,NSE,False,NSE validated,False,,
2026-10-01,NUVAMA,INE531F01023,1701.4,1701.4,730077820.9507936,3402.8,0.3040950542927231,0.0380614968561992,0.161595248427712,0.2355359902381392,0.1688781242444826,0.0928784502119351,0.0276915345966181,0.0375892299524669,0.0489230097124487,0.0276915345966181,0.4875224245602549,0.0238109570250527,0.4875224245602549,0.4351520501470519,0.0464106500486747,0.1578542883492161,0.161595248427712,0.0380614968561992,0.1578542883492161,0.4875224245602549,False,,,N100_drop0.50_s0.20_c0.05,1.0,0.0,0.0,False,False,1.0068271698186462,1.0170734897113791,-0.0865463796488441,-0.1149304575594595,NSE,False,NSE validated,False,,
2026-10-01,MAYURUNIQ,INE040D01038,711.55,711.55,84427419.51111111,1423.1,0.3038719419736049,0.0380154546302895,0.1764135395721624,0.2154905724497365,0.1690725612623169,0.1041986333490164,0.0276607488849079,0.0375494270138358,0.0488756649577052,0.0276607488849079,0.4638293952982235,0.0343779726205359,0.4638293952982235,0.4471745926078567,0.0659375203726598,0.1648675171736997,0.1764135395721624,0.0380154546302895,0.1648675171736997,0.4638293952982235,False,,,N100_drop0.50_s0.20_c0.05,1.0,0.0,0.0,False,False,1.0068271698186462,1.0170734897113791,-0.0865463796488441,-0.1149304575594595,NSE,False,NSE validated,False,,
2026-10-01,BALUFORGE,INE011E01029,488.95,488.95,772510016.2468255,977.9,0.3037603294841897,0.0379924348327152,0.2232629594822366,0.1701690012567357,0.1566746369201588,0.0862509195963086,0.027645468156518,0.0375295248262669,0.0488519896775288,0.027645468156518,0.4977076665820559,0.0271757627849613,0.4977076665820559,0.4745096162715491,0.0238807335116705,0.1732057416267942,0.2232629594822366,0.0379924348327152,0.1732057416267942,0.4977076665820559,False,,,N100_drop0.50_s0.20_c0.05,1.0,0.0,0.0,False,False,1.0068271698186462,1.0170734897113791,-0.0865463796488441,-0.1149304575594595,NSE,False,NSE validated,False,,
2026-10-01,KSOLVES,INE0D6I01023,241.14,241.14,24232542.7031746,482.28,0.3034370681586693,0.0379258116423302,0.1962063565279203,0.1932955298363809,0.1512989256839918,0.0095783664237072,0.0276022101648885,0.0374719175456675,0.0487834533999202,0.0276022101648885,0.4714394379365008,0.0176420692027367,0.4714394379365008,0.4494680284672829,0.0327371325934869,0.1648675171736997,0.1962063565279203,0.0379258116423302,0.1648675171736997,0.4714394379365008,False,,,N100_drop0.50_s0.20_c0.05,1.0,0.0,0.0,False,False,1.0068271698186462,1.0170734897113791,-0.0865463796488441,-0.1149304575594595,NSE,False,NSE validated,False,,
2026-10-01 00:00:00,JYOTIRES,INE577D01013,837.25,837.25,7912977.968253968,1674.5,0.30332555601057576,0.03790284609076627,0.18140496003837098,0.20894051674633937,0.16902803575213848,0.022918992065777855,,,,,0.4871075843200327,0.008450133963999072,0.4871075843200327,0.455191654035572,0.05314454671452969,0.17320574162679425,0.18140496003837098,0.03790284609076627,0.17320574162679425,0.4871075843200327,False,,,N100_drop0.50_s0.20_c0.05,1.0,0.0,0.0,False,False,1.0068271698186462,1.0170734897113791,-0.08654637964884415,-0.11493045755945958,BSE,True,NSE-trained; BSE current transfer,False,,
2026-10-01,BAJEL,INE0KQN01018,163.63,163.63,48318763.11476189,327.26,0.3028694116623103,0.0378089941548542,0.2009247483558729,0.1881748986336309,0.1539003024704929,0.073054007383466,0.0275243457700368,0.0373624732762537,0.0486632239212261,0.0275243457700368,0.4735770819355844,0.0183539923965251,0.4735770819355844,0.448072497125105,0.0371461225521095,0.1648675171736997,0.2009247483558729,0.0378089941548542,0.1648675171736997,0.4735770819355844,False,,,N100_drop0.50_s0.20_c0.05,1.0,0.0,0.0,False,False,1.0068271698186462,1.0170734897113791,-0.0865463796488441,-0.1149304575594595,NSE,False,NSE validated,False,,
2026-10-01,GPTINFRA,INE390G01014,118.66,118.66,24332167.44460317,237.32,0.3027959260403698,0.0377938878859762,0.1462848236400413,0.2583582284583023,0.1724883149243617,0.0552311987000592,0.0275124662668209,0.0373463811712332,0.0486476710644441,0.0275124662668209,0.4871116001088147,0.0189540346334982,0.4871116001088147,0.4424787962463037,0.0487310637613937,0.1648675171736997,0.1462848236400413,0.0377938878859762,0.1648675171736997,0.4871116001088147,False,,,N100_drop0.50_s0.20_c0.05,1.0,0.0,0.0,False,False,1.0068271698186462,1.0170734897113791,-0.0865463796488441,-0.1149304575594595,NSE,False,NSE validated,False,,
2026-10-01,FIVESTAR,INE128S01021,506.25,506.25,354136460.40079373,1012.5,0.302499362431668,0.0377329618401285,0.18033505527353,0.209238086199578,0.174032025215539,0.0952409903212899,0.0274645587569267,0.0372814843833659,0.0485849313579037,0.0274645587569267,0.4605825553435445,0.0321540158092234,0.4605825553435445,0.4528141502685939,0.072558046085362,0.1732057416267942,0.18033505527353,0.0377329618401285,0.1732057416267942,0.4605825553435445,False,,,N100_drop0.50_s0.20_c0.05,1.0,0.0,0.0,False,False,1.0068271698186462,1.0170734897113791,-0.0865463796488441,-0.1149304575594595,NSE,False,NSE validated,False,,
2026-10-01,GREENLAM,INE544R01021,213.62,213.62,32315831.226666663,427.24,0.3020997364186355,0.0376509585076057,0.1849672722573192,0.2035547048303074,0.1509293193003215,0.0766667875435684,0.0274000890115007,0.0371941500535158,0.0484837819255992,0.0274000890115007,0.4663048747146586,0.0177637886615917,0.4663048747146586,0.4573269190665486,0.0275141652570664,0.1732057416267942,0.1849672722573192,0.0376509585076057,0.1732057416267942,0.4663048747146586,False,,,N100_drop0.50_s0.20_c0.05,1.0,0.0,0.0,False,False,1.0068271698186462,1.0170734897113791,-0.0865463796488441,-0.1149304575594595,NSE,False,NSE validated,False,,
2026-10-01,PARAS,INE045601023,1276.0,1276.0,1800367879.4968257,2552.0,0.30174092155677,0.0375774232783789,0.2031924802964151,0.1849351079506554,0.1613512522612611,0.1274007524577145,0.0273446675057568,0.03711584745224,0.0483860538779721,0.0273446675057568,0.4882735146774031,0.0343939740668072,0.4882735146774031,0.4726419862880139,0.0392419116816058,0.1732057416267942,0.2031924802964151,0.0375774232783789,0.1732057416267942,0.4882735146774031,False,,,N100_drop0.50_s0.20_c0.05,1.0,0.0,0.0,False,False,1.0068271698186462,1.0170734897113791,-0.0865463796488441,-0.1149304575594595,NSE,False,NSE validated,False,,
2026-10-01,SAATVIKGL,INE13B501022,405.55,405.55,65937333.95238096,811.1,0.301473093980643,0.0375225925925646,0.2060910116663035,0.1820680692922217,0.167632426323736,0.0844109167484066,0.0273120397511338,0.0370578606326484,0.0483131867837998,0.0273120397511338,0.4445585479458852,0.042385360466022,0.4445585479458852,0.4217321600389874,0.0709295809224597,0.1578542883492161,0.2060910116663035,0.0375225925925646,0.1578542883492161,0.4445585479458852,False,,,N100_drop0.50_s0.20_c0.05,1.0,0.0,0.0,False,False,1.0068271698186462,1.0170734897113791,-0.0865463796488441,-0.1149304575594595,NSE,False,NSE validated,False,,
2026-10-01,INDOFARM,INE622H01018,131.77,131.77,39728098.75666666,263.54,0.3011650744875465,0.037459594556293,0.2745567106693912,0.1364366380445175,0.17198247010786,0.0240664249111804,0.0272745423914856,0.0369961299698277,0.048229468553052,0.0272745423914856,0.4171607097703233,0.0658976846415847,0.4171607097703233,0.4173207149513434,0.084854066558713,0.1578542883492161,0.2745567106693912,0.037459594556293,0.1578542883492161,0.4171607097703233,False,,,N100_drop0.50_s0.20_c0.05,1.0,0.0,0.0,False,False,1.0068271698186462,1.0170734897113791,-0.0865463796488441,-0.1149304575594595,NSE,False,NSE validated,False,,
2026-10-01,MOSCHIP,INE935B01025,198.03,198.03,709601647.3512698,396.06,0.3010999590199079,0.0374462850761749,0.2117910234251151,0.1768077063446232,0.1586793973725102,0.0416764048713224,0.02726661908939,0.0369830881525054,0.0482117819451612,0.02726661908939,0.4473191010334609,0.0442931977054842,0.4473191010334609,0.4359975902577304,0.0455364412103472,0.1578542883492161,0.2117910234251151,0.0374462850761749,0.1578542883492161,0.4473191010334609,False,,,N100_drop0.50_s0.20_c0.05,1.0,0.0,0.0,False,False,1.0068271698186462,1.0170734897113791,-0.0865463796488441,-0.1149304575594595,NSE,False,NSE validated,False,,
2026-10-01,WHIRLPOOL,INE716A01013,861.65,861.65,1096188998.6444445,1723.3,0.3008194756455389,0.0373889880239583,0.2613373303777817,0.1430679190374752,0.1740101187283365,0.0651497352439083,0.0272325042280214,0.0369268165878736,0.0481356430005491,0.0272325042280214,0.4003457631218683,0.075099472147576,0.4003457631218683,0.3919195600907884,0.0839784557103345,0.1578542883492161,0.2613373303777817,0.0373889880239583,0.1578542883492161,0.4003457631218683,False,,,N100_drop0.50_s0.20_c0.05,1.0,0.0,0.0,False,False,1.0068271698186462,1.0170734897113791,-0.0865463796488441,-0.1149304575594595,NSE,False,NSE validated,False,,
2026-10-01,TVSELECT,INE236G01019,397.4,397.4,47675257.230952375,794.8,0.3008089812711941,0.0373868452828344,0.2495783339698211,0.1498000434899739,0.1696809156545743,0.0358256208426244,0.0272312282687367,0.0369244968666363,0.048132795677201,0.0272312282687367,0.4266318317798176,0.0594520116503808,0.4266318317798176,0.374382280030714,0.0894705868813989,0.1578542883492161,0.2495783339698211,0.0373868452828344,0.1578542883492161,0.4266318317798176,False,,,N100_drop0.50_s0.20_c0.05,1.0,0.0,0.0,False,False,1.0068271698186462,1.0170734897113791,-0.0865463796488441,-0.1149304575594595,NSE,False,NSE validated,False,,
2026-10-01,IONEXCHANG,INE570A01022,406.4,406.4,311513111.1722222,812.8,0.3007980071183314,0.0373846046612355,0.191523444577416,0.1951959706224071,0.1695256713445423,0.0999472659601843,0.0272298940109496,0.0369220711952041,0.0481298182918329,0.0272298940109496,0.4761968343751017,0.0227670513666687,0.4761968343751017,0.4409547712558201,0.0494959911910847,0.1578542883492161,0.191523444577416,0.0373846046612355,0.1578542883492161,0.4761968343751017,False,,,N100_drop0.50_s0.20_c0.05,1.0,0.0,0.0,False,False,1.0068271698186462,1.0170734897113791,-0.0865463796488441,-0.1149304575594595,NSE,False,NSE validated,False,,
2026-10-01,EVEREADY,INE128A01029,315.85,315.85,45116512.32777778,631.7,0.3007922651387211,0.037383432339058,0.1990205907863371,0.1878370081776706,0.1662508010132459,0.0973255346519441,0.0272291959048797,0.0369208020585661,0.0481282604868743,0.0272291959048797,0.4408114110479257,0.0433197403245874,0.4408114110479257,0.400207876749189,0.0731795323855889,0.1578542883492161,0.1990205907863371,0.037383432339058,0.1578542883492161,0.4408114110479257,False,,,N100_drop0.50_s0.20_c0.05,1.0,0.0,0.0,False,False,1.0068271698186462,1.0170734897113791,-0.0865463796488441,-0.1149304575594595,NSE,False,NSE validated,False,,
2026-10-01,MUNJALSHOW,INE577A01027,124.53,124.53,8282299.992063492,249.06,0.3007110847628995,0.0373668604098188,0.149196772387913,0.250453544079792,0.1649654963254798,0.0488451197398567,0.0272193271088794,0.0369028620028351,0.0481062394922084,0.0272193271088794,0.5109603243737274,0.0127187334030445,0.5109603243737274,0.4615723831726901,0.0338338601309723,0.1732057416267942,0.149196772387913,0.0373668604098188,0.1732057416267942,0.5109603243737274,False,,,N100_drop0.50_s0.20_c0.05,1.0,0.0,0.0,False,False,1.0068271698186462,1.0170734897113791,-0.0865463796488441,-0.1149304575594595,NSE,False,NSE validated,False,,
2026-10-01,TARACHAND,INE555Z01020,46.35,46.35,5137362.786031746,92.7,0.3004846491668044,0.0373206603405019,0.2538231478658309,0.1470341088048808,0.1535007025062934,0.032048481698525,0.0271918106378061,0.0368528521553631,0.0480448493618375,0.0271918106378061,0.4358700258220431,0.0417875071012224,0.4358700258220431,0.4466819977389298,0.0369110145159213,0.1648675171736997,0.2538231478658309,0.0373206603405019,0.1648675171736997,0.4358700258220431,False,,,N100_drop0.50_s0.20_c0.05,1.0,0.0,0.0,False,False,1.0068271698186462,1.0170734897113791,-0.0865463796488441,-0.1149304575594595,NSE,False,NSE validated,False,,
2026-10-01,CAPITALSFB,INE646H01017,277.5,277.5,12503695.698412698,555.0,0.3004684278107128,0.0373173520144322,0.1210988564315107,0.3081561057972302,0.1713708092875045,0.0552950756078723,0.0271898400082704,0.0368492712621749,0.0480404533589349,0.0271898400082704,0.507265889369297,0.0224062357123338,0.507265889369297,0.4826026881936699,0.0128382660312042,0.1732057416267942,0.1210988564315107,0.0373173520144322,0.1732057416267942,0.507265889369297,False,,,N100_drop0.50_s0.20_c0.05,1.0,0.0,0.0,False,False,1.0068271698186462,1.0170734897113791,-0.0865463796488441,-0.1149304575594595,NSE,False,NSE validated,False,,
2026-10-01,PNCINFRA,INE195J01029,138.16,138.16,198325225.96206343,276.32,0.3000376376006002,0.0372295587098179,0.278452359506064,0.1337017175069302,0.1569459626921263,0.0285945577727594,0.0271375349236544,0.0367542568525447,0.0479237993955128,0.0271375349236544,0.4555387834057614,0.0540067888576756,0.4555387834057614,0.4610221278499263,0.0281264751679982,0.1732057416267942,0.278452359506064,0.0372295587098179,0.1732057416267942,0.4555387834057614,False,,,N100_drop0.50_s0.20_c0.05,1.0,0.0,0.0,False,False,1.0068271698186462,1.0170734897113791,-0.0865463796488441,-0.1149304575594595,NSE,False,NSE validated,False,,
2026-10-01,JUSTDIAL,INE599M01018,653.15,653.15,1359530592.2746031,1306.3,0.2998684811218597,0.0371951199756778,0.2022437240552392,0.1839123569813158,0.1553841271045295,0.1555728349195932,0.0271170117269307,0.0367169918289499,0.0478780411113531,0.0271170117269307,0.4683104021470547,0.0318551610615721,0.4683104021470547,0.4765647779898748,0.0224391948026918,0.1732057416267942,0.2022437240552392,0.0371951199756778,0.1732057416267942,0.4683104021470547,False,,,N100_drop0.50_s0.20_c0.05,1.0,0.0,0.0,False,False,1.0068271698186462,1.0170734897113791,-0.0865463796488441,-0.1149304575594595,NSE,False,NSE validated,False,,
2026-10-01,ONWARDTEC,INE229A01017,291.3,291.3,43135801.02222222,582.6,0.2998659802178989,0.0371946109607433,0.1395374493214303,0.2665564774303994,0.1609976684052512,0.0922988494105307,0.0271167083647984,0.0367164410674103,0.0478773647969779,0.0271167083647984,0.4938690505183299,0.0271998197455199,0.4938690505183299,0.4613005852911766,0.0396013225107538,0.1732057416267942,0.1395374493214303,0.0371946109607433,0.1732057416267942,0.4938690505183299,False,,,N100_drop0.50_s0.20_c0.05,1.0,0.0,0.0,False,False,1.0068271698186462,1.0170734897113791,-0.0865463796488441,-0.1149304575594595,NSE,False,NSE validated,False,,
2026-10-01,BIRLAMONEY,INE865C01022,112.82,112.82,10081488.053174604,225.64,0.2993657944706748,0.0370928927389566,0.2252109650697754,0.1647028719381599,0.1611002095130567,0.0748147856885841,0.0270570132217777,0.0366063961658196,0.0477422186157756,0.0270570132217777,0.4933337101103981,0.0128497786777221,0.4933337101103981,0.5042370680830732,0.0339614917949977,0.1829411764705882,0.2252109650697754,0.0370928927389566,0.1829411764705882,0.4933337101103981,False,,,N100_drop0.50_s0.20_c0.05,1.0,0.0,0.0,False,False,1.0068271698186462,1.0170734897113791,-0.0865463796488441,-0.1149304575594595,NSE,False,NSE validated,False,,
2026-10-01,GOKULAGRO,INE314T01033,210.1,210.1,129393842.3611111,420.2,0.2993301086845216,0.0370856421648036,0.153121446510819,0.2421975693795665,0.1562625942416084,0.0404411490455888,0.0270523416915339,0.036598553250969,0.0477325855738704,0.0270523416915339,0.5232585982873416,0.0213134142347925,0.5232585982873416,0.492645189268705,0.0154889888527785,0.1732057416267942,0.153121446510819,0.0370856421648036,0.1732057416267942,0.5232585982873416,False,,,N100_drop0.50_s0.20_c0.05,1.0,0.0,0.0,False,False,1.0068271698186462,1.0170734897113791,-0.0865463796488441,-0.1149304575594595,NSE,False,NSE validated,False,,
2026-10-01,MIRZAINT,INE771A01026,27.65,27.65,11774427.733174603,55.3,0.2992254184211808,0.0370643763907237,0.2111158836890895,0.1755641297236948,0.1519986429874365,0.0616521953192057,0.0270386396745088,0.0365755510714698,0.0477043323128478,0.0270386396745088,0.4850636410026087,0.0192976848355233,0.4850636410026087,0.4187187639551173,0.0623446728493415,0.1578542883492161,0.2111158836890895,0.0370643763907237,0.1578542883492161,0.4850636410026087,False,,,N100_drop0.50_s0.20_c0.05,1.0,0.0,0.0,False,False,1.0068271698186462,1.0170734897113791,-0.0865463796488441,-0.1149304575594595,NSE,False,NSE validated,False,,
2026-10-01,COSMOFIRST,INE757A01017,826.85,826.85,94316663.79761904,1653.7,0.2991445823617442,0.037047961237884,0.1426148603355971,0.259776303470086,0.1556610992215303,0.0589236637391091,0.0270280624893759,0.036558782370479,0.0476825237287913,0.0270280624893759,0.5301714348934619,0.0260276319043201,0.5301714348934619,0.4986193142633793,0.0007377160876111,0.1829411764705882,0.1426148603355971,0.037047961237884,0.1829411764705882,0.5301714348934619,False,,,N100_drop0.50_s0.20_c0.05,1.0,0.0,0.0,False,False,1.0068271698186462,1.0170734897113791,-0.0865463796488441,-0.1149304575594595,NSE,False,NSE validated,False,,
2026-10-01,EPIGRAL,INE071N01016,982.2,982.2,102357772.36666667,1964.4,0.298847107126367,0.0369875920766965,0.2229103266700418,0.1659303659423848,0.1485212191825084,0.0526752593033526,0.0269891593247712,0.0364991313150925,0.0476023212514817,0.0269891593247712,0.4840600404876203,0.0135154746294088,0.4840600404876203,0.4984519707919297,0.0519155532210294,0.1829411764705882,0.2229103266700418,0.0369875920766965,0.1829411764705882,0.4840600404876203,False,,,N100_drop0.50_s0.20_c0.05,1.0,0.0,0.0,False,False,1.0068271698186462,1.0170734897113791,-0.0865463796488441,-0.1149304575594595,NSE,False,NSE validated,False,,
2026-10-01,TI,INE133E01013,542.55,542.55,480277421.85714287,1085.1,0.2988227679161916,0.0369826553799694,0.1470113041277156,0.251563344733279,0.1666011578137577,0.0955226973475358,0.026985977734732,0.0364942533503381,0.0475957628098436,0.026985977734732,0.5028041326153151,0.014238526579257,0.5028041326153151,0.4422942627465957,0.0438112527296539,0.1648675171736997,0.1470113041277156,0.0369826553799694,0.1648675171736997,0.5028041326153151,False,,,N100_drop0.50_s0.20_c0.05,1.0,0.0,0.0,False,False,1.0068271698186462,1.0170734897113791,-0.0865463796488441,-0.1149304575594595,NSE,False,NSE validated,False,,
2026-10-01,SHK,INE500L01026,137.86,137.86,127348713.87253968,275.72,0.2984052121134883,0.0368980256870583,0.2343414508415675,0.1574541147310901,0.155172429773487,0.1060925219833897,0.0269314292464064,0.0364179258461065,0.0474833345792266,0.0269314292464064,0.4751989473472659,0.0529612860238399,0.4751989473472659,0.4818309784961497,0.0732233012023239,0.1732057416267942,0.2343414508415675,0.0368980256870583,0.1732057416267942,0.4751989473472659,False,,,N100_drop0.50_s0.20_c0.05,1.0,0.0,0.0,False,False,1.0068271698186462,1.0170734897113791,-0.0865463796488441,-0.1149304575594595,NSE,False,NSE validated,False,,
2026-10-01,STAR,INE939A01011,1084.8,1084.8,392425923.15873015,2169.6,0.2981398095532772,0.0368442957827263,0.1804947578351415,0.2041294507643199,0.1729084482081961,0.07153804123098,0.0268967909303206,0.0363737180759024,0.0474119588253966,0.0268967909303206,0.457680170503749,0.034797822884943,0.457680170503749,0.4125205651578208,0.0650332845664258,0.1578542883492161,0.1804947578351415,0.0368442957827263,0.1578542883492161,0.457680170503749,False,,,N100_drop0.50_s0.20_c0.05,1.0,0.0,0.0,False,False,1.0068271698186462,1.0170734897113791,-0.0865463796488441,-0.1149304575594595,NSE,False,NSE validated,False,,
2026-10-01,MEIL,INE0PKD01011,262.1,262.1,16227068.876984129,524.2,0.2977831651351428,0.0367721695037786,0.2525503800841029,0.1456033029589302,0.1537960250698803,0.070326276459024,0.0268502850502107,0.0363066126546079,0.0473161486242321,0.0268502850502107,0.4636373745235183,0.0509125526188025,0.4636373745235183,0.4614832414470753,0.0654198090258713,0.1732057416267942,0.2525503800841029,0.0367721695037786,0.1732057416267942,0.4636373745235183,False,,,N100_drop0.50_s0.20_c0.05,1.0,0.0,0.0,False,False,1.0068271698186462,1.0170734897113791,-0.0865463796488441,-0.1149304575594595,NSE,False,NSE validated,False,,
2026-10-01,SANDHAR,INE278H01035,563.85,563.85,134570630.08650795,1127.7,0.2977139684647275,0.0367581854445058,0.1775835552935412,0.2069909310225569,0.1565478857578129,0.0640138572067021,0.0268412673028966,0.0362922843652394,0.0472975731368579,0.0268412673028966,0.4706265347531054,0.018767177932448,0.4706265347531054,0.4521721588998511,0.0419365026286514,0.171875,0.1775835552935412,0.0367581854445058,0.171875,0.4706265347531054,False,,,N100_drop0.50_s0.20_c0.05,1.0,0.0,0.0,False,False,1.0068271698186462,1.0170734897113791,-0.0865463796488441,-0.1149304575594595,NSE,False,NSE validated,False,,
2026-10-01,PRIMESECU,INE032B01021,301.5,301.5,10556596.738888888,603.0,0.2973745611226044,0.0366896410621969,0.1361507347837845,0.269478098083439,0.1683954317666026,0.0735640081667101,0.0268005346039001,0.0362220558057899,0.0472065256422524,0.0268005346039001,0.5063896493465218,0.0445779851336593,0.5063896493465218,0.4218481322589307,0.0585598066306544,0.1578542883492161,0.1361507347837845,0.0366896410621969,0.1578542883492161,0.5063896493465218,False,,,N100_drop0.50_s0.20_c0.05,1.0,0.0,0.0,False,False,1.0068271698186462,1.0170734897113791,-0.0865463796488441,-0.1149304575594595,NSE,False,NSE validated,False,,
2026-10-01,HLEGLAS,INE461D01028,442.05,442.05,175925004.24761906,884.1,0.297324510338103,0.0366795397451772,0.3140787206199166,0.1167845426547223,0.1851905857031929,0.0370070426447981,0.0267957951507122,0.0362117067295461,0.0471931083835072,0.0267957951507122,0.4701019608974766,0.0512961263259181,0.4701019608974766,0.4603838445386638,0.0496375047621378,0.1732057416267942,0.3140787206199166,0.0366795397451772,0.1732057416267942,0.4701019608974766,False,,,N100_drop0.50_s0.20_c0.05,1.0,0.0,0.0,False,False,1.0068271698186462,1.0170734897113791,-0.0865463796488441,-0.1149304575594595,NSE,False,NSE validated,False,,
2026-10-01,RESPONIND,INE688D01026,162.59,162.59,363370772.8600001,325.18,0.2972935171590327,0.0366732855094702,0.2632451445513452,0.1393122960424335,0.1711649039348295,0.0687359974753919,0.0267928604984754,0.0362052991498048,0.0471848011219473,0.0267928604984754,0.4315842854422473,0.0539926565488038,0.4315842854422473,0.4139249085157159,0.0657773375275949,0.1578542883492161,0.2632451445513452,0.0366732855094702,0.1578542883492161,0.4315842854422473,False,,,N100_drop0.50_s0.20_c0.05,1.0,0.0,0.0,False,False,1.0068271698186462,1.0170734897113791,-0.0865463796488441,-0.1149304575594595,NSE,False,NSE validated,False,,
2026-10-01,FMGOETZE,INE529A01010,444.25,444.25,730405517.586508,888.5,0.2971427026244825,0.036642861322273,0.2133589698561593,0.1717427739127944,0.1492211168347925,0.0689965369463228,0.0267784496276411,0.0361741296228905,0.0471443902901301,0.0267784496276411,0.4716499226143948,0.0454111584211027,0.4716499226143948,0.4597405385153006,0.0420479749459911,0.1732057416267942,0.2133589698561593,0.036642861322273,0.1732057416267942,0.4716499226143948,False,,,N100_drop0.50_s0.20_c0.05,1.0,0.0,0.0,False,False,1.0068271698186462,1.0170734897113791,-0.0865463796488441,-0.1149304575594595,NSE,False,NSE validated,False,,
2026-10-01,HCG,INE075I01017,668.75,668.75,130776483.93968254,1337.5,0.2970863478476314,0.0366314966812567,0.1529950904680197,0.2394292298478283,0.1597236578631167,0.0905435003660676,0.0267704858861514,0.0361624868291522,0.0471292954327569,0.0267704858861514,0.4926888392645391,0.0228538743196685,0.4926888392645391,0.457979582593957,0.0438013989441685,0.1732057416267942,0.1529950904680197,0.0366314966812567,0.1732057416267942,0.4926888392645391,False,,,N100_drop0.50_s0.20_c0.05,1.0,0.0,0.0,False,False,1.0068271698186462,1.0170734897113791,-0.0865463796488441,-0.1149304575594595,NSE,False,NSE validated,False,,
2026-10-01,INNOVISION,INE0ADB01012,253.0,253.0,13732127.93888889,506.0,0.2969428480626155,0.036602567857576,0.2438033434393093,0.1501315254386068,0.1676814753939271,0.0416468288896874,0.0267502137646882,0.0361328506061268,0.0470908717716971,0.0267502137646882,0.4392038562878437,0.0479613738104247,0.4392038562878437,0.3974144070839348,0.0781665939348352,0.1578542883492161,0.2438033434393093,0.036602567857576,0.1578542883492161,0.4392038562878437,False,,,N100_drop0.50_s0.20_c0.05,1.0,0.0,0.0,False,False,1.0068271698186462,1.0170734897113791,-0.0865463796488441,-0.1149304575594595,NSE,False,NSE validated,False,,
2026-10-01,IFBIND,INE559A01017,1166.2,1166.2,98261569.86031744,2332.4,0.2968652441839265,0.0365869291082211,0.1990281986555321,0.1838278663795976,0.1531407143811098,0.0494347181227783,0.0267392545814994,0.0361168298247351,0.047070100451901,0.0267392545814994,0.4653768069753682,0.0233675895665573,0.4653768069753682,0.460275593561317,0.0412566706650693,0.1732057416267942,0.1990281986555321,0.0365869291082211,0.1732057416267942,0.4653768069753682,False,,,N100_drop0.50_s0.20_c0.05,1.0,0.0,0.0,False,False,1.0068271698186462,1.0170734897113791,-0.0865463796488441,-0.1149304575594595,NSE,False,NSE validated,False,,
2026-10-01,ZOTA,INE358U01012,1267.8,1267.8,113734937.32222222,2535.6,0.2966918382696657,0.0365519990097572,0.2286570810302247,0.1598550932473665,0.172445508329022,0.1367286990104297,0.0267147760830791,0.0360810474079042,0.047023707160686,0.0267147760830791,0.4314379112525783,0.0647027145563453,0.4314379112525783,0.3980521788780345,0.0807780117975519,0.1578542883492161,0.2286570810302247,0.0365519990097572,0.1578542883492161,0.4314379112525783,False,,,N100_drop0.50_s0.20_c0.05,1.0,0.0,0.0,False,False,1.0068271698186462,1.0170734897113791,-0.0865463796488441,-0.1149304575594595,NSE,False,NSE validated,False,,
2026-10-01,JPOLYINVST,INE147P01019,911.0,911.0,13044217.63968254,1822.0,0.2965564003543303,0.0365247311291419,0.2075881174197755,0.1759480821114787,0.1482781992059473,0.0291493289262398,0.0266956666773815,0.0360531151076132,0.0469874913256056,0.0266956666773815,0.4784173157002815,0.0365723025828796,0.4784173157002815,0.4555531672863897,0.0315155737750969,0.1732057416267942,0.2075881174197755,0.0365247311291419,0.1732057416267942,0.4784173157002815,False,,,N100_drop0.50_s0.20_c0.05,1.0,0.0,0.0,False,False,1.0068271698186462,1.0170734897113791,-0.0865463796488441,-0.1149304575594595,NSE,False,NSE validated,False,,
2026-10-01,BALAJITELE,INE794B01026,90.04,90.04,23925233.00238095,180.08,0.2965076996516566,0.0365149291825018,0.2088014575326649,0.1748787082905752,0.1649941550325883,0.0574665534180252,0.0266887973439821,0.0360430745234839,0.0469744730180423,0.0266887973439821,0.4596333995227417,0.033064233824569,0.4596333995227417,0.4311189521007763,0.0544109808059464,0.1578542883492161,0.2088014575326649,0.0365149291825018,0.1578542883492161,0.4596333995227417,False,,,N100_drop0.50_s0.20_c0.05,1.0,0.0,0.0,False,False,1.0068271698186462,1.0170734897113791,-0.0865463796488441,-0.1149304575594595,NSE,False,NSE validated,False,,
2026-10-01,GENESYS,INE727B01026,281.35,281.35,334901779.69714284,562.7,0.2963673649207524,0.0364866930831009,0.3444467420028791,0.1059284023734384,0.1954928209738672,0.1100285107048563,0.0266690088107892,0.0360141515830909,0.0469369721056324,0.0266690088107892,0.4019673296733482,0.108135746585151,0.4019673296733482,0.4579355457593344,0.1320814912828509,0.1732057416267942,0.3444467420028791,0.0364866930831009,0.1732057416267942,0.4019673296733482,False,,,N100_drop0.50_s0.20_c0.05,1.0,0.0,0.0,False,False,1.0068271698186462,1.0170734897113791,-0.0865463796488441,-0.1149304575594595,NSE,False,NSE validated,False,,
2026-10-01,BFUTILITIE,INE243D01012,504.75,504.75,132622978.17301586,1009.5,0.2962770265515545,0.0364685235441794,0.3070093629790461,0.1187863561889754,0.1731560600912313,0.1285884847561431,0.0266562749259765,0.0359955405373141,0.0469128411313393,0.0266562749259765,0.4035577687106537,0.0778615245982673,0.4035577687106537,0.4029058182662007,0.1042487444152106,0.1578542883492161,0.3070093629790461,0.0364685235441794,0.1578542883492161,0.4035577687106537,False,,,N100_drop0.50_s0.20_c0.05,1.0,0.0,0.0,False,False,1.0068271698186462,1.0170734897113791,-0.0865463796488441,-0.1149304575594595,NSE,False,NSE validated,False,,
2026-10-01,DHANBANK,INE680A01011,26.97,26.97,45135404.07492063,53.94,0.2961762654401906,0.0364482641926752,0.1699481834005479,0.2144669243493527,0.1506720032498762,0.0534588524907519,0.02664207620344,0.0359734846859304,0.0468859349934312,0.02664207620344,0.5021067927902353,0.0095148474401628,0.5021067927902353,0.4929385257079703,0.0163719227912356,0.1732057416267942,0.1699481834005479,0.0364482641926752,0.1732057416267942,0.5021067927902353,False,,,N100_drop0.50_s0.20_c0.05,1.0,0.0,0.0,False,False,1.0068271698186462,1.0170734897113791,-0.0865463796488441,-0.1149304575594595,NSE,False,NSE validated,False,,
2026-10-01,TRANSRAILL,INE454P01035,474.9,474.9,485928547.5563492,949.8,0.2958292687066316,0.0363785482405691,0.2589198211938045,0.1405012102697975,0.1732555141163766,0.0466726149013226,0.0265927097813812,0.0359064796198236,0.0467933488575867,0.0265927097813812,0.3852053130612629,0.086720920045268,0.3852053130612629,0.3976944154965174,0.0815444373642186,0.1578542883492161,0.2589198211938045,0.0363785482405691,0.1578542883492161,0.3852053130612629,False,,,N100_drop0.50_s0.20_c0.05,1.0,0.0,0.0,False,False,1.0068271698186462,1.0170734897113791,-0.0865463796488441,-0.1149304575594595,NSE,False,NSE validated,False,,
2026-10-01,WEWORK,INE085001019,659.6,659.6,234429346.05714285,1319.2,0.2956833524567579,0.036349256057834,0.1525027513913205,0.2383514771124501,0.1648315587947608,0.0496828697254227,0.0265717867389536,0.0358783396913313,0.046754448619176,0.0265717867389536,0.5279997337179414,0.0463200060117638,0.5279997337179414,0.4834480637461936,0.0352211978705665,0.1732057416267942,0.1525027513913205,0.036349256057834,0.1732057416267942,0.5279997337179414,False,,,N100_drop0.50_s0.20_c0.05,1.0,0.0,0.0,False,False,1.0068271698186462,1.0170734897113791,-0.0865463796488441,-0.1149304575594595,NSE,False,NSE validated,False,,
2026-10-01,MARSONS,INE415B01044,114.26,114.26,306325145.317619,228.52,0.2956437845024831,0.0363413153960012,0.2591381010567641,0.1402391823039588,0.161453236133912,0.0768511457725941,0.0265660836292252,0.0358707114251075,0.0467439034821048,0.0265660836292252,0.4372705384793934,0.0527533122062974,0.4372705384793934,0.4095025686420971,0.0642313914577374,0.1578542883492161,0.2591381010567641,0.0363413153960012,0.1578542883492161,0.4372705384793934,False,,,N100_drop0.50_s0.20_c0.05,1.0,0.0,0.0,False,False,1.0068271698186462,1.0170734897113791,-0.0865463796488441,-0.1149304575594595,NSE,False,NSE validated,False,,
2026-10-01,HEXT,INE093A01041,490.45,490.45,384235579.1555556,980.9,0.2953251743019086,0.0362774137297911,0.2162740093842677,0.1677382031852692,0.1591796066474254,0.0333796245443026,0.0265201884908411,0.0358093243063431,0.04665904445609,0.0265201884908411,0.4427575334696174,0.035723028149929,0.4427575334696174,0.4415408157380742,0.0486102206072333,0.1578542883492161,0.2162740093842677,0.0362774137297911,0.1578542883492161,0.4427575334696174,False,,,N100_drop0.50_s0.20_c0.05,1.0,0.0,0.0,False,False,1.0068271698186462,1.0170734897113791,-0.0865463796488441,-0.1149304575594595,NSE,False,NSE validated,False,,
2026-10-01,IGARASHI,INE188B01013,398.95,398.95,193122643.24761903,797.9,0.2951576743505697,0.0362438466557906,0.1903698432841835,0.1903864920542374,0.1678297712495392,0.0770404678896131,0.0264960801517021,0.035777067713257,0.0466144699846235,0.0264960801517021,0.4612915774055515,0.0313888215188278,0.4612915774055515,0.4455175915521432,0.0593330254404932,0.1648675171736997,0.1903698432841835,0.0362438466557906,0.1648675171736997,0.4612915774055515,False,,,N100_drop0.50_s0.20_c0.05,1.0,0.0,0.0,False,False,1.0068271698186462,1.0170734897113791,-0.0865463796488441,-0.1149304575594595,NSE,False,NSE validated,False,,
2026-10-01,BALRAMCHIN,INE119A01028,649.05,649.05,2172273063.253175,1298.1,0.294987324708124,0.0362097278185854,0.2070217948619719,0.1749078054449657,0.1597616752748451,0.084415548048007,0.0264715755549579,0.0357409258245307,0.0465691637691556,0.0264715755549579,0.4957908949561485,0.0295286482025659,0.4957908949561485,0.4539730592262882,0.0344804620707776,0.1732057416267942,0.2070217948619719,0.0362097278185854,0.1732057416267942,0.4957908949561485,False,,,N100_drop0.50_s0.20_c0.05,1.0,0.0,0.0,False,False,1.0068271698186462,1.0170734897113791,-0.0865463796488441,-0.1149304575594595,NSE,False,NSE validated,False,,
2026-10-01,EPL,INE255A01020,232.39,232.39,1021674267.2201588,464.78,0.2949705331061382,0.0362063657314251,0.1564084602176998,0.2314859802406511,0.1646506526846941,0.0527998500307891,0.0264691608612424,0.0357373645282498,0.0465646993243573,0.0264691608612424,0.4651926391320244,0.0256740328250053,0.4651926391320244,0.4381510294557074,0.0488900893802876,0.1578542883492161,0.1564084602176998,0.0362063657314251,0.1578542883492161,0.4651926391320244,False,,,N100_drop0.50_s0.20_c0.05,1.0,0.0,0.0,False,False,1.0068271698186462,1.0170734897113791,-0.0865463796488441,-0.1149304575594595,NSE,False,NSE validated,False,,
2026-10-01,ZENTEC,INE251B01027,1576.1,1576.1,835898888.9952381,3152.2,0.294859939981537,0.0361842270224265,0.1756239063612886,0.2060324688826213,0.1582218368155088,0.0724497270472277,0.0264532605654052,0.0357139147075068,0.0465353020325086,0.0264532605654052,0.4616850397747673,0.0237763994450193,0.4616850397747673,0.4307511042092583,0.0467681829482866,0.1578542883492161,0.1756239063612886,0.0361842270224265,0.1578542883492161,0.4616850397747673,False,,,N100_drop0.50_s0.20_c0.05,1.0,0.0,0.0,False,False,1.0068271698186462,1.0170734897113791,-0.0865463796488441,-0.1149304575594595,NSE,False,NSE validated,False,,
2026-10-01,FOODSIN,INE976E01023,49.39,49.39,5568743.881587302,98.78,0.294744208418714,0.0361610684743848,0.2990530634476805,0.120918568957282,0.1517273517753868,0.1212874709185222,0.0264366278199672,0.0356893858449255,0.0465045509638738,0.0264366278199672,0.4168055945348167,0.0551386908149713,0.4168055945348167,0.4333673567307161,0.0581045371887791,0.1578542883492161,0.2990530634476805,0.0361610684743848,0.1578542883492161,0.4168055945348167,False,,,N100_drop0.50_s0.20_c0.05,1.0,0.0,0.0,False,False,1.0068271698186462,1.0170734897113791,-0.0865463796488441,-0.1149304575594595,NSE,False,NSE validated,False,,
2026-10-01,SILGO,INE01II01013,70.17,70.17,10435348.866031744,140.34,0.2943515735659323,0.036082566865335,0.1493842830951877,0.2415419220664811,0.1606724209188725,0.0328095119698375,0.0263802471124919,0.0356062483155762,0.0464003159533925,0.0263802471124919,0.4973700274298012,0.0145156671994717,0.4973700274298012,0.4530927563435824,0.0327319735143847,0.1732057416267942,0.1493842830951877,0.036082566865335,0.1732057416267942,0.4973700274298012,False,,,N100_drop0.50_s0.20_c0.05,1.0,0.0,0.0,False,False,1.0068271698186462,1.0170734897113791,-0.0865463796488441,-0.1149304575594595,NSE,False,NSE validated,False,,
2026-10-01,GOODYEAR,INE533A01012,694.3,694.3,8969564.585714288,1388.6,0.294339709671643,0.0360801964595775,0.1673234623160333,0.2156314240702886,0.2110359060569137,0.0983593494002446,0.0263785446633289,0.0356037381440313,0.0463971685911937,0.0263785446633289,0.545991963720316,0.1183257372117277,0.545991963720316,0.5142585072816783,0.0943736745705672,0.1829411764705882,0.1673234623160333,0.0360801964595775,0.1829411764705882,0.545991963720316,False,,,N100_drop0.50_s0.20_c0.05,1.0,0.0,0.0,False,False,1.0068271698186462,1.0170734897113791,-0.0865463796488441,-0.1149304575594595,NSE,False,NSE validated,False,,
2026-10-01,MADRASFERT,INE414A01015,57.46,57.46,5002344.318412699,114.92,0.2942687852099491,0.0360660277189094,0.1921115193900121,0.1877348523057101,0.156638473594071,0.0115877758353671,0.0263683685341829,0.0355887342422205,0.0463783558091672,0.0263683685341829,0.4903988315862745,0.0036712872916714,0.4903988315862745,0.4803361494093165,0.0114608387665554,0.1732057416267942,0.1921115193900121,0.0360660277189094,0.1732057416267942,0.4903988315862745,False,,,N100_drop0.50_s0.20_c0.05,1.0,0.0,0.0,False,False,1.0068271698186462,1.0170734897113791,-0.0865463796488441,-0.1149304575594595,NSE,False,NSE validated,False,,
2026-10-01,MANBA,INE939X01013,139.01,139.01,25351865.28761905,278.02,0.2938877198855353,0.0359899590385329,0.1395397007712462,0.2579191358417267,0.1728330915599449,0.0498334652531406,0.0263137353255613,0.0355133941908631,0.0462773572201317,0.0263137353255613,0.4998969541165023,0.0108505472196628,0.4998969541165023,0.4418291952923448,0.0457677568546691,0.1648675171736997,0.1395397007712462,0.0359899590385329,0.1648675171736997,0.4998969541165023,False,,,N100_drop0.50_s0.20_c0.05,1.0,0.0,0.0,False,False,1.0068271698186462,1.0170734897113791,-0.0865463796488441,-0.1149304575594595,NSE,False,NSE validated,False,,
2026-10-01,POLYPLEX,INE633B01018,1028.0,1028.0,104095432.39126983,2056.0,0.2935806069655263,0.0359287234398525,0.1522861358910382,0.23592905046563,0.1542401301060889,0.0610481820049377,0.0262697554478835,0.035451002703799,0.0461960564710531,0.0262697554478835,0.5261235333752046,0.0235334664526462,0.5261235333752046,0.5067492431227781,0.0225820052382594,0.1829411764705882,0.1522861358910382,0.0359287234398525,0.1829411764705882,0.5261235333752046,False,,,N100_drop0.50_s0.20_c0.05,1.0,0.0,0.0,False,False,1.0068271698186462,1.0170734897113791,-0.0865463796488441,-0.1149304575594595,NSE,False,NSE validated,False,,
2026-10-01,TATATECH,INE142M01025,698.8,698.8,1141856435.945238,1397.6,0.2935792875391794,0.035928460493785,0.179778543498524,0.1998484346052119,0.1544635088781778,0.0573536951921769,0.0262695665981415,0.035450727088864,0.0461957073719003,0.0262695665981415,0.4767818023808163,0.0292934930986777,0.4767818023808163,0.4669400787021771,0.0258682837485278,0.1732057416267942,0.179778543498524,0.035928460493785,0.1732057416267942,0.4767818023808163,False,,,N100_drop0.50_s0.20_c0.05,1.0,0.0,0.0,False,False,1.0068271698186462,1.0170734897113791,-0.0865463796488441,-0.1149304575594595,NSE,False,NSE validated,False,,
2026-10-01,SENCO,INE602W01027,317.4,317.4,701004542.8952382,634.8,0.2934023640910297,0.0358932122655879,0.2075654316655792,0.1729248072647163,0.1535426107993545,0.0708952615840138,0.0262442510800086,0.0354137817236935,0.0461489107494302,0.0262442510800086,0.449498937068836,0.0412759066279107,0.449498937068836,0.4372296968919245,0.0440820174302317,0.1578542883492161,0.2075654316655792,0.0358932122655879,0.1578542883492161,0.449498937068836,False,,,N100_drop0.50_s0.20_c0.05,1.0,0.0,0.0,False,False,1.0068271698186462,1.0170734897113791,-0.0865463796488441,-0.1149304575594595,NSE,False,NSE validated,False,,
2026-10-01,EXCELSOFT,INE606N01019,78.33,78.33,83216331.73603174,156.66,0.2933203800185738,0.035876885766211,0.2503880995144302,0.1432851075421952,0.1704030576052501,0.046012389244036,0.0262325252838874,0.0353974517448321,0.0461272355463956,0.0262325252838874,0.4145476929046974,0.071068090932552,0.4145476929046974,0.3791933808068923,0.0885055751447483,0.1578542883492161,0.2503880995144302,0.035876885766211,0.1578542883492161,0.4145476929046974,False,,,N100_drop0.50_s0.20_c0.05,1.0,0.0,0.0,False,False,1.0068271698186462,1.0170734897113791,-0.0865463796488441,-0.1149304575594595,NSE,False,NSE validated,False,,
2026-10-01,XCHANGING,INE692G01013,59.73,59.73,6387297.506190476,119.46,0.2931977759206765,0.0358524784637157,0.1969563144453141,0.1820326429476847,0.1656479370436564,0.0784440196521958,0.0262149958116381,0.0353736244526295,0.0460948326188074,0.0262149958116381,0.4804681149165273,0.0252196544313073,0.4804681149165273,0.432437604410576,0.0486942428398752,0.1578542883492161,0.1969563144453141,0.0358524784637157,0.1578542883492161,0.4804681149165273,False,,,N100_drop0.50_s0.20_c0.05,1.0,0.0,0.0,False,False,1.0068271698186462,1.0170734897113791,-0.0865463796488441,-0.1149304575594595,NSE,False,NSE validated,False,,
2026-10-01,LINCOLN,INE405C01035,582.05,582.05,28928252.175396822,1164.1,0.2929095289255904,0.0357951354114135,0.1647208087810949,0.217307914381257,0.1563408441328409,0.0367333100277593,0.0261738117224412,0.0353176443418659,0.0460187064544396,0.0261738117224412,0.4684602472070481,0.0313401560166938,0.4684602472070481,0.4699390905732197,0.0385270941698376,0.1732057416267942,0.1647208087810949,0.0357951354114135,0.1732057416267942,0.4684602472070481,False,,,N100_drop0.50_s0.20_c0.05,1.0,0.0,0.0,False,False,1.0068271698186462,1.0170734897113791,-0.0865463796488441,-0.1149304575594595,NSE,False,NSE validated,False,,
2026-10-01,BORORENEW,INE666D01022,449.6,449.6,339671363.1,899.2,0.2927483972973135,0.0357631044480047,0.1941235873582789,0.1842285367516906,0.1579124164201441,0.0216898851095093,0.0261508069340172,0.035286374850948,0.0459761847431298,0.0261508069340172,0.4706376464996144,0.0247262404501801,0.4706376464996144,0.4369484313314258,0.0431712096367041,0.1578542883492161,0.1941235873582789,0.0357631044480047,0.1578542883492161,0.4706376464996144,False,,,N100_drop0.50_s0.20_c0.05,1.0,0.0,0.0,False,False,1.0068271698186462,1.0170734897113791,-0.0865463796488441,-0.1149304575594595,NSE,False,NSE validated,False,,
2026-10-01,MASTEK,INE759A01021,1555.6,1555.6,382188098.8015872,3111.2,0.2926239787147777,0.0357383834044024,0.2410199387065937,0.1482797796571872,0.1519951285878891,0.0978904480411786,0.0261330521747288,0.0352622415762833,0.0459433676857528,0.0261330521747288,0.4223692413524573,0.055821701133952,0.4223692413524573,0.4795006649834432,0.0551351396656657,0.1732057416267942,0.2410199387065937,0.0357383834044024,0.1732057416267942,0.4223692413524573,False,,,N100_drop0.50_s0.20_c0.05,1.0,0.0,0.0,False,False,1.0068271698186462,1.0170734897113791,-0.0865463796488441,-0.1149304575594595,NSE,False,NSE validated,False,,
2026-10-01,ABSLAMC,INE404A01024,991.7,991.7,263300222.1380953,1983.4,0.2924655713413925,0.0357069239431369,0.171805723222347,0.2078331459128744,0.1636152233326741,0.0968764672504808,0.0261104578676785,0.0352315301915989,0.0459016061669295,0.0261104578676785,0.4808884371939415,0.0319997535397702,0.4808884371939415,0.4543356187573628,0.0606949488999528,0.1732057416267942,0.171805723222347,0.0357069239431369,0.1732057416267942,0.4808884371939415,False,,,N100_drop0.50_s0.20_c0.05,1.0,0.0,0.0,False,False,1.0068271698186462,1.0170734897113791,-0.0865463796488441,-0.1149304575594595,NSE,False,NSE validated,False,,
2026-10-01,ZYDUSWELL,INE768C01028,493.25,493.25,246421135.5531746,986.5,0.2924472983590606,0.0357032960303189,0.1945717272639264,0.1834968344701452,0.1644104233921094,0.1003017932986156,0.0261078522875154,0.0352279885539645,0.0458967902726032,0.0261078522875154,0.4638192440062313,0.0273588507668529,0.4638192440062313,0.422771341023641,0.0591903407986933,0.1578542883492161,0.1945717272639264,0.0357032960303189,0.1578542883492161,0.4638192440062313,False,,,N100_drop0.50_s0.20_c0.05,1.0,0.0,0.0,False,False,1.0068271698186462,1.0170734897113791,-0.0865463796488441,-0.1149304575594595,NSE,False,NSE validated,False,,
2026-10-01,TEMBO,INE869Y01028,57.16,57.16,125312389.78492063,114.32,0.2918741789614831,0.0355896216582874,0.2120375818729239,0.1678458193303519,0.1619476538329267,0.0630584012295884,0.0260262110279948,0.0351170181765569,0.0457498927953496,0.0260262110279948,0.4384261138916551,0.044422005757527,0.4384261138916551,0.4169458993849857,0.0646408751514704,0.1578542883492161,0.2120375818729239,0.0355896216582874,0.1578542883492161,0.4384261138916551,False,,,N100_drop0.50_s0.20_c0.05,1.0,0.0,0.0,False,False,1.0068271698186462,1.0170734897113791,-0.0865463796488441,-0.1149304575594595,NSE,False,NSE validated,False,,
2026-10-01,INDIGOPNTS,INE09VQ01012,1053.5,1053.5,118679796.64603172,2107.0,0.2917306868796431,0.0355611950996623,0.1597372247816734,0.2226230933225923,0.1543172877344885,0.0720616550631057,0.0260057950169569,0.0350892680208083,0.0457155653713438,0.0260057950169569,0.4926353021529958,0.0064277099674888,0.4926353021529958,0.4869283870643288,0.0279013761876797,0.1732057416267942,0.1597372247816734,0.0355611950996623,0.1732057416267942,0.4926353021529958,False,,,N100_drop0.50_s0.20_c0.05,1.0,0.0,0.0,False,False,1.0068271698186462,1.0170734897113791,-0.0865463796488441,-0.1149304575594595,NSE,False,NSE validated,False,,
2026-10-01,FSL,INE684F01012,250.4,250.4,967624251.3557144,500.8,0.2916765156810831,0.0355504670425172,0.2506767503608836,0.1418179667294133,0.1585955744031935,0.0588274781514064,0.0259980901073329,0.0350787952573684,0.04570260987254,0.0259980901073329,0.4390330540009682,0.049193683096038,0.4390330540009682,0.4442929749229353,0.0420580173807687,0.1648675171736997,0.2506767503608836,0.0355504670425172,0.1648675171736997,0.4390330540009682,False,,,N100_drop0.50_s0.20_c0.05,1.0,0.0,0.0,False,False,1.0068271698186462,1.0170734897113791,-0.0865463796488441,-0.1149304575594595,NSE,False,NSE validated,False,,
2026-10-01,SURYODAY,INE428Q01011,143.55,143.55,384477033.4161905,287.1,0.2914447450895308,0.0355045891898261,0.1862962507826238,0.1905813404224329,0.156781868232297,0.0729556169397727,0.0259651405664959,0.0350340092893118,0.0456472035302411,0.0259651405664959,0.4603078625737045,0.0242614861162151,0.4603078625737045,0.4355107839197829,0.0441934259406365,0.1578542883492161,0.1862962507826238,0.0355045891898261,0.1578542883492161,0.4603078625737045,False,,,N100_drop0.50_s0.20_c0.05,1.0,0.0,0.0,False,False,1.0068271698186462,1.0170734897113791,-0.0865463796488441,-0.1149304575594595,NSE,False,NSE validated,False,,
2026-10-01,SUMICHEM,INE258G01013,417.6,417.6,278490815.99603176,835.2,0.2912234573066017,0.0354608195664108,0.2041908209051987,0.1736651011500389,0.1523874113153151,0.0150994137386213,0.0259270726151474,0.0349845341822408,0.0455943387785437,0.0259270726151474,0.4521600897966782,0.036007349645826,0.4521600897966782,0.4263636417445863,0.0508643027083421,0.1578542883492161,0.2041908209051987,0.0354608195664108,0.1578542883492161,0.4521600897966782,False,,,N100_drop0.50_s0.20_c0.05,1.0,0.0,0.0,False,False,1.0068271698186462,1.0170734897113791,-0.0865463796488441,-0.1149304575594595,NSE,False,NSE validated,False,,
2026-10-01,VTL,INE825A01020,529.25,529.25,439611850.0785714,1058.5,0.2911024720772561,0.0354369029967531,0.165155554177915,0.214566825639896,0.1537271931139663,0.056945264984579,0.025903338178209,0.0349571810236998,0.0455654505955035,0.025903338178209,0.4646145739022713,0.0264575082124113,0.4646145739022713,0.4459268479431566,0.0366278934797019,0.1648675171736997,0.165155554177915,0.0354369029967531,0.1648675171736997,0.4646145739022713,False,,,N100_drop0.50_s0.20_c0.05,1.0,0.0,0.0,False,False,1.0068271698186462,1.0170734897113791,-0.0865463796488441,-0.1149304575594595,NSE,False,NSE validated,False,,
2026-10-01,MUFTI,INE220Q01020,70.24,70.24,7166323.216031746,140.48,0.291032704444286,0.0354231156133618,0.2333051713475661,0.1518316778353373,0.1582652999094236,0.0566900967656371,0.0258896583965225,0.0349414138322307,0.0455487965874551,0.0258896583965225,0.4468641190311855,0.0387072659055142,0.4468641190311855,0.4143548723647427,0.0599352471070665,0.1578542883492161,0.2333051713475661,0.0354231156133618,0.1578542883492161,0.4468641190311855,False,,,N100_drop0.50_s0.20_c0.05,1.0,0.0,0.0,False,False,1.0068271698186462,1.0170734897113791,-0.0865463796488441,-0.1149304575594595,NSE,False,NSE validated,False,,
2026-10-01,PURVA,INE323I01011,204.64,204.64,260739433.35190475,409.28,0.2905881389684457,0.0353353367917759,0.2121816967308731,0.1665333878284259,0.1637875331534562,0.0538594085799692,0.025803402333945,0.0348410528613129,0.0454427568427409,0.025803402333945,0.449391050583072,0.0379227549795698,0.449391050583072,0.4305829591137491,0.0551608332051409,0.1578542883492161,0.2121816967308731,0.0353353367917759,0.1578542883492161,0.449391050583072,False,,,N100_drop0.50_s0.20_c0.05,1.0,0.0,0.0,False,False,1.0068271698186462,1.0170734897113791,-0.0865463796488441,-0.1149304575594595,NSE,False,NSE validated,False,,
2026-10-01,SNOWMAN,INE734N01019,34.11,34.11,7528874.906984127,68.22,0.2905816408495543,0.035334054715865,0.2001375796092165,0.1765488259868908,0.1552117822821778,0.0178964501106391,0.0258021442732186,0.0348395873021316,0.0454412079207965,0.0258021442732186,0.4802980350126797,0.0167939524159387,0.4802980350126797,0.4674204291549979,0.0264635528252372,0.1732057416267942,0.2001375796092165,0.035334054715865,0.1732057416267942,0.4802980350126797,False,,,N100_drop0.50_s0.20_c0.05,1.0,0.0,0.0,False,False,1.0068271698186462,1.0170734897113791,-0.0865463796488441,-0.1149304575594595,NSE,False,NSE validated,False,,
2026-10-01,ASAL,INE900C01027,426.9,426.9,11573011.347619047,853.8,0.2902093534933607,0.0352606491365733,0.1932430400334827,0.1824678867112822,0.1544834095525273,0.0456308868155485,0.0257301401287687,0.0347556902150313,0.0453525176833368,0.0257301401287687,0.4852724924501874,0.0090265508436286,0.4852724924501874,0.4539343731139665,0.03171567156008,0.1732057416267942,0.1932430400334827,0.0352606491365733,0.1732057416267942,0.4852724924501874,False,,,N100_drop0.50_s0.20_c0.05,1.0,0.0,0.0,False,False,1.0068271698186462,1.0170734897113791,-0.0865463796488441,-0.1149304575594595,NSE,False,NSE validated,False,,
2026-10-01,PDSL,INE111Q01021,347.55,347.55,116880561.28253968,695.1,0.2898624479319374,0.0351923304830962,0.1441614407877243,0.2441174997336244,0.1601499821821278,0.0583877992988245,0.0256631725284126,0.0346796267657053,0.0452699624045923,0.0256631725284126,0.4900268838719494,0.0081457141579164,0.4900268838719494,0.4597179208269136,0.0312812407940064,0.1732057416267942,0.1441614407877243,0.0351923304830962,0.1732057416267942,0.4900268838719494,False,,,N100_drop0.50_s0.20_c0.05,1.0,0.0,0.0,False,False,1.0068271698186462,1.0170734897113791,-0.0865463796488441,-0.1149304575594595,NSE,False,NSE validated,False,,
2026-10-01,TTKPRESTIG,INE690A01028,506.4,506.4,200904246.8134921,1012.8,0.289820372079781,0.0351840495702339,0.1919418394384802,0.1833057850917953,0.1491427662673771,0.013151286660672,0.0256550584415878,0.034670958152212,0.0452599551353832,0.0256550584415878,0.4765720327605472,0.0189290265005246,0.4765720327605472,0.4359651922145505,0.049723835570276,0.1578542883492161,0.1919418394384802,0.0351840495702339,0.1578542883492161,0.4765720327605472,False,,,N100_drop0.50_s0.20_c0.05,1.0,0.0,0.0,False,False,1.0068271698186462,1.0170734897113791,-0.0865463796488441,-0.1149304575594595,NSE,False,NSE validated,False,,
2026-10-01,EMBDL,INE069I01010,56.13,56.13,166032027.8522222,112.26,0.2897798558041339,0.0351760766983819,0.2699209651753609,0.1303199129994548,0.1609912490422352,0.0565972482065706,0.0256472468164789,0.0346626594909016,0.0452503199758881,0.0256472468164789,0.443467566670375,0.0469006235336665,0.443467566670375,0.4492716982213064,0.0856890162892664,0.1648675171736997,0.2699209651753609,0.0351760766983819,0.1648675171736997,0.443467566670375,False,,,N100_drop0.50_s0.20_c0.05,1.0,0.0,0.0,False,False,1.0068271698186462,1.0170734897113791,-0.0865463796488441,-0.1149304575594595,NSE,False,NSE validated,False,,
2026-10-01,EIEL,INE0LLY01014,184.0,184.0,318464036.6879365,368.0,0.2897231751942778,0.0351649247913674,0.2293364035301796,0.153333375120884,0.1640698879256214,0.0199097926564839,0.02563632148156,0.0346516963648456,0.0452368427280436,0.02563632148156,0.447529946183898,0.0420778493964768,0.447529946183898,0.4308049441990483,0.0535148166203073,0.1578542883492161,0.2293364035301796,0.0351649247913674,0.1578542883492161,0.447529946183898,False,,,N100_drop0.50_s0.20_c0.05,1.0,0.0,0.0,False,False,1.0068271698186462,1.0170734897113791,-0.0865463796488441,-0.1149304575594595,NSE,False,NSE validated,False,,
2026-10-01,MAMATA,INE0TO701015,399.9,399.9,29933143.21031746,799.8,0.2894292618456694,0.0351071312708453,0.1687527542660879,0.2080388638604897,0.168027170447967,0.1087146955407106,0.0255797214207649,0.0345965418412146,0.0451669937740029,0.0255797214207649,0.4711462463694085,0.024441761751512,0.4711462463694085,0.4350203061099613,0.0518923421144997,0.1578542883492161,0.1687527542660879,0.0351071312708453,0.1578542883492161,0.4711462463694085,False,,,N100_drop0.50_s0.20_c0.05,1.0,0.0,0.0,False,False,1.0068271698186462,1.0170734897113791,-0.0865463796488441,-0.1149304575594595,NSE,False,NSE validated,False,,
2026-10-01,BUTTERFLY,INE295F01017,550.5,550.5,24667651.573809523,1101.0,0.2894063872577895,0.0351026357204261,0.1857883599417857,0.1889388319667878,0.1513439790314504,0.0371539689251002,0.0255753200605069,0.034592251464141,0.0451615601503376,0.0255753200605069,0.4517754412572991,0.030108529328899,0.4517754412572991,0.4157749986886794,0.0575667570609412,0.1578542883492161,0.1857883599417857,0.0351026357204261,0.1578542883492161,0.4517754412572991,False,,,N100_drop0.50_s0.20_c0.05,1.0,0.0,0.0,False,False,1.0068271698186462,1.0170734897113791,-0.0865463796488441,-0.1149304575594595,NSE,False,NSE validated,False,,
2026-10-01,VISHNU,INE270I01022,658.25,658.25,89273802.88571429,1316.5,0.2892354390323635,0.0350690501028122,0.1441361011708702,0.243305111057768,0.1680106723730557,0.051897995522386,0.0255424443177913,0.0345601981884413,0.0451209648382661,0.0255424443177913,0.5022298302570877,0.0132047956561976,0.5022298302570877,0.4572810654954307,0.0434129095947192,0.1732057416267942,0.1441361011708702,0.0350690501028122,0.1732057416267942,0.5022298302570877,False,,,N100_drop0.50_s0.20_c0.05,1.0,0.0,0.0,False,False,1.0068271698186462,1.0170734897113791,-0.0865463796488441,-0.1149304575594595,NSE,False,NSE validated,False,,
2026-10-01,JAGSNPHARM,INE048B01035,231.73,231.73,117241086.64238095,463.46,0.288608120149289,0.0349459673857787,0.1435001934633138,0.2435255768119421,0.1692405271121113,0.0573985407328383,0.0254220565885053,0.0344270484254892,0.044972170995248,0.0254220565885053,0.4995368321618987,0.0034488265413713,0.4995368321618987,0.4394328366787574,0.0440595700376636,0.1578542883492161,0.1435001934633138,0.0349459673857787,0.1578542883492161,0.4995368321618987,False,,,N100_drop0.50_s0.20_c0.05,1.0,0.0,0.0,False,False,1.0068271698186462,1.0170734897113791,-0.0865463796488441,-0.1149304575594595,NSE,False,NSE validated,False,,
2026-10-01,VIYASH,INE807F01027,231.75,231.75,1176334209.2326982,463.5,0.2884919316740668,0.0349231990435775,0.171479759429063,0.2036578495319411,0.1585085359082144,0.067248116731966,0.025399802892555,0.0344021224093954,0.0449446426435342,0.025399802892555,0.4516938263583972,0.0316599681122069,0.4516938263583972,0.4453276824296177,0.0461471968194851,0.1648675171736997,0.171479759429063,0.0349231990435775,0.1648675171736997,0.4516938263583972,False,,,N100_drop0.50_s0.20_c0.05,1.0,0.0,0.0,False,False,1.0068271698186462,1.0170734897113791,-0.0865463796488441,-0.1149304575594595,NSE,False,NSE validated,False,,
2026-10-01,DCW,INE500A01029,44.62,44.62,66225802.66857143,89.24,0.2879907196890819,0.0348250827254114,0.2375744421199358,0.1465859812808926,0.1665920515414275,0.0851133707903747,0.0253039620082393,0.0342953079404025,0.0448260000522144,0.0253039620082393,0.4190835030386791,0.0612653993715624,0.4190835030386791,0.4135284466797199,0.0842843145742972,0.1578542883492161,0.2375744421199358,0.0348250827254114,0.1578542883492161,0.4190835030386791,False,,,N100_drop0.50_s0.20_c0.05,1.0,0.0,0.0,False,False,1.0068271698186462,1.0170734897113791,-0.0865463796488441,-0.1149304575594595,NSE,False,NSE validated,False,,
2026-10-01,ARVSMART,INE034S01021,592.5,592.5,193814177.4468254,1185.0,0.2877461114793507,0.034777258395852,0.1812832127702055,0.1918393758827283,0.1615556645211764,0.0830524255226041,0.0252572807445888,0.0342512194818772,0.0447681625648915,0.0252572807445888,0.4754331200441824,0.0212629420905367,0.4754331200441824,0.4114450018263805,0.0631190577596959,0.1578542883492161,0.1812832127702055,0.034777258395852,0.1578542883492161,0.4754331200441824,False,,,N100_drop0.50_s0.20_c0.05,1.0,0.0,0.0,False,False,1.0068271698186462,1.0170734897113791,-0.0865463796488441,-0.1149304575594595,NSE,False,NSE validated,False,,
2026-10-01,EIHAHOTELS,INE276C01014,296.1,296.1,5541039.976190476,592.2,0.2875667947722458,0.0347422243242868,0.1718208969310486,0.2022002267758436,0.1654846481205578,0.0712352534057711,0.0252230981766294,0.0342200233270871,0.044725789887668,0.0252230981766294,0.4817660715294927,0.0135050523607172,0.4817660715294927,0.4401993659174465,0.0433144375324973,0.1578542883492161,0.1718208969310486,0.0347422243242868,0.1578542883492161,0.4817660715294927,False,,,N100_drop0.50_s0.20_c0.05,1.0,0.0,0.0,False,False,1.0068271698186462,1.0170734897113791,-0.0865463796488441,-0.1149304575594595,NSE,False,NSE validated,False,,
2026-10-01,KALPATARU,INE227J01012,273.5,273.5,37750911.188095234,547.0,0.2873356800025415,0.0346971011775008,0.2012805903518616,0.1723817538335231,0.1577485744004415,0.0353501550049707,0.025179089384039,0.0341798397028841,0.0446712105405442,0.025179089384039,0.4507580897218435,0.0398506775441098,0.4507580897218435,0.4415797058134956,0.0414804017899959,0.1578542883492161,0.2012805903518616,0.0346971011775008,0.1578542883492161,0.4507580897218435,False,,,N100_drop0.50_s0.20_c0.05,1.0,0.0,0.0,False,False,1.0068271698186462,1.0170734897113791,-0.0865463796488441,-0.1149304575594595,NSE,False,NSE validated,False,,
2026-10-01,TEJASNET,INE010J01012,464.8,464.8,1628254793.9007936,929.6,0.2873297246762195,0.0346959389129274,0.2311463768776339,0.1501037540869397,0.1579700425325357,0.0648232422287754,0.0251779560850055,0.0341788046145265,0.0446698046438498,0.0251779560850055,0.4886359138870724,0.0107404967950975,0.4886359138870724,0.4465933721534661,0.0367678838732537,0.1648675171736997,0.2311463768776339,0.0346959389129274,0.1648675171736997,0.4886359138870724,False,,,N100_drop0.50_s0.20_c0.05,1.0,0.0,0.0,False,False,1.0068271698186462,1.0170734897113791,-0.0865463796488441,-0.1149304575594595,NSE,False,NSE validated,False,,
2026-10-01,BLACKBUCK,INE0UIZ01018,606.15,606.15,368686882.8142857,1212.3,0.2871092714469693,0.0346529306966987,0.1668435708573927,0.2076971292248228,0.1780971466854307,0.0990812173159411,0.0251360289768022,0.03414050049015,0.0446177788858854,0.0251360289768022,0.4443518626242215,0.049035238924113,0.4443518626242215,0.3809012822792674,0.0900183666927955,0.1578542883492161,0.1668435708573927,0.0346529306966987,0.1578542883492161,0.4443518626242215,False,,,N100_drop0.50_s0.20_c0.05,1.0,0.0,0.0,False,False,1.0068271698186462,1.0170734897113791,-0.0865463796488441,-0.1149304575594595,NSE,False,NSE validated,False,,
2026-10-01,HFCL,INE548A01028,238.36,238.36,3855028515.06254,476.72,0.2869952709158744,0.0346307027747057,0.2293883265693427,0.1509697694413282,0.1708962553377044,0.2138565694596506,0.0251143668845491,0.034120702321259,0.044590888731278,0.0251143668845491,0.452746244814985,0.1218076429528485,0.452746244814985,0.4501941513025079,0.0948930235546035,0.1648675171736997,0.2293883265693427,0.0346307027747057,0.1648675171736997,0.452746244814985,False,,,N100_drop0.50_s0.20_c0.05,1.0,0.0,0.0,False,False,1.0068271698186462,1.0170734897113791,-0.0865463796488441,-0.1149304575594595,NSE,False,NSE validated,False,,
2026-10-01,DAMCAPITAL,INE284H01025,146.56,146.56,115276541.96809524,293.12,0.2866219349422571,0.0345579687139986,0.2491327333737121,0.1387130797547984,0.1715071162459005,0.0936187050776264,0.0250435180868749,0.0340480013160338,0.0445028908387912,0.0250435180868749,0.4237811718035577,0.0745576565743864,0.4237811718035577,0.4097035464765706,0.0952575108720847,0.1578542883492161,0.2491327333737121,0.0345579687139986,0.1578542883492161,0.4237811718035577,False,,,N100_drop0.50_s0.20_c0.05,1.0,0.0,0.0,False,False,1.0068271698186462,1.0170734897113791,-0.0865463796488441,-0.1149304575594595,NSE,False,NSE validated,False,,
2026-10-01,PICCADIL,INE546C01010,581.05,581.05,206715889.45238096,1162.1,0.2862350115027001,0.0344826833106476,0.2044515470098827,0.1686594394366743,0.1539552832740039,0.0830107660025849,0.0249702386035492,0.0339701510456257,0.0444117930885543,0.0249702386035492,0.4406013424977185,0.0432177441003175,0.4406013424977185,0.4306027932843315,0.0479658934735103,0.1578542883492161,0.2044515470098827,0.0344826833106476,0.1578542883492161,0.4406013424977185,False,,,N100_drop0.50_s0.20_c0.05,1.0,0.0,0.0,False,False,1.0068271698186462,1.0170734897113791,-0.0865463796488441,-0.1149304575594595,NSE,False,NSE validated,False,,
2026-10-01,WCIL,INE0CJF01024,93.01,93.01,9462247.622698411,186.02,0.2861880646668866,0.0344735552842707,0.1959170893396246,0.1759599195785846,0.1833048298916411,0.0388704543141038,0.0249613575602641,0.0339607126106601,0.0444007469774959,0.0249613575602641,0.4779079659108201,0.0349879955642253,0.4779079659108201,0.4181408149649471,0.0614256821608542,0.1578542883492161,0.1959170893396246,0.0344735552842707,0.1578542883492161,0.4779079659108201,False,,,N100_drop0.50_s0.20_c0.05,1.0,0.0,0.0,False,False,1.0068271698186462,1.0170734897113791,-0.0865463796488441,-0.1149304575594595,NSE,False,NSE validated,False,,
2026-10-01,GALLANTT,INE297H01019,530.15,530.15,70093000.93571429,1060.3,0.2860592225289683,0.0344485114511786,0.217668109276972,0.1582616377089242,0.1644240543654694,0.0455598444740954,0.0249369955495142,0.0339348177685859,0.0443704396415151,0.0249369955495142,0.4734702948950917,0.0648931494600187,0.4734702948950917,0.4396906355638068,0.0618619330189689,0.1578542883492161,0.217668109276972,0.0344485114511786,0.1578542883492161,0.4734702948950917,False,,,N100_drop0.50_s0.20_c0.05,1.0,0.0,0.0,False,False,1.0068271698186462,1.0170734897113791,-0.0865463796488441,-0.1149304575594595,NSE,False,NSE validated,False,,
2026-10-01,VPRPL,INE0AE001013,28.39,28.39,21424434.28555556,56.78,0.2859164083325131,0.0344207643930163,0.3541544243545301,0.0971914002083991,0.1577761359433312,0.03082068959457,0.02491001109197,0.0339061289298139,0.0443368592131453,0.02491001109197,0.4274923497878377,0.0490759108102469,0.4274923497878377,0.4265298510117139,0.0560620939777887,0.1578542883492161,0.3541544243545301,0.0344207643930163,0.1578542883492161,0.4274923497878377,False,,,N100_drop0.50_s0.20_c0.05,1.0,0.0,0.0,False,False,1.0068271698186462,1.0170734897113791,-0.0865463796488441,-0.1149304575594595,NSE,False,NSE validated,False,,
2026-10-01,SIS,INE285J01028,412.85,412.85,102984438.33968256,825.7,0.2858452434886951,0.0344069428782401,0.1424926849187825,0.2414646260462512,0.1693956718247359,0.0313297150337097,0.0248965722663958,0.033891838716457,0.0443201312709978,0.0248965722663958,0.5151966890496382,0.0361166429959834,0.5151966890496382,0.4373812398371829,0.0471226891262839,0.1578542883492161,0.1424926849187825,0.0344069428782401,0.1578542883492161,0.5151966890496382,False,,,N100_drop0.50_s0.20_c0.05,1.0,0.0,0.0,False,False,1.0068271698186462,1.0170734897113791,-0.0865463796488441,-0.1149304575594595,NSE,False,NSE validated,False,,
2026-10-01,SDBL,INE480C01038,74.94,74.94,149560409.2461905,149.88,0.2857299569551901,0.0343845591047849,0.2694000667255808,0.1276338180710625,0.1692855583568326,0.086133301436601,0.024874813326326,0.033868696493061,0.0442930396180362,0.024874813326326,0.4404933082663402,0.0635509747218493,0.4404933082663402,0.4278051563282849,0.0897512939723112,0.1578542883492161,0.2694000667255808,0.0343845591047849,0.1578542883492161,0.4404933082663402,False,,,N100_drop0.50_s0.20_c0.05,1.0,0.0,0.0,False,False,1.0068271698186462,1.0170734897113791,-0.0865463796488441,-0.1149304575594595,NSE,False,NSE validated,False,,
2026-10-01,BRIGADE,INE791I01019,569.55,569.55,401473945.1031747,1139.1,0.2856750623860111,0.0343739039320122,0.2262489935283725,0.1519295330155871,0.1575905318840173,0.074906967221111,0.0248645495728146,0.0338576805427647,0.0442801429746945,0.0248645495728146,0.4690430489449005,0.0224854588811715,0.4690430489449005,0.4115995994344258,0.0631710341528879,0.1578542883492161,0.2262489935283725,0.0343739039320122,0.1578542883492161,0.4690430489449005,False,,,N100_drop0.50_s0.20_c0.05,1.0,0.0,0.0,False,False,1.0068271698186462,1.0170734897113791,-0.0865463796488441,-0.1149304575594595,NSE,False,NSE validated,False,,
2026-10-01,PREMEXPLN,INE863B01029,682.05,682.05,246116102.09206343,1364.1,0.2856146119993223,0.0343621726243751,0.1466478324546536,0.2343176305384571,0.1684583479518804,0.0068823214247085,0.024853250474996,0.0338455522154966,0.0442659435057996,0.024853250474996,0.5063063565021797,0.0095779181067964,0.5063063565021797,0.4409575210019774,0.0434995939841389,0.1578542883492161,0.1466478324546536,0.0343621726243751,0.1578542883492161,0.5063063565021797,False,,,N100_drop0.50_s0.20_c0.05,1.0,0.0,0.0,False,False,1.0068271698186462,1.0170734897113791,-0.0865463796488441,-0.1149304575594595,NSE,False,NSE validated,False,,
2026-10-01,INA,INE0LGX01024,87.02,87.02,188890232.79920635,174.04,0.2854362492178117,0.0343275724621147,0.2034124703440664,0.1687584463432876,0.1645961262597244,0.0078492827389383,0.0248199327519989,0.0338080651757305,0.0442240618880375,0.0248199327519989,0.4638604291472402,0.0796700230125345,0.4638604291472402,0.4413699112963549,0.0736533107240116,0.1578542883492161,0.2034124703440664,0.0343275724621147,0.1578542883492161,0.4638604291472402,False,,,N100_drop0.50_s0.20_c0.05,1.0,0.0,0.0,False,False,1.0068271698186462,1.0170734897113791,-0.0865463796488441,-0.1149304575594595,NSE,False,NSE validated,False,,
2026-10-01,RELTD,INE206N01018,146.98,146.98,59071820.98428571,293.96,0.2853215175613393,0.0343053268535008,0.1655034691560739,0.2072785968078412,0.1576100979763275,0.020698713829121,0.0247985177319448,0.0337832181411097,0.044197133292028,0.0247985177319448,0.4761380844047694,0.0150469577684121,0.4761380844047694,0.4467499356836295,0.038618415571136,0.1648675171736997,0.1655034691560739,0.0343053268535008,0.1648675171736997,0.4761380844047694,False,,,N100_drop0.50_s0.20_c0.05,1.0,0.0,0.0,False,False,1.0068271698186462,1.0170734897113791,-0.0865463796488441,-0.1149304575594595,NSE,False,NSE validated,False,,
2026-10-01,SIYSIL,INE076B01028,531.55,531.55,29741119.588888887,1063.1,0.2851068145865489,0.034263720481999,0.1996473500545226,0.1716212134678564,0.1556649980547153,0.0085945691420961,0.0247584775755714,0.0337367519976537,0.0441467651003218,0.0247584775755714,0.4606508359663653,0.0277404207817615,0.4606508359663653,0.4463342699392065,0.043155495175198,0.1648675171736997,0.1996473500545226,0.034263720481999,0.1648675171736997,0.4606508359663653,False,,,N100_drop0.50_s0.20_c0.05,1.0,0.0,0.0,False,False,1.0068271698186462,1.0170734897113791,-0.0865463796488441,-0.1149304575594595,NSE,False,NSE validated,False,,
2026-10-01,TECHNOE,INE285K01026,998.6,998.6,174141030.05476192,1997.2,0.2849762285637872,0.0342384293826834,0.1968089781804885,0.1739678225008831,0.1673809041781766,0.0501356928313349,0.0247341466498425,0.0337085104559076,0.0441161459853149,0.0247341466498425,0.4221310207303179,0.0633946768353161,0.4221310207303179,0.4058165902666852,0.0721676805276252,0.1578542883492161,0.1968089781804885,0.0342384293826834,0.1578542883492161,0.4221310207303179,False,,,N100_drop0.50_s0.20_c0.05,1.0,0.0,0.0,False,False,1.0068271698186462,1.0170734897113791,-0.0865463796488441,-0.1149304575594595,NSE,False,NSE validated,False,,
2026-10-01,MAHLOG,INE766P01016,416.4,416.4,118323910.39285716,832.8,0.2847615074083408,0.0341968675122136,0.1352443186015617,0.2528525254577216,0.1706667816032872,0.0426927376042195,0.0246946738241326,0.033667629253965,0.044065825082127,0.0246946738241326,0.5143349721491243,0.0206872027913839,0.5143349721491243,0.4538304078248318,0.0424703431694776,0.1732057416267942,0.1352443186015617,0.0341968675122136,0.1732057416267942,0.5143349721491243,False,,,N100_drop0.50_s0.20_c0.05,1.0,0.0,0.0,False,False,1.0068271698186462,1.0170734897113791,-0.0865463796488441,-0.1149304575594595,NSE,False,NSE validated,False,,
2026-10-01,MAANALU,INE215I01027,99.34,99.34,7657118.528253968,198.68,0.2846663157226812,0.034178451559177,0.2099706221087313,0.1627773029194439,0.1694920364219036,0.0052853902398028,0.0246830006619383,0.033650495748911,0.0440435267154623,0.0246830006619383,0.50741998582383,0.0335486040918918,0.50741998582383,0.4554857475755505,0.0620620906187139,0.1732057416267942,0.2099706221087313,0.034178451559177,0.1732057416267942,0.50741998582383,False,,,N100_drop0.50_s0.20_c0.05,1.0,0.0,0.0,False,False,1.0068271698186462,1.0170734897113791,-0.0865463796488441,-0.1149304575594595,NSE,False,NSE validated,False,,
2026-10-01,ALLDIGI,INE835G01018,756.35,756.35,8147263.267460318,1512.7,0.2841848046247702,0.0340853873396892,0.1502412178804468,0.2268710798578085,0.167431434450204,0.0429240592005137,0.0246240016268921,0.0335594592743544,0.0439308305683776,0.0246240016268921,0.4952015897515703,0.0025846319106624,0.4952015897515703,0.4462824637456711,0.0521673754542106,0.1648675171736997,0.1502412178804468,0.0340853873396892,0.1648675171736997,0.4952015897515703,False,,,N100_drop0.50_s0.20_c0.05,1.0,0.0,0.0,False,False,1.0068271698186462,1.0170734897113791,-0.0865463796488441,-0.1149304575594595,NSE,False,NSE validated,False,,
2026-10-01,DCAL,INE385W01011,150.35,150.35,54994020.78063492,300.7,0.28395614220375,0.034041244983875,0.2483101443091567,0.1370916402895416,0.1541305910717048,0.0299132167925198,0.024596011725774,0.0335138431051587,0.0438773691669805,0.024596011725774,0.4256292250549133,0.0473346354826126,0.4256292250549133,0.4312783037509293,0.0616961513737674,0.1578542883492161,0.2483101443091567,0.034041244983875,0.1578542883492161,0.4256292250549133,False,,,N100_drop0.50_s0.20_c0.05,1.0,0.0,0.0,False,False,1.0068271698186462,1.0170734897113791,-0.0865463796488441,-0.1149304575594595,NSE,False,NSE validated,False,,
2026-10-01,DEN,INE947J01015,25.41,25.41,9871561.543968253,50.82,0.2833536252251568,0.0339250930249314,0.1721389780652254,0.1970796701957697,0.1563008698957227,0.0295057580231752,0.0245233193711783,0.033393827078048,0.0437366737803154,0.0245233193711783,0.4917870617793368,0.0041044066348386,0.4917870617793368,0.4381726697949039,0.0525685620351117,0.1578542883492161,0.1721389780652254,0.0339250930249314,0.1578542883492161,0.4917870617793368,False,,,N100_drop0.50_s0.20_c0.05,1.0,0.0,0.0,False,False,1.0068271698186462,1.0170734897113791,-0.0865463796488441,-0.1149304575594595,NSE,False,NSE validated,False,,
2026-10-01,EMCURE,INE168P01015,1944.6,1944.6,314794913.93650794,3889.2,0.2829434587043893,0.0338461557470848,0.1342107717815376,0.2521865815821264,0.1766652863114263,0.0529285826087587,0.0244739847881882,0.03331227535927,0.0436410383147975,0.0244739847881882,0.5017683750924916,0.0324131684142824,0.5017683750924916,0.4071055803207861,0.0698842101796786,0.1578542883492161,0.1342107717815376,0.0338461557470848,0.1578542883492161,0.5017683750924916,False,,,N100_drop0.50_s0.20_c0.05,1.0,0.0,0.0,False,False,1.0068271698186462,1.0170734897113791,-0.0865463796488441,-0.1149304575594595,NSE,False,NSE validated,False,,
2026-10-01,LIBERTSHOE,INE557B01019,216.78,216.78,18602345.83619047,433.56,0.2827051305432571,0.033800338767647,0.2773213025916362,0.121881508747343,0.1578029849158457,0.161340150905791,0.0244453435982296,0.03326494521267,0.0435855224905935,0.0244453435982296,0.37187750502221,0.0879463793623924,0.37187750502221,0.4365941900655933,0.1353692866625513,0.1578542883492161,0.2773213025916362,0.033800338767647,0.1578542883492161,0.37187750502221,False,,,N100_drop0.50_s0.20_c0.05,1.0,0.0,0.0,False,False,1.0068271698186462,1.0170734897113791,-0.0865463796488441,-0.1149304575594595,NSE,False,NSE validated,False,,
2026-10-01,TERASOFT,INE482B01010,207.91,207.91,8217483.183174604,415.82,0.2826739593002718,0.0337943490059492,0.3247500797073444,0.1040626349850437,0.1580364900489493,0.0847732368062649,0.0244415989262394,0.0332587578655427,0.0435782644043335,0.0244415989262394,0.4826633897961458,0.0032751501537311,0.4826633897961458,0.486423052049288,0.0220775847268393,0.1732057416267942,0.3247500797073444,0.0337943490059492,0.1732057416267942,0.4826633897961458,False,,,N100_drop0.50_s0.20_c0.05,1.0,0.0,0.0,False,False,1.0068271698186462,1.0170734897113791,-0.0865463796488441,-0.1149304575594595,NSE,False,NSE validated,False,,
2026-10-01,KHAICHEM,INE745B01028,49.22,49.22,10640621.88047619,98.44,0.2823154221190607,0.0337254985646585,0.3043749945123962,0.110802461347675,0.1483142998301288,0.0214216805511599,0.0243985494066043,0.0332005738059148,0.0434948287888889,0.0243985494066043,0.4229298263444607,0.0672230907111415,0.4229298263444607,0.4394516325078871,0.0680248675849894,0.1578542883492161,0.3043749945123962,0.0337254985646585,0.1578542883492161,0.4229298263444607,False,,,N100_drop0.50_s0.20_c0.05,1.0,0.0,0.0,False,False,1.0068271698186462,1.0170734897113791,-0.0865463796488441,-0.1149304575594595,NSE,False,NSE validated,False,,
2026-10-01,AARTIIND,INE769A01020,465.1,465.1,540843576.8095238,930.2,0.2820028168158445,0.0336655358010149,0.1497991322057399,0.2247378559895619,0.1547529474706561,0.0700726079238329,0.0243610484725458,0.0331462423611312,0.0434221543299281,0.0243610484725458,0.4756959460474432,0.0207782408739297,0.4756959460474432,0.4314984761429612,0.0493394516186849,0.1578542883492161,0.1497991322057399,0.0336655358010149,0.1578542883492161,0.4756959460474432,False,,,N100_drop0.50_s0.20_c0.05,1.0,0.0,0.0,False,False,1.0068271698186462,1.0170734897113791,-0.0865463796488441,-0.1149304575594595,NSE,False,NSE validated,False,,
2026-10-01,DBREALTY,INE879I01012,91.7,91.7,90188196.45015872,183.4,0.2819254590669273,0.0336507070007364,0.2305345568362793,0.1459681683411759,0.15676267481086,0.013413371809166,0.0243517732580046,0.033129870962375,0.0434041805922984,0.0243517732580046,0.4299746092584102,0.0608508738096381,0.4299746092584102,0.4193724010258809,0.0583960882523033,0.1578542883492161,0.2305345568362793,0.0336507070007364,0.1578542883492161,0.4299746092584102,False,,,N100_drop0.50_s0.20_c0.05,1.0,0.0,0.0,False,False,1.0068271698186462,1.0170734897113791,-0.0865463796488441,-0.1149304575594595,NSE,False,NSE validated,False,,
2026-10-01,TARC,INE0EK901012,125.58,125.58,227108713.3295238,251.16,0.2816397833641472,0.033595978697937,0.1839133554949571,0.1826728603125195,0.1633509255991465,0.041959791569116,0.0243175372203474,0.0330694573703953,0.0433378407621919,0.0243175372203474,0.4145429158665375,0.0622080273632547,0.4145429158665375,0.4002069455488176,0.0730682175491042,0.1578542883492161,0.1839133554949571,0.033595978697937,0.1578542883492161,0.4145429158665375,False,,,N100_drop0.50_s0.20_c0.05,1.0,0.0,0.0,False,False,1.0068271698186462,1.0170734897113791,-0.0865463796488441,-0.1149304575594595,NSE,False,NSE validated,False,,
2026-10-01,DEEPAKFERT,INE501A01019,1300.9,1300.9,505068553.95238096,2601.8,0.2815490252802888,0.0335786026612502,0.1696779233368597,0.1978961199011554,0.1583614235204706,0.069346317736812,0.0243066660117807,0.0330502788912409,0.0433167765989263,0.0243066660117807,0.4802076813162508,0.0228624698883558,0.4802076813162508,0.4555132017525443,0.0314970059176167,0.1732057416267942,0.1696779233368597,0.0335786026612502,0.1732057416267942,0.4802076813162508,False,,,N100_drop0.50_s0.20_c0.05,1.0,0.0,0.0,False,False,1.0068271698186462,1.0170734897113791,-0.0865463796488441,-0.1149304575594595,NSE,False,NSE validated,False,,
2026-10-01,MINDACORP,INE842C01021,667.35,667.35,294199455.92936504,1334.7,0.281305724392027,0.0335320476299225,0.1352253328571332,0.2479716405309162,0.1565680273609729,0.0594332244355411,0.0242775358372157,0.0329989008577721,0.0432603365055571,0.0242775358372157,0.5053885349116247,0.028306938012797,0.5053885349116247,0.4747538934086917,0.0461529934735556,0.1732057416267942,0.1352253328571332,0.0335320476299225,0.1732057416267942,0.5053885349116247,False,,,N100_drop0.50_s0.20_c0.05,1.0,0.0,0.0,False,False,1.0068271698186462,1.0170734897113791,-0.0865463796488441,-0.1149304575594595,NSE,False,NSE validated,False,,
2026-10-01,CEIGALL,INE0AG901020,380.1,380.1,159048699.0563492,760.2,0.2810252322296319,0.0334784231047782,0.134036177181438,0.249771545330334,0.1833524766625282,0.0155859402793693,0.0242439761901391,0.0329397321871589,0.0431953193642742,0.0242439761901391,0.5279515904318229,0.0239879132247494,0.5279515904318229,0.4768247381783513,0.0445409544377392,0.1732057416267942,0.134036177181438,0.0334784231047782,0.1732057416267942,0.5279515904318229,False,,,N100_drop0.50_s0.20_c0.05,1.0,0.0,0.0,False,False,1.0068271698186462,1.0170734897113791,-0.0865463796488441,-0.1149304575594595,NSE,False,NSE validated,False,,
2026-10-01,MOBIKWIK,INE0HLU01028,196.23,196.23,452948605.6403174,392.46,0.2808093886339659,0.0334371923175735,0.236808388599813,0.1411993574859364,0.1711339995854942,0.0463135120042629,0.0242181685064844,0.0328942468154672,0.0431453243043476,0.0242181685064844,0.4295356677702532,0.0537727882671373,0.4295356677702532,0.4099701102816226,0.0742105434312808,0.1578542883492161,0.236808388599813,0.0334371923175735,0.1578542883492161,0.4295356677702532,False,,,N100_drop0.50_s0.20_c0.05,1.0,0.0,0.0,False,False,1.0068271698186462,1.0170734897113791,-0.0865463796488441,-0.1149304575594595,NSE,False,NSE validated,False,,
2026-10-01,NCLIND,INE732C01016,170.03,170.03,8662036.835555555,340.06,0.2805829757487372,0.0333939745231826,0.1543169998574801,0.2163985468485244,0.1681177741451993,0.0472937193400832,0.0241911130088859,0.0328465770545851,0.0430929154509424,0.0241911130088859,0.4993673380534006,0.0130343943616576,0.4993673380534006,0.4292158455497935,0.0601601800432728,0.1578542883492161,0.1543169998574801,0.0333939745231826,0.1578542883492161,0.4993673380534006,False,,,N100_drop0.50_s0.20_c0.05,1.0,0.0,0.0,False,False,1.0068271698186462,1.0170734897113791,-0.0865463796488441,-0.1149304575594595,NSE,False,NSE validated,False,,
2026-10-01,BAJAJHCARE,INE411U01027,322.95,322.95,76038396.68174605,645.9,0.2801979456240531,0.0333205548573606,0.2194566719933314,0.1518320429937673,0.1573347994467372,0.0711176653242289,0.0241451407319777,0.0327695072588142,0.0430053878860055,0.0241451407319777,0.4262402870374686,0.0516264933547943,0.4262402870374686,0.4040219909542645,0.0688228944126921,0.1578542883492161,0.2194566719933314,0.0333205548573606,0.1578542883492161,0.4262402870374686,False,,,N100_drop0.50_s0.20_c0.05,1.0,0.0,0.0,False,False,1.0068271698186462,1.0170734897113791,-0.0865463796488441,-0.1149304575594595,NSE,False,NSE validated,False,,
2026-10-01,SOLEX,INE880Y01017,670.95,670.95,47250783.42380952,1341.9,0.2799395298476171,0.0332713316733504,0.2865912741846673,0.1160933171046643,0.1611758641990766,0.110076314730314,0.0241143124826043,0.0327186979417089,0.042959772029722,0.0241143124826043,0.4356983791009018,0.049870690164115,0.4356983791009018,0.3881634238789775,0.0918865958373815,0.1578542883492161,0.2865912741846673,0.0332713316733504,0.1578542883492161,0.4356983791009018,False,,,N100_drop0.50_s0.20_c0.05,1.0,0.0,0.0,False,False,1.0068271698186462,1.0170734897113791,-0.0865463796488441,-0.1149304575594595,NSE,False,NSE validated,False,,
2026-10-01,SAMHI,INE08U801020,154.37,154.37,189686245.2980953,308.74,0.2798041102009329,0.0332455538337662,0.2029738691960337,0.1637922850140744,0.1721525513573573,0.0672835274675882,0.0240938186544803,0.0326920909400043,0.0429358757949505,0.0240938186544803,0.4366133523846638,0.0512941243413922,0.4366133523846638,0.4033248843872714,0.0824398234226902,0.1578542883492161,0.2029738691960337,0.0332455538337662,0.1578542883492161,0.4366133523846638,False,,,N100_drop0.50_s0.20_c0.05,1.0,0.0,0.0,False,False,1.0068271698186462,1.0170734897113791,-0.0865463796488441,-0.1149304575594595,NSE,False,NSE validated,False,,
2026-10-01,KKCL,INE401H01017,475.65,475.65,22794409.15793651,951.3,0.2794297433877751,0.0331743518264685,0.1589698677048754,0.2086832700147684,0.1567622666291558,0.0658679917181742,0.024028837597066,0.0326186039815186,0.0428727129551669,0.024028837597066,0.4637871365043995,0.025052908760839,0.4637871365043995,0.4256906955555394,0.0523121018709465,0.1578542883492161,0.1589698677048754,0.0331743518264685,0.1578542883492161,0.4637871365043995,False,,,N100_drop0.50_s0.20_c0.05,1.0,0.0,0.0,False,False,1.0068271698186462,1.0170734897113791,-0.0865463796488441,-0.1149304575594595,NSE,False,NSE validated,False,,
2026-10-01,KIRLPNU,INE811A01038,681.95,681.95,197005614.6738095,1363.9,0.2793142586384012,0.0331524053900762,0.175010833700042,0.1894305894622356,0.1541409399067771,0.0171697318033167,0.024008816049884,0.0325959548338872,0.0428532773527549,0.024008816049884,0.4753552471453326,0.0355928605137995,0.4753552471453326,0.446527480888741,0.0420491273109412,0.1648675171736997,0.175010833700042,0.0331524053900762,0.1648675171736997,0.4753552471453326,False,,,N100_drop0.50_s0.20_c0.05,1.0,0.0,0.0,False,False,1.0068271698186462,1.0170734897113791,-0.0865463796488441,-0.1149304575594595,NSE,False,NSE validated,False,,
2026-10-01,KSB,INE999A01023,806.45,806.45,206522380.0230159,1612.9,0.2783751057094966,0.0329742452543073,0.1725327340832386,0.1911187777178498,0.167656665847817,0.0929673520685033,0.0238464117280565,0.0324156435651837,0.0426953518979042,0.0238464117280565,0.4395396354473567,0.0468550493048981,0.4395396354473567,0.4076490814157858,0.0754205225634283,0.1578542883492161,0.1725327340832386,0.0329742452543073,0.1578542883492161,0.4395396354473567,False,,,N100_drop0.50_s0.20_c0.05,1.0,0.0,0.0,False,False,1.0068271698186462,1.0170734897113791,-0.0865463796488441,-0.1149304575594595,NSE,False,NSE validated,False,,
2026-10-01,FACT,INE188A01015,734.95,734.95,625837958.2539682,1469.9,0.2780908560797295,0.0329204323784548,0.1887565796441786,0.1744068071190551,0.15303756644514,0.0363706426118787,0.0237974033445387,0.0323619156897658,0.0426475988066684,0.0237974033445387,0.4376828316964543,0.0448118929241755,0.4376828316964543,0.4146893823864537,0.0577995501910149,0.1578542883492161,0.1887565796441786,0.0329204323784548,0.1578542883492161,0.4376828316964543,False,,,N100_drop0.50_s0.20_c0.05,1.0,0.0,0.0,False,False,1.0068271698186462,1.0170734897113791,-0.0865463796488441,-0.1149304575594595,NSE,False,NSE validated,False,,
2026-10-01,SAURASHCEM,INE626A01014,53.37,53.37,19121201.08555556,106.74,0.2778882096662828,0.032882099457901,0.264561108132505,0.1242892414913535,0.148471714885268,0.0629097850368637,0.0237625057390296,0.0323236447501671,0.0426135677122856,0.0237625057390296,0.4271290762476995,0.0509711179087457,0.4271290762476995,0.4417174171773041,0.045644891210734,0.1648675171736997,0.264561108132505,0.032882099457901,0.1648675171736997,0.4271290762476995,False,,,N100_drop0.50_s0.20_c0.05,1.0,0.0,0.0,False,False,1.0068271698186462,1.0170734897113791,-0.0865463796488441,-0.1149304575594595,NSE,False,NSE validated,False,,
2026-10-01,RAJOOENG,INE535F01024,53.21,53.21,10590688.375238094,106.42,0.2776575102650144,0.0328384915730529,0.225553480380009,0.1455907109822784,0.1714534316586552,0.0751430980131587,0.0237228189591433,0.0322801088253557,0.0425748386401561,0.0237228189591433,0.470837297570243,0.0434170349965418,0.470837297570243,0.4191651722026838,0.0638528720045445,0.1578542883492161,0.225553480380009,0.0328384915730529,0.1578542883492161,0.470837297570243,False,,,N100_drop0.50_s0.20_c0.05,1.0,0.0,0.0,False,False,1.0068271698186462,1.0170734897113791,-0.0865463796488441,-0.1149304575594595,NSE,False,NSE validated,False,,
2026-10-01,CANHLIFE,INE01TY01017,143.85,143.85,316944658.1585714,287.7,0.2776547209886609,0.0328379645365782,0.131414973642582,0.2498799309269721,0.155906287061463,0.0803464323372729,0.0237223393974464,0.0322795826680199,0.0425743704704146,0.0237223393974464,0.4943415440271768,0.0069185616955283,0.4943415440271768,0.4495401847884186,0.0369651189376259,0.1648675171736997,0.131414973642582,0.0328379645365782,0.1648675171736997,0.4943415440271768,False,,,N100_drop0.50_s0.20_c0.05,1.0,0.0,0.0,False,False,1.0068271698186462,1.0170734897113791,-0.0865463796488441,-0.1149304575594595,NSE,False,NSE validated,False,,
2026-10-01,FUSION,INE139R01012,171.36,171.36,152225863.47809526,342.72,0.2775604390607212,0.0328201527636087,0.2030845074912079,0.1616083529415931,0.1539433109558008,0.0875194612266086,0.0237061332814543,0.0322618007391796,0.0425585467904215,0.0237061332814543,0.4631565861625144,0.0237033970555527,0.4631565861625144,0.4259389769817317,0.0525695109780356,0.1578542883492161,0.2030845074912079,0.0328201527636087,0.1578542883492161,0.4631565861625144,False,,,N100_drop0.50_s0.20_c0.05,1.0,0.0,0.0,False,False,1.0068271698186462,1.0170734897113791,-0.0865463796488441,-0.1149304575594595,NSE,False,NSE validated,False,,
2026-10-01,REPRO,INE461B01014,303.9,303.9,10137955.706349207,607.8,0.2775125300693841,0.0328111039310537,0.2864118978470804,0.1145591512702175,0.1584652432279193,0.0790423998828421,0.0236979010527885,0.0322527671669385,0.0425505069378524,0.0236979010527885,0.4111367972876831,0.0674102655081155,0.4111367972876831,0.4058909034920445,0.0709654115809328,0.1578542883492161,0.2864118978470804,0.0328111039310537,0.1578542883492161,0.4111367972876831,False,,,N100_drop0.50_s0.20_c0.05,1.0,0.0,0.0,False,False,1.0068271698186462,1.0170734897113791,-0.0865463796488441,-0.1149304575594595,NSE,False,NSE validated,False,,
2026-10-01,POLYMED,INE205C01021,1638.1,1638.1,253309561.00476196,3276.2,0.2772761141099812,0.0327664719639374,0.163219811914456,0.2007505803346373,0.156941687612545,0.0941268928891745,0.0236573056298754,0.0322082114427242,0.0425108415274851,0.0236573056298754,0.4842577344145995,0.0097060485255601,0.4842577344145995,0.4699208184380623,0.0436576269675623,0.1732057416267942,0.163219811914456,0.0327664719639374,0.1732057416267942,0.4842577344145995,False,,,N100_drop0.50_s0.20_c0.05,1.0,0.0,0.0,False,False,1.0068271698186462,1.0170734897113791,-0.0865463796488441,-0.1149304575594595,NSE,False,NSE validated,False,,
2026-10-01,GARUDA,INE0JVO01026,172.18,172.18,155063738.78603175,344.36,0.2771339219240271,0.0327396450782416,0.1853249413479155,0.1766607605005448,0.1669849201124679,0.0805311043518791,0.0236329120080266,0.0321814311638223,0.0424869918092929,0.0236329120080266,0.4426568941402313,0.0435776954761286,0.4426568941402313,0.4124100874860009,0.0710812730838224,0.1578542883492161,0.1853249413479155,0.0327396450782416,0.1578542883492161,0.4426568941402313,False,,,N100_drop0.50_s0.20_c0.05,1.0,0.0,0.0,False,False,1.0068271698186462,1.0170734897113791,-0.0865463796488441,-0.1149304575594595,NSE,False,NSE validated,False,,
2026-10-01,SFL,INE916U01025,616.65,616.65,197145190.64206347,1233.3,0.277025234722568,0.0327191480496181,0.193256489558374,0.1693042656646994,0.164886507970148,0.0796468606405791,0.0236142776657418,0.0321609701397223,0.0424687653884086,0.0236142776657418,0.4523641289134207,0.0356898500397975,0.4523641289134207,0.4284696289236228,0.0641538765271831,0.1578542883492161,0.193256489558374,0.0327191480496181,0.1578542883492161,0.4523641289134207,False,,,N100_drop0.50_s0.20_c0.05,1.0,0.0,0.0,False,False,1.0068271698186462,1.0170734897113791,-0.0865463796488441,-0.1149304575594595,NSE,False,NSE validated,False,,
2026-10-01,ELECTHERM,INE822G01016,743.6,743.6,23912679.78888889,1487.2,0.2769926180525829,0.0327129984109833,0.2321364506403714,0.1409214206590189,0.1670605006515015,0.071916562270434,0.0236086874821413,0.0321548313700776,0.042463296299157,0.0236086874821413,0.4960391871904919,0.0144350515184359,0.4960391871904919,0.481356731914244,0.0114737259085604,0.1732057416267942,0.2321364506403714,0.0327129984109833,0.1732057416267942,0.4960391871904919,False,,,N100_drop0.50_s0.20_c0.05,1.0,0.0,0.0,False,False,1.0068271698186462,1.0170734897113791,-0.0865463796488441,-0.1149304575594595,NSE,False,NSE validated,False,,
2026-10-01,LLOYDSME,INE281B01032,1776.8,1776.8,926102910.2206348,3553.6,0.2768320616324917,0.0326827364195352,0.1504372077123633,0.2172516820574388,0.1654358133970023,0.0664632074339008,0.0235811825770845,0.0321246233129504,0.0424363785945851,0.0235811825770845,0.5008959622818279,0.0178832508011045,0.5008959622818279,0.4512972820896703,0.0432424544925596,0.1648675171736997,0.1504372077123633,0.0326827364195352,0.1648675171736997,0.5008959622818279,False,,,N100_drop0.50_s0.20_c0.05,1.0,0.0,0.0,False,False,1.0068271698186462,1.0170734897113791,-0.0865463796488441,-0.1149304575594595,NSE,False,NSE validated,False,,
2026-10-01,SESHAPAPER,INE630A01024,236.35,236.35,30764915.395555552,472.7,0.2759609636582874,0.0325188328164318,0.14487711582835,0.2244580355600127,0.1604960890102132,0.0538038806500104,0.0234323287152493,0.0319610248028827,0.0422904533573253,0.0234323287152493,0.4819071438269065,0.0238313427632201,0.4819071438269065,0.4127935045101621,0.0618978255233293,0.1578542883492161,0.14487711582835,0.0325188328164318,0.1578542883492161,0.4819071438269065,False,,,N100_drop0.50_s0.20_c0.05,1.0,0.0,0.0,False,False,1.0068271698186462,1.0170734897113791,-0.0865463796488441,-0.1149304575594595,NSE,False,NSE validated,False,,
2026-10-01,ICEMAKE,INE520Y01019,623.65,623.65,26338592.37063492,1247.3,0.2757304419660763,0.0324755381954283,0.1994129828130403,0.1628556864117307,0.1448854320088991,0.058491232623216,0.0233930424565575,0.031917495074838,0.0422518695404144,0.0233930424565575,0.456120688653004,0.0239302295565993,0.456120688653004,0.4233412268051656,0.0520602224620803,0.1578542883492161,0.1994129828130403,0.0324755381954283,0.1578542883492161,0.456120688653004,False,,,N100_drop0.50_s0.20_c0.05,1.0,0.0,0.0,False,False,1.0068271698186462,1.0170734897113791,-0.0865463796488441,-0.1149304575594595,NSE,False,NSE validated,False,,
2026-10-01,MARKOLINES,INE0FW001016,167.26,167.26,45077390.36095238,334.52,0.2756083306702225,0.0324526177974972,0.1429653799065328,0.2269963386850298,0.1632628565963809,0.0777385905529689,0.0233722497027057,0.0318914250008807,0.0422314365959115,0.0233722497027057,0.4878015916366052,0.0124481556511164,0.4878015916366052,0.4394816510219013,0.0479501393169597,0.1578542883492161,0.1429653799065328,0.0324526177974972,0.1578542883492161,0.4878015916366052,False,,,N100_drop0.50_s0.20_c0.05,1.0,0.0,0.0,False,False,1.0068271698186462,1.0170734897113791,-0.0865463796488441,-0.1149304575594595,NSE,False,NSE validated,False,,
2026-10-01,PIGL,INE557Z01018,93.87,93.87,7696077.803809524,187.74,0.274701457660667,0.0322826891943558,0.2820246047820461,0.1144676338410421,0.1550531365807101,0.0387992054601173,0.0232182162044649,0.0316982335612017,0.042079809438191,0.0232182162044649,0.4184734761629434,0.0545806826464691,0.4184734761629434,0.41782590815769,0.0590709563962812,0.1578542883492161,0.2820246047820461,0.0322826891943558,0.1578542883492161,0.4184734761629434,False,,,N100_drop0.50_s0.20_c0.05,1.0,0.0,0.0,False,False,1.0068271698186462,1.0170734897113791,-0.0865463796488441,-0.1149304575594595,NSE,False,NSE validated,False,,
2026-10-01,KRISHNADEF,INE0J5601015,1000.9,1000.9,118599249.37619048,2001.8,0.2746480691586735,0.0322727013678822,0.2038265710432242,0.1583341229885005,0.1622407384470952,0.1012812317718679,0.0232091692863047,0.0316868832821387,0.0420708895996793,0.0232091692863047,0.4454483939621433,0.0462388055129173,0.4454483939621433,0.4140991519974764,0.0665290512503264,0.1578542883492161,0.2038265710432242,0.0322727013678822,0.1578542883492161,0.4454483939621433,False,,,N100_drop0.50_s0.20_c0.05,1.0,0.0,0.0,False,False,1.0068271698186462,1.0170734897113791,-0.0865463796488441,-0.1149304575594595,NSE,False,NSE validated,False,,
2026-10-01,KIOCL,INE880L01014,323.85,323.85,59024932.79285715,647.7,0.2745911968664852,0.0322620637593935,0.2202714314023271,0.1464650388568396,0.1585228619846218,0.0684600105899127,0.0231995346120471,0.0316747951776843,0.0420613885159211,0.0231995346120471,0.4147981161753556,0.0618635468175335,0.4147981161753556,0.393978303986862,0.0783060898768337,0.1578542883492161,0.2202714314023271,0.0322620637593935,0.1578542883492161,0.4147981161753556,False,,,N100_drop0.50_s0.20_c0.05,1.0,0.0,0.0,False,False,1.0068271698186462,1.0170734897113791,-0.0865463796488441,-0.1149304575594595,NSE,False,NSE validated,False,,
2026-10-01,PUNJABCHEM,INE277B01014,1040.9,1040.9,17521911.682539683,2081.8,0.274547579394192,0.0322539067517677,0.1747114288104074,0.1846124605092026,0.1540951413191147,0.0804035234075807,0.0231921472309324,0.0316655263328983,0.0420541023453085,0.0231921472309324,0.4523142521009589,0.0310694841484644,0.4523142521009589,0.4335535207291335,0.046320013754938,0.1578542883492161,0.1747114288104074,0.0322539067517677,0.1578542883492161,0.4523142521009589,False,,,N100_drop0.50_s0.20_c0.05,1.0,0.0,0.0,False,False,1.0068271698186462,1.0170734897113791,-0.0865463796488441,-0.1149304575594595,NSE,False,NSE validated,False,,
2026-10-01,RELIGARE,INE621H01010,224.59,224.59,255686830.0850793,449.18,0.2744529648922755,0.03223621675268,0.1731265926841021,0.1862002610511735,0.1560616916422462,0.0960979222336177,0.0231761280059383,0.0316454263458256,0.0420382989508663,0.0231761280059383,0.4351297856511345,0.045491103945652,0.4351297856511345,0.4072883963239199,0.0651915549648273,0.1578542883492161,0.1731265926841021,0.03223621675268,0.1578542883492161,0.4351297856511345,False,,,N100_drop0.50_s0.20_c0.05,1.0,0.0,0.0,False,False,1.0068271698186462,1.0170734897113791,-0.0865463796488441,-0.1149304575594595,NSE,False,NSE validated,False,,
2026-10-01,GEMAROMA,INE06XZ01023,155.28,155.28,89650915.30476192,310.56,0.2742973889930485,0.032207141001718,0.2269142968749518,0.1419352656279158,0.152113807692397,0.0324131784751632,0.0231498034258075,0.031612393161908,0.0420123182145353,0.0231498034258075,0.4254260330195127,0.0484919069578826,0.4254260330195127,0.4651799791688137,0.0817852030467736,0.1732057416267942,0.2269142968749518,0.032207141001718,0.1732057416267942,0.4254260330195127,False,,,N100_drop0.50_s0.20_c0.05,1.0,0.0,0.0,False,False,1.0068271698186462,1.0170734897113791,-0.0865463796488441,-0.1149304575594595,NSE,False,NSE validated,False,,
2026-10-01,ATGL,INE399L01023,583.05,583.05,1138453781.6031747,1166.1,0.2740334672725147,0.0321578509279998,0.1911008955108808,0.1682768196456141,0.1679716643130653,0.0768723957340092,0.0231051915524275,0.031557841986023,0.0419682582357577,0.0231051915524275,0.427966685813735,0.0542558238152385,0.427966685813735,0.400683324784008,0.0780314843415771,0.1578542883492161,0.1911008955108808,0.0321578509279998,0.1578542883492161,0.427966685813735,False,,,N100_drop0.50_s0.20_c0.05,1.0,0.0,0.0,False,False,1.0068271698186462,1.0170734897113791,-0.0865463796488441,-0.1149304575594595,NSE,False,NSE validated,False,,
2026-10-01,PLATIND,INE0PT501018,202.0,202.0,19988404.61,404.0,0.2737589464181496,0.0321066274448402,0.2171391690587618,0.1478619798722338,0.1483648359009854,0.050961543608918,0.0230588488977555,0.0315036863042762,0.0419224477441407,0.0230588488977555,0.4485297910103751,0.0320230610797357,0.4485297910103751,0.4258768869032905,0.0531301357558185,0.1578542883492161,0.2171391690587618,0.0321066274448402,0.1578542883492161,0.4485297910103751,False,,,N100_drop0.50_s0.20_c0.05,1.0,0.0,0.0,False,False,1.0068271698186462,1.0170734897113791,-0.0865463796488441,-0.1149304575594595,NSE,False,NSE validated,False,,
2026-10-01,ANTHEM,INE0CZ201020,855.75,855.75,726143661.3992064,1711.5,0.2735401587270623,0.0320658369645125,0.1447633856945274,0.2215051603737442,0.1619889570113042,0.0800199385083854,0.0230219590943695,0.0314605662327841,0.0418853318975534,0.0230219590943695,0.4979880570693283,0.0095656237187552,0.4979880570693283,0.4275852877429833,0.0515410421044433,0.1578542883492161,0.1447633856945274,0.0320658369645125,0.1578542883492161,0.4979880570693283,False,,,N100_drop0.50_s0.20_c0.05,1.0,0.0,0.0,False,False,1.0068271698186462,1.0170734897113791,-0.0865463796488441,-0.1149304575594595,NSE,False,NSE validated,False,,
2026-10-01,BOROSCI,INE02L001032,112.72,112.72,12515977.346507937,225.44,0.273459355791133,0.0320507797111161,0.2430562938503323,0.131865664547869,0.151449686419428,0.1369767827432278,0.0230083448525837,0.0314446502507991,0.041871490228964,0.0230083448525837,0.4699608167481116,0.0280568023424761,0.4699608167481116,0.4058458697292907,0.0647830373087209,0.1578542883492161,0.2430562938503323,0.0320507797111161,0.1578542883492161,0.4699608167481116,False,,,N100_drop0.50_s0.20_c0.05,1.0,0.0,0.0,False,False,1.0068271698186462,1.0170734897113791,-0.0865463796488441,-0.1149304575594595,NSE,False,NSE validated,False,,
2026-10-01,ELGIEQUIP,INE285A01027,584.65,584.65,297199184.5301587,1169.3,0.2729878432192488,0.0319629965282235,0.1437451822705424,0.2223587324691416,0.1611963722644851,0.0778022123130726,0.0229290080035235,0.0313447184142876,0.0417907576573201,0.0229290080035235,0.4938596487400764,0.01585710391687,0.4938596487400764,0.4603224409334392,0.0481429881996981,0.1732057416267942,0.1437451822705424,0.0319629965282235,0.1732057416267942,0.4938596487400764,False,,,N100_drop0.50_s0.20_c0.05,1.0,0.0,0.0,False,False,1.0068271698186462,1.0170734897113791,-0.0865463796488441,-0.1149304575594595,NSE,False,NSE validated,False,,
2026-10-01,POCL,INE063E01061,437.0,437.0,255595556.981746,874.0,0.2729564307876505,0.0319571532741246,0.192539934709031,0.1659767534585424,0.1562333960069714,0.038404829928497,0.0229237290163529,0.0313379159527738,0.0417853815273539,0.0229237290163529,0.4309393200580517,0.054321313304683,0.4309393200580517,0.3982030438067417,0.0706200874454322,0.1578542883492161,0.192539934709031,0.0319571532741246,0.1578542883492161,0.4309393200580517,False,,,N100_drop0.50_s0.20_c0.05,1.0,0.0,0.0,False,False,1.0068271698186462,1.0170734897113791,-0.0865463796488441,-0.1149304575594595,NSE,False,NSE validated,False,,
2026-10-01,JAINREC,INE0YD401026,282.5,282.5,523270577.3515872,565.0,0.2726190527724992,0.0318944337826522,0.2206644950980218,0.1445381313767053,0.1782499111390086,0.0911867397351071,0.0228670822267193,0.031264914901082,0.0417276586780187,0.0228670822267193,0.5013471731334963,0.0787228693658492,0.5013471731334963,0.430533643552949,0.0830624921564664,0.1578542883492161,0.2206644950980218,0.0318944337826522,0.1578542883492161,0.5013471731334963,False,,,N100_drop0.50_s0.20_c0.05,1.0,0.0,0.0,False,False,1.0068271698186462,1.0170734897113791,-0.0865463796488441,-0.1149304575594595,NSE,False,NSE validated,False,,
2026-10-01,YATRA,INE0JR601024,98.83,98.83,176893815.32777774,197.66,0.2724495091064623,0.0318629418272777,0.2595972332345081,0.1227399130193897,0.1550846712689249,0.0293875033212152,0.0228386505077226,0.0312282703297158,0.0416986636173572,0.0228386505077226,0.3912010881594128,0.0691653566246468,0.3912010881594128,0.4171121243157263,0.07651073263251,0.1578542883492161,0.2595972332345081,0.0318629418272777,0.1578542883492161,0.3912010881594128,False,,,N100_drop0.50_s0.20_c0.05,1.0,0.0,0.0,False,False,1.0068271698186462,1.0170734897113791,-0.0865463796488441,-0.1149304575594595,NSE,False,NSE validated,False,,
2026-10-01,TCIEXP,INE586V01016,504.75,504.75,126270940.1936508,1009.5,0.2723462797303185,0.0318437761789752,0.2362631862185904,0.1347809478431119,0.1604602410072629,0.0860937971694879,0.0228213509151317,0.0312059720801453,0.0416810136311486,0.0228213509151317,0.4118980667325473,0.0617166876563164,0.4118980667325473,0.3862811011253522,0.0831916298486906,0.1578542883492161,0.2362631862185904,0.0318437761789752,0.1578542883492161,0.4118980667325473,False,,,N100_drop0.50_s0.20_c0.05,1.0,0.0,0.0,False,False,1.0068271698186462,1.0170734897113791,-0.0865463796488441,-0.1149304575594595,NSE,False,NSE validated,False,,
2026-10-01,PENIND,INE932A01024,173.62,173.62,91521079.69587302,347.24,0.2722225377542584,0.0318208108517197,0.20628632848554,0.1542555489999437,0.1720489745442091,0.1007870118050525,0.0228006252178063,0.0311792563126811,0.0416598605425596,0.0228006252178063,0.4311960918414665,0.0598837561345363,0.4311960918414665,0.3888919809756936,0.0874910401825091,0.1578542883492161,0.20628632848554,0.0318208108517197,0.1578542883492161,0.4311960918414665,False,,,N100_drop0.50_s0.20_c0.05,1.0,0.0,0.0,False,False,1.0068271698186462,1.0170734897113791,-0.0865463796488441,-0.1149304575594595,NSE,False,NSE validated,False,,
2026-10-01,GKENERGY,INE1AG301022,114.76,114.76,87618847.80730158,229.52,0.2721095101810413,0.0317998423081054,0.2337341619227967,0.136051324489781,0.1585279728398018,0.0393303663902839,0.0227817050216736,0.0311548664830513,0.041640542940883,0.0227817050216736,0.4336042857821265,0.0650938075554529,0.4336042857821265,0.421987628052332,0.0803847314329647,0.1578542883492161,0.2337341619227967,0.0317998423081054,0.1578542883492161,0.4336042857821265,False,,,N100_drop0.50_s0.20_c0.05,1.0,0.0,0.0,False,False,1.0068271698186462,1.0170734897113791,-0.0865463796488441,-0.1149304575594595,NSE,False,NSE validated,False,,
2026-10-01,CHEMPLASTS,INE488A01050,191.56,191.56,156213178.8447619,383.12,0.2719255516131114,0.0317657317764224,0.2949255571695532,0.1077076265661175,0.173819969023379,0.0768039760515357,0.0227511419071734,0.0311170603657466,0.0416091104665899,0.0227511419071734,0.3995580228505679,0.0906904096006699,0.3995580228505679,0.3942589178947528,0.1086032970673912,0.1578542883492161,0.2949255571695532,0.0317657317764224,0.1578542883492161,0.3995580228505679,False,,,N100_drop0.50_s0.20_c0.05,1.0,0.0,0.0,False,False,1.0068271698186462,1.0170734897113791,-0.0865463796488441,-0.1149304575594595,NSE,False,NSE validated,False,,
2026-10-01,KIRLOSBROS,INE732A01036,1767.6,1767.6,142103958.24603173,3535.2,0.2711133392524528,0.0316153775310535,0.155148237177416,0.2037752932693689,0.1647048044378939,0.0535401848144903,0.0226324956553507,0.0309695377312995,0.0414704480522072,0.0226324956553507,0.4835832606043477,0.0154131986852496,0.4835832606043477,0.4386585597769608,0.0444122002136044,0.1578542883492161,0.155148237177416,0.0316153775310535,0.1578542883492161,0.4835832606043477,False,,,N100_drop0.50_s0.20_c0.05,1.0,0.0,0.0,False,False,1.0068271698186462,1.0170734897113791,-0.0865463796488441,-0.1149304575594595,NSE,False,NSE validated,False,,
2026-10-01,DIAMONDYD,INE393P01035,1073.0,1073.0,43107668.638095245,2146.0,0.2709876939428215,0.0315921548657707,0.1496131522834038,0.2111589414674418,0.1526883711300269,0.0750069684546091,0.0226141759334455,0.0309473278681562,0.0414490148033738,0.0226141759334455,0.4730748807754791,0.0183187426126716,0.4730748807754791,0.4347601917680521,0.0486850599939323,0.1578542883492161,0.1496131522834038,0.0315921548657707,0.1578542883492161,0.4730748807754791,False,,,N100_drop0.50_s0.20_c0.05,1.0,0.0,0.0,False,False,1.0068271698186462,1.0170734897113791,-0.0865463796488441,-0.1149304575594595,NSE,False,NSE validated,False,,
2026-10-01,CEINSYS,INE016Q01014,654.25,654.25,49692864.63333333,1308.5,0.2708351154731265,0.0315639673204692,0.258546811064498,0.1220822147854501,0.1545229162025964,0.0914883672273523,0.0225919415521668,0.0309203696387053,0.0414229933210838,0.0225919415521668,0.4497561968322534,0.0337844428597771,0.4497561968322534,0.4043449031059795,0.0728049778240952,0.1578542883492161,0.258546811064498,0.0315639673204692,0.1578542883492161,0.4497561968322534,False,,,N100_drop0.50_s0.20_c0.05,1.0,0.0,0.0,False,False,1.0068271698186462,1.0170734897113791,-0.0865463796488441,-0.1149304575594595,NSE,False,NSE validated,False,,
2026-10-01,DENTA,INE0R4L01018,260.65,260.65,74519508.90476193,521.3,0.2706015439413629,0.0315208448269235,0.2175744924327616,0.1448738060904114,0.1538001804835314,0.0562572768171105,0.0225579307024098,0.0308791277653531,0.0413903757380422,0.0225579307024098,0.4234305702477548,0.0513482573057391,0.4234305702477548,0.4439466054420886,0.0690386872413727,0.1648675171736997,0.2175744924327616,0.0315208448269235,0.1648675171736997,0.4234305702477548,False,,,N100_drop0.50_s0.20_c0.05,1.0,0.0,0.0,False,False,1.0068271698186462,1.0170734897113791,-0.0865463796488441,-0.1149304575594595,NSE,False,NSE validated,False,,
2026-10-01,MUFIN,INE08KJ01020,130.59,130.59,120682912.5168254,261.18,0.2704057016751394,0.0314847139124348,0.1283555634145511,0.2452929430939304,0.1660339058132426,0.0081676146289909,0.0225294380879466,0.0308445725231715,0.041363297379014,0.0225294380879466,0.4911318274281102,0.0164617189191812,0.4911318274281102,0.4147066731316804,0.0722228847559895,0.1578542883492161,0.1283555634145511,0.0314847139124348,0.1578542883492161,0.4911318274281102,False,,,N100_drop0.50_s0.20_c0.05,1.0,0.0,0.0,False,False,1.0068271698186462,1.0170734897113791,-0.0865463796488441,-0.1149304575594595,NSE,False,NSE validated,False,,
2026-10-01,HNDFDS,INE254N01026,574.6,574.6,57209381.938095234,1149.2,0.2703024476076966,0.0314656740951045,0.1462562873452911,0.2151406593606359,0.1582872575488533,0.084007625069071,0.0225144248581648,0.0308263630198925,0.0413490230721624,0.0225144248581648,0.5100951263971404,0.0256113624759342,0.5100951263971404,0.4460650508490276,0.0424578555049217,0.1648675171736997,0.1462562873452911,0.0314656740951045,0.1648675171736997,0.5100951263971404,False,,,N100_drop0.50_s0.20_c0.05,1.0,0.0,0.0,False,False,1.0068271698186462,1.0170734897113791,-0.0865463796488441,-0.1149304575594595,NSE,False,NSE validated,False,,
2026-10-01,MEDANTA,INE474Q01031,1357.3,1357.3,368799245.1031746,2714.6,0.2702282261135939,0.0314519918744384,0.1501970665360623,0.2094048345936691,0.1641059244080485,0.0818787342278127,0.0225036368063838,0.0308132774658879,0.0413387633120544,0.0225036368063838,0.4938341264797467,0.0056769073934114,0.4938341264797467,0.45299721496285,0.0408719222375984,0.1732057416267942,0.1501970665360623,0.0314519918744384,0.1732057416267942,0.4938341264797467,False,,,N100_drop0.50_s0.20_c0.05,1.0,0.0,0.0,False,False,1.0068271698186462,1.0170734897113791,-0.0865463796488441,-0.1149304575594595,NSE,False,NSE validated,False,,
2026-10-01,JUBLPHARMA,INE700A01033,999.3,999.3,266564939.96666667,1998.6,0.2702003026563606,0.0314468452555845,0.1665118999551982,0.1888564436778731,0.1763218725178055,0.0959836854537593,0.0224995789741026,0.0308083552841176,0.0413349036125689,0.0224995789741026,0.4614459830827628,0.04491042751698,0.4614459830827628,0.4042623616871663,0.0831098491073623,0.1578542883492161,0.1665118999551982,0.0314468452555845,0.1578542883492161,0.4614459830827628,False,,,N100_drop0.50_s0.20_c0.05,1.0,0.0,0.0,False,False,1.0068271698186462,1.0170734897113791,-0.0865463796488441,-0.1149304575594595,NSE,False,NSE validated,False,,
2026-10-01,THOMASCOOK,INE332A01027,100.7,100.7,163205325.5911111,201.4,0.2701085292165976,0.0314299337207931,0.214396217989653,0.1465974260903704,0.1540536562845963,0.0869078046644724,0.0224862456542402,0.0307921812333117,0.0413222190898831,0.0224862456542402,0.4084788403578921,0.0605507668065584,0.4084788403578921,0.4534278281332235,0.0898746058042433,0.1732057416267942,0.214396217989653,0.0314299337207931,0.1732057416267942,0.4084788403578921,False,,,N100_drop0.50_s0.20_c0.05,1.0,0.0,0.0,False,False,1.0068271698186462,1.0170734897113791,-0.0865463796488441,-0.1149304575594595,NSE,False,NSE validated,False,,
2026-10-01,ZUARI,INE840M01016,212.88,212.88,27193989.591904763,425.76,0.2695772614862144,0.0313321362402924,0.1885964998071713,0.1661331799494035,0.1537803912122003,0.033071319500772,0.02239494635962,0.0307023970362358,0.0412488134742854,0.02239494635962,0.4403476505089425,0.040280443071456,0.4403476505089425,0.4074713226864714,0.0646031454239411,0.1578542883492161,0.1885964998071713,0.0313321362402924,0.1578542883492161,0.4403476505089425,False,,,N100_drop0.50_s0.20_c0.05,1.0,0.0,0.0,False,False,1.0068271698186462,1.0170734897113791,-0.0865463796488441,-0.1149304575594595,NSE,False,NSE validated,False,,
2026-10-01,GOCOLORS,INE0BJS01011,294.95,294.95,83084841.02777778,589.9,0.2692391381609869,0.0312699837067041,0.2596362517220375,0.1204376642294978,0.1545217728059484,0.0404780950085758,0.0223290820700841,0.0306537722742741,0.0412021159025021,0.0223290820700841,0.4410308416270355,0.0748547483351232,0.4410308416270355,0.4263716819924154,0.0762122381266432,0.1578542883492161,0.2596362517220375,0.0312699837067041,0.1578542883492161,0.4410308416270355,False,,,N100_drop0.50_s0.20_c0.05,1.0,0.0,0.0,False,False,1.0068271698186462,1.0170734897113791,-0.0865463796488441,-0.1149304575594595,NSE,False,NSE validated,False,,
2026-10-01,LAXMIDENTL,INE0WO601020,193.87,193.87,21271178.836984128,387.74,0.2692278481599399,0.031267909632597,0.2014838897555781,0.1551881377242041,0.1587458472741523,0.02630177392886,0.0223268852221436,0.0306520346780536,0.0412005569450188,0.0223268852221436,0.472014128704759,0.0636248735462081,0.472014128704759,0.4409001777537098,0.0724015969075429,0.1578542883492161,0.2014838897555781,0.031267909632597,0.1578542883492161,0.472014128704759,False,,,N100_drop0.50_s0.20_c0.05,1.0,0.0,0.0,False,False,1.0068271698186462,1.0170734897113791,-0.0865463796488441,-0.1149304575594595,NSE,False,NSE validated,False,,
2026-10-01,AUTOAXLES,INE449A01011,1683.0,1683.0,16488910.033333331,3366.0,0.2690728739053308,0.031239447379638,0.135718057542117,0.2301790045141457,0.1583936481754694,0.0431200465694125,0.0222967452758285,0.0306270568348091,0.0411791594782978,0.0222967452758285,0.4396504227661814,0.0573132253534095,0.4396504227661814,0.4183951055053331,0.0586179783534154,0.1578542883492161,0.135718057542117,0.031239447379638,0.1578542883492161,0.4396504227661814,False,,,N100_drop0.50_s0.20_c0.05,1.0,0.0,0.0,False,False,1.0068271698186462,1.0170734897113791,-0.0865463796488441,-0.1149304575594595,NSE,False,NSE validated,False,,
2026-10-01,AFFLE,INE00WC01027,1449.6,1449.6,578857489.8238095,2899.2,0.2689589378468893,0.0312185315115389,0.2259714931247737,0.1381525212753326,0.1619848587654501,0.0414005050319003,0.0222746049910183,0.0306072725248532,0.0411634303951711,0.0222746049910183,0.4132404028131868,0.0634786303547417,0.4132404028131868,0.3926219290307109,0.0773514478273327,0.1578542883492161,0.2259714931247737,0.0312185315115389,0.1578542883492161,0.4132404028131868,False,,,N100_drop0.50_s0.20_c0.05,1.0,0.0,0.0,False,False,1.0068271698186462,1.0170734897113791,-0.0865463796488441,-0.1149304575594595,NSE,False,NSE validated,False,,
2026-10-01,HARIOMPIPE,INE00EV01017,332.35,332.35,82461055.61349206,664.7,0.2689349000149424,0.0312141197712585,0.1989109175585614,0.1569251208248476,0.1528395325643687,0.0347743650418685,0.0222699359025403,0.0306030996693898,0.0411601121654647,0.0222699359025403,0.4613167915395453,0.0368797670881415,0.4613167915395453,0.4673661247610478,0.0763508637833881,0.1732057416267942,0.1989109175585614,0.0312141197712585,0.1732057416267942,0.4613167915395453,False,,,N100_drop0.50_s0.20_c0.05,1.0,0.0,0.0,False,False,1.0068271698186462,1.0170734897113791,-0.0865463796488441,-0.1149304575594595,NSE,False,NSE validated,False,,
2026-10-01,PNBGILTS,INE859A01011,71.63,71.63,36959621.1563492,143.26,0.2688073631821831,0.0311907184513872,0.2036066764522092,0.1531910396794297,0.1599750944251481,0.0190496871716762,0.0222451748572201,0.0305809666824946,0.0411425081120928,0.0222451748572201,0.463595251215096,0.0254917636900194,0.463595251215096,0.4248873162774668,0.0539217154683054,0.1578542883492161,0.2036066764522092,0.0311907184513872,0.1578542883492161,0.463595251215096,False,,,N100_drop0.50_s0.20_c0.05,1.0,0.0,0.0,False,False,1.0068271698186462,1.0170734897113791,-0.0865463796488441,-0.1149304575594595,NSE,False,NSE validated,False,,
2026-10-01,MBEL,INE08N601015,251.75,251.75,52524764.289841264,503.5,0.2685554546762632,0.0311445258524647,0.2466198945074264,0.1262855371610214,0.1622379005796906,0.0490724793707146,0.0221965431687517,0.0305372836595849,0.0411077437237085,0.0221965431687517,0.3976011080317027,0.0745078583579199,0.3976011080317027,0.4036712989438036,0.0939558703975751,0.1578542883492161,0.2466198945074264,0.0311445258524647,0.1578542883492161,0.3976011080317027,False,,,N100_drop0.50_s0.20_c0.05,1.0,0.0,0.0,False,False,1.0068271698186462,1.0170734897113791,-0.0865463796488441,-0.1149304575594595,NSE,False,NSE validated,False,,
2026-10-01,REDINGTON,INE891D01026,397.95,397.95,2437683105.7142854,795.9,0.268540663213153,0.0311418147415825,0.1788736024735261,0.1740995558368742,0.1808544770892602,0.0417872642225121,0.0221937023163876,0.0305347200857558,0.0411057027237025,0.0221937023163876,0.5009561074603083,0.0128445551448736,0.5009561074603083,0.4376085746900734,0.046222059171332,0.1578542883492161,0.1788736024735261,0.0311418147415825,0.1578542883492161,0.5009561074603083,False,,,N100_drop0.50_s0.20_c0.05,1.0,0.0,0.0,False,False,1.0068271698186462,1.0170734897113791,-0.0865463796488441,-0.1149304575594595,NSE,False,NSE validated,False,,
2026-10-01,RUPA,INE895B01021,130.58,130.58,17692219.74904761,261.16,0.2684844416492372,0.0311315111752634,0.2002119362616351,0.1554927830805307,0.1572413511799131,0.0058590339533701,0.0221832343761009,0.0305249774826357,0.0410979452759369,0.0221832343761009,0.4773832107647763,0.0138242465511782,0.4773832107647763,0.4122893526413052,0.063834354732222,0.1578542883492161,0.2002119362616351,0.0311315111752634,0.1578542883492161,0.4773832107647763,False,,,N100_drop0.50_s0.20_c0.05,1.0,0.0,0.0,False,False,1.0068271698186462,1.0170734897113791,-0.0865463796488441,-0.1149304575594595,NSE,False,NSE validated,False,,
2026-10-01,SHRIRAMPPS,INE217L01019,67.36,67.36,39630429.16984127,134.72,0.268169298624361,0.0310737916088152,0.1857437807847769,0.1672938468115964,0.1542752018199301,0.0032061066227095,0.0221409471622208,0.0304614312012649,0.0410544701955903,0.0221409471622208,0.4658335286748364,0.0411798100641337,0.4658335286748364,0.4262928816290399,0.0561667222176624,0.1578542883492161,0.1857437807847769,0.0310737916088152,0.1578542883492161,0.4658335286748364,False,,,N100_drop0.50_s0.20_c0.05,1.0,0.0,0.0,False,False,1.0068271698186462,1.0170734897113791,-0.0865463796488441,-0.1149304575594595,NSE,False,NSE validated,False,,
2026-10-01,GRANULES,INE101D01020,821.75,821.75,939458525.4031746,1643.5,0.2678732013098478,0.0310196156546472,0.1432940353470767,0.2164752746303338,0.1737836792960957,0.0693623234230434,0.02210155977573,0.0303951353818387,0.041013635401286,0.02210155977573,0.4805006805916967,0.0278892994102981,0.4805006805916967,0.4208887129878782,0.0666810733282301,0.1578542883492161,0.1432940353470767,0.0310196156546472,0.1578542883492161,0.4805006805916967,False,,,N100_drop0.50_s0.20_c0.05,1.0,0.0,0.0,False,False,1.0068271698186462,1.0170734897113791,-0.0865463796488441,-0.1149304575594595,NSE,False,NSE validated,False,,
2026-10-01,IDBI,INE008A01015,86.57,86.57,1136642317.0117462,173.14,0.2673370530055361,0.030921654576568,0.1909243061997155,0.1619576637048118,0.1635728950453924,0.0998006970771244,0.0220303450767086,0.0302807253260687,0.040939726775799,0.0220303450767086,0.4441656011829329,0.0403687379938593,0.4441656011829329,0.4221749390159568,0.0686290726501688,0.1578542883492161,0.1909243061997155,0.030921654576568,0.1578542883492161,0.4441656011829329,False,,,N100_drop0.50_s0.20_c0.05,1.0,0.0,0.0,False,False,1.0068271698186462,1.0170734897113791,-0.0865463796488441,-0.1149304575594595,NSE,False,NSE validated,False,,
2026-10-01,ROHLTD,INE283H01019,298.65,298.65,6769226.948412699,597.3,0.2672720577216563,0.0309097910317133,0.1939190977630213,0.159395291068684,0.1613777219178856,0.0225860532652665,0.022021721138471,0.0302683491624486,0.0409307698664089,0.022021721138471,0.4617388792148356,0.0362620511619752,0.4617388792148356,0.4070989322374782,0.0667691140305973,0.1578542883492161,0.1939190977630213,0.0309097910317133,0.1578542883492161,0.4617388792148356,False,,,N100_drop0.50_s0.20_c0.05,1.0,0.0,0.0,False,False,1.0068271698186462,1.0170734897113791,-0.0865463796488441,-0.1149304575594595,NSE,False,NSE validated,False,,
2026-10-01,POONAWALLA,INE511C01022,433.4,433.4,628942528.1277777,866.8,0.267228230416439,0.0309017927170641,0.173611500923129,0.1779939263974612,0.1627129877120784,0.0809107941977572,0.0220159070031422,0.0302600054365175,0.0409247304230403,0.0220159070031422,0.4385585270997591,0.0431911443087836,0.4385585270997591,0.3916332657788844,0.076997931742009,0.1578542883492161,0.173611500923129,0.0309017927170641,0.1578542883492161,0.4385585270997591,False,,,N100_drop0.50_s0.20_c0.05,1.0,0.0,0.0,False,False,1.0068271698186462,1.0170734897113791,-0.0865463796488441,-0.1149304575594595,NSE,False,NSE validated,False,,
2026-10-01,AHLUCONT,INE758C01029,555.9,555.9,49704432.11984127,1111.8,0.2662682045016552,0.0307268850278303,0.2292129707217856,0.1340538667208587,0.1553862405321653,0.0182706333901484,0.0218887752625291,0.0300854781848015,0.0406867997893277,0.0218887752625291,0.4396232937653304,0.0459363542848551,0.4396232937653304,0.4183815138213425,0.0600185057109854,0.1578542883492161,0.2292129707217856,0.0307268850278303,0.1578542883492161,0.4396232937653304,False,,,N100_drop0.50_s0.20_c0.05,1.0,0.0,0.0,False,False,1.0068271698186462,1.0170734897113791,-0.0865463796488441,-0.1149304575594595,NSE,False,NSE validated,False,,
2026-10-01,GULFOILLUB,INE635Q01029,1093.0,1093.0,86705458.24444446,2186.0,0.265960305201013,0.0306709073299425,0.1467160437987977,0.2090494436450571,0.1638959421207249,0.0435308906064757,0.0218484613925998,0.0300276603684066,0.0406036191794926,0.0218484613925998,0.4914936965069107,0.0092620180787624,0.4914936965069107,0.446114845561348,0.0386485916372164,0.1648675171736997,0.1467160437987977,0.0306709073299425,0.1648675171736997,0.4914936965069107,False,,,N100_drop0.50_s0.20_c0.05,1.0,0.0,0.0,False,False,1.0068271698186462,1.0170734897113791,-0.0865463796488441,-0.1149304575594595,NSE,False,NSE validated,False,,
2026-10-01,CSLFINANCE,INE718F01018,208.34,208.34,9187977.046031749,416.68,0.2658342482620601,0.0306480061222025,0.2123178017209093,0.144349677105687,0.1513654166167694,0.079303966152624,0.0218321315726558,0.0300045105953322,0.0405829009000495,0.0218321315726558,0.4539956827446846,0.0366730391251017,0.4539956827446846,0.4020574982338061,0.0682080829398218,0.1578542883492161,0.2123178017209093,0.0306480061222025,0.1578542883492161,0.4539956827446846,False,,,N100_drop0.50_s0.20_c0.05,1.0,0.0,0.0,False,False,1.0068271698186462,1.0170734897113791,-0.0865463796488441,-0.1149304575594595,NSE,False,NSE validated,False,,
2026-10-01,SOUTHBANK,INE683A01023,47.44,47.44,631005789.6209522,94.88,0.2657816395220851,0.0306384513581605,0.1386087565222889,0.2210426824890659,0.1775279714981537,0.0642469374663943,0.0218253185403227,0.0299959133875899,0.0405743922641247,0.0218253185403227,0.5001055120659778,0.0220682608529742,0.5001055120659778,0.4127678227001385,0.0651296354418706,0.1578542883492161,0.1386087565222889,0.0306384513581605,0.1578542883492161,0.5001055120659778,False,,,N100_drop0.50_s0.20_c0.05,1.0,0.0,0.0,False,False,1.0068271698186462,1.0170734897113791,-0.0865463796488441,-0.1149304575594595,NSE,False,NSE validated,False,,
2026-10-01,PTC,INE877F01012,154.79,154.79,331955053.01984125,309.58,0.2655464715928755,0.0305957608338166,0.2079772357089798,0.1471111043933141,0.15789715350379,0.000812012309485,0.0217948783118015,0.029960286718471,0.0405363653466404,0.0217948783118015,0.4268192928961872,0.0573981872788311,0.4268192928961872,0.4097906096332904,0.0644107591892573,0.1578542883492161,0.2079772357089798,0.0305957608338166,0.1578542883492161,0.4268192928961872,False,,,N100_drop0.50_s0.20_c0.05,1.0,0.0,0.0,False,False,1.0068271698186462,1.0170734897113791,-0.0865463796488441,-0.1149304575594595,NSE,False,NSE validated,False,,
2026-10-01,DLINKINDIA,INE250K01012,406.6,406.6,82780380.22460316,813.2,0.2653183750695644,0.0305543860135198,0.1738189033596049,0.1757828718451148,0.147623393826346,0.0624893919438959,0.0217653766822264,0.0299319118526625,0.0404994940432059,0.0217653766822264,0.4413251302684546,0.0372933423586731,0.4413251302684546,0.4100816182445879,0.061342406779529,0.1578542883492161,0.1738189033596049,0.0305543860135198,0.1578542883492161,0.4413251302684546,False,,,N100_drop0.50_s0.20_c0.05,1.0,0.0,0.0,False,False,1.0068271698186462,1.0170734897113791,-0.0865463796488441,-0.1149304575594595,NSE,False,NSE validated,False,,
2026-10-01,CELLO,INE0LMW01024,323.1,323.1,349472116.89603174,646.2,0.2649729270771584,0.0304917845865672,0.2714070431507027,0.1123470645145942,0.1635415106518627,0.0391241165293184,0.0217207406023668,0.0298861742167836,0.0404436758989643,0.0217207406023668,0.3956630586478699,0.0770412546339809,0.3956630586478699,0.4042904428711233,0.1027730870245094,0.1578542883492161,0.2714070431507027,0.0304917845865672,0.1578542883492161,0.3956630586478699,False,,,N100_drop0.50_s0.20_c0.05,1.0,0.0,0.0,False,False,1.0068271698186462,1.0170734897113791,-0.0865463796488441,-0.1149304575594595,NSE,False,NSE validated,False,,
2026-10-01,PRESTIGE,INE811K01011,1486.1,1486.1,996928412.8952382,2972.2,0.2647009512025841,0.0304425484231821,0.1683585496262265,0.1808197355629857,0.1655414853033234,0.0926636031995991,0.0216856349258842,0.029847316398176,0.0403997487868419,0.0216856349258842,0.4465510449984918,0.0392290243176976,0.4465510449984918,0.4007020866813219,0.07246004336445,0.1578542883492161,0.1683585496262265,0.0304425484231821,0.1578542883492161,0.4465510449984918,False,,,N100_drop0.50_s0.20_c0.05,1.0,0.0,0.0,False,False,1.0068271698186462,1.0170734897113791,-0.0865463796488441,-0.1149304575594595,NSE,False,NSE validated,False,,
2026-10-01,EQUITASBNK,INE063P01018,68.41,68.41,210265734.81603172,136.82,0.2646305870937018,0.030429817592259,0.1575282084364927,0.1931705939798506,0.1566798894345937,0.068813588208386,0.0216765578682495,0.0298354887326406,0.0403883869654681,0.0216765578682495,0.482616526792992,0.0218010233970175,0.482616526792992,0.4419758024733067,0.0470038850895339,0.1648675171736997,0.1575282084364927,0.030429817592259,0.1648675171736997,0.482616526792992,False,,,N100_drop0.50_s0.20_c0.05,1.0,0.0,0.0,False,False,1.0068271698186462,1.0170734897113791,-0.0865463796488441,-0.1149304575594595,NSE,False,NSE validated,False,,
2026-10-01,NDTV,INE155G01029,68.08,68.08,14067037.364126986,136.16,0.2643908190983225,0.0303864593281078,0.2146773603691047,0.1415447780607278,0.1498007419965098,0.0256755281117319,0.0216456438193722,0.0297931422442876,0.0403496797014745,0.0216456438193722,0.439263151196516,0.0461986765270585,0.439263151196516,0.4165014802128968,0.0598766239137275,0.1578542883492161,0.2146773603691047,0.0303864593281078,0.1578542883492161,0.439263151196516,False,,,N100_drop0.50_s0.20_c0.05,1.0,0.0,0.0,False,False,1.0068271698186462,1.0170734897113791,-0.0865463796488441,-0.1149304575594595,NSE,False,NSE validated,False,,
2026-10-01,PACEDIGITK,INE0S3G01027,167.35,167.35,330400791.4142857,334.7,0.264324415452884,0.03037445741265,0.2098516871661878,0.1447424980128731,0.1690837524793704,0.0484259948159196,0.0216370866469243,0.0297812088450254,0.040338962066959,0.0216370866469243,0.432977232487493,0.0570001871121323,0.432977232487493,0.3742248739026392,0.0909154595753462,0.1578542883492161,0.2098516871661878,0.03037445741265,0.1578542883492161,0.432977232487493,False,,,N100_drop0.50_s0.20_c0.05,1.0,0.0,0.0,False,False,1.0068271698186462,1.0170734897113791,-0.0865463796488441,-0.1149304575594595,NSE,False,NSE validated,False,,
2026-10-01,HONASA,INE0J5401028,427.9,427.9,753877158.7230159,855.8,0.2641307428373831,0.0303394678697376,0.1641094053027862,0.1848734252236212,0.1636179729323543,0.0869782272518949,0.0216121398748797,0.0297464202701861,0.040307708813025,0.0216121398748797,0.492327256521724,0.0149611314099716,0.492327256521724,0.4325046259756414,0.0509968311630704,0.1578542883492161,0.1641094053027862,0.0303394678697376,0.1578542883492161,0.492327256521724,False,,,N100_drop0.50_s0.20_c0.05,1.0,0.0,0.0,False,False,1.0068271698186462,1.0170734897113791,-0.0865463796488441,-0.1149304575594595,NSE,False,NSE validated,False,,
2026-10-01,DOLLAR,INE325C01035,272.1,272.1,35462710.178571425,544.2,0.2633735960965857,0.0302028961683591,0.1659332051424679,0.1820183979597534,0.1699274495290813,0.04208998415083,0.0215147702330949,0.0296116741520257,0.0401856089953731,0.0215147702330949,0.4778663133617861,0.020438796297924,0.4778663133617861,0.4224816369917908,0.0562662584561988,0.1578542883492161,0.1659332051424679,0.0302028961683591,0.1578542883492161,0.4778663133617861,False,,,N100_drop0.50_s0.20_c0.05,1.0,0.0,0.0,False,False,1.0068271698186462,1.0170734897113791,-0.0865463796488441,-0.1149304575594595,NSE,False,NSE validated,False,,
2026-10-01,ANUP,INE294Z01018,1566.7,1566.7,67934806.12380953,3133.4,0.2628481319923201,0.0301083174225131,0.2012515514306091,0.1496053928950423,0.1495854561234504,0.0196169832772973,0.021446130800265,0.0295279397438682,0.0400983792943187,0.021446130800265,0.4528347549383468,0.0385729662161649,0.4528347549383468,0.4163546746459012,0.0606192913402132,0.1578542883492161,0.2012515514306091,0.0301083174225131,0.1578542883492161,0.4528347549383468,False,,,N100_drop0.50_s0.20_c0.05,1.0,0.0,0.0,False,False,1.0068271698186462,1.0170734897113791,-0.0865463796488441,-0.1149304575594595,NSE,False,NSE validated,False,,
2026-10-01,M&MFIN,INE774D01024,319.75,319.75,1374689902.2460315,639.5,0.2627160871404627,0.0300845766354997,0.183833896114326,0.1636508678290222,0.1484777499877665,0.0630902440607917,0.0214253517871252,0.0295069174113983,0.0400764682475577,0.0214253517871252,0.4437157128531533,0.0360009686709927,0.4437157128531533,0.4167850200005872,0.0573169501062227,0.1578542883492161,0.183833896114326,0.0300845766354997,0.1578542883492161,0.4437157128531533,False,,,N100_drop0.50_s0.20_c0.05,1.0,0.0,0.0,False,False,1.0068271698186462,1.0170734897113791,-0.0865463796488441,-0.1149304575594595,NSE,False,NSE validated,False,,
2026-10-01,IVALUE,INE056801025,219.28,219.28,79846155.76174605,438.56,0.2626210164146341,0.0300674900317683,0.1940953700554999,0.1549109080920931,0.150337846290481,0.0200325825586595,0.0214103992318545,0.0294917864127227,0.040060695322236,0.0214103992318545,0.4328917111812554,0.0449471338310168,0.4328917111812554,0.4052031516915441,0.0657156159198268,0.1578542883492161,0.1940953700554999,0.0300674900317683,0.1578542883492161,0.4328917111812554,False,,,N100_drop0.50_s0.20_c0.05,1.0,0.0,0.0,False,False,1.0068271698186462,1.0170734897113791,-0.0865463796488441,-0.1149304575594595,NSE,False,NSE validated,False,,
2026-10-01,PFS,INE560K01014,28.81,28.81,34684244.24031746,57.62,0.2625941833087236,0.0300626684284289,0.1653952439112694,0.1817625931526595,0.1812874771116321,0.0311071326419049,0.0214061801933041,0.0294875165165413,0.0400562439338752,0.0214061801933041,0.4365341215625296,0.0499000760504248,0.4365341215625296,0.3839873914852998,0.0846786435960973,0.1578542883492161,0.1653952439112694,0.0300626684284289,0.1578542883492161,0.4365341215625296,False,,,N100_drop0.50_s0.20_c0.05,1.0,0.0,0.0,False,False,1.0068271698186462,1.0170734897113791,-0.0865463796488441,-0.1149304575594595,NSE,False,NSE validated,False,,
2026-10-01,CONCOR,INE111A01025,442.0,442.0,948063956.5873016,884.0,0.2623834706836951,0.0300248207854983,0.1620215312657714,0.1853137700337322,0.1513563442240396,0.059986792181489,0.0213730680365138,0.0294510405164029,0.0400212948787347,0.0213730680365138,0.4344341048558851,0.0495751437839792,0.4344341048558851,0.4104550575548679,0.0622074931946991,0.1578542883492161,0.1620215312657714,0.0300248207854983,0.1578542883492161,0.4344341048558851,False,,,N100_drop0.50_s0.20_c0.05,1.0,0.0,0.0,False,False,1.0068271698186462,1.0170734897113791,-0.0865463796488441,-0.1149304575594595,NSE,False,NSE validated,False,,
2026-10-01,VEEDOL,INE484C01030,1356.6,1356.6,17362779.119047616,2713.2,0.2621618282794449,0.0299850386952684,0.1602464733122956,0.1871182440117244,0.1518441499994654,0.0502559700828799,0.0213387527041194,0.0294079207043482,0.0399845452616813,0.0213387527041194,0.4423506800649693,0.0397315461278687,0.4423506800649693,0.4113060572755989,0.0614083540722318,0.1578542883492161,0.1602464733122956,0.0299850386952684,0.1578542883492161,0.4423506800649693,False,,,N100_drop0.50_s0.20_c0.05,1.0,0.0,0.0,False,False,1.0068271698186462,1.0170734897113791,-0.0865463796488441,-0.1149304575594595,NSE,False,NSE validated,False,,
2026-10-01,MAITHANALL,INE683C01011,927.0,927.0,82135732.53571428,1854.0,0.2621264829270134,0.0299786973603807,0.1717266394500971,0.1745722006578507,0.1595859999159143,0.0789114135283336,0.0213346912188035,0.0294010479541276,0.0399786859555604,0.0213346912188035,0.4312204220554019,0.0503621856528771,0.4312204220554019,0.3931116495167213,0.0754954006568155,0.1578542883492161,0.1717266394500971,0.0299786973603807,0.1578542883492161,0.4312204220554019,False,,,N100_drop0.50_s0.20_c0.05,1.0,0.0,0.0,False,False,1.0068271698186462,1.0170734897113791,-0.0865463796488441,-0.1149304575594595,NSE,False,NSE validated,False,,
2026-10-01,IRCON,INE962Y01021,110.25,110.25,341356386.274127,220.5,0.2621011348678108,0.0299741501078713,0.2535046389111971,0.1182390595951632,0.1626907425748367,0.0133985996275448,0.0213317787604482,0.0293961197392115,0.0399744841276757,0.0213317787604482,0.4059266316593647,0.0723429717615755,0.4059266316593647,0.4012676683243683,0.0703192357314623,0.1578542883492161,0.2535046389111971,0.0299741501078713,0.1578542883492161,0.4059266316593647,False,,,N100_drop0.50_s0.20_c0.05,1.0,0.0,0.0,False,False,1.0068271698186462,1.0170734897113791,-0.0865463796488441,-0.1149304575594595,NSE,False,NSE validated,False,,
2026-10-01,TATAINVEST,INE672A01026,615.05,615.05,686615979.8039683,1230.1,0.262098441727473,0.0299736670012297,0.2426320569700036,0.1235354774449089,0.171036639465752,0.0857989762190083,0.0213314693345621,0.0293955961637588,0.0399740377081922,0.0213314693345621,0.3618792293387932,0.1018006831849232,0.3618792293387932,0.3371551032404273,0.1183512668795629,0.1130612244897959,0.2426320569700036,0.0299736670012297,0.1130612244897959,0.3618792293387932,False,,,N100_drop0.50_s0.20_c0.05,1.0,0.0,0.0,False,False,1.0068271698186462,1.0170734897113791,-0.0865463796488441,-0.1149304575594595,NSE,False,NSE validated,False,,
2026-10-01,IIFL,INE530B01024,583.8,583.8,1528332635.390476,1167.6,0.2619929407405711,0.0299547452169551,0.1596636955504044,0.1876114987423595,0.1639355572662746,0.029505883632303,0.0213193497640115,0.0293750901252432,0.0399565511453492,0.0213193497640115,0.4715528527860537,0.0332212149097279,0.4715528527860537,0.4201643029162275,0.0569738143736286,0.1578542883492161,0.1596636955504044,0.0299547452169551,0.1578542883492161,0.4715528527860537,False,,,N100_drop0.50_s0.20_c0.05,1.0,0.0,0.0,False,False,1.0068271698186462,1.0170734897113791,-0.0865463796488441,-0.1149304575594595,NSE,False,NSE validated,False,,
2026-10-01,GRMOVER,INE192H01020,77.87,77.87,97279032.90603174,155.74,0.2616568494729941,0.0298945110961464,0.1960142542999352,0.1525119242114032,0.1849289581371518,0.1048320387941693,0.0212807650997954,0.0293098229916529,0.0399006591229349,0.0212807650997954,0.5246307849120706,0.1124317525631418,0.5246307849120706,0.4465708606342058,0.0936221919368911,0.1648675171736997,0.1960142542999352,0.0298945110961464,0.1648675171736997,0.5246307849120706,False,,,N100_drop0.50_s0.20_c0.05,1.0,0.0,0.0,False,False,1.0068271698186462,1.0170734897113791,-0.0865463796488441,-0.1149304575594595,NSE,False,NSE validated,False,,
2026-10-01,TIMETECHNO,INE508G01029,179.68,179.68,670734697.7131746,359.36,0.2616397410600056,0.029891446742306,0.1651037525241708,0.1810464407096377,0.1600278067708329,0.0694038860718253,0.0212788019714378,0.0293065030024253,0.0398978124774328,0.0212788019714378,0.4425613820084555,0.0449533461239831,0.4425613820084555,0.3999086714704967,0.0710730539975873,0.1578542883492161,0.1651037525241708,0.029891446742306,0.1578542883492161,0.4425613820084555,False,,,N100_drop0.50_s0.20_c0.05,1.0,0.0,0.0,False,False,1.0068271698186462,1.0170734897113791,-0.0865463796488441,-0.1149304575594595,NSE,False,NSE validated,False,,
2026-10-01,HBLENGINE,INE292B01021,779.35,779.35,1118882286.688889,1558.7,0.2615489272160565,0.0298751836554285,0.2074877909592991,0.1439852606136659,0.1810767769774083,0.090433560566985,0.0212683830137936,0.0292888838837278,0.0398827033673564,0.0212683830137936,0.4174817249346979,0.0718037501337591,0.4174817249346979,0.357736078934588,0.1059246231304624,0.1428571428571428,0.2074877909592991,0.0298751836554285,0.1428571428571428,0.4174817249346979,False,,,N100_drop0.50_s0.20_c0.05,1.0,0.0,0.0,False,False,1.0068271698186462,1.0170734897113791,-0.0865463796488441,-0.1149304575594595,NSE,False,NSE validated,False,,
2026-10-01,LTFOODS,INE818H01020,399.15,399.15,578893014.3007938,798.3,0.2614249002852116,0.0298529806830088,0.1440927040244359,0.2071789885901941,0.1512726760753157,0.0583054215561882,0.0212541579139386,0.0292648314327054,0.0398620719286585,0.0212541579139386,0.4780205677299703,0.0215884428106621,0.4780205677299703,0.4053825837760414,0.0781767686415071,0.1578542883492161,0.1440927040244359,0.0298529806830088,0.1578542883492161,0.4780205677299703,False,,,N100_drop0.50_s0.20_c0.05,1.0,0.0,0.0,False,False,1.0068271698186462,1.0170734897113791,-0.0865463796488441,-0.1149304575594595,NSE,False,NSE validated,False,,
2026-10-01,BELRISE,INE894V01022,237.5,237.5,1012164352.3785714,475.0,0.2613775641398082,0.0298445091162454,0.1234714649049742,0.2417117925928412,0.1744156571375521,0.0276855412955946,0.0212487300840575,0.0292556547515079,0.0398541987891013,0.0212487300840575,0.5103345655102105,0.0039368757230946,0.5103345655102105,0.4507076240710628,0.0365921013470503,0.1648675171736997,0.1234714649049742,0.0298445091162454,0.1648675171736997,0.5103345655102105,False,,,N100_drop0.50_s0.20_c0.05,1.0,0.0,0.0,False,False,1.0068271698186462,1.0170734897113791,-0.0865463796488441,-0.1149304575594595,NSE,False,NSE validated,False,,
2026-10-01,BBTC,INE050A01025,1334.2,1334.2,502269322.2761906,2668.4,0.2609885467515394,0.0297749388851429,0.2246892930893142,0.1325160557308236,0.1508293344123428,0.0207536550133066,0.0211949798499036,0.0291803056050591,0.0397895179985716,0.0211949798499036,0.4099805051809205,0.0553216129908627,0.4099805051809205,0.4073616406279864,0.0725774805705518,0.1578542883492161,0.2246892930893142,0.0297749388851429,0.1578542883492161,0.4099805051809205,False,,,N100_drop0.50_s0.20_c0.05,1.0,0.0,0.0,False,False,1.0068271698186462,1.0170734897113791,-0.0865463796488441,-0.1149304575594595,NSE,False,NSE validated,False,,
2026-10-01,SCI,INE109A01011,267.05,267.05,659475418.9825397,534.1,0.2604946492619876,0.0296867424626774,0.1526194460852464,0.1945148093781954,0.1547524155560029,0.039748511934835,0.0211244926820296,0.0290848129123805,0.0397074559343103,0.0211244926820296,0.4621848419116955,0.0339490665703594,0.4621848419116955,0.4350449501000633,0.0455255404723855,0.1578542883492161,0.1526194460852464,0.0296867424626774,0.1578542883492161,0.4621848419116955,False,,,N100_drop0.50_s0.20_c0.05,1.0,0.0,0.0,False,False,1.0068271698186462,1.0170734897113791,-0.0865463796488441,-0.1149304575594595,NSE,False,NSE validated,False,,
2026-10-01,PREMIERENE,INE0BS701011,878.05,878.05,1212961011.369841,1756.1,0.2601386482339887,0.0296232606948192,0.1721892761495203,0.1720389408519023,0.1559113600866387,0.1035859344462648,0.0210542045173447,0.0290161001532777,0.039648345000877,0.0210542045173447,0.4494464098437579,0.0384035038131677,0.4494464098437579,0.4088614404424195,0.0653712813522815,0.1578542883492161,0.1721892761495203,0.0296232606948192,0.1578542883492161,0.4494464098437579,False,,,N100_drop0.50_s0.20_c0.05,1.0,0.0,0.0,False,False,1.0068271698186462,1.0170734897113791,-0.0865463796488441,-0.1149304575594595,NSE,False,NSE validated,False,,
2026-10-01,PRINCEPIPE,INE689W01016,246.9,246.9,52383042.58015873,493.8,0.260086640319871,0.029613993009689,0.1773061804290045,0.1670217752028492,0.1509504053365723,0.0693406186721031,0.0210439501819928,0.0290060702486767,0.0396397122864925,0.0210439501819928,0.4731217526865114,0.0145740611524847,0.4731217526865114,0.4301700635809706,0.0476300794274882,0.1578542883492161,0.1773061804290045,0.029613993009689,0.1578542883492161,0.4731217526865114,False,,,N100_drop0.50_s0.20_c0.05,1.0,0.0,0.0,False,False,1.0068271698186462,1.0170734897113791,-0.0865463796488441,-0.1149304575594595,NSE,False,NSE validated,False,,
2026-10-01,PWL,INE0LP301011,120.17,120.17,1803948213.3457143,240.34,0.2599195961508422,0.0295842370271665,0.2114787397381017,0.1398922514093099,0.1711207871475861,0.0928681518921034,0.0210110384237968,0.0289738694917272,0.0396078623991579,0.0210110384237968,0.4337555905673372,0.0507817244952026,0.4337555905673372,0.4018232198114302,0.0754348085388336,0.1578542883492161,0.2114787397381017,0.0295842370271665,0.1578542883492161,0.4337555905673372,False,,,N100_drop0.50_s0.20_c0.05,1.0,0.0,0.0,False,False,1.0068271698186462,1.0170734897113791,-0.0865463796488441,-0.1149304575594595,NSE,False,NSE validated,False,,
2026-10-01,PRAKASH,INE603A01013,118.69,118.69,62880570.49809524,237.38,0.2594810759600876,0.029506201311174,0.2316429838387664,0.1273779193403571,0.1605688854411362,0.0374351257983678,0.0209248142251603,0.0288894404472343,0.0395040208060539,0.0209248142251603,0.4187768351873105,0.0578631822296817,0.4187768351873105,0.3892088383217753,0.0808105864005172,0.1578542883492161,0.2316429838387664,0.029506201311174,0.1578542883492161,0.4187768351873105,False,,,N100_drop0.50_s0.20_c0.05,1.0,0.0,0.0,False,False,1.0068271698186462,1.0170734897113791,-0.0865463796488441,-0.1149304575594595,NSE,False,NSE validated,False,,
2026-10-01,IPCALAB,INE571A01038,1943.2,1943.2,733314926.536508,3886.4,0.2593365609588529,0.0294805095501851,0.1304332358293921,0.2260199201739186,0.1679354538214082,0.0494652363398695,0.0208964543395133,0.0288616495618469,0.0394694194722886,0.0208964543395133,0.4963410702013172,0.0134131245394451,0.4963410702013172,0.4154791987948288,0.0650192953766995,0.1578542883492161,0.1304332358293921,0.0294805095501851,0.1578542883492161,0.4963410702013172,False,,,N100_drop0.50_s0.20_c0.05,1.0,0.0,0.0,False,False,1.0068271698186462,1.0170734897113791,-0.0865463796488441,-0.1149304575594595,NSE,False,NSE validated,False,,
2026-10-01,CARRARO,INE0V7W01012,518.1,518.1,82484928.40476191,1036.2,0.2591301886185149,0.0294438423330561,0.1557978288674347,0.188987500962605,0.1598565191194686,0.0781405007207822,0.0208588824302769,0.0288219914250765,0.0394200362824613,0.0208588824302769,0.4712381445552562,0.0298212050398928,0.4712381445552562,0.4356990165794469,0.0616420870657786,0.1578542883492161,0.1557978288674347,0.0294438423330561,0.1578542883492161,0.4712381445552562,False,,,N100_drop0.50_s0.20_c0.05,1.0,0.0,0.0,False,False,1.0068271698186462,1.0170734897113791,-0.0865463796488441,-0.1149304575594595,NSE,False,NSE validated,False,,
2026-10-01,SCODATUBES,INE090501011,123.0,123.0,35098343.837460324,246.0,0.2590076598309956,0.0294220839784788,0.2326591525570437,0.1264600324342069,0.1633216934532173,0.0380445791319449,0.0208394111902195,0.0287957078831152,0.0393907321200012,0.0208394111902195,0.4224389060787337,0.0556441425728422,0.4224389060787337,0.389215541164679,0.0805789119464217,0.1578542883492161,0.2326591525570437,0.0294220839784788,0.1578542883492161,0.4224389060787337,False,,,N100_drop0.50_s0.20_c0.05,1.0,0.0,0.0,False,False,1.0068271698186462,1.0170734897113791,-0.0865463796488441,-0.1149304575594595,NSE,False,NSE validated,False,,
2026-10-01,INDGN,INE065X01017,593.5,593.5,343284968.2666666,1187.0,0.2587701274501758,0.0293799289292948,0.1341952213866671,0.2189342409193557,0.1686516154372078,0.0695738703861046,0.0208016983307165,0.0287445092079592,0.0393339573839131,0.0208016983307165,0.5033857089098889,0.0236512290941191,0.5033857089098889,0.4448989030469605,0.0534360557909652,0.1648675171736997,0.1341952213866671,0.0293799289292948,0.1648675171736997,0.5033857089098889,False,,,N100_drop0.50_s0.20_c0.05,1.0,0.0,0.0,False,False,1.0068271698186462,1.0170734897113791,-0.0865463796488441,-0.1149304575594595,NSE,False,NSE validated,False,,
2026-10-01,TRAVELFOOD,INE103V01028,1208.1,1208.1,92532934.43015872,2416.2,0.2587222038524739,0.029371427946334,0.1478759532913864,0.1986220700025397,0.1567599483390454,0.0136601449424332,0.0207940949329183,0.0287341865764232,0.0393225081492844,0.0207940949329183,0.4603297730784728,0.0290009407623316,0.4603297730784728,0.3903812679336398,0.083676964184098,0.1578542883492161,0.1478759532913864,0.029371427946334,0.1578542883492161,0.4603297730784728,False,,,N100_drop0.50_s0.20_c0.05,1.0,0.0,0.0,False,False,1.0068271698186462,1.0170734897113791,-0.0865463796488441,-0.1149304575594595,NSE,False,NSE validated,False,,
2026-10-01,MAHLIFE,INE813A01018,351.15,351.15,80594791.95714286,702.3,0.2586564516361098,0.0293597666271835,0.1340442787601243,0.2190303599583207,0.158253617857261,0.03249273276571,0.0207836658552068,0.028720027531117,0.0393068025070524,0.0207836658552068,0.469840627812772,0.0201186525910262,0.469840627812772,0.4070456305407471,0.0661555233660397,0.1578542883492161,0.1340442787601243,0.0293597666271835,0.1578542883492161,0.469840627812772,False,,,N100_drop0.50_s0.20_c0.05,1.0,0.0,0.0,False,False,1.0068271698186462,1.0170734897113791,-0.0865463796488441,-0.1149304575594595,NSE,False,NSE validated,False,,
2026-10-01,NDRAUTO,INE07OG01012,715.85,715.85,18816648.88730159,1431.7,0.2585043866040076,0.0293328073237903,0.2024207947667324,0.144910049175497,0.1634918949816151,0.0436789472817513,0.0207595596100679,0.0286872988959765,0.0392704931933373,0.0207595596100679,0.443031235562972,0.0419210484626748,0.443031235562972,0.4029971323150217,0.0688746793973021,0.1578542883492161,0.2024207947667324,0.0293328073237903,0.1578542883492161,0.443031235562972,False,,,N100_drop0.50_s0.20_c0.05,1.0,0.0,0.0,False,False,1.0068271698186462,1.0170734897113791,-0.0865463796488441,-0.1149304575594595,NSE,False,NSE validated,False,,
2026-10-01,VAIBHAVGBL,INE884A01027,203.53,203.53,109305886.98857144,407.06,0.2577464411884409,0.029198636737637,0.1790555657618133,0.1630702548307163,0.1555072953963907,0.0289993430250802,0.0206396773186908,0.0285296534678812,0.0390897873047597,0.0206396773186908,0.4572341500749945,0.0273313198040697,0.4572341500749945,0.4236206292527045,0.0529913341589556,0.1578542883492161,0.1790555657618133,0.029198636737637,0.1578542883492161,0.4572341500749945,False,,,N100_drop0.50_s0.20_c0.05,1.0,0.0,0.0,False,False,1.0068271698186462,1.0170734897113791,-0.0865463796488441,-0.1149304575594595,NSE,False,NSE validated,False,,
2026-10-01,BAJAJINDEF,INE0O9T01021,208.52,208.52,5302841.537936508,417.04,0.2576261594419979,0.029177375819987,0.233328294931959,0.1250485965643193,0.168000717236766,0.023313212018216,0.0206206942122702,0.0285083217824482,0.0390679020207332,0.0206206942122702,0.4559701995303711,0.040586943667282,0.4559701995303711,0.4303714653600294,0.0528909920794561,0.1578542883492161,0.233328294931959,0.029177375819987,0.1578542883492161,0.4559701995303711,False,,,N100_drop0.50_s0.20_c0.05,1.0,0.0,0.0,False,False,1.0068271698186462,1.0170734897113791,-0.0865463796488441,-0.1149304575594595,NSE,False,NSE validated,False,,
2026-10-01,ONESOURCE,INE013P01021,1508.0,1508.0,482865142.7571429,3016.0,0.2572833441067311,0.029116826866538,0.1580919955977271,0.1841764774772481,0.1735852377164277,0.0775342936351831,0.0205666527501224,0.0284475773906349,0.0390090549473903,0.0205666527501224,0.4427025854430738,0.0563389296054942,0.4427025854430738,0.3961328898984771,0.0750848898207574,0.1578542883492161,0.1580919955977271,0.029116826866538,0.1578542883492161,0.4427025854430738,False,,,N100_drop0.50_s0.20_c0.05,1.0,0.0,0.0,False,False,1.0068271698186462,1.0170734897113791,-0.0865463796488441,-0.1149304575594595,NSE,False,NSE validated,False,,
2026-10-01,ELECTCAST,INE086A01029,74.54,74.54,183883240.1506349,149.08,0.2571748944135429,0.0290976866263474,0.1949005070222904,0.1492950791709308,0.1589873195287414,0.0680448799494495,0.0205495759267156,0.0284283772496819,0.038990445810304,0.0205495759267156,0.4611808144636272,0.0262484560543578,0.4611808144636272,0.4113541576205703,0.0646960607217939,0.1578542883492161,0.1949005070222904,0.0290976866263474,0.1578542883492161,0.4611808144636272,False,,,N100_drop0.50_s0.20_c0.05,1.0,0.0,0.0,False,False,1.0068271698186462,1.0170734897113791,-0.0865463796488441,-0.1149304575594595,NSE,False,NSE validated,False,,
2026-10-01,COHANCE,INE03QK01018,451.3,451.3,496819063.6460317,902.6,0.2571091732770963,0.0290860909046524,0.2347628101598029,0.1238956497617895,0.1722718795812007,0.0962194874802104,0.0205392317620252,0.0284167456777472,0.0389791702363781,0.0205392317620252,0.4464272040252533,0.0811251336155223,0.4464272040252533,0.4165338768311979,0.0965404210824681,0.1578542883492161,0.2347628101598029,0.0290860909046524,0.1578542883492161,0.4464272040252533,False,,,N100_drop0.50_s0.20_c0.05,1.0,0.0,0.0,False,False,1.0068271698186462,1.0170734897113791,-0.0865463796488441,-0.1149304575594595,NSE,False,NSE validated,False,,
2026-10-01,KFINTECH,INE138Y01010,832.0,832.0,978711830.1007936,1664.0,0.2570626038632709,0.0290778758200733,0.195868738736398,0.1484559302707647,0.1539671233052509,0.0544303408964357,0.0205319040285727,0.0284085053954592,0.0389711812274432,0.0205319040285727,0.4057286503932388,0.0629986961046311,0.4057286503932388,0.3975729747947933,0.0762028046450613,0.1578542883492161,0.195868738736398,0.0290778758200733,0.1578542883492161,0.4057286503932388,False,,,N100_drop0.50_s0.20_c0.05,1.0,0.0,0.0,False,False,1.0068271698186462,1.0170734897113791,-0.0865463796488441,-0.1149304575594595,NSE,False,NSE validated,False,,
2026-10-01,NUVOCO,INE118D01016,322.1,322.1,612641754.0198413,644.2,0.2570534396815978,0.0290762593616802,0.1954503819416827,0.1487654261548379,0.1565658717601174,0.0926274171433477,0.0205304622376401,0.0284068839985853,0.0389696091814373,0.0205304622376401,0.4317564175659849,0.046210065220131,0.4317564175659849,0.4031778505616263,0.0676159904341071,0.1578542883492161,0.1954503819416827,0.0290762593616802,0.1578542883492161,0.4317564175659849,False,,,N100_drop0.50_s0.20_c0.05,1.0,0.0,0.0,False,False,1.0068271698186462,1.0170734897113791,-0.0865463796488441,-0.1149304575594595,NSE,False,NSE validated,False,,
2026-10-01,GODFRYPHLP,INE260B01028,1849.7,1849.7,705283031.773016,3699.4,0.2568675367312459,0.0290434788570367,0.2243967864927528,0.1294291211161117,0.1712303650966448,0.010071614286165,0.020501228532429,0.0283783771993609,0.0389377242231977,0.020501228532429,0.3798847049173356,0.0784055602698786,0.3798847049173356,0.3851587184821595,0.0976719934637576,0.1578542883492161,0.2243967864927528,0.0290434788570367,0.1578542883492161,0.3798847049173356,False,,,N100_drop0.50_s0.20_c0.05,1.0,0.0,0.0,False,False,1.0068271698186462,1.0170734897113791,-0.0865463796488441,-0.1149304575594595,NSE,False,NSE validated,False,,
2026-10-01,INSECTICID,INE070I01018,568.7,568.7,16482539.652380953,1137.4,0.2564918871824311,0.0289773021868454,0.1830501208932679,0.1583025569469109,0.1704518185056293,0.0175383796954424,0.0204422392818801,0.0283119957704663,0.0388671112923168,0.0204422392818801,0.4680238564638197,0.028368770137761,0.4680238564638197,0.4445479034104253,0.0387121678873431,0.1648675171736997,0.1830501208932679,0.0289773021868454,0.1648675171736997,0.4680238564638197,False,,,N100_drop0.50_s0.20_c0.05,1.0,0.0,0.0,False,False,1.0068271698186462,1.0170734897113791,-0.0865463796488441,-0.1149304575594595,NSE,False,NSE validated,False,,
2026-10-01,ACCELYA,INE793A01012,1094.2,1094.2,7892736.793650794,2188.4,0.2559727645526196,0.028885987009659,0.1529214686624171,0.1888942557400262,0.1728880920788055,0.0769102607092228,0.020360901648407,0.0282156975354602,0.0387525198013246,0.020360901648407,0.4522993295899418,0.0387501971192197,0.4522993295899418,0.3847788702977451,0.0893608243507489,0.1578542883492161,0.1529214686624171,0.028885987009659,0.1578542883492161,0.4522993295899418,False,,,N100_drop0.50_s0.20_c0.05,1.0,0.0,0.0,False,False,1.0068271698186462,1.0170734897113791,-0.0865463796488441,-0.1149304575594595,NSE,False,NSE validated,False,,
2026-10-01,DATAMATICS,INE365B01017,790.3,790.3,122313170.83571428,1580.6,0.2559222165433809,0.0288771039257808,0.1636416043340152,0.1764655390864947,0.1740996358273636,0.06539102731392,0.0203529928824315,0.0282063316301691,0.0387413710632813,0.0203529928824315,0.4537728510157925,0.036235192397571,0.4537728510157925,0.4175374668537073,0.0697225985568584,0.1578542883492161,0.1636416043340152,0.0288771039257808,0.1578542883492161,0.4537728510157925,False,,,N100_drop0.50_s0.20_c0.05,1.0,0.0,0.0,False,False,1.0068271698186462,1.0170734897113791,-0.0865463796488441,-0.1149304575594595,NSE,False,NSE validated,False,,
2026-10-01,MEDPLUS,INE804L01022,654.3,654.3,138159797.29999998,1308.6,0.255306781782446,0.0287690703676214,0.1901051550637974,0.1513324052573264,0.1552186364708496,0.0462602731415169,0.0202568614217752,0.0281078721813245,0.0386031298258113,0.0202568614217752,0.3993084723761744,0.0805446827969267,0.3993084723761744,0.40010195905616,0.0701785548519541,0.1578542883492161,0.1901051550637974,0.0287690703676214,0.1578542883492161,0.3993084723761744,False,,,N100_drop0.50_s0.20_c0.05,1.0,0.0,0.0,False,False,1.0068271698186462,1.0170734897113791,-0.0865463796488441,-0.1149304575594595,NSE,False,NSE validated,False,,
2026-10-01,TITAGARH,INE615H01020,805.1,805.1,406458673.9746031,1610.2,0.2550894877123644,0.0287309795440283,0.1529181590553213,0.1878846810707049,0.1747834173102436,0.0704478244945456,0.0202233048508249,0.0280750658791166,0.0385543502477798,0.0202233048508249,0.4607635967461066,0.0351384097789627,0.4607635967461066,0.4175082815035424,0.0635917279618154,0.1578542883492161,0.1529181590553213,0.0287309795440283,0.1578542883492161,0.4607635967461066,False,,,N100_drop0.50_s0.20_c0.05,1.0,0.0,0.0,False,False,1.0068271698186462,1.0170734897113791,-0.0865463796488441,-0.1149304575594595,NSE,False,NSE validated,False,,
2026-10-01,ROSSARI,INE02A801020,427.55,427.55,38616695.24285714,855.1,0.2547525846898695,0.0286719763728376,0.2076036341438004,0.1381092218885602,0.1520589519248066,0.0125019289528456,0.0201720449849418,0.0280170514937822,0.038478783245477,0.0201720449849418,0.4398492406024483,0.0396365123144982,0.4398492406024483,0.4067092592871109,0.0650974680841012,0.1578542883492161,0.2076036341438004,0.0286719763728376,0.1578542883492161,0.4398492406024483,False,,,N100_drop0.50_s0.20_c0.05,1.0,0.0,0.0,False,False,1.0068271698186462,1.0170734897113791,-0.0865463796488441,-0.1149304575594595,NSE,False,NSE validated,False,,
2026-10-01,JUBLINGREA,INE0BY001018,638.0,638.0,300889088.52698416,1276.0,0.2546667597597232,0.0286569561214818,0.1530045384543144,0.1872948110623431,0.1577559033901865,0.0582076032223227,0.0201589999785808,0.0280008721957922,0.0384574303708466,0.0201589999785808,0.4856526842848371,0.012269482746486,0.4856526842848371,0.4214375086624681,0.0546449199725941,0.1578542883492161,0.1530045384543144,0.0286569561214818,0.1578542883492161,0.4856526842848371,False,,,N100_drop0.50_s0.20_c0.05,1.0,0.0,0.0,False,False,1.0068271698186462,1.0170734897113791,-0.0865463796488441,-0.1149304575594595,NSE,False,NSE validated,False,,
2026-10-01,IIFLCAPS,INE489L01022,345.6,345.6,139565261.27619046,691.2,0.2545667189706811,0.0286394533829276,0.1351776673632707,0.2118652728779761,0.17769034868091,0.0318003100070959,0.0201438010239206,0.0279820203174787,0.0384319957125702,0.0201438010239206,0.4535733474344955,0.03894238632004,0.4535733474344955,0.3777161349229641,0.0886675851458467,0.1578542883492161,0.1351776673632707,0.0286394533829276,0.1578542883492161,0.4535733474344955,False,,,N100_drop0.50_s0.20_c0.05,1.0,0.0,0.0,False,False,1.0068271698186462,1.0170734897113791,-0.0865463796488441,-0.1149304575594595,NSE,False,NSE validated,False,,
2026-10-01,JUNIPER,INE696F01016,214.99,214.99,50259230.88793651,429.98,0.2542567291761913,0.0285852559358467,0.1700895540189172,0.1680600322619899,0.1582311553541527,0.0582430142249975,0.020096751470399,0.0279253247124393,0.0383532438775461,0.020096751470399,0.4327926297899711,0.0467881274924732,0.4327926297899711,0.3878262509540994,0.0789954262202907,0.1578542883492161,0.1700895540189172,0.0285852559358467,0.1578542883492161,0.4327926297899711,False,,,N100_drop0.50_s0.20_c0.05,1.0,0.0,0.0,False,False,1.0068271698186462,1.0170734897113791,-0.0865463796488441,-0.1149304575594595,NSE,False,NSE validated,False,,
2026-10-01,NATIONALUM,INE139A01034,334.9,334.9,2448107878.7222223,669.8,0.2541727678259516,0.0285705861082254,0.1954834639149789,0.1461534675927963,0.1568690943862581,0.101868472583935,0.0200840200840769,0.0279111390322852,0.0383319296173718,0.0200840200840769,0.4719334036076113,0.0187208158275652,0.4719334036076113,0.4413215757864215,0.0529122293765818,0.1578542883492161,0.1954834639149789,0.0285705861082254,0.1578542883492161,0.4719334036076113,False,,,N100_drop0.50_s0.20_c0.05,1.0,0.0,0.0,False,False,1.0068271698186462,1.0170734897113791,-0.0865463796488441,-0.1149304575594595,NSE,False,NSE validated,False,,
2026-10-01,AWFIS,INE108V01019,235.26,235.26,202844012.4795238,470.52,0.2540574417117007,0.0285504428988085,0.312979498102103,0.0912214476409395,0.1573445448982497,0.0668318472712378,0.0200665411235435,0.0278944358667938,0.0383026641549785,0.0200665411235435,0.3647409895129336,0.0933649039489047,0.3647409895129336,0.4006014177155921,0.1018358811139014,0.1578542883492161,0.312979498102103,0.0285504428988085,0.1578542883492161,0.3647409895129336,False,,,N100_drop0.50_s0.20_c0.05,1.0,0.0,0.0,False,False,1.0068271698186462,1.0170734897113791,-0.0865463796488441,-0.1149304575594595,NSE,False,NSE validated,False,,
2026-10-01,GODAVARIB,INE497S01012,227.18,227.18,107491126.45111112,454.36,0.2540384774935558,0.0285471312939143,0.2470611816180902,0.1155468095268918,0.1629397765000751,0.0139936561633713,0.020063667813584,0.027891898673028,0.0382978529623423,0.020063667813584,0.4025389862344275,0.0834118606963214,0.4025389862344275,0.3756315409322552,0.0878534294950451,0.1578542883492161,0.2470611816180902,0.0285471312939143,0.1578542883492161,0.4025389862344275,False,,,N100_drop0.50_s0.20_c0.05,1.0,0.0,0.0,False,False,1.0068271698186462,1.0170734897113791,-0.0865463796488441,-0.1149304575594595,NSE,False,NSE validated,False,,
2026-10-01,BMWVENTLTD,INE965W01036,50.83,50.83,5036444.065873017,101.66,0.2538272135149801,0.0285102537493996,0.2023104783066313,0.1409232679791711,0.1706792608664583,0.045652359547584,0.0200316764847476,0.0278636410103036,0.0382442788727766,0.0200316764847476,0.4605780597917842,0.0260024571756945,0.4605780597917842,0.4089456438288257,0.065741583499606,0.1578542883492161,0.2023104783066313,0.0285102537493996,0.1578542883492161,0.4605780597917842,False,,,N100_drop0.50_s0.20_c0.05,1.0,0.0,0.0,False,False,1.0068271698186462,1.0170734897113791,-0.0865463796488441,-0.1149304575594595,NSE,False,NSE validated,False,,
2026-10-01,HGS,INE170I01016,367.05,367.05,21041749.124603167,734.1,0.2537413948162954,0.0284952809533082,0.1771676339117046,0.1608379607728434,0.1525445184170584,0.0087235279676538,0.0200186904047565,0.0278521659895106,0.0382225284329526,0.0200186904047565,0.4546527204680323,0.0271232748813636,0.4546527204680323,0.4057565709056849,0.0690566396037801,0.1578542883492161,0.1771676339117046,0.0284952809533082,0.1578542883492161,0.4546527204680323,False,,,N100_drop0.50_s0.20_c0.05,1.0,0.0,0.0,False,False,1.0068271698186462,1.0170734897113791,-0.0865463796488441,-0.1149304575594595,NSE,False,NSE validated,False,,
2026-10-01,JKPAPER,INE789E01012,382.6,382.6,278797805.53253967,765.2,0.2534662392697714,0.0284473034813234,0.1452698610593787,0.1958238499980095,0.1662136931727504,0.0950996731534948,0.0199770900615921,0.0278111250800455,0.0381528386931102,0.0199770900615921,0.4872793513014564,0.0251855706075885,0.4872793513014564,0.428834262041993,0.0595353163048451,0.1578542883492161,0.1452698610593787,0.0284473034813234,0.1578542883492161,0.4872793513014564,False,,,N100_drop0.50_s0.20_c0.05,1.0,0.0,0.0,False,False,1.0068271698186462,1.0170734897113791,-0.0865463796488441,-0.1149304575594595,NSE,False,NSE validated,False,,
2026-10-01,FEDFINA,INE007N01010,149.77,149.77,212237051.2304762,299.54,0.2532805922800267,0.0284149580725629,0.1460684902446069,0.1945317434648577,0.1591795133962101,0.0682673255833362,0.0199490535152763,0.0277774006859515,0.0381058599796455,0.0199490535152763,0.4682224381497604,0.0231567885774349,0.4682224381497604,0.4290753251783534,0.0558866135863083,0.1578542883492161,0.1460684902446069,0.0284149580725629,0.1578542883492161,0.4682224381497604,False,,,N100_drop0.50_s0.20_c0.05,1.0,0.0,0.0,False,False,1.0068271698186462,1.0170734897113791,-0.0865463796488441,-0.1149304575594595,NSE,False,NSE validated,False,,
2026-10-01,SUPRAJIT,INE399C01030,481.05,481.05,66260384.23650794,962.1,0.2531139447443103,0.0283859400372892,0.1257070721730986,0.2258102073859598,0.1632619278991266,0.0331246157054525,0.0199239076311194,0.027747148512967,0.0380637171626151,0.0199239076311194,0.475870650258759,0.0181744667424013,0.475870650258759,0.4094544516731743,0.0644049682404122,0.1578542883492161,0.1257070721730986,0.0283859400372892,0.1578542883492161,0.475870650258759,False,,,N100_drop0.50_s0.20_c0.05,1.0,0.0,0.0,False,False,1.0068271698186462,1.0170734897113791,-0.0865463796488441,-0.1149304575594595,NSE,False,NSE validated,False,,
2026-10-01,HOMEFIRST,INE481N01025,1125.7,1125.7,246166936.7380952,2251.4,0.2526332509545098,0.0283023281665094,0.142864494198479,0.1981061027464919,0.1694793845489316,0.0494966087365697,0.0198514875228451,0.0276599964667894,0.0379423047938648,0.0198514875228451,0.4765078874166672,0.0195510551074155,0.4765078874166672,0.4156512821146709,0.061404983090029,0.1578542883492161,0.142864494198479,0.0283023281665094,0.1578542883492161,0.4765078874166672,False,,,N100_drop0.50_s0.20_c0.05,1.0,0.0,0.0,False,False,1.0068271698186462,1.0170734897113791,-0.0865463796488441,-0.1149304575594595,NSE,False,NSE validated,False,,
2026-10-01,GOKEX,INE887G01027,688.75,688.75,219060535.1777778,1377.5,0.2525408964666606,0.0282862794034319,0.1922360447492143,0.1471434737451733,0.1577111157412773,0.0775764676345896,0.0198375928366209,0.0276432708828106,0.037919003349308,0.0198375928366209,0.4555814075311216,0.0301513795229109,0.4555814075311216,0.4141236221460427,0.0664109306607474,0.1578542883492161,0.1922360447492143,0.0282862794034319,0.1578542883492161,0.4555814075311216,False,,,N100_drop0.50_s0.20_c0.05,1.0,0.0,0.0,False,False,1.0068271698186462,1.0170734897113791,-0.0865463796488441,-0.1149304575594595,NSE,False,NSE validated,False,,
2026-10-01,SALZERELEC,INE457F01013,530.9,530.9,27345097.6515873,1061.8,0.2525303886648484,0.0282844537396882,0.1942399302127045,0.1456160620976083,0.1625309438609646,0.0062701922850322,0.0198360123350875,0.0276413682807507,0.0379163526990951,0.0198360123350875,0.440831970728287,0.0429851380487318,0.440831970728287,0.3780207755972892,0.0879178302965811,0.1578542883492161,0.1942399302127045,0.0282844537396882,0.1578542883492161,0.440831970728287,False,,,N100_drop0.50_s0.20_c0.05,1.0,0.0,0.0,False,False,1.0068271698186462,1.0170734897113791,-0.0865463796488441,-0.1149304575594595,NSE,False,NSE validated,False,,
2026-10-01,SPIC,INE147A01011,62.23,62.23,25532171.097301584,124.46,0.2521663555386894,0.0282212448647559,0.1901594942363554,0.1484082873594457,0.156189129404866,0.0687368442105403,0.0197813067276184,0.0275824230105648,0.0378245882352172,0.0197813067276184,0.4191082712700524,0.0557253431531345,0.4191082712700524,0.3783164263997918,0.0857203440003002,0.1578542883492161,0.1901594942363554,0.0282212448647559,0.1578542883492161,0.4191082712700524,False,,,N100_drop0.50_s0.20_c0.05,1.0,0.0,0.0,False,False,1.0068271698186462,1.0170734897113791,-0.0865463796488441,-0.1149304575594595,NSE,False,NSE validated,False,,
2026-10-01,METROPOLIS,INE112L01020,537.9,537.9,154916833.26984128,1075.8,0.2521623778794308,0.0282205546286858,0.1404525491133155,0.2009258985105202,0.1618895890108179,0.0821462449096148,0.0197807095093411,0.0275818395013754,0.0378235862540991,0.0197807095093411,0.4883623588909797,0.0166636339839937,0.4883623588909797,0.4335484472901596,0.0527594253171055,0.1578542883492161,0.1404525491133155,0.0282205546286858,0.1578542883492161,0.4883623588909797,False,,,N100_drop0.50_s0.20_c0.05,1.0,0.0,0.0,False,False,1.0068271698186462,1.0170734897113791,-0.0865463796488441,-0.1149304575594595,NSE,False,NSE validated,False,,
2026-10-01,WEL,INE02WG01024,71.7,71.7,472913695.6036508,143.4,0.2520838250076949,0.0282069253695011,0.2186193953445622,0.1290229776962135,0.1776075677984279,0.0228800086686647,0.0197689176810267,0.0275703172707963,0.0378038016949748,0.0197689176810267,0.4699382112680401,0.1244459498786368,0.4699382112680401,0.4936569413825788,0.0791169606302857,0.1732057416267942,0.2186193953445622,0.0282069253695011,0.1732057416267942,0.4699382112680401,False,,,N100_drop0.50_s0.20_c0.05,1.0,0.0,0.0,False,False,1.0068271698186462,1.0170734897113791,-0.0865463796488441,-0.1149304575594595,NSE,False,NSE validated,False,,
2026-10-01,CHOICEIN,INE102B01014,719.4,719.4,539215414.102381,1438.8,0.2519166285156657,0.0281779279726828,0.1433682961155953,0.1965422533163364,0.1582047218169947,0.0427166551521294,0.0197438341394112,0.0275458003568159,0.0377617106197724,0.0197438341394112,0.4677785193474286,0.0264826502774938,0.4677785193474286,0.4217253442428426,0.0544037329112239,0.1578542883492161,0.1433682961155953,0.0281779279726828,0.1578542883492161,0.4677785193474286,False,,,N100_drop0.50_s0.20_c0.05,1.0,0.0,0.0,False,False,1.0068271698186462,1.0170734897113791,-0.0865463796488441,-0.1149304575594595,NSE,False,NSE validated,False,,
2026-10-01,KANSAINER,INE531A01024,175.27,175.27,57581069.70142857,350.54,0.251802342257047,0.0281581162796122,0.2007253922192894,0.1402817848219719,0.1543946338811511,0.0248820534707722,0.0197267000570653,0.0275252106019928,0.0377329547770708,0.0197267000570653,0.427712232672147,0.0506440593161941,0.427712232672147,0.391358675657333,0.0765415855727234,0.1578542883492161,0.2007253922192894,0.0281581162796122,0.1578542883492161,0.427712232672147,False,,,N100_drop0.50_s0.20_c0.05,1.0,0.0,0.0,False,False,1.0068271698186462,1.0170734897113791,-0.0865463796488441,-0.1149304575594595,NSE,False,NSE validated,False,,
2026-10-01,AVANTEL,INE005B01027,150.28,150.28,344109080.3061905,300.56,0.2514823211404468,0.028102680386848,0.1859285469523193,0.1511477438376091,0.1635166562250169,0.0561767174653383,0.019678771926706,0.0274664566241029,0.0376524994828311,0.019678771926706,0.4433129422241963,0.0398988005344994,0.4433129422241963,0.4120713744333,0.0700178738285029,0.1578542883492161,0.1859285469523193,0.028102680386848,0.1578542883492161,0.4433129422241963,False,,,N100_drop0.50_s0.20_c0.05,1.0,0.0,0.0,False,False,1.0068271698186462,1.0170734897113791,-0.0865463796488441,-0.1149304575594595,NSE,False,NSE validated,False,,
2026-10-01,ANANTRAJ,INE242C01024,577.85,577.85,1590933885.665873,1155.7,0.2512930439370542,0.0280699205981524,0.1623166092779389,0.1729331380381883,0.1706065715673842,0.1058978385506174,0.0196504595422977,0.0274317435868739,0.0376049597633394,0.0196504595422977,0.4365120274049822,0.0480634671070894,0.4365120274049822,0.404139152016931,0.0794514715740311,0.1578542883492161,0.1623166092779389,0.0280699205981524,0.1578542883492161,0.4365120274049822,False,,,N100_drop0.50_s0.20_c0.05,1.0,0.0,0.0,False,False,1.0068271698186462,1.0170734897113791,-0.0865463796488441,-0.1149304575594595,NSE,False,NSE validated,False,,
2026-10-01,KPRMILL,INE930H01031,1071.0,1071.0,293370841.7825397,2142.0,0.2510921792648159,0.0280351779278104,0.1382473742755638,0.2027899486317105,0.1597921485820716,0.0841943361342598,0.019620442162152,0.0273949355921731,0.0375545468427213,0.019620442162152,0.4884674907545861,0.0116360136893213,0.4884674907545861,0.4370485250027907,0.0460176373453378,0.1578542883492161,0.1382473742755638,0.0280351779278104,0.1578542883492161,0.4884674907545861,False,,,N100_drop0.50_s0.20_c0.05,1.0,0.0,0.0,False,False,1.0068271698186462,1.0170734897113791,-0.0865463796488441,-0.1149304575594595,NSE,False,NSE validated,False,,
2026-10-01,MTNL,INE153A01019,24.66,24.66,41004257.89,49.32,0.2508473221067185,0.0279928576070354,0.218256163989257,0.1282568936216311,0.1621564495158832,0.0363064582220155,0.0195838898561349,0.0273501080425182,0.0374931444275104,0.0195838898561349,0.4249210001240457,0.0537306608198102,0.4249210001240457,0.3998497025490469,0.0760030379609701,0.1578542883492161,0.218256163989257,0.0279928576070354,0.1578542883492161,0.4249210001240457,False,,,N100_drop0.50_s0.20_c0.05,1.0,0.0,0.0,False,False,1.0068271698186462,1.0170734897113791,-0.0865463796488441,-0.1149304575594595,NSE,False,NSE validated,False,,
2026-10-01,TAJGVK,INE586B01026,314.9,314.9,37326293.46111111,629.8,0.2507543922134546,0.0279768049690338,0.1722890631579532,0.1623829421104052,0.1530205301315816,0.0560120716280779,0.0195700285795926,0.0273331068412892,0.0374698554227709,0.0195700285795926,0.4378963882076792,0.0405604677778277,0.4378963882076792,0.3892544773869337,0.0776264762188092,0.1578542883492161,0.1722890631579532,0.0279768049690338,0.1578542883492161,0.4378963882076792,False,,,N100_drop0.50_s0.20_c0.05,1.0,0.0,0.0,False,False,1.0068271698186462,1.0170734897113791,-0.0865463796488441,-0.1149304575594595,NSE,False,NSE validated,False,,
2026-10-01,MAPMYINDIA,INE0BV301023,845.75,845.75,542374016.3793651,1691.5,0.250720829078206,0.0279710085244704,0.2659588072414142,0.1051704540811871,0.1482744572291591,0.065995944563217,0.0195650238839825,0.0273269682128999,0.0374614462317446,0.0195650238839825,0.3930096364357231,0.0665651512582191,0.3930096364357231,0.4359181136280335,0.080664226656825,0.1578542883492161,0.2659588072414142,0.0279710085244704,0.1578542883492161,0.3930096364357231,False,,,N100_drop0.50_s0.20_c0.05,1.0,0.0,0.0,False,False,1.0068271698186462,1.0170734897113791,-0.0865463796488441,-0.1149304575594595,NSE,False,NSE validated,False,,
2026-10-01,USHAMART,INE228A01035,491.7,491.7,374549236.6603174,983.4,0.2506431986777184,0.0279576040347385,0.1311784004035776,0.2131265814244225,0.1720396497973005,0.0569954356068717,0.0195534512992607,0.0273136309234358,0.0374420001423174,0.0195534512992607,0.4568725305840098,0.0349138728961795,0.4568725305840098,0.4081378565342836,0.0705025828231726,0.1578542883492161,0.1311784004035776,0.0279576040347385,0.1578542883492161,0.4568725305840098,False,,,N100_drop0.50_s0.20_c0.05,1.0,0.0,0.0,False,False,1.0068271698186462,1.0170734897113791,-0.0865463796488441,-0.1149304575594595,NSE,False,NSE validated,False,,
2026-10-01,SCILAL,INE0PB301013,36.65,36.65,8653702.570952374,73.3,0.2505710753562287,0.0279451535722091,0.1804662438765863,0.1548497545686145,0.1858088600641206,0.0059730621408387,0.0195427035578207,0.0273032773734041,0.0374239386646481,0.0195427035578207,0.492855449819517,0.020678598111462,0.492855449819517,0.4123514876264298,0.077136837623834,0.1578542883492161,0.1804662438765863,0.0279451535722091,0.1578542883492161,0.492855449819517,False,,,N100_drop0.50_s0.20_c0.05,1.0,0.0,0.0,False,False,1.0068271698186462,1.0170734897113791,-0.0865463796488441,-0.1149304575594595,NSE,False,NSE validated,False,,
2026-10-01,EFCIL,INE886D01026,171.2,171.2,58459206.17492063,342.4,0.2503866418637747,0.027913328943319,0.2231518725098833,0.1250866892998301,0.1508450474590962,0.0481390691942369,0.0195152364958394,0.0272769892731519,0.0373777743065316,0.0195152364958394,0.3787661277331073,0.0774113433298219,0.3787661277331073,0.4042824568017824,0.0965527440286432,0.1578542883492161,0.2231518725098833,0.027913328943319,0.1578542883492161,0.3787661277331073,False,,,N100_drop0.50_s0.20_c0.05,1.0,0.0,0.0,False,False,1.0068271698186462,1.0170734897113791,-0.0865463796488441,-0.1149304575594595,NSE,False,NSE validated,False,,
2026-10-01,WONDERLA,INE066O01014,495.1,495.1,55756373.03015873,990.2,0.2502079227613579,0.0278825090633459,0.1535100568612911,0.1816331101260689,0.1518047627662389,0.065459633292518,0.0194886437946741,0.0272523797275655,0.0373330709725656,0.0194886437946741,0.4602873536211322,0.0259074527686783,0.4602873536211322,0.4080327525383147,0.0634066070407637,0.1578542883492161,0.1535100568612911,0.0278825090633459,0.1578542883492161,0.4602873536211322,False,,,N100_drop0.50_s0.20_c0.05,1.0,0.0,0.0,False,False,1.0068271698186462,1.0170734897113791,-0.0865463796488441,-0.1149304575594595,NSE,False,NSE validated,False,,
2026-10-01,IGCL,INE05J901018,54.62,54.62,10066599.223809524,109.24,0.250166047284133,0.0278752903530378,0.2718814260283406,0.1025273802636746,0.1421126510506846,0.0262610655328864,0.0194824162076013,0.0272466149223093,0.0373226009499193,0.0194824162076013,0.4623211250069321,0.0613223553982289,0.4623211250069321,0.4413784064963476,0.0560183773196466,0.1578542883492161,0.2718814260283406,0.0278752903530378,0.1578542883492161,0.4623211250069321,False,,,N100_drop0.50_s0.20_c0.05,1.0,0.0,0.0,False,False,1.0068271698186462,1.0170734897113791,-0.0865463796488441,-0.1149304575594595,NSE,False,NSE validated,False,,
2026-10-01,AARTIDRUGS,INE767A01016,421.0,421.0,89153110.05714287,842.0,0.250053470385833,0.0278558887767957,0.1516181129651611,0.1837240170849277,0.1733964004226979,0.070118566492923,0.0194656803770789,0.0272311196674557,0.0372944618412248,0.0194656803770789,0.4588398761183517,0.0328324342794241,0.4588398761183517,0.4070601466512829,0.0690444266779813,0.1578542883492161,0.1516181129651611,0.0278558887767957,0.1578542883492161,0.4588398761183517,False,,,N100_drop0.50_s0.20_c0.05,1.0,0.0,0.0,False,False,1.0068271698186462,1.0170734897113791,-0.0865463796488441,-0.1149304575594595,NSE,False,NSE validated,False,,
2026-10-01,GMRP&UI,INE0CU601026,101.87,101.87,126736426.37920634,203.74,0.2499828589600616,0.0278437232829043,0.1714635055919207,0.1623886271704472,0.1778364501979883,0.0922353232394453,0.0194551878342344,0.0272214026054631,0.0372768183046695,0.0194551878342344,0.4416085552576712,0.0472522683966785,0.4416085552576712,0.3771555971756894,0.0906511012910561,0.1578542883492161,0.1714635055919207,0.0278437232829043,0.1578542883492161,0.4416085552576712,False,,,N100_drop0.50_s0.20_c0.05,1.0,0.0,0.0,False,False,1.0068271698186462,1.0170734897113791,-0.0865463796488441,-0.1149304575594595,NSE,False,NSE validated,False,,
2026-10-01,IMFA,INE919H01018,1176.8,1176.8,187392094.1873016,2353.6,0.2495673126434012,0.027772187828395,0.1847540299878461,0.1503197945410015,0.1506705973212077,4.27152323488611e-05,0.0194041707797667,0.0271642491988451,0.0371730819574972,0.0194041707797667,0.4350416457329438,0.0503765819440541,0.4350416457329438,0.3987406958514938,0.0706820015306465,0.1578542883492161,0.1847540299878461,0.027772187828395,0.1578542883492161,0.4350416457329438,False,,,N100_drop0.50_s0.20_c0.05,1.0,0.0,0.0,False,False,1.0068271698186462,1.0170734897113791,-0.0865463796488441,-0.1149304575594595,NSE,False,NSE validated,False,,
2026-10-01,RITES,INE320J01015,209.48,209.48,775837496.3920635,418.96,0.2494656285035731,0.0277546982383179,0.1549568730018294,0.1791124052818895,0.173061731768691,0.0570310141321074,0.0193918265922066,0.0271502718930069,0.0371477225020463,0.0193918265922066,0.4261499993198579,0.0560389261640974,0.4261499993198579,0.3828101135126622,0.0841934917732008,0.1578542883492161,0.1549568730018294,0.0277546982383179,0.1578542883492161,0.4261499993198579,False,,,N100_drop0.50_s0.20_c0.05,1.0,0.0,0.0,False,False,1.0068271698186462,1.0170734897113791,-0.0865463796488441,-0.1149304575594595,NSE,False,NSE validated,False,,
2026-10-01,JSLL,INE0J5801029,480.8,480.8,286028954.39047617,961.6,0.2493972174539789,0.0277429349379147,0.2293666672805694,0.1209545190974877,0.1571358896059023,0.015815426390878,0.0193835241258443,0.0271408700387434,0.0371306666567684,0.0193835241258443,0.4297365196267385,0.0714597111413145,0.4297365196267385,0.4177722435911749,0.0589682439954095,0.1578542883492161,0.2293666672805694,0.0277429349379147,0.1578542883492161,0.4297365196267385,False,,,N100_drop0.50_s0.20_c0.05,1.0,0.0,0.0,False,False,1.0068271698186462,1.0170734897113791,-0.0865463796488441,-0.1149304575594595,NSE,False,NSE validated,False,,
2026-10-01,JBMA,INE927D01051,544.65,544.65,323913886.868254,1089.3,0.249061913852452,0.027685318274874,0.1770661541062889,0.1563557892506955,0.147308435029188,0.0423785694465684,0.0193428597312392,0.0270948095469466,0.0370513445891609,0.0193428597312392,0.4448477446799534,0.038107337351657,0.4448477446799534,0.409747308535298,0.0614296978991928,0.1578542883492161,0.1770661541062889,0.027685318274874,0.1578542883492161,0.4448477446799534,False,,,N100_drop0.50_s0.20_c0.05,1.0,0.0,0.0,False,False,1.0068271698186462,1.0170734897113791,-0.0865463796488441,-0.1149304575594595,NSE,False,NSE validated,False,,
2026-10-01,SONACOMS,INE073K01018,805.0,805.0,1897181578.5023808,1610.0,0.2490079339167874,0.0276760487041634,0.1482375666350496,0.1867006409535841,0.1775153612060655,0.0841318806237565,0.0193363176712188,0.0270873975903548,0.0370388571609451,0.0193363176712188,0.4800767381019208,0.0278775898851736,0.4800767381019208,0.4101223341863833,0.0693532369830631,0.1578542883492161,0.1482375666350496,0.0276760487041634,0.1578542883492161,0.4800767381019208,False,,,N100_drop0.50_s0.20_c0.05,1.0,0.0,0.0,False,False,1.0068271698186462,1.0170734897113791,-0.0865463796488441,-0.1149304575594595,NSE,False,NSE validated,False,,
2026-10-01,SHRINGARMS,INE1B3L01017,221.31,221.31,122783985.46984126,442.62,0.2480595721608836,0.0275134662138336,0.1363089694358271,0.2018463372418545,0.1737596628132691,0.042835412288342,0.0192215816938343,0.0269533081606255,0.0368198331196829,0.0192215816938343,0.4399003448636158,0.0511321102111355,0.4399003448636158,0.3615022376289693,0.102649057246896,0.1428571428571428,0.1363089694358271,0.0275134662138336,0.1428571428571428,0.4399003448636158,False,,,N100_drop0.50_s0.20_c0.05,1.0,0.0,0.0,False,False,1.0068271698186462,1.0170734897113791,-0.0865463796488441,-0.1149304575594595,NSE,False,NSE validated,False,,
2026-10-01,PAKKA,INE551D01018,72.26,72.26,13070573.097777776,144.52,0.247756060341177,0.0274615424380867,0.2873516392830892,0.0955677249887987,0.1518011001400099,0.0808202175452587,0.0191797568134744,0.0269053737577648,0.0367662613622376,0.0191797568134744,0.4288212895954906,0.0695901469924284,0.4288212895954906,0.4275788250399285,0.0656062677864756,0.1578542883492161,0.2873516392830892,0.0274615424380867,0.1578542883492161,0.4288212895954906,False,,,N100_drop0.50_s0.20_c0.05,1.0,0.0,0.0,False,False,1.0068271698186462,1.0170734897113791,-0.0865463796488441,-0.1149304575594595,NSE,False,NSE validated,False,,
2026-10-01,STARHEALTH,INE575P01011,537.7,537.7,374254676.5071429,1075.4,0.2476208775418699,0.0274384327787984,0.1330924640009643,0.2061606792297392,0.1708420477883427,0.0538946167263824,0.0191583799091702,0.0268821613925989,0.0367430725046077,0.0191583799091702,0.4490018450211155,0.0395504620938169,0.4490018450211155,0.361712446823357,0.1005555709771319,0.1428571428571428,0.1330924640009643,0.0274384327787984,0.1428571428571428,0.4490018450211155,False,,,N100_drop0.50_s0.20_c0.05,1.0,0.0,0.0,False,False,1.0068271698186462,1.0170734897113791,-0.0865463796488441,-0.1149304575594595,NSE,False,NSE validated,False,,
2026-10-01,PATELENG,INE244B01030,25.92,25.92,96884123.79444444,51.84,0.2476149742990332,0.0274374238504894,0.2051258130391949,0.133759001092889,0.1600770709457429,0.0048164656551861,0.0191574467641549,0.0268811480127668,0.036742060008176,0.0191574467641549,0.4449826565886534,0.0379633725092097,0.4449826565886534,0.4018961338781219,0.0691584653128657,0.1578542883492161,0.2051258130391949,0.0274374238504894,0.1578542883492161,0.4449826565886534,False,,,N100_drop0.50_s0.20_c0.05,1.0,0.0,0.0,False,False,1.0068271698186462,1.0170734897113791,-0.0865463796488441,-0.1149304575594595,NSE,False,NSE validated,False,,
2026-10-01,SWSOLAR,INE00M201021,164.82,164.82,262956052.5353968,329.64,0.2473691451942904,0.0273954266655277,0.1983523873585243,0.1381149328745419,0.1555692805161171,0.0006903096223281,0.0191186140633399,0.0268389679393768,0.0366999060911984,0.0191186140633399,0.4348089216775732,0.0769983106482325,0.4348089216775732,0.420687053972693,0.0545489255564356,0.1578542883492161,0.1983523873585243,0.0273954266655277,0.1578542883492161,0.4348089216775732,False,,,N100_drop0.50_s0.20_c0.05,1.0,0.0,0.0,False,False,1.0068271698186462,1.0170734897113791,-0.0865463796488441,-0.1149304575594595,NSE,False,NSE validated,False,,
2026-10-01,PRAJIND,INE074A01025,303.25,303.25,258300508.02142856,606.5,0.2471106411885302,0.0273513013382097,0.1718046944470112,0.1591999649732826,0.1504415612856846,0.0515640183870926,0.0190778345546265,0.0267946555261003,0.0366555987983949,0.0190778345546265,0.4406819611871491,0.0418992701830833,0.4406819611871491,0.4049948213477868,0.0652389828980199,0.1578542883492161,0.1718046944470112,0.0273513013382097,0.1578542883492161,0.4406819611871491,False,,,N100_drop0.50_s0.20_c0.05,1.0,0.0,0.0,False,False,1.0068271698186462,1.0170734897113791,-0.0865463796488441,-0.1149304575594595,NSE,False,NSE validated,False,,
2026-10-01,EUROPRATIK,INE198501012,190.42,190.42,52482849.21333333,380.84,0.2469835312415875,0.0273296182983494,0.263677025810383,0.1036480831591405,0.1472967960361134,0.0596315288679817,0.019057803523419,0.026772882457599,0.0366338198376712,0.019057803523419,0.4208459470519099,0.0618656641434436,0.4208459470519099,0.3873359205433118,0.0890652740048781,0.1578542883492161,0.263677025810383,0.0273296182983494,0.1578542883492161,0.4208459470519099,False,,,N100_drop0.50_s0.20_c0.05,1.0,0.0,0.0,False,False,1.0068271698186462,1.0170734897113791,-0.0865463796488441,-0.1149304575594595,NSE,False,NSE validated,False,,
2026-10-01,TCI,INE688A01022,877.1,877.1,122140436.83015874,1754.2,0.2469735893771494,0.0273279227548373,0.1587272568246484,0.1721690609510594,0.1740685288461976,0.0500501882652958,0.0190562373807844,0.0267711799270706,0.0366321166125994,0.0190562373807844,0.3820699992974519,0.0905904275142992,0.3820699992974519,0.3332418348937105,0.1230577111257739,0.1130612244897959,0.1587272568246484,0.0273279227548373,0.1130612244897959,0.3820699992974519,False,,,N100_drop0.50_s0.20_c0.05,1.0,0.0,0.0,False,False,1.0068271698186462,1.0170734897113791,-0.0865463796488441,-0.1149304575594595,NSE,False,NSE validated,False,,
2026-10-01,BHARATWIRE,INE316L01019,160.12,160.12,37050545.40984126,320.24,0.246768062000013,0.0272928835439284,0.1915536900011252,0.1424816381442096,0.1658823683297713,0.0117981392339707,0.0190238794199918,0.0267359980454476,0.0365969127804687,0.0190238794199918,0.4664245526076411,0.0457088389095391,0.4664245526076411,0.4213213472712795,0.0598177634170326,0.1578542883492161,0.1915536900011252,0.0272928835439284,0.1578542883492161,0.4664245526076411,False,,,N100_drop0.50_s0.20_c0.05,1.0,0.0,0.0,False,False,1.0068271698186462,1.0170734897113791,-0.0865463796488441,-0.1149304575594595,NSE,False,NSE validated,False,,
2026-10-01,KPIL,INE220B01022,1356.4,1356.4,284228765.3555556,2712.8,0.2466340581396507,0.0272700509438497,0.1290875526060469,0.2112523662685993,0.1663004136595159,0.0527434396883415,0.0190028013152865,0.0267151611023364,0.0365739668682747,0.0190028013152865,0.4718809099006291,0.020866076433566,0.4718809099006291,0.3891250275091931,0.0842646509593555,0.1578542883492161,0.1290875526060469,0.0272700509438497,0.1578542883492161,0.4718809099006291,False,,,N100_drop0.50_s0.20_c0.05,1.0,0.0,0.0,False,False,1.0068271698186462,1.0170734897113791,-0.0865463796488441,-0.1149304575594595,NSE,False,NSE validated,False,,
2026-10-01,GMBREW,INE075D01018,952.0,952.0,52335812.36587302,1904.0,0.24656174402026,0.027257733762791,0.1420222419463909,0.1919258095719963,0.1773058383139388,0.07536479507483,0.01899143300445,0.0267050876635942,0.0365615865791397,0.01899143300445,0.4316740740301786,0.0535650527147042,0.4316740740301786,0.402734663833314,0.0715234058522053,0.1578542883492161,0.1420222419463909,0.027257733762791,0.1578542883492161,0.4316740740301786,False,,,N100_drop0.50_s0.20_c0.05,1.0,0.0,0.0,False,False,1.0068271698186462,1.0170734897113791,-0.0865463796488441,-0.1149304575594595,NSE,False,NSE validated,False,,
2026-10-01,SHYAMMETL,INE810G01011,1047.8,1047.8,607409444.9896827,2095.6,0.2463862176179911,0.0272278489398434,0.1339440412619073,0.2032777918549095,0.1706956592571255,0.0576710782072452,0.0189638573854261,0.0266806437640792,0.0365315428616725,0.0189638573854261,0.4817716358894128,0.0166774932099408,0.4817716358894128,0.4078833969475547,0.0662352561845115,0.1578542883492161,0.1339440412619073,0.0272278489398434,0.1578542883492161,0.4817716358894128,False,,,N100_drop0.50_s0.20_c0.05,1.0,0.0,0.0,False,False,1.0068271698186462,1.0170734897113791,-0.0865463796488441,-0.1149304575594595,NSE,False,NSE validated,False,,
2026-10-01,CAPACITE,INE264T01014,180.33,180.33,97990264.03269842,360.66,0.2459046796378697,0.0271459531426391,0.2270267941157625,0.1195715829418672,0.1440831750625353,0.0550279066409121,0.0188883404561994,0.0266109905971579,0.0364491696175928,0.0188883404561994,0.423200268310916,0.0461825945329937,0.423200268310916,0.4044194250345662,0.0703154664783124,0.1578542883492161,0.2270267941157625,0.0271459531426391,0.1578542883492161,0.423200268310916,False,,,N100_drop0.50_s0.20_c0.05,1.0,0.0,0.0,False,False,1.0068271698186462,1.0170734897113791,-0.0865463796488441,-0.1149304575594595,NSE,False,NSE validated,False,,
2026-10-01,RPPINFRA,INE324L01013,52.6,52.6,10793136.414126985,105.2,0.2458647644658903,0.0271391706349625,0.3002450811307383,0.0903900591235503,0.1654392762527358,0.0173713781450825,0.0188820895773826,0.0266056805196086,0.0364423448027152,0.0188820895773826,0.4567424158126544,0.0371402181156922,0.4567424158126544,0.4548901226436396,0.0398887401188777,0.1732057416267942,0.3002450811307383,0.0271391706349625,0.1732057416267942,0.4567424158126544,False,,,N100_drop0.50_s0.20_c0.05,1.0,0.0,0.0,False,False,1.0068271698186462,1.0170734897113791,-0.0865463796488441,-0.1149304575594595,NSE,False,NSE validated,False,,
2026-10-01,JLHL,INE682M01020,259.85,259.85,57243407.72142857,519.7,0.2457497181609442,0.0271196266817969,0.1625614716389914,0.1668269018997497,0.1545995670574708,0.0177096105996062,0.0188640803840318,0.0265903783895392,0.0364226765704514,0.0188640803840318,0.4401321565090724,0.0463386982474381,0.4401321565090724,0.3750085411139583,0.0897176372601527,0.1578542883492161,0.1625614716389914,0.0271196266817969,0.1578542883492161,0.4401321565090724,False,,,N100_drop0.50_s0.20_c0.05,1.0,0.0,0.0,False,False,1.0068271698186462,1.0170734897113791,-0.0865463796488441,-0.1149304575594595,NSE,False,NSE validated,False,,
2026-10-01,OLAELEC,INE0LXG01040,37.08,37.08,2713636442.420953,74.16,0.2457065316933316,0.0271122921484227,0.2582244179568989,0.1049950750705075,0.1711100952397813,0.0391300730965671,0.0188573229172104,0.0265846353541316,0.0364152944885945,0.0188573229172104,0.4528846358696508,0.0398672426906143,0.4528846358696508,0.4205150638751833,0.0673943162840358,0.1578542883492161,0.2582244179568989,0.0271122921484227,0.1578542883492161,0.4528846358696508,False,,,N100_drop0.50_s0.20_c0.05,1.0,0.0,0.0,False,False,1.0068271698186462,1.0170734897113791,-0.0865463796488441,-0.1149304575594595,NSE,False,NSE validated,False,,
2026-10-01,PRECAM,INE484I01029,109.9,109.9,18571869.379682537,219.8,0.2456249570115318,0.0270984408790338,0.2229350581471224,0.1215530706756346,0.1602164562148711,0.0549113950406485,0.0188445630698097,0.0265737890476616,0.036401352070646,0.0188445630698097,0.4475410586520598,0.0452610046602628,0.4475410586520598,0.3928340239063146,0.0785982588135417,0.1578542883492161,0.2229350581471224,0.0270984408790338,0.1578542883492161,0.4475410586520598,False,,,N100_drop0.50_s0.20_c0.05,1.0,0.0,0.0,False,False,1.0068271698186462,1.0170734897113791,-0.0865463796488441,-0.1149304575594595,NSE,False,NSE validated,False,,
2026-10-01,NAVNETEDUL,INE060A01024,123.87,123.87,24977659.51904762,247.74,0.2455967656243065,0.0270936548987599,0.1552274235222667,0.1745416775204896,0.1531274830592698,0.0130752831344693,0.0188401547007653,0.0265700411847407,0.0363965341846337,0.0188401547007653,0.437722383523435,0.0475230321608473,0.437722383523435,0.3904019241843134,0.0805568657911677,0.1578542883492161,0.1552274235222667,0.0270936548987599,0.1578542883492161,0.437722383523435,False,,,N100_drop0.50_s0.20_c0.05,1.0,0.0,0.0,False,False,1.0068271698186462,1.0170734897113791,-0.0865463796488441,-0.1149304575594595,NSE,False,NSE validated,False,,
2026-10-01,VIKRAN,INE01R501028,58.27,58.27,144200069.5785714,116.54,0.2455646343519854,0.0270882006045003,0.2776004502416356,0.097579815093677,0.1684776199809962,0.0260594145814447,0.0188351310580141,0.0265657698596626,0.0363910432715519,0.0188351310580141,0.3713448307171363,0.0934353492092562,0.3713448307171363,0.3736186381395154,0.1074374015258091,0.1578542883492161,0.2776004502416356,0.0270882006045003,0.1578542883492161,0.3713448307171363,False,,,N100_drop0.50_s0.20_c0.05,1.0,0.0,0.0,False,False,1.0068271698186462,1.0170734897113791,-0.0865463796488441,-0.1149304575594595,NSE,False,NSE validated,False,,
2026-10-01,MAHABANK,INE457A01014,80.5,80.5,1267854359.003651,161.0,0.2454828068077687,0.0270743129985725,0.158242180492904,0.1710941603195779,0.1736229478215386,0.0885181157221678,0.0188223414620216,0.0265548937710791,0.0363770611874293,0.0188223414620216,0.4409180461626451,0.0461769491227516,0.4409180461626451,0.3891168384478399,0.0818350295767976,0.1578542883492161,0.158242180492904,0.0270743129985725,0.1578542883492161,0.4409180461626451,False,,,N100_drop0.50_s0.20_c0.05,1.0,0.0,0.0,False,False,1.0068271698186462,1.0170734897113791,-0.0865463796488441,-0.1149304575594595,NSE,False,NSE validated,False,,
2026-10-01,RAMKY,INE874I01013,274.6,274.6,17313626.766666666,549.2,0.2454229093237457,0.0270641497276722,0.2409974209712983,0.1123005782327248,0.1609404508783786,0.0255528270559788,0.0188129831003823,0.0265469339127097,0.0363668276461572,0.0188129831003823,0.4996136877471569,0.0169346121749612,0.4996136877471569,0.4408886669221625,0.0430957008387508,0.1578542883492161,0.2409974209712983,0.0270641497276722,0.1578542883492161,0.4996136877471569,False,,,N100_drop0.50_s0.20_c0.05,1.0,0.0,0.0,False,False,1.0068271698186462,1.0170734897113791,-0.0865463796488441,-0.1149304575594595,NSE,False,NSE validated,False,,
2026-10-01,LGEINDIA,INE324D01010,1721.8,1721.8,1042493207.2460318,3443.6,0.2451485945153101,0.0270176306151643,0.1333445175783693,0.2026152338755549,0.1760009914439122,0.0652008910466845,0.0187701628836837,0.0265104949707417,0.036319974700562,0.0187701628836837,0.4550111618191438,0.0370141804458784,0.4550111618191438,0.3697587210043538,0.0945236787160525,0.1496062992125984,0.1333445175783693,0.0270176306151643,0.1496062992125984,0.4550111618191438,False,,,N100_drop0.50_s0.20_c0.05,1.0,0.0,0.0,False,False,1.0068271698186462,1.0170734897113791,-0.0865463796488441,-0.1149304575594595,NSE,False,NSE validated,False,,
2026-10-01,UNIECOM,INE00U401027,82.58,82.58,48733177.80285714,165.16,0.2449023938839399,0.0269759155220392,0.2696758811532838,0.1000308793158484,0.1626565351016011,0.084241005655421,0.0187317852132815,0.0264709417931296,0.0362779432026721,0.0187317852132815,0.3822862041116406,0.0874899880082299,0.3822862041116406,0.3784498240583291,0.1093292963081582,0.1578542883492161,0.2696758811532838,0.0269759155220392,0.1578542883492161,0.3822862041116406,False,,,N100_drop0.50_s0.20_c0.05,1.0,0.0,0.0,False,False,1.0068271698186462,1.0170734897113791,-0.0865463796488441,-0.1149304575594595,NSE,False,NSE validated,False,,
2026-10-01,SUNCLAY,INE0Q3R01026,1183.0,1183.0,10215193.91111111,2366.0,0.2447932998197764,0.0269574421121813,0.2013018244883268,0.1339155379276979,0.1649904560100573,0.0477945750916274,0.0187147959732191,0.0264513433167752,0.0362593245156472,0.0187147959732191,0.4663022650206094,0.0291174592797505,0.4663022650206094,0.4242946724445291,0.052373658806779,0.1578542883492161,0.2013018244883268,0.0269574421121813,0.1578542883492161,0.4663022650206094,False,,,N100_drop0.50_s0.20_c0.05,1.0,0.0,0.0,False,False,1.0068271698186462,1.0170734897113791,-0.0865463796488441,-0.1149304575594595,NSE,False,NSE validated,False,,
2026-10-01,GESHIP,INE017A01032,1530.6,1530.6,1283382553.9698417,3061.2,0.2447307524198261,0.0269468537079341,0.1359640993660612,0.1981909477102784,0.1916366062947101,0.0310113736919741,0.0187050599679204,0.0264401105619561,0.0362486514137323,0.0187050599679204,0.503534795989112,0.0057152690232607,0.503534795989112,0.4042302713581069,0.0707038559296673,0.1578542883492161,0.1359640993660612,0.0269468537079341,0.1578542883492161,0.503534795989112,False,,,N100_drop0.50_s0.20_c0.05,1.0,0.0,0.0,False,False,1.0068271698186462,1.0170734897113791,-0.0865463796488441,-0.1149304575594595,NSE,False,NSE validated,False,,
2026-10-01,CCL,INE421D01022,1056.6,1056.6,191353709.84603176,2113.2,0.244577723518428,0.0269209573847492,0.1429159569024077,0.188369150431065,0.1675440295716549,0.0238924617532058,0.0186812536534194,0.0264126398824056,0.0362225435514488,0.0186812536534194,0.4646991357276162,0.0254357648938486,0.4646991357276162,0.3765371093022864,0.0894041140346902,0.1578542883492161,0.1429159569024077,0.0269209573847492,0.1578542883492161,0.4646991357276162,False,,,N100_drop0.50_s0.20_c0.05,1.0,0.0,0.0,False,False,1.0068271698186462,1.0170734897113791,-0.0865463796488441,-0.1149304575594595,NSE,False,NSE validated,False,,
2026-10-01,AWHCL,INE01BK01022,355.4,355.4,86214750.26746032,710.8,0.2441401223865495,0.0268469774366038,0.2550374531277178,0.1052668033943996,0.1630322721237901,0.1110127009168492,0.0186134479962477,0.0263341744738884,0.0361479248772554,0.0186134479962477,0.3977185379403454,0.074499437354911,0.3977185379403454,0.385109836790033,0.1007225941624695,0.1578542883492161,0.2550374531277178,0.0268469774366038,0.1578542883492161,0.3977185379403454,False,,,N100_drop0.50_s0.20_c0.05,1.0,0.0,0.0,False,False,1.0068271698186462,1.0170734897113791,-0.0865463796488441,-0.1149304575594595,NSE,False,NSE validated,False,,
2026-10-01,FIEMIND,INE737H01014,1794.8,1794.8,189861838.9,3589.6,0.244090794909295,0.026838645025597,0.2107449221813006,0.1273513247569884,0.1467410013934119,0.0203092402795011,0.0186058368649378,0.0263261239491172,0.0361395173268615,0.0186058368649378,0.4293348794407092,0.0463385311495843,0.4293348794407092,0.4008441060155789,0.0684502377517376,0.1578542883492161,0.2107449221813006,0.026838645025597,0.1578542883492161,0.4293348794407092,False,,,N100_drop0.50_s0.20_c0.05,1.0,0.0,0.0,False,False,1.0068271698186462,1.0170734897113791,-0.0865463796488441,-0.1149304575594595,NSE,False,NSE validated,False,,
2026-10-01,TATACHEM,INE092A01019,607.8,607.8,1116249174.596032,1215.6,0.2439701691813598,0.0268182746870125,0.2712282016014063,0.0988771614775678,0.1642364280182958,0.0632692368765012,0.0185872330498316,0.026307282777695,0.0361176306051582,0.0185872330498316,0.3536100520158133,0.1041610193809709,0.3536100520158133,0.3844090950531785,0.095269332493206,0.1578542883492161,0.2712282016014063,0.0268182746870125,0.1578542883492161,0.3536100520158133,False,,,N100_drop0.50_s0.20_c0.05,1.0,0.0,0.0,False,False,1.0068271698186462,1.0170734897113791,-0.0865463796488441,-0.1149304575594595,NSE,False,NSE validated,False,,
2026-10-01,ZAGGLE,INE07K301024,171.73,171.73,464159263.75206345,343.46,0.2439232042626694,0.0268103458387487,0.2810662019697955,0.0953880105500192,0.150145410795171,0.0650941812371663,0.0185799930238317,0.0262999804912618,0.0361076217395824,0.0185799930238317,0.4318919814533155,0.0410054475826485,0.4318919814533155,0.4514608256297406,0.0516494915413745,0.1648675171736997,0.2810662019697955,0.0268103458387487,0.1648675171736997,0.4318919814533155,False,,,N100_drop0.50_s0.20_c0.05,1.0,0.0,0.0,False,False,1.0068271698186462,1.0170734897113791,-0.0865463796488441,-0.1149304575594595,NSE,False,NSE validated,False,,
2026-10-01,DBL,INE917M01012,399.1,399.1,276648985.5801587,798.2,0.2438574835925508,0.0267992526439213,0.1972133673807237,0.1358896356765965,0.1624835222799945,0.0558683080086817,0.0185698647119895,0.0262905290870508,0.0360936180689801,0.0185698647119895,0.3987949538000871,0.072202237695495,0.3987949538000871,0.3788074683608817,0.0892494342095935,0.1578542883492161,0.1972133673807237,0.0267992526439213,0.1578542883492161,0.3987949538000871,False,,,N100_drop0.50_s0.20_c0.05,1.0,0.0,0.0,False,False,1.0068271698186462,1.0170734897113791,-0.0865463796488441,-0.1149304575594595,NSE,False,NSE validated,False,,
2026-10-01,RBLBANK,INE976G01028,411.4,411.4,1752803049.4238095,822.8,0.2433685995896545,0.0267168089291232,0.1247468693819394,0.2141681716061662,0.1834723829192742,0.038802898546677,0.0184946342357446,0.0262202713909301,0.0359895315541168,0.0184946342357446,0.4822015841500309,0.0206568107618802,0.4822015841500309,0.3908665789167291,0.0799847418785174,0.1578542883492161,0.1247468693819394,0.0267168089291232,0.1578542883492161,0.4822015841500309,False,,,N100_drop0.50_s0.20_c0.05,1.0,0.0,0.0,False,False,1.0068271698186462,1.0170734897113791,-0.0865463796488441,-0.1149304575594595,NSE,False,NSE validated,False,,
2026-10-01,INDIASHLTR,INE922K01024,645.6,645.6,84655340.21507935,1291.2,0.2432553857607312,0.0266977361644002,0.1992639418306566,0.1339817727137467,0.1591121339553365,0.0584036138694681,0.0184796101630299,0.0262040138424113,0.0359654487692003,0.0184796101630299,0.4094954103949977,0.0622215737908671,0.4094954103949977,0.3863600073097634,0.0850674092141649,0.1578542883492161,0.1992639418306566,0.0266977361644002,0.1578542883492161,0.4094954103949977,False,,,N100_drop0.50_s0.20_c0.05,1.0,0.0,0.0,False,False,1.0068271698186462,1.0170734897113791,-0.0865463796488441,-0.1149304575594595,NSE,False,NSE validated,False,,
2026-10-01,ASHAPURMIN,INE348A01023,489.95,489.95,284309962.7626984,979.9,0.2430056912226278,0.0266556964740939,0.2287770301018492,0.1165138670706019,0.1488355240872603,0.060764212799257,0.0184470899857143,0.0261681741492143,0.0359123619858883,0.0184470899857143,0.4222203725162559,0.0527115957414602,0.4222203725162559,0.3909397441776275,0.0766578896962936,0.1578542883492161,0.2287770301018492,0.0266556964740939,0.1578542883492161,0.4222203725162559,False,,,N100_drop0.50_s0.20_c0.05,1.0,0.0,0.0,False,False,1.0068271698186462,1.0170734897113791,-0.0865463796488441,-0.1149304575594595,NSE,False,NSE validated,False,,
2026-10-01,JINDALPHOT,INE796G01012,1031.8,1031.8,5835076.857142861,2063.6,0.2429380977593329,0.0266443221766735,0.2131919169535723,0.1249781068504393,0.1709138006970185,0.1366465243338972,0.0184382924077556,0.0261579988668447,0.0358979977976252,0.0184382924077556,0.4185497333382481,0.0650504057143835,0.4185497333382481,0.384479868149626,0.0884154636298727,0.1578542883492161,0.2131919169535723,0.0266443221766735,0.1578542883492161,0.4185497333382481,False,,,N100_drop0.50_s0.20_c0.05,1.0,0.0,0.0,False,False,1.0068271698186462,1.0170734897113791,-0.0865463796488441,-0.1149304575594595,NSE,False,NSE validated,False,,
2026-10-01,MIDWESTLTD,INE0XAD01024,904.15,904.15,26217159.1968254,1808.3,0.2428166175671789,0.0266238865504803,0.2230508795963446,0.1193623921083012,0.1533600065609908,0.008491392699571,0.0184224874332213,0.0261389502005825,0.0358721893368923,0.0184224874332213,0.4342648777283993,0.0427526544170825,0.4342648777283993,0.3801690643698581,0.0833448874165272,0.1578542883492161,0.2230508795963446,0.0266238865504803,0.1578542883492161,0.4342648777283993,False,,,N100_drop0.50_s0.20_c0.05,1.0,0.0,0.0,False,False,1.0068271698186462,1.0170734897113791,-0.0865463796488441,-0.1149304575594595,NSE,False,NSE validated,False,,
2026-10-01,ELIN,INE050401020,79.73,79.73,35524804.317777775,159.46,0.2425798254300193,0.0265840768055757,0.2669574139769952,0.0995817138379478,0.1368896985334744,0.0139462404618232,0.0183917028500665,0.0261018405713443,0.0358219091375721,0.0183917028500665,0.452522207187383,0.0299570527549109,0.452522207187383,0.4408950691253954,0.0417665872986851,0.1578542883492161,0.2669574139769952,0.0265840768055757,0.1578542883492161,0.452522207187383,False,,,N100_drop0.50_s0.20_c0.05,1.0,0.0,0.0,False,False,1.0068271698186462,1.0170734897113791,-0.0865463796488441,-0.1149304575594595,NSE,False,NSE validated,False,,
2026-10-01,LGBBROSLTD,INE337A01034,1711.1,1711.1,41931783.3047619,3422.2,0.2424996832667254,0.0265706103645614,0.136892398328909,0.1940985086748255,0.1746372444524048,0.0664848794876319,0.0183812906652021,0.0260892869712522,0.0358048996971783,0.0183812906652021,0.4531248532380769,0.0369741080906782,0.4531248532380769,0.3940976231044157,0.0786115485062098,0.1578542883492161,0.136892398328909,0.0265706103645614,0.1578542883492161,0.4531248532380769,False,,,N100_drop0.50_s0.20_c0.05,1.0,0.0,0.0,False,False,1.0068271698186462,1.0170734897113791,-0.0865463796488441,-0.1149304575594595,NSE,False,NSE validated,False,,
2026-10-01,OLECTRA,INE260D01016,1096.2,1096.2,508496898.4412698,2192.4,0.2423360823477444,0.0265431313998627,0.1854075002038343,0.1431610445676772,0.1596763150215396,0.0573135049843981,0.0183600461309535,0.0260636698776235,0.0357701892407485,0.0183600461309535,0.4510521285569507,0.0482193741844478,0.4510521285569507,0.4088934769141649,0.063702920033606,0.1578542883492161,0.1854075002038343,0.0265431313998627,0.1578542883492161,0.4510521285569507,False,,,N100_drop0.50_s0.20_c0.05,1.0,0.0,0.0,False,False,1.0068271698186462,1.0170734897113791,-0.0865463796488441,-0.1149304575594595,NSE,False,NSE validated,False,,
2026-10-01,NAM-INDIA,INE298J01013,1046.0,1046.0,1265823189.4968257,2092.0,0.2418638617032505,0.026463899967216,0.1535605130097113,0.1723353188169044,0.1580780781700426,0.0768756928806215,0.0182988062610673,0.0259835918122098,0.0356700932059421,0.0182988062610673,0.4521445706975566,0.0329766136080867,0.4521445706975566,0.4098861665767844,0.0658792944673876,0.1578542883492161,0.1535605130097113,0.026463899967216,0.1578542883492161,0.4521445706975566,False,,,N100_drop0.50_s0.20_c0.05,1.0,0.0,0.0,False,False,1.0068271698186462,1.0170734897113791,-0.0865463796488441,-0.1149304575594595,NSE,False,NSE validated,False,,
2026-10-01,CREDITACC,INE741K01010,1239.0,1239.0,471863721.1253969,2478.0,0.2418534016700217,0.0264621463503224,0.1670550995207605,0.1584037028874646,0.1506253034633901,0.0589083446702217,0.0182974511096945,0.0259817896315908,0.0356678775658224,0.0182974511096945,0.4331382880835482,0.0427030933022348,0.4331382880835482,0.3830040322848447,0.0811564062771196,0.1578542883492161,0.1670550995207605,0.0264621463503224,0.1578542883492161,0.4331382880835482,False,,,N100_drop0.50_s0.20_c0.05,1.0,0.0,0.0,False,False,1.0068271698186462,1.0170734897113791,-0.0865463796488441,-0.1149304575594595,NSE,False,NSE validated,False,,
2026-10-01,CHALET,INE427F01016,830.25,830.25,145202224.87619045,1660.5,0.2417353161827915,0.0264423536637411,0.1522860303469727,0.1736361083383299,0.1633817952336545,0.0650583010385226,0.0182821566001949,0.0259614491995342,0.0356428694329157,0.0182821566001949,0.452360644391284,0.0343818584390492,0.452360644391284,0.3577677792264815,0.1069931913142737,0.1428571428571428,0.1522860303469727,0.0264423536637411,0.1428571428571428,0.452360644391284,False,,,N100_drop0.50_s0.20_c0.05,1.0,0.0,0.0,False,False,1.0068271698186462,1.0170734897113791,-0.0865463796488441,-0.1149304575594595,NSE,False,NSE validated,False,,
2026-10-01,SOLARWORLD,INE0TY101024,125.55,125.55,82649207.33904763,251.1,0.2415998483090693,0.0264196570937303,0.2308600325168249,0.1144401514879146,0.1527115663583187,0.0083732596949787,0.0182646630161722,0.0259381253871828,0.0356141906664241,0.0182646630161722,0.4217608209106812,0.0497472363522043,0.4217608209106812,0.3810028434110368,0.0853538241007793,0.1578542883492161,0.2308600325168249,0.0264196570937303,0.1578542883492161,0.4217608209106812,False,,,N100_drop0.50_s0.20_c0.05,1.0,0.0,0.0,False,False,1.0068271698186462,1.0170734897113791,-0.0865463796488441,-0.1149304575594595,NSE,False,NSE validated,False,,
2026-10-01,SANDUMA,INE149K01016,177.67,177.67,130757762.92015871,355.34,0.2414055212729434,0.0263871171039394,0.189223463698618,0.1394494984298937,0.1515454845433634,0.0019828037554307,0.0182396160509211,0.0259046877371936,0.0355730711018936,0.0182396160509211,0.4179281586605376,0.058175631671049,0.4179281586605376,0.390304855813228,0.0767718113219803,0.1578542883492161,0.189223463698618,0.0263871171039394,0.1578542883492161,0.4179281586605376,False,,,N100_drop0.50_s0.20_c0.05,1.0,0.0,0.0,False,False,1.0068271698186462,1.0170734897113791,-0.0865463796488441,-0.1149304575594595,NSE,False,NSE validated,False,,
2026-10-01,HAPPSTMNDS,INE419U01012,304.7,304.7,771078409.9055556,609.4,0.2412936079020157,0.0263683868554667,0.2432433487960922,0.1084033211431034,0.143192068409578,0.0481307924824051,0.0182252005308047,0.0258854416527509,0.0355494008273082,0.0182252005308047,0.4140068911998532,0.0510826524125918,0.4140068911998532,0.4187272666262009,0.0682978198390296,0.1578542883492161,0.2432433487960922,0.0263683868554667,0.1578542883492161,0.4140068911998532,False,,,N100_drop0.50_s0.20_c0.05,1.0,0.0,0.0,False,False,1.0068271698186462,1.0170734897113791,-0.0865463796488441,-0.1149304575594595,NSE,False,NSE validated,False,,
2026-10-01,OMINFRAL,INE239D01028,76.08,76.08,11710040.2115873,152.16,0.2410755337976984,0.0263319092959008,0.1886005524868685,0.139617349730374,0.1509202529445599,0.035761882495163,0.0181971295449678,0.0258479613046668,0.0355032991819512,0.0181971295449678,0.4610196664891254,0.0484857885880738,0.4610196664891254,0.3947036042801639,0.0727930231954281,0.1578542883492161,0.1886005524868685,0.0263319092959008,0.1578542883492161,0.4610196664891254,False,,,N100_drop0.50_s0.20_c0.05,1.0,0.0,0.0,False,False,1.0068271698186462,1.0170734897113791,-0.0865463796488441,-0.1149304575594595,NSE,False,NSE validated,False,,
2026-10-01,HIMATSEIDE,INE049A01027,64.15,64.15,43764176.40079365,128.3,0.2409858629876248,0.0263169176596804,0.2488575308701517,0.1057509393734685,0.1550845907158028,0.0006914245449611,0.0181855942232236,0.0258325582352826,0.0354843509580669,0.0181855942232236,0.4272422407104098,0.052139683892954,0.4272422407104098,0.3877473529761084,0.0876375362713171,0.1578542883492161,0.2488575308701517,0.0263169176596804,0.1578542883492161,0.4272422407104098,False,,,N100_drop0.50_s0.20_c0.05,1.0,0.0,0.0,False,False,1.0068271698186462,1.0170734897113791,-0.0865463796488441,-0.1149304575594595,NSE,False,NSE validated,False,,
2026-10-01,GICHSGFIN,INE289B01019,132.88,132.88,12678652.519523809,265.76,0.2407884933783059,0.0262839362247616,0.1650748934482711,0.1592243113153855,0.1596654382993384,0.0408868505876726,0.0181602194339382,0.0257986730792193,0.0354426624928014,0.0181602194339382,0.4644260387529635,0.0216497855289187,0.4644260387529635,0.4061844896134038,0.0653484441865776,0.1578542883492161,0.1650748934482711,0.0262839362247616,0.1578542883492161,0.4644260387529635,False,,,N100_drop0.50_s0.20_c0.05,1.0,0.0,0.0,False,False,1.0068271698186462,1.0170734897113791,-0.0865463796488441,-0.1149304575594595,NSE,False,NSE validated,False,,
2026-10-01,AGARWALEYE,INE943P01029,486.45,486.45,528486781.42063487,972.9,0.2407853871353744,0.0262834173304348,0.1318082241081009,0.1994065052335338,0.1572700322205694,0.0598145615206457,0.0181598202450567,0.0257981399824095,0.035442006583078,0.0181598202450567,0.4671148497360595,0.0210749403810091,0.4671148497360595,0.4073453313583683,0.06465070750808,0.1578542883492161,0.1318082241081009,0.0262834173304348,0.1578542883492161,0.4671148497360595,False,,,N100_drop0.50_s0.20_c0.05,1.0,0.0,0.0,False,False,1.0068271698186462,1.0170734897113791,-0.0865463796488441,-0.1149304575594595,NSE,False,NSE validated,False,,
2026-10-01,TARIL,INE763I01026,280.8,280.8,739011968.6849207,561.6,0.2404030458755442,0.0262195888572184,0.226495696386164,0.1157619737397364,0.1673507325580576,0.0561600303806086,0.0181085903659433,0.0257325681933558,0.035373943286442,0.0181085903659433,0.4115282103176902,0.066892838529595,0.4115282103176902,0.3887937844697964,0.1004778207871038,0.1578542883492161,0.226495696386164,0.0262195888572184,0.1578542883492161,0.4115282103176902,False,,,N100_drop0.50_s0.20_c0.05,1.0,0.0,0.0,False,False,1.0068271698186462,1.0170734897113791,-0.0865463796488441,-0.1149304575594595,NSE,False,NSE validated,False,,
2026-10-01,KSCL,INE455I01029,715.1,715.1,459307619.64285713,1430.2,0.2402960188632166,0.0262017362829158,0.2361135184247811,0.1109709281269424,0.1668310792478285,0.0980342354014075,0.0180929377180217,0.0257142293397138,0.0353564720672313,0.0180929377180217,0.3754787250733022,0.0894217939835633,0.3754787250733022,0.3793138398418665,0.1000422073849482,0.1578542883492161,0.2361135184247811,0.0262017362829158,0.1578542883492161,0.3754787250733022,False,,,N100_drop0.50_s0.20_c0.05,1.0,0.0,0.0,False,False,1.0068271698186462,1.0170734897113791,-0.0865463796488441,-0.1149304575594595,NSE,False,NSE validated,False,,
2026-10-01,DOLATALGO,INE966A01022,62.86,62.86,9645590.445714284,125.72,0.2401272390087078,0.0261735960613638,0.1955370981883282,0.1338548863814843,0.1581180594373357,0.0015335006350732,0.0180682710574909,0.0256858816838831,0.0353289263258697,0.0180682710574909,0.4755996856981991,0.0282433754304662,0.4755996856981991,0.4165558627194572,0.0570009281441143,0.1578542883492161,0.1955370981883282,0.0261735960613638,0.1578542883492161,0.4755996856981991,False,,,N100_drop0.50_s0.20_c0.05,1.0,0.0,0.0,False,False,1.0068271698186462,1.0170734897113791,-0.0865463796488441,-0.1149304575594595,NSE,False,NSE validated,False,,
2026-10-01,BLS,INE153T01027,216.51,216.51,482681346.86888885,433.02,0.2400601156067197,0.0261624091725135,0.2092626627408188,0.1250218688315021,0.1548943512343968,0.0606252933801435,0.0180584670627685,0.0256751172585061,0.0353179735103611,0.0180584670627685,0.4069004683627067,0.0606464285014847,0.4069004683627067,0.4217162555605111,0.1000011436926894,0.1578542883492161,0.2092626627408188,0.0261624091725135,0.1578542883492161,0.4069004683627067,False,,,N100_drop0.50_s0.20_c0.05,1.0,0.0,0.0,False,False,1.0068271698186462,1.0170734897113791,-0.0865463796488441,-0.1149304575594595,NSE,False,NSE validated,False,,
2026-10-01,CANTABIL,INE068L01024,224.66,224.66,50052049.12952381,449.32,0.2399840221580537,0.0261497303626403,0.170966807801473,0.1529520887645361,0.1561345843765321,0.0502413144562866,0.0180473569586077,0.0256629171876911,0.0353055584370763,0.0180473569586077,0.4302927005352198,0.0456622606738114,0.4302927005352198,0.3954000596816261,0.0730797266665268,0.1578542883492161,0.170966807801473,0.0261497303626403,0.1578542883492161,0.4302927005352198,False,,,N100_drop0.50_s0.20_c0.05,1.0,0.0,0.0,False,False,1.0068271698186462,1.0170734897113791,-0.0865463796488441,-0.1149304575594595,NSE,False,NSE validated,False,,
2026-10-01,NIITMTS,INE342G01023,191.08,191.08,91046718.9073016,382.16,0.2395326421208587,0.0260745871023422,0.2291604714403952,0.1137830924262356,0.1513519801077216,0.0304340946437668,0.0179815411320117,0.0255906098281283,0.0352319443215956,0.0179815411320117,0.4561553072544937,0.0475785079816093,0.4561553072544937,0.4133280665674586,0.0591795873720802,0.1578542883492161,0.2291604714403952,0.0260745871023422,0.1578542883492161,0.4561553072544937,False,,,N100_drop0.50_s0.20_c0.05,1.0,0.0,0.0,False,False,1.0068271698186462,1.0170734897113791,-0.0865463796488441,-0.1149304575594595,NSE,False,NSE validated,False,,
2026-10-01,APOLLO,INE713T01028,394.0,394.0,2938971241.261111,788.0,0.2393115488829363,0.0260378221448918,0.194275624411865,0.1340251625684731,0.1869608974078594,0.0751178603355742,0.0179493586196866,0.0255554676571061,0.0351959063185375,0.0179493586196866,0.4627476786330851,0.0519303784560356,0.4627476786330851,0.3877988652973941,0.0843690948025663,0.1578542883492161,0.194275624411865,0.0260378221448918,0.1578542883492161,0.4627476786330851,False,,,N100_drop0.50_s0.20_c0.05,1.0,0.0,0.0,False,False,1.0068271698186462,1.0170734897113791,-0.0865463796488441,-0.1149304575594595,NSE,False,NSE validated,False,,
2026-10-01,ICICIGI,INE765G01017,1563.0,1563.0,1849345199.9476192,3126.0,0.2392769521213195,0.0260320716120264,0.1720025297666108,0.1513470275544735,0.1648675220555757,0.1039464262771268,0.0179443259646659,0.0255500235199524,0.0351902682287003,0.0179443259646659,0.3888525269468851,0.0773078352186485,0.3888525269468851,0.3579543490347796,0.1041437046803091,0.1428571428571428,0.1720025297666108,0.0260320716120264,0.1428571428571428,0.3888525269468851,False,,,N100_drop0.50_s0.20_c0.05,1.0,0.0,0.0,False,False,1.0068271698186462,1.0170734897113791,-0.0865463796488441,-0.1149304575594595,NSE,False,NSE validated,False,,
2026-10-01,KAJARIACER,INE217B01036,1225.1,1225.1,412106700.3634921,2450.2,0.2390544329118067,0.0259951012964541,0.1277098372999344,0.2035481513879239,0.1780440477824643,0.0585153291514109,0.0179119781561709,0.0255150221806573,0.0351540126460867,0.0179119781561709,0.4471044196432439,0.0511319654221296,0.4471044196432439,0.3458977468471644,0.1234077826774712,0.1330698287220026,0.1277098372999344,0.0259951012964541,0.1330698287220026,0.4471044196432439,False,,,N100_drop0.50_s0.20_c0.05,1.0,0.0,0.0,False,False,1.0068271698186462,1.0170734897113791,-0.0865463796488441,-0.1149304575594595,NSE,False,NSE validated,False,,
2026-10-01,MEESHO,INE0VDM01015,218.69,218.69,3475909447.682064,437.38,0.2390455051773109,0.0259936185784207,0.1780380563470696,0.1460003502158465,0.1855166237472819,0.0860056752634132,0.0179106810886576,0.025513618398993,0.0351525582978707,0.0179106810886576,0.4694858914224133,0.0421753218622882,0.4694858914224133,0.3712010073600981,0.0936418667909774,0.1578542883492161,0.1780380563470696,0.0259936185784207,0.1578542883492161,0.4694858914224133,False,,,N100_drop0.50_s0.20_c0.05,1.0,0.0,0.0,False,False,1.0068271698186462,1.0170734897113791,-0.0865463796488441,-0.1149304575594595,NSE,False,NSE validated,False,,
2026-10-01,FRACTAL,INE212S01015,727.35,727.35,282312260.4515873,1454.7,0.2388265336720232,0.025957265670554,0.2126146653538523,0.1220859606619966,0.151296188025365,0.0265852584745201,0.0178788862367951,0.0254792000921958,0.0351168938284823,0.0178788862367951,0.4254297356867769,0.0559953216638493,0.4254297356867769,0.3961329801434226,0.0722767759531951,0.1578542883492161,0.2126146653538523,0.025957265670554,0.1578542883492161,0.4254297356867769,False,,,N100_drop0.50_s0.20_c0.05,1.0,0.0,0.0,False,False,1.0068271698186462,1.0170734897113791,-0.0865463796488441,-0.1149304575594595,NSE,False,NSE validated,False,,
2026-10-01,CEWATER,INE037Z01029,253.45,253.45,46925620.67698413,506.9,0.2387719759038005,0.0259482123231737,0.2719695845832798,0.0954085081349533,0.1632867881191949,0.0083292416223253,0.0178709699207461,0.025470628317261,0.0351080097988832,0.0178709699207461,0.4196379674791003,0.0541885907747696,0.4196379674791003,0.435292044396921,0.0655030091788048,0.1578542883492161,0.2719695845832798,0.0259482123231737,0.1578542883492161,0.4196379674791003,False,,,N100_drop0.50_s0.20_c0.05,1.0,0.0,0.0,False,False,1.0068271698186462,1.0170734897113791,-0.0865463796488441,-0.1149304575594595,NSE,False,NSE validated,False,,
2026-10-01,TSFINV,INE202Z01029,409.15,409.15,39492063.34761904,818.3,0.2386418593397211,0.0259266273830408,0.2050397637036307,0.1264468262873918,0.1730035469147692,0.072021853158766,0.0178520989278374,0.0254501911825204,0.0350868251126665,0.0178520989278374,0.4269978419996592,0.063368857808293,0.4269978419996592,0.3904819571750511,0.0886616606310281,0.1578542883492161,0.2050397637036307,0.0259266273830408,0.1578542883492161,0.4269978419996592,False,,,N100_drop0.50_s0.20_c0.05,1.0,0.0,0.0,False,False,1.0068271698186462,1.0170734897113791,-0.0865463796488441,-0.1149304575594595,NSE,False,NSE validated,False,,
2026-10-01,ADANIGREEN,INE364U01010,1276.1,1276.1,2741984792.630159,2552.2,0.2383753619061866,0.0258824476789643,0.1729014450420546,0.1496948025661032,0.1694026556063862,0.0708326265531716,0.0178134874672654,0.0254017695358418,0.0350434495421715,0.0178134874672654,0.4629656559390675,0.0449988279708044,0.4629656559390675,0.4005523389327867,0.074526251884052,0.1578542883492161,0.1729014450420546,0.0258824476789643,0.1578542883492161,0.4629656559390675,False,,,N100_drop0.50_s0.20_c0.05,1.0,0.0,0.0,False,False,1.0068271698186462,1.0170734897113791,-0.0865463796488441,-0.1149304575594595,NSE,False,NSE validated,False,,
2026-10-01,SAGILITY,INE0W2G01015,43.17,43.17,1016234284.7266668,86.34,0.2382981675990709,0.0258696578417433,0.1553733085622896,0.166500012654182,0.1551234453391355,0.0960240877263239,0.0178023129709587,0.025387738615855,0.0350308887065506,0.0178023129709587,0.438558867286724,0.0397484637070136,0.438558867286724,0.3967700970679784,0.0737251556779031,0.1578542883492161,0.1553733085622896,0.0258696578417433,0.1578542883492161,0.438558867286724,False,,,N100_drop0.50_s0.20_c0.05,1.0,0.0,0.0,False,False,1.0068271698186462,1.0170734897113791,-0.0865463796488441,-0.1149304575594595,NSE,False,NSE validated,False,,
2026-10-01,TRF,INE391D01019,192.33,192.33,5567197.346825397,384.66,0.2381177702381804,0.0258397818356857,0.2272823554397257,0.1136902237117933,0.1493408780420702,0.0435969531389766,0.0177762161474987,0.0253549668366453,0.0350015409864628,0.0177762161474987,0.4738925463036681,0.0491044783449007,0.4738925463036681,0.4434861030663562,0.0438490638170243,0.1648675171736997,0.2272823554397257,0.0258397818356857,0.1648675171736997,0.4738925463036681,False,,,N100_drop0.50_s0.20_c0.05,1.0,0.0,0.0,False,False,1.0068271698186462,1.0170734897113791,-0.0865463796488441,-0.1149304575594595,NSE,False,NSE validated,False,,
2026-10-01,KIRLFER,INE884B01025,465.85,465.85,55266836.87222223,931.7,0.2377247508500452,0.0257747555132059,0.134290354090393,0.1919330370955496,0.1748108010253152,0.0628719992917416,0.0177194438591555,0.0252836537150269,0.0349376322809218,0.0177194438591555,0.4134241783842012,0.0677988208689915,0.4134241783842012,0.3402483280835928,0.115201297575339,0.1330698287220026,0.134290354090393,0.0257747555132059,0.1330698287220026,0.4134241783842012,False,,,N100_drop0.50_s0.20_c0.05,1.0,0.0,0.0,False,False,1.0068271698186462,1.0170734897113791,-0.0865463796488441,-0.1149304575594595,NSE,False,NSE validated,False,,
2026-10-01,AGIIL,INE976R01033,260.0,260.0,524233797.21269846,520.0,0.2376490474360476,0.0257622399719756,0.1729459044114404,0.1489612608037653,0.1623210876747599,0.008607845536127,0.0177085214474928,0.0252699306749391,0.0349253267702574,0.0177085214474928,0.4414142637121899,0.0753788922336004,0.4414142637121899,0.3642816686370962,0.1102208118848885,0.1428571428571428,0.1729459044114404,0.0257622399719756,0.1428571428571428,0.4414142637121899,False,,,N100_drop0.50_s0.20_c0.05,1.0,0.0,0.0,False,False,1.0068271698186462,1.0170734897113791,-0.0865463796488441,-0.1149304575594595,NSE,False,NSE validated,False,,
2026-10-01,APLLTD,INE901L01018,815.25,815.25,126439603.44920637,1630.5,0.2371453633425445,0.0256790500168636,0.1485177721174152,0.1729022032229399,0.1793107289883058,0.0525027425768955,0.0176362125769755,0.0251787352209739,0.0348434911190521,0.0176362125769755,0.445747746391357,0.043966250164387,0.445747746391357,0.3614059914808201,0.1004159131586189,0.1428571428571428,0.1485177721174152,0.0256790500168636,0.1428571428571428,0.445747746391357,False,,,N100_drop0.50_s0.20_c0.05,1.0,0.0,0.0,False,False,1.0068271698186462,1.0170734897113791,-0.0865463796488441,-0.1149304575594595,NSE,False,NSE validated,False,,
2026-10-01,GODIGIT,INE03JT01014,256.3,256.3,227546032.99126983,512.6,0.237093653472687,0.0256705174064315,0.2331400786326419,0.1101076981572116,0.1676409501433285,0.0409263708665574,0.0176288540545495,0.0251693835379167,0.0348350933048728,0.0176288540545495,0.3961093849096661,0.0743335882720493,0.3961093849096661,0.367522725264426,0.0961663226643113,0.1496062992125984,0.2331400786326419,0.0256705174064315,0.1496062992125984,0.3961093849096661,False,,,N100_drop0.50_s0.20_c0.05,1.0,0.0,0.0,False,False,1.0068271698186462,1.0170734897113791,-0.0865463796488441,-0.1149304575594595,NSE,False,NSE validated,False,,
2026-10-01,BAJAJELEC,INE193E01025,299.8,299.8,145585407.99761906,599.6,0.2368205396165153,0.0256254755949483,0.2326976951946879,0.1101234611434749,0.1501166175423431,0.0309152686451826,0.0175900206599655,0.0251227097803223,0.0347907503467963,0.0175900206599655,0.4128607366535231,0.061177498408395,0.4128607366535231,0.4036737264545735,0.09083189910076,0.1578542883492161,0.2326976951946879,0.0256254755949483,0.1578542883492161,0.4128607366535231,False,,,N100_drop0.50_s0.20_c0.05,1.0,0.0,0.0,False,False,1.0068271698186462,1.0170734897113791,-0.0865463796488441,-0.1149304575594595,NSE,False,NSE validated,False,,
2026-10-01,MONTECARLO,INE950M01013,522.85,522.85,34161384.22063492,1045.7,0.2367232880358476,0.0256094468600442,0.1914029967798374,0.1337985678954741,0.1640182345117576,0.0635375669994267,0.0175762056006127,0.0251066206255465,0.0347749651475576,0.0175762056006127,0.4094427614559588,0.0649559171618374,0.4094427614559588,0.3667408182290144,0.0956783960027507,0.1496062992125984,0.1914029967798374,0.0256094468600442,0.1496062992125984,0.4094427614559588,False,,,N100_drop0.50_s0.20_c0.05,1.0,0.0,0.0,False,False,1.0068271698186462,1.0170734897113791,-0.0865463796488441,-0.1149304575594595,NSE,False,NSE validated,False,,
2026-10-01,PNGJL,INE953R01016,581.95,581.95,383146156.5206349,1163.9,0.236646499463889,0.0255967944718063,0.1564567425371877,0.1636030129268628,0.1669298088271972,0.0387377786586344,0.0175653021969686,0.0250939207139137,0.0347625030802762,0.0175653021969686,0.4453139240623048,0.0436148428240106,0.4453139240623048,0.3948088393896573,0.0745282663121441,0.1578542883492161,0.1564567425371877,0.0255967944718063,0.1578542883492161,0.4453139240623048,False,,,N100_drop0.50_s0.20_c0.05,1.0,0.0,0.0,False,False,1.0068271698186462,1.0170734897113791,-0.0865463796488441,-0.1149304575594595,NSE,False,NSE validated,False,,
2026-10-01,MINDTECK,INE110B01017,150.93,150.93,8825779.00857143,301.86,0.2366250442283672,0.0255932598927029,0.2152037280920058,0.1189257273543192,0.1548549773910492,0.005190198761996,0.0175622564684421,0.0250903728853696,0.0347590213671769,0.0175622564684421,0.4789699954750716,0.0410993417283201,0.4789699954750716,0.3868990818564522,0.0892465666405901,0.1578542883492161,0.2152037280920058,0.0255932598927029,0.1578542883492161,0.4789699954750716,False,,,N100_drop0.50_s0.20_c0.05,1.0,0.0,0.0,False,False,1.0068271698186462,1.0170734897113791,-0.0865463796488441,-0.1149304575594595,NSE,False,NSE validated,False,,
2026-10-01,BANCOINDIA,INE213C01025,589.85,589.85,75342887.73809524,1179.7,0.2365748326734552,0.0255849889324657,0.188570980489807,0.1356782940090227,0.1624653852723538,0.0601957204080294,0.0175551298569202,0.0250820709668957,0.0347508735981465,0.0175551298569202,0.4154890510454862,0.0597078510544726,0.4154890510454862,0.3727524650813366,0.0900633054709632,0.1578542883492161,0.188570980489807,0.0255849889324657,0.1578542883492161,0.4154890510454862,False,,,N100_drop0.50_s0.20_c0.05,1.0,0.0,0.0,False,False,1.0068271698186462,1.0170734897113791,-0.0865463796488441,-0.1149304575594595,NSE,False,NSE validated,False,,
2026-10-01,JAGRAN,INE199G01027,61.55,61.55,12246404.713809524,123.1,0.2365153330104418,0.0255751898159222,0.1432778259841161,0.1785006831326259,0.181859086883285,0.0325578815570696,0.0175466873046451,0.0250722352549803,0.0347412194978877,0.0175466873046451,0.4645439973747767,0.0305148078647214,0.4645439973747767,0.3917577206145219,0.0797496782982133,0.1578542883492161,0.1432778259841161,0.0255751898159222,0.1578542883492161,0.4645439973747767,False,,,N100_drop0.50_s0.20_c0.05,1.0,0.0,0.0,False,False,1.0068271698186462,1.0170734897113791,-0.0865463796488441,-0.1149304575594595,NSE,False,NSE validated,False,,
2026-10-01,CGPOWER,INE067A01029,879.0,879.0,2751999255.9761906,1758.0,0.2363162651976066,0.0255424191487488,0.1442748388852313,0.1770400115925096,0.1768695521926597,0.0853869147765454,0.0175184595015679,0.0250393428562929,0.0347089264209536,0.0175184595015679,0.4844386501562594,0.030703991107185,0.4844386501562594,0.3933071467509581,0.0770033418601118,0.1578542883492161,0.1442748388852313,0.0255424191487488,0.1578542883492161,0.4844386501562594,False,,,N100_drop0.50_s0.20_c0.05,1.0,0.0,0.0,False,False,1.0068271698186462,1.0170734897113791,-0.0865463796488441,-0.1149304575594595,NSE,False,NSE validated,False,,
2026-10-01,JKIL,INE576I01022,461.85,461.85,39611718.28730159,923.7,0.2363067634778862,0.0255408555164058,0.1537491431604078,0.1661203112511584,0.1598827078516597,0.0258100737091406,0.0175171128670553,0.0250377734407285,0.0347073852923128,0.0175171128670553,0.4109992447406165,0.0716228990346601,0.4109992447406165,0.3797818824490204,0.0859186683948632,0.1578542883492161,0.1537491431604078,0.0255408555164058,0.1578542883492161,0.4109992447406165,False,,,N100_drop0.50_s0.20_c0.05,1.0,0.0,0.0,False,False,1.0068271698186462,1.0170734897113791,-0.0865463796488441,-0.1149304575594595,NSE,False,NSE validated,False,,
2026-10-01,PNBHOUSING,INE572E01012,1092.0,1092.0,1103104086.1603177,2184.0,0.2361712880546718,0.025518566678324,0.1377646714684456,0.1852330238683068,0.1729486084720419,0.0567929719851531,0.0174979195868242,0.0250154024145427,0.0346854144165198,0.0174979195868242,0.4510278542746897,0.0384388462600704,0.4510278542746897,0.3810979001769098,0.085097725073509,0.1578542883492161,0.1377646714684456,0.025518566678324,0.1578542883492161,0.4510278542746897,False,,,N100_drop0.50_s0.20_c0.05,1.0,0.0,0.0,False,False,1.0068271698186462,1.0170734897113791,-0.0865463796488441,-0.1149304575594595,NSE,False,NSE validated,False,,
2026-10-01,MANAPPURAM,INE522D01027,308.9,308.9,1921342083.7603176,617.8,0.2359955721820936,0.0254896724297458,0.1539516794543596,0.1655693040835093,0.1639125088862824,0.0871124326654664,0.0174730448391134,0.0249864023140683,0.0346569245158755,0.0174730448391134,0.4389729857131228,0.0418038244685196,0.4389729857131228,0.3771146420032013,0.0883506804846094,0.1578542883492161,0.1539516794543596,0.0254896724297458,0.1578542883492161,0.4389729857131228,False,,,N100_drop0.50_s0.20_c0.05,1.0,0.0,0.0,False,False,1.0068271698186462,1.0170734897113791,-0.0865463796488441,-0.1149304575594595,NSE,False,NSE validated,False,,
2026-10-01,GATEWAY,INE079J01017,51.88,51.88,54710659.48507936,103.76,0.2358907900107764,0.0254724504279737,0.14927603702417,0.1706399160626791,0.162794840207581,0.0299907463460861,0.017458222127573,0.0249691175933303,0.0346399393024503,0.017458222127573,0.433449757760237,0.046511100432373,0.433449757760237,0.3687510947958972,0.0957056641647197,0.1496062992125984,0.14927603702417,0.0254724504279737,0.1496062992125984,0.433449757760237,False,,,N100_drop0.50_s0.20_c0.05,1.0,0.0,0.0,False,False,1.0068271698186462,1.0170734897113791,-0.0865463796488441,-0.1149304575594595,NSE,False,NSE validated,False,,
2026-10-01,HONDAPOWER,INE634A01018,1886.3,1886.3,6992029.493650794,3772.6,0.2356181864942848,0.0254276736340704,0.1726980592362438,0.147237749784359,0.1730914182498285,0.0336220322261194,0.0174258433083298,0.0249241790353408,0.0345957633881035,0.0174258433083298,0.4737295562886989,0.0275992998089581,0.4737295562886989,0.4056499094795793,0.0670352287084506,0.1578542883492161,0.1726980592362438,0.0254276736340704,0.1578542883492161,0.4737295562886989,False,,,N100_drop0.50_s0.20_c0.05,1.0,0.0,0.0,False,False,1.0068271698186462,1.0170734897113791,-0.0865463796488441,-0.1149304575594595,NSE,False,NSE validated,False,,
2026-10-01,V2RETAIL,INE945H01021,201.39,201.39,203727786.10190475,402.78,0.2355359089811978,0.0254141670867199,0.1512311903882779,0.1680484496714629,0.1611993019505309,0.0400686714231426,0.0174167233231034,0.0249106240632601,0.0345824338989868,0.0174167233231034,0.4148856942170759,0.06453347565284,0.4148856942170759,0.3357137808117814,0.119055702432487,0.1130612244897959,0.1512311903882779,0.0254141670867199,0.1130612244897959,0.4148856942170759,False,,,N100_drop0.50_s0.20_c0.05,1.0,0.0,0.0,False,False,1.0068271698186462,1.0170734897113791,-0.0865463796488441,-0.1149304575594595,NSE,False,NSE validated,False,,
2026-10-01,MMTC,INE123F01029,56.29,56.29,137576913.77269837,112.58,0.2355327814770199,0.02541365375404,0.1742455892334996,0.1458496244629999,0.1526254367818738,0.0043979368100881,0.0174163767068512,0.0249101088935255,0.0345819272572558,0.0174163767068512,0.4323819958329088,0.0507820858965919,0.4323819958329088,0.3663024526998432,0.0997374633843914,0.1496062992125984,0.1742455892334996,0.02541365375404,0.1496062992125984,0.4323819958329088,False,,,N100_drop0.50_s0.20_c0.05,1.0,0.0,0.0,False,False,1.0068271698186462,1.0170734897113791,-0.0865463796488441,-0.1149304575594595,NSE,False,NSE validated,False,,
2026-10-01,DODLA,INE021O01019,1006.3,1006.3,29403835.67301588,2012.6,0.2354273555273152,0.0253963528214887,0.1770323530780906,0.1434559976180524,0.1597652539370082,0.0055708008571403,0.0174046946369053,0.0248927461914873,0.0345648501870218,0.0174046946369053,0.4334576811840382,0.0441892323211468,0.4334576811840382,0.3814869164130772,0.0827498256092988,0.1578542883492161,0.1770323530780906,0.0253963528214887,0.1578542883492161,0.4334576811840382,False,,,N100_drop0.50_s0.20_c0.05,1.0,0.0,0.0,False,False,1.0068271698186462,1.0170734897113791,-0.0865463796488441,-0.1149304575594595,NSE,False,NSE validated,False,,
2026-10-01,VGUARD,INE951I01027,294.55,294.55,403172416.3611111,589.1,0.2352214207972151,0.0253625755225155,0.1567482691231618,0.1618045013472361,0.1436762368158659,0.0704950195314315,0.0173818872243576,0.0248588491100522,0.0345315007335113,0.0173818872243576,0.4265632455682149,0.0454873656278574,0.4265632455682149,0.3906290103794385,0.0746288568041647,0.1578542883492161,0.1567482691231618,0.0253625755225155,0.1578542883492161,0.4265632455682149,False,,,N100_drop0.50_s0.20_c0.05,1.0,0.0,0.0,False,False,1.0068271698186462,1.0170734897113791,-0.0865463796488441,-0.1149304575594595,NSE,False,NSE validated,False,,
2026-10-01,NAVA,INE725A01030,552.5,552.5,157303214.03333327,1105.0,0.2349293677701608,0.0253147131213624,0.168070227787188,0.1506198537043467,0.1685535248962215,0.0042854758843617,0.0173495690439246,0.0248108188199934,0.0344842236949552,0.0173495690439246,0.425670747532015,0.0601470444033838,0.425670747532015,0.3510839072030859,0.1086345322354395,0.1428571428571428,0.168070227787188,0.0253147131213624,0.1428571428571428,0.425670747532015,False,,,N100_drop0.50_s0.20_c0.05,1.0,0.0,0.0,False,False,1.0068271698186462,1.0170734897113791,-0.0865463796488441,-0.1149304575594595,NSE,False,NSE validated,False,,
2026-10-01,TRITURBINE,INE152M01016,530.0,530.0,395862424.4499999,1060.0,0.2348492156669582,0.0253015857830512,0.1702963671532866,0.1485738433884314,0.1636999613497976,0.0419382525327773,0.0173402012518278,0.0247976458124258,0.0344712526173911,0.0173402012518278,0.4516244337674555,0.0376225092394333,0.4516244337674555,0.4090273216311255,0.0638426504332677,0.1578542883492161,0.1702963671532866,0.0253015857830512,0.1578542883492161,0.4516244337674555,False,,,N100_drop0.50_s0.20_c0.05,1.0,0.0,0.0,False,False,1.0068271698186462,1.0170734897113791,-0.0865463796488441,-0.1149304575594595,NSE,False,NSE validated,False,,
2026-10-01,HUBTOWN,INE703H01016,177.42,177.42,103620135.63857144,354.84,0.2348116835879861,0.025295439979312,0.2908260052837632,0.0869779164164871,0.1616193720689574,0.1100025987188391,0.0173345421081292,0.0247914786837678,0.0344651793348536,0.0173345421081292,0.3652196348424678,0.0996384929380548,0.3652196348424678,0.3721316071732009,0.1220412418763324,0.1578542883492161,0.2908260052837632,0.025295439979312,0.1578542883492161,0.3652196348424678,False,,,N100_drop0.50_s0.20_c0.05,1.0,0.0,0.0,False,False,1.0068271698186462,1.0170734897113791,-0.0865463796488441,-0.1149304575594595,NSE,False,NSE validated,False,,
2026-10-01,ALLTIME,INE0GV601021,188.04,188.04,20205057.75126984,376.08,0.2341892308896409,0.0251936272881111,0.2099380305038546,0.1200050663886196,0.1671130738660853,0.0152709864238801,0.0172408608252489,0.0246893179224454,0.0343626336793863,0.0172408608252489,0.4198349232422653,0.0605041471625977,0.4198349232422653,0.3873376847215982,0.0793012221829509,0.1578542883492161,0.2099380305038546,0.0251936272881111,0.1578542883492161,0.4198349232422653,False,,,N100_drop0.50_s0.20_c0.05,1.0,0.0,0.0,False,False,1.0068271698186462,1.0170734897113791,-0.0865463796488441,-0.1149304575594595,NSE,False,NSE validated,False,,
2026-10-01,RENUKA,INE087H01022,21.34,21.34,372709127.364127,42.68,0.2341799606626363,0.0251921125909109,0.2253578688766125,0.1117871442274954,0.153730121614778,0.0271098537840403,0.0172394680890264,0.0246877981210984,0.0343611045433008,0.0172394680890264,0.4017468698241879,0.0719666716391112,0.4017468698241879,0.3855500301082933,0.0841794405795166,0.1578542883492161,0.2253578688766125,0.0251921125909109,0.1578542883492161,0.4017468698241879,False,,,N100_drop0.50_s0.20_c0.05,1.0,0.0,0.0,False,False,1.0068271698186462,1.0170734897113791,-0.0865463796488441,-0.1149304575594595,NSE,False,NSE validated,False,,
2026-10-01,VENTIVE,INE781S01027,552.2,552.2,15093040.52142857,1104.4,0.2341002850317099,0.0251790960319515,0.1695185413191824,0.1485329913530956,0.1683685478941147,0.0360190284462381,0.0172275007972236,0.0246747377894291,0.0343479629395005,0.0172275007972236,0.4152524538029503,0.0643268493795135,0.4152524538029503,0.3740567265793266,0.0895455845128072,0.1578542883492161,0.1695185413191824,0.0251790960319515,0.1578542883492161,0.4152524538029503,False,,,N100_drop0.50_s0.20_c0.05,1.0,0.0,0.0,False,False,1.0068271698186462,1.0170734897113791,-0.0865463796488441,-0.1149304575594595,NSE,False,NSE validated,False,,
2026-10-01,GRAVITA,INE024L01027,1412.6,1412.6,436270732.2142857,2825.2,0.234018977085382,0.0251658163880374,0.1757326210647691,0.1432051501625424,0.148924717767803,0.0560136135722426,0.0172152938341834,0.0246614136539503,0.0343345539424354,0.0172152938341834,0.4311310825702786,0.0444823222540505,0.4311310825702786,0.3774219170190809,0.0858233248225536,0.1578542883492161,0.1757326210647691,0.0251658163880374,0.1578542883492161,0.4311310825702786,False,,,N100_drop0.50_s0.20_c0.05,1.0,0.0,0.0,False,False,1.0068271698186462,1.0170734897113791,-0.0865463796488441,-0.1149304575594595,NSE,False,NSE validated,False,,
2026-10-01,NEWGEN,INE619B01017,456.35,456.35,1497769498.422222,912.7,0.2337764669345276,0.0251262298492001,0.2685337989090525,0.093568221025726,0.1482506044618288,0.0597331310030362,0.0171789181811834,0.0246216954809015,0.0342945711172124,0.0171789181811834,0.3848971785705596,0.0731909726194348,0.3848971785705596,0.4234968212876084,0.0969426981135327,0.1578542883492161,0.2685337989090525,0.0251262298492001,0.1578542883492161,0.3848971785705596,False,,,N100_drop0.50_s0.20_c0.05,1.0,0.0,0.0,False,False,1.0068271698186462,1.0170734897113791,-0.0865463796488441,-0.1149304575594595,NSE,False,NSE validated,False,,
2026-10-01,BERGEPAINT,INE463A01038,452.4,452.4,196069203.26269844,904.8,0.2337081595762594,0.0251150853974082,0.1631362765442462,0.1539515669318127,0.1619256411666489,0.0242217618389359,0.0171686812382391,0.0246105142402787,0.0342833122125282,0.0171686812382391,0.425333293372921,0.0597169454409055,0.425333293372921,0.3494125026102394,0.1099075723684932,0.1428571428571428,0.1631362765442462,0.0251150853974082,0.1428571428571428,0.425333293372921,False,,,N100_drop0.50_s0.20_c0.05,1.0,0.0,0.0,False,False,1.0068271698186462,1.0170734897113791,-0.0865463796488441,-0.1149304575594595,NSE,False,NSE validated,False,,
2026-10-01,ORIENTELEC,INE142Z01019,154.46,154.46,127842685.27873015,308.92,0.2334419054295061,0.0250716699852724,0.1613456821565438,0.1553910191469946,0.143310076338804,0.0419422428016485,0.0171288162018978,0.0245691284690903,0.0342394387992343,0.0171288162018978,0.43789963754426,0.0352948266918912,0.43789963754426,0.3950172346081643,0.0719671219423001,0.1578542883492161,0.1613456821565438,0.0250716699852724,0.1578542883492161,0.43789963754426,False,,,N100_drop0.50_s0.20_c0.05,1.0,0.0,0.0,False,False,1.0068271698186462,1.0170734897113791,-0.0865463796488441,-0.1149304575594595,NSE,False,NSE validated,False,,
2026-10-01,TTML,INE517B01013,34.82,34.82,154793436.3790476,69.64,0.2333106925904024,0.0250502886732482,0.223253009813332,0.1122058273444712,0.1607222651724452,0.0540430779535149,0.0171091921630222,0.0245489875219633,0.0342178248274822,0.0171091921630222,0.3887262041508336,0.0780817732342328,0.3887262041508336,0.3746722752110212,0.0975206406476374,0.1578542883492161,0.223253009813332,0.0250502886732482,0.1578542883492161,0.3887262041508336,False,,,N100_drop0.50_s0.20_c0.05,1.0,0.0,0.0,False,False,1.0068271698186462,1.0170734897113791,-0.0865463796488441,-0.1149304575594595,NSE,False,NSE validated,False,,
2026-10-01,ARE&M,INE885A01032,747.4,747.4,764918963.9880953,1494.8,0.2332104216011665,0.025033955720938,0.1828388505846442,0.1369181420736877,0.1476261403910768,0.0277511489693494,0.0170942054776441,0.024533601696309,0.0342013109866977,0.0170942054776441,0.4398013422152222,0.0425148062898334,0.4398013422152222,0.3971911611539527,0.0714006346778233,0.1578542883492161,0.1828388505846442,0.025033955720938,0.1578542883492161,0.4398013422152222,False,,,N100_drop0.50_s0.20_c0.05,1.0,0.0,0.0,False,False,1.0068271698186462,1.0170734897113791,-0.0865463796488441,-0.1149304575594595,NSE,False,NSE validated,False,,
2026-10-01,HITECH,INE106T01025,71.42,71.42,51986882.52857143,142.84,0.2328018269844666,0.0249674572952916,0.2255437005297371,0.1106989786753088,0.1601026741252678,0.0454596182086017,0.0170256047357919,0.0244709560719309,0.0341315877363653,0.0170256047357919,0.3910931406203603,0.0749414827445974,0.3910931406203603,0.3740921355422181,0.098692509450415,0.1578542883492161,0.2255437005297371,0.0249674572952916,0.1578542883492161,0.3910931406203603,False,,,N100_drop0.50_s0.20_c0.05,1.0,0.0,0.0,False,False,1.0068271698186462,1.0170734897113791,-0.0865463796488441,-0.1149304575594595,NSE,False,NSE validated,False,,
2026-10-01,AJMERA,INE298G01035,119.6,119.6,41200918.72333333,239.2,0.2327262265982625,0.0249551633874667,0.2005996254306814,0.1244028414005695,0.1736294736108234,0.0852593046806704,0.0170122007801901,0.0244593738602707,0.0341144503797276,0.0170122007801901,0.4349240429803844,0.0720969089778649,0.4349240429803844,0.3842448988924284,0.0971470954482799,0.1578542883492161,0.2005996254306814,0.0249551633874667,0.1578542883492161,0.4349240429803844,False,,,N100_drop0.50_s0.20_c0.05,1.0,0.0,0.0,False,False,1.0068271698186462,1.0170734897113791,-0.0865463796488441,-0.1149304575594595,NSE,False,NSE validated,False,,
2026-10-01,NUCLEUS,INE096B01018,646.95,646.95,22315874.219841268,1293.9,0.2321273882579765,0.0248578922029993,0.2232723931533046,0.1113343743573851,0.1417799588293337,0.0725412541258966,0.0169239194852199,0.0243677271959216,0.0339788611904083,0.0169239194852199,0.428241382146401,0.0638707432759425,0.428241382146401,0.416492310753715,0.0984863467114536,0.1578542883492161,0.2232723931533046,0.0248578922029993,0.1578542883492161,0.428241382146401,False,,,N100_drop0.50_s0.20_c0.05,1.0,0.0,0.0,False,False,1.0068271698186462,1.0170734897113791,-0.0865463796488441,-0.1149304575594595,NSE,False,NSE validated,False,,
2026-10-01,CLEAN,INE227W01023,803.05,803.05,310740392.46031743,1606.1,0.2318946321565809,0.0248201376221907,0.1797245814241807,0.1381009621806321,0.162822813253971,0.1057188959158716,0.0168908235576863,0.0243321525733338,0.0339262359144076,0.0168908235576863,0.4354798144161375,0.0446436732029934,0.4354798144161375,0.3875299164351756,0.0802847882272772,0.1578542883492161,0.1797245814241807,0.0248201376221907,0.1578542883492161,0.4354798144161375,False,,,N100_drop0.50_s0.20_c0.05,1.0,0.0,0.0,False,False,1.0068271698186462,1.0170734897113791,-0.0865463796488441,-0.1149304575594595,NSE,False,NSE validated,False,,
2026-10-01,AVL,INE679V01027,572.3,572.3,118599656.1484127,1144.6,0.2313579528285671,0.024733197000368,0.1503581352461271,0.1644952363893131,0.1737475351718819,0.0385867881142712,0.0168154728277033,0.0242502252454165,0.0338050554881487,0.0168154728277033,0.4566781413093727,0.0342458318473739,0.4566781413093727,0.3696450899580488,0.0934743835968811,0.1496062992125984,0.1503581352461271,0.024733197000368,0.1496062992125984,0.4566781413093727,False,,,N100_drop0.50_s0.20_c0.05,1.0,0.0,0.0,False,False,1.0068271698186462,1.0170734897113791,-0.0865463796488441,-0.1149304575594595,NSE,False,NSE validated,False,,
2026-10-01,FINOPB,INE02NC01014,128.22,128.22,505544911.14777774,256.44,0.2308736811408896,0.0246548805863693,0.2774633581153491,0.0888581496087843,0.1517017844793254,0.1617624064641986,0.0167457736581955,0.0241766774462281,0.0336959007691655,0.0167457736581955,0.3749492403624654,0.0870223937101362,0.3749492403624654,0.4040140893762765,0.103065241598729,0.1578542883492161,0.2774633581153491,0.0246548805863693,0.1578542883492161,0.3749492403624654,False,,,N100_drop0.50_s0.20_c0.05,1.0,0.0,0.0,False,False,1.0068271698186462,1.0170734897113791,-0.0865463796488441,-0.1149304575594595,NSE,False,NSE validated,False,,
2026-10-01,SRM,INE0R6Z01013,398.75,398.75,37457579.66190476,797.5,0.2307917401245641,0.0246416416752941,0.2096943686911301,0.1175121765505782,0.1534975857176455,0.0014803046060499,0.0167337044690645,0.0241642899492827,0.0336774493049057,0.0167337044690645,0.4349799036390316,0.0392195419667471,0.4349799036390316,0.4028224808626477,0.0662404364549443,0.1578542883492161,0.2096943686911301,0.0246416416752941,0.1578542883492161,0.4349799036390316,False,,,N100_drop0.50_s0.20_c0.05,1.0,0.0,0.0,False,False,1.0068271698186462,1.0170734897113791,-0.0865463796488441,-0.1149304575594595,NSE,False,NSE validated,False,,
2026-10-01,DECCANCE,INE583C01021,548.95,548.95,15377135.415079365,1097.9,0.2307879520302228,0.0246410297347806,0.2201665262056255,0.1119199642172991,0.1663854986544254,0.0236057110685378,0.0167331466505597,0.0241637173571146,0.033676596428528,0.0167331466505597,0.3887370853075591,0.082277763537933,0.3887370853075591,0.3615213283166554,0.107063873482604,0.1428571428571428,0.2201665262056255,0.0246410297347806,0.1428571428571428,0.3887370853075591,False,,,N100_drop0.50_s0.20_c0.05,1.0,0.0,0.0,False,False,1.0068271698186462,1.0170734897113791,-0.0865463796488441,-0.1149304575594595,NSE,False,NSE validated,False,,
2026-10-01,LODHA,INE670K01029,1105.6,1105.6,2808487978.471429,2211.2,0.2306699762681189,0.0246219754590488,0.1940096861773992,0.1269110627627888,0.1707291789623899,0.0968422101724058,0.0167157799893834,0.0241458880032095,0.0336500401680498,0.0167157799893834,0.4780117332743716,0.025455247416449,0.4780117332743716,0.4036985750707242,0.0681375082819041,0.1578542883492161,0.1940096861773992,0.0246219754590488,0.1578542883492161,0.4780117332743716,False,,,N100_drop0.50_s0.20_c0.05,1.0,0.0,0.0,False,False,1.0068271698186462,1.0170734897113791,-0.0865463796488441,-0.1149304575594595,NSE,False,NSE validated,False,,
2026-10-01,CSBBANK,INE679A01013,304.75,304.75,214133390.4515873,609.5,0.2306608625587616,0.0246205038170519,0.2459331590898787,0.1001105499891299,0.160879432867422,0.0458549601539278,0.0167144388818627,0.0241445109440347,0.0336479891280253,0.0167144388818627,0.3814525251511919,0.0823549919949853,0.3814525251511919,0.3491690408479557,0.1104670027293765,0.1428571428571428,0.2459331590898787,0.0246205038170519,0.1428571428571428,0.3814525251511919,False,,,N100_drop0.50_s0.20_c0.05,1.0,0.0,0.0,False,False,1.0068271698186462,1.0170734897113791,-0.0865463796488441,-0.1149304575594595,NSE,False,NSE validated,False,,
2026-10-01,VESUVIUS,INE386A01023,404.1,404.1,106598370.0452381,808.2,0.2306247387205753,0.0246146711403242,0.1874118631228432,0.1313399841940103,0.1823676777015092,0.0296290324551211,0.0167091238350131,0.0241390531024636,0.0336398600933822,0.0167091238350131,0.4074783676278817,0.0673957131360049,0.4074783676278817,0.3603226106147965,0.0999501792903668,0.1428571428571428,0.1874118631228432,0.0246146711403242,0.1428571428571428,0.4074783676278817,False,,,N100_drop0.50_s0.20_c0.05,1.0,0.0,0.0,False,False,1.0068271698186462,1.0170734897113791,-0.0865463796488441,-0.1149304575594595,NSE,False,NSE validated,False,,
2026-10-01,ARSSBL,INE549H01021,521.05,521.05,107954269.66984126,1042.1,0.2305807825640274,0.0246075747850963,0.1762250448558338,0.1396372167487733,0.1736182885316542,0.0488437875329908,0.0167026578428589,0.0241324127222349,0.0336299698989236,0.0167026578428589,0.4252882977399752,0.0579770726837036,0.4252882977399752,0.3617018885093423,0.0990486635202818,0.1428571428571428,0.1762250448558338,0.0246075747850963,0.1428571428571428,0.4252882977399752,False,,,N100_drop0.50_s0.20_c0.05,1.0,0.0,0.0,False,False,1.0068271698186462,1.0170734897113791,-0.0865463796488441,-0.1149304575594595,NSE,False,NSE validated,False,,
2026-10-01,BALMLAWRIE,INE164A01016,159.3,159.3,22464871.14793651,318.6,0.2305259684296546,0.0245987269669861,0.1563415352386677,0.1573396789882756,0.165374886162273,0.0603631527524055,0.0166945968701006,0.0241241333112821,0.0336176387451279,0.0166945968701006,0.4580416197158817,0.0282847144556126,0.4580416197158817,0.3957211761731283,0.0729997858236431,0.1578542883492161,0.1563415352386677,0.0245987269669861,0.1578542883492161,0.4580416197158817,False,,,N100_drop0.50_s0.20_c0.05,1.0,0.0,0.0,False,False,1.0068271698186462,1.0170734897113791,-0.0865463796488441,-0.1149304575594595,NSE,False,NSE validated,False,,
2026-10-01,PARKHOTELS,INE988S01028,103.55,103.55,19651670.82809524,207.1,0.2304234395120684,0.0245821816426915,0.2120209823124396,0.1159422118253682,0.1622473089584389,0.0214934848148461,0.0166795256232961,0.024108650581107,0.0335945797862293,0.0166795256232961,0.4334657197666771,0.0437057823461224,0.4334657197666771,0.3765944389093735,0.0860439896947185,0.1578542883492161,0.2120209823124396,0.0245821816426915,0.1578542883492161,0.4334657197666771,False,,,N100_drop0.50_s0.20_c0.05,1.0,0.0,0.0,False,False,1.0068271698186462,1.0170734897113791,-0.0865463796488441,-0.1149304575594595,NSE,False,NSE validated,False,,
2026-10-01,CHENNPETRO,INE178A01016,1346.4,1346.4,3010981066.8158736,2692.8,0.2301622614900858,0.0245400604783927,0.2296295505367759,0.106868042118397,0.1806994137971191,0.0602290061402981,0.0166411729752167,0.0240692326830403,0.033535877155904,0.0166411729752167,0.4732154212959604,0.0224838272115235,0.4732154212959604,0.404919795047398,0.0694612063133219,0.1578542883492161,0.2296295505367759,0.0245400604783927,0.1578542883492161,0.4732154212959604,False,,,N100_drop0.50_s0.20_c0.05,1.0,0.0,0.0,False,False,1.0068271698186462,1.0170734897113791,-0.0865463796488441,-0.1149304575594595,NSE,False,NSE validated,False,,
2026-10-01,CARERATING,INE752H01013,1602.7,1602.7,87596326.53333335,3205.4,0.230124276288638,0.0245339375380922,0.138195544004802,0.1775305977828038,0.1718523118263471,0.0564563375325372,0.016635599735198,0.0240635024765805,0.0335273439687359,0.016635599735198,0.4452801892282454,0.0407202444549815,0.4452801892282454,0.3487260957811811,0.109883153497954,0.1428571428571428,0.138195544004802,0.0245339375380922,0.1428571428571428,0.4452801892282454,False,,,N100_drop0.50_s0.20_c0.05,1.0,0.0,0.0,False,False,1.0068271698186462,1.0170734897113791,-0.0865463796488441,-0.1149304575594595,NSE,False,NSE validated,False,,
2026-10-01,GANESHCP,INE652V01016,148.85,148.85,28057330.21460317,297.7,0.2294205828066171,0.0244206483754235,0.2738852309450886,0.0891638015352484,0.1549662938579225,0.1396149470016716,0.0165325680420457,0.0239408352430578,0.0333694648057003,0.0165325680420457,0.3909482495223387,0.0993376446787812,0.3909482495223387,0.3509837731024312,0.1238011563389198,0.1428571428571428,0.2738852309450886,0.0244206483754235,0.1428571428571428,0.3909482495223387,False,,,N100_drop0.50_s0.20_c0.05,1.0,0.0,0.0,False,False,1.0068271698186462,1.0170734897113791,-0.0865463796488441,-0.1149304575594595,NSE,False,NSE validated,False,,
2026-10-01,BANDHANBNK,INE545U01014,176.0,176.0,2479294894.256349,352.0,0.2292513729814039,0.0243934468218237,0.2062021391923607,0.1182987088173109,0.1788471917501073,0.0985364876440846,0.016507853902635,0.023911951944384,0.0333313208528481,0.016507853902635,0.4154076360331911,0.0669322723494369,0.4154076360331911,0.3596293817512473,0.1035680260901165,0.1428571428571428,0.2062021391923607,0.0243934468218237,0.1428571428571428,0.4154076360331911,False,,,N100_drop0.50_s0.20_c0.05,1.0,0.0,0.0,False,False,1.0068271698186462,1.0170734897113791,-0.0865463796488441,-0.1149304575594595,NSE,False,NSE validated,False,,
2026-10-01,RHIM,INE743M01012,384.85,384.85,353672352.5992063,769.7,0.2292410238315797,0.0243917836319396,0.1648236271172458,0.1479871791353599,0.1810812533146377,0.0934688313693216,0.0165063431096341,0.0239101860507444,0.0333289778486388,0.0165063431096341,0.4216126648755083,0.0599513495680524,0.4216126648755083,0.3621147070171984,0.1003709609454291,0.1428571428571428,0.1648236271172458,0.0243917836319396,0.1428571428571428,0.4216126648755083,False,,,N100_drop0.50_s0.20_c0.05,1.0,0.0,0.0,False,False,1.0068271698186462,1.0170734897113791,-0.0865463796488441,-0.1149304575594595,NSE,False,NSE validated,False,,
2026-10-01,BRIGHOTEL,INE03NU01014,56.94,56.94,7478797.019841269,113.88,0.229198474102535,0.0243849461628553,0.1655159534733677,0.1473268627654012,0.1782204103187024,0.0592340296743129,0.0165001325264265,0.0239029265102088,0.0333193456587609,0.0165001325264265,0.4616243970936118,0.0338982892485308,0.4616243970936118,0.3931178490688333,0.0757295739392746,0.1578542883492161,0.1655159534733677,0.0243849461628553,0.1578542883492161,0.4616243970936118,False,,,N100_drop0.50_s0.20_c0.05,1.0,0.0,0.0,False,False,1.0068271698186462,1.0170734897113791,-0.0865463796488441,-0.1149304575594595,NSE,False,NSE validated,False,,
2026-10-01,ROUTE,INE450U01017,436.4,436.4,484266974.18412703,872.8,0.2288550266699967,0.0243297921243552,0.2403139489998702,0.1012416974778619,0.1442576825450028,0.016183208324232,0.0164500572118428,0.0238451446256367,0.0332416502287418,0.0164500572118428,0.4000472786808488,0.0614994407657775,0.4000472786808488,0.4080766708241447,0.074865702384616,0.1578542883492161,0.2403139489998702,0.0243297921243552,0.1578542883492161,0.4000472786808488,False,,,N100_drop0.50_s0.20_c0.05,1.0,0.0,0.0,False,False,1.0068271698186462,1.0170734897113791,-0.0865463796488441,-0.1149304575594595,NSE,False,NSE validated,False,,
2026-10-01,TEAMLEASE,INE985S01024,1179.4,1179.4,35689821.49841271,2358.8,0.2287611358743206,0.0243147253245699,0.1738525912376101,0.1398582854099553,0.158968289576182,0.035902826751708,0.016436384609398,0.0238296724318912,0.0332204262835443,0.016436384609398,0.419341356923985,0.0541402035869931,0.419341356923985,0.3707595491140669,0.0905026983367674,0.1578542883492161,0.1738525912376101,0.0243147253245699,0.1578542883492161,0.419341356923985,False,,,N100_drop0.50_s0.20_c0.05,1.0,0.0,0.0,False,False,1.0068271698186462,1.0170734897113791,-0.0865463796488441,-0.1149304575594595,NSE,False,NSE validated,False,,
2026-10-01,LAURUSLABS,INE947Q01028,1984.0,1984.0,4482575994.561904,3968.0,0.2286523757572297,0.0242972783620406,0.1084632796114861,0.2240138639461494,0.1924174451399987,0.0147537124545523,0.0164205557443491,0.0238117572244029,0.0331958498496788,0.0164205557443491,0.5127253970626758,0.0107302171192401,0.5127253970626758,0.4255440782184332,0.0630820939393152,0.1578542883492161,0.1084632796114861,0.0242972783620406,0.1578542883492161,0.5127253970626758,False,,,N100_drop0.50_s0.20_c0.05,1.0,0.0,0.0,False,False,1.0068271698186462,1.0170734897113791,-0.0865463796488441,-0.1149304575594595,NSE,False,NSE validated,False,,
2026-10-01,AAVAS,INE216P01012,1190.9,1190.9,134055097.15079366,2381.8,0.2286254379231374,0.0242929580627144,0.2029566332181952,0.1196953145975647,0.1638728668819923,0.0188750329393608,0.0164166367317958,0.0238080398660083,0.0331897641738856,0.0164166367317958,0.4076416212845212,0.0658184979678309,0.4076416212845212,0.3753327586969684,0.088769170791421,0.1578542883492161,0.2029566332181952,0.0242929580627144,0.1578542883492161,0.4076416212845212,False,,,N100_drop0.50_s0.20_c0.05,1.0,0.0,0.0,False,False,1.0068271698186462,1.0170734897113791,-0.0865463796488441,-0.1149304575594595,NSE,False,NSE validated,False,,
2026-10-01,JTEKTINDIA,INE643A01035,115.84,115.84,26882988.80285713,231.68,0.2283285927806919,0.0242453758202184,0.1993559407108927,0.121618526810692,0.1560729915038364,0.0285312250496884,0.0163734900390694,0.023768582527871,0.0331227401997292,0.0163734900390694,0.4069585651261377,0.0617002878725641,0.4069585651261377,0.3846079749922136,0.0820234158755044,0.1578542883492161,0.1993559407108927,0.0242453758202184,0.1578542883492161,0.4069585651261377,False,,,N100_drop0.50_s0.20_c0.05,1.0,0.0,0.0,False,False,1.0068271698186462,1.0170734897113791,-0.0865463796488441,-0.1149304575594595,NSE,False,NSE validated,False,,
2026-10-01,ABCAPITAL,INE674K01013,375.05,375.05,1340835331.4571426,750.1,0.2282284031310053,0.0242293268148245,0.1385388142661484,0.1748919748098703,0.1680327936489251,0.0597443433590791,0.016359503161788,0.0237552713807226,0.0331001343169542,0.016359503161788,0.4594421676283748,0.0287096149978197,0.4594421676283748,0.4057134565993109,0.0675368088766432,0.1578542883492161,0.1385388142661484,0.0242293268148245,0.1578542883492161,0.4594421676283748,False,,,N100_drop0.50_s0.20_c0.05,1.0,0.0,0.0,False,False,1.0068271698186462,1.0170734897113791,-0.0865463796488441,-0.1149304575594595,NSE,False,NSE validated,False,,
2026-10-01,TENNIND,INE19RI01016,495.4,495.4,967683703.8531746,990.8,0.2277223662816257,0.0241483491767055,0.1565138441315942,0.154288902114001,0.1578327114472956,0.0357050988173369,0.0162911269023044,0.0236854085851028,0.0329860777748284,0.0162911269023044,0.4149940230869242,0.0604808823415321,0.4149940230869242,0.3885949993561516,0.0793960534401655,0.1578542883492161,0.1565138441315942,0.0241483491767055,0.1578542883492161,0.4149940230869242,False,,,N100_drop0.50_s0.20_c0.05,1.0,0.0,0.0,False,False,1.0068271698186462,1.0170734897113791,-0.0865463796488441,-0.1149304575594595,NSE,False,NSE validated,False,,
2026-10-01,UNOMINDA,INE405E01023,1111.0,1111.0,918656658.426984,2222.0,0.2276585055986407,0.0241381397679356,0.1527386347645486,0.1580355867730868,0.1575804889580984,0.0744347717077619,0.0162825103901321,0.023674787887291,0.0329716984504404,0.0162825103901321,0.4242939321835822,0.0573811184143289,0.4242939321835822,0.3658063702841754,0.0951572062326019,0.1428571428571428,0.1527386347645486,0.0241381397679356,0.1428571428571428,0.4242939321835822,False,,,N100_drop0.50_s0.20_c0.05,1.0,0.0,0.0,False,False,1.0068271698186462,1.0170734897113791,-0.0865463796488441,-0.1149304575594595,NSE,False,NSE validated,False,,
2026-10-01,TATACOMM,INE151A01013,1683.0,1683.0,478191024.384127,3366.0,0.2274273858168579,0.0241012089537009,0.1355494124093055,0.1778038615241274,0.1739130102948173,0.0313094010615106,0.0162513493886792,0.0236363726529969,0.0329196847390224,0.0162513493886792,0.4532796406502409,0.037571578209717,0.4532796406502409,0.3579183291490084,0.1112596502698964,0.1428571428571428,0.1355494124093055,0.0241012089537009,0.1428571428571428,0.4532796406502409,False,,,N100_drop0.50_s0.20_c0.05,1.0,0.0,0.0,False,False,1.0068271698186462,1.0170734897113791,-0.0865463796488441,-0.1149304575594595,NSE,False,NSE validated,False,,
2026-10-01,LAOPALA,INE059D01020,156.11,156.11,59081856.54809524,312.22,0.2274168526548213,0.0240995265347517,0.1979558823147446,0.1217419065952996,0.1468169324997324,0.0058250468892285,0.0162499301095129,0.0236346227348702,0.032917315244063,0.0162499301095129,0.4083769166820066,0.0575896338201957,0.4083769166820066,0.4343063218998421,0.0843382448784311,0.1578542883492161,0.1979558823147446,0.0240995265347517,0.1578542883492161,0.4083769166820066,False,,,N100_drop0.50_s0.20_c0.05,1.0,0.0,0.0,False,False,1.0068271698186462,1.0170734897113791,-0.0865463796488441,-0.1149304575594595,NSE,False,NSE validated,False,,
2026-10-01,HINDWAREAP,INE05AN01011,170.53,170.53,26351637.5036508,341.06,0.2273546290939782,0.0240895890346756,0.2325020795127553,0.1036102089287078,0.1559464388872143,0.0460660765359498,0.0162415474067298,0.0236260118166163,0.0329033194811738,0.0162415474067298,0.4336341516724151,0.0474650903011787,0.4336341516724151,0.4095008274584399,0.072414904808224,0.1578542883492161,0.2325020795127553,0.0240895890346756,0.1578542883492161,0.4336341516724151,False,,,N100_drop0.50_s0.20_c0.05,1.0,0.0,0.0,False,False,1.0068271698186462,1.0170734897113791,-0.0865463796488441,-0.1149304575594595,NSE,False,NSE validated,False,,
2026-10-01,SUNTECK,INE805D01034,279.45,279.45,83123402.81190477,558.9,0.2272722225624237,0.0240764313838196,0.2048861370813963,0.1175112759056736,0.1534796478722678,0.0102911722821917,0.0162304497295067,0.0236159974328157,0.0328847887139704,0.0162304497295067,0.4082855481874429,0.0599223524010857,0.4082855481874429,0.4230559475570092,0.0855692560788974,0.1578542883492161,0.2048861370813963,0.0240764313838196,0.1578542883492161,0.4082855481874429,False,,,N100_drop0.50_s0.20_c0.05,1.0,0.0,0.0,False,False,1.0068271698186462,1.0170734897113791,-0.0865463796488441,-0.1149304575594595,NSE,False,NSE validated,False,,
2026-10-01,GODREJPROP,INE484J01027,1595.8,1595.8,1383594782.225397,3191.6,0.2272143081603327,0.0240671865123092,0.1968053136176696,0.1222893125693964,0.1588070435067017,0.0827826463894231,0.0162226531701266,0.0236089604254502,0.0328717686937022,0.0162226531701266,0.3973857633535259,0.0679713992500339,0.3973857633535259,0.3422774089504732,0.1096756480084039,0.1330698287220026,0.1968053136176696,0.0240671865123092,0.1330698287220026,0.3973857633535259,False,,,N100_drop0.50_s0.20_c0.05,1.0,0.0,0.0,False,False,1.0068271698186462,1.0170734897113791,-0.0865463796488441,-0.1149304575594595,NSE,False,NSE validated,False,,
2026-10-01,BHARTIHEXA,INE343G01021,1379.2,1379.2,235364114.24285716,2758.4,0.2271558692176634,0.0240578597324888,0.1761698054999992,0.1365606306041415,0.1494321533916864,0.0437074006819216,0.0162147883096105,0.0236018605118209,0.0328586334247592,0.0162147883096105,0.4152468189218011,0.0532298899826301,0.4152468189218011,0.3931247764737942,0.0795510276250079,0.1578542883492161,0.1761698054999992,0.0240578597324888,0.1578542883492161,0.4152468189218011,False,,,N100_drop0.50_s0.20_c0.05,1.0,0.0,0.0,False,False,1.0068271698186462,1.0170734897113791,-0.0865463796488441,-0.1149304575594595,NSE,False,NSE validated,False,,
2026-10-01,KRSNAA,INE08LI01020,554.85,554.85,67018640.21190476,1109.7,0.226725651223111,0.0239892538614272,0.1873805248040278,0.1280242644560657,0.1795536512141445,0.0413569083663725,0.016156959969003,0.0235496177170969,0.032762016401375,0.016156959969003,0.3959443766437784,0.077748799410137,0.3959443766437784,0.3524237423152496,0.106851275779371,0.1428571428571428,0.1873805248040278,0.0239892538614272,0.1428571428571428,0.3959443766437784,False,,,N100_drop0.50_s0.20_c0.05,1.0,0.0,0.0,False,False,1.0068271698186462,1.0170734897113791,-0.0865463796488441,-0.1149304575594595,NSE,False,NSE validated,False,,
2026-10-01,SHALBY,INE597J01018,133.55,133.55,13117366.445555557,267.1,0.226714883165273,0.023987537976613,0.2313793228690804,0.1036719170890896,0.1585445554286116,0.0173971860442671,0.0161555141794063,0.0235483106943853,0.0327596000112669,0.0161555141794063,0.4066911695588688,0.0634429946444524,0.4066911695588688,0.3819747998901426,0.0852197657533117,0.1578542883492161,0.2313793228690804,0.023987537976613,0.1578542883492161,0.4066911695588688,False,,,N100_drop0.50_s0.20_c0.05,1.0,0.0,0.0,False,False,1.0068271698186462,1.0170734897113791,-0.0865463796488441,-0.1149304575594595,NSE,False,NSE validated,False,,
2026-10-01,FLAIR,INE00Y201027,226.57,226.57,30084852.4468254,453.14,0.226576985029785,0.0239655694660033,0.1722530276730661,0.1391300332409233,0.1672353074218254,0.0106402209101582,0.0161370060388112,0.0235315751660158,0.0327286632397274,0.0161370060388112,0.455796704929718,0.0475990522733961,0.455796704929718,0.3950674058215216,0.07588414010453,0.1578542883492161,0.1722530276730661,0.0239655694660033,0.1578542883492161,0.455796704929718,False,,,N100_drop0.50_s0.20_c0.05,1.0,0.0,0.0,False,False,1.0068271698186462,1.0170734897113791,-0.0865463796488441,-0.1149304575594595,NSE,False,NSE validated,False,,
2026-10-01,NH,INE410P01011,1741.4,1741.4,522865495.65238094,3482.8,0.2265501355445033,0.0239612932670494,0.1439382218734433,0.1664692876928635,0.1579075544554347,0.0448149095309811,0.0161334039091492,0.0235283172095002,0.0327226414270552,0.0161334039091492,0.4340057480998306,0.0477557899425952,0.4340057480998306,0.3754460946308424,0.0872016523284098,0.1578542883492161,0.1439382218734433,0.0239612932670494,0.1578542883492161,0.4340057480998306,False,,,N100_drop0.50_s0.20_c0.05,1.0,0.0,0.0,False,False,1.0068271698186462,1.0170734897113791,-0.0865463796488441,-0.1149304575594595,NSE,False,NSE validated,False,,
2026-10-01,JUBLFOOD,INE797F01020,443.4,443.4,1147153201.7388887,886.8,0.2265320360224656,0.0239584108539157,0.1744520764927097,0.1373352002199699,0.1531855873334968,0.0746119473322503,0.0161309759515763,0.0235261210854816,0.0327185823790176,0.0161309759515763,0.4103091585483522,0.0614463340613126,0.4103091585483522,0.3836860352742587,0.0814623292116988,0.1578542883492161,0.1744520764927097,0.0239584108539157,0.1578542883492161,0.4103091585483522,False,,,N100_drop0.50_s0.20_c0.05,1.0,0.0,0.0,False,False,1.0068271698186462,1.0170734897113791,-0.0865463796488441,-0.1149304575594595,NSE,False,NSE validated,False,,
2026-10-01,RIIL,INE046A01015,666.85,666.85,50564379.41349213,1333.7,0.2263973652869082,0.0239369695684547,0.1665348639818641,0.1437354857482663,0.1582117832077101,0.0181994644491954,0.0161129175481728,0.0235097831752417,0.0326883888340672,0.0161129175481728,0.4287688683496571,0.0579668826336791,0.4287688683496571,0.3827853896424928,0.086051635269235,0.1578542883492161,0.1665348639818641,0.0239369695684547,0.1578542883492161,0.4287688683496571,False,,,N100_drop0.50_s0.20_c0.05,1.0,0.0,0.0,False,False,1.0068271698186462,1.0170734897113791,-0.0865463796488441,-0.1149304575594595,NSE,False,NSE validated,False,,
2026-10-01,BOMDYEING,INE032A01023,102.63,102.63,77653449.30507937,205.26,0.2262289658771998,0.0239101719085322,0.201477593472071,0.118674099171463,0.1526330473148193,0.0183431237996979,0.016090353677513,0.0234893595902046,0.0326506532679333,0.016090353677513,0.404841677268577,0.0623793081673909,0.404841677268577,0.3705766913623902,0.0898833908303188,0.1496062992125984,0.201477593472071,0.0239101719085322,0.1496062992125984,0.404841677268577,False,,,N100_drop0.50_s0.20_c0.05,1.0,0.0,0.0,False,False,1.0068271698186462,1.0170734897113791,-0.0865463796488441,-0.1149304575594595,NSE,False,NSE validated,False,,
2026-10-01,EIHOTEL,INE230A01023,297.85,297.85,93472243.9079365,595.7,0.225938282870808,0.0238639507588084,0.1871347557193153,0.1275228145999888,0.1805990257283624,0.0828416951513906,0.016051450235737,0.0234518702306473,0.0325934881929597,0.016051450235737,0.4047748364860879,0.0716261908886642,0.4047748364860879,0.3543901876776026,0.1064733048355845,0.1428571428571428,0.1871347557193153,0.0238639507588084,0.1428571428571428,0.4047748364860879,False,,,N100_drop0.50_s0.20_c0.05,1.0,0.0,0.0,False,False,1.0068271698186462,1.0170734897113791,-0.0865463796488441,-0.1149304575594595,NSE,False,NSE validated,False,,
2026-10-01,DEEPAKNTR,INE288B01029,1492.8,1492.8,585374691.4301587,2985.6,0.22587534298751,0.0238539487141561,0.1564535611905832,0.1524666395103563,0.1562772918721463,0.0546440287028297,0.016043081971575,0.0234435550748198,0.0325826138341497,0.016043081971575,0.4519852548127689,0.0390437784621966,0.4519852548127689,0.3878647999807072,0.0827035720539879,0.1578542883492161,0.1564535611905832,0.0238539487141561,0.1578542883492161,0.4519852548127689,False,,,N100_drop0.50_s0.20_c0.05,1.0,0.0,0.0,False,False,1.0068271698186462,1.0170734897113791,-0.0865463796488441,-0.1149304575594595,NSE,False,NSE validated,False,,
2026-10-01,STUDDS,INE00Q601028,399.85,399.85,28023572.69126984,799.7,0.2256891395551471,0.02382437072822,0.2196126466209794,0.1084836009892343,0.161048009484402,0.1011802811578452,0.0160185504027209,0.0234189625155196,0.032550450776538,0.0160185504027209,0.3980415204454624,0.0750271443155308,0.3980415204454624,0.3485675409885362,0.1129387771644574,0.1428571428571428,0.2196126466209794,0.02382437072822,0.1428571428571428,0.3980415204454624,False,,,N100_drop0.50_s0.20_c0.05,1.0,0.0,0.0,False,False,1.0068271698186462,1.0170734897113791,-0.0865463796488441,-0.1149304575594595,NSE,False,NSE validated,False,,
2026-10-01,ORIENTTECH,INE0PPK01015,229.25,229.25,225349989.0415873,458.5,0.2256465621400879,0.0238176100055927,0.2386497625565321,0.0998015240008914,0.1618149541137493,0.03023049894437,0.0160129441800405,0.023413340689213,0.0325430980281697,0.0160129441800405,0.3885623291004119,0.0814300509820487,0.3885623291004119,0.3736319179264302,0.1038975656747633,0.1578542883492161,0.2386497625565321,0.0238176100055927,0.1578542883492161,0.3885623291004119,False,,,N100_drop0.50_s0.20_c0.05,1.0,0.0,0.0,False,False,1.0068271698186462,1.0170734897113791,-0.0865463796488441,-0.1149304575594595,NSE,False,NSE validated,False,,
2026-10-01,ASAHIINDIA,INE439A01020,944.25,944.25,155911758.65317464,1888.5,0.2256177044537108,0.0238130283423542,0.1317322013110311,0.1807684689495897,0.1749648560090465,0.0472614663185873,0.0160091451252019,0.0234095307080514,0.032538114912808,0.0160091451252019,0.4712000217663282,0.0386589434981823,0.4712000217663282,0.3672346900513174,0.0948161560586448,0.1496062992125984,0.1317322013110311,0.0238130283423542,0.1496062992125984,0.4712000217663282,False,,,N100_drop0.50_s0.20_c0.05,1.0,0.0,0.0,False,False,1.0068271698186462,1.0170734897113791,-0.0865463796488441,-0.1149304575594595,NSE,False,NSE validated,False,,
2026-10-01,ACI,INE128X01021,475.05,475.05,189623574.0349206,950.1,0.2254866757149074,0.0237922308273979,0.2109829711080073,0.1127684888616823,0.1665909078988052,0.057735080264194,0.0159919023062945,0.0233922347153879,0.0325154926177506,0.0159919023062945,0.4030410406626978,0.0680926387257693,0.4030410406626978,0.3746613262519815,0.0957098208687077,0.1578542883492161,0.2109829711080073,0.0237922308273979,0.1578542883492161,0.4030410406626978,False,,,N100_drop0.50_s0.20_c0.05,1.0,0.0,0.0,False,False,1.0068271698186462,1.0170734897113791,-0.0865463796488441,-0.1149304575594595,NSE,False,NSE validated,False,,
2026-10-01,EXIDEIND,INE302A01020,409.45,409.45,1752632804.136508,818.9,0.2249244855300584,0.0237031012472556,0.136636659503748,0.1734754152607595,0.1710480609268176,0.0307383114202257,0.0159186310712736,0.0233180857496431,0.0324184968239368,0.0159186310712736,0.4667948352272375,0.026894859614266,0.4667948352272375,0.4247718649858029,0.0542093881995828,0.1578542883492161,0.136636659503748,0.0237031012472556,0.1578542883492161,0.4667948352272375,False,,,N100_drop0.50_s0.20_c0.05,1.0,0.0,0.0,False,False,1.0068271698186462,1.0170734897113791,-0.0865463796488441,-0.1149304575594595,NSE,False,NSE validated,False,,
2026-10-01,PGEL,INE457L01029,481.1,481.1,988633817.804762,962.2,0.2242991067446759,0.023604151615068,0.1682966413135814,0.1402532541994537,0.1494881119576359,0.0463924968805942,0.0158472564483694,0.0232357187058438,0.0323107266932305,0.0158472564483694,0.4253366203503113,0.0505466182013541,0.4253366203503113,0.385548702075542,0.0784703040584628,0.1578542883492161,0.1682966413135814,0.023604151615068,0.1578542883492161,0.4253366203503113,False,,,N100_drop0.50_s0.20_c0.05,1.0,0.0,0.0,False,False,1.0068271698186462,1.0170734897113791,-0.0865463796488441,-0.1149304575594595,NSE,False,NSE validated,False,,
2026-10-01,JSL,INE220G01021,732.7,732.7,541981724.8658731,1465.4,0.2242790105324418,0.0236009753733733,0.1475580336285041,0.1599436831260016,0.1811250630212639,0.0764329895106666,0.015844550166578,0.0232330739092789,0.0323072657852482,0.015844550166578,0.4173299839510731,0.0629301478553768,0.4173299839510731,0.3388788284661863,0.1155726793836237,0.1330698287220026,0.1475580336285041,0.0236009753733733,0.1330698287220026,0.4173299839510731,False,,,N100_drop0.50_s0.20_c0.05,1.0,0.0,0.0,False,False,1.0068271698186462,1.0170734897113791,-0.0865463796488441,-0.1149304575594595,NSE,False,NSE validated,False,,
2026-10-01,AMRUTANJAN,INE098F01031,513.2,513.2,48333535.77301588,1026.4,0.2242560601019012,0.0235973482801698,0.1712234077994738,0.1378161349749887,0.1696812510342436,0.0209175192228553,0.0158414598632652,0.0232300536324596,0.0323033135020571,0.0158414598632652,0.423238090440073,0.0556144284098927,0.423238090440073,0.3860147408888746,0.0836304374168942,0.1578542883492161,0.1712234077994738,0.0235973482801698,0.1578542883492161,0.423238090440073,False,,,N100_drop0.50_s0.20_c0.05,1.0,0.0,0.0,False,False,1.0068271698186462,1.0170734897113791,-0.0865463796488441,-0.1149304575594595,NSE,False,NSE validated,False,,
2026-10-01,RAINBOW,INE961O01016,1279.8,1279.8,158051546.97142857,2559.6,0.2240938275942996,0.0235717169914588,0.157120941340217,0.1500227582039401,0.1670322451370876,0.0568764988549395,0.0158196255597208,0.0232087085169108,0.0322753806691192,0.0158196255597208,0.4244518906265614,0.0618798090237911,0.4244518906265614,0.3332852069290284,0.1257668282378325,0.1130612244897959,0.157120941340217,0.0235717169914588,0.1130612244897959,0.4244518906265614,False,,,N100_drop0.50_s0.20_c0.05,1.0,0.0,0.0,False,False,1.0068271698186462,1.0170734897113791,-0.0865463796488441,-0.1149304575594595,NSE,False,NSE validated,False,,
2026-10-01,IFCI,INE039A01010,65.14,65.14,5255377623.992381,130.28,0.2240219750051637,0.02356036939414,0.2436540417346648,0.0966959925080862,0.1608607233104494,0.0403380268499807,0.0158099610488681,0.0231992574114018,0.0322630121340761,0.0158099610488681,0.4352280753260233,0.0474817692842297,0.4352280753260233,0.4098082461946852,0.0634222967594225,0.1578542883492161,0.2436540417346648,0.02356036939414,0.1578542883492161,0.4352280753260233,False,,,N100_drop0.50_s0.20_c0.05,1.0,0.0,0.0,False,False,1.0068271698186462,1.0170734897113791,-0.0865463796488441,-0.1149304575594595,NSE,False,NSE validated,False,,
2026-10-01,VIKRAMSOLR,INE078V01014,154.35,154.35,643102989.1871428,308.7,0.2236459869264415,0.0235010347557346,0.258773169382627,0.0908171230108694,0.1483691425652798,0.000871665093967,0.0157594476737227,0.0231454083491426,0.0321983192865629,0.0157594476737227,0.4061600687089945,0.0617695616087293,0.4061600687089945,0.3916669665514452,0.0832633758679494,0.1578542883492161,0.258773169382627,0.0235010347557346,0.1578542883492161,0.4061600687089945,False,,,N100_drop0.50_s0.20_c0.05,1.0,0.0,0.0,False,False,1.0068271698186462,1.0170734897113791,-0.0865463796488441,-0.1149304575594595,NSE,False,NSE validated,False,,
2026-10-01,TIRUMALCHM,INE338A01024,146.26,146.26,95410230.28920636,292.52,0.2235317170021537,0.023483016704637,0.2757516432190633,0.0851600245441931,0.1515392090969396,0.0095743469065104,0.0157441152440208,0.0231289662889676,0.0321786674932711,0.0157441152440208,0.4163562568459398,0.0569893325844283,0.4163562568459398,0.3996109621948418,0.0825035008654634,0.1578542883492161,0.2757516432190633,0.023483016704637,0.1578542883492161,0.4163562568459398,False,,,N100_drop0.50_s0.20_c0.05,1.0,0.0,0.0,False,False,1.0068271698186462,1.0170734897113791,-0.0865463796488441,-0.1149304575594595,NSE,False,NSE validated,False,,
2026-10-01,SUMMITSEC,INE519C01017,1315.5,1315.5,5166003.187301587,2631.0,0.2235138211010831,0.0234801955113801,0.1934689615063591,0.1213641471405136,0.1645853705747445,0.028551507730253,0.0157417148450331,0.0231263917789394,0.0321755902155059,0.0157417148450331,0.440593774162975,0.0430757706768039,0.440593774162975,0.3914144133658501,0.0758284569975046,0.1578542883492161,0.1934689615063591,0.0234801955113801,0.1578542883492161,0.440593774162975,False,,,N100_drop0.50_s0.20_c0.05,1.0,0.0,0.0,False,False,1.0068271698186462,1.0170734897113791,-0.0865463796488441,-0.1149304575594595,NSE,False,NSE validated,False,,
2026-10-01,MRPL,INE103A01014,164.76,164.76,2721010376.23,329.52,0.2235074783320432,0.0234791956484962,0.1997190214297469,0.1175611390463141,0.1623767333562385,0.1374338262334302,0.0157408641352976,0.0231254793382517,0.0321744995751793,0.0157408641352976,0.4177395423100687,0.0552465426992885,0.4177395423100687,0.391158299561281,0.0820235826237777,0.1578542883492161,0.1997190214297469,0.0234791956484962,0.1578542883492161,0.4177395423100687,False,,,N100_drop0.50_s0.20_c0.05,1.0,0.0,0.0,False,False,1.0068271698186462,1.0170734897113791,-0.0865463796488441,-0.1149304575594595,NSE,False,NSE validated,False,,
2026-10-01,ATHERENERG,INE0LEZ01016,1406.1,1406.1,7027846605.574603,2812.2,0.2234133260461979,0.0234643561589788,0.2198794533115094,0.1067146375233897,0.1683088641098915,0.0582558505318593,0.0157282394681006,0.0231119370112336,0.0321583116906334,0.0157282394681006,0.4565405447050381,0.0312081742978301,0.4565405447050381,0.4213489356322568,0.0602930375378695,0.1578542883492161,0.2198794533115094,0.0234643561589788,0.1578542883492161,0.4565405447050381,False,,,N100_drop0.50_s0.20_c0.05,1.0,0.0,0.0,False,False,1.0068271698186462,1.0170734897113791,-0.0865463796488441,-0.1149304575594595,NSE,False,NSE validated,False,,
2026-10-01,JISLJALEQS,INE175A01038,27.3,27.3,99212671.03269842,54.6,0.2233317938580972,0.0234515095422304,0.2872032706686653,0.0816547439993657,0.1683035411373268,0.0397766726997753,0.0157173119927449,0.0231002128755828,0.0321442960672039,0.0157173119927449,0.3715327862022747,0.0986197774651152,0.3715327862022747,0.3777063684471295,0.1173660341456317,0.1578542883492161,0.2872032706686653,0.0234515095422304,0.1578542883492161,0.3715327862022747,False,,,N100_drop0.50_s0.20_c0.05,1.0,0.0,0.0,False,False,1.0068271698186462,1.0170734897113791,-0.0865463796488441,-0.1149304575594595,NSE,False,NSE validated,False,,
2026-10-01,BLUESTONE,INE304W01038,787.95,787.95,3569568656.340476,1575.9,0.2229213398045255,0.0233868898938458,0.2190566694014175,0.1067618254114406,0.1855855803977597,0.1017178387259688,0.0156623705819947,0.0230412326618583,0.0320737723195592,0.0156623705819947,0.4858089613726903,0.0333703253893456,0.4858089613726903,0.4210079438950277,0.0595032969906317,0.1578542883492161,0.2190566694014175,0.0233868898938458,0.1578542883492161,0.4858089613726903,False,,,N100_drop0.50_s0.20_c0.05,1.0,0.0,0.0,False,False,1.0068271698186462,1.0170734897113791,-0.0865463796488441,-0.1149304575594595,NSE,False,NSE validated,False,,
2026-10-01,RAJESHEXPO,INE343B01030,64.03,64.03,16735623.058571428,128.06,0.2227767979955324,0.0233641552718839,0.3266266703010669,0.0715316824873733,0.1492999465230404,0.04509669507042,0.015643050820037,0.023020479436487,0.0320489510107257,0.015643050820037,0.4339681352955736,0.0535989645838483,0.4339681352955736,0.3941730805139977,0.0864461876805948,0.1578542883492161,0.3266266703010669,0.0233641552718839,0.1578542883492161,0.4339681352955736,False,,,N100_drop0.50_s0.20_c0.05,1.0,0.0,0.0,False,False,1.0068271698186462,1.0170734897113791,-0.0865463796488441,-0.1149304575594595,NSE,False,NSE validated,False,,
2026-10-01,MGL,INE002S01010,1045.4,1045.4,266928191.6126984,2090.8,0.2225716204877162,0.023331902406958,0.1343175313492068,0.1737070520325332,0.1697973588445822,0.073656718412875,0.0156156513050634,0.0229910351148804,0.0320137293353464,0.0156156513050634,0.4154957631488972,0.0662762403903624,0.4154957631488972,0.3485669431229772,0.1117349980664645,0.1428571428571428,0.1343175313492068,0.023331902406958,0.1428571428571428,0.4154957631488972,False,,,N100_drop0.50_s0.20_c0.05,1.0,0.0,0.0,False,False,1.0068271698186462,1.0170734897113791,-0.0865463796488441,-0.1149304575594595,NSE,False,NSE validated,False,,
2026-10-01,MCLOUD,INE613C01026,24.25,24.25,93953986.8126984,48.5,0.2222896475622211,0.0232876140326708,0.2864348869656977,0.0813015979979412,0.1584707150143395,0.0608061257651399,0.0155780441982338,0.0229505987289857,0.0319653480391898,0.0155780441982338,0.4150735236224225,0.1153661368136199,0.4150735236224225,0.4061645983631796,0.1219362706266841,0.1578542883492161,0.2864348869656977,0.0232876140326708,0.1578542883492161,0.4150735236224225,False,,,N100_drop0.50_s0.20_c0.05,1.0,0.0,0.0,False,False,1.0068271698186462,1.0170734897113791,-0.0865463796488441,-0.1149304575594595,NSE,False,NSE validated,False,,
2026-10-01,SBFC,INE423Y01016,84.19,84.19,177887362.41,168.38,0.2222747047418779,0.0232852681960933,0.1726017122265907,0.1349075156654562,0.1490012885247971,0.01627734160482,0.0155760527942878,0.0229484567734794,0.0319627848858141,0.0155760527942878,0.4274310452288863,0.0456020796624973,0.4274310452288863,0.3859469619309092,0.0780680380969016,0.1578542883492161,0.1726017122265907,0.0232852681960933,0.1578542883492161,0.4274310452288863,False,,,N100_drop0.50_s0.20_c0.05,1.0,0.0,0.0,False,False,1.0068271698186462,1.0170734897113791,-0.0865463796488441,-0.1149304575594595,NSE,False,NSE validated,False,,
2026-10-01,CENTURYPLY,INE348B01021,666.45,666.45,61838686.798412696,1332.9,0.2221858037273165,0.0232713142849584,0.1641170115364865,0.1417970877430021,0.1601243609971367,0.0487087542840204,0.0155642083119619,0.0229357153140871,0.0319475371991812,0.0155642083119619,0.4179117151549222,0.0612290460287359,0.4179117151549222,0.3518782228037135,0.1047481689405035,0.1428571428571428,0.1641170115364865,0.0232713142849584,0.1428571428571428,0.4179117151549222,False,,,N100_drop0.50_s0.20_c0.05,1.0,0.0,0.0,False,False,1.0068271698186462,1.0170734897113791,-0.0865463796488441,-0.1149304575594595,NSE,False,NSE validated,False,,
2026-10-01,CMSINFO,INE925R01014,220.69,220.69,215677397.7236508,441.38,0.2217747468893986,0.0232068490630681,0.2217060346490466,0.1046739620768728,0.1542879964616455,0.0307982738024286,0.0155095135372277,0.0228768445829053,0.0318826813593813,0.0155095135372277,0.4054238210337855,0.0613159186899958,0.4054238210337855,0.3861576007057225,0.0938192333679105,0.1578542883492161,0.2217060346490466,0.0232068490630681,0.1578542883492161,0.4054238210337855,False,,,N100_drop0.50_s0.20_c0.05,1.0,0.0,0.0,False,False,1.0068271698186462,1.0170734897113791,-0.0865463796488441,-0.1149304575594595,NSE,False,NSE validated,False,,
2026-10-01,PHOENIXLTD,INE211B01039,1930.0,1930.0,1130202074.779365,3860.0,0.2210239759996663,0.023089337335456,0.1173103031364614,0.1968227574060341,0.1778247198669324,0.0530141697477097,0.0154099187322209,0.0227695017036175,0.0317883085186915,0.0154099187322209,0.4464608976701287,0.0421975711197955,0.4464608976701287,0.3616959597356518,0.1006862431414812,0.1428571428571428,0.1173103031364614,0.023089337335456,0.1428571428571428,0.4464608976701287,False,,,N100_drop0.50_s0.20_c0.05,1.0,0.0,0.0,False,False,1.0068271698186462,1.0170734897113791,-0.0865463796488441,-0.1149304575594595,NSE,False,NSE validated,False,,
2026-10-01,AUROPHARMA,INE406A01037,1676.8,1676.8,1444492486.346032,3353.6,0.2208907945849828,0.0230685226166119,0.1249070661850037,0.1846854891495442,0.1871212641427374,0.0462004694111817,0.0153924120122335,0.0227504842387708,0.0317715723484599,0.0153924120122335,0.4815022907622939,0.027200261316232,0.4815022907622939,0.3427397105069534,0.1209901459993446,0.1330698287220026,0.1249070661850037,0.0230685226166119,0.1330698287220026,0.4815022907622939,False,,,N100_drop0.50_s0.20_c0.05,1.0,0.0,0.0,False,False,1.0068271698186462,1.0170734897113791,-0.0865463796488441,-0.1149304575594595,NSE,False,NSE validated,False,,
2026-10-01,LTF,INE498L01015,264.35,264.35,1807582188.840476,528.7,0.2208336161751331,0.0230595891565798,0.1662014991200994,0.1387447723315458,0.159521708544087,0.0925304087261827,0.0153850959387606,0.0227423217765829,0.0317643875056768,0.0153850959387606,0.4100531135712359,0.0596289222304616,0.4100531135712359,0.3543678045090986,0.1023130485877046,0.1428571428571428,0.1662014991200994,0.0230595891565798,0.1428571428571428,0.4100531135712359,False,,,N100_drop0.50_s0.20_c0.05,1.0,0.0,0.0,False,False,1.0068271698186462,1.0170734897113791,-0.0865463796488441,-0.1149304575594595,NSE,False,NSE validated,False,,
2026-10-01,CAMPUS,INE278Y01022,205.83,205.83,333743247.83761907,411.66,0.2203209385420827,0.0229795661229799,0.1393773741685735,0.1648730022362652,0.1526030426518905,0.0487646059170134,0.0153295129320779,0.0226691953011493,0.0316999782609126,0.0153295129320779,0.4109700122591307,0.0594458956572523,0.4109700122591307,0.3445895265895391,0.109994513752137,0.1330698287220026,0.1393773741685735,0.0229795661229799,0.1330698287220026,0.4109700122591307,False,,,N100_drop0.50_s0.20_c0.05,1.0,0.0,0.0,False,False,1.0068271698186462,1.0170734897113791,-0.0865463796488441,-0.1149304575594595,NSE,False,NSE validated,False,,
2026-10-01,GOPAL,INE0L9R01028,254.75,254.75,41699377.31111112,509.5,0.2199747941678476,0.0229256151487848,0.186552679533765,0.1228908381593919,0.1678707233505657,0.027663726405859,0.0152920448287281,0.0226198839737723,0.031645903595694,0.0152920448287281,0.4332895968390431,0.0457361735953775,0.4332895968390431,0.3667528931809096,0.0940906265118681,0.1496062992125984,0.186552679533765,0.0229256151487848,0.1496062992125984,0.4332895968390431,False,,,N100_drop0.50_s0.20_c0.05,1.0,0.0,0.0,False,False,1.0068271698186462,1.0170734897113791,-0.0865463796488441,-0.1149304575594595,NSE,False,NSE validated,False,,
2026-10-01,HEIDELBERG,INE578A01017,130.57,130.57,22477887.568888888,261.14,0.2199343472024914,0.0229193150851405,0.2104862530006579,0.1088874677486368,0.1558456420655412,0.0345096048029482,0.0152876698266745,0.0226141251750439,0.0316378398262604,0.0152876698266745,0.4016889664467075,0.0658953888084183,0.4016889664467075,0.3574067592905927,0.0994454854595392,0.1428571428571428,0.2104862530006579,0.0229193150851405,0.1428571428571428,0.4016889664467075,False,,,N100_drop0.50_s0.20_c0.05,1.0,0.0,0.0,False,False,1.0068271698186462,1.0170734897113791,-0.0865463796488441,-0.1149304575594595,NSE,False,NSE validated,False,,
2026-10-01,STANLEY,INE01A001028,136.22,136.22,17764449.886349205,272.44,0.2198413457679293,0.0229048323380104,0.2429058556105102,0.0942951016163952,0.1721153008259305,0.0024194659155286,0.0152776126928351,0.0226008862850358,0.0316193020188418,0.0152776126928351,0.4002483177561372,0.076082947075347,0.4002483177561372,0.391833970763322,0.0954846802710239,0.1578542883492161,0.2429058556105102,0.0229048323380104,0.1578542883492161,0.4002483177561372,False,,,N100_drop0.50_s0.20_c0.05,1.0,0.0,0.0,False,False,1.0068271698186462,1.0170734897113791,-0.0865463796488441,-0.1149304575594595,NSE,False,NSE validated,False,,
2026-10-01,MFSL,INE180A01020,1392.0,1392.0,1389191378.295238,2784.0,0.2198316213992902,0.022903318262596,0.1789261664666852,0.1280042976098775,0.1695729136224167,0.1062663166499332,0.0152765613047342,0.0225995022131292,0.0316173639647249,0.0152765613047342,0.3911775409131086,0.0761969838269061,0.3911775409131086,0.3407107771966541,0.1170250738084299,0.1330698287220026,0.1789261664666852,0.022903318262596,0.1330698287220026,0.3911775409131086,False,,,N100_drop0.50_s0.20_c0.05,1.0,0.0,0.0,False,False,1.0068271698186462,1.0170734897113791,-0.0865463796488441,-0.1149304575594595,NSE,False,NSE validated,False,,
2026-10-01,PRSMJOHNSN,INE010A01011,103.61,103.61,216814546.88841268,207.22,0.2198168738775871,0.022901022181509,0.1933227688502126,0.1184600361235923,0.1504141408359247,0.0129582973010738,0.0152749668913567,0.0225974032690223,0.0316144249062408,0.0152749668913567,0.4099899095278956,0.0574876845387469,0.4099899095278956,0.3905682051027276,0.0865938268567216,0.1578542883492161,0.1933227688502126,0.022901022181509,0.1578542883492161,0.4099899095278956,False,,,N100_drop0.50_s0.20_c0.05,1.0,0.0,0.0,False,False,1.0068271698186462,1.0170734897113791,-0.0865463796488441,-0.1149304575594595,NSE,False,NSE validated,False,,
2026-10-01,REDTAPE,INE0LXT01019,115.29,115.29,127595858.65460315,230.58,0.2197637627059361,0.0228927541070411,0.182240284058911,0.1256185163739146,0.1801915919587998,0.0252741454070606,0.0152692255551369,0.0225898449541037,0.0316038413252756,0.0152692255551369,0.4152378303234602,0.06272641494373,0.4152378303234602,0.3573928802586026,0.1015898427109767,0.1428571428571428,0.182240284058911,0.0228927541070411,0.1428571428571428,0.4152378303234602,False,,,N100_drop0.50_s0.20_c0.05,1.0,0.0,0.0,False,False,1.0068271698186462,1.0170734897113791,-0.0865463796488441,-0.1149304575594595,NSE,False,NSE validated,False,,
2026-10-01,CRIZAC,INE0S4R01014,166.89,166.89,60967819.78190476,333.78,0.2196240143096433,0.0228710058662245,0.2545639983959228,0.0898438349897902,0.1704095680505236,0.0337440309454824,0.0152541241201287,0.0225699627514312,0.0315760010837277,0.0152541241201287,0.4045706005366045,0.0794404490067747,0.4045706005366045,0.3788010782306317,0.1057913194994054,0.1578542883492161,0.2545639983959228,0.0228710058662245,0.1578542883492161,0.4045706005366045,False,,,N100_drop0.50_s0.20_c0.05,1.0,0.0,0.0,False,False,1.0068271698186462,1.0170734897113791,-0.0865463796488441,-0.1149304575594595,NSE,False,NSE validated,False,,
2026-10-01,BHARATFORG,INE465A01025,1875.0,1875.0,2063849260.1031747,3750.0,0.2193864682521899,0.0228340614435298,0.1520177279268514,0.1502065696871699,0.1724290158651731,0.0792569070049819,0.0152284827621491,0.0225361852184176,0.0315287035949735,0.0152284827621491,0.4781067437535592,0.0247819450815018,0.4781067437535592,0.3908489007115795,0.0772091749447986,0.1578542883492161,0.1520177279268514,0.0228340614435298,0.1578542883492161,0.4781067437535592,False,,,N100_drop0.50_s0.20_c0.05,1.0,0.0,0.0,False,False,1.0068271698186462,1.0170734897113791,-0.0865463796488441,-0.1149304575594595,NSE,False,NSE validated,False,,
2026-10-01,MOTHERSON,INE775A01035,157.03,157.03,2537291780.8419046,314.06,0.2192412976977803,0.0228114983136579,0.1393702143360701,0.1636755631203343,0.1758948864270102,0.074048717919745,0.01521283586923,0.0225155543431584,0.0314998147966949,0.01521283586923,0.4750210043057435,0.0366685065558995,0.4750210043057435,0.3721606842664156,0.0916312762449686,0.1578542883492161,0.1393702143360701,0.0228114983136579,0.1578542883492161,0.4750210043057435,False,,,N100_drop0.50_s0.20_c0.05,1.0,0.0,0.0,False,False,1.0068271698186462,1.0170734897113791,-0.0865463796488441,-0.1149304575594595,NSE,False,NSE validated,False,,
2026-10-01,VSTIND,INE710A01016,201.14,201.14,54836756.33174603,402.28,0.2190554254814532,0.0227826252504029,0.1805700459206073,0.126170567960203,0.1594834318402162,0.0863018904029988,0.0151928143269108,0.0224891518364139,0.0314628440332268,0.0151928143269108,0.3800072879438634,0.0813669819067965,0.3800072879438634,0.3381644206217551,0.1135292705533222,0.1330698287220026,0.1805700459206073,0.0227826252504029,0.1330698287220026,0.3800072879438634,False,,,N100_drop0.50_s0.20_c0.05,1.0,0.0,0.0,False,False,1.0068271698186462,1.0170734897113791,-0.0865463796488441,-0.1149304575594595,NSE,False,NSE validated,False,,
2026-10-01,RUSTOMJEE,INE263M01029,361.25,361.25,80514411.04444444,722.5,0.2189328932706563,0.0227636012087969,0.1864007281333155,0.1221218470376156,0.1574278940085806,0.0074335633622695,0.0151796231058928,0.0224717543392601,0.0314384826827283,0.0151796231058928,0.4060943414261564,0.0620543767788021,0.4060943414261564,0.3984852230317081,0.0848146650176735,0.1578542883492161,0.1864007281333155,0.0227636012087969,0.1578542883492161,0.4060943414261564,False,,,N100_drop0.50_s0.20_c0.05,1.0,0.0,0.0,False,False,1.0068271698186462,1.0170734897113791,-0.0865463796488441,-0.1149304575594595,NSE,False,NSE validated,False,,
2026-10-01,ADVENZYMES,INE837H01020,274.25,274.25,77854914.82936509,548.5,0.2188394105855365,0.022749092609574,0.1868342544212272,0.1217608231426611,0.1719391445829086,0.0349114823770944,0.0151695632453014,0.022458485538355,0.0314199026193636,0.0151695632453014,0.4292489765955358,0.0562328254760607,0.4292489765955358,0.3838736234329483,0.0818096781481595,0.1578542883492161,0.1868342544212272,0.022749092609574,0.1578542883492161,0.4292489765955358,False,,,N100_drop0.50_s0.20_c0.05,1.0,0.0,0.0,False,False,1.0068271698186462,1.0170734897113791,-0.0865463796488441,-0.1149304575594595,NSE,False,NSE validated,False,,
2026-10-01,HDBFS,INE756I01012,618.2,618.2,409579587.70238096,1236.4,0.2183964223091734,0.0226804025926829,0.150195472998495,0.1510059001106528,0.1594824473202072,0.108315177843443,0.0151219397759011,0.0223956572822122,0.0313319248788355,0.0151219397759011,0.406926093042769,0.0676876314071981,0.406926093042769,0.3254454630850006,0.128942295750344,0.1130612244897959,0.150195472998495,0.0226804025926829,0.1130612244897959,0.406926093042769,False,,,N100_drop0.50_s0.20_c0.05,1.0,0.0,0.0,False,False,1.0068271698186462,1.0170734897113791,-0.0865463796488441,-0.1149304575594595,NSE,False,NSE validated,False,,
2026-10-01,GREENPANEL,INE08ZM01014,158.59,158.59,53955351.74253969,317.18,0.2181780931765105,0.0226465860977843,0.2320644916177716,0.0975874677763501,0.1761142079096406,0.0450177304399299,0.0150984970664237,0.0223647217140082,0.0312886058521047,0.0150984970664237,0.4209640993745155,0.0669212157964033,0.4209640993745155,0.3803468530400494,0.0986587147296387,0.1578542883492161,0.2320644916177716,0.0226465860977843,0.1578542883492161,0.4209640993745155,False,,,N100_drop0.50_s0.20_c0.05,1.0,0.0,0.0,False,False,1.0068271698186462,1.0170734897113791,-0.0865463796488441,-0.1149304575594595,NSE,False,NSE validated,False,,
2026-10-01,GPPL,INE517F01014,165.88,165.88,274349938.3390476,331.76,0.2181636801564273,0.0226443545747903,0.1303781404691415,0.1736821409885801,0.1767880587947444,0.0666161723754967,0.0150969501615208,0.0223626801882189,0.0312857471003772,0.0150969501615208,0.4236552983189869,0.0564557484947523,0.4236552983189869,0.3284272402789905,0.1241095508398846,0.1130612244897959,0.1303781404691415,0.0226443545747903,0.1130612244897959,0.4236552983189869,False,,,N100_drop0.50_s0.20_c0.05,1.0,0.0,0.0,False,False,1.0068271698186462,1.0170734897113791,-0.0865463796488441,-0.1149304575594595,NSE,False,NSE validated,False,,
2026-10-01,SAGCEM,INE229C01021,150.01,150.01,8555493.305555556,300.02,0.2179764681710173,0.0226153789838593,0.2093770701323326,0.1080126824277641,0.1731506165589996,0.03879086682508,0.0150768647906356,0.02233503206556,0.0312486253014105,0.0150768647906356,0.4336962856682893,0.0603258402140084,0.4336962856682893,0.3651251867051845,0.0956760466257962,0.1428571428571428,0.2093770701323326,0.0226153789838593,0.1428571428571428,0.4336962856682893,False,,,N100_drop0.50_s0.20_c0.05,1.0,0.0,0.0,False,False,1.0068271698186462,1.0170734897113791,-0.0865463796488441,-0.1149304575594595,NSE,False,NSE validated,False,,
2026-10-01,CAMLINFINE,INE052I01032,91.01,91.01,111233338.96825396,182.02,0.2179313492925724,0.022608398481022,0.2662725438137677,0.0849069834884457,0.1486241537637455,0.0140239764492539,0.015072026217353,0.022327928551546,0.0312396817838374,0.015072026217353,0.3826659004023451,0.0759570935285175,0.3826659004023451,0.396542403462116,0.0837334995542235,0.1578542883492161,0.2662725438137677,0.022608398481022,0.1578542883492161,0.3826659004023451,False,,,N100_drop0.50_s0.20_c0.05,1.0,0.0,0.0,False,False,1.0068271698186462,1.0170734897113791,-0.0865463796488441,-0.1149304575594595,NSE,False,NSE validated,False,,
2026-10-01,AUBANK,INE949L01017,987.0,987.0,1646210177.488889,1974.0,0.217796223790851,0.022587499088683,0.138391678067916,0.1632142871885563,0.1687087547070639,0.0666975003499561,0.015057540128897,0.0223066613039774,0.0312129039975261,0.015057540128897,0.4578423430410694,0.0288289523775922,0.4578423430410694,0.3875106898049563,0.079452576808018,0.1578542883492161,0.138391678067916,0.022587499088683,0.1578542883492161,0.4578423430410694,False,,,N100_drop0.50_s0.20_c0.05,1.0,0.0,0.0,False,False,1.0068271698186462,1.0170734897113791,-0.0865463796488441,-0.1149304575594595,NSE,False,NSE validated,False,,
2026-10-01,APTUS,INE852O01025,226.4,226.4,343716103.81730163,452.8,0.2176782445731652,0.0225692594439003,0.1919903075455674,0.1175541605846105,0.1686181892504733,0.0672672170052971,0.015044898140325,0.0222881011534921,0.0311895326056338,0.015044898140325,0.4319099413112801,0.0488454850455902,0.4319099413112801,0.375434455342232,0.087727882484751,0.1578542883492161,0.1919903075455674,0.0225692594439003,0.1578542883492161,0.4319099413112801,False,,,N100_drop0.50_s0.20_c0.05,1.0,0.0,0.0,False,False,1.0068271698186462,1.0170734897113791,-0.0865463796488441,-0.1149304575594595,NSE,False,NSE validated,False,,
2026-10-01,SPMLINFRA,INE937A01023,159.31,159.31,37954264.69666667,318.62,0.2174701581682115,0.0225371068792781,0.2219744612473412,0.1015301794298107,0.1621594376861383,0.0289774801512882,0.0150226142579539,0.0222553848210407,0.031153349625086,0.0150226142579539,0.412345590876831,0.0584570292305368,0.412345590876831,0.3926404681028053,0.0775830634324101,0.1578542883492161,0.2219744612473412,0.0225371068792781,0.1578542883492161,0.412345590876831,False,,,N100_drop0.50_s0.20_c0.05,1.0,0.0,0.0,False,False,1.0068271698186462,1.0170734897113791,-0.0865463796488441,-0.1149304575594595,NSE,False,NSE validated,False,,
2026-10-01,RTNINDIA,INE834M01019,25.32,25.32,42914218.572698414,50.64,0.2172702537631027,0.0225062398200833,0.2369716124819799,0.0949744131137006,0.1574813828754406,0.0059400525170537,0.0150012227830143,0.0222239779942093,0.0311201966925922,0.0150012227830143,0.4187852713479329,0.0532731061474784,0.4187852713479329,0.3880816758566102,0.0801003595810488,0.1578542883492161,0.2369716124819799,0.0225062398200833,0.1578542883492161,0.4187852713479329,False,,,N100_drop0.50_s0.20_c0.05,1.0,0.0,0.0,False,False,1.0068271698186462,1.0170734897113791,-0.0865463796488441,-0.1149304575594595,NSE,False,NSE validated,False,,
2026-10-01,CAMS,INE596I01020,677.25,677.25,935657738.0333334,1354.5,0.2172130740382931,0.0224974145803923,0.1471252721601527,0.1529133251553336,0.163253443785963,0.0398238684683913,0.0149951069836955,0.0222149986920395,0.0311107160402673,0.0149951069836955,0.4193011401323954,0.0656288722400319,0.4193011401323954,0.3376753385648439,0.1189138530113108,0.1130612244897959,0.1471252721601527,0.0224974145803923,0.1130612244897959,0.4193011401323954,False,,,N100_drop0.50_s0.20_c0.05,1.0,0.0,0.0,False,False,1.0068271698186462,1.0170734897113791,-0.0865463796488441,-0.1149304575594595,NSE,False,NSE validated,False,,
2026-10-01,SYMPHONY,INE225D01027,571.7,571.7,103076562.87460318,1143.4,0.2171154429862162,0.0224823499340178,0.208822114174167,0.1076626870814389,0.1844400283706541,0.0155892089435115,0.0149846676119795,0.0221996713322518,0.0310945306988422,0.0149846676119795,0.4010940896590937,0.0760875619859502,0.4010940896590937,0.3723764847340372,0.0917593250285854,0.1578542883492161,0.208822114174167,0.0224823499340178,0.1578542883492161,0.4010940896590937,False,,,N100_drop0.50_s0.20_c0.05,1.0,0.0,0.0,False,False,1.0068271698186462,1.0170734897113791,-0.0865463796488441,-0.1149304575594595,NSE,False,NSE validated,False,,
2026-10-01,FISCHER,INE771F01041,33.46,33.46,60928152.17095238,66.92,0.216940622117734,0.0224553871626158,0.3094502083305739,0.0725654291323909,0.1507892996878125,0.0426121326686497,0.0149659840332142,0.0221722392077618,0.0310651394623522,0.0149659840332142,0.3877831224146484,0.1132237281357111,0.3877831224146484,0.3871948717098494,0.1248441916002612,0.1578542883492161,0.3094502083305739,0.0224553871626158,0.1578542883492161,0.3877831224146484,False,,,N100_drop0.50_s0.20_c0.05,1.0,0.0,0.0,False,False,1.0068271698186462,1.0170734897113791,-0.0865463796488441,-0.1149304575594595,NSE,False,NSE validated,False,,
2026-10-01,OBEROIRLTY,INE093I01010,1754.6,1754.6,922135689.4809524,3509.2,0.2169386992859452,0.0224550906910986,0.1385350889940794,0.1620895532976362,0.1749524799377717,0.0796497714984865,0.0149657786023884,0.0221719375815153,0.0310648123955683,0.0149657786023884,0.445412522558366,0.0397973345222224,0.445412522558366,0.3712067856981103,0.0918465001228968,0.1578542883492161,0.1385350889940794,0.0224550906910986,0.1578542883492161,0.445412522558366,False,,,N100_drop0.50_s0.20_c0.05,1.0,0.0,0.0,False,False,1.0068271698186462,1.0170734897113791,-0.0865463796488441,-0.1149304575594595,NSE,False,NSE validated,False,,
2026-10-01,IGIL,INE0Q9301021,311.95,311.95,202168053.90714288,623.9,0.2167309037822636,0.0224230631138449,0.1594981598070809,0.1405850897650886,0.1715819830753976,0.0531485334780291,0.0149435868592889,0.0221393539230198,0.0310294744667993,0.0149435868592889,0.4219010331733341,0.0585451047300502,0.4219010331733341,0.3715121546598059,0.0908815089325273,0.1578542883492161,0.1594981598070809,0.0224230631138449,0.1578542883492161,0.4219010331733341,False,,,N100_drop0.50_s0.20_c0.05,1.0,0.0,0.0,False,False,1.0068271698186462,1.0170734897113791,-0.0865463796488441,-0.1149304575594595,NSE,False,NSE validated,False,,
2026-10-01,KIMS,INE967H01025,736.25,736.25,455169193.0976191,1472.5,0.2167297874289293,0.0224228911106783,0.1255565389934325,0.178587999402016,0.1814210980999705,0.0760557602856029,0.0149434676833677,0.0221391789376097,0.0310292846578137,0.0149434676833677,0.427970399903088,0.0625443344016398,0.427970399903088,0.3295207307900042,0.1322026606754842,0.1130612244897959,0.1255565389934325,0.0224228911106783,0.1130612244897959,0.427970399903088,False,,,N100_drop0.50_s0.20_c0.05,1.0,0.0,0.0,False,False,1.0068271698186462,1.0170734897113791,-0.0865463796488441,-0.1149304575594595,NSE,False,NSE validated,False,,
2026-10-01,SHARDACROP,INE221J01015,709.2,709.2,129534919.06746031,1418.4,0.2165366420048143,0.0223931418095915,0.2175387139346936,0.1029386512614673,0.1543376687379233,0.0443469955935569,0.0149228559431683,0.022108914505557,0.0309964512476303,0.0149228559431683,0.4187248314065494,0.054577225087986,0.4187248314065494,0.3423184685757343,0.1115627547865944,0.1330698287220026,0.2175387139346936,0.0223931418095915,0.1330698287220026,0.4187248314065494,False,,,N100_drop0.50_s0.20_c0.05,1.0,0.0,0.0,False,False,1.0068271698186462,1.0170734897113791,-0.0865463796488441,-0.1149304575594595,NSE,False,NSE validated,False,,
2026-10-01,DCMSHRIRAM,INE499A01024,906.85,906.85,134814949.80396825,1813.7,0.2165310394602595,0.0223922791649515,0.1712288272409875,0.1307740029862884,0.1506461837522707,0.0161563716489933,0.0149222582816329,0.0221080369435222,0.030995499040482,0.0149222582816329,0.4191949225120487,0.0653288972618151,0.4191949225120487,0.3596968188869545,0.1024100646647968,0.1428571428571428,0.1712288272409875,0.0223922791649515,0.1428571428571428,0.4191949225120487,False,,,N100_drop0.50_s0.20_c0.05,1.0,0.0,0.0,False,False,1.0068271698186462,1.0170734897113791,-0.0865463796488441,-0.1149304575594595,NSE,False,NSE validated,False,,
2026-10-01,BIRLACORPN,INE340A01012,828.95,828.95,75426548.66428572,1657.9,0.2164669357077773,0.0223824100331187,0.194598326693009,0.115018512304211,0.1639428231670734,0.0007276113157043,0.0149154207832289,0.0220979972284193,0.0309846047335399,0.0149154207832289,0.4143694285976476,0.0583756143296191,0.4143694285976476,0.3524347781724972,0.1036861401438577,0.1428571428571428,0.194598326693009,0.0223824100331187,0.1428571428571428,0.4143694285976476,False,,,N100_drop0.50_s0.20_c0.05,1.0,0.0,0.0,False,False,1.0068271698186462,1.0170734897113791,-0.0865463796488441,-0.1149304575594595,NSE,False,NSE validated,False,,
2026-10-01,ZEEL,INE256A01028,71.92,71.92,2581328291.442064,143.84,0.216463796437889,0.0223819267798012,0.2310234567979908,0.0968816201177883,0.149097611229083,0.0569699793869536,0.0149150859810924,0.0220975056260754,0.0309840712562897,0.0149150859810924,0.4254229362454811,0.0509344005893517,0.4254229362454811,0.4260712779537379,0.0523848539557018,0.1578542883492161,0.2310234567979908,0.0223819267798012,0.1578542883492161,0.4254229362454811,False,,,N100_drop0.50_s0.20_c0.05,1.0,0.0,0.0,False,False,1.0068271698186462,1.0170734897113791,-0.0865463796488441,-0.1149304575594595,NSE,False,NSE validated,False,,
2026-10-01,MOIL,INE490G01020,232.66,232.66,332573701.2714285,465.32,0.2163619672074773,0.0223662541569878,0.1907521747391735,0.1172529444949738,0.1537642865128654,0.0154191414934702,0.0149042280422236,0.022081562423237,0.0309667685276952,0.0149042280422236,0.409054466038872,0.0608963790599981,0.409054466038872,0.3899990506253439,0.0800329289432709,0.1578542883492161,0.1907521747391735,0.0223662541569878,0.1578542883492161,0.409054466038872,False,,,N100_drop0.50_s0.20_c0.05,1.0,0.0,0.0,False,False,1.0068271698186462,1.0170734897113791,-0.0865463796488441,-0.1149304575594595,NSE,False,NSE validated,False,,
2026-10-01,INDIANB,INE562A01011,793.15,793.15,1464551109.7261906,1586.3,0.2162769757617953,0.0223531771776018,0.1501165586659321,0.1489054730287706,0.1572217153950661,0.0628368263486816,0.0148951686408002,0.0220682599604734,0.0309523295295092,0.0148951686408002,0.4344152954397369,0.0454196015462448,0.4344152954397369,0.3953491997676269,0.0728079771205042,0.1578542883492161,0.1501165586659321,0.0223531771776018,0.1578542883492161,0.4344152954397369,False,,,N100_drop0.50_s0.20_c0.05,1.0,0.0,0.0,False,False,1.0068271698186462,1.0170734897113791,-0.0865463796488441,-0.1149304575594595,NSE,False,NSE validated,False,,
2026-10-01,FEDERALBNK,INE171A01029,318.2,318.2,2019997316.1063492,636.4,0.2160767630211287,0.0223223868163475,0.1440004964871011,0.1550160406450201,0.1735726958797623,0.0625261357470804,0.0148738388785155,0.0220369397097516,0.0309183254506507,0.0148738388785155,0.4778247154605752,0.0155557689696181,0.4778247154605752,0.3503758631988878,0.1172070429928463,0.1428571428571428,0.1440004964871011,0.0223223868163475,0.1428571428571428,0.4778247154605752,False,,,N100_drop0.50_s0.20_c0.05,1.0,0.0,0.0,False,False,1.0068271698186462,1.0170734897113791,-0.0865463796488441,-0.1149304575594595,NSE,False,NSE validated,False,,
2026-10-01,AURIONPRO,INE132H01018,607.8,607.8,126193920.43095236,1215.6,0.2158652069755736,0.0222898746043518,0.239055753687996,0.0932413224131954,0.1510336818509226,0.0007139102663178,0.0148506246729491,0.0220038695344259,0.0308824094583725,0.0148506246729491,0.4280779210292362,0.0482336493506823,0.4280779210292362,0.4022695307019164,0.0791273026979516,0.1578542883492161,0.239055753687996,0.0222898746043518,0.1578542883492161,0.4280779210292362,False,,,N100_drop0.50_s0.20_c0.05,1.0,0.0,0.0,False,False,1.0068271698186462,1.0170734897113791,-0.0865463796488441,-0.1149304575594595,NSE,False,NSE validated,False,,
2026-10-01,ASTERDM,INE914M01019,708.9,708.9,1905766415.0301583,1417.8,0.2152959862587669,0.0222025112890337,0.1388445316296519,0.1599091518292979,0.1644419885072974,0.0426409829171809,0.0147784436078069,0.0219117074236086,0.0307858470813495,0.0147784436078069,0.4419067804297508,0.0420233292798463,0.4419067804297508,0.4040410326377543,0.0685405820040736,0.1578542883492161,0.1388445316296519,0.0222025112890337,0.1578542883492161,0.4419067804297508,False,,,N100_drop0.50_s0.20_c0.05,1.0,0.0,0.0,False,False,1.0068271698186462,1.0170734897113791,-0.0865463796488441,-0.1149304575594595,NSE,False,NSE validated,False,,
2026-10-01,GRINFRA,INE201P01022,790.2,790.2,27683630.684920635,1580.4,0.2150976530601595,0.0221721107946646,0.1908949220482784,0.1161482482444305,0.1569282754260663,0.0427360885434414,0.0147533424863783,0.0218791205923559,0.0307522274222836,0.0147533424863783,0.4042718907244495,0.0629677210453983,0.4042718907244495,0.3741600972550074,0.0930914548432247,0.1578542883492161,0.1908949220482784,0.0221721107946646,0.1578542883492161,0.4042718907244495,False,,,N100_drop0.50_s0.20_c0.05,1.0,0.0,0.0,False,False,1.0068271698186462,1.0170734897113791,-0.0865463796488441,-0.1149304575594595,NSE,False,NSE validated,False,,
2026-10-01,SIRCA,INE792Z01011,401.55,401.55,144198556.18492064,803.1,0.2149659134146359,0.022151929012248,0.150972569011459,0.1467281715963032,0.1600320653755701,0.0428423989535706,0.0147366834161016,0.0218574894674558,0.030729903380733,0.0147366834161016,0.4032903729326569,0.0689784852722324,0.4032903729326569,0.3566929667001394,0.1002174604873553,0.1428571428571428,0.150972569011459,0.022151929012248,0.1428571428571428,0.4032903729326569,False,,,N100_drop0.50_s0.20_c0.05,1.0,0.0,0.0,False,False,1.0068271698186462,1.0170734897113791,-0.0865463796488441,-0.1149304575594595,NSE,False,NSE validated,False,,
2026-10-01,PSB,INE608A01012,20.96,20.96,27578953.640317462,41.92,0.2149642464763051,0.0221516737041067,0.1724984864808875,0.1284166264644943,0.1646745762880581,0.0174567659709558,0.0147364726955557,0.0218572158351903,0.0307296209456376,0.0147364726955557,0.4382100066669123,0.0434325255202825,0.4382100066669123,0.3695379640648303,0.0911962164449913,0.1496062992125984,0.1724984864808875,0.0221516737041067,0.1496062992125984,0.4382100066669123,False,,,N100_drop0.50_s0.20_c0.05,1.0,0.0,0.0,False,False,1.0068271698186462,1.0170734897113791,-0.0865463796488441,-0.1149304575594595,NSE,False,NSE validated,False,,
2026-10-01,SARDAEN,INE385C01021,494.75,494.75,400974901.7198413,989.5,0.2148194364099388,0.0221295000945247,0.14807391065678,0.1494490149977781,0.1784396243913572,0.047876544421357,0.0147181738039655,0.0218334517865878,0.0307050888253708,0.0147181738039655,0.4274110992175375,0.0596816932078887,0.4274110992175375,0.3764788570408179,0.0876547972855745,0.1578542883492161,0.14807391065678,0.0221295000945247,0.1578542883492161,0.4274110992175375,False,,,N100_drop0.50_s0.20_c0.05,1.0,0.0,0.0,False,False,1.0068271698186462,1.0170734897113791,-0.0865463796488441,-0.1149304575594595,NSE,False,NSE validated,False,,
2026-10-01,SUBROS,INE287B01021,684.9,684.9,34975266.94206347,1369.8,0.2147389778135388,0.0221171848007908,0.205315776101675,0.107722773284787,0.1680838864428556,0.0098501300348842,0.0147080124789802,0.0218202540279322,0.0306914614499741,0.0147080124789802,0.4140929710724972,0.0611622656782282,0.4140929710724972,0.3829124203366945,0.087519975685709,0.1578542883492161,0.205315776101675,0.0221171848007908,0.1578542883492161,0.4140929710724972,False,,,N100_drop0.50_s0.20_c0.05,1.0,0.0,0.0,False,False,1.0068271698186462,1.0170734897113791,-0.0865463796488441,-0.1149304575594595,NSE,False,NSE validated,False,,
2026-10-01,IXIGO,INE0HV901016,161.9,161.9,204960879.2733333,323.8,0.2144296356823916,0.0220698669157893,0.2766078373504309,0.079787569026214,0.1746250163578557,0.0540726630005904,0.0146689834701766,0.0217737516352311,0.0306390879249807,0.0146689834701766,0.3588237113667549,0.1030052987983778,0.3588237113667549,0.3441543074155593,0.1198744510584285,0.1330698287220026,0.2766078373504309,0.0220698669157893,0.1330698287220026,0.3588237113667549,False,,,N100_drop0.50_s0.20_c0.05,1.0,0.0,0.0,False,False,1.0068271698186462,1.0170734897113791,-0.0865463796488441,-0.1149304575594595,NSE,False,NSE validated,False,,
2026-10-01,NIVABUPA,INE995S01015,72.98,72.98,124291130.85380954,145.96,0.214398565718765,0.0220651170961729,0.138893573349848,0.1588634849259362,0.1635250289970737,0.0596793350558285,0.0146650668270151,0.0217694091335148,0.0306338293553737,0.0146650668270151,0.4206192427742422,0.0614277675382285,0.4206192427742422,0.3458360115891588,0.1125247900098384,0.1330698287220026,0.138893573349848,0.0220651170961729,0.1330698287220026,0.4206192427742422,False,,,N100_drop0.50_s0.20_c0.05,1.0,0.0,0.0,False,False,1.0068271698186462,1.0170734897113791,-0.0865463796488441,-0.1149304575594595,NSE,False,NSE validated,False,,
2026-10-01,JYOTHYLAB,INE668F01031,182.91,182.91,171220763.50095236,365.82,0.214087822081845,0.0220176396096289,0.1994023088037545,0.1104181779123632,0.1552206503062142,0.0200384295899825,0.0146259288170131,0.0217260007126434,0.0305812539362591,0.0146259288170131,0.3994870760949855,0.0767231029402316,0.3994870760949855,0.4081507474150826,0.0756101043620104,0.1578542883492161,0.1994023088037545,0.0220176396096289,0.1578542883492161,0.3994870760949855,False,,,N100_drop0.50_s0.20_c0.05,1.0,0.0,0.0,False,False,1.0068271698186462,1.0170734897113791,-0.0865463796488441,-0.1149304575594595,NSE,False,NSE validated,False,,
2026-10-01,BSOFT,INE836A01035,269.75,269.75,522051122.2134921,539.5,0.2140878014123556,0.022017636453265,0.207406213903949,0.1061570723404728,0.1602916060068591,0.0212933643344994,0.0146259262157543,0.0217259978266547,0.0305812504402128,0.0146259262157543,0.4171615526643689,0.0618681040056882,0.4171615526643689,0.3858062290036776,0.0815347920981394,0.1578542883492161,0.207406213903949,0.022017636453265,0.1578542883492161,0.4171615526643689,False,,,N100_drop0.50_s0.20_c0.05,1.0,0.0,0.0,False,False,1.0068271698186462,1.0170734897113791,-0.0865463796488441,-0.1149304575594595,NSE,False,NSE validated,False,,
2026-10-01,NLCINDIA,INE589A01014,253.2,253.2,536712584.0111112,506.4,0.2138915828418083,0.021987682554532,0.1770809107976712,0.1241674354140559,0.1653132262588315,0.0377594552355657,0.014601244376803,0.0216986089407889,0.0305480683658809,0.014601244376803,0.4194105169628416,0.0669371873449937,0.4194105169628416,0.3653043414782704,0.0961833427994562,0.1428571428571428,0.1770809107976712,0.021987682554532,0.1428571428571428,0.4194105169628416,False,,,N100_drop0.50_s0.20_c0.05,1.0,0.0,0.0,False,False,1.0068271698186462,1.0170734897113791,-0.0865463796488441,-0.1149304575594595,NSE,False,NSE validated,False,,
2026-10-01,CIEINDIA,INE536H01010,376.35,376.35,172418856.8095238,752.7,0.2138645199349707,0.0219835528046595,0.1709567755993229,0.128591292901915,0.1651464880392085,0.0223946171607571,0.0145978421320063,0.0216940946692239,0.0305434928265146,0.0145978421320063,0.3933433192670666,0.0762330877839851,0.3933433192670666,0.3780315269163894,0.0875951062619123,0.1578542883492161,0.1709567755993229,0.0219835528046595,0.1578542883492161,0.3933433192670666,False,,,N100_drop0.50_s0.20_c0.05,1.0,0.0,0.0,False,False,1.0068271698186462,1.0170734897113791,-0.0865463796488441,-0.1149304575594595,NSE,False,NSE validated,False,,
2026-10-01,ITCHOTELS,INE379A01028,158.51,158.51,379592950.94238096,317.02,0.2137747284569069,0.0219698534967395,0.1712694082512872,0.1282765773587846,0.174134026415234,0.0595279397386793,0.0145865572419329,0.0216786279464014,0.0305283134837417,0.0145865572419329,0.4111786442348497,0.0630543328535734,0.4111786442348497,0.3675127574771224,0.0944211652327198,0.1496062992125984,0.1712694082512872,0.0219698534967395,0.1496062992125984,0.4111786442348497,False,,,N100_drop0.50_s0.20_c0.05,1.0,0.0,0.0,False,False,1.0068271698186462,1.0170734897113791,-0.0865463796488441,-0.1149304575594595,NSE,False,NSE validated,False,,
2026-10-01,SURYAROSNI,INE335A01020,220.67,220.67,138100227.52380952,441.34,0.2137437450722726,0.0219651273882981,0.1740117737622307,0.1262278230570264,0.1806720659666891,0.0326963054090918,0.0145826644801692,0.0216732924225366,0.0305230763335913,0.0145826644801692,0.4258371940345251,0.0539205370288193,0.4258371940345251,0.3344138359749711,0.122676851232125,0.1130612244897959,0.1740117737622307,0.0219651273882981,0.1130612244897959,0.4258371940345251,False,,,N100_drop0.50_s0.20_c0.05,1.0,0.0,0.0,False,False,1.0068271698186462,1.0170734897113791,-0.0865463796488441,-0.1149304575594595,NSE,False,NSE validated,False,,
2026-10-01,HSCL,INE019C01026,665.15,665.15,4988313564.793651,1330.3,0.2136666104507293,0.0219533636653629,0.1417834089203282,0.1548373242859403,0.1818244190380464,0.0027671831054629,0.0145729759246455,0.0216600125278309,0.0305100395858739,0.0145729759246455,0.4805853102935176,0.0215758585852497,0.4805853102935176,0.3976763245964392,0.074174802244855,0.1578542883492161,0.1417834089203282,0.0219533636653629,0.1578542883492161,0.4805853102935176,False,,,N100_drop0.50_s0.20_c0.05,1.0,0.0,0.0,False,False,1.0068271698186462,1.0170734897113791,-0.0865463796488441,-0.1149304575594595,NSE,False,NSE validated,False,,
2026-10-01,ADVENTHTL,INE28GN01010,123.77,123.77,47365725.87253968,247.54,0.2135936328143405,0.0219422367445608,0.239984881679233,0.0914317459959377,0.1601793507306172,0.0528078255508365,0.0145638130059368,0.0216474524552459,0.0304977072461049,0.0145638130059368,0.377532049155494,0.1036030909237321,0.377532049155494,0.3594383770176898,0.1243926320970239,0.1428571428571428,0.239984881679233,0.0219422367445608,0.1428571428571428,0.377532049155494,False,,,N100_drop0.50_s0.20_c0.05,1.0,0.0,0.0,False,False,1.0068271698186462,1.0170734897113791,-0.0865463796488441,-0.1149304575594595,NSE,False,NSE validated,False,,
2026-10-01,UNIONBANK,INE692A01016,167.59,167.59,2183828204.9957147,335.18,0.2135399917598922,0.0219340598287269,0.1400517246707893,0.1566139930106959,0.1629123152889126,0.0623993752749912,0.0145570801144326,0.0216382229356384,0.0304886436857407,0.0145570801144326,0.4490931404285366,0.0342092314066253,0.4490931404285366,0.3692786701110459,0.0921077681809401,0.1496062992125984,0.1400517246707893,0.0219340598287269,0.1496062992125984,0.4490931404285366,False,,,N100_drop0.50_s0.20_c0.05,1.0,0.0,0.0,False,False,1.0068271698186462,1.0170734897113791,-0.0865463796488441,-0.1149304575594595,NSE,False,NSE validated,False,,
2026-10-01,GPIL,INE177H01039,215.67,215.67,378699713.52492064,431.34,0.2135146823542059,0.0219302022376424,0.1904276430916183,0.1151629137535007,0.1594663416198632,0.0470926061262391,0.0145539039781871,0.0216338689343199,0.030484367567526,0.0145539039781871,0.4198740734132025,0.0552807994870495,0.4198740734132025,0.3742456538164451,0.0880098398172099,0.1578542883492161,0.1904276430916183,0.0219302022376424,0.1578542883492161,0.4198740734132025,False,,,N100_drop0.50_s0.20_c0.05,1.0,0.0,0.0,False,False,1.0068271698186462,1.0170734897113791,-0.0865463796488441,-0.1149304575594595,NSE,False,NSE validated,False,,
2026-10-01,DALBHARAT,INE00R701025,1682.1,1682.1,400795696.6174603,3364.2,0.2135054873253705,0.0219288008380133,0.1691984419320436,0.1296040352831429,0.1604538204196089,0.0438347616120693,0.0145527501737887,0.0216322872243714,0.0304828140859984,0.0145527501737887,0.4012940943532335,0.0671122821222068,0.4012940943532335,0.3441974423283483,0.1102014649682107,0.1330698287220026,0.1691984419320436,0.0219288008380133,0.1330698287220026,0.4012940943532335,False,,,N100_drop0.50_s0.20_c0.05,1.0,0.0,0.0,False,False,1.0068271698186462,1.0170734897113791,-0.0865463796488441,-0.1149304575594595,NSE,False,NSE validated,False,,
2026-10-01,JARO,INE00YJ01010,408.4,408.4,52622895.92936508,816.8,0.2133919494151032,0.0219115002976855,0.2234628383658781,0.0980543362731731,0.1607683032694479,0.0283859234164663,0.0145385077294933,0.0216127619220396,0.0304636344038302,0.0145385077294933,0.4168687643062271,0.0559144056160011,0.4168687643062271,0.3692525184070069,0.0919009864629676,0.1496062992125984,0.2234628383658781,0.0219115002976855,0.1496062992125984,0.4168687643062271,False,,,N100_drop0.50_s0.20_c0.05,1.0,0.0,0.0,False,False,1.0068271698186462,1.0170734897113791,-0.0865463796488441,-0.1149304575594595,NSE,False,NSE validated,False,,
2026-10-01,NESCO,INE317F01035,1028.2,1028.2,58193216.45238096,2056.4,0.2132468266177984,0.0218893966248058,0.1945815618637705,0.1124947112929999,0.1776811082148817,0.0051009726606961,0.0145203151726589,0.021587819067671,0.0304391254063979,0.0145203151726589,0.4087863479533973,0.0659641249091336,0.4087863479533973,0.3373565818743376,0.1156405932436621,0.1130612244897959,0.1945815618637705,0.0218893966248058,0.1130612244897959,0.4087863479533973,False,,,N100_drop0.50_s0.20_c0.05,1.0,0.0,0.0,False,False,1.0068271698186462,1.0170734897113791,-0.0865463796488441,-0.1149304575594595,NSE,False,NSE validated,False,,
2026-10-01,HPL,INE495S01016,267.2,267.2,31045269.60714286,534.4,0.2131705388756535,0.0218777815786129,0.2063856626561429,0.1060043672464949,0.1652551600799965,0.0063060543798404,0.0145107571425149,0.0215747135448451,0.0304262443937357,0.0145107571425149,0.4261595251129961,0.0506486852865791,0.4261595251129961,0.3861808908021408,0.0789706044071494,0.1578542883492161,0.2063856626561429,0.0218777815786129,0.1578542883492161,0.4261595251129961,False,,,N100_drop0.50_s0.20_c0.05,1.0,0.0,0.0,False,False,1.0068271698186462,1.0170734897113791,-0.0865463796488441,-0.1149304575594595,NSE,False,NSE validated,False,,
2026-10-01,POKARNA,INE637C01025,699.1,699.1,87048473.75634922,1398.2,0.2131414178200039,0.0218733485976174,0.220635440090849,0.0991379652725367,0.1593434818970935,0.0752191873237262,0.0145071095665058,0.0215697119756765,0.0304213278794992,0.0145071095665058,0.4290508313006739,0.044681058904213,0.4290508313006739,0.3654848758143084,0.0942130788102841,0.1428571428571428,0.220635440090849,0.0218733485976174,0.1428571428571428,0.4290508313006739,False,,,N100_drop0.50_s0.20_c0.05,1.0,0.0,0.0,False,False,1.0068271698186462,1.0170734897113791,-0.0865463796488441,-0.1149304575594595,NSE,False,NSE validated,False,,
2026-10-01,DHANUKA,INE435G01025,935.05,935.05,30353416.93968254,1870.1,0.2130866715445375,0.0218650159746594,0.1841252595998723,0.1187507679401234,0.1653721045032594,0.0297402792201192,0.0145002537497799,0.0215603109803245,0.0304120858166362,0.0145002537497799,0.4159325531151983,0.057559573734241,0.4159325531151983,0.3678509827713836,0.0931364159981856,0.1496062992125984,0.1841252595998723,0.0218650159746594,0.1496062992125984,0.4159325531151983,False,,,N100_drop0.50_s0.20_c0.05,1.0,0.0,0.0,False,False,1.0068271698186462,1.0170734897113791,-0.0865463796488441,-0.1149304575594595,NSE,False,NSE validated,False,,
2026-10-01,FABTECH,INE0HF201011,142.01,142.01,14812570.04174603,284.02,0.2127225341468106,0.0218096319187994,0.1682072581776383,0.1296592795999739,0.1680326363684738,0.0523927825240299,0.0144547017676224,0.0214978389799513,0.0303506388233833,0.0144547017676224,0.3998401473119879,0.0689732837830332,0.3998401473119879,0.3838823792008765,0.0873547254374504,0.1578542883492161,0.1682072581776383,0.0218096319187994,0.1578542883492161,0.3998401473119879,False,,,N100_drop0.50_s0.20_c0.05,1.0,0.0,0.0,False,False,1.0068271698186462,1.0170734897113791,-0.0865463796488441,-0.1149304575594595,NSE,False,NSE validated,False,,
2026-10-01,360ONE,INE466L01038,1040.0,1040.0,1256854384.1476188,2080.0,0.2123970625904634,0.0217601865226238,0.1338036566069705,0.1626277418302648,0.1622364265573115,0.0459800561803471,0.0144140580882555,0.0214440589895907,0.0302957538026272,0.0144140580882555,0.4309747340601479,0.0576255950807594,0.4309747340601479,0.3388997526358268,0.1202381050463979,0.1330698287220026,0.1338036566069705,0.0217601865226238,0.1330698287220026,0.4309747340601479,False,,,N100_drop0.50_s0.20_c0.05,1.0,0.0,0.0,False,False,1.0068271698186462,1.0170734897113791,-0.0865463796488441,-0.1149304575594595,NSE,False,NSE validated,False,,
2026-10-01,ASALCBR,INE073G01016,611.1,611.1,24588895.013492063,1222.2,0.2123490124522876,0.0217528913935265,0.2172336332180392,0.1001359277165568,0.1576023977460531,0.0198412861564055,0.0144080634679732,0.0214371363058738,0.0302876539718275,0.0144080634679732,0.4425849820814347,0.0408606033708656,0.4425849820814347,0.3730359687349654,0.0879967858802912,0.1578542883492161,0.2172336332180392,0.0217528913935265,0.1578542883492161,0.4425849820814347,False,,,N100_drop0.50_s0.20_c0.05,1.0,0.0,0.0,False,False,1.0068271698186462,1.0170734897113791,-0.0865463796488441,-0.1149304575594595,NSE,False,NSE validated,False,,
2026-10-01,BHEL,INE257A01026,421.0,421.0,4065872551.989682,842.0,0.2114743421384524,0.0216203032375657,0.1482633804726112,0.14582362258737,0.1816251173595866,0.0701137192010166,0.0142991977441503,0.0213113087094106,0.0301403440296121,0.0142991977441503,0.4641797144789036,0.0507698275794637,0.4641797144789036,0.3589888398663367,0.1011907812380671,0.1428571428571428,0.1482633804726112,0.0216203032375657,0.1428571428571428,0.4641797144789036,False,,,N100_drop0.50_s0.20_c0.05,1.0,0.0,0.0,False,False,1.0068271698186462,1.0170734897113791,-0.0865463796488441,-0.1149304575594595,NSE,False,NSE validated,False,,
2026-10-01,COFORGE,INE591G01025,1826.0,1826.0,4715591212.866666,3652.0,0.2114496873692128,0.0216165715948908,0.1662202056202586,0.1300477972231329,0.1835754839855235,0.0860878618993736,0.0142961361181394,0.0213074259813592,0.0301361953961916,0.0142961361181394,0.4926724604777113,0.0220456935648364,0.4926724604777113,0.3798231521703878,0.0858695407221613,0.1578542883492161,0.1662202056202586,0.0216165715948908,0.1578542883492161,0.4926724604777113,False,,,N100_drop0.50_s0.20_c0.05,1.0,0.0,0.0,False,False,1.0068271698186462,1.0170734897113791,-0.0865463796488441,-0.1149304575594595,NSE,False,NSE validated,False,,
2026-10-01,JSWENERGY,INE121E01018,485.0,485.0,1088286595.6698413,970.0,0.2107997656276521,0.0215183144249082,0.1618995775726543,0.1329114920960905,0.1609729484319718,0.1099579033521914,0.0142155676028249,0.0212032663504067,0.0300100727788962,0.0142155676028249,0.3994002294097905,0.0703462470823406,0.3994002294097905,0.3240854775758544,0.1239818236406471,0.1130612244897959,0.1618995775726543,0.0215183144249082,0.1130612244897959,0.3994002294097905,False,,,N100_drop0.50_s0.20_c0.05,1.0,0.0,0.0,False,False,1.0068271698186462,1.0170734897113791,-0.0865463796488441,-0.1149304575594595,NSE,False,NSE validated,False,,
2026-10-01,VMM,INE01EA01019,99.5,99.5,1365191639.0147614,199.0,0.2107440562938975,0.0215099021753566,0.2166593418334592,0.0992798279240172,0.1603924031430636,0.0991687147253738,0.0142086739362332,0.0211943504055772,0.0299987602188932,0.0142086739362332,0.3632147420108469,0.0912242871631248,0.3632147420108469,0.3580864728442443,0.1215719654231363,0.1428571428571428,0.2166593418334592,0.0215099021753566,0.1428571428571428,0.3632147420108469,False,,,N100_drop0.50_s0.20_c0.05,1.0,0.0,0.0,False,False,1.0068271698186462,1.0170734897113791,-0.0865463796488441,-0.1149304575594595,NSE,False,NSE validated,False,,
2026-10-01,COCHINSHIP,INE704P01025,1287.0,1287.0,1748756268.9619043,2574.0,0.2101176182958806,0.0214154176720383,0.2002745432864986,0.1069303033756166,0.1646645503342599,0.0698706856110035,0.0141312911615581,0.0210942263507094,0.0298716873160007,0.0141312911615581,0.4045925624113007,0.070359883708631,0.4045925624113007,0.346747840069018,0.107332120406983,0.1330698287220026,0.2002745432864986,0.0214154176720383,0.1330698287220026,0.4045925624113007,False,,,N100_drop0.50_s0.20_c0.05,1.0,0.0,0.0,False,False,1.0068271698186462,1.0170734897113791,-0.0865463796488441,-0.1149304575594595,NSE,False,NSE validated,False,,
2026-10-01,MASFIN,INE348L01012,272.85,272.85,60305370.503968254,545.7,0.2101121019188804,0.0214145865372963,0.1656947855305817,0.1292411615050124,0.168417908250815,0.019658799770241,0.0141306108324261,0.0210933457531513,0.0298705694126669,0.0141306108324261,0.4281753980538507,0.0486873100729002,0.4281753980538507,0.3425133124736144,0.1113637049515982,0.1330698287220026,0.1656947855305817,0.0214145865372963,0.1330698287220026,0.4281753980538507,False,,,N100_drop0.50_s0.20_c0.05,1.0,0.0,0.0,False,False,1.0068271698186462,1.0170734897113791,-0.0865463796488441,-0.1149304575594595,NSE,False,NSE validated,False,,
2026-10-01,ORKLAINDIA,INE16NZ01023,537.2,537.2,54568111.65555556,1074.4,0.210008528661881,0.0213989843722629,0.1795866023060025,0.1191569086863205,0.1558651279037338,0.0821635409636953,0.0141178408078951,0.0210768155380216,0.0298495836544916,0.0141178408078951,0.4093607493141493,0.0635088288193781,0.4093607493141493,0.3549000152302506,0.1043156565544605,0.1428571428571428,0.1795866023060025,0.0213989843722629,0.1428571428571428,0.4093607493141493,False,,,N100_drop0.50_s0.20_c0.05,1.0,0.0,0.0,False,False,1.0068271698186462,1.0170734897113791,-0.0865463796488441,-0.1149304575594595,NSE,False,NSE validated,False,,
2026-10-01,PETRONET,INE347G01014,285.5,285.5,531139473.5444445,571.0,0.2099486848456634,0.0213899720591806,0.1091735087933493,0.1959263954744639,0.1857712465426952,0.0306152784105838,0.0141104654678826,0.021067267561894,0.0298374613126209,0.0141104654678826,0.4423713452248672,0.0556556099534878,0.4423713452248672,0.3390201720570101,0.129452047128446,0.1330698287220026,0.1091735087933493,0.0213899720591806,0.1330698287220026,0.4423713452248672,False,,,N100_drop0.50_s0.20_c0.05,1.0,0.0,0.0,False,False,1.0068271698186462,1.0170734897113791,-0.0865463796488441,-0.1149304575594595,NSE,False,NSE validated,False,,
2026-10-01,GMDCLTD,INE131A01031,487.65,487.65,616942279.1595238,975.3,0.2099140045609717,0.0213847501406765,0.1820290475660105,0.1174798771219281,0.1641754522264432,0.012498631580811,0.0141061923928036,0.0210617354062342,0.029830437281969,0.0141061923928036,0.4331663035797786,0.0674925044906717,0.4331663035797786,0.379995843238631,0.0867669615316477,0.1578542883492161,0.1820290475660105,0.0213847501406765,0.1578542883492161,0.4331663035797786,False,,,N100_drop0.50_s0.20_c0.05,1.0,0.0,0.0,False,False,1.0068271698186462,1.0170734897113791,-0.0865463796488441,-0.1149304575594595,NSE,False,NSE validated,False,,
2026-10-01,INDIACEM,INE383A01012,295.15,295.15,91064376.2293652,590.3,0.2098616889272782,0.0213768739737793,0.199860771362869,0.1069588285285224,0.1517042053368102,0.0005087674262999,0.0140997478396212,0.0210533915019327,0.0298198428716717,0.0140997478396212,0.4285350820554094,0.0427065547197571,0.4285350820554094,0.3863925823997842,0.0774372274657784,0.1578542883492161,0.199860771362869,0.0213768739737793,0.1578542883492161,0.4285350820554094,False,,,N100_drop0.50_s0.20_c0.05,1.0,0.0,0.0,False,False,1.0068271698186462,1.0170734897113791,-0.0865463796488441,-0.1149304575594595,NSE,False,NSE validated,False,,
2026-10-01,ORIENTCEM,INE876N01018,115.91,115.91,42785470.7384127,231.82,0.2096125043269606,0.0213393781621986,0.2133069141234225,0.1000407241832367,0.1638700693564276,0.0059317562025621,0.0140690754308424,0.0210155821112237,0.0297694041653431,0.0140690754308424,0.3856418408932932,0.0847207410334221,0.3856418408932932,0.3361292764727328,0.121099039929362,0.1130612244897959,0.2133069141234225,0.0213393781621986,0.1130612244897959,0.3856418408932932,False,,,N100_drop0.50_s0.20_c0.05,1.0,0.0,0.0,False,False,1.0068271698186462,1.0170734897113791,-0.0865463796488441,-0.1149304575594595,NSE,False,NSE validated,False,,
2026-10-01,IPL,INE0D6701023,130.68,130.68,97833353.6915873,261.36,0.2094357604567385,0.0213128019890914,0.1891152412269178,0.1126974317396154,0.1786266062799895,0.0202788109388215,0.0140473435091737,0.0209873073109227,0.0297336521190171,0.0140473435091737,0.392691267517003,0.0784777137813687,0.392691267517003,0.328812463272683,0.1216348905366211,0.1130612244897959,0.1891152412269178,0.0213128019890914,0.1130612244897959,0.392691267517003,False,,,N100_drop0.50_s0.20_c0.05,1.0,0.0,0.0,False,False,1.0068271698186462,1.0170734897113791,-0.0865463796488441,-0.1149304575594595,NSE,False,NSE validated,False,,
2026-10-01,HINDCOPPER,INE531E01026,462.15,462.15,5087601358.484921,924.3,0.2093901957373557,0.021305953210122,0.2325294183996816,0.0916269148082608,0.1592516220276865,0.0539665337034276,0.0140417441855259,0.0209800767560893,0.0297244383811411,0.0140417441855259,0.4269897729116838,0.0530241433685727,0.4269897729116838,0.3820676210193028,0.0882649202784449,0.1578542883492161,0.2325294183996816,0.021305953210122,0.1578542883492161,0.4269897729116838,False,,,N100_drop0.50_s0.20_c0.05,1.0,0.0,0.0,False,False,1.0068271698186462,1.0170734897113791,-0.0865463796488441,-0.1149304575594595,NSE,False,NSE validated,False,,
2026-10-01,NYKAA,INE388Y01029,324.95,324.95,1818377839.326984,649.9,0.2092677508311014,0.0212875539013747,0.1237684476824654,0.1719949979173128,0.1791361429687366,0.0464398536685914,0.014026703730242,0.0209606528928917,0.0296996849746809,0.014026703730242,0.4526210977385901,0.034653334017727,0.4526210977385901,0.3531029104883822,0.1096351356464218,0.1428571428571428,0.1237684476824654,0.0212875539013747,0.1428571428571428,0.4526210977385901,False,,,N100_drop0.50_s0.20_c0.05,1.0,0.0,0.0,False,False,1.0068271698186462,1.0170734897113791,-0.0865463796488441,-0.1149304575594595,NSE,False,NSE validated,False,,
2026-10-01,PATANJALI,INE619A01035,355.15,355.15,2060608336.2857144,710.3,0.209064884371278,0.0212570867699345,0.252953383208118,0.0840355898795995,0.1728891866049262,0.049864308887131,0.0140018054637339,0.0209284927130026,0.0296586942234675,0.0140018054637339,0.3804515857196067,0.0865432007439731,0.3804515857196067,0.3654417219722679,0.1157600237365687,0.1428571428571428,0.252953383208118,0.0212570867699345,0.1428571428571428,0.3804515857196067,False,,,N100_drop0.50_s0.20_c0.05,1.0,0.0,0.0,False,False,1.0068271698186462,1.0170734897113791,-0.0865463796488441,-0.1149304575594595,NSE,False,NSE validated,False,,
2026-10-01,BLUESTARCO,INE472A01039,1459.6,1459.6,847197035.8587302,2919.2,0.208788559461873,0.0212156211113963,0.1953315611518401,0.1086133801741567,0.1843213514343834,0.0747278814695333,0.0139679330318985,0.0208881566467397,0.0296029020098846,0.0139679330318985,0.3645018182325383,0.1020138035210148,0.3645018182325383,0.3193326845017595,0.1295995402355736,0.1130612244897959,0.1953315611518401,0.0212156211113963,0.1130612244897959,0.3645018182325383,False,,,N100_drop0.50_s0.20_c0.05,1.0,0.0,0.0,False,False,1.0068271698186462,1.0170734897113791,-0.0865463796488441,-0.1149304575594595,NSE,False,NSE validated,False,,
2026-10-01,BHARATCOAL,INE05XR01022,31.75,31.75,231735759.05238092,63.5,0.2086449456684865,0.0211940855862872,0.1671494470334474,0.1267972222609039,0.1666301574274355,0.0200608222774065,0.0139503474951872,0.0208686220732159,0.0295739240758971,0.0139503474951872,0.4197741153165465,0.0559314020094354,0.4197741153165465,0.3444917219690773,0.1120870870640032,0.1330698287220026,0.1671494470334474,0.0211940855862872,0.1330698287220026,0.4197741153165465,False,,,N100_drop0.50_s0.20_c0.05,1.0,0.0,0.0,False,False,1.0068271698186462,1.0170734897113791,-0.0865463796488441,-0.1149304575594595,NSE,False,NSE validated,False,,
2026-10-01,KITEX,INE602G01020,116.68,116.68,60291198.78714286,233.36,0.2084619613541437,0.0211666614682174,0.207102275184615,0.1022039060138237,0.1659802463439895,0.0001401498245175,0.0139279597604846,0.020843743838344,0.0295370207448419,0.0139279597604846,0.4159581687927724,0.0561544083447722,0.4159581687927724,0.3883679825414831,0.0827186390340516,0.1578542883492161,0.207102275184615,0.0211666614682174,0.1578542883492161,0.4159581687927724,False,,,N100_drop0.50_s0.20_c0.05,1.0,0.0,0.0,False,False,1.0068271698186462,1.0170734897113791,-0.0865463796488441,-0.1149304575594595,NSE,False,NSE validated,False,,
2026-10-01,BHARATRAS,INE838B01021,998.6,998.6,17014231.804761905,1997.2,0.2081029501593106,0.021112905382668,0.2427400652317728,0.0869774232058027,0.1553583701923985,0.0225817954895496,0.013884096452256,0.0207926607707059,0.0294646779463054,0.013884096452256,0.4218814766776881,0.0588182181108551,0.4218814766776881,0.3792574004755732,0.0890142545931844,0.1578542883492161,0.2427400652317728,0.021112905382668,0.1578542883492161,0.4218814766776881,False,,,N100_drop0.50_s0.20_c0.05,1.0,0.0,0.0,False,False,1.0068271698186462,1.0170734897113791,-0.0865463796488441,-0.1149304575594595,NSE,False,NSE validated,False,,
2026-10-01,ITI,INE248A01017,241.54,241.54,90492698.88,483.08,0.2079323126519084,0.0210873781357514,0.1657120850987054,0.1272531096521468,0.1568794965632585,0.0055378573483987,0.013863276563065,0.0207675243741657,0.0294303217050524,0.013863276563065,0.4166507510045827,0.0539131582705683,0.4166507510045827,0.3495565747578562,0.1064929705201508,0.1428571428571428,0.1657120850987054,0.0210873781357514,0.1428571428571428,0.4166507510045827,False,,,N100_drop0.50_s0.20_c0.05,1.0,0.0,0.0,False,False,1.0068271698186462,1.0170734897113791,-0.0865463796488441,-0.1149304575594595,NSE,False,NSE validated,False,,
2026-10-01,IDFCFIRSTB,INE092T01019,80.39,80.39,1694375502.2838097,160.78,0.2078810174739719,0.021079707302906,0.1321350680382194,0.1595315128366136,0.1826149252890365,0.0490950628765763,0.0138570214756305,0.0207599710182702,0.0294199974569615,0.0138570214756305,0.445951083221338,0.0433044727117335,0.445951083221338,0.3558157339072388,0.1042756913132035,0.1428571428571428,0.1321350680382194,0.021079707302906,0.1428571428571428,0.445951083221338,False,,,N100_drop0.50_s0.20_c0.05,1.0,0.0,0.0,False,False,1.0068271698186462,1.0170734897113791,-0.0865463796488441,-0.1149304575594595,NSE,False,NSE validated,False,,
2026-10-01,PAYTM,INE982J01020,1656.0,1656.0,6775720588.498412,3312.0,0.2074928746960752,0.0210217065344727,0.1902746774305876,0.1104808417932623,0.1893088116427599,0.1068196761613775,0.0138097434778361,0.0207028589366547,0.0293419285904004,0.0138097434778361,0.4277410497576783,0.0577814083904409,0.4277410497576783,0.3578066818315171,0.1044648928873764,0.1428571428571428,0.1902746774305876,0.0210217065344727,0.1428571428571428,0.4277410497576783,False,,,N100_drop0.50_s0.20_c0.05,1.0,0.0,0.0,False,False,1.0068271698186462,1.0170734897113791,-0.0865463796488441,-0.1149304575594595,NSE,False,NSE validated,False,,
2026-10-01,CRAMC,INE218I01013,216.52,216.52,238431850.34873012,433.04,0.2071816272973333,0.0209752515223756,0.2041690436899705,0.1027347297283049,0.1465075049278711,0.0343609905066938,0.01377189973064,0.0206532030181213,0.0292793938092194,0.01377189973064,0.3954066869324026,0.0663882339053929,0.3954066869324026,0.3701700168886222,0.096066024359261,0.1496062992125984,0.2041690436899705,0.0209752515223756,0.1496062992125984,0.3954066869324026,False,,,N100_drop0.50_s0.20_c0.05,1.0,0.0,0.0,False,False,1.0068271698186462,1.0170734897113791,-0.0865463796488441,-0.1149304575594595,NSE,False,NSE validated,False,,
2026-10-01,APOLLOTYRE,INE438A01022,404.75,404.75,370850043.6126984,809.5,0.2071315256904212,0.0209677782267146,0.1431701507458893,0.1464535597502446,0.1723941844271269,0.1051753777594229,0.0137658136556647,0.0206449340975937,0.0292693331961599,0.0137658136556647,0.388093572257558,0.0838804961257595,0.388093572257558,0.3061813156044612,0.141127231127759,0.1130612244897959,0.1431701507458893,0.0209677782267146,0.1130612244897959,0.388093572257558,False,,,N100_drop0.50_s0.20_c0.05,1.0,0.0,0.0,False,False,1.0068271698186462,1.0170734897113791,-0.0865463796488441,-0.1149304575594595,NSE,False,NSE validated,False,,
2026-10-01,INDHOTEL,INE053A01029,718.0,718.0,1691998889.270635,1436.0,0.2067934711731383,0.0209173862773016,0.116015512554002,0.1802981844136159,0.1876039996306796,0.0485951411291114,0.0137247894966697,0.0205891868615938,0.0292014912356485,0.0137247894966697,0.4173048400151543,0.0697987652900441,0.4173048400151543,0.3246635828816802,0.1281081985157924,0.1130612244897959,0.116015512554002,0.0209173862773016,0.1130612244897959,0.4173048400151543,False,,,N100_drop0.50_s0.20_c0.05,1.0,0.0,0.0,False,False,1.0068271698186462,1.0170734897113791,-0.0865463796488441,-0.1149304575594595,NSE,False,NSE validated,False,,
2026-10-01,TATACAP,INE976I01016,319.3,319.3,570394716.534127,638.6,0.2067388318889703,0.0209092469238963,0.1477459602250259,0.1415216151565182,0.1645585387979674,0.0588365398008707,0.0137181655020052,0.0205801840809304,0.0291905327034056,0.0137181655020052,0.4304508617916799,0.0519922033295605,0.4304508617916799,0.3421934453795464,0.1163481136562516,0.1330698287220026,0.1477459602250259,0.0209092469238963,0.1330698287220026,0.4304508617916799,False,,,N100_drop0.50_s0.20_c0.05,1.0,0.0,0.0,False,False,1.0068271698186462,1.0170734897113791,-0.0865463796488441,-0.1149304575594595,NSE,False,NSE validated,False,,
2026-10-01,JWL,INE209L01016,223.93,223.93,318201307.09444433,447.86,0.2065062497392073,0.0208746171598049,0.1989879408449159,0.104903930716454,0.171919564919816,0.030814552184744,0.013689990044868,0.0205418856389904,0.0291439064532798,0.013689990044868,0.397904216385481,0.0718954420823411,0.397904216385481,0.3237864329157708,0.1247097450064607,0.1130612244897959,0.1989879408449159,0.0208746171598049,0.1130612244897959,0.397904216385481,False,,,N100_drop0.50_s0.20_c0.05,1.0,0.0,0.0,False,False,1.0068271698186462,1.0170734897113791,-0.0865463796488441,-0.1149304575594595,NSE,False,NSE validated,False,,
2026-10-01,LICHSGFIN,INE115A01026,509.0,509.0,1395295924.2801588,1018.0,0.2064575338981407,0.0208673671943574,0.1478829805367479,0.1411072938793792,0.1782779792247973,0.0815433023797033,0.0136840927761866,0.0205338686106112,0.0291341445389839,0.0136840927761866,0.4093961145837748,0.0654851348784558,0.4093961145837748,0.3291300090397034,0.1212944011392782,0.1130612244897959,0.1478829805367479,0.0208673671943574,0.1130612244897959,0.4093961145837748,False,,,N100_drop0.50_s0.20_c0.05,1.0,0.0,0.0,False,False,1.0068271698186462,1.0170734897113791,-0.0865463796488441,-0.1149304575594595,NSE,False,NSE validated,False,,
2026-10-01,GLOBUSSPR,INE615I01010,786.9,786.9,103609314.66904762,1573.8,0.2064409377017342,0.0208648975970806,0.1850825329154738,0.1127329374004705,0.159255917563644,0.0016356299562791,0.0136820840701186,0.020531137803284,0.0291308192500009,0.0136820840701186,0.4305144575387511,0.0459859259873016,0.4305144575387511,0.371504789747878,0.0898577545952918,0.1578542883492161,0.1850825329154738,0.0208648975970806,0.1578542883492161,0.4305144575387511,False,,,N100_drop0.50_s0.20_c0.05,1.0,0.0,0.0,False,False,1.0068271698186462,1.0170734897113791,-0.0865463796488441,-0.1149304575594595,NSE,False,NSE validated,False,,
2026-10-01,ECOSMOBLTY,INE06HJ01020,105.01,105.01,7535092.837619048,210.02,0.2064015071366056,0.0208590306893271,0.241730629401993,0.0862903916683184,0.1621869735273113,0.0304169246711914,0.0136773123133003,0.0205246505119147,0.0291229194495612,0.0136773123133003,0.434377947779079,0.0561727236973889,0.434377947779079,0.4084252318929679,0.0713457571819289,0.1578542883492161,0.241730629401993,0.0208590306893271,0.1578542883492161,0.434377947779079,False,,,N100_drop0.50_s0.20_c0.05,1.0,0.0,0.0,False,False,1.0068271698186462,1.0170734897113791,-0.0865463796488441,-0.1149304575594595,NSE,False,NSE validated,False,,
2026-10-01,ANURAS,INE930P01018,1163.7,1163.7,507872671.2142857,2327.4,0.2062790929536461,0.020840821582175,0.1395901885611297,0.1493000460633975,0.1781760685073116,0.0709679818819223,0.0136625043130926,0.0205045173652709,0.0290984002704449,0.0136625043130926,0.4002281929109744,0.0756693887159925,0.4002281929109744,0.3050775176228976,0.142408404430916,0.1130612244897959,0.1395901885611297,0.020840821582175,0.1130612244897959,0.4002281929109744,False,,,N100_drop0.50_s0.20_c0.05,1.0,0.0,0.0,False,False,1.0068271698186462,1.0170734897113791,-0.0865463796488441,-0.1149304575594595,NSE,False,NSE validated,False,,
2026-10-01,BIKAJI,INE00E101023,504.05,504.05,136194962.35079366,1008.1,0.2062595735464361,0.0208379187704694,0.2338782179074297,0.0890973043873508,0.1603002805148099,0.0855968538955874,0.0136601439823447,0.0205013080339624,0.0290944914540167,0.0136601439823447,0.3819944288410455,0.0787269270108653,0.3819944288410455,0.3547695521850105,0.1078142333593775,0.1428571428571428,0.2338782179074297,0.0208379187704694,0.1428571428571428,0.3819944288410455,False,,,N100_drop0.50_s0.20_c0.05,1.0,0.0,0.0,False,False,1.0068271698186462,1.0170734897113791,-0.0865463796488441,-0.1149304575594595,NSE,False,NSE validated,False,,
2026-10-01,DBCORP,INE950I01011,172.52,172.52,87985761.73396824,345.04,0.2062487467840594,0.0208363087608645,0.1674280071203832,0.1244493625602489,0.1513029064098419,0.0540249784678861,0.0136588348879321,0.0204995280408883,0.0290923234662404,0.0136588348879321,0.4284871456256681,0.0499515375411333,0.4284871456256681,0.3893246557804218,0.0900213191067894,0.1578542883492161,0.1674280071203832,0.0208363087608645,0.1578542883492161,0.4284871456256681,False,,,N100_drop0.50_s0.20_c0.05,1.0,0.0,0.0,False,False,1.0068271698186462,1.0170734897113791,-0.0865463796488441,-0.1149304575594595,NSE,False,NSE validated,False,,
2026-10-01,BAJAJHFL,INE377Y01014,82.91,82.91,260666260.89539692,165.82,0.206089413593093,0.0208126217299103,0.1370845384333778,0.15182326152723,0.1847534425398752,0.0770655852664363,0.0136395778865627,0.0204733421283818,0.0290604264586814,0.0136395778865627,0.4323219074554043,0.0499692998311725,0.4323219074554043,0.3249614549463085,0.1279891979745778,0.1130612244897959,0.1370845384333778,0.0208126217299103,0.1130612244897959,0.4323219074554043,False,,,N100_drop0.50_s0.20_c0.05,1.0,0.0,0.0,False,False,1.0068271698186462,1.0170734897113791,-0.0865463796488441,-0.1149304575594595,NSE,False,NSE validated,False,,
2026-10-01,KNRCON,INE634I01029,113.29,113.29,176574014.16619048,226.58,0.2059708986040877,0.0207950111877755,0.2301001475954941,0.090373741195213,0.1741244288669877,0.0675699082778114,0.01362526439981,0.0204538761476276,0.0290367110875116,0.01362526439981,0.3724326501465242,0.0917938461667383,0.3724326501465242,0.3635071039740497,0.1185395903692722,0.1428571428571428,0.2301001475954941,0.0207950111877755,0.1428571428571428,0.3724326501465242,False,,,N100_drop0.50_s0.20_c0.05,1.0,0.0,0.0,False,False,1.0068271698186462,1.0170734897113791,-0.0865463796488441,-0.1149304575594595,NSE,False,NSE validated,False,,
2026-10-01,ABLBL,INE14LE01019,74.44,74.44,113587629.76301588,148.88,0.2059693557642772,0.0207947819787443,0.2252449597939079,0.0923207427050574,0.165365252178899,0.0442093198764744,0.0136250781229476,0.0204536228027352,0.0290364024159237,0.0136250781229476,0.4139858356188258,0.0614830511146372,0.4139858356188258,0.3306145760655385,0.1193097269311139,0.1130612244897959,0.2252449597939079,0.0207947819787443,0.1130612244897959,0.4139858356188258,False,,,N100_drop0.50_s0.20_c0.05,1.0,0.0,0.0,False,False,1.0068271698186462,1.0170734897113791,-0.0865463796488441,-0.1149304575594595,NSE,False,NSE validated,False,,
2026-10-01,AADHARHFC,INE883F01010,448.4,448.4,174835954.90238097,896.8,0.205904991860208,0.0207852209493275,0.15010913577915,0.1384673946821465,0.1750713435793642,0.0344447479202855,0.0136173083764583,0.0204430552997394,0.0290235266275929,0.0136173083764583,0.4216272679950717,0.0562154510635475,0.4216272679950717,0.3197565931980338,0.1313668137821986,0.1130612244897959,0.15010913577915,0.0207852209493275,0.1130612244897959,0.4216272679950717,False,,,N100_drop0.50_s0.20_c0.05,1.0,0.0,0.0,False,False,1.0068271698186462,1.0170734897113791,-0.0865463796488441,-0.1149304575594595,NSE,False,NSE validated,False,,
2026-10-01,REPCOHOME,INE612J01015,337.75,337.75,34823254.74047618,675.5,0.2058561935272841,0.0207779735233533,0.1742545207802379,0.1192392222039254,0.1677506123531867,0.0760650636484044,0.0136114193560522,0.0204350453517033,0.0290137663931598,0.0136114193560522,0.4009606701801924,0.0669378686067893,0.4009606701801924,0.3458830174264378,0.1082352492956638,0.1330698287220026,0.1742545207802379,0.0207779735233533,0.1330698287220026,0.4009606701801924,False,,,N100_drop0.50_s0.20_c0.05,1.0,0.0,0.0,False,False,1.0068271698186462,1.0170734897113791,-0.0865463796488441,-0.1149304575594595,NSE,False,NSE validated,False,,
2026-10-01,FDC,INE258B01022,335.9,335.9,71973223.15714285,671.8,0.2058064579958254,0.0207705881427613,0.1823915449957207,0.113879117276235,0.175049090846409,0.0122494974036986,0.013605418754773,0.0204268832915226,0.0290038202275262,0.013605418754773,0.4077186808146312,0.0640849704844734,0.4077186808146312,0.3468344687495583,0.1092089331362343,0.1330698287220026,0.1823915449957207,0.0207705881427613,0.1330698287220026,0.4077186808146312,False,,,N100_drop0.50_s0.20_c0.05,1.0,0.0,0.0,False,False,1.0068271698186462,1.0170734897113791,-0.0865463796488441,-0.1149304575594595,NSE,False,NSE validated,False,,
2026-10-01,PINELABS,INE15B701018,167.59,167.59,5033292281.806666,335.18,0.2057312993893211,0.020759429979677,0.2577038596898494,0.0805553708223903,0.1871047712478103,0.062719946727305,0.0135963537674123,0.0204145523701112,0.0289887928376287,0.0135963537674123,0.3767194350657215,0.0954315235172014,0.3767194350657215,0.3246912040898057,0.1291349264407978,0.1130612244897959,0.2577038596898494,0.020759429979677,0.1130612244897959,0.3767194350657215,False,,,N100_drop0.50_s0.20_c0.05,1.0,0.0,0.0,False,False,1.0068271698186462,1.0170734897113791,-0.0865463796488441,-0.1149304575594595,NSE,False,NSE validated,False,,
2026-10-01,GAIL,INE129A01019,171.22,171.22,1471068990.3447618,342.44,0.2055844323993602,0.020737634100729,0.1067771482448082,0.1942141595052135,0.1832526168127246,0.0512318356199554,0.0135786500441214,0.0203904680506552,0.0289594380097698,0.0135786500441214,0.4268454988423049,0.0692984437910198,0.4268454988423049,0.3347165453111148,0.1286679985967732,0.1130612244897959,0.1067771482448082,0.020737634100729,0.1130612244897959,0.4268454988423049,False,,,N100_drop0.50_s0.20_c0.05,1.0,0.0,0.0,False,False,1.0068271698186462,1.0170734897113791,-0.0865463796488441,-0.1149304575594595,NSE,False,NSE validated,False,,
2026-10-01,SIGNATURE,INE903U01023,737.45,737.45,344751055.5,1474.9,0.2055035605209029,0.0207256369062319,0.1950280732034434,0.1062700182891722,0.1728854485916193,0.0640129808906395,0.0135689072518178,0.0203772125622513,0.0289432795663294,0.0135689072518178,0.3973124167779877,0.0721031817532159,0.3973124167779877,0.3661381406502857,0.1009351165461641,0.1496062992125984,0.1950280732034434,0.0207256369062319,0.1496062992125984,0.3973124167779877,False,,,N100_drop0.50_s0.20_c0.05,1.0,0.0,0.0,False,False,1.0068271698186462,1.0170734897113791,-0.0865463796488441,-0.1149304575594595,NSE,False,NSE validated,False,,
2026-10-01,MHRIL,INE998I01010,194.85,194.85,29965200.62142857,389.7,0.2053955919509402,0.0207096251051398,0.2081872085651532,0.0994759728413315,0.170599878851659,0.0332109287182271,0.0135559063883589,0.020359522891193,0.0289217134384224,0.0135559063883589,0.4176147220420266,0.057877465983665,0.4176147220420266,0.3917183137908647,0.0905001952806576,0.1578542883492161,0.2081872085651532,0.0207096251051398,0.1578542883492161,0.4176147220420266,False,,,N100_drop0.50_s0.20_c0.05,1.0,0.0,0.0,False,False,1.0068271698186462,1.0170734897113791,-0.0865463796488441,-0.1149304575594595,NSE,False,NSE validated,False,,
2026-10-01,OIL,INE274J01014,444.0,444.0,1319467265.2484128,888.0,0.2052013925298482,0.0206808400009415,0.1351636516611313,0.1530059283452218,0.1660608044716917,0.053064354050365,0.0135325403553802,0.0203277256821255,0.0288829413433748,0.0135325403553802,0.4230515952852061,0.0579095499941117,0.4230515952852061,0.3300363579850143,0.124962652987744,0.1130612244897959,0.1351636516611313,0.0206808400009415,0.1130612244897959,0.4230515952852061,False,,,N100_drop0.50_s0.20_c0.05,1.0,0.0,0.0,False,False,1.0068271698186462,1.0170734897113791,-0.0865463796488441,-0.1149304575594595,NSE,False,NSE validated,False,,
2026-10-01,METROBRAND,INE317I01021,833.5,833.5,65570823.78333333,1667.0,0.2051920497583297,0.0206794556525745,0.2077372345246384,0.0995462161605017,0.1692797686610195,0.0247907618501502,0.0135314168240765,0.0203261966125587,0.028881076639057,0.0135314168240765,0.3789298395379445,0.0837918379363397,0.3789298395379445,0.3191916526048793,0.1273358626654317,0.1130612244897959,0.2077372345246384,0.0206794556525745,0.1130612244897959,0.3789298395379445,False,,,N100_drop0.50_s0.20_c0.05,1.0,0.0,0.0,False,False,1.0068271698186462,1.0170734897113791,-0.0865463796488441,-0.1149304575594595,NSE,False,NSE validated,False,,
2026-10-01,BANKINDIA,INE084A01016,129.48,129.48,994680202.0706348,258.96,0.205094261360978,0.0206649686701436,0.1583369786454245,0.1305125868065238,0.1623310949996153,0.0763017703602597,0.0135196603531183,0.0203101959092643,0.0288615624987564,0.0135196603531183,0.3983496633153966,0.0683733709444393,0.3983496633153966,0.3241818592541803,0.1245399358595751,0.1130612244897959,0.1583369786454245,0.0206649686701436,0.1130612244897959,0.3983496633153966,False,,,N100_drop0.50_s0.20_c0.05,1.0,0.0,0.0,False,False,1.0068271698186462,1.0170734897113791,-0.0865463796488441,-0.1149304575594595,NSE,False,NSE validated,False,,
2026-10-01,JMFINANCIL,INE780C01023,123.4,123.4,362336932.14619046,246.8,0.2050700299776363,0.0206613796263367,0.1726130794694096,0.1196976479989068,0.1745105769638359,0.081423968732496,0.0135167480848127,0.0203062320675899,0.0288567279258274,0.0135167480848127,0.3948762720952387,0.0760571251859401,0.3948762720952387,0.3471472622518209,0.1080955209223953,0.1330698287220026,0.1726130794694096,0.0206613796263367,0.1330698287220026,0.3948762720952387,False,,,N100_drop0.50_s0.20_c0.05,1.0,0.0,0.0,False,False,1.0068271698186462,1.0170734897113791,-0.0865463796488441,-0.1149304575594595,NSE,False,NSE validated,False,,
2026-10-01,NFL,INE870D01012,63.85,63.85,46775915.23873016,127.7,0.2050573322202673,0.0206594990094984,0.1638909563410293,0.1260563698616141,0.1609998688002051,0.0329438769636767,0.0135152221397619,0.0203041550952286,0.0288541946524566,0.0135152221397619,0.4201992594416741,0.051389536829376,0.4201992594416741,0.3553471726230362,0.1003661694695503,0.1428571428571428,0.1638909563410293,0.0206594990094984,0.1428571428571428,0.4201992594416741,False,,,N100_drop0.50_s0.20_c0.05,1.0,0.0,0.0,False,False,1.0068271698186462,1.0170734897113791,-0.0865463796488441,-0.1149304575594595,NSE,False,NSE validated,False,,
2026-10-01,NTPCGREEN,INE0ONG01011,91.09,91.09,443976638.8188889,182.18,0.2048966826979963,0.0206357128241647,0.1521144935736963,0.1356590837556658,0.1815848894554179,0.0277195774876573,0.0134959248012929,0.0202778874186739,0.028822152792876,0.0134959248012929,0.4211584264465022,0.058976450538449,0.4211584264465022,0.3422418925865377,0.1141980100014319,0.1330698287220026,0.1521144935736963,0.0206357128241647,0.1330698287220026,0.4211584264465022,False,,,N100_drop0.50_s0.20_c0.05,1.0,0.0,0.0,False,False,1.0068271698186462,1.0170734897113791,-0.0865463796488441,-0.1149304575594595,NSE,False,NSE validated,False,,
2026-10-01,UNITDSPR,INE854D01024,1335.1,1335.1,1228712191.9603174,2670.2,0.2048389572388383,0.0206271690144242,0.1254621530283947,0.1644094933533931,0.1719527332593398,0.0638420023013881,0.0134889946765102,0.0202684531951064,0.0288106432369755,0.0134889946765102,0.4021560261823875,0.0795131747126913,0.4021560261823875,0.3076811006164931,0.1410073126523476,0.1130612244897959,0.1254621530283947,0.0206271690144242,0.1130612244897959,0.4021560261823875,False,,,N100_drop0.50_s0.20_c0.05,1.0,0.0,0.0,False,False,1.0068271698186462,1.0170734897113791,-0.0865463796488441,-0.1149304575594595,NSE,False,NSE validated,False,,
2026-10-01,ZENSARTECH,INE520A01027,434.35,434.35,1922806062.2126985,868.7,0.2046834037352149,0.0206041542496633,0.2753317011206437,0.0748339336364145,0.1644863753919252,0.0458670302820873,0.0134703302430865,0.0202430423072456,0.0287796385540582,0.0134703302430865,0.3782878348827731,0.0868798736772192,0.3782878348827731,0.3708602491825734,0.1241150736876964,0.1578542883492161,0.2753317011206437,0.0206041542496633,0.1578542883492161,0.3782878348827731,False,,,N100_drop0.50_s0.20_c0.05,1.0,0.0,0.0,False,False,1.0068271698186462,1.0170734897113791,-0.0865463796488441,-0.1149304575594595,NSE,False,NSE validated,False,,
2026-10-01,JINDALSTEL,INE749A01030,1100.5,1100.5,1011568118.6063492,2201.0,0.2046632222367131,0.0206011692078385,0.1246903105560065,0.16521868552557,0.1771291663813091,0.0205497333673145,0.0134679098174578,0.0202397467437936,0.0287756171055531,0.0134679098174578,0.4397706176593294,0.0502972083124852,0.4397706176593294,0.3397108455832865,0.1223579739564659,0.1330698287220026,0.1246903105560065,0.0206011692078385,0.1330698287220026,0.4397706176593294,False,,,N100_drop0.50_s0.20_c0.05,1.0,0.0,0.0,False,False,1.0068271698186462,1.0170734897113791,-0.0865463796488441,-0.1149304575594595,NSE,False,NSE validated,False,,
2026-10-01,CASTROLIND,INE172A01027,199.04,199.04,512364893.9173016,398.08,0.2046133681801584,0.0205937961810739,0.1126602273655963,0.1827956206252323,0.1990189961141216,0.0634767658857019,0.0134619317550092,0.0202316069857013,0.028765684060162,0.0134619317550092,0.4283933599047556,0.0582371737487395,0.4283933599047556,0.3025201292665409,0.1481307596446451,0.1130612244897959,0.1126602273655963,0.0205937961810739,0.1130612244897959,0.4283933599047556,False,,,N100_drop0.50_s0.20_c0.05,1.0,0.0,0.0,False,False,1.0068271698186462,1.0170734897113791,-0.0865463796488441,-0.1149304575594595,NSE,False,NSE validated,False,,
2026-10-01,EPACK,INE0G5901015,171.59,171.59,87869759.4850794,343.18,0.2044205293228177,0.0205652885788295,0.2155074891321417,0.0954272571298883,0.1652308761811054,0.0863822777668368,0.013438822665524,0.0202001382465241,0.0287272768325787,0.013438822665524,0.4375669006667049,0.0487679591171053,0.4375669006667049,0.4004041371079618,0.0688097600614988,0.1578542883492161,0.2155074891321417,0.0205652885788295,0.1578542883492161,0.4375669006667049,False,,,N100_drop0.50_s0.20_c0.05,1.0,0.0,0.0,False,False,1.0068271698186462,1.0170734897113791,-0.0865463796488441,-0.1149304575594595,NSE,False,NSE validated,False,,
2026-10-01,DCXINDIA,INE0KL801015,158.99,158.99,88357339.93095237,317.98,0.2040546519277672,0.0205112518316833,0.1993661366047302,0.102882325860332,0.167468700652605,0.0217263308146271,0.0133950403975058,0.0201405034859485,0.0286544690968037,0.0133950403975058,0.4110058756105201,0.060757272710538,0.4110058756105201,0.3576596446656038,0.0995301726621507,0.1428571428571428,0.1993661366047302,0.0205112518316833,0.1428571428571428,0.4110058756105201,False,,,N100_drop0.50_s0.20_c0.05,1.0,0.0,0.0,False,False,1.0068271698186462,1.0170734897113791,-0.0865463796488441,-0.1149304575594595,NSE,False,NSE validated,False,,
2026-10-01,NAUKRI,INE663F01032,1200.0,1200.0,2660012747.2309523,2400.0,0.2038812906176236,0.0204856714185608,0.1461037744180455,0.1402131567111016,0.17208427652207,0.0601051151586574,0.0133743241678319,0.0201122798400045,0.0286199999365134,0.0133743241678319,0.4602683471896678,0.029484915977034,0.4602683471896678,0.3906530282373708,0.0763542435168122,0.1578542883492161,0.1461037744180455,0.0204856714185608,0.1578542883492161,0.4602683471896678,False,,,N100_drop0.50_s0.20_c0.05,1.0,0.0,0.0,False,False,1.0068271698186462,1.0170734897113791,-0.0865463796488441,-0.1149304575594595,NSE,False,NSE validated,False,,
2026-10-01,KALYANKJIL,INE303R01014,528.5,528.5,12136654969.96984,1057.0,0.203855383010504,0.0204818499042271,0.1848826987026978,0.1107829453374823,0.1704494712791433,0.06102860141657,0.0133712298670952,0.0201080638232566,0.0286148503600161,0.0133712298670952,0.468539502856729,0.0230926188448204,0.468539502856729,0.3849007320424722,0.0802291536263573,0.1578542883492161,0.1848826987026978,0.0204818499042271,0.1578542883492161,0.468539502856729,False,,,N100_drop0.50_s0.20_c0.05,1.0,0.0,0.0,False,False,1.0068271698186462,1.0170734897113791,-0.0865463796488441,-0.1149304575594595,NSE,False,NSE validated,False,,
2026-10-01,ZYDUSLIFE,INE010B01027,1145.7,1145.7,1718725310.4333334,2291.4,0.203332104459748,0.0204047355022333,0.1316466522309035,0.1549962354260568,0.1913134800381351,0.0530062737964215,0.0133088200936983,0.0200253044892103,0.0285109284808458,0.0133088200936983,0.4340768899032559,0.0513858792307384,0.4340768899032559,0.36192447358987,0.1003365666600276,0.1428571428571428,0.1316466522309035,0.0204047355022333,0.1428571428571428,0.4340768899032559,False,,,N100_drop0.50_s0.20_c0.05,1.0,0.0,0.0,False,False,1.0068271698186462,1.0170734897113791,-0.0865463796488441,-0.1149304575594595,NSE,False,NSE validated,False,,
2026-10-01,SAIL,INE114A01011,174.5,174.5,3323267804.52254,349.0,0.2032748528215688,0.0203963067842051,0.160537553301446,0.1270500662602373,0.1729318641205655,0.0784047439278704,0.0133020021027333,0.0200164063932027,0.0284995686843111,0.0133020021027333,0.4562357019519119,0.0290231540729988,0.4562357019519119,0.3576415722702803,0.1015006443224174,0.1428571428571428,0.160537553301446,0.0203963067842051,0.1428571428571428,0.4562357019519119,False,,,N100_drop0.50_s0.20_c0.05,1.0,0.0,0.0,False,False,1.0068271698186462,1.0170734897113791,-0.0865463796488441,-0.1149304575594595,NSE,False,NSE validated,False,,
2026-10-01,NCC,INE868B01028,130.06,130.06,374138494.1004762,260.12,0.2029068351792935,0.0203421655668457,0.2021396960301423,0.1006341948976333,0.1692850863727522,0.0609677586904481,0.0132582236880583,0.0199592567087612,0.0284265952913079,0.0132582236880583,0.3738599405319456,0.0895788193054164,0.3738599405319456,0.3537273259112866,0.1090105784719575,0.1428571428571428,0.2021396960301423,0.0203421655668457,0.1428571428571428,0.3738599405319456,False,,,N100_drop0.50_s0.20_c0.05,1.0,0.0,0.0,False,False,1.0068271698186462,1.0170734897113791,-0.0865463796488441,-0.1149304575594595,NSE,False,NSE validated,False,,
2026-10-01,ARVINDFASN,INE955V01021,379.7,379.7,123398314.47460316,759.4,0.2028928819958317,0.0203401141667807,0.1978997479036194,0.1027798892229349,0.1530582809592711,0.0107666283900566,0.0132565654917932,0.019957091541449,0.0284238301864885,0.0132565654917932,0.4082113754946824,0.0568624942876818,0.4082113754946824,0.3838119756708704,0.0844067127389697,0.1578542883492161,0.1978997479036194,0.0203401141667807,0.1578542883492161,0.4082113754946824,False,,,N100_drop0.50_s0.20_c0.05,1.0,0.0,0.0,False,False,1.0068271698186462,1.0170734897113791,-0.0865463796488441,-0.1149304575594595,NSE,False,NSE validated,False,,
2026-10-01,EUREKAFORB,INE0KCE01017,352.5,352.5,72702850.58333333,705.0,0.20284205236689,0.0203326420075359,0.2081742719271634,0.0976712531251217,0.1579319910267052,0.0130875478399821,0.0132505259103387,0.0199492051264293,0.0284137582832641,0.0132505259103387,0.4244541029364153,0.0470234234733141,0.4244541029364153,0.3832960595624606,0.083562891476153,0.1578542883492161,0.2081742719271634,0.0203326420075359,0.1578542883492161,0.4244541029364153,False,,,N100_drop0.50_s0.20_c0.05,1.0,0.0,0.0,False,False,1.0068271698186462,1.0170734897113791,-0.0865463796488441,-0.1149304575594595,NSE,False,NSE validated,False,,
2026-10-01,UTIAMC,INE094J01016,883.7,883.7,186281218.5769841,1767.4,0.2024911279644302,0.0202810899732838,0.1642921051481718,0.1234453107469328,0.1697432049970947,0.0115169568448772,0.0132088723228002,0.0198948009500914,0.0283546003646822,0.0132088723228002,0.3820620400473598,0.0827804195695232,0.3820620400473598,0.3464697596740194,0.1079902350026227,0.1330698287220026,0.1642921051481718,0.0202810899732838,0.1330698287220026,0.3820620400473598,False,,,N100_drop0.50_s0.20_c0.05,1.0,0.0,0.0,False,False,1.0068271698186462,1.0170734897113791,-0.0865463796488441,-0.1149304575594595,NSE,False,NSE validated,False,,
2026-10-01,ABFRL,INE647O01011,44.53,44.53,304731363.3831746,89.06,0.2023979901335789,0.020267418036028,0.2139789569235607,0.094716874628322,0.1571764933372543,0.0015465807971331,0.0131978298550073,0.0198803743364665,0.0283398521354672,0.0131978298550073,0.413429510579179,0.0550346842717205,0.413429510579179,0.3803994507255039,0.0905141512403545,0.1578542883492161,0.2139789569235607,0.020267418036028,0.1578542883492161,0.413429510579179,False,,,N100_drop0.50_s0.20_c0.05,1.0,0.0,0.0,False,False,1.0068271698186462,1.0170734897113791,-0.0865463796488441,-0.1149304575594595,NSE,False,NSE validated,False,,
2026-10-01,VINATIORGA,INE410B01037,1208.1,1208.1,76161191.94920634,2416.2,0.2023919240821485,0.0202665277354015,0.1671418367372074,0.121253470292217,0.1703506843988967,0.0428771097671115,0.0131971108454672,0.0198794349173787,0.0283388826670415,0.0131971108454672,0.4140122946093609,0.0580364755467247,0.4140122946093609,0.3456207305575731,0.1081337793052345,0.1330698287220026,0.1671418367372074,0.0202665277354015,0.1330698287220026,0.4140122946093609,False,,,N100_drop0.50_s0.20_c0.05,1.0,0.0,0.0,False,False,1.0068271698186462,1.0170734897113791,-0.0865463796488441,-0.1149304575594595,NSE,False,NSE validated,False,,
2026-10-01,NETWORK18,INE870H01013,25.43,25.43,128368292.8563492,50.86,0.2023504399321293,0.0202604396935299,0.2397100749796576,0.0845206013775153,0.1602151022783731,0.0180900882952048,0.013192194330837,0.0198730110768551,0.0283322530079519,0.013192194330837,0.3944657053049106,0.0743149512196411,0.3944657053049106,0.388995328275337,0.1045297741497475,0.1578542883492161,0.2397100749796576,0.0202604396935299,0.1578542883492161,0.3944657053049106,False,,,N100_drop0.50_s0.20_c0.05,1.0,0.0,0.0,False,False,1.0068271698186462,1.0170734897113791,-0.0865463796488441,-0.1149304575594595,NSE,False,NSE validated,False,,
2026-10-01,OSWALPUMPS,INE0BYP01024,264.25,264.25,202417986.76507935,528.5,0.2023211136795347,0.020256136413083,0.2748093687962865,0.0737097738035952,0.164563227572402,0.0891042878957479,0.0131887193521397,0.0198684705269053,0.0283275666236102,0.0131887193521397,0.3744516587978173,0.0853237728472282,0.3744516587978173,0.3800508801862105,0.1056668602519038,0.1578542883492161,0.2748093687962865,0.020256136413083,0.1578542883492161,0.3744516587978173,False,,,N100_drop0.50_s0.20_c0.05,1.0,0.0,0.0,False,False,1.0068271698186462,1.0170734897113791,-0.0865463796488441,-0.1149304575594595,NSE,False,NSE validated,False,,
2026-10-01,ABREL,INE055A01016,1100.5,1100.5,238465647.3825397,2201.0,0.201737647586618,0.0201706089432423,0.209652092551322,0.0962099099407016,0.1588122711992969,0.0430597191584907,0.0131196917856815,0.0197782422936569,0.0282343791259466,0.0131196917856815,0.3857681685038541,0.0819723287316046,0.3857681685038541,0.3728431073526443,0.0918253641163454,0.1578542883492161,0.209652092551322,0.0201706089432423,0.1578542883492161,0.3857681685038541,False,,,N100_drop0.50_s0.20_c0.05,1.0,0.0,0.0,False,False,1.0068271698186462,1.0170734897113791,-0.0865463796488441,-0.1149304575594595,NSE,False,NSE validated,False,,
2026-10-01,CROMPTON,INE299U01018,202.7,202.7,815645462.7439681,405.4,0.2017022650947204,0.0201654278590381,0.1859265563406692,0.1084591047988297,0.1604960912291377,0.0111559974002542,0.0131155125263069,0.0197727773627652,0.0282287312018983,0.0131155125263069,0.4168054400619161,0.0657218754969409,0.4168054400619161,0.3710036225795617,0.0894869203924554,0.1578542883492161,0.1859265563406692,0.0201654278590381,0.1578542883492161,0.4168054400619161,False,,,N100_drop0.50_s0.20_c0.05,1.0,0.0,0.0,False,False,1.0068271698186462,1.0170734897113791,-0.0865463796488441,-0.1149304575594595,NSE,False,NSE validated,False,,
2026-10-01,CESC,INE486A01021,131.62,131.62,246855609.0420635,263.24,0.20149492459491,0.020135079386739,0.1700093885638664,0.1184351026541983,0.1700969475730505,0.0072389569180015,0.0130910375651694,0.0197407683498504,0.0281956417264086,0.0130910375651694,0.4205958747232817,0.0696813176432154,0.4205958747232817,0.3242063951783341,0.1328280188044317,0.1130612244897959,0.1700093885638664,0.020135079386739,0.1130612244897959,0.4205958747232817,False,,,N100_drop0.50_s0.20_c0.05,1.0,0.0,0.0,False,False,1.0068271698186462,1.0170734897113791,-0.0865463796488441,-0.1149304575594595,NSE,False,NSE validated,False,,
2026-10-01,UGROCAP,INE583D01011,82.35,82.35,28038052.45222222,164.7,0.201454467937692,0.0201291602364883,0.220610687372821,0.0912429061175585,0.1661970213661561,0.0590535999528595,0.0130862650311611,0.0197345257482359,0.0281891866842415,0.0130862650311611,0.4112322163730793,0.0712660366806149,0.4112322163730793,0.3754454411091875,0.0957244541384757,0.1578542883492161,0.220610687372821,0.0201291602364883,0.1578542883492161,0.4112322163730793,False,,,N100_drop0.50_s0.20_c0.05,1.0,0.0,0.0,False,False,1.0068271698186462,1.0170734897113791,-0.0865463796488441,-0.1149304575594595,NSE,False,NSE validated,False,,
2026-10-01,NATCOPHARM,INE987B01026,821.3,821.3,429742077.9690476,1642.6,0.2011337148418663,0.0200822602201176,0.1575649845489405,0.1274538266075226,0.1796104178079233,0.0324806492351017,0.0130484622818037,0.0196850677338884,0.0281380256727896,0.0130484622818037,0.3949058782927195,0.0934949136177609,0.3949058782927195,0.3131448230198385,0.1410630793384679,0.1130612244897959,0.1575649845489405,0.0200822602201176,0.1130612244897959,0.3949058782927195,False,,,N100_drop0.50_s0.20_c0.05,1.0,0.0,0.0,False,False,1.0068271698186462,1.0170734897113791,-0.0865463796488441,-0.1149304575594595,NSE,False,NSE validated,False,,
2026-10-01,SOBHA,INE671H01015,1213.1,1213.1,225210687.8984127,2426.2,0.2009222149859796,0.0200513630755712,0.1604126042251755,0.1249986755867672,0.1718354795858996,0.0050464919343133,0.0130235700802621,0.0196524901234116,0.0281043069659712,0.0130235700802621,0.402761969200042,0.0676006400246171,0.402761969200042,0.3185682473058587,0.1346248519147331,0.1130612244897959,0.1604126042251755,0.0200513630755712,0.1130612244897959,0.402761969200042,False,,,N100_drop0.50_s0.20_c0.05,1.0,0.0,0.0,False,False,1.0068271698186462,1.0170734897113791,-0.0865463796488441,-0.1149304575594595,NSE,False,NSE validated,False,,
2026-10-01,ASHOKA,INE442H01029,105.31,105.31,286293327.59619045,210.62,0.2005720241268416,0.0200002540777895,0.2309509801959511,0.0865995635126565,0.1512547858578012,0.0333501940287027,0.0129824148211751,0.01960336589657,0.0280485053356517,0.0129824148211751,0.3732272395793399,0.083235314246794,0.3732272395793399,0.3927774807711621,0.1159146345926198,0.1578542883492161,0.2309509801959511,0.0200002540777895,0.1578542883492161,0.3732272395793399,False,,,N100_drop0.50_s0.20_c0.05,1.0,0.0,0.0,False,False,1.0068271698186462,1.0170734897113791,-0.0865463796488441,-0.1149304575594595,NSE,False,NSE validated,False,,
2026-10-01,HEMIPROP,INE0AJG01018,111.5,111.5,41117700.28174603,223.0,0.2005679389044684,0.0199996582153803,0.2037867567307461,0.0981401271418481,0.1604908214737969,0.0645235357766846,0.012981935157359,0.0196028002524016,0.02804785457714,0.012981935157359,0.4099815692860336,0.0599010134838978,0.4099815692860336,0.3412954440204247,0.1108568431197482,0.1330698287220026,0.2037867567307461,0.0199996582153803,0.1330698287220026,0.4099815692860336,False,,,N100_drop0.50_s0.20_c0.05,1.0,0.0,0.0,False,False,1.0068271698186462,1.0170734897113791,-0.0865463796488441,-0.1149304575594595,NSE,False,NSE validated,False,,
2026-10-01,GSFC,INE026A01025,146.9,146.9,126062810.98079364,293.8,0.2003836807727989,0.0199727913177113,0.1726063588745262,0.1157129519905477,0.1750468366526922,0.0381035290610705,0.0129603111772037,0.0195772955097433,0.0280185079950115,0.0129603111772037,0.4163014704609624,0.0581176901049211,0.4163014704609624,0.3282881514469695,0.121853551866229,0.1130612244897959,0.1726063588745262,0.0199727913177113,0.1130612244897959,0.4163014704609624,False,,,N100_drop0.50_s0.20_c0.05,1.0,0.0,0.0,False,False,1.0068271698186462,1.0170734897113791,-0.0865463796488441,-0.1149304575594595,NSE,False,NSE validated,False,,
2026-10-01,AWL,INE699H01024,175.43,175.43,539392429.2814286,350.86,0.2000527828348153,0.019924585050546,0.1572230859500494,0.1267281133056768,0.1617222372293283,0.0492598054475844,0.0129215298913832,0.0195315315460153,0.0279658305700009,0.0129215298913832,0.4012071931693535,0.0668056164298175,0.4012071931693535,0.3225644999650139,0.12829297761189,0.1130612244897959,0.1572230859500494,0.019924585050546,0.1130612244897959,0.4012071931693535,False,,,N100_drop0.50_s0.20_c0.05,1.0,0.0,0.0,False,False,1.0068271698186462,1.0170734897113791,-0.0865463796488441,-0.1149304575594595,NSE,False,NSE validated,False,,
2026-10-01,FINPIPE,INE183A01024,150.49,150.49,72455381.39095238,300.98,0.199890593100527,0.0199009765917396,0.1724760300632771,0.1153840135608318,0.1736712071219391,0.021473979191058,0.0129025455618438,0.0195087438665909,0.0279400221081218,0.0129025455618438,0.392718742552285,0.0764479761398241,0.392718742552285,0.3399405700493896,0.1127126475929342,0.1330698287220026,0.1724760300632771,0.0199009765917396,0.1330698287220026,0.392718742552285,False,,,N100_drop0.50_s0.20_c0.05,1.0,0.0,0.0,False,False,1.0068271698186462,1.0170734897113791,-0.0865463796488441,-0.1149304575594595,NSE,False,NSE validated,False,,
2026-10-01,STARCEMENT,INE460H01021,178.39,178.39,47885247.70634921,356.78,0.1998266656644579,0.0198916748541132,0.1818539573537524,0.1093826889640836,0.1766762767348124,0.0186347336209891,0.0128950672420172,0.0194996127810747,0.0279298517049894,0.0128950672420172,0.3979479174432654,0.0718048617329471,0.3979479174432654,0.3415705448724586,0.1116751951808104,0.1330698287220026,0.1818539573537524,0.0198916748541132,0.1330698287220026,0.3979479174432654,False,,,N100_drop0.50_s0.20_c0.05,1.0,0.0,0.0,False,False,1.0068271698186462,1.0170734897113791,-0.0865463796488441,-0.1149304575594595,NSE,False,NSE validated,False,,
2026-10-01,JKLAKSHMI,INE786A01032,476.6,476.6,107357830.41507936,953.2,0.1995988350303968,0.0198585409343149,0.1891905470601114,0.1049658201369084,0.1627799594674374,0.015635544945782,0.0128684354988965,0.0194670874016142,0.0278936149205271,0.0128684354988965,0.4113422341128285,0.0593721255610064,0.4113422341128285,0.3291315756251933,0.1195928461518526,0.1130612244897959,0.1891905470601114,0.0198585409343149,0.1130612244897959,0.4113422341128285,False,,,N100_drop0.50_s0.20_c0.05,1.0,0.0,0.0,False,False,1.0068271698186462,1.0170734897113791,-0.0865463796488441,-0.1149304575594595,NSE,False,NSE validated,False,,
2026-10-01,WAAREERTL,INE299N01021,808.8,808.8,136594412.71349204,1617.6,0.1994681615553031,0.0198395484160291,0.2323129754982481,0.0854000874186158,0.1679024147565201,0.0809577616619373,0.012853174949593,0.0194484441640245,0.0278728377820058,0.012853174949593,0.36642449607169,0.0927754844078104,0.36642449607169,0.3082321623212021,0.1356286795626463,0.1130612244897959,0.2323129754982481,0.0198395484160291,0.1130612244897959,0.36642449607169,False,,,N100_drop0.50_s0.20_c0.05,1.0,0.0,0.0,False,False,1.0068271698186462,1.0170734897113791,-0.0865463796488441,-0.1149304575594595,NSE,False,NSE validated,False,,
2026-10-01,JAICORPLTD,INE070D01027,89.54,89.54,32920486.15174603,179.08,0.1991551696364302,0.0197940915453023,0.2013042535907732,0.0983292264928554,0.1634703481062767,0.0289174116601148,0.0128166646986974,0.0194038246340324,0.0278230916638454,0.0128166646986974,0.397825364594405,0.0679351069483859,0.397825364594405,0.3499627156340943,0.1048819433829166,0.1428571428571428,0.2013042535907732,0.0197940915453023,0.1428571428571428,0.397825364594405,False,,,N100_drop0.50_s0.20_c0.05,1.0,0.0,0.0,False,False,1.0068271698186462,1.0170734897113791,-0.0865463796488441,-0.1149304575594595,NSE,False,NSE validated,False,,
2026-10-01,KPITTECH,INE04I401011,492.0,492.0,1744691002.942857,984.0,0.1990417551786362,0.0197776319618796,0.2379515828632752,0.0831162025648038,0.1480798073788047,0.0637449621748431,0.0128034496632251,0.0193869715541678,0.0278050727325166,0.0128034496632251,0.4104632625993676,0.0539684523972551,0.4104632625993676,0.4060817967740507,0.086461337312739,0.1578542883492161,0.2379515828632752,0.0197776319618796,0.1578542883492161,0.4104632625993676,False,,,N100_drop0.50_s0.20_c0.05,1.0,0.0,0.0,False,False,1.0068271698186462,1.0170734897113791,-0.0865463796488441,-0.1149304575594595,NSE,False,NSE validated,False,,
2026-10-01,JSWCEMENT,INE718I01012,111.6,111.6,203223866.3009524,223.2,0.1989729478862201,0.0197676492200499,0.1604989101539105,0.1231637598105415,0.1698232969060741,0.0354806547217264,0.0127954360486809,0.0193761996277579,0.0277941426259536,0.0127954360486809,0.4024692865271033,0.0733729266844729,0.4024692865271033,0.3137979006640201,0.1367146098088946,0.1130612244897959,0.1604989101539105,0.0197676492200499,0.1130612244897959,0.4024692865271033,False,,,N100_drop0.50_s0.20_c0.05,1.0,0.0,0.0,False,False,1.0068271698186462,1.0170734897113791,-0.0865463796488441,-0.1149304575594595,NSE,False,NSE validated,False,,
2026-10-01,CHOLAHLDNG,INE149A01033,1369.6,1369.6,284786437.45714283,2739.2,0.1989579878429108,0.0197654790881175,0.1766586809949101,0.1118851277322001,0.1695573321421755,0.0064959746785195,0.0127936941128486,0.0193738580083999,0.0277917663860168,0.0127936941128486,0.4022004556729789,0.0691905617352548,0.4022004556729789,0.3289585164260936,0.1210531377230774,0.1130612244897959,0.1766586809949101,0.0197654790881175,0.1130612244897959,0.4022004556729789,False,,,N100_drop0.50_s0.20_c0.05,1.0,0.0,0.0,False,False,1.0068271698186462,1.0170734897113791,-0.0865463796488441,-0.1149304575594595,NSE,False,NSE validated,False,,
2026-10-01,TRIDENT,INE064C01022,22.16,22.16,100454423.04746032,44.32,0.1988163937113759,0.0197449446648585,0.1690306263684056,0.1168128231497174,0.1632424835991625,0.0671435239682775,0.0127772137184645,0.0193523399180658,0.0277692788439355,0.0127772137184645,0.4053468948989478,0.0615720679709244,0.4053468948989478,0.3281497056204196,0.1199285598855781,0.1130612244897959,0.1690306263684056,0.0197449446648585,0.1130612244897959,0.4053468948989478,False,,,N100_drop0.50_s0.20_c0.05,1.0,0.0,0.0,False,False,1.0068271698186462,1.0170734897113791,-0.0865463796488441,-0.1149304575594595,NSE,False,NSE validated,False,,
2026-10-01,LENSKART,INE956O01016,691.15,691.15,5707042157.903175,1382.3,0.1985829104960238,0.0197111058690107,0.1151955258190317,0.1711099951917941,0.2021356146292119,0.0035634345453679,0.0127500647113707,0.0193232511273575,0.0277322101740011,0.0127500647113707,0.4429306482509581,0.0744797533741003,0.4429306482509581,0.3388540123995664,0.1292460882882651,0.1330698287220026,0.1151955258190317,0.0197111058690107,0.1330698287220026,0.4429306482509581,False,,,N100_drop0.50_s0.20_c0.05,1.0,0.0,0.0,False,False,1.0068271698186462,1.0170734897113791,-0.0865463796488441,-0.1149304575594595,NSE,False,NSE validated,False,,
2026-10-01,FIRSTCRY,INE02RE01045,174.75,174.75,692288456.3738096,349.5,0.1984720730396853,0.0196950516007222,0.2246809438215234,0.0876578639280023,0.1851012029899336,3.904349139985386e-05,0.0127371882834897,0.0193094490345293,0.0277146186097808,0.0127371882834897,0.3689512786679201,0.0974662074144184,0.3689512786679201,0.343632917506976,0.1183324579810194,0.1330698287220026,0.2246809438215234,0.0196950516007222,0.1330698287220026,0.3689512786679201,False,,,N100_drop0.50_s0.20_c0.05,1.0,0.0,0.0,False,False,1.0068271698186462,1.0170734897113791,-0.0865463796488441,-0.1149304575594595,NSE,False,NSE validated,False,,
2026-10-01,RALLIS,INE613A01020,199.69,199.69,212491541.9955556,399.38,0.1981522772385538,0.0196487647703422,0.1769491574098986,0.1110418668161629,0.1653981584787824,0.0126843297049479,0.0127000779868591,0.0192672365351107,0.0276638817156485,0.0127000779868591,0.3985869648132441,0.0681694453460576,0.3985869648132441,0.3757944748755455,0.0939892661178397,0.1578542883492161,0.1769491574098986,0.0196487647703422,0.1578542883492161,0.3985869648132441,False,,,N100_drop0.50_s0.20_c0.05,1.0,0.0,0.0,False,False,1.0068271698186462,1.0170734897113791,-0.0865463796488441,-0.1149304575594595,NSE,False,NSE validated,False,,
2026-10-01,SAMMAANCAP,INE148I01020,132.48,132.48,1085857378.9871428,264.96,0.1974468831213662,0.0195468455148144,0.1666886182648428,0.1172656280812015,0.1575948693416785,0.0763364839223242,0.0126184398674294,0.0191588184447901,0.0275520702755599,0.0126184398674294,0.3994523277177606,0.0651905816144661,0.3994523277177606,0.3548937845984312,0.1008914702454927,0.1428571428571428,0.1666886182648428,0.0195468455148144,0.1428571428571428,0.3994523277177606,False,,,N100_drop0.50_s0.20_c0.05,1.0,0.0,0.0,False,False,1.0068271698186462,1.0170734897113791,-0.0865463796488441,-0.1149304575594595,NSE,False,NSE validated,False,,
2026-10-01,UBL,INE686F01025,1188.8,1188.8,178698732.6666667,2377.6,0.1974237008332933,0.0195435001761342,0.1999315421139724,0.0977509600010652,0.1753002488943042,0.0033574268656514,0.0126157619831284,0.019155260596289,0.0275483980533841,0.0126157619831284,0.403581906912872,0.0675599538090774,0.403581906912872,0.324088355926251,0.1243669593620357,0.1130612244897959,0.1999315421139724,0.0195435001761342,0.1130612244897959,0.403581906912872,False,,,N100_drop0.50_s0.20_c0.05,1.0,0.0,0.0,False,False,1.0068271698186462,1.0170734897113791,-0.0865463796488441,-0.1149304575594595,NSE,False,NSE validated,False,,
2026-10-01,RCF,INE027A01015,106.8,106.8,170577598.42904764,213.6,0.197420640244874,0.0195430585352691,0.1702710482758118,0.1147761685451805,0.1698013284486602,0.0056232576783706,0.0126154084658071,0.0191547909043861,0.0275479132479946,0.0126154084658071,0.4004787143199753,0.0685215087064628,0.4004787143199753,0.3223313959532715,0.1266848244283299,0.1130612244897959,0.1702710482758118,0.0195430585352691,0.1130612244897959,0.4004787143199753,False,,,N100_drop0.50_s0.20_c0.05,1.0,0.0,0.0,False,False,1.0068271698186462,1.0170734897113791,-0.0865463796488441,-0.1149304575594595,NSE,False,NSE validated,False,,
2026-10-01,BIOCON,INE376G01013,370.7,370.7,1804018037.3214283,741.4,0.1973620513961574,0.019534605093982,0.1345776612803816,0.1451548860942328,0.1692703331841989,0.0439683874335494,0.0126086421719357,0.0191460343606394,0.0275386331267859,0.0126086421719357,0.4142557505616908,0.0596328493097933,0.4142557505616908,0.3290240966258182,0.1214865781376647,0.1130612244897959,0.1345776612803816,0.019534605093982,0.1130612244897959,0.4142557505616908,False,,,N100_drop0.50_s0.20_c0.05,1.0,0.0,0.0,False,False,1.0068271698186462,1.0170734897113791,-0.0865463796488441,-0.1149304575594595,NSE,False,NSE validated,False,,
2026-10-01,AGARIND,INE204E01012,386.0,386.0,52878834.77539682,772.0,0.1972211735495651,0.0195142855822622,0.2533422328737343,0.0770273687134833,0.1473300928834513,0.0462924528464511,0.0125923809757224,0.0191263022717302,0.0275163228828596,0.0125923809757224,0.3971206720337276,0.0810240660952716,0.3971206720337276,0.4010598374916439,0.1036038066620651,0.1578542883492161,0.2533422328737343,0.0195142855822622,0.1578542883492161,0.3971206720337276,False,,,N100_drop0.50_s0.20_c0.05,1.0,0.0,0.0,False,False,1.0068271698186462,1.0170734897113791,-0.0865463796488441,-0.1149304575594595,NSE,False,NSE validated,False,,
2026-10-01,MEDIASSIST,INE456Z01021,298.5,298.5,70003637.08253968,597.0,0.1971849898663006,0.0195090682086961,0.2212153056855112,0.0881904086529667,0.1660147149468009,0.0393451375107519,0.0125882063090474,0.019121235740925,0.0275105935245442,0.0125882063090474,0.3770627911236585,0.0838684688455376,0.3770627911236585,0.3594632494712016,0.1120046884485312,0.1428571428571428,0.2212153056855112,0.0195090682086961,0.1428571428571428,0.3770627911236585,False,,,N100_drop0.50_s0.20_c0.05,1.0,0.0,0.0,False,False,1.0068271698186462,1.0170734897113791,-0.0865463796488441,-0.1149304575594595,NSE,False,NSE validated,False,,
2026-10-01,INDUSINDBK,INE095A01012,886.85,886.85,1962727204.7492063,1773.7,0.1969087636289776,0.0194692600366966,0.1443964339700869,0.1348320003576398,0.1773070571747949,0.063097515380597,0.0125563628892137,0.0190825786510834,0.0274668677517104,0.0125563628892137,0.425907927382821,0.0522500716702746,0.425907927382821,0.3232620731817688,0.1266692298110475,0.1130612244897959,0.1443964339700869,0.0194692600366966,0.1130612244897959,0.425907927382821,False,,,N100_drop0.50_s0.20_c0.05,1.0,0.0,0.0,False,False,1.0068271698186462,1.0170734897113791,-0.0865463796488441,-0.1149304575594595,NSE,False,NSE validated,False,,
2026-10-01,GICRE,INE481Y01014,323.9,323.9,262847279.54285717,647.8,0.1967898859290743,0.0194521396168039,0.1515428449618023,0.1283606601268906,0.1745689095886328,0.0615850001383399,0.0125426727789401,0.0190659533690304,0.0274480563818547,0.0125426727789401,0.4055072160756559,0.0678641189244416,0.4055072160756559,0.325901439714595,0.1230080395365474,0.1130612244897959,0.1515428449618023,0.0194521396168039,0.1130612244897959,0.4055072160756559,False,,,N100_drop0.50_s0.20_c0.05,1.0,0.0,0.0,False,False,1.0068271698186462,1.0170734897113791,-0.0865463796488441,-0.1149304575594595,NSE,False,NSE validated,False,,
2026-10-01,INDIAMART,INE933S01016,1620.3,1620.3,210174237.92857143,3240.6,0.1966268892405514,0.0194286766166341,0.1794157207521259,0.1082885966468684,0.1707821929368281,0.0271412831741599,0.0125239156880158,0.0190431690259649,0.0274222700221949,0.0125239156880158,0.4016136834971351,0.0678368588565838,0.4016136834971351,0.3308274271587201,0.1187426873641341,0.1130612244897959,0.1794157207521259,0.0194286766166341,0.1130612244897959,0.4016136834971351,False,,,N100_drop0.50_s0.20_c0.05,1.0,0.0,0.0,False,False,1.0068271698186462,1.0170734897113791,-0.0865463796488441,-0.1149304575594595,NSE,False,NSE validated,False,,
2026-10-01,UCOBANK,INE691A01018,22.93,22.93,107521449.27476192,45.86,0.1965280739050654,0.0194144587405512,0.1633295687368246,0.1188667728121784,0.1731765765203294,0.0184601866813888,0.0125125521417675,0.0190293624441622,0.0274066408995516,0.0125125521417675,0.3924700988806944,0.0773848643144308,0.3924700988806944,0.3238578175153204,0.1253091794157463,0.1130612244897959,0.1633295687368246,0.0194144587405512,0.1130612244897959,0.3924700988806944,False,,,N100_drop0.50_s0.20_c0.05,1.0,0.0,0.0,False,False,1.0068271698186462,1.0170734897113791,-0.0865463796488441,-0.1149304575594595,NSE,False,NSE validated,False,,
2026-10-01,GHCL,INE539A01019,401.75,401.75,60191054.61031746,803.5,0.1963523234675963,0.0193891830564529,0.1801420722882901,0.1076327301565814,0.1690784915384892,0.0075185069013114,0.012492355728863,0.0190048180241932,0.0273788501169707,0.012492355728863,0.4256877155756574,0.0538157915895776,0.4256877155756574,0.3502568185858281,0.1059129179082621,0.1428571428571428,0.1801420722882901,0.0193891830564529,0.1428571428571428,0.4256877155756574,False,,,N100_drop0.50_s0.20_c0.05,1.0,0.0,0.0,False,False,1.0068271698186462,1.0170734897113791,-0.0865463796488441,-0.1149304575594595,NSE,False,NSE validated,False,,
2026-10-01,SAFARI,INE429E01023,1378.8,1378.8,60239380.590476185,2757.6,0.1961728274171248,0.0193633843704858,0.1942798489669447,0.0996674872532991,0.1670928629317441,0.0938113251245431,0.0124717480396709,0.0189797658519829,0.0273504760034703,0.0124717480396709,0.3763511912241266,0.0854758063825998,0.3763511912241266,0.3268087191176421,0.1238522350651252,0.1130612244897959,0.1942798489669447,0.0193633843704858,0.1130612244897959,0.3763511912241266,False,,,N100_drop0.50_s0.20_c0.05,1.0,0.0,0.0,False,False,1.0068271698186462,1.0170734897113791,-0.0865463796488441,-0.1149304575594595,NSE,False,NSE validated,False,,
2026-10-01,RAILTEL,INE0DD101019,257.2,257.2,235552635.4436508,514.4,0.1960544305038787,0.0193463760349518,0.2142650850595205,0.0902917805277405,0.1747330471311706,0.029398837112664,0.0124581656440745,0.0189632497368453,0.0273317651766687,0.0124581656440745,0.3847807059680238,0.0806046819770637,0.3847807059680238,0.3230980823427948,0.1245568258752712,0.1130612244897959,0.2142650850595205,0.0193463760349518,0.1130612244897959,0.3847807059680238,False,,,N100_drop0.50_s0.20_c0.05,1.0,0.0,0.0,False,False,1.0068271698186462,1.0170734897113791,-0.0865463796488441,-0.1149304575594595,NSE,False,NSE validated,False,,
2026-10-01,IGL,INE203G01027,142.79,142.79,293682916.22492063,285.58,0.1960151912897161,0.0193407406362949,0.160975376701394,0.1201471991096602,0.1772455846660135,0.0528691099244853,0.0124536660101188,0.0189577774377603,0.027325564884374,0.0124536660101188,0.3752569992328269,0.0911545478225944,0.3752569992328269,0.3176977488913082,0.1288332605431211,0.1130612244897959,0.160975376701394,0.0193407406362949,0.1130612244897959,0.3752569992328269,False,,,N100_drop0.50_s0.20_c0.05,1.0,0.0,0.0,False,False,1.0068271698186462,1.0170734897113791,-0.0865463796488441,-0.1149304575594595,NSE,False,NSE validated,False,,
2026-10-01,YESBANK,INE528G01035,20.75,20.75,1488041269.8436506,41.5,0.1958153560608671,0.0193120527331301,0.1439704701116451,0.13413898501654,0.1839284761230518,0.0602578987547285,0.0124308002836656,0.0189299199070645,0.0272939950845326,0.0124308002836656,0.4242870859285148,0.0556145673479504,0.4242870859285148,0.3378550366951531,0.1153591173579225,0.1130612244897959,0.1439704701116451,0.0193120527331301,0.1130612244897959,0.4242870859285148,False,,,N100_drop0.50_s0.20_c0.05,1.0,0.0,0.0,False,False,1.0068271698186462,1.0170734897113791,-0.0865463796488441,-0.1149304575594595,NSE,False,NSE validated,False,,
2026-10-01,INOXWIND,INE066P01011,68.75,68.75,912339035.8590477,137.5,0.1956013012506847,0.0192813452479166,0.227992369354564,0.0845701340904575,0.1758372641985218,0.0190128622523123,0.0124063624058514,0.0189001014135247,0.0272601912942979,0.0124063624058514,0.367656356865292,0.0928837240334687,0.367656356865292,0.3602747111580323,0.1160684041959811,0.1428571428571428,0.227992369354564,0.0192813452479166,0.1428571428571428,0.367656356865292,False,,,N100_drop0.50_s0.20_c0.05,1.0,0.0,0.0,False,False,1.0068271698186462,1.0170734897113791,-0.0865463796488441,-0.1149304575594595,NSE,False,NSE validated,False,,
2026-10-01,BATAINDIA,INE176A01028,613.0,613.0,262198820.5460317,1226.0,0.1955122721042659,0.0192685800880465,0.1985542175765965,0.0970444260677229,0.1560307887124646,0.0048545623631088,0.0123962062910606,0.0188877058584222,0.0272461354818152,0.0123962062910606,0.3813106564598973,0.0778813883124666,0.3813106564598973,0.338605701699692,0.1126918081286942,0.1330698287220026,0.1985542175765965,0.0192685800880465,0.1330698287220026,0.3813106564598973,False,,,N100_drop0.50_s0.20_c0.05,1.0,0.0,0.0,False,False,1.0068271698186462,1.0170734897113791,-0.0865463796488441,-0.1149304575594595,NSE,False,NSE validated,False,,
2026-10-01,EIDPARRY,INE126A01031,674.55,674.55,404856049.0055555,1349.1,0.1948464857427854,0.0191732416494583,0.1882553045069787,0.101847019395661,0.1550182835805103,0.0082276442321238,0.0123204051837268,0.0187951287756205,0.0271410921848533,0.0123204051837268,0.4035880389528207,0.0621182372222267,0.4035880389528207,0.3858835901141024,0.0842243020534528,0.1578542883492161,0.1882553045069787,0.0191732416494583,0.1578542883492161,0.4035880389528207,False,,,N100_drop0.50_s0.20_c0.05,1.0,0.0,0.0,False,False,1.0068271698186462,1.0170734897113791,-0.0865463796488441,-0.1149304575594595,NSE,False,NSE validated,False,,
2026-10-01,CDSL,INE736A01011,1242.5,1242.5,1959018983.868254,2485.0,0.1941216371858122,0.0190696925159218,0.1518865861962371,0.1255521833329236,0.1693766163600263,0.084290187715548,0.0122381787566874,0.0186878558964551,0.0270268710515714,0.0122381787566874,0.4055513114090658,0.0648084239889589,0.4055513114090658,0.3414591081169029,0.1108950724192781,0.1330698287220026,0.1518865861962371,0.0190696925159218,0.1330698287220026,0.4055513114090658,False,,,N100_drop0.50_s0.20_c0.05,1.0,0.0,0.0,False,False,1.0068271698186462,1.0170734897113791,-0.0865463796488441,-0.1149304575594595,NSE,False,NSE validated,False,,
2026-10-01,ADANIENSOL,INE931S01010,1326.4,1326.4,4424764291.185715,2652.8,0.1940406720804724,0.0190581421009155,0.1657019559888157,0.1150145874089856,0.1813291979283081,0.0875265523893381,0.0122290134418104,0.0186752679087257,0.0270141217086009,0.0122290134418104,0.450490916825556,0.0577493353087221,0.450490916825556,0.3759529716021619,0.0918139960365047,0.1578542883492161,0.1657019559888157,0.0190581421009155,0.1578542883492161,0.450490916825556,False,,,N100_drop0.50_s0.20_c0.05,1.0,0.0,0.0,False,False,1.0068271698186462,1.0170734897113791,-0.0865463796488441,-0.1149304575594595,NSE,False,NSE validated,False,,
2026-10-01,TORNTPOWER,INE813H01021,1242.9,1242.9,461553026.2984127,2485.8,0.1939171590993567,0.0190405280122978,0.1603419960177393,0.1187494760274241,0.1867568532364222,0.0145196575711496,0.0122150391453781,0.0186560731710481,0.0269946759849713,0.0122150391453781,0.3894914515510426,0.0933044240072451,0.3894914515510426,0.3091038165751513,0.1421016460943051,0.1130612244897959,0.1603419960177393,0.0190405280122978,0.1130612244897959,0.3894914515510426,False,,,N100_drop0.50_s0.20_c0.05,1.0,0.0,0.0,False,False,1.0068271698186462,1.0170734897113791,-0.0865463796488441,-0.1149304575594595,NSE,False,NSE validated,False,,
2026-10-01,MARICO,INE196A01026,781.35,781.35,1432460596.8309524,1562.7,0.1939106684172994,0.0190396025874056,0.1150116677083957,0.1655449657132117,0.1789254811973994,0.0660820848701555,0.0122143050372167,0.0186550647548177,0.0269936542176853,0.0122143050372167,0.4041574083707841,0.0758981344626556,0.4041574083707841,0.3085184131521375,0.1403888223506652,0.1130612244897959,0.1150116677083957,0.0190396025874056,0.1130612244897959,0.4041574083707841,False,,,N100_drop0.50_s0.20_c0.05,1.0,0.0,0.0,False,False,1.0068271698186462,1.0170734897113791,-0.0865463796488441,-0.1149304575594595,NSE,False,NSE validated,False,,
2026-10-01,KEC,INE389H01022,372.35,372.35,466244663.3325397,744.7,0.1937178523629533,0.0190121207520071,0.2066832751932344,0.0919867402634885,0.1690845457689628,0.0255226042669428,0.0121925085472961,0.0186251803667119,0.026963306331168,0.0121925085472961,0.4220252620792415,0.0546738441920912,0.4220252620792415,0.3798568145645953,0.0896186398898511,0.1578542883492161,0.2066832751932344,0.0190121207520071,0.1578542883492161,0.4220252620792415,False,,,N100_drop0.50_s0.20_c0.05,1.0,0.0,0.0,False,False,1.0068271698186462,1.0170734897113791,-0.0865463796488441,-0.1149304575594595,NSE,False,NSE validated,False,,
2026-10-01,LEMONTREE,INE970X01018,107.67,107.67,356692316.5012699,215.34,0.1936070841785833,0.0189963413095197,0.1622921985377479,0.1170502432074781,0.1870139247980338,0.080337547577574,0.0121799969278174,0.0186082540046715,0.0269458768704146,0.0121799969278174,0.3814606372724302,0.0859007750962569,0.3814606372724302,0.3221209410649421,0.1268648845669511,0.1130612244897959,0.1622921985377479,0.0189963413095197,0.1130612244897959,0.3814606372724302,False,,,N100_drop0.50_s0.20_c0.05,1.0,0.0,0.0,False,False,1.0068271698186462,1.0170734897113791,-0.0865463796488441,-0.1149304575594595,NSE,False,NSE validated,False,,
2026-10-01,IREDA,INE202E01016,111.0,111.0,548233467.9368255,222.0,0.1936029855589324,0.0189957575570312,0.1769125060728169,0.1073737407191134,0.1835495988230949,0.0049675937227837,0.0121795341147738,0.0186076278478902,0.0269452320147487,0.0121795341147738,0.3910729726037121,0.080704067011116,0.3910729726037121,0.320965071119323,0.1273996566088334,0.1130612244897959,0.1769125060728169,0.0189957575570312,0.1130612244897959,0.3910729726037121,False,,,N100_drop0.50_s0.20_c0.05,1.0,0.0,0.0,False,False,1.0068271698186462,1.0170734897113791,-0.0865463796488441,-0.1149304575594595,NSE,False,NSE validated,False,,
2026-10-01,SJVN,INE002L01015,57.91,57.91,135516391.78238094,115.82,0.1934557206314771,0.0189747885531089,0.1862093563955425,0.1019002960989945,0.171901642106958,0.0594722090139501,0.0121629116545272,0.0185851368403803,0.0269220652041393,0.0121629116545272,0.4109156037970173,0.0608598587865161,0.4109156037970173,0.3187308345290991,0.1271707543468719,0.1130612244897959,0.1862093563955425,0.0189747885531089,0.1130612244897959,0.4109156037970173,False,,,N100_drop0.50_s0.20_c0.05,1.0,0.0,0.0,False,False,1.0068271698186462,1.0170734897113791,-0.0865463796488441,-0.1149304575594595,NSE,False,NSE validated,False,,
2026-10-01,VIPIND,INE054A01027,280.75,280.75,86674363.14603175,561.5,0.1931356132083432,0.0189292450607809,0.2074949420367762,0.0912275011379602,0.1731072056654777,0.0743564682205267,0.0121268238479452,0.0185362957162603,0.0268708687106988,0.0121268238479452,0.3708141951784036,0.0893301869385591,0.3708141951784036,0.3473357589807755,0.1168388334769577,0.1330698287220026,0.2074949420367762,0.0189292450607809,0.1330698287220026,0.3708141951784036,False,,,N100_drop0.50_s0.20_c0.05,1.0,0.0,0.0,False,False,1.0068271698186462,1.0170734897113791,-0.0865463796488441,-0.1149304575594595,NSE,False,NSE validated,False,,
2026-10-01,INTERARCH,INE00M901018,1666.9,1666.9,87622348.05238095,3333.8,0.1931256780850206,0.0189278323342111,0.1864013118760324,0.1015434502242089,0.1835109641272647,0.006622962645965,0.0121257047639822,0.0185347808765235,0.0268690095503135,0.0121257047639822,0.3949087308456073,0.0754227764061041,0.3949087308456073,0.3227836252360523,0.1256435447739543,0.1130612244897959,0.1864013118760324,0.0189278323342111,0.1130612244897959,0.3949087308456073,False,,,N100_drop0.50_s0.20_c0.05,1.0,0.0,0.0,False,False,1.0068271698186462,1.0170734897113791,-0.0865463796488441,-0.1149304575594595,NSE,False,NSE validated,False,,
2026-10-01,COROMANDEL,INE169A01031,1763.6,1763.6,292411527.3269841,3527.2,0.1930723441372883,0.0189202493269013,0.1662520550609852,0.1138046042195446,0.1749674989651098,0.0597305854681262,0.0121196982681007,0.0185266499447103,0.0268590300623802,0.0121196982681007,0.4103522550587031,0.0620850106754786,0.4103522550587031,0.3119975714904768,0.1336608183591647,0.1130612244897959,0.1662520550609852,0.0189202493269013,0.1130612244897959,0.4103522550587031,False,,,N100_drop0.50_s0.20_c0.05,1.0,0.0,0.0,False,False,1.0068271698186462,1.0170734897113791,-0.0865463796488441,-0.1149304575594595,NSE,False,NSE validated,False,,
2026-10-01,ASTRAL,INE006I01046,1344.0,1344.0,1330176170.6063492,2688.0,0.1929478281422575,0.018902551071328,0.1527129768705699,0.1237782895644072,0.1652098113238628,0.0813844394933562,0.012105681744832,0.0185076740638514,0.0268357373616377,0.012105681744832,0.4010374594766993,0.0661114027872276,0.4010374594766993,0.3408919050883752,0.1109606040943674,0.1330698287220026,0.1527129768705699,0.018902551071328,0.1330698287220026,0.4010374594766993,False,,,N100_drop0.50_s0.20_c0.05,1.0,0.0,0.0,False,False,1.0068271698186462,1.0170734897113791,-0.0865463796488441,-0.1149304575594595,NSE,False,NSE validated,False,,
2026-10-01,ERIS,INE406M01024,1189.8,1189.8,124724301.44603176,2379.6,0.1928175664926655,0.0188840442356686,0.1720894076055275,0.1097339138905961,0.1737884779185612,0.039103805920365,0.0120910282278031,0.0184878330237529,0.0268113786708088,0.0120910282278031,0.4002207928624398,0.0694499824746717,0.4002207928624398,0.3061857295448545,0.1369699797911708,0.1130612244897959,0.1720894076055275,0.0188840442356686,0.1130612244897959,0.4002207928624398,False,,,N100_drop0.50_s0.20_c0.05,1.0,0.0,0.0,False,False,1.0068271698186462,1.0170734897113791,-0.0865463796488441,-0.1149304575594595,NSE,False,NSE validated,False,,
2026-10-01,HUDCO,INE031A01017,161.54,161.54,401040175.6180953,323.08,0.1924984099971476,0.0188387352248802,0.1895457356712432,0.0993888633693928,0.1699186673701465,0.0570092497199443,0.0120551676285935,0.0184392653144838,0.0267727234379471,0.0120551676285935,0.3970549039992654,0.0739182331926451,0.3970549039992654,0.3204449455032047,0.1273869272654912,0.1130612244897959,0.1895457356712432,0.0188387352248802,0.1130612244897959,0.3970549039992654,False,,,N100_drop0.50_s0.20_c0.05,1.0,0.0,0.0,False,False,1.0068271698186462,1.0170734897113791,-0.0865463796488441,-0.1149304575594595,NSE,False,NSE validated,False,,
2026-10-01,DLF,INE271C01023,658.4,658.4,2657276147.5436506,1316.8,0.192440686787301,0.0188305458526632,0.120735037817721,0.1559658753003628,0.1982508735940975,0.0009833772498987,0.0120486882223512,0.0184304881237252,0.0267639203450647,0.0120486882223512,0.4432127917883108,0.0586896834932333,0.4432127917883108,0.3650800317100466,0.1013060886901183,0.1428571428571428,0.120735037817721,0.0188305458526632,0.1428571428571428,0.4432127917883108,False,,,N100_drop0.50_s0.20_c0.05,1.0,0.0,0.0,False,False,1.0068271698186462,1.0170734897113791,-0.0865463796488441,-0.1149304575594595,NSE,False,NSE validated,False,,
2026-10-01,EMAMILTD,INE548C01032,372.65,372.65,537956403.9166666,745.3,0.1922746278959241,0.0188069956006776,0.1969965485691896,0.095468655350945,0.1931178050240228,0.0516992800750879,0.0120300591158879,0.0184062279700659,0.0267386000813984,0.0120300591158879,0.3697009690380328,0.0956371919429811,0.3697009690380328,0.3357149137265384,0.1213895393627386,0.1130612244897959,0.1969965485691896,0.0188069956006776,0.1130612244897959,0.3697009690380328,False,,,N100_drop0.50_s0.20_c0.05,1.0,0.0,0.0,False,False,1.0068271698186462,1.0170734897113791,-0.0865463796488441,-0.1149304575594595,NSE,False,NSE validated,False,,
2026-10-01,PIDILITIND,INE318A01026,1464.0,1464.0,1435884908.9539683,2928.0,0.1920902701485209,0.0187808659426016,0.1304864126955117,0.1439296671173461,0.1714342999657577,0.0541577514053622,0.0120093961763709,0.0183799778381989,0.0267104976263415,0.0120093961763709,0.4327125654956893,0.0467695067514342,0.4327125654956893,0.334156778176939,0.122757236690976,0.1130612244897959,0.1304864126955117,0.0187808659426016,0.1130612244897959,0.4327125654956893,False,,,N100_drop0.50_s0.20_c0.05,1.0,0.0,0.0,False,False,1.0068271698186462,1.0170734897113791,-0.0865463796488441,-0.1149304575594595,NSE,False,NSE validated,False,,
2026-10-01,SHAKTIPUMP,INE908D01010,454.1,454.1,513931045.11111104,908.2,0.1919658138481223,0.0187632356673904,0.2474547687012008,0.0758249104103823,0.1810133337307996,0.1371277041240395,0.0119954583293735,0.0183622670019154,0.02669153095084,0.0119954583293735,0.3160356071500097,0.1319844711400017,0.3160356071500097,0.328300969866145,0.1546243497610546,0.1130612244897959,0.2474547687012008,0.0187632356673904,0.1130612244897959,0.3160356071500097,False,,,N100_drop0.50_s0.20_c0.05,1.0,0.0,0.0,False,False,1.0068271698186462,1.0170734897113791,-0.0865463796488441,-0.1149304575594595,NSE,False,NSE validated,False,,
2026-10-01,IEX,INE022Q01020,105.98,105.98,572024580.3063492,211.96,0.1918265004226373,0.0187435096871743,0.1810860833377581,0.1035060747998746,0.1628229909893478,0.0032142692583945,0.0119798674315753,0.0183424515777506,0.0266703046346103,0.0119798674315753,0.4062500131942159,0.0615262448232784,0.4062500131942159,0.3365077851496389,0.114122002238862,0.1130612244897959,0.1810860833377581,0.0187435096871743,0.1130612244897959,0.4062500131942159,False,,,N100_drop0.50_s0.20_c0.05,1.0,0.0,0.0,False,False,1.0068271698186462,1.0170734897113791,-0.0865463796488441,-0.1149304575594595,NSE,False,NSE validated,False,,
2026-10-01,NBCC,INE095N01031,77.4,77.4,566858785.4901587,154.8,0.191717518040618,0.0187280849829056,0.1785657043456938,0.1048806379227728,0.1688287652794757,0.0164315956528772,0.0119676789006881,0.0183269574434527,0.0266537030036712,0.0119676789006881,0.4266924741932369,0.0492977057898924,0.4266924741932369,0.3284490237185232,0.125251759997237,0.1130612244897959,0.1785657043456938,0.0187280849829056,0.1130612244897959,0.4266924741932369,False,,,N100_drop0.50_s0.20_c0.05,1.0,0.0,0.0,False,False,1.0068271698186462,1.0170734897113791,-0.0865463796488441,-0.1149304575594595,NSE,False,NSE validated,False,,
2026-10-01,INDRAMEDCO,INE681B01017,338.6,338.6,119321474.78492063,677.2,0.1917031178316299,0.018726047296392,0.1962688895727315,0.0954101658044626,0.169234732670888,0.0244205181673816,0.011966068910748,0.0183249106183816,0.0266515095930927,0.011966068910748,0.3708978735871249,0.0880266418438876,0.3708978735871249,0.3257974513220458,0.1226139770924282,0.1130612244897959,0.1962688895727315,0.018726047296392,0.1130612244897959,0.3708978735871249,False,,,N100_drop0.50_s0.20_c0.05,1.0,0.0,0.0,False,False,1.0068271698186462,1.0170734897113791,-0.0865463796488441,-0.1149304575594595,NSE,False,NSE validated,False,,
2026-10-01,RAMCOCEM,INE331A01037,830.85,830.85,195277619.5190476,1661.7,0.191640898820904,0.0187172442181464,0.171830735304432,0.1089283834174667,0.1781542792849279,0.0215051502044424,0.0119591140235321,0.0183160681502852,0.0266420331066802,0.0119591140235321,0.3636811809447244,0.0990938075787796,0.3636811809447244,0.3040230247831472,0.1385839341172079,0.1130612244897959,0.171830735304432,0.0187172442181464,0.1130612244897959,0.3636811809447244,False,,,N100_drop0.50_s0.20_c0.05,1.0,0.0,0.0,False,False,1.0068271698186462,1.0170734897113791,-0.0865463796488441,-0.1149304575594595,NSE,False,NSE validated,False,,
2026-10-01,AFCONS,INE101I01011,242.39,242.39,532860251.7211111,484.78,0.1914724280908492,0.0186934175156568,0.2468487941966391,0.0757282107716747,0.16227030967316,0.0926115921640501,0.0119402936459445,0.0182921355669869,0.0266163783594196,0.0119402936459445,0.3800147964085836,0.0835974526343448,0.3800147964085836,0.3525787510521399,0.1184344394304058,0.1428571428571428,0.2468487941966391,0.0186934175156568,0.1428571428571428,0.3800147964085836,False,,,N100_drop0.50_s0.20_c0.05,1.0,0.0,0.0,False,False,1.0068271698186462,1.0170734897113791,-0.0865463796488441,-0.1149304575594595,NSE,False,NSE validated,False,,
2026-10-01,ANGELONE,INE732I01021,276.8,276.8,1797343041.0031743,553.6,0.1914580747200203,0.0186913881650917,0.170524245170091,0.1096113232839577,0.1861135503338815,0.1213113546780744,0.0119386909571472,0.0182900972479164,0.0266141929488478,0.0119386909571472,0.4056924794180722,0.0690132430397517,0.4056924794180722,0.3560468622176009,0.10937511300236,0.1428571428571428,0.170524245170091,0.0186913881650917,0.1428571428571428,0.4056924794180722,False,,,N100_drop0.50_s0.20_c0.05,1.0,0.0,0.0,False,False,1.0068271698186462,1.0170734897113791,-0.0865463796488441,-0.1149304575594595,NSE,False,NSE validated,False,,
2026-10-01,IOB,INE565A01014,30.38,30.38,106533661.28476192,60.76,0.1914458780534093,0.0186896638186369,0.1484952875553925,0.1258603160161916,0.1722266874190056,0.0474626578316053,0.0119373291796392,0.0182883652869987,0.026612335952826,0.0119373291796392,0.4019248216442089,0.0664361841958706,0.4019248216442089,0.326413938006664,0.1219782676764564,0.1130612244897959,0.1484952875553925,0.0186896638186369,0.1130612244897959,0.4019248216442089,False,,,N100_drop0.50_s0.20_c0.05,1.0,0.0,0.0,False,False,1.0068271698186462,1.0170734897113791,-0.0865463796488441,-0.1149304575594595,NSE,False,NSE validated,False,,
2026-10-01,SYNGENE,INE398R01022,361.3,361.3,413393974.2206349,722.6,0.1913411015000261,0.0186748536410092,0.191715124840249,0.0974093914424876,0.1603262598286907,0.0125142492034261,0.0119256343029356,0.0182734899409302,0.0265963847697155,0.0119256343029356,0.3797823608017838,0.0788498253399984,0.3797823608017838,0.3564210095801692,0.1039800129796938,0.1428571428571428,0.191715124840249,0.0186748536410092,0.1428571428571428,0.3797823608017838,False,,,N100_drop0.50_s0.20_c0.05,1.0,0.0,0.0,False,False,1.0068271698186462,1.0170734897113791,-0.0865463796488441,-0.1149304575594595,NSE,False,NSE validated,False,,
2026-10-01,GMRAIRPORT,INE776C01039,93.16,93.16,1369047840.9839685,186.32,0.1910627181986,0.0186355300087851,0.13805041817941,0.1349907537734979,0.1839336839044845,0.0602329589551047,0.0118945931785209,0.0182339952859051,0.02655401680185,0.0118945931785209,0.3984303820714222,0.0735377420986889,0.3984303820714222,0.3248172074898829,0.1242505874293327,0.1130612244897959,0.13805041817941,0.0186355300087851,0.1130612244897959,0.3984303820714222,False,,,N100_drop0.50_s0.20_c0.05,1.0,0.0,0.0,False,False,1.0068271698186462,1.0170734897113791,-0.0865463796488441,-0.1149304575594595,NSE,False,NSE validated,False,,
2026-10-01,ICICIPRULI,INE726G01019,448.05,448.05,851849503.6126984,896.1,0.1910315008568992,0.0186311226800517,0.2064556639769946,0.0902427297035932,0.1686699970230424,0.0554101918229019,0.0118911151215231,0.0182295689714263,0.0265492669303465,0.0118911151215231,0.3868016007416784,0.0763081055280724,0.3868016007416784,0.3229792322312782,0.123911998013287,0.1130612244897959,0.2064556639769946,0.0186311226800517,0.1130612244897959,0.3868016007416784,False,,,N100_drop0.50_s0.20_c0.05,1.0,0.0,0.0,False,False,1.0068271698186462,1.0170734897113791,-0.0865463796488441,-0.1149304575594595,NSE,False,NSE validated,False,,
2026-10-01 00:00:00,NSDL,INE301O01023,752.75,752.75,358745089.1904762,1505.5,0.19072259892989749,0.01858753673605822,0.21115969235371682,0.08802596996079134,0.17361707755973776,0.17131839582291813,,,,,0.3987250038417343,0.06901225359961503,0.3987250038417343,0.3288247222903391,0.11968269809916339,0.11306122448979591,0.21115969235371682,0.01858753673605822,0.11306122448979591,0.3987250038417343,False,,,N100_drop0.50_s0.20_c0.05,1.0,0.0,0.0,False,False,1.0068271698186462,1.0170734897113791,-0.08654637964884415,-0.11493045755945958,BSE,True,NSE-trained; BSE current transfer,False,,
2026-10-01,CANFINHOME,INE477A01020,711.0,711.0,203657660.32539684,1422.0,0.1905865516132058,0.0185683551792393,0.1596323375411923,0.1163195093503397,0.1691387514942818,0.0545136895506059,0.01184160346254,0.0181665350747672,0.0264823833055817,0.01184160346254,0.410366464033304,0.0596915677729224,0.410366464033304,0.3046022515141839,0.1390272424739928,0.1130612244897959,0.1596323375411923,0.0185683551792393,0.1130612244897959,0.410366464033304,False,,,N100_drop0.50_s0.20_c0.05,1.0,0.0,0.0,False,False,1.0068271698186462,1.0170734897113791,-0.0865463796488441,-0.1149304575594595,NSE,False,NSE validated,False,,
2026-10-01,SWANCORP,INE665A01038,272.8,272.8,563836299.3190476,545.6,0.1905589489039926,0.018564464517517,0.1854505135156321,0.1001046811118817,0.1822195798925074,0.0362096664717616,0.0118385357921129,0.018162628146196,0.0264787070927757,0.0118385357921129,0.357392371086475,0.1012345058806719,0.357392371086475,0.3107142504316721,0.1343500803026964,0.1130612244897959,0.1854505135156321,0.018564464517517,0.1130612244897959,0.357392371086475,False,,,N100_drop0.50_s0.20_c0.05,1.0,0.0,0.0,False,False,1.0068271698186462,1.0170734897113791,-0.0865463796488441,-0.1149304575594595,NSE,False,NSE validated,False,,
2026-10-01,DIGITIDE,INE0U4701011,72.34,72.34,179456212.84460318,144.68,0.1904739409086633,0.0185524847743247,0.2336075234958729,0.0794173256780942,0.1505698777145539,0.0716382783689525,0.0118290910945249,0.0181505984960898,0.0264673860421841,0.0118290910945249,0.4056838073631217,0.0571931388417145,0.4056838073631217,0.4114332260254759,0.0739895293045679,0.1578542883492161,0.2336075234958729,0.0185524847743247,0.1578542883492161,0.4056838073631217,False,,,N100_drop0.50_s0.20_c0.05,1.0,0.0,0.0,False,False,1.0068271698186462,1.0170734897113791,-0.0865463796488441,-0.1149304575594595,NSE,False,NSE validated,False,,
2026-10-01,HINDZINC,INE267A01025,555.05,555.05,2873973559.99127,1110.1,0.1899896644445421,0.0184843048880691,0.1610138227956056,0.1147994909203139,0.1797008652758786,0.0959605664285413,0.0117753667864092,0.0180821397671997,0.0264029083596222,0.0117753667864092,0.4130760641485644,0.0608737367365833,0.4130760641485644,0.3560737777134127,0.1050381738222449,0.1428571428571428,0.1610138227956056,0.0184843048880691,0.1428571428571428,0.4130760641485644,False,,,N100_drop0.50_s0.20_c0.05,1.0,0.0,0.0,False,False,1.0068271698186462,1.0170734897113791,-0.0865463796488441,-0.1149304575594595,NSE,False,NSE validated,False,,
2026-10-01,JSWSTEEL,INE019A01038,1233.0,1233.0,2078298593.9333332,2466.0,0.1896801354098434,0.0184407866121255,0.1120800377868566,0.1645323018822899,0.1819459399209999,0.0703878107698423,0.0117411002173042,0.0180384481344678,0.0263617115852277,0.0117411002173042,0.4037780540075902,0.0722155889293735,0.4037780540075902,0.290979449954699,0.154912010295329,0.1045667947076397,0.1120800377868566,0.0184407866121255,0.1045667947076397,0.4037780540075902,False,,,N100_drop0.50_s0.20_c0.05,1.0,0.0,0.0,False,False,1.0068271698186462,1.0170734897113791,-0.0865463796488441,-0.1149304575594595,NSE,False,NSE validated,False,,
2026-10-01,CENTRALBK,INE483A01010,30.0,30.0,232700357.5131746,60.0,0.1890510930243018,0.0183524889295668,0.148151926079396,0.1238761413046465,0.1873571720554304,0.0551912624363598,0.0116716338643787,0.0179504204474807,0.0262780241705173,0.0116716338643787,0.3676356429131628,0.1061462077181544,0.3676356429131628,0.3163732891379354,0.1306455607188279,0.1130612244897959,0.148151926079396,0.0183524889295668,0.1130612244897959,0.3676356429131628,False,,,N100_drop0.50_s0.20_c0.05,1.0,0.0,0.0,False,False,1.0068271698186462,1.0170734897113791,-0.0865463796488441,-0.1149304575594595,NSE,False,NSE validated,False,,
2026-10-01,PNB,INE160A01022,109.57,109.57,1751661069.564603,219.14,0.1889105004729624,0.0183327802897258,0.122526763892963,0.1496226596316619,0.1801744386163832,0.0480015835852479,0.0116561394649178,0.0179308843616985,0.0262593262143526,0.0116561394649178,0.3994723836463782,0.077578909910438,0.3994723836463782,0.3002511268435414,0.1482842996054845,0.1111111111111111,0.122526763892963,0.0183327802897258,0.1111111111111111,0.3994723836463782,False,,,N100_drop0.50_s0.20_c0.05,1.0,0.0,0.0,False,False,1.0068271698186462,1.0170734897113791,-0.0865463796488441,-0.1149304575594595,NSE,False,NSE validated,False,,
2026-10-01,HGINFRA,INE926X01010,419.9,419.9,180151632.5634921,839.8,0.1888573771502952,0.0183253358020993,0.2338027563075252,0.0783794686235251,0.1711594804362638,0.0143712124687771,0.0116502878525527,0.0179234304527566,0.0262522617409515,0.0116502878525527,0.3788837709405691,0.0879712510698226,0.3788837709405691,0.314583096076355,0.1312252506254775,0.1130612244897959,0.2338027563075252,0.0183253358020993,0.1130612244897959,0.3788837709405691,False,,,N100_drop0.50_s0.20_c0.05,1.0,0.0,0.0,False,False,1.0068271698186462,1.0170734897113791,-0.0865463796488441,-0.1149304575594595,NSE,False,NSE validated,False,,
2026-10-01,JKTYRE,INE573A01042,340.35,340.35,288261459.1126984,680.7,0.1888519172743437,0.0183245707542875,0.1867467075805266,0.0981252681329645,0.1634764709559739,0.0194758653184015,0.0116496865321859,0.0179226644419055,0.0262515356917076,0.0116496865321859,0.3862618012442719,0.0765577054999524,0.3862618012442719,0.3204962862884326,0.1249572036172186,0.1130612244897959,0.1867467075805266,0.0183245707542875,0.1130612244897959,0.3862618012442719,False,,,N100_drop0.50_s0.20_c0.05,1.0,0.0,0.0,False,False,1.0068271698186462,1.0170734897113791,-0.0865463796488441,-0.1149304575594595,NSE,False,NSE validated,False,,
2026-10-01,VOLTAS,INE226A01021,1053.2,1053.2,1008706013.2190475,2106.4,0.1885191450568363,0.0182779692329625,0.183217002305233,0.0997613158330805,0.171575613503962,0.049996398596258,0.0116130695713801,0.0178760060741515,0.026207290567089,0.0116130695713801,0.3970680267081337,0.0726021782365149,0.3970680267081337,0.3370555276839024,0.1139877368616425,0.1130612244897959,0.183217002305233,0.0182779692329625,0.1130612244897959,0.3970680267081337,False,,,N100_drop0.50_s0.20_c0.05,1.0,0.0,0.0,False,False,1.0068271698186462,1.0170734897113791,-0.0865463796488441,-0.1149304575594595,NSE,False,NSE validated,False,,
2026-10-01,POLICYBZR,INE417T01026,980.0,980.0,4528719248.192063,1960.0,0.1883631076598674,0.0182561360866205,0.238590056936579,0.0765167514565508,0.1648213957819659,0.0632140664933639,0.0115959219838535,0.0178541475249037,0.0261865484373214,0.0115959219838535,0.4001201105632446,0.0775092100403063,0.4001201105632446,0.4079693445737153,0.0655618257844418,0.1578542883492161,0.238590056936579,0.0182561360866205,0.1578542883492161,0.4001201105632446,False,,,N100_drop0.50_s0.20_c0.05,1.0,0.0,0.0,False,False,1.0068271698186462,1.0170734897113791,-0.0865463796488441,-0.1149304575594595,NSE,False,NSE validated,False,,
2026-10-01,ADANIPORTS,INE742F01042,1737.8,1737.8,3672641837.198413,3475.6,0.1873944831561323,0.018120865860455,0.1370109721457147,0.1322585014664591,0.2005321548750632,0.0662614116585445,0.0114897918880976,0.0177187374585509,0.0260554461719853,0.0114897918880976,0.4175698822651212,0.0647811113837672,0.4175698822651212,0.302492683905065,0.1424421668420829,0.1130612244897959,0.1370109721457147,0.018120865860455,0.1130612244897959,0.4175698822651212,False,,,N100_drop0.50_s0.20_c0.05,1.0,0.0,0.0,False,False,1.0068271698186462,1.0170734897113791,-0.0865463796488441,-0.1149304575594595,NSE,False,NSE validated,False,,
2026-10-01,RAYMONDLSL,INE02ID01020,627.7,627.7,162142856.48730156,1255.4,0.1868427845685143,0.0180440216830856,0.2396055216364802,0.0753072031055333,0.1811381163238116,0.0110483470397179,0.0114295863310302,0.017641827345243,0.0259805201217349,0.0114295863310302,0.3576141500027008,0.1034036628166977,0.3576141500027008,0.3471406148515568,0.129495675299248,0.1330698287220026,0.2396055216364802,0.0180440216830856,0.1330698287220026,0.3576141500027008,False,,,N100_drop0.50_s0.20_c0.05,1.0,0.0,0.0,False,False,1.0068271698186462,1.0170734897113791,-0.0865463796488441,-0.1149304575594595,NSE,False,NSE validated,False,,
2026-10-01,CHAMBLFERT,INE085A01013,399.3,399.3,211123309.03174603,798.6,0.1864265501798289,0.0179861425040942,0.1532853449047564,0.1173376523063564,0.1817994272769893,0.0371241029616524,0.011384280071545,0.0175839049890391,0.0259240180118168,0.011384280071545,0.3692229568167351,0.099136238188978,0.3692229568167351,0.315268821021875,0.1304751128345905,0.1130612244897959,0.1532853449047564,0.0179861425040942,0.1130612244897959,0.3692229568167351,False,,,N100_drop0.50_s0.20_c0.05,1.0,0.0,0.0,False,False,1.0068271698186462,1.0170734897113791,-0.0865463796488441,-0.1149304575594595,NSE,False,NSE validated,False,,
2026-10-01,IRCTC,INE335Y01020,454.1,454.1,406973646.4388889,908.2,0.1856965838270994,0.0178848380033899,0.2247369990383673,0.0795811908137859,0.1749473628788981,0.2106720434659313,0.0113050660396667,0.0174825383759014,0.0258249829968841,0.0113050660396667,0.3269855856447445,0.1208321199005561,0.3269855856447445,0.2922097046502077,0.1524968335858643,0.1045667947076397,0.2247369990383673,0.0178848380033899,0.1045667947076397,0.3269855856447445,False,,,N100_drop0.50_s0.20_c0.05,1.0,0.0,0.0,False,False,1.0068271698186462,1.0170734897113791,-0.0865463796488441,-0.1149304575594595,NSE,False,NSE validated,False,,
2026-10-01,CIPLA,INE059A01026,1344.0,1344.0,1470440010.5761902,2688.0,0.1855634362134093,0.017866387323222,0.1216292818558974,0.1468921550025232,0.1845723107615902,0.0702988575684299,0.0112906503086317,0.0174640782321703,0.0258069262872793,0.0112906503086317,0.4014854005895302,0.0771422040281804,0.4014854005895302,0.3019258342667658,0.1463949837922005,0.1111111111111111,0.1216292818558974,0.017866387323222,0.1111111111111111,0.4014854005895302,False,,,N100_drop0.50_s0.20_c0.05,1.0,0.0,0.0,False,False,1.0068271698186462,1.0170734897113791,-0.0865463796488441,-0.1149304575594595,NSE,False,NSE validated,False,,
2026-10-01,INDUSTOWER,INE121J01017,376.25,376.25,2088211756.759524,752.5,0.1854928756516599,0.0178566129634253,0.1507006129232362,0.1184906459041485,0.1894608245843845,0.0891762629392832,0.0112830149375587,0.0174542990903001,0.0257973582090736,0.0112830149375587,0.3835089189388617,0.0841640829438616,0.3835089189388617,0.3194495698332282,0.1297261853238548,0.1130612244897959,0.1507006129232362,0.0178566129634253,0.1130612244897959,0.3835089189388617,False,,,N100_drop0.50_s0.20_c0.05,1.0,0.0,0.0,False,False,1.0068271698186462,1.0170734897113791,-0.0865463796488441,-0.1149304575594595,NSE,False,NSE validated,False,,
2026-10-01,SBICARD,INE018E01016,563.2,563.2,1357481698.7103174,1126.4,0.18507054360743,0.0177981594231994,0.1955760999880517,0.0910037546729217,0.1651603959250338,0.0989909385170812,0.0112373741629129,0.017395820299934,0.0257401031363817,0.0112373741629129,0.356894842303626,0.0963064372998473,0.356894842303626,0.3394347434952885,0.1183745589001992,0.1330698287220026,0.1955760999880517,0.0177981594231994,0.1330698287220026,0.356894842303626,False,,,N100_drop0.50_s0.20_c0.05,1.0,0.0,0.0,False,False,1.0068271698186462,1.0170734897113791,-0.0865463796488441,-0.1149304575594595,NSE,False,NSE validated,False,,
2026-10-01,ACC,INE012A01025,1182.8,1182.8,205276301.9873016,2365.6,0.184972872662353,0.0177846532537641,0.1727859578456468,0.1029288113195604,0.1735145706396139,0.018642088596396,0.011226833607722,0.0173823091131425,0.025726865297487,0.011226833607722,0.3865858050817026,0.0769360822355007,0.3865858050817026,0.3120069139096288,0.1319553871462266,0.1130612244897959,0.1727859578456468,0.0177846532537641,0.1130612244897959,0.3865858050817026,False,,,N100_drop0.50_s0.20_c0.05,1.0,0.0,0.0,False,False,1.0068271698186462,1.0170734897113791,-0.0865463796488441,-0.1149304575594595,NSE,False,NSE validated,False,,
2026-10-01,COLPAL,INE259A01022,1735.0,1735.0,753396799.0714285,3470.0,0.1845043602929173,0.0177199295741118,0.173299573128113,0.1022502782566711,0.1778765651482075,0.0262451762731735,0.0111763483388629,0.0173058413416571,0.025663382619323,0.0111763483388629,0.3925138056626824,0.0750178129945107,0.3925138056626824,0.3014394358807521,0.1413505351638839,0.1111111111111111,0.173299573128113,0.0177199295741118,0.1111111111111111,0.3925138056626824,False,,,N100_drop0.50_s0.20_c0.05,1.0,0.0,0.0,False,False,1.0068271698186462,1.0170734897113791,-0.0865463796488441,-0.1149304575594595,NSE,False,NSE validated,False,,
2026-10-01,LATENTVIEW,INE0I7C01011,234.48,234.48,235802908.96412703,468.96,0.1843395723010013,0.0176971894679402,0.2164934622819253,0.0817446831022282,0.1574663803225841,0.0146730568151704,0.0111586212870876,0.0172788214009229,0.0256410608537763,0.0111586212870876,0.3894115103668383,0.0753123386840578,0.3894115103668383,0.3686966291008843,0.1072496682774229,0.1496062992125984,0.2164934622819253,0.0176971894679402,0.1496062992125984,0.3894115103668383,False,,,N100_drop0.50_s0.20_c0.05,1.0,0.0,0.0,False,False,1.0068271698186462,1.0170734897113791,-0.0865463796488441,-0.1149304575594595,NSE,False,NSE validated,False,,
2026-10-01,MSUMI,INE0FS801015,33.53,33.53,397077874.4026984,67.06,0.1842997369877347,0.0176916942921049,0.1923080620463134,0.0919966334424623,0.1735168456870768,0.0157940118255038,0.0111543383433534,0.0172722931608651,0.025635665388453,0.0111543383433534,0.3740522711222849,0.0874465681751588,0.3740522711222849,0.3118292896653472,0.1318332046938346,0.1130612244897959,0.1923080620463134,0.0176916942921049,0.1130612244897959,0.3740522711222849,False,,,N100_drop0.50_s0.20_c0.05,1.0,0.0,0.0,False,False,1.0068271698186462,1.0170734897113791,-0.0865463796488441,-0.1149304575594595,NSE,False,NSE validated,False,,
2026-10-01,ADANIPOWER,INE814H01029,196.21,196.21,4642898767.1587305,392.42,0.1836989016132228,0.0176089023642883,0.1603073084030043,0.1098446636008664,0.190201448187882,0.0789746761698355,0.0110898489994182,0.0171739916774185,0.025554310437643,0.0110898489994182,0.4447872659825798,0.0507834288567017,0.4447872659825798,0.339431863233497,0.113786380247102,0.1330698287220026,0.1603073084030043,0.0176089023642883,0.1330698287220026,0.4447872659825798,False,,,N100_drop0.50_s0.20_c0.05,1.0,0.0,0.0,False,False,1.0068271698186462,1.0170734897113791,-0.0865463796488441,-0.1149304575594595,NSE,False,NSE validated,False,,
2026-10-01,AMBUJACEM,INE079A01024,362.25,362.25,883306614.7174604,724.5,0.1835518214135693,0.0175886616864001,0.1658363246194607,0.1060603684190438,0.1620495453412646,0.0501794191895823,0.011074093942099,0.0171499749645945,0.0255344023874964,0.011074093942099,0.3983632336470984,0.0654511586067955,0.3983632336470984,0.3093843501465605,0.1340933372400813,0.1130612244897959,0.1658363246194607,0.0175886616864001,0.1130612244897959,0.3983632336470984,False,,,N100_drop0.50_s0.20_c0.05,1.0,0.0,0.0,False,False,1.0068271698186462,1.0170734897113791,-0.0865463796488441,-0.1149304575594595,NSE,False,NSE validated,False,,
2026-10-01,SHRIRAMFIN,INE721A01047,945.0,945.0,4912755761.236508,1890.0,0.1834722873997243,0.0175777207741144,0.1540218259264259,0.1141248694357845,0.1837492209266046,0.0743114181060906,0.0110655795044774,0.0171369955217961,0.0255236382095094,0.0110655795044774,0.4569760608610944,0.0398981449439028,0.4569760608610944,0.3458520115302002,0.1083270108960692,0.1330698287220026,0.1540218259264259,0.0175777207741144,0.1330698287220026,0.4569760608610944,False,,,N100_drop0.50_s0.20_c0.05,1.0,0.0,0.0,False,False,1.0068271698186462,1.0170734897113791,-0.0865463796488441,-0.1149304575594595,NSE,False,NSE validated,False,,
2026-10-01,KALAMANDIR,INE438K01021,74.37,74.37,49173745.63999999,148.74,0.1833133791410916,0.0175558699411143,0.2196908657412726,0.0799116972017841,0.1635436090094741,0.0672293428259662,0.0110485785596584,0.0171110788051221,0.0255021338992914,0.0110485785596584,0.4286806286940945,0.0495991441826623,0.4286806286940945,0.3601540112813287,0.096619147932386,0.1428571428571428,0.2196908657412726,0.0175558699411143,0.1428571428571428,0.4286806286940945,False,,,N100_drop0.50_s0.20_c0.05,1.0,0.0,0.0,False,False,1.0068271698186462,1.0170734897113791,-0.0865463796488441,-0.1149304575594595,NSE,False,NSE validated,False,,
2026-10-01,INTELLECT,INE306R01017,610.95,610.95,297395828.99126977,1221.9,0.1831650676417754,0.0175354870610013,0.2150830900255302,0.0815288968506075,0.1629878260159798,0.0387225020698238,0.0110327243325235,0.0170869096862867,0.0254820665085099,0.0110327243325235,0.3713721028908079,0.0852855296652501,0.3713721028908079,0.3289605792361866,0.1199016572796024,0.1130612244897959,0.2150830900255302,0.0175354870610013,0.1130612244897959,0.3713721028908079,False,,,N100_drop0.50_s0.20_c0.05,1.0,0.0,0.0,False,False,1.0068271698186462,1.0170734897113791,-0.0865463796488441,-0.1149304575594595,NSE,False,NSE validated,False,,
2026-10-01,HAVELLS,INE176B01034,1040.0,1040.0,1265241172.1349206,2080.0,0.1829812581864062,0.0175102401049952,0.1691823864520857,0.1034991908566931,0.1656533662302877,0.0661908831331036,0.011013092865643,0.0170569816634304,0.0254571999344166,0.011013092865643,0.3938006636869559,0.0695554852520934,0.3938006636869559,0.3045849931027699,0.1387136701277251,0.1130612244897959,0.1691823864520857,0.0175102401049952,0.1130612244897959,0.3938006636869559,False,,,N100_drop0.50_s0.20_c0.05,1.0,0.0,0.0,False,False,1.0068271698186462,1.0170734897113791,-0.0865463796488441,-0.1149304575594595,NSE,False,NSE validated,False,,
2026-10-01,FORTIS,INE061F01013,785.0,785.0,1295169794.8174603,1570.0,0.1815351260211324,0.0173121676199879,0.1635945874661228,0.105823596539054,0.1709915304237817,0.0657875677643195,0.0108593126822055,0.0168695910834925,0.0252617100919011,0.0108593126822055,0.395037231601777,0.0699580486709009,0.395037231601777,0.302086536779562,0.1397612005365454,0.1130612244897959,0.1635945874661228,0.0173121676199879,0.1130612244897959,0.395037231601777,False,,,N100_drop0.50_s0.20_c0.05,1.0,0.0,0.0,False,False,1.0068271698186462,1.0170734897113791,-0.0865463796488441,-0.1149304575594595,NSE,False,NSE validated,False,,
2026-10-01,NHPC,INE848E01016,71.75,71.75,855812478.8187302,143.5,0.1813296865934394,0.0172841096000589,0.1273324416936914,0.1357400311354843,0.1810826050996402,0.0648138685071151,0.0108375629511396,0.0168450223750933,0.0252339599381535,0.0108375629511396,0.3772630758286888,0.0960895455518531,0.3772630758286888,0.2973068838577236,0.1459181359547089,0.1045667947076397,0.1273324416936914,0.0172841096000589,0.1045667947076397,0.3772630758286888,False,,,N100_drop0.50_s0.20_c0.05,1.0,0.0,0.0,False,False,1.0068271698186462,1.0170734897113791,-0.0865463796488441,-0.1149304575594595,NSE,False,NSE validated,False,,
2026-10-01,BPCL,INE029A01011,300.6,300.6,1743205531.857143,601.2,0.1810905662046998,0.0172514767377209,0.1258158959497977,0.1371168293758727,0.1814978113440965,0.0880119740472253,0.0108122776074302,0.0168164427731999,0.0252016669202931,0.0108122776074302,0.3809347450191473,0.0858127719758526,0.3809347450191473,0.2915305636139296,0.1507235433541698,0.1045667947076397,0.1258158959497977,0.0172514767377209,0.1045667947076397,0.3809347450191473,False,,,N100_drop0.50_s0.20_c0.05,1.0,0.0,0.0,False,False,1.0068271698186462,1.0170734897113791,-0.0865463796488441,-0.1149304575594595,NSE,False,NSE validated,False,,
2026-10-01,SULA,INE142Q01026,130.94,130.94,65440681.20174606,261.88,0.1807667773581862,0.0172073322395942,0.2400679202853339,0.0716769330077189,0.1664225309806092,0.0037557500060745,0.0107780908359935,0.016777772827739,0.0251579508874302,0.0107780908359935,0.3958221115716762,0.0773868572802328,0.3958221115716762,0.3669902417704344,0.1107327416734619,0.1496062992125984,0.2400679202853339,0.0172073322395942,0.1496062992125984,0.3958221115716762,False,,,N100_drop0.50_s0.20_c0.05,1.0,0.0,0.0,False,False,1.0068271698186462,1.0170734897113791,-0.0865463796488441,-0.1149304575594595,NSE,False,NSE validated,False,,
2026-10-01,SBILIFE,INE123W01016,1721.6,1721.6,1798484161.9031746,3443.2,0.1804960116590367,0.0171704548214704,0.1267552764027176,0.1354614601361265,0.1951102988687098,0.0681526122584764,0.0107495480437191,0.0167454611883267,0.0251214037584001,0.0107495480437191,0.3740275767302691,0.0950112936591512,0.3740275767302691,0.2883022109652086,0.1512441771338934,0.1045667947076397,0.1267552764027176,0.0171704548214704,0.1045667947076397,0.3740275767302691,False,,,N100_drop0.50_s0.20_c0.05,1.0,0.0,0.0,False,False,1.0068271698186462,1.0170734897113791,-0.0865463796488441,-0.1149304575594595,NSE,False,NSE validated,False,,
2026-10-01,NESTLEIND,INE239A01024,1307.7,1307.7,2570040374.4095235,2615.4,0.1803651552729623,0.017152645015707,0.1148372001303822,0.1493648834718412,0.1754171701780702,0.0555630170716981,0.010735768682713,0.0167298539405937,0.0251037444307106,0.010735768682713,0.4055873159374792,0.068171447980757,0.4055873159374792,0.301948557939416,0.1477372485101813,0.1111111111111111,0.1148372001303822,0.017152645015707,0.1111111111111111,0.4055873159374792,False,,,N100_drop0.50_s0.20_c0.05,1.0,0.0,0.0,False,False,1.0068271698186462,1.0170734897113791,-0.0865463796488441,-0.1149304575594595,NSE,False,NSE validated,False,,
2026-10-01,TMCV,INE1TAE01010,415.5,415.5,3297936655.240476,831.0,0.1798112785253085,0.0170773508377277,0.1429466744563354,0.1194665836241204,0.1875265451651845,0.0788019355134978,0.0106775519381823,0.0166638536667052,0.02502521487823,0.0106775519381823,0.4347890436411254,0.0448324961509582,0.4347890436411254,0.3338240536036213,0.1183757058672458,0.1130612244897959,0.1429466744563354,0.0170773508377277,0.1130612244897959,0.4347890436411254,False,,,N100_drop0.50_s0.20_c0.05,1.0,0.0,0.0,False,False,1.0068271698186462,1.0170734897113791,-0.0865463796488441,-0.1149304575594595,NSE,False,NSE validated,False,,
2026-10-01,DELHIVERY,INE148O01028,400.0,400.0,1652612492.818254,800.0,0.1796784423596862,0.0170593145636012,0.152417096583607,0.1119252035761195,0.1707404531909137,0.0589241007631068,0.0106636156010323,0.0166480394051595,0.0250045215605647,0.0106636156010323,0.4166668119536831,0.0536825695325794,0.4166668119536831,0.351166665621138,0.103247816803286,0.1428571428571428,0.152417096583607,0.0170593145636012,0.1428571428571428,0.4166668119536831,False,,,N100_drop0.50_s0.20_c0.05,1.0,0.0,0.0,False,False,1.0068271698186462,1.0170734897113791,-0.0865463796488441,-0.1149304575594595,NSE,False,NSE validated,False,,
2026-10-01,UPL,INE628A01036,516.8,516.8,1236581003.2460318,1033.6,0.179579800612651,0.0170459265330978,0.187868541616554,0.0907332669238959,0.1723069830146974,0.069533405832893,0.0106532731740828,0.0166362996641222,0.0249891581510004,0.0106532731740828,0.3769195194613228,0.0829200315066547,0.3769195194613228,0.3246686382596077,0.1255666259105042,0.1130612244897959,0.187868541616554,0.0170459265330978,0.1130612244897959,0.3769195194613228,False,,,N100_drop0.50_s0.20_c0.05,1.0,0.0,0.0,False,False,1.0068271698186462,1.0170734897113791,-0.0865463796488441,-0.1149304575594595,NSE,False,NSE validated,False,,
2026-10-01,RVNL,INE415G01027,197.0,197.0,1009209250.9206347,394.0,0.178433205176502,0.0168906424519104,0.2213841110147096,0.0762956400732307,0.1829899296474941,0.0133343386744313,0.0105349329453815,0.0165017677108418,0.0248107683815601,0.0105349329453815,0.3708935177065628,0.0934693802635774,0.3708935177065628,0.3250323756347815,0.1259348990568163,0.1130612244897959,0.2213841110147096,0.0168906424519104,0.1130612244897959,0.3708935177065628,False,,,N100_drop0.50_s0.20_c0.05,1.0,0.0,0.0,False,False,1.0068271698186462,1.0170734897113791,-0.0865463796488441,-0.1149304575594595,NSE,False,NSE validated,False,,
2026-10-01,IOC,INE242A01010,131.34,131.34,1345052406.424762,262.68,0.1782556553241855,0.0168666520668141,0.133919519541051,0.1259461811438469,0.1819689975530703,0.0755458302155786,0.0105172860239704,0.016483936676518,0.0247831763455622,0.0105172860239704,0.3357499764101908,0.1225127386238632,0.3357499764101908,0.2826979717347661,0.1537625566563214,0.1045667947076397,0.133919519541051,0.0168666520668141,0.1045667947076397,0.3357499764101908,False,,,N100_drop0.50_s0.20_c0.05,1.0,0.0,0.0,False,False,1.0068271698186462,1.0170734897113791,-0.0865463796488441,-0.1149304575594595,NSE,False,NSE validated,False,,
2026-10-01,BAJAJFINSV,INE918I01026,1732.6,1732.6,2033700740.0015872,3465.2,0.1779869631360347,0.0168303747709232,0.1427391872946626,0.117909980362853,0.1726855261564452,0.0638450602970355,0.0104906098449774,0.0164569631634405,0.0247414364408273,0.0104906098449774,0.404681323468197,0.0649573269370074,0.404681323468197,0.3046328147261097,0.1417076071096841,0.1130612244897959,0.1427391872946626,0.0168303747709232,0.1130612244897959,0.404681323468197,False,,,N100_drop0.50_s0.20_c0.05,1.0,0.0,0.0,False,False,1.0068271698186462,1.0170734897113791,-0.0865463796488441,-0.1149304575594595,NSE,False,NSE validated,False,,
2026-10-01,HINDPETRO,INE094A01015,345.0,345.0,2068338184.46746,690.0,0.1777297249946046,0.0167956756963653,0.1488352973190164,0.1128473957381573,0.1847790245950752,0.0371624116758046,0.0104651041081737,0.0164296289756572,0.0247014939596737,0.0104651041081737,0.3747754350998344,0.0885191982812504,0.3747754350998344,0.2881478661150447,0.1520242986922398,0.1045667947076397,0.1488352973190164,0.0167956756963653,0.1045667947076397,0.3747754350998344,False,,,N100_drop0.50_s0.20_c0.05,1.0,0.0,0.0,False,False,1.0068271698186462,1.0170734897113791,-0.0865463796488441,-0.1149304575594595,NSE,False,NSE validated,False,,
2026-10-01,TATACONSUM,INE192A01025,957.0,957.0,1383401265.5626984,1914.0,0.1774827763110783,0.0167623937876876,0.1387458884944033,0.1208136253231304,0.1834286214912661,0.0556019015422945,0.0104406491866276,0.0163978746314158,0.0246631658056161,0.0104406491866276,0.3805866221637171,0.089184337289595,0.3805866221637171,0.2964589361760357,0.1451299009362487,0.1045667947076397,0.1387458884944033,0.0167623937876876,0.1045667947076397,0.3805866221637171,False,,,N100_drop0.50_s0.20_c0.05,1.0,0.0,0.0,False,False,1.0068271698186462,1.0170734897113791,-0.0865463796488441,-0.1149304575594595,NSE,False,NSE validated,False,,
2026-10-01,CANBK,INE476A01022,118.36,118.36,2142455507.765873,236.72,0.1772496833295373,0.0167310054848678,0.1319143079407392,0.1268323788832977,0.177544021962124,0.0729903831627086,0.0104175938458471,0.0163679259444514,0.0246270030905393,0.0104175938458471,0.3737535979733042,0.087432632209791,0.3737535979733042,0.2847711728067583,0.1532969902353439,0.1045667947076397,0.1319143079407392,0.0167310054848678,0.1045667947076397,0.3737535979733042,False,,,N100_drop0.50_s0.20_c0.05,1.0,0.0,0.0,False,False,1.0068271698186462,1.0170734897113791,-0.0865463796488441,-0.1149304575594595,NSE,False,NSE validated,False,,
2026-10-01,HDFCLIFE,INE795G01014,534.2,534.2,2147731616.156349,1068.4,0.1764655227492961,0.0166255972732312,0.1736870579089975,0.0957215665541534,0.1956852433356482,0.0721217678183913,0.0103402277553555,0.0162673448541685,0.0245054524693618,0.0103402277553555,0.3659841660938696,0.0971720800061849,0.3659841660938696,0.3090852402793195,0.1376752206623711,0.1130612244897959,0.1736870579089975,0.0166255972732312,0.1130612244897959,0.3659841660938696,False,,,N100_drop0.50_s0.20_c0.05,1.0,0.0,0.0,False,False,1.0068271698186462,1.0170734897113791,-0.0865463796488441,-0.1149304575594595,NSE,False,NSE validated,False,,
2026-10-01,NMDC,INE584A01023,74.64,74.64,1347423071.75,149.28,0.1759412801366262,0.0165552881634898,0.1382742040984251,0.1197279584535205,0.1734328933746222,0.0861414736720277,0.0102886733945657,0.0161971826413896,0.0244242822491784,0.0102886733945657,0.3855235773155961,0.0802362602119641,0.3855235773155961,0.2931668695782706,0.1498453757606163,0.1045667947076397,0.1382742040984251,0.0165552881634898,0.1045667947076397,0.3855235773155961,False,,,N100_drop0.50_s0.20_c0.05,1.0,0.0,0.0,False,False,1.0068271698186462,1.0170734897113791,-0.0865463796488441,-0.1149304575594595,NSE,False,NSE validated,False,,
2026-10-01,IRFC,INE053F01010,77.06,77.06,684968586.6942858,154.12,0.1755198098001479,0.016498855549261,0.1728009277049228,0.0954789755378787,0.1820566661549391,0.06570873121203,0.0102473231622799,0.0161433367475159,0.0243590774808056,0.0102473231622799,0.3886591956552612,0.0767039143815626,0.3886591956552612,0.3058023251120461,0.1365948041203866,0.1130612244897959,0.1728009277049228,0.016498855549261,0.1130612244897959,0.3886591956552612,False,,,N100_drop0.50_s0.20_c0.05,1.0,0.0,0.0,False,False,1.0068271698186462,1.0170734897113791,-0.0865463796488441,-0.1149304575594595,NSE,False,NSE validated,False,,
2026-10-01,GODREJCP,INE102D01028,840.0,840.0,1434791215.023016,1680.0,0.1754293533379973,0.0164867547257624,0.1731610061726441,0.095210550516927,0.1788218736180881,0.0687932136856024,0.0102384598350065,0.0161317901608121,0.0243450892909562,0.0102384598350065,0.3735230468598929,0.0888353299921143,0.3735230468598929,0.3423394255265655,0.1157834017582754,0.1330698287220026,0.1731610061726441,0.0164867547257624,0.1330698287220026,0.3735230468598929,False,,,N100_drop0.50_s0.20_c0.05,1.0,0.0,0.0,False,False,1.0068271698186462,1.0170734897113791,-0.0865463796488441,-0.1149304575594595,NSE,False,NSE validated,False,,
2026-10-01,DRREDDY,INE089A01031,1206.2,1206.2,2516372811.5619044,2412.4,0.1748334511316755,0.0164071332445825,0.1296966068765099,0.126503951334706,0.1959811536223522,0.0422040883644474,0.0101801704557214,0.0160558116428974,0.0242529930580415,0.0101801704557214,0.3948822027921309,0.076270212311563,0.3948822027921309,0.2865384926793667,0.1528194297347461,0.1045667947076397,0.1296966068765099,0.0164071332445825,0.1045667947076397,0.3948822027921309,False,,,N100_drop0.50_s0.20_c0.05,1.0,0.0,0.0,False,False,1.0068271698186462,1.0170734897113791,-0.0865463796488441,-0.1149304575594595,NSE,False,NSE validated,False,,
2026-10-01,BDL,INE171Z01026,1087.9,1087.9,1667671540.2888892,2175.8,0.1747937921378816,0.0164018400837899,0.1760558776939988,0.0931626952682479,0.1685500232066875,0.0606822382839014,0.0101762972755824,0.0160507604267261,0.0242468671214595,0.0101762972755824,0.3867872115867855,0.0753692107788392,0.3867872115867855,0.3458124297415737,0.1085701408717214,0.1330698287220026,0.1760558776939988,0.0164018400837899,0.1330698287220026,0.3867872115867855,False,,,N100_drop0.50_s0.20_c0.05,1.0,0.0,0.0,False,False,1.0068271698186462,1.0170734897113791,-0.0865463796488441,-0.1149304575594595,NSE,False,NSE validated,False,,
2026-10-01,ASHOKLEY,INE208A01029,150.48,150.48,2546622445.108253,300.96,0.1745929747736594,0.0163750488746334,0.1598979781711778,0.1024093554022502,0.1752639126023399,0.0755089566028477,0.0101566967953968,0.0160251933615552,0.0242158541901688,0.0101566967953968,0.3882955796972719,0.0748973611789031,0.3882955796972719,0.330913977784139,0.1185855005522933,0.1130612244897959,0.1598979781711778,0.0163750488746334,0.1130612244897959,0.3882955796972719,False,,,N100_drop0.50_s0.20_c0.05,1.0,0.0,0.0,False,False,1.0068271698186462,1.0170734897113791,-0.0865463796488441,-0.1149304575594595,NSE,False,NSE validated,False,,
2026-10-01,CHOLAFIN,INE121A01024,1580.0,1580.0,2558386865.7380958,3160.0,0.1745135973557496,0.0163644642486693,0.1480178135469028,0.1105573974951596,0.1826158780284285,0.0721825935974759,0.0101489546963897,0.0160150921595832,0.0242035985908763,0.0101489546963897,0.4222889495966085,0.0525011770770306,0.4222889495966085,0.3243209968425193,0.1238372881921495,0.1130612244897959,0.1480178135469028,0.0163644642486693,0.1130612244897959,0.4222889495966085,False,,,N100_drop0.50_s0.20_c0.05,1.0,0.0,0.0,False,False,1.0068271698186462,1.0170734897113791,-0.0865463796488441,-0.1149304575594595,NSE,False,NSE validated,False,,
2026-10-01,GROWW,INE0HOQ01053,180.11,180.11,7158961267.044444,360.22,0.1744498997021127,0.0163559725717667,0.1553885282685712,0.1052585590069897,0.191353800432839,0.0860907893624834,0.0101427441461042,0.0160069882313252,0.0241937650948506,0.0101427441461042,0.3854562549307713,0.0828241999064283,0.3854562549307713,0.315019061232827,0.131096281841808,0.1130612244897959,0.1553885282685712,0.0163559725717667,0.1130612244897959,0.3854562549307713,False,,,N100_drop0.50_s0.20_c0.05,1.0,0.0,0.0,False,False,1.0068271698186462,1.0170734897113791,-0.0865463796488441,-0.1149304575594595,NSE,False,NSE validated,False,,
2026-10-01,DABUR,INE016A01026,374.25,374.25,834512730.0039682,748.5,0.173874929774722,0.0162794075044882,0.1662458342584849,0.0979237018304855,0.1928804444905783,0.0738735787705185,0.0100867736433908,0.0159283419705993,0.0241050509471646,0.0100867736433908,0.3629353904471026,0.0998957854756046,0.3629353904471026,0.2814022056179029,0.1559426777920259,0.1045667947076397,0.1662458342584849,0.0162794075044882,0.1045667947076397,0.3629353904471026,False,,,N100_drop0.50_s0.20_c0.05,1.0,0.0,0.0,False,False,1.0068271698186462,1.0170734897113791,-0.0865463796488441,-0.1149304575594595,NSE,False,NSE validated,False,,
2026-10-01,TATAPOWER,INE245A01021,350.15,350.15,1561273978.7071428,700.3,0.1719478694372808,0.0160239131209783,0.1421657356405686,0.1127129054605037,0.1891533410525681,0.0567270455469562,0.0099003537798365,0.0156675863636671,0.0238078970080932,0.0099003537798365,0.3654768051505471,0.1034018177762299,0.3654768051505471,0.2947402019046893,0.1459263484934202,0.1045667947076397,0.1421657356405686,0.0160239131209783,0.1045667947076397,0.3654768051505471,False,,,N100_drop0.50_s0.20_c0.05,1.0,0.0,0.0,False,False,1.0068271698186462,1.0170734897113791,-0.0865463796488441,-0.1149304575594595,NSE,False,NSE validated,False,,
2026-10-01,BANKBARODA,INE028A01039,230.82,230.82,2079354217.4628568,461.64,0.1713776492474669,0.0159486419112953,0.1388322588111634,0.1148770613390967,0.1862235465368158,0.0754277912298196,0.0098455363913594,0.015607082995588,0.0237187172455634,0.0098455363913594,0.3523625466137157,0.1055390920215425,0.3523625466137157,0.2777010433951562,0.1575424791098943,0.1045667947076397,0.1388322588111634,0.0159486419112953,0.1045667947076397,0.3523625466137157,False,,,N100_drop0.50_s0.20_c0.05,1.0,0.0,0.0,False,False,1.0068271698186462,1.0170734897113791,-0.0865463796488441,-0.1149304575594595,NSE,False,NSE validated,False,,
2026-10-01,VBL,INE200M01039,425.3,425.3,2913288499.75873,850.6,0.1712144921963682,0.0159271322385906,0.15246825736534,0.1044619549918939,0.2007457109783647,0.0657895965902652,0.0098298803753633,0.0155884804031931,0.023693217228699,0.0098298803753633,0.3819178563329037,0.0862840389510424,0.3819178563329037,0.2959469506675268,0.145296382137865,0.1045667947076397,0.15246825736534,0.0159271322385906,0.1045667947076397,0.3819178563329037,False,,,N100_drop0.50_s0.20_c0.05,1.0,0.0,0.0,False,False,1.0068271698186462,1.0170734897113791,-0.0865463796488441,-0.1149304575594595,NSE,False,NSE validated,False,,
2026-10-01,RECLTD,INE020B01018,287.75,287.75,1926505206.397619,575.5,0.1708477317812865,0.0158788255964434,0.1563373972539042,0.1015676727088846,0.1812710916268158,0.0530375521842309,0.0097947341053461,0.0155433362260732,0.0236359233329397,0.0097947341053461,0.40208773495144,0.0662715199974984,0.40208773495144,0.3007689200626422,0.1399663707605462,0.1111111111111111,0.1563373972539042,0.0158788255964434,0.1111111111111111,0.40208773495144,False,,,N100_drop0.50_s0.20_c0.05,1.0,0.0,0.0,False,False,1.0068271698186462,1.0170734897113791,-0.0865463796488441,-0.1149304575594595,NSE,False,NSE validated,False,,
2026-10-01,HCLTECH,INE860A01027,1243.1,1243.1,3701598158.1063495,2486.2,0.1694559978772906,0.0156960826352034,0.1652789297826249,0.094967233003305,0.1882122639718752,0.1005433110972126,0.0096622645876311,0.0153534113211833,0.0234188580060087,0.0096622645876311,0.4037972073945537,0.0676638619129994,0.4037972073945537,0.3279108831962322,0.1232129422199833,0.1130612244897959,0.1652789297826249,0.0156960826352034,0.1130612244897959,0.4037972073945537,False,,,N100_drop0.50_s0.20_c0.05,1.0,0.0,0.0,False,False,1.0068271698186462,1.0170734897113791,-0.0865463796488441,-0.1149304575594595,NSE,False,NSE validated,False,,
2026-10-01,HINDALCO,INE038A01020,941.85,941.85,4283618545.334921,1883.7,0.168662415856404,0.0155922799710287,0.1402522218620782,0.1111731405322184,0.1920304230510222,0.0650794964707589,0.0095826732565445,0.0152441780601825,0.02329532932133,0.0095826732565445,0.4084698226630452,0.0647625942819545,0.4084698226630452,0.2852886771835832,0.1548089801493197,0.1045667947076397,0.1402522218620782,0.0155922799710287,0.1045667947076397,0.4084698226630452,False,,,N100_drop0.50_s0.20_c0.05,1.0,0.0,0.0,False,False,1.0068271698186462,1.0170734897113791,-0.0865463796488441,-0.1149304575594595,NSE,False,NSE validated,False,,
2026-10-01,ETERNAL,INE758T01015,313.9,313.9,9933886991.559525,627.8,0.1685378741941196,0.0155760158745323,0.1280441067480605,0.1216457068592757,0.1947752887780904,0.0557854119613097,0.009570107914892,0.0152276079427168,0.0232759592760172,0.009570107914892,0.3900458086076334,0.0791935103522285,0.3900458086076334,0.3016847762288767,0.1407073493059039,0.1111111111111111,0.1280441067480605,0.0155760158745323,0.1111111111111111,0.3900458086076334,False,,,N100_drop0.50_s0.20_c0.05,1.0,0.0,0.0,False,False,1.0068271698186462,1.0170734897113791,-0.0865463796488441,-0.1149304575594595,NSE,False,NSE validated,False,,
2026-10-01,MAXHEALTH,INE027H01010,940.95,940.95,2185273451.189683,1881.9,0.1680887796268691,0.0155174270578633,0.1480160440823749,0.1048361152607715,0.1949230284581328,0.0762409683612692,0.0095248717570663,0.0151679235125127,0.0232061474356958,0.0095248717570663,0.3730762184248948,0.0908922925867268,0.3730762184248948,0.2779027073878352,0.1581762751793262,0.1045667947076397,0.1480160440823749,0.0155174270578633,0.1045667947076397,0.3730762184248948,False,,,N100_drop0.50_s0.20_c0.05,1.0,0.0,0.0,False,False,1.0068271698186462,1.0170734897113791,-0.0865463796488441,-0.1149304575594595,NSE,False,NSE validated,False,,
2026-10-01,COALINDIA,INE522F01014,420.4,420.4,3296966032.823016,840.8,0.1669325501516916,0.0153670112720639,0.1177442927778323,0.1305117293545553,0.2061919721562423,0.0680476380764065,0.0094089413084752,0.0150147437399702,0.0230266710578322,0.0094089413084752,0.3874377060689286,0.083374595467457,0.3874377060689286,0.2613252822144821,0.174044568462175,0.1045667947076397,0.1177442927778323,0.0153670112720639,0.1045667947076397,0.3874377060689286,False,,,N100_drop0.50_s0.20_c0.05,1.0,0.0,0.0,False,False,1.0068271698186462,1.0170734897113791,-0.0865463796488441,-0.1149304575594595,NSE,False,NSE validated,False,,
2026-10-01,BAJFINANCE,INE296A01032,948.3,948.3,7700714042.492063,1896.6,0.1661985547186595,0.015271842304879,0.1498834645509427,0.101891441798694,0.1838101750389836,0.0720525535897734,0.0093357444636729,0.0149178624666572,0.0229007921439586,0.0093357444636729,0.3862891775954722,0.078006204908901,0.3862891775954722,0.3131570230374005,0.1318954479708551,0.1130612244897959,0.1498834645509427,0.015271842304879,0.1130612244897959,0.3862891775954722,False,,,N100_drop0.50_s0.20_c0.05,1.0,0.0,0.0,False,False,1.0068271698186462,1.0170734897113791,-0.0865463796488441,-0.1149304575594595,NSE,False,NSE validated,False,,
2026-10-01,LICI,INE0J1Y01017,391.85,391.85,4047924747.716666,783.7,0.1660627540423006,0.015254261560025,0.1289080067665409,0.1183344769859897,0.1894403499178925,0.0407399429785837,0.0093226914577028,0.0148999685139926,0.022875910885469,0.0093226914577028,0.402441194557371,0.0676479776631561,0.402441194557371,0.3064863592803916,0.136373139508746,0.1130612244897959,0.1289080067665409,0.015254261560025,0.1130612244897959,0.402441194557371,False,,,N100_drop0.50_s0.20_c0.05,1.0,0.0,0.0,False,False,1.0068271698186462,1.0170734897113791,-0.0865463796488441,-0.1149304575594595,NSE,False,NSE validated,False,,
2026-10-01,SUZLON,INE040H01021,38.91,38.91,2648300763.188096,77.82,0.1656722287878477,0.0152037511461281,0.1789466784747191,0.0849624663375695,0.1765284715350644,0.0332876092581899,0.0092880153715944,0.0148485636498593,0.0228044158839432,0.0092880153715944,0.4074443717651632,0.0617886991198678,0.4074443717651632,0.3305350824008232,0.1177088334982063,0.1130612244897959,0.1789466784747191,0.0152037511461281,0.1130612244897959,0.4074443717651632,False,,,N100_drop0.50_s0.20_c0.05,1.0,0.0,0.0,False,False,1.0068271698186462,1.0170734897113791,-0.0865463796488441,-0.1149304575594595,NSE,False,NSE validated,False,,
2026-10-01,TECHM,INE669C01036,1533.0,1533.0,3788822469.104762,3066.0,0.1656092281806259,0.015195609191714,0.1234037137189478,0.1231373735341717,0.1915364406662033,0.0664066109089902,0.0092824272024873,0.0148402782684135,0.0227928899826489,0.0092824272024873,0.3984547077567502,0.0707786349865708,0.3984547077567502,0.2712626201123811,0.1679456453292931,0.1045667947076397,0.1234037137189478,0.015195609191714,0.1045667947076397,0.3984547077567502,False,,,N100_drop0.50_s0.20_c0.05,1.0,0.0,0.0,False,False,1.0068271698186462,1.0170734897113791,-0.0865463796488441,-0.1149304575594595,NSE,False,NSE validated,False,,
2026-10-01,TATASTEEL,INE081A01020,178.0,178.0,4630661090.861111,356.0,0.1640107733181239,0.0149896366147494,0.1299464959608542,0.1153523725585104,0.1977609064645544,0.0532719464901949,0.0091411887449275,0.0146467869452236,0.022501184580004,0.0091411887449275,0.3697569777879474,0.0944491257627065,0.3697569777879474,0.2724193150402005,0.1619714969356999,0.1045667947076397,0.1299464959608542,0.0149896366147494,0.1045667947076397,0.3697569777879474,False,,,N100_drop0.50_s0.20_c0.05,1.0,0.0,0.0,False,False,1.0068271698186462,1.0170734897113791,-0.0865463796488441,-0.1149304575594595,NSE,False,NSE validated,False,,
2026-10-01,KOTAKBANK,INE237A01036,418.35,418.35,5983950451.974603,836.7,0.1637850747509476,0.014960647453709,0.1080228876379433,0.1384951632088572,0.2079354367593204,0.0393805615971093,0.0091203856291836,0.0146212488502392,0.0224601094602333,0.0091203856291836,0.3518863258545925,0.1138427087864367,0.3518863258545925,0.2554725254518352,0.1764753333125349,0.1045667947076397,0.1080228876379433,0.014960647453709,0.1045667947076397,0.3518863258545925,False,,,N100_drop0.50_s0.20_c0.05,1.0,0.0,0.0,False,False,1.0068271698186462,1.0170734897113791,-0.0865463796488441,-0.1149304575594595,NSE,False,NSE validated,False,,
2026-10-01,SUNPHARMA,INE044A01036,1801.0,1801.0,3758570935.3746033,3602.0,0.163471069601595,0.0149203545542084,0.1079279632166449,0.1382436405684661,0.191335675358935,0.0577780191767488,0.0090898774840568,0.0145857451179938,0.0224030098170633,0.0090898774840568,0.4025653990486999,0.0677565538928871,0.4025653990486999,0.2740943127889778,0.1657478512436108,0.1045667947076397,0.1079279632166449,0.0149203545542084,0.1045667947076397,0.4025653990486999,False,,,N100_drop0.50_s0.20_c0.05,1.0,0.0,0.0,False,False,1.0068271698186462,1.0170734897113791,-0.0865463796488441,-0.1149304575594595,NSE,False,NSE validated,False,,
2026-10-01,PFC,INE134E01011,318.0,318.0,2974372288.152381,636.0,0.1625971961409892,0.014808455556033,0.1607679825932601,0.092110725762468,0.1886738434324954,0.0326019541773425,0.0090052585782531,0.0144870998870106,0.0222453076173498,0.0090052585782531,0.3898602722322588,0.0821075422510844,0.3898602722322588,0.3151710194484788,0.1298126415203403,0.1130612244897959,0.1607679825932601,0.014808455556033,0.1130612244897959,0.3898602722322588,False,,,N100_drop0.50_s0.20_c0.05,1.0,0.0,0.0,False,False,1.0068271698186462,1.0170734897113791,-0.0865463796488441,-0.1149304575594595,NSE,False,NSE validated,False,,
2026-10-01,POWERGRID,INE752E01010,254.55,254.55,2445838887.65873,509.1,0.1609323485981057,0.0145962308420318,0.1398974699824711,0.1043352023725713,0.1987577819160934,0.0628371327079752,0.0088452051882239,0.0142998226023872,0.0219988219793061,0.0088452051882239,0.347366501385102,0.1134710258722183,0.347366501385102,0.2747675173292713,0.1596245622874445,0.1045667947076397,0.1398974699824711,0.0145962308420318,0.1045667947076397,0.347366501385102,False,,,N100_drop0.50_s0.20_c0.05,1.0,0.0,0.0,False,False,1.0068271698186462,1.0170734897113791,-0.0865463796488441,-0.1149304575594595,NSE,False,NSE validated,False,,
2026-10-01,WIPRO,INE075A01022,159.35,159.35,2504827971.694762,318.7,0.157284051107722,0.0141355430620368,0.1745114964631399,0.0810006409235192,0.1898808204392316,0.0803105778260739,0.0084997439168174,0.0138757255276028,0.0214608925416084,0.0084997439168174,0.3732629189275713,0.0890990843133586,0.3732629189275713,0.2810553390368094,0.1541835807867127,0.1045667947076397,0.1745114964631399,0.0141355430620368,0.1045667947076397,0.3732629189275713,False,,,N100_drop0.50_s0.20_c0.05,1.0,0.0,0.0,False,False,1.0068271698186462,1.0170734897113791,-0.0865463796488441,-0.1149304575594595,NSE,False,NSE validated,False,,
2026-10-01,AXISBANK,INE238A01034,1217.1,1217.1,7541893184.223809,2434.2,0.1557031142758548,0.0139377679723697,0.120374413700022,0.1157867984063726,0.1994583785389283,0.043424451744702,0.0083522781838586,0.0137086576431879,0.0212287215569569,0.0083522781838586,0.3513287636619886,0.1057951387276832,0.3513287636619886,0.2609168869266807,0.1692610194218121,0.1045667947076397,0.120374413700022,0.0139377679723697,0.1045667947076397,0.3513287636619886,False,,,N100_drop0.50_s0.20_c0.05,1.0,0.0,0.0,False,False,1.0068271698186462,1.0170734897113791,-0.0865463796488441,-0.1149304575594595,NSE,False,NSE validated,False,,
2026-10-01,SWIGGY,INE00H001014,238.0,238.0,6171872437.217778,476.0,0.1547170749642197,0.0138149808263845,0.2410665136135158,0.0573077555206739,0.1805763128198131,0.0512478202087202,0.008260983204705,0.0135980121824838,0.0210841979527928,0.008260983204705,0.3166553639804811,0.125024215706992,0.3166553639804811,0.3204399370421172,0.1532889651517525,0.1130612244897959,0.2410665136135158,0.0138149808263845,0.1130612244897959,0.3166553639804811,False,,,N100_drop0.50_s0.20_c0.05,1.0,0.0,0.0,False,False,1.0068271698186462,1.0170734897113791,-0.0865463796488441,-0.1149304575594595,NSE,False,NSE validated,False,,
2026-10-01,ONGC,INE213A01029,222.37,222.37,2821342652.8173013,444.74,0.1544450141737259,0.013781178729058,0.1423728851671602,0.0967963718153042,0.1957584991935889,0.0633539764353989,0.008235885500762,0.0135649142140163,0.021044360111059,0.008235885500762,0.3742420000927859,0.0880026666959499,0.3742420000927859,0.2636773157691968,0.1672696881014696,0.1045667947076397,0.1423728851671602,0.013781178729058,0.1045667947076397,0.3742420000927859,False,,,N100_drop0.50_s0.20_c0.05,1.0,0.0,0.0,False,False,1.0068271698186462,1.0170734897113791,-0.0865463796488441,-0.1149304575594595,NSE,False,NSE validated,False,,
2026-10-01,NTPC,INE733E01010,315.1,315.1,2967977180.6309524,630.2,0.1540552423257617,0.0137328092102548,0.1272262396144821,0.1079400700033863,0.1974479372367598,0.0642721401832355,0.0081999979467555,0.0135175541638022,0.0209868576736363,0.0081999979467555,0.3503252750171575,0.1083030233170129,0.3503252750171575,0.2727143898676216,0.1605781633475902,0.1045667947076397,0.1272262396144821,0.0137328092102548,0.1045667947076397,0.3503252750171575,False,,,N100_drop0.50_s0.20_c0.05,1.0,0.0,0.0,False,False,1.0068271698186462,1.0170734897113791,-0.0865463796488441,-0.1149304575594595,NSE,False,NSE validated,False,,
2026-10-01,BEL,INE263A01024,383.1,383.1,4301524118.04127,766.2,0.1531539644002483,0.0136212226383357,0.1275816246131181,0.1067647686697918,0.1974409882431732,0.0652870943254345,0.0081173253252284,0.0134158621710886,0.0208538207904272,0.0081173253252284,0.3656873174050232,0.0943197010881671,0.3656873174050232,0.2559923718480346,0.1728514243099473,0.1045667947076397,0.1275816246131181,0.0136212226383357,0.1045667947076397,0.3656873174050232,False,,,N100_drop0.50_s0.20_c0.05,1.0,0.0,0.0,False,False,1.0068271698186462,1.0170734897113791,-0.0865463796488441,-0.1149304575594595,NSE,False,NSE validated,False,,
2026-10-01,ITC,INE154A01025,255.9,255.9,3905304185.892063,511.8,0.1515313046156306,0.0134212333313595,0.1508563429610085,0.0889669805586397,0.1932750278516569,0.0561041810956515,0.0079695731350865,0.0132253079559361,0.0206141253720703,0.0079695731350865,0.3552151051395296,0.1005400834830122,0.3552151051395296,0.2807639833028976,0.1549244860189331,0.1045667947076397,0.1508563429610085,0.0134212333313595,0.1045667947076397,0.3552151051395296,False,,,N100_drop0.50_s0.20_c0.05,1.0,0.0,0.0,False,False,1.0068271698186462,1.0170734897113791,-0.0865463796488441,-0.1149304575594595,NSE,False,NSE validated,False,,
2026-10-01,JIOFIN,INE758E01017,212.5,212.5,3953130821.3569846,425.0,0.1503843416714488,0.0132805776444927,0.1680407743946179,0.0790318759975799,0.1842952715767054,0.039893088423466,0.0078659795612879,0.0130858379562725,0.0204133934103232,0.0078659795612879,0.3584667037690896,0.0949295457496546,0.3584667037690896,0.2937931816578756,0.144819356055412,0.1045667947076397,0.1680407743946179,0.0132805776444927,0.1045667947076397,0.3584667037690896,False,,,N100_drop0.50_s0.20_c0.05,1.0,0.0,0.0,False,False,1.0068271698186462,1.0170734897113791,-0.0865463796488441,-0.1149304575594595,NSE,False,NSE validated,False,,
2026-10-01,INFY,INE009A01021,1035.0,1035.0,11902746710.34762,2070.0,0.149041630850054,0.0131166568057567,0.1917344353493709,0.068410542852441,0.1853711674087159,0.0297769670459274,0.0077455906798493,0.0129299485611647,0.0201792561478014,0.0077455906798493,0.3315691782375522,0.1143499043422098,0.3315691782375522,0.3101376014082164,0.1493792556242796,0.1130612244897959,0.1917344353493709,0.0131166568057567,0.1130612244897959,0.3315691782375522,False,,,N100_drop0.50_s0.20_c0.05,1.0,0.0,0.0,False,False,1.0068271698186462,1.0170734897113791,-0.0865463796488441,-0.1149304575594595,NSE,False,NSE validated,False,,
2026-10-01,SBIN,INE062A01020,954.1,954.1,9681630037.236507,1908.2,0.147885346787226,0.0129761335702313,0.1256380460424255,0.1032818798045422,0.1994203851536769,0.0770013728962113,0.0076427273353373,0.0127942936168345,0.0199783629560127,0.0076427273353373,0.3267503564538734,0.1221596194170549,0.3267503564538734,0.2388771024211926,0.1847061335439137,0.0721649484536082,0.1256380460424255,0.0129761335702313,0.0721649484536082,0.3267503564538734,False,,,N100_drop0.50_s0.20_c0.05,1.0,0.0,0.0,False,False,1.0068271698186462,1.0170734897113791,-0.0865463796488441,-0.1149304575594595,NSE,False,NSE validated,False,,
2026-10-01,ICICIBANK,INE090A01021,1310.6,1310.6,14775860007.671429,2621.2,0.1476125429537812,0.0129430656825105,0.1045621304803858,0.1237834923891343,0.1981671019378744,0.0582151667022629,0.0076174744688571,0.0127615084846751,0.0199310650134744,0.0076174744688571,0.3339200198557869,0.1187231955126442,0.3339200198557869,0.2373532982937052,0.1858029612679382,0.0721649484536082,0.1045621304803858,0.0129430656825105,0.0721649484536082,0.3339200198557869,False,,,N100_drop0.50_s0.20_c0.05,1.0,0.0,0.0,False,False,1.0068271698186462,1.0170734897113791,-0.0865463796488441,-0.1149304575594595,NSE,False,NSE validated,False,,
2026-10-01,HDFCBANK,INE040A01034,721.2,721.2,22577575795.5508,1442.4,0.1463411285735405,0.0127893835771252,0.1330599542546278,0.0961174505790908,0.2078613094406889,0.0583961577152365,0.0074946680970488,0.012609148374079,0.019711129089564,0.0074946680970488,0.2963705241228644,0.1452975608275794,0.2963705241228644,0.2298071890873786,0.1920888477783802,0.0721649484536082,0.1330599542546278,0.0127893835771252,0.0721649484536082,0.2963705241228644,False,,,N100_drop0.50_s0.20_c0.05,1.0,0.0,0.0,False,False,1.0068271698186462,1.0170734897113791,-0.0865463796488441,-0.1149304575594595,NSE,False,NSE validated,False,,
2026-10-01,BHARTIARTL,INE397D01024,1741.1,1741.1,11850253326.05238,3482.2,0.1445983513792874,0.0125798798437928,0.1230832783315058,0.1022062461637627,0.1959108626421375,0.0518264626135121,0.0073281189893909,0.0124014679228657,0.0194422461235106,0.0073281189893909,0.3192752328267019,0.1255701188798786,0.3192752328267019,0.235748811511322,0.1859859065252252,0.0721649484536082,0.1230832783315058,0.0125798798437928,0.0721649484536082,0.3192752328267019,False,,,N100_drop0.50_s0.20_c0.05,1.0,0.0,0.0,False,False,1.0068271698186462,1.0170734897113791,-0.0865463796488441,-0.1149304575594595,NSE,False,NSE validated,False,,
2026-10-01,RELIANCE,INE002A01018,1167.7,1167.7,15159777601.263493,2335.4,0.1385096374694616,0.011858364341662,0.1413277462915658,0.0839068382028657,0.1966429999929677,0.0672697161793845,0.0067802906406746,0.0116708813994556,0.018525405581209,0.0067802906406746,0.3110958596904894,0.1303767159788196,0.3110958596904894,0.2422415192040464,0.1823906552947436,0.0721649484536082,0.1413277462915658,0.011858364341662,0.0721649484536082,0.3110958596904894,False,,,N100_drop0.50_s0.20_c0.05,1.0,0.0,0.0,False,False,1.0068271698186462,1.0170734897113791,-0.0865463796488441,-0.1149304575594595,NSE,False,NSE validated,False,,
