name,pool_n,risk_drop,w_safety,w_consensus,baseline,folds,mean_precision_2x,median_precision_2x,mean_lift_2x,median_lift_2x,hit_fold_rate,hit_folds,mean_dd30_rate,median_dd30_rate,dd30_iqr,mean_selected_p_cal,mean_selected_p_dd30,feasible,objective,gate_mean_precision_required,gate_mean_lift_required,gate_hit_fold_rate_required,gate_median_precision_required
N100_drop0.50_s0.15_c0.05,100,0.5,0.15,0.05,False,26,0.11538461538461539,0.1,5.581026336284229,2.0846846846846847,0.6538461538461539,17,0.34615384615384615,0.3,0.4,0.07255021667585207,0.2617585656954897,True,0.5111538461538461,0.09000000000000001,3.971714947004404,0.5538461538461539,0.09000000000000001
N100_drop0.50_s0.10_c0.00,100,0.5,0.1,0.0,False,26,0.11153846153846156,0.1,4.715690867471696,2.2153846153846155,0.6538461538461539,17,0.35000000000000003,0.3,0.4,0.07266609803201816,0.26276720811780285,True,0.515,0.09000000000000001,3.971714947004404,0.5538461538461539,0.09000000000000001
N100_drop0.50_s0.20_c0.10,100,0.5,0.2,0.1,False,26,0.11923076923076924,0.1,5.612769455550284,2.2153846153846155,0.6538461538461539,17,0.3538461538461538,0.3,0.4,0.07219245481772342,0.26078977959074906,True,0.5188461538461537,0.09000000000000001,3.971714947004404,0.5538461538461539,0.09000000000000001
N100_drop0.50_s0.15_c0.10,100,0.5,0.15,0.1,False,26,0.11153846153846153,0.1,5.4433120505699435,1.7900000000000003,0.6153846153846154,16,0.3538461538461538,0.3,0.4,0.07237571712068763,0.2612073453635907,True,0.5188461538461537,0.09000000000000001,3.971714947004404,0.5538461538461539,0.09000000000000001
N100_drop0.50_s0.15_c0.15,100,0.5,0.15,0.15,False,26,0.11153846153846153,0.1,5.4433120505699435,1.7900000000000003,0.6153846153846154,16,0.3538461538461538,0.3,0.4,0.07226953650186888,0.26148310108325434,True,0.5188461538461537,0.09000000000000001,3.971714947004404,0.5538461538461539,0.09000000000000001
N100_drop0.50_s0.10_c0.05,100,0.5,0.1,0.05,False,26,0.11153846153846156,0.1,4.715690867471696,2.2153846153846155,0.6538461538461539,17,0.35384615384615387,0.3,0.4,0.07264689202741484,0.2631260697927153,True,0.5188461538461538,0.09000000000000001,3.971714947004404,0.5538461538461539,0.09000000000000001
N100_drop0.50_s0.15_c0.00,100,0.5,0.15,0.0,False,26,0.11538461538461539,0.1,5.11630625208708,2.2153846153846155,0.6538461538461539,17,0.3461538461538461,0.3,0.475,0.07254329147638702,0.26184239068320453,True,0.522403846153846,0.09000000000000001,3.971714947004404,0.5538461538461539,0.09000000000000001
N100_drop0.50_s0.10_c0.10,100,0.5,0.1,0.1,False,26,0.1153846153846154,0.1,5.2473651151524185,2.2153846153846155,0.6538461538461539,17,0.3576923076923077,0.3,0.4,0.07260906403278317,0.26308441419653317,True,0.5226923076923077,0.09000000000000001,3.971714947004404,0.5538461538461539,0.09000000000000001
N100_drop0.50_s0.10_c0.15,100,0.5,0.1,0.15,False,26,0.1153846153846154,0.1,5.2473651151524185,2.2153846153846155,0.6538461538461539,17,0.3576923076923077,0.3,0.4,0.07251838158851898,0.26293515630690695,True,0.5226923076923077,0.09000000000000001,3.971714947004404,0.5538461538461539,0.09000000000000001
N100_drop0.50_s0.05_c0.15,100,0.5,0.05,0.15,False,26,0.11153846153846156,0.1,5.178284034071338,2.2153846153846155,0.6538461538461539,17,0.3576923076923077,0.3,0.4,0.07262380836073129,0.26369930553372717,True,0.5226923076923077,0.09000000000000001,3.971714947004404,0.5538461538461539,0.09000000000000001
N100_drop0.50_s0.20_c0.00,100,0.5,0.2,0.0,False,26,0.11538461538461539,0.1,5.503774084031977,1.7900000000000003,0.6153846153846154,16,0.35,0.3,0.475,0.07234750238582563,0.2609515192507512,True,0.52625,0.09000000000000001,3.971714947004404,0.5538461538461539,0.09000000000000001
N75_drop0.50_s0.20_c0.00,75,0.5,0.2,0.0,False,26,0.11538461538461539,0.1,5.11630625208708,2.2153846153846155,0.6538461538461539,17,0.35,0.3,0.475,0.07271663365045658,0.2622019341859589,True,0.52625,0.09000000000000001,3.971714947004404,0.5538461538461539,0.09000000000000001
N100_drop0.40_s0.20_c0.00,100,0.4,0.2,0.0,False,26,0.11153846153846153,0.1,5.434693002950897,1.7900000000000003,0.6153846153846154,16,0.35,0.3,0.475,0.07295027514953238,0.26219432040880963,True,0.52625,0.09000000000000001,3.971714947004404,0.5538461538461539,0.09000000000000001
N100_drop0.50_s0.05_c0.10,100,0.5,0.05,0.1,False,26,0.10769230769230773,0.1,4.610174638961943,2.0846846846846847,0.6153846153846154,16,0.36153846153846153,0.3,0.4,0.07271282313506118,0.2638556671329411,True,0.5265384615384615,0.09000000000000001,3.971714947004404,0.5538461538461539,0.09000000000000001
N100_drop0.50_s0.00_c0.05,100,0.5,0.0,0.05,False,26,0.11153846153846156,0.1,4.641917758227997,2.2153846153846155,0.6153846153846154,16,0.36538461538461536,0.3,0.375,0.07274336481773812,0.2646940550367173,True,0.5266346153846153,0.09000000000000001,3.971714947004404,0.5538461538461539,0.09000000000000001
N100_drop0.50_s0.00_c0.00,100,0.5,0.0,0.0,False,26,0.1076923076923077,0.1,4.577976581757409,2.0846846846846847,0.6153846153846154,16,0.36538461538461536,0.3,0.375,0.0727449390318109,0.26470008404886686,True,0.5266346153846153,0.09000000000000001,3.971714947004404,0.5538461538461539,0.09000000000000001
N100_drop0.50_s0.00_c0.15,100,0.5,0.0,0.15,False,26,0.10384615384615385,0.1,4.5410935578808616,2.0846846846846847,0.6153846153846154,16,0.36538461538461536,0.3,0.375,0.07268858532067148,0.2644748224113045,True,0.5266346153846153,0.09000000000000001,3.971714947004404,0.5538461538461539,0.09000000000000001
N100_drop0.50_s0.00_c0.10,100,0.5,0.0,0.1,False,26,0.10384615384615385,0.1,4.5410935578808616,2.0846846846846847,0.6153846153846154,16,0.3692307692307692,0.3,0.375,0.0727241719175148,0.2645007082885463,True,0.5304807692307691,0.09000000000000001,3.971714947004404,0.5538461538461539,0.09000000000000001
N100_drop0.50_s0.20_c0.05,100,0.5,0.2,0.05,False,26,0.11923076923076922,0.1,5.535517203298031,2.0846846846846847,0.6153846153846154,16,0.35769230769230764,0.3,0.475,0.07225910709042226,0.26069524053583276,True,0.5339423076923077,0.09000000000000001,3.971714947004404,0.5538461538461539,0.09000000000000001
N100_drop0.40_s0.20_c0.05,100,0.4,0.2,0.05,False,26,0.11153846153846153,0.1,5.434693002950897,1.7900000000000003,0.6153846153846154,16,0.35769230769230764,0.3,0.475,0.0727251711583936,0.2617697659047659,True,0.5339423076923077,0.09000000000000001,3.971714947004404,0.5538461538461539,0.09000000000000001
N75_drop0.50_s0.10_c0.15,75,0.5,0.1,0.15,False,26,0.1076923076923077,0.1,5.031950700738005,2.0846846846846847,0.6153846153846154,16,0.3576923076923077,0.3,0.475,0.07271360867241915,0.2637342550414594,True,0.5339423076923077,0.09000000000000001,3.971714947004404,0.5538461538461539,0.09000000000000001
N100_drop0.30_s0.20_c0.00,100,0.3,0.2,0.0,False,26,0.10769230769230768,0.1,5.273211422146378,1.5985294117647058,0.5769230769230769,15,0.35769230769230764,0.3,0.475,0.07342122017888683,0.26482432324075683,True,0.5339423076923077,0.09000000000000001,3.971714947004404,0.5538461538461539,0.09000000000000001
N75_drop0.40_s0.20_c0.00,75,0.4,0.2,0.0,False,26,0.10384615384615385,0.1,4.555747248482205,1.7900000000000003,0.6153846153846154,16,0.35769230769230764,0.3,0.475,0.07318145559440216,0.2633661251606939,True,0.5339423076923077,0.09000000000000001,3.971714947004404,0.5538461538461539,0.09000000000000001
N75_drop0.50_s0.15_c0.00,75,0.5,0.15,0.0,False,26,0.10384615384615385,0.1,4.614866667124559,2.0846846846846847,0.6538461538461539,17,0.35769230769230764,0.3,0.5,0.07277727861491091,0.26303913660101913,True,0.5376923076923076,0.09000000000000001,3.971714947004404,0.5538461538461539,0.09000000000000001
N100_drop0.40_s0.15_c0.00,100,0.4,0.15,0.0,False,26,0.10384615384615385,0.1,4.518409286667179,1.7900000000000003,0.6153846153846154,16,0.35769230769230764,0.3,0.5,0.0733026911437799,0.26365618304621463,True,0.5376923076923076,0.09000000000000001,3.971714947004404,0.5538461538461539,0.09000000000000001
N75_drop0.50_s0.15_c0.05,75,0.5,0.15,0.05,False,26,0.10769230769230773,0.1,4.68394774820564,2.0846846846846847,0.6538461538461539,17,0.3576923076923077,0.3,0.5,0.07276506656977996,0.26296801760498395,True,0.5376923076923077,0.09000000000000001,3.971714947004404,0.5538461538461539,0.09000000000000001
N75_drop0.50_s0.00_c0.15,75,0.5,0.0,0.15,False,26,0.1076923076923077,0.1,4.952422262732503,2.3807339449541285,0.6538461538461539,17,0.36153846153846153,0.3,0.475,0.07279408176164621,0.26529915269516774,True,0.5377884615384615,0.09000000000000001,3.971714947004404,0.5538461538461539,0.09000000000000001
N75_drop0.50_s0.20_c0.05,75,0.5,0.2,0.05,False,26,0.11538461538461539,0.1,5.575420275678169,2.0846846846846847,0.6538461538461539,17,0.3615384615384615,0.3,0.5,0.07260964089925467,0.2618788606295955,True,0.5415384615384614,0.09000000000000001,3.971714947004404,0.5538461538461539,0.09000000000000001
N75_drop0.50_s0.15_c0.10,75,0.5,0.15,0.1,False,26,0.10769230769230773,0.1,5.037090605348498,1.7900000000000003,0.6153846153846154,16,0.36153846153846153,0.3,0.5,0.07269802259141403,0.26267591984330874,True,0.5415384615384615,0.09000000000000001,3.971714947004404,0.5538461538461539,0.09000000000000001
N75_drop0.50_s0.05_c0.15,75,0.5,0.05,0.15,False,26,0.10384615384615385,0.1,4.962869619656924,2.0846846846846847,0.6153846153846154,16,0.36538461538461536,0.3,0.475,0.07276975610363134,0.26410365902278704,True,0.5416346153846153,0.09000000000000001,3.971714947004404,0.5538461538461539,0.09000000000000001
N75_drop0.40_s0.15_c0.00,75,0.4,0.15,0.0,False,26,0.09615384615384616,0.1,4.4175850863200425,1.7900000000000003,0.6153846153846154,16,0.36538461538461536,0.3,0.475,0.07330767470165615,0.2648635285550268,True,0.5416346153846153,0.09000000000000001,3.971714947004404,0.5538461538461539,0.09000000000000001
N75_drop0.30_s0.20_c0.00,75,0.3,0.2,0.0,False,26,0.10384615384615385,0.1,4.522466167401124,2.0846846846846847,0.6153846153846154,16,0.37692307692307686,0.3,0.39999999999999997,0.0737210509241034,0.26695379123729707,True,0.5419230769230768,0.09000000000000001,3.971714947004404,0.5538461538461539,0.09000000000000001
N75_drop0.50_s0.20_c0.10,75,0.5,0.2,0.1,False,26,0.11538461538461539,0.1,5.575420275678169,2.0846846846846847,0.6538461538461539,17,0.3653846153846153,0.3,0.5,0.07244218426551449,0.26136222514563745,True,0.5453846153846152,0.09000000000000001,3.971714947004404,0.5538461538461539,0.09000000000000001
N75_drop0.50_s0.15_c0.15,75,0.5,0.15,0.15,False,26,0.11153846153846156,0.1,5.101031781819086,2.0846846846846847,0.6153846153846154,16,0.36538461538461536,0.3,0.5,0.07261544672876533,0.26279477849708555,True,0.5453846153846154,0.09000000000000001,3.971714947004404,0.5538461538461539,0.09000000000000001
N75_drop0.50_s0.10_c0.10,75,0.5,0.1,0.1,False,26,0.10384615384615385,0.1,4.9680095242674165,1.7900000000000003,0.6153846153846154,16,0.36538461538461536,0.3,0.5,0.07277457066971482,0.2637483123727625,True,0.5453846153846154,0.09000000000000001,3.971714947004404,0.5538461538461539,0.09000000000000001
N75_drop0.50_s0.00_c0.00,75,0.5,0.0,0.0,False,26,0.10384615384615385,0.1,4.433119751002274,2.0846846846846847,0.6153846153846154,16,0.36538461538461536,0.3,0.5,0.07286550129399223,0.2649669765653567,True,0.5453846153846154,0.09000000000000001,3.971714947004404,0.5538461538461539,0.09000000000000001
N75_drop0.50_s0.00_c0.05,75,0.5,0.0,0.05,False,26,0.10384615384615385,0.1,4.433119751002274,2.0846846846846847,0.6153846153846154,16,0.36538461538461536,0.3,0.5,0.07286550129399223,0.2649669765653567,True,0.5453846153846154,0.09000000000000001,3.971714947004404,0.5538461538461539,0.09000000000000001
N100_drop0.40_s0.00_c0.00,100,0.4,0.0,0.0,False,26,0.09230769230769233,0.1,4.300552431389082,1.7900000000000003,0.6153846153846154,16,0.36538461538461536,0.3,0.5,0.07351111887885561,0.2660739281396313,True,0.5453846153846154,0.09000000000000001,3.971714947004404,0.5538461538461539,0.09000000000000001
N100_drop0.40_s0.00_c0.15,100,0.4,0.0,0.15,False,26,0.1076923076923077,0.1,5.010441855330854,2.2440677966101696,0.6923076923076923,18,0.3653846153846155,0.3,0.5,0.07342324161299443,0.26703418128944467,True,0.5453846153846155,0.09000000000000001,3.971714947004404,0.5538461538461539,0.09000000000000001
N100_drop0.40_s0.10_c0.05,100,0.4,0.1,0.05,False,26,0.10000000000000002,0.1,4.449328205586098,1.7900000000000003,0.6153846153846154,16,0.3653846153846155,0.3,0.5,0.07342075761730794,0.2647637314331738,True,0.5453846153846155,0.09000000000000001,3.971714947004404,0.5538461538461539,0.09000000000000001
N100_drop0.40_s0.10_c0.00,100,0.4,0.1,0.0,False,26,0.09230769230769233,0.1,4.348504005238961,1.7900000000000003,0.6153846153846154,16,0.3653846153846155,0.3,0.5,0.07345196522893013,0.2649241922754523,True,0.5453846153846155,0.09000000000000001,3.971714947004404,0.5538461538461539,0.09000000000000001
N100_drop0.30_s0.20_c0.05,100,0.3,0.2,0.05,False,26,0.10769230769230768,0.1,5.273211422146378,1.5985294117647058,0.5769230769230769,15,0.3692307692307692,0.3,0.475,0.07324621098656069,0.26445478188774546,True,0.5454807692307692,0.09000000000000001,3.971714947004404,0.5538461538461539,0.09000000000000001
N100_drop0.20_s0.20_c0.00,100,0.2,0.2,0.0,False,26,0.10384615384615385,0.1,4.522466167401124,2.0846846846846847,0.6153846153846154,16,0.3692307692307692,0.3,0.475,0.073665141412211,0.26586860212533864,True,0.5454807692307692,0.09000000000000001,3.971714947004404,0.5538461538461539,0.09000000000000001
N75_drop0.40_s0.15_c0.05,75,0.4,0.15,0.05,False,26,0.10384615384615385,0.1,4.518409286667179,1.7900000000000003,0.6153846153846154,16,0.3692307692307692,0.3,0.475,0.07329043113349677,0.264699369390701,True,0.5454807692307692,0.09000000000000001,3.971714947004404,0.5538461538461539,0.09000000000000001
N75_drop0.50_s0.05_c0.10,75,0.5,0.05,0.1,False,26,0.10384615384615385,0.1,4.508895500676329,2.0846846846846847,0.6153846153846154,16,0.3692307692307692,0.3,0.475,0.07282462704241167,0.26426250794890926,True,0.5454807692307692,0.09000000000000001,3.971714947004404,0.5538461538461539,0.09000000000000001
N100_drop0.50_s0.05_c0.05,100,0.5,0.05,0.05,False,26,0.10769230769230773,0.1,4.610174638961943,2.0846846846846847,0.6153846153846154,16,0.37307692307692303,0.3,0.44999999999999996,0.07273605863457008,0.2638732484127758,True,0.545576923076923,0.09000000000000001,3.971714947004404,0.5538461538461539,0.09000000000000001
N75_drop0.40_s0.00_c0.15,75,0.4,0.0,0.15,False,26,0.10384615384615385,0.1,4.824221763009067,2.0846846846846847,0.6153846153846154,16,0.37307692307692314,0.3,0.44999999999999996,0.07333051853367366,0.2671447239388206,True,0.5455769230769231,0.09000000000000001,3.971714947004404,0.5538461538461539,0.09000000000000001
N100_drop0.50_s0.05_c0.00,100,0.5,0.05,0.0,False,26,0.1076923076923077,0.1,4.577976581757409,2.0846846846846847,0.6153846153846154,16,0.3692307692307693,0.35,0.375,0.0727378472804299,0.26408178217903566,True,0.5479807692307693,0.09000000000000001,3.971714947004404,0.5538461538461539,0.09000000000000001
N100_drop0.40_s0.05_c0.15,100,0.4,0.05,0.15,False,26,0.10769230769230773,0.1,5.31507890586621,2.0846846846846847,0.6153846153846154,16,0.3692307692307692,0.3,0.5,0.0733650586207142,0.2658913541909492,True,0.5492307692307692,0.09000000000000001,3.971714947004404,0.5538461538461539,0.09000000000000001
N75_drop0.50_s0.10_c0.00,75,0.5,0.1,0.0,False,26,0.10384615384615385,0.1,4.481071324852153,2.0846846846846847,0.6153846153846154,16,0.3692307692307692,0.3,0.5,0.07284112502547539,0.2638824028438177,True,0.5492307692307692,0.09000000000000001,3.971714947004404,0.5538461538461539,0.09000000000000001
N75_drop0.50_s0.00_c0.10,75,0.5,0.0,0.1,False,26,0.10384615384615385,0.1,4.433119751002274,2.0846846846846847,0.6153846153846154,16,0.3692307692307692,0.3,0.5,0.0728597891203982,0.26493234154022316,True,0.5492307692307692,0.09000000000000001,3.971714947004404,0.5538461538461539,0.09000000000000001
N75_drop0.50_s0.10_c0.05,75,0.5,0.1,0.05,False,26,0.10000000000000002,0.1,4.477152381410274,1.7900000000000003,0.6153846153846154,16,0.3692307692307692,0.3,0.5,0.07281188625908609,0.26367229615566523,True,0.5492307692307692,0.09000000000000001,3.971714947004404,0.5538461538461539,0.09000000000000001
N75_drop0.50_s0.05_c0.05,75,0.5,0.05,0.05,False,26,0.1,0.1,4.343357039137867,1.7900000000000003,0.5769230769230769,15,0.3692307692307692,0.3,0.5,0.07284969726682383,0.2642366724744782,True,0.5492307692307692,0.09000000000000001,3.971714947004404,0.5538461538461539,0.09000000000000001
N50_drop0.50_s0.20_c0.00,50,0.5,0.2,0.0,False,26,0.09615384615384616,0.1,4.233828205586097,1.5985294117647058,0.5769230769230769,15,0.3692307692307692,0.3,0.5,0.07291398622020645,0.2638719128320223,True,0.5492307692307692,0.09000000000000001,3.971714947004404,0.5538461538461539,0.09000000000000001
N100_drop0.30_s0.20_c0.10,100,0.3,0.2,0.1,False,26,0.1076923076923077,0.1,5.034077618335511,1.7900000000000003,0.6153846153846154,16,0.37307692307692303,0.3,0.475,0.07269405008193004,0.2630879794062928,True,0.549326923076923,0.09000000000000001,3.971714947004404,0.5538461538461539,0.09000000000000001
N75_drop0.30_s0.20_c0.10,75,0.3,0.2,0.1,False,26,0.10384615384615385,0.1,4.872596037530994,1.5985294117647058,0.5769230769230769,15,0.37307692307692303,0.3,0.4749999999999999,0.07341816958040308,0.2659728150647449,True,0.549326923076923,0.09000000000000001,3.971714947004404,0.5538461538461539,0.09000000000000001
N100_drop0.20_s0.20_c0.05,100,0.2,0.2,0.05,False,26,0.10384615384615385,0.1,4.872596037530994,1.5985294117647058,0.5769230769230769,15,0.37307692307692303,0.3,0.475,0.07342008494217592,0.2650711448096678,True,0.549326923076923,0.09000000000000001,3.971714947004404,0.5538461538461539,0.09000000000000001
N100_drop0.20_s0.20_c0.10,100,0.2,0.2,0.1,False,26,0.10384615384615385,0.1,4.868539156797048,1.5985294117647058,0.5769230769230769,15,0.37307692307692303,0.3,0.475,0.07314665931183731,0.2638433838182452,True,0.549326923076923,0.09000000000000001,3.971714947004404,0.5538461538461539,0.09000000000000001
N75_drop0.40_s0.00_c0.00,75,0.4,0.0,0.0,False,26,0.09230769230769233,0.1,4.279870800605757,1.5985294117647058,0.5769230769230769,15,0.37307692307692314,0.3,0.475,0.07339953765544004,0.2662830350399246,True,0.5493269230769231,0.09000000000000001,3.971714947004404,0.5538461538461539,0.09000000000000001
N75_drop0.40_s0.00_c0.05,75,0.4,0.0,0.05,False,26,0.09230769230769233,0.1,4.279870800605757,1.5985294117647058,0.5769230769230769,15,0.37307692307692314,0.3,0.475,0.07339953765544004,0.2662830350399246,True,0.5493269230769231,0.09000000000000001,3.971714947004404,0.5538461538461539,0.09000000000000001
N75_drop0.40_s0.05_c0.15,75,0.4,0.05,0.15,False,26,0.10384615384615385,0.1,4.866412239199543,1.7900000000000003,0.5769230769230769,15,0.37692307692307697,0.3,0.44999999999999996,0.07330085420668839,0.26595505390038776,True,0.5494230769230769,0.09000000000000001,3.971714947004404,0.5538461538461539,0.09000000000000001
N100_drop0.10_s0.20_c0.05,100,0.1,0.2,0.05,False,26,0.10769230769230773,0.1,5.013323310258267,2.0846846846846847,0.6153846153846154,16,0.38461538461538464,0.3,0.39999999999999997,0.07363288260811779,0.2660278118277317,True,0.5496153846153846,0.09000000000000001,3.971714947004404,0.5538461538461539,0.09000000000000001
N75_drop0.30_s0.10_c0.10,75,0.3,0.1,0.1,False,26,0.10000000000000002,0.1,4.8065279434629,1.5985294117647058,0.5769230769230769,15,0.3846153846153847,0.3,0.39999999999999997,0.07401434048635577,0.27064976178223277,True,0.5496153846153846,0.09000000000000001,3.971714947004404,0.5538461538461539,0.09000000000000001
N100_drop0.40_s0.15_c0.05,100,0.4,0.15,0.05,False,26,0.11153846153846156,0.1,5.1748048910627835,2.0846846846846847,0.6538461538461539,17,0.3653846153846153,0.3,0.5499999999999999,0.07313452472627682,0.26312138108862637,True,0.5528846153846153,0.09000000000000001,3.971714947004404,0.5538461538461539,0.09000000000000001
N100_drop0.40_s0.15_c0.10,100,0.4,0.15,0.1,False,26,0.11153846153846156,0.1,5.1748048910627835,2.0846846846846847,0.6538461538461539,17,0.3653846153846153,0.3,0.5499999999999999,0.07296075358971002,0.2629004604223493,True,0.5528846153846153,0.09000000000000001,3.971714947004404,0.5538461538461539,0.09000000000000001
N100_drop0.40_s0.00_c0.05,100,0.4,0.0,0.05,False,26,0.09230769230769233,0.1,4.300552431389082,1.7900000000000003,0.6153846153846154,16,0.37307692307692303,0.3,0.5,0.07350625865251245,0.26619833084591876,True,0.553076923076923,0.09000000000000001,3.971714947004404,0.5538461538461539,0.09000000000000001
N100_drop0.40_s0.00_c0.10,100,0.4,0.0,0.1,False,26,0.10384615384615385,0.1,4.844903393792393,2.2153846153846155,0.6538461538461539,17,0.37307692307692314,0.3,0.5,0.07347425503081793,0.26665094007179246,True,0.5530769230769231,0.09000000000000001,3.971714947004404,0.5538461538461539,0.09000000000000001
N50_drop0.50_s0.15_c0.00,50,0.5,0.15,0.0,False,26,0.09230769230769233,0.1,4.202085086320043,1.5985294117647058,0.5769230769230769,15,0.37307692307692314,0.3,0.5,0.07294786439823012,0.2645206820088197,True,0.5530769230769231,0.09000000000000001,3.971714947004404,0.5538461538461539,0.09000000000000001
N75_drop0.30_s0.20_c0.05,75,0.3,0.2,0.05,False,26,0.10769230769230773,0.1,5.013323310258267,2.0846846846846847,0.6153846153846154,16,0.37692307692307686,0.3,0.4749999999999999,0.07354081603632628,0.26635687900174526,True,0.5531730769230768,0.09000000000000001,3.971714947004404,0.5538461538461539,0.09000000000000001
N75_drop0.40_s0.15_c0.15,75,0.4,0.15,0.15,False,26,0.10384615384615385,0.1,4.871552143810036,1.5985294117647058,0.5769230769230769,15,0.37692307692307697,0.3,0.475,0.0730234387406641,0.2637616657424521,True,0.5531730769230769,0.09000000000000001,3.971714947004404,0.5538461538461539,0.09000000000000001
N75_drop0.40_s0.10_c0.10,75,0.4,0.1,0.1,False,26,0.10000000000000002,0.1,4.802471062728955,1.5985294117647058,0.5769230769230769,15,0.37692307692307697,0.3,0.475,0.07332149437036417,0.26538339903436126,True,0.5531730769230769,0.09000000000000001,3.971714947004404,0.5538461538461539,0.09000000000000001
N100_drop0.30_s0.00_c0.15,100,0.3,0.0,0.15,False,26,0.10000000000000002,0.1,4.764337467272424,2.0846846846846847,0.6153846153846154,16,0.37692307692307697,0.3,0.475,0.07402967328780165,0.2745080468358818,True,0.5531730769230769,0.09000000000000001,3.971714947004404,0.5538461538461539,0.09000000000000001
N50_drop0.30_s0.20_c0.00,50,0.3,0.2,0.0,False,26,0.10000000000000002,0.1,4.453385086320043,2.0846846846846847,0.6153846153846154,16,0.38846153846153847,0.3,0.39999999999999997,0.07412475446607861,0.2701799401554365,True,0.5534615384615384,0.09000000000000001,3.971714947004404,0.5538461538461539,0.09000000000000001
N50_drop0.40_s0.20_c0.00,50,0.4,0.2,0.0,False,26,0.09615384615384616,0.1,4.4175850863200425,1.7900000000000003,0.6153846153846154,16,0.38846153846153847,0.3,0.39999999999999997,0.07360736380453867,0.26507883319764713,True,0.5534615384615384,0.09000000000000001,3.971714947004404,0.5538461538461539,0.09000000000000001
N100_drop0.30_s0.15_c0.10,100,0.3,0.15,0.1,False,26,0.10769230769230773,0.1,5.013323310258267,2.0846846846846847,0.6153846153846154,16,0.36923076923076914,0.3,0.5499999999999999,0.07340073110182316,0.265918153102249,True,0.5567307692307691,0.09000000000000001,3.971714947004404,0.5538461538461539,0.09000000000000001
N75_drop0.40_s0.20_c0.05,75,0.4,0.2,0.05,False,26,0.10769230769230773,0.1,5.009266429524322,1.7900000000000003,0.6153846153846154,16,0.36923076923076914,0.3,0.5499999999999999,0.07300896827281353,0.2629110309746283,True,0.5567307692307691,0.09000000000000001,3.971714947004404,0.5538461538461539,0.09000000000000001
N100_drop0.40_s0.10_c0.10,100,0.4,0.1,0.1,False,26,0.10384615384615385,0.1,4.9680095242674165,1.7900000000000003,0.6153846153846154,16,0.3692307692307692,0.3,0.5499999999999999,0.07327749222586673,0.2646265091815605,True,0.5567307692307691,0.09000000000000001,3.971714947004404,0.5538461538461539,0.09000000000000001
N100_drop0.40_s0.15_c0.15,100,0.4,0.15,0.15,False,26,0.10384615384615385,0.1,4.896363332621225,1.5985294117647058,0.5769230769230769,15,0.36923076923076914,0.3,0.5499999999999999,0.07273045726812774,0.26254443452832704,True,0.5567307692307691,0.09000000000000001,3.971714947004404,0.5538461538461539,0.09000000000000001
N75_drop0.40_s0.10_c0.15,75,0.4,0.1,0.15,False,26,0.10000000000000002,0.1,4.802471062728955,1.5985294117647058,0.5769230769230769,15,0.37307692307692303,0.3,0.5249999999999999,0.07319054444206342,0.26547511428048154,True,0.5568269230769229,0.09000000000000001,3.971714947004404,0.5538461538461539,0.09000000000000001
N75_drop0.30_s0.15_c0.15,75,0.3,0.15,0.15,False,26,0.1076923076923077,0.1,4.907352143810036,1.5985294117647058,0.5769230769230769,15,0.37692307692307686,0.3,0.49999999999999994,0.07354753001303158,0.26843343370526823,True,0.5569230769230769,0.09000000000000001,3.971714947004404,0.5538461538461539,0.09000000000000001
N75_drop0.40_s0.10_c0.00,75,0.4,0.1,0.0,False,26,0.09615384615384616,0.1,4.4175850863200425,1.7900000000000003,0.6153846153846154,16,0.37692307692307697,0.3,0.5,0.0733830608102915,0.2656344109289768,True,0.556923076923077,0.09000000000000001,3.971714947004404,0.5538461538461539,0.09000000000000001
N100_drop0.30_s0.05_c0.15,100,0.3,0.05,0.15,False,26,0.11153846153846156,0.1,5.356018810476703,2.0846846846846847,0.6153846153846154,16,0.3807692307692308,0.3,0.475,0.07395737914988014,0.27123983413050123,True,0.5570192307692308,0.09000000000000001,3.971714947004404,0.5538461538461539,0.09000000000000001
N100_drop0.20_s0.10_c0.00,100,0.2,0.1,0.0,False,26,0.10384615384615385,0.1,4.571577243182788,2.2153846153846155,0.6153846153846154,16,0.3846153846153847,0.3,0.4499999999999999,0.07440080335536409,0.2719998863978911,True,0.5571153846153847,0.09000000000000001,3.971714947004404,0.5538461538461539,0.09000000000000001
N50_drop0.50_s0.20_c0.05,50,0.5,0.2,0.05,False,26,0.09615384615384616,0.1,4.233828205586097,1.5985294117647058,0.5769230769230769,15,0.3692307692307692,0.3,0.575,0.07289793300301983,0.2638557273164341,True,0.5604807692307692,0.09000000000000001,3.971714947004404,0.5538461538461539,0.09000000000000001
N100_drop0.30_s0.15_c0.05,100,0.3,0.15,0.05,False,26,0.10769230769230773,0.1,5.013323310258267,2.0846846846846847,0.6153846153846154,16,0.37307692307692303,0.3,0.5499999999999999,0.07355851424943105,0.26611047430504736,True,0.560576923076923,0.09000000000000001,3.971714947004404,0.5538461538461539,0.09000000000000001
N75_drop0.40_s0.15_c0.10,75,0.4,0.15,0.1,False,26,0.1076923076923077,0.1,4.9406332248911164,1.5985294117647058,0.5769230769230769,15,0.37307692307692303,0.3,0.5499999999999999,0.07315474775859707,0.26449821549710284,True,0.560576923076923,0.09000000000000001,3.971714947004404,0.5538461538461539,0.09000000000000001
N75_drop0.20_s0.20_c0.10,75,0.2,0.2,0.1,False,26,0.10769230769230773,0.1,4.904339156797049,1.5985294117647058,0.5769230769230769,15,0.3807692307692307,0.3,0.49999999999999994,0.07360941205680471,0.26662572802286777,True,0.5607692307692307,0.09000000000000001,3.971714947004404,0.5538461538461539,0.09000000000000001
N100_drop0.20_s0.15_c0.10,100,0.2,0.15,0.1,False,26,0.1076923076923077,0.1,4.907352143810036,1.5985294117647058,0.5769230769230769,15,0.3807692307692307,0.3,0.49999999999999994,0.07364794367489363,0.26670782230755236,True,0.5607692307692307,0.09000000000000001,3.971714947004404,0.5538461538461539,0.09000000000000001
N30_drop0.50_s0.00_c0.00,30,0.5,0.0,0.0,False,26,0.09230769230769233,0.1,4.202085086320043,1.5985294117647058,0.5769230769230769,15,0.3807692307692308,0.3,0.5,0.07317875020377318,0.26604620894311365,True,0.5607692307692308,0.09000000000000001,3.971714947004404,0.5538461538461539,0.09000000000000001
N30_drop0.50_s0.00_c0.05,30,0.5,0.0,0.05,False,26,0.09230769230769233,0.1,4.202085086320043,1.5985294117647058,0.5769230769230769,15,0.3807692307692308,0.3,0.5,0.07317875020377318,0.26604620894311365,True,0.5607692307692308,0.09000000000000001,3.971714947004404,0.5538461538461539,0.09000000000000001
N50_drop0.50_s0.10_c0.00,50,0.5,0.1,0.0,False,26,0.09230769230769233,0.1,4.202085086320043,1.5985294117647058,0.5769230769230769,15,0.3807692307692308,0.3,0.5,0.0729799756217124,0.26498673952813295,True,0.5607692307692308,0.09000000000000001,3.971714947004404,0.5538461538461539,0.09000000000000001
N75_drop0.20_s0.20_c0.05,75,0.2,0.2,0.05,False,26,0.10769230769230773,0.1,5.013323310258267,2.0846846846846847,0.6153846153846154,16,0.3846153846153847,0.3,0.4749999999999999,0.07385529895481488,0.2672523967485977,True,0.5608653846153846,0.09000000000000001,3.971714947004404,0.5538461538461539,0.09000000000000001
N75_drop0.20_s0.15_c0.15,75,0.2,0.15,0.15,False,26,0.1076923076923077,0.1,4.907352143810036,1.5985294117647058,0.5769230769230769,15,0.3846153846153847,0.3,0.4749999999999999,0.07377628221956505,0.26926824628550583,True,0.5608653846153846,0.09000000000000001,3.971714947004404,0.5538461538461539,0.09000000000000001
N100_drop0.30_s0.15_c0.00,100,0.3,0.15,0.0,False,26,0.10384615384615385,0.1,4.522466167401124,2.0846846846846847,0.6153846153846154,16,0.38461538461538464,0.3,0.475,0.07381342809752486,0.2677188644636094,True,0.5608653846153846,0.09000000000000001,3.971714947004404,0.5538461538461539,0.09000000000000001
N100_drop0.30_s0.10_c0.00,100,0.3,0.1,0.0,False,26,0.1,0.1,4.4252439098494545,2.0846846846846847,0.5769230769230769,15,0.3846153846153847,0.3,0.475,0.0740176834691517,0.270399910686838,True,0.5608653846153847,0.09000000000000001,3.971714947004404,0.5538461538461539,0.09000000000000001
N100_drop0.30_s0.00_c0.10,100,0.3,0.0,0.1,False,26,0.1,0.1,4.351470800605757,1.5985294117647058,0.5769230769230769,15,0.3846153846153847,0.3,0.475,0.07408917550354327,0.272799140518481,True,0.5608653846153847,0.09000000000000001,3.971714947004404,0.5538461538461539,0.09000000000000001
N75_drop0.40_s0.05_c0.05,75,0.4,0.05,0.05,False,26,0.09230769230769233,0.1,4.279870800605757,1.5985294117647058,0.5769230769230769,15,0.3846153846153847,0.3,0.475,0.0733969223482648,0.2659563523015962,True,0.5608653846153847,0.09000000000000001,3.971714947004404,0.5538461538461539,0.09000000000000001
N30_drop0.40_s0.00_c0.00,30,0.4,0.0,0.0,False,26,0.1,0.1,4.273685086320042,1.5985294117647058,0.5769230769230769,15,0.3884615384615385,0.3,0.44999999999999996,0.073687204403769,0.2727974858499828,True,0.5609615384615385,0.09000000000000001,3.971714947004404,0.5538461538461539,0.09000000000000001
N30_drop0.40_s0.00_c0.05,30,0.4,0.0,0.05,False,26,0.1,0.1,4.273685086320042,1.5985294117647058,0.5769230769230769,15,0.3884615384615385,0.3,0.44999999999999996,0.073687204403769,0.2727974858499828,True,0.5609615384615385,0.09000000000000001,3.971714947004404,0.5538461538461539,0.09000000000000001
N30_drop0.40_s0.00_c0.10,30,0.4,0.0,0.1,False,26,0.1,0.1,4.273685086320042,1.5985294117647058,0.5769230769230769,15,0.3884615384615385,0.3,0.44999999999999996,0.0736871601129717,0.2727974858499828,True,0.5609615384615385,0.09000000000000001,3.971714947004404,0.5538461538461539,0.09000000000000001
N75_drop0.00_s0.15_c0.15,75,0.0,0.15,0.15,False,26,0.09615384615384617,0.1,4.759694345158713,1.5535714285714286,0.5769230769230769,15,0.39615384615384613,0.3,0.39999999999999997,0.0752573855235334,0.2762623345060662,True,0.5611538461538461,0.09000000000000001,3.971714947004404,0.5538461538461539,0.09000000000000001
N50_drop0.40_s0.15_c0.00,50,0.4,0.15,0.0,False,26,0.09615384615384616,0.1,4.4175850863200425,1.7900000000000003,0.6153846153846154,16,0.3961538461538462,0.3,0.39999999999999997,0.07363805908844243,0.26643621689775243,True,0.5611538461538461,0.09000000000000001,3.971714947004404,0.5538461538461539,0.09000000000000001
N75_drop0.40_s0.20_c0.10,75,0.4,0.2,0.1,False,26,0.10384615384615385,0.1,4.868539156797048,1.5985294117647058,0.5769230769230769,15,0.3769230769230768,0.3,0.5499999999999999,0.07288564603286195,0.26260726298321835,True,0.5644230769230768,0.09000000000000001,3.971714947004404,0.5538461538461539,0.09000000000000001
N100_drop0.10_s0.20_c0.10,100,0.1,0.2,0.1,False,26,0.10384615384615385,0.1,4.868539156797048,1.5985294117647058,0.5769230769230769,15,0.37692307692307686,0.3,0.5499999999999999,0.07320545301741202,0.26438669575218465,True,0.5644230769230768,0.09000000000000001,3.971714947004404,0.5538461538461539,0.09000000000000001
N75_drop0.30_s0.15_c0.10,75,0.3,0.15,0.1,False,26,0.1153846153846154,0.1,5.114147510605402,2.0846846846846847,0.6153846153846154,16,0.38461538461538464,0.3,0.49999999999999994,0.0737882439888708,0.26893862938602786,True,0.5646153846153846,0.09000000000000001,3.971714947004404,0.5538461538461539,0.09000000000000001
N75_drop0.10_s0.20_c0.10,75,0.1,0.2,0.1,False,26,0.10769230769230773,0.1,5.013323310258267,2.0846846846846847,0.6153846153846154,16,0.38461538461538464,0.3,0.49999999999999994,0.07380023587715495,0.2676162930632714,True,0.5646153846153846,0.09000000000000001,3.971714947004404,0.5538461538461539,0.09000000000000001
N100_drop0.20_s0.00_c0.15,100,0.2,0.0,0.15,False,26,0.10384615384615387,0.1,5.01226808567363,2.685,0.6538461538461539,17,0.38461538461538464,0.3,0.49999999999999994,0.0744631963759905,0.2766660739707062,True,0.5646153846153846,0.09000000000000001,3.971714947004404,0.5538461538461539,0.09000000000000001
N75_drop0.10_s0.15_c0.15,75,0.1,0.15,0.15,False,26,0.11153846153846156,0.1,5.029312912878976,2.2153846153846155,0.6153846153846154,16,0.3884615384615385,0.3,0.4749999999999999,0.07417985896145131,0.2716291620378138,True,0.5647115384615384,0.09000000000000001,3.971714947004404,0.5538461538461539,0.09000000000000001
N50_drop0.40_s0.20_c0.10,50,0.4,0.2,0.1,False,26,0.10000000000000002,0.1,4.839809024543981,1.5985294117647058,0.5769230769230769,15,0.38846153846153847,0.3,0.4749999999999999,0.07352428003249208,0.2652357326758778,True,0.5647115384615384,0.09000000000000001,3.971714947004404,0.5538461538461539,0.09000000000000001
N100_drop0.10_s0.20_c0.00,100,0.1,0.2,0.0,False,26,0.10000000000000002,0.1,4.458524990930536,2.0846846846846847,0.5769230769230769,15,0.38846153846153847,0.3,0.4749999999999999,0.07393583829119604,0.2668408021833529,True,0.5647115384615384,0.09000000000000001,3.971714947004404,0.5538461538461539,0.09000000000000001
N50_drop0.40_s0.20_c0.05,50,0.4,0.2,0.05,False,26,0.09615384615384616,0.1,4.4175850863200425,1.7900000000000003,0.6153846153846154,16,0.38846153846153847,0.3,0.4749999999999999,0.07356112525658152,0.2653412889708242,True,0.5647115384615384,0.09000000000000001,3.971714947004404,0.5538461538461539,0.09000000000000001
N100_drop0.30_s0.00_c0.00,100,0.3,0.0,0.0,False,26,0.1,0.1,4.351470800605757,1.5985294117647058,0.5769230769230769,15,0.3884615384615385,0.3,0.475,0.07411022279293879,0.27238306756920055,True,0.5647115384615385,0.09000000000000001,3.971714947004404,0.5538461538461539,0.09000000000000001
N75_drop0.30_s0.10_c0.00,75,0.3,0.1,0.0,False,26,0.10384615384615385,0.1,4.489185086320043,2.0846846846846847,0.6153846153846154,16,0.4,0.3,0.39999999999999997,0.07411477290338128,0.2720565711743789,True,0.565,0.09000000000000001,3.971714947004404,0.5538461538461539,0.09000000000000001
N100_drop0.40_s0.20_c0.10,100,0.4,0.2,0.1,False,26,0.11153846153846153,0.1,5.434693002950897,1.7900000000000003,0.6153846153846154,16,0.3692307692307692,0.35,0.5,0.07243815000112741,0.26121893633391385,True,0.5667307692307691,0.09000000000000001,3.971714947004404,0.5538461538461539,0.09000000000000001
N75_drop0.50_s0.05_c0.00,75,0.5,0.05,0.0,False,26,0.1,0.1,4.343357039137867,1.7900000000000003,0.5769230769230769,15,0.3692307692307692,0.35,0.5,0.07285133926914321,0.2643621019497168,True,0.5667307692307691,0.09000000000000001,3.971714947004404,0.5538461538461539,0.09000000000000001
N100_drop0.40_s0.10_c0.15,100,0.4,0.1,0.15,False,26,0.1076923076923077,0.1,5.031950700738005,2.0846846846846847,0.6153846153846154,16,0.37307692307692303,0.35,0.475,0.07314223491242833,0.2642713581285895,True,0.5668269230769231,0.09000000000000001,3.971714947004404,0.5538461538461539,0.09000000000000001
N100_drop0.20_s0.15_c0.15,100,0.2,0.15,0.15,False,26,0.10769230769230773,0.1,4.935493320280624,1.7900000000000003,0.5769230769230769,15,0.37307692307692303,0.3,0.6,0.07338138553937973,0.26651524690184514,True,0.568076923076923,0.09000000000000001,3.971714947004404,0.5538461538461539,0.09000000000000001
N50_drop0.50_s0.15_c0.05,50,0.5,0.15,0.05,False,26,0.09615384615384616,0.1,4.233828205586097,1.5985294117647058,0.5769230769230769,15,0.37692307692307686,0.3,0.575,0.07294645478596438,0.26450391604992424,True,0.5681730769230768,0.09000000000000001,3.971714947004404,0.5538461538461539,0.09000000000000001
N100_drop0.10_s0.15_c0.15,100,0.1,0.15,0.15,False,26,0.11153846153846156,0.1,5.025256032145031,2.0846846846846847,0.6153846153846154,16,0.376923076923077,0.3,0.575,0.07348512671123136,0.2673301050588377,True,0.5681730769230771,0.09000000000000001,3.971714947004404,0.5538461538461539,0.09000000000000001
N100_drop0.30_s0.10_c0.05,100,0.3,0.1,0.05,False,26,0.10000000000000002,0.1,4.453385086320043,2.0846846846846847,0.6153846153846154,16,0.3807692307692308,0.3,0.5499999999999999,0.07398624403485726,0.2696325288020785,True,0.5682692307692307,0.09000000000000001,3.971714947004404,0.5538461538461539,0.09000000000000001
N75_drop0.40_s0.10_c0.05,75,0.4,0.1,0.05,False,26,0.09230769230769233,0.1,4.279870800605757,1.5985294117647058,0.5769230769230769,15,0.3807692307692308,0.3,0.5499999999999999,0.07334854228171148,0.2653987614075278,True,0.5682692307692307,0.09000000000000001,3.971714947004404,0.5538461538461539,0.09000000000000001
N75_drop0.40_s0.00_c0.10,75,0.4,0.0,0.1,False,26,0.09230769230769233,0.1,4.279870800605757,1.5985294117647058,0.5769230769230769,15,0.38461538461538464,0.3,0.5249999999999999,0.07338040738694648,0.26643876239724396,True,0.5683653846153847,0.09000000000000001,3.971714947004404,0.5538461538461539,0.09000000000000001
N75_drop0.40_s0.05_c0.10,75,0.4,0.05,0.1,False,26,0.09230769230769233,0.1,4.279870800605757,1.5985294117647058,0.5769230769230769,15,0.38461538461538464,0.3,0.5249999999999999,0.07337109912038903,0.26605191540272677,True,0.5683653846153847,0.09000000000000001,3.971714947004404,0.5538461538461539,0.09000000000000001
N50_drop0.40_s0.05_c0.10,50,0.4,0.05,0.1,False,26,0.09230769230769233,0.1,4.279870800605757,1.5985294117647058,0.5769230769230769,15,0.38846153846153847,0.3,0.5,0.07367117166089245,0.2668171224087357,True,0.5684615384615385,0.09000000000000001,3.971714947004404,0.5538461538461539,0.09000000000000001
N50_drop0.30_s0.20_c0.10,50,0.3,0.2,0.1,False,26,0.10384615384615385,0.1,4.944242229177186,2.0846846846846847,0.6153846153846154,16,0.39230769230769236,0.3,0.4749999999999999,0.07403563417927918,0.27012308981225586,True,0.5685576923076923,0.09000000000000001,3.971714947004404,0.5538461538461539,0.09000000000000001
N75_drop0.20_s0.15_c0.10,75,0.2,0.15,0.1,False,26,0.10384615384615385,0.1,4.87560902454398,1.5985294117647058,0.5769230769230769,15,0.39230769230769236,0.3,0.4749999999999999,0.07410744446925088,0.26970620285939034,True,0.5685576923076923,0.09000000000000001,3.971714947004404,0.5538461538461539,0.09000000000000001
N100_drop0.20_s0.15_c0.05,100,0.2,0.15,0.05,False,26,0.10384615384615385,0.1,4.522466167401124,2.0846846846846847,0.6153846153846154,16,0.39230769230769236,0.3,0.4749999999999999,0.0739924532068385,0.267303979294019,True,0.5685576923076923,0.09000000000000001,3.971714947004404,0.5538461538461539,0.09000000000000001
N100_drop0.00_s0.15_c0.15,100,0.0,0.15,0.15,False,26,0.10000000000000002,0.1,4.834669119933489,1.7900000000000003,0.5769230769230769,15,0.39230769230769236,0.3,0.4749999999999999,0.07464065142839728,0.272278578317226,True,0.5685576923076923,0.09000000000000001,3.971714947004404,0.5538461538461539,0.09000000000000001
N100_drop0.20_s0.15_c0.00,100,0.2,0.15,0.0,False,26,0.10000000000000002,0.1,4.453385086320043,2.0846846846846847,0.6153846153846154,16,0.39230769230769236,0.3,0.4749999999999999,0.07412372967589852,0.2689929786218275,True,0.5685576923076923,0.09000000000000001,3.971714947004404,0.5538461538461539,0.09000000000000001
N100_drop0.00_s0.20_c0.05,100,0.0,0.2,0.05,False,26,0.09615384615384617,0.1,4.428986529392074,1.5535714285714286,0.5769230769230769,15,0.39230769230769236,0.3,0.4749999999999999,0.07461434411057231,0.26907150780977035,True,0.5685576923076923,0.09000000000000001,3.971714947004404,0.5538461538461539,0.09000000000000001
N100_drop0.20_s0.10_c0.10,100,0.2,0.1,0.1,False,26,0.09615384615384616,0.1,4.315670800605757,1.5985294117647058,0.5769230769230769,15,0.39230769230769236,0.3,0.4749999999999999,0.07429008120461233,0.2711954005420735,True,0.5685576923076923,0.09000000000000001,3.971714947004404,0.5538461538461539,0.09000000000000001
N50_drop0.40_s0.15_c0.10,50,0.4,0.15,0.1,False,26,0.09230769230769233,0.1,4.279870800605757,1.5985294117647058,0.5769230769230769,15,0.39230769230769236,0.3,0.4749999999999999,0.07359392931918067,0.2658310717572384,True,0.5685576923076923,0.09000000000000001,3.971714947004404,0.5538461538461539,0.09000000000000001
N75_drop0.30_s0.05_c0.15,75,0.3,0.05,0.15,False,26,0.10000000000000002,0.1,4.8065279434629,1.5985294117647058,0.5769230769230769,15,0.39230769230769236,0.3,0.475,0.07404478195444116,0.2720081067966211,True,0.5685576923076924,0.09000000000000001,3.971714947004404,0.5538461538461539,0.09000000000000001
N75_drop0.30_s0.00_c0.00,75,0.3,0.0,0.0,False,26,0.1,0.1,4.351470800605757,1.5985294117647058,0.5769230769230769,15,0.39230769230769236,0.3,0.475,0.0741388621617658,0.2730765218244529,True,0.5685576923076924,0.09000000000000001,3.971714947004404,0.5538461538461539,0.09000000000000001
N75_drop0.30_s0.00_c0.05,75,0.3,0.0,0.05,False,26,0.1,0.1,4.351470800605757,1.5985294117647058,0.5769230769230769,15,0.39230769230769236,0.3,0.475,0.07413816722310061,0.2729890139136838,True,0.5685576923076924,0.09000000000000001,3.971714947004404,0.5538461538461539,0.09000000000000001
N75_drop0.30_s0.00_c0.10,75,0.3,0.0,0.1,False,26,0.1,0.1,4.351470800605757,1.5985294117647058,0.5769230769230769,15,0.39230769230769236,0.3,0.475,0.07411400084573551,0.2732483347038742,True,0.5685576923076924,0.09000000000000001,3.971714947004404,0.5538461538461539,0.09000000000000001
N100_drop0.00_s0.20_c0.00,100,0.0,0.2,0.0,False,26,0.09615384615384617,0.1,4.428986529392074,1.5535714285714286,0.5769230769230769,15,0.39230769230769236,0.3,0.475,0.07504780054686708,0.2717035432477368,True,0.5685576923076924,0.09000000000000001,3.971714947004404,0.5538461538461539,0.09000000000000001
N75_drop0.30_s0.00_c0.15,75,0.3,0.0,0.15,False,26,0.09615384615384616,0.1,4.315670800605757,1.5985294117647058,0.5769230769230769,15,0.39230769230769236,0.3,0.475,0.07407679063750156,0.27470190233452924,True,0.5685576923076924,0.09000000000000001,3.971714947004404,0.5538461538461539,0.09000000000000001
N30_drop0.40_s0.20_c0.10,30,0.4,0.2,0.1,False,26,0.09615384615384616,0.1,4.237885086320042,1.5985294117647058,0.5769230769230769,15,0.39230769230769236,0.35,0.37499999999999994,0.073634777377808,0.27109397964625725,True,0.5710576923076923,0.09000000000000001,3.971714947004404,0.5538461538461539,0.09000000000000001
N100_drop0.00_s0.20_c0.10,100,0.0,0.2,0.1,False,26,0.10000000000000002,0.1,4.839809024543981,1.5985294117647058,0.5769230769230769,15,0.3923076923076923,0.3,0.49999999999999994,0.0743045735899105,0.26739813370040283,True,0.5723076923076923,0.09000000000000001,3.971714947004404,0.5538461538461539,0.09000000000000001
N50_drop0.30_s0.15_c0.05,50,0.3,0.15,0.05,False,26,0.1,0.1,4.4252439098494545,2.0846846846846847,0.5769230769230769,15,0.3923076923076923,0.3,0.49999999999999994,0.07419864695068788,0.2720369352478248,True,0.5723076923076923,0.09000000000000001,3.971714947004404,0.5538461538461539,0.09000000000000001
N50_drop0.40_s0.00_c0.00,50,0.4,0.0,0.0,False,26,0.09230769230769233,0.1,4.279870800605757,1.5985294117647058,0.5769230769230769,15,0.39230769230769236,0.3,0.5,0.07368353403642519,0.2671526179467135,True,0.5723076923076923,0.09000000000000001,3.971714947004404,0.5538461538461539,0.09000000000000001
N50_drop0.40_s0.00_c0.05,50,0.4,0.0,0.05,False,26,0.09230769230769233,0.1,4.279870800605757,1.5985294117647058,0.5769230769230769,15,0.39230769230769236,0.3,0.5,0.07368353403642519,0.2671526179467135,True,0.5723076923076923,0.09000000000000001,3.971714947004404,0.5538461538461539,0.09000000000000001
N50_drop0.40_s0.10_c0.15,50,0.4,0.1,0.15,False,26,0.10000000000000002,0.1,4.839809024543981,1.5985294117647058,0.5769230769230769,15,0.3961538461538462,0.3,0.4749999999999999,0.07358772648043836,0.26637047849786655,True,0.5724038461538461,0.09000000000000001,3.971714947004404,0.5538461538461539,0.09000000000000001
N50_drop0.30_s0.15_c0.15,50,0.3,0.15,0.15,False,26,0.10000000000000002,0.1,4.8065279434629,1.5985294117647058,0.5769230769230769,15,0.3961538461538462,0.3,0.4749999999999999,0.07403446297421425,0.2704978906049159,True,0.5724038461538461,0.09000000000000001,3.971714947004404,0.5538461538461539,0.09000000000000001
N50_drop0.30_s0.20_c0.05,50,0.3,0.2,0.05,False,26,0.10000000000000002,0.1,4.453385086320043,2.0846846846846847,0.6153846153846154,16,0.3961538461538462,0.3,0.4749999999999999,0.07408238603102876,0.2701275417936041,True,0.5724038461538461,0.09000000000000001,3.971714947004404,0.5538461538461539,0.09000000000000001
N100_drop0.10_s0.15_c0.05,100,0.1,0.15,0.05,False,26,0.10000000000000002,0.1,4.453385086320043,2.0846846846846847,0.6153846153846154,16,0.39615384615384613,0.3,0.4749999999999999,0.07426760147903894,0.2683165952180247,True,0.5724038461538461,0.09000000000000001,3.971714947004404,0.5538461538461539,0.09000000000000001
N50_drop0.20_s0.20_c0.00,50,0.2,0.2,0.0,False,26,0.1,0.1,4.535777243182788,2.2153846153846155,0.6153846153846154,16,0.39615384615384613,0.3,0.4749999999999999,0.07451121891931603,0.27134956654873743,True,0.5724038461538461,0.09000000000000001,3.971714947004404,0.5538461538461539,0.09000000000000001
N50_drop0.30_s0.15_c0.00,50,0.3,0.15,0.0,False,26,0.1,0.1,4.4252439098494545,2.0846846846846847,0.5769230769230769,15,0.3961538461538462,0.3,0.4749999999999999,0.07421372498054554,0.2729368683243772,True,0.5724038461538461,0.09000000000000001,3.971714947004404,0.5538461538461539,0.09000000000000001
N50_drop0.40_s0.15_c0.05,50,0.4,0.15,0.05,False,26,0.09615384615384616,0.1,4.4175850863200425,1.7900000000000003,0.6153846153846154,16,0.3961538461538462,0.3,0.4749999999999999,0.07361797568494796,0.2659834927562383,True,0.5724038461538461,0.09000000000000001,3.971714947004404,0.5538461538461539,0.09000000000000001
N75_drop0.20_s0.20_c0.00,75,0.2,0.2,0.0,False,26,0.09615384615384616,0.1,4.389443909849454,2.0846846846846847,0.5769230769230769,15,0.39615384615384613,0.3,0.4749999999999999,0.07409257875586862,0.2679492439406172,True,0.5724038461538461,0.09000000000000001,3.971714947004404,0.5538461538461539,0.09000000000000001
N50_drop0.40_s0.10_c0.00,50,0.4,0.1,0.0,False,26,0.09615384615384616,0.1,4.4175850863200425,1.7900000000000003,0.6153846153846154,16,0.39615384615384613,0.3,0.475,0.07366316152165008,0.2666518134216678,True,0.5724038461538462,0.09000000000000001,3.971714947004404,0.5538461538461539,0.09000000000000001
N20_drop0.10_s0.20_c0.10,20,0.1,0.2,0.1,False,26,0.1076923076923077,0.1,4.587566845803497,2.2153846153846155,0.6538461538461539,17,0.4115384615384615,0.3,0.37499999999999994,0.0757163371993692,0.2831888537319206,True,0.5727884615384615,0.09000000000000001,3.971714947004404,0.5538461538461539,0.09000000000000001
N100_drop0.40_s0.05_c0.00,100,0.4,0.05,0.0,False,26,0.09230769230769233,0.1,4.300552431389082,1.7900000000000003,0.6153846153846154,16,0.37692307692307686,0.35,0.5,0.07350096276060278,0.265577348993818,True,0.5744230769230768,0.09000000000000001,3.971714947004404,0.5538461538461539,0.09000000000000001
N100_drop0.30_s0.10_c0.15,100,0.3,0.1,0.15,False,26,0.1076923076923077,0.1,4.902212239199543,2.0846846846846847,0.5769230769230769,15,0.3807692307692308,0.35,0.475,0.07367730465488544,0.2693110047816475,True,0.5745192307692308,0.09000000000000001,3.971714947004404,0.5538461538461539,0.09000000000000001
N75_drop0.30_s0.15_c0.00,75,0.3,0.15,0.0,False,26,0.10000000000000002,0.1,4.453385086320043,2.0846846846846847,0.6153846153846154,16,0.39230769230769236,0.35,0.39999999999999997,0.07395393523412053,0.2690052519092614,True,0.5748076923076922,0.09000000000000001,3.971714947004404,0.5538461538461539,0.09000000000000001
N30_drop0.40_s0.15_c0.00,30,0.4,0.15,0.0,False,26,0.1,0.1,4.273685086320042,1.5985294117647058,0.5769230769230769,15,0.3961538461538462,0.35,0.37499999999999994,0.07367934098354631,0.2724717057133958,True,0.5749038461538462,0.09000000000000001,3.971714947004404,0.5538461538461539,0.09000000000000001
N30_drop0.40_s0.15_c0.05,30,0.4,0.15,0.05,False,26,0.1,0.1,4.273685086320042,1.5985294117647058,0.5769230769230769,15,0.3961538461538462,0.35,0.37499999999999994,0.07367759558203316,0.2724601788370044,True,0.5749038461538462,0.09000000000000001,3.971714947004404,0.5538461538461539,0.09000000000000001
N30_drop0.40_s0.15_c0.10,30,0.4,0.15,0.1,False,26,0.1,0.1,4.273685086320042,1.5985294117647058,0.5769230769230769,15,0.3961538461538462,0.35,0.37499999999999994,0.07366659130849079,0.272416980709557,True,0.5749038461538462,0.09000000000000001,3.971714947004404,0.5538461538461539,0.09000000000000001
N30_drop0.40_s0.20_c0.00,30,0.4,0.2,0.0,False,26,0.1,0.1,4.273685086320042,1.5985294117647058,0.5769230769230769,15,0.3961538461538462,0.35,0.37499999999999994,0.07367169115940404,0.2723745410858598,True,0.5749038461538462,0.09000000000000001,3.971714947004404,0.5538461538461539,0.09000000000000001
N30_drop0.40_s0.20_c0.05,30,0.4,0.2,0.05,False,26,0.1,0.1,4.273685086320042,1.5985294117647058,0.5769230769230769,15,0.3961538461538462,0.35,0.37499999999999994,0.07367163309307888,0.2721792239651695,True,0.5749038461538462,0.09000000000000001,3.971714947004404,0.5538461538461539,0.09000000000000001
N100_drop0.30_s0.10_c0.10,100,0.3,0.1,0.1,False,26,0.10384615384615385,0.1,4.87560902454398,1.5985294117647058,0.5769230769230769,15,0.38461538461538464,0.3,0.575,0.07379947007223761,0.2691564703763098,True,0.5758653846153846,0.09000000000000001,3.971714947004404,0.5538461538461539,0.09000000000000001
N50_drop0.40_s0.15_c0.15,50,0.4,0.15,0.15,False,26,0.10384615384615385,0.1,4.871552143810036,1.5985294117647058,0.5769230769230769,15,0.3961538461538462,0.3,0.49999999999999994,0.07347150169295774,0.26580160325154356,True,0.5761538461538461,0.09000000000000001,3.971714947004404,0.5538461538461539,0.09000000000000001
N100_drop0.20_s0.05_c0.05,100,0.2,0.05,0.05,False,26,0.1,0.1,4.433862957468502,2.0846846846846847,0.5769230769230769,15,0.3961538461538462,0.3,0.49999999999999994,0.07451480417259317,0.27418835116160456,True,0.5761538461538461,0.09000000000000001,3.971714947004404,0.5538461538461539,0.09000000000000001
N50_drop0.30_s0.15_c0.10,50,0.3,0.15,0.1,False,26,0.09615384615384616,0.1,4.315670800605757,1.5985294117647058,0.5769230769230769,15,0.3961538461538462,0.3,0.49999999999999994,0.07415808454506741,0.2715604974612953,True,0.5761538461538461,0.09000000000000001,3.971714947004404,0.5538461538461539,0.09000000000000001
N75_drop0.10_s0.20_c0.05,75,0.1,0.2,0.05,False,26,0.09615384615384616,0.1,4.389443909849454,2.0846846846846847,0.5769230769230769,15,0.4,0.3,0.4749999999999999,0.07420898405799932,0.2684971385318333,True,0.5762499999999999,0.09000000000000001,3.971714947004404,0.5538461538461539,0.09000000000000001
N50_drop0.20_s0.20_c0.10,50,0.2,0.2,0.1,False,26,0.09615384615384616,0.1,4.315670800605757,1.5985294117647058,0.5769230769230769,15,0.4,0.3,0.4749999999999999,0.07427044835703654,0.27069927718674136,True,0.5762499999999999,0.09000000000000001,3.971714947004404,0.5538461538461539,0.09000000000000001
N50_drop0.40_s0.10_c0.10,50,0.4,0.1,0.1,False,26,0.09230769230769233,0.1,4.279870800605757,1.5985294117647058,0.5769230769230769,15,0.4,0.3,0.4749999999999999,0.07363484739767437,0.26644855345551355,True,0.5762499999999999,0.09000000000000001,3.971714947004404,0.5538461538461539,0.09000000000000001
N75_drop0.30_s0.05_c0.05,75,0.3,0.05,0.05,False,26,0.1,0.1,4.351470800605757,1.5985294117647058,0.5769230769230769,15,0.4,0.3,0.475,0.07413422085506377,0.2726173204200748,True,0.57625,0.09000000000000001,3.971714947004404,0.5538461538461539,0.09000000000000001
N100_drop0.10_s0.15_c0.00,100,0.1,0.15,0.0,False,26,0.10000000000000002,0.1,4.453385086320043,2.0846846846846847,0.6153846153846154,16,0.40384615384615385,0.3,0.44999999999999996,0.07446965294160722,0.2701057518916508,True,0.5763461538461538,0.09000000000000001,3.971714947004404,0.5538461538461539,0.09000000000000001
N75_drop0.10_s0.20_c0.00,75,0.1,0.2,0.0,False,26,0.09615384615384616,0.1,4.389443909849454,2.0846846846846847,0.5769230769230769,15,0.40384615384615385,0.3,0.44999999999999996,0.07432682838292716,0.2689205756472314,True,0.5763461538461538,0.09000000000000001,3.971714947004404,0.5538461538461539,0.09000000000000001
N20_drop0.10_s0.05_c0.15,20,0.1,0.05,0.15,False,26,0.1,0.1,4.330544874679831,1.5985294117647058,0.5769230769230769,15,0.4153846153846154,0.3,0.37499999999999994,0.07574767075204104,0.2850686050395649,True,0.5766346153846155,0.09000000000000001,3.971714947004404,0.5538461538461539,0.09000000000000001
N75_drop0.40_s0.05_c0.00,75,0.4,0.05,0.0,False,26,0.09230769230769233,0.1,4.279870800605757,1.5985294117647058,0.5769230769230769,15,0.3807692307692308,0.35,0.5,0.07339805733309704,0.2660015673129197,True,0.5782692307692308,0.09000000000000001,3.971714947004404,0.5538461538461539,0.09000000000000001
N30_drop0.50_s0.15_c0.05,30,0.5,0.15,0.05,False,26,0.09230769230769233,0.1,4.202085086320043,1.5985294117647058,0.5769230769230769,15,0.3807692307692308,0.35,0.5,0.073175112510587,0.26590342489882973,True,0.5782692307692308,0.09000000000000001,3.971714947004404,0.5538461538461539,0.09000000000000001
N50_drop0.10_s0.00_c0.00,50,0.1,0.0,0.0,False,26,0.10384615384615387,0.1,4.420307586544238,2.0846846846846847,0.6153846153846154,16,0.4115384615384615,0.35,0.3,0.07528539660846623,0.28341775532867886,True,0.5790384615384615,0.09000000000000001,3.971714947004404,0.5538461538461539,0.09000000000000001
N50_drop0.10_s0.00_c0.05,50,0.1,0.0,0.05,False,26,0.10384615384615387,0.1,4.420307586544238,2.0846846846846847,0.6153846153846154,16,0.4115384615384615,0.35,0.3,0.0752806563040749,0.28345942882875025,True,0.5790384615384615,0.09000000000000001,3.971714947004404,0.5538461538461539,0.09000000000000001
N50_drop0.40_s0.00_c0.10,50,0.4,0.0,0.1,False,26,0.09230769230769233,0.1,4.279870800605757,1.5985294117647058,0.5769230769230769,15,0.3884615384615385,0.3,0.575,0.07366413435750724,0.26731149310734753,True,0.5797115384615386,0.09000000000000001,3.971714947004404,0.5538461538461539,0.09000000000000001
N50_drop0.40_s0.05_c0.15,50,0.4,0.05,0.15,False,26,0.09230769230769233,0.1,4.279870800605757,1.5985294117647058,0.5769230769230769,15,0.3923076923076923,0.3,0.5499999999999999,0.0736454961137421,0.2668561768448072,True,0.5798076923076922,0.09000000000000001,3.971714947004404,0.5538461538461539,0.09000000000000001
N20_drop0.40_s0.05_c0.15,20,0.4,0.05,0.15,False,26,0.10384615384615385,0.1,4.465045083252323,2.2153846153846155,0.6153846153846154,16,0.39230769230769236,0.3,0.5499999999999999,0.07387058510259366,0.27345611667347897,True,0.5798076923076924,0.09000000000000001,3.971714947004404,0.5538461538461539,0.09000000000000001
N100_drop0.30_s0.00_c0.05,100,0.3,0.0,0.05,False,26,0.1,0.1,4.351470800605757,1.5985294117647058,0.5769230769230769,15,0.39230769230769236,0.3,0.5499999999999999,0.07410204547591824,0.2725905067511257,True,0.5798076923076924,0.09000000000000001,3.971714947004404,0.5538461538461539,0.09000000000000001
N100_drop0.30_s0.05_c0.05,100,0.3,0.05,0.05,False,26,0.1,0.1,4.351470800605757,1.5985294117647058,0.5769230769230769,15,0.39230769230769236,0.3,0.5499999999999999,0.0741041099675436,0.27213049316614685,True,0.5798076923076924,0.09000000000000001,3.971714947004404,0.5538461538461539,0.09000000000000001
N100_drop0.10_s0.10_c0.00,100,0.1,0.1,0.0,False,26,0.11153846153846156,0.1,4.725281131517783,2.2440677966101696,0.6923076923076923,18,0.39999999999999997,0.3,0.49999999999999994,0.07480557555715202,0.2737884609293422,True,0.58,0.09000000000000001,3.971714947004404,0.5538461538461539,0.09000000000000001
N100_drop0.20_s0.00_c0.10,100,0.2,0.0,0.1,False,26,0.10384615384615385,0.1,4.599401419006964,2.2153846153846155,0.6153846153846154,16,0.4,0.3,0.49999999999999994,0.07452154205521924,0.27580235940091213,True,0.58,0.09000000000000001,3.971714947004404,0.5538461538461539,0.09000000000000001
N100_drop0.20_s0.05_c0.15,100,0.2,0.05,0.15,False,26,0.10000000000000002,0.1,4.764337467272424,2.0846846846846847,0.6153846153846154,16,0.4000000000000001,0.3,0.49999999999999994,0.07436457275071182,0.2732741481696911,True,0.5800000000000001,0.09000000000000001,3.971714947004404,0.5538461538461539,0.09000000000000001
N50_drop0.30_s0.10_c0.00,50,0.3,0.1,0.0,False,26,0.1,0.1,4.4252439098494545,2.0846846846846847,0.5769230769230769,15,0.40384615384615385,0.3,0.4749999999999999,0.0742525626689665,0.273397906277014,True,0.5800961538461538,0.09000000000000001,3.971714947004404,0.5538461538461539,0.09000000000000001
N50_drop0.40_s0.10_c0.05,50,0.4,0.1,0.05,False,26,0.09230769230769233,0.1,4.279870800605757,1.5985294117647058,0.5769230769230769,15,0.40384615384615385,0.3,0.4749999999999999,0.07366095440778582,0.26655366254414337,True,0.5800961538461538,0.09000000000000001,3.971714947004404,0.5538461538461539,0.09000000000000001
N75_drop0.10_s0.15_c0.10,75,0.1,0.15,0.1,False,26,0.09615384615384616,0.1,4.315670800605757,1.5985294117647058,0.5769230769230769,15,0.4038461538461539,0.3,0.4749999999999999,0.07444458926489142,0.2718900419687728,True,0.580096153846154,0.09000000000000001,3.971714947004404,0.5538461538461539,0.09000000000000001
N20_drop0.10_s0.10_c0.15,20,0.1,0.1,0.15,False,26,0.1,0.1,4.330544874679831,1.5985294117647058,0.5769230769230769,15,0.41923076923076924,0.3,0.37499999999999994,0.07574767075204104,0.2849770356360401,True,0.5804807692307693,0.09000000000000001,3.971714947004404,0.5538461538461539,0.09000000000000001
N30_drop0.50_s0.20_c0.10,30,0.5,0.2,0.1,False,26,0.09615384615384616,0.1,4.233828205586097,1.5985294117647058,0.5769230769230769,15,0.3846153846153847,0.35,0.5,0.07313259581764305,0.2653215837797008,True,0.5821153846153846,0.09000000000000001,3.971714947004404,0.5538461538461539,0.09000000000000001
N100_drop0.40_s0.05_c0.10,100,0.4,0.05,0.1,False,26,0.09230769230769233,0.1,4.242532838790732,1.5985294117647058,0.5769230769230769,15,0.38461538461538464,0.35,0.5,0.07346750443594743,0.2657743460443581,True,0.5821153846153846,0.09000000000000001,3.971714947004404,0.5538461538461539,0.09000000000000001
N30_drop0.50_s0.05_c0.00,30,0.5,0.05,0.0,False,26,0.09230769230769233,0.1,4.202085086320043,1.5985294117647058,0.5769230769230769,15,0.3846153846153847,0.35,0.5,0.07317875020377318,0.26597050106955106,True,0.5821153846153846,0.09000000000000001,3.971714947004404,0.5538461538461539,0.09000000000000001
N30_drop0.50_s0.05_c0.05,30,0.5,0.05,0.05,False,26,0.09230769230769233,0.1,4.202085086320043,1.5985294117647058,0.5769230769230769,15,0.3846153846153847,0.35,0.5,0.07317875020377318,0.26597050106955106,True,0.5821153846153846,0.09000000000000001,3.971714947004404,0.5538461538461539,0.09000000000000001
N30_drop0.50_s0.10_c0.00,30,0.5,0.1,0.0,False,26,0.09230769230769233,0.1,4.202085086320043,1.5985294117647058,0.5769230769230769,15,0.3846153846153847,0.35,0.5,0.07317875020377318,0.26597050106955106,True,0.5821153846153846,0.09000000000000001,3.971714947004404,0.5538461538461539,0.09000000000000001
N30_drop0.50_s0.10_c0.05,30,0.5,0.1,0.05,False,26,0.09230769230769233,0.1,4.202085086320043,1.5985294117647058,0.5769230769230769,15,0.3846153846153847,0.35,0.5,0.07317875020377318,0.26597050106955106,True,0.5821153846153846,0.09000000000000001,3.971714947004404,0.5538461538461539,0.09000000000000001
N30_drop0.50_s0.15_c0.00,30,0.5,0.15,0.0,False,26,0.09230769230769233,0.1,4.202085086320043,1.5985294117647058,0.5769230769230769,15,0.3846153846153847,0.35,0.5,0.07317597679746403,0.2658041743137615,True,0.5821153846153846,0.09000000000000001,3.971714947004404,0.5538461538461539,0.09000000000000001
N30_drop0.50_s0.20_c0.00,30,0.5,0.2,0.0,False,26,0.09230769230769233,0.1,4.202085086320043,1.5985294117647058,0.5769230769230769,15,0.3846153846153847,0.35,0.5,0.07316082753540534,0.26561813319835376,True,0.5821153846153846,0.09000000000000001,3.971714947004404,0.5538461538461539,0.09000000000000001
N30_drop0.50_s0.20_c0.05,30,0.5,0.2,0.05,False,26,0.09230769230769233,0.1,4.202085086320043,1.5985294117647058,0.5769230769230769,15,0.3846153846153847,0.35,0.5,0.07314996917422362,0.26551500073485473,True,0.5821153846153846,0.09000000000000001,3.971714947004404,0.5538461538461539,0.09000000000000001
N75_drop0.30_s0.10_c0.15,75,0.3,0.1,0.15,False,26,0.1076923076923077,0.1,4.907352143810036,1.5985294117647058,0.5769230769230769,15,0.3884615384615385,0.35,0.4749999999999999,0.0738298041395643,0.27039362019227825,True,0.5822115384615385,0.09000000000000001,3.971714947004404,0.5538461538461539,0.09000000000000001
N30_drop0.40_s0.10_c0.00,30,0.4,0.1,0.0,False,26,0.1,0.1,4.273685086320042,1.5985294117647058,0.5769230769230769,15,0.39230769230769236,0.35,0.44999999999999996,0.07368541038126943,0.2726179395449569,True,0.5823076923076923,0.09000000000000001,3.971714947004404,0.5538461538461539,0.09000000000000001
N50_drop0.00_s0.15_c0.10,50,0.0,0.15,0.1,False,26,0.09615384615384617,0.1,4.355679576143944,1.5535714285714286,0.5769230769230769,15,0.4192307692307693,0.35,0.27499999999999997,0.076236765954633,0.28561473011803445,True,0.5829807692307692,0.09000000000000001,3.971714947004404,0.5538461538461539,0.09000000000000001
N50_drop0.40_s0.00_c0.15,50,0.4,0.0,0.15,False,26,0.09230769230769233,0.1,4.279870800605757,1.5985294117647058,0.5769230769230769,15,0.3923076923076923,0.3,0.575,0.07366061677777778,0.2673862133172032,True,0.5835576923076923,0.09000000000000001,3.971714947004404,0.5538461538461539,0.09000000000000001
N100_drop0.20_s0.00_c0.00,100,0.2,0.0,0.0,False,26,0.10384615384615385,0.1,4.599401419006964,2.2153846153846155,0.6153846153846154,16,0.39230769230769236,0.3,0.575,0.07455796758426816,0.2755362543773445,True,0.5835576923076924,0.09000000000000001,3.971714947004404,0.5538461538461539,0.09000000000000001
N100_drop0.20_s0.00_c0.05,100,0.2,0.0,0.05,False,26,0.10384615384615385,0.1,4.599401419006964,2.2153846153846155,0.6153846153846154,16,0.39230769230769236,0.3,0.575,0.07455796758426816,0.2755362543773445,True,0.5835576923076924,0.09000000000000001,3.971714947004404,0.5538461538461539,0.09000000000000001
N20_drop0.40_s0.00_c0.00,20,0.4,0.0,0.0,False,26,0.10384615384615385,0.1,4.465045083252323,2.2153846153846155,0.6153846153846154,16,0.3961538461538462,0.3,0.5499999999999999,0.07387512605273366,0.27346320762921805,True,0.5836538461538462,0.09000000000000001,3.971714947004404,0.5538461538461539,0.09000000000000001
N20_drop0.40_s0.00_c0.05,20,0.4,0.0,0.05,False,26,0.10384615384615385,0.1,4.465045083252323,2.2153846153846155,0.6153846153846154,16,0.3961538461538462,0.3,0.5499999999999999,0.07387512605273366,0.27346320762921805,True,0.5836538461538462,0.09000000000000001,3.971714947004404,0.5538461538461539,0.09000000000000001
N20_drop0.40_s0.00_c0.10,20,0.4,0.0,0.1,False,26,0.10384615384615385,0.1,4.465045083252323,2.2153846153846155,0.6153846153846154,16,0.3961538461538462,0.3,0.5499999999999999,0.07387512605273366,0.27346320762921805,True,0.5836538461538462,0.09000000000000001,3.971714947004404,0.5538461538461539,0.09000000000000001
N20_drop0.40_s0.00_c0.15,20,0.4,0.0,0.15,False,26,0.10384615384615385,0.1,4.465045083252323,2.2153846153846155,0.6153846153846154,16,0.3961538461538462,0.3,0.5499999999999999,0.0738699265668458,0.27349049448533524,True,0.5836538461538462,0.09000000000000001,3.971714947004404,0.5538461538461539,0.09000000000000001
N100_drop0.10_s0.10_c0.15,100,0.1,0.1,0.15,False,26,0.10384615384615385,0.1,4.819504559070622,2.0846846846846847,0.5769230769230769,15,0.39615384615384625,0.3,0.5499999999999999,0.07428854466120069,0.2714778423987734,True,0.5836538461538463,0.09000000000000001,3.971714947004404,0.5538461538461539,0.09000000000000001
N100_drop0.20_s0.05_c0.00,100,0.2,0.05,0.0,False,26,0.1,0.1,4.433862957468502,2.0846846846846847,0.5769230769230769,15,0.40384615384615385,0.3,0.49999999999999994,0.07451764013563897,0.27426447682068755,True,0.5838461538461538,0.09000000000000001,3.971714947004404,0.5538461538461539,0.09000000000000001
N100_drop0.10_s0.05_c0.05,100,0.1,0.05,0.05,False,26,0.11153846153846153,0.1,4.677329557667904,2.2153846153846155,0.6538461538461539,17,0.40769230769230774,0.3,0.4749999999999999,0.07492416467865766,0.27618453412186394,True,0.5839423076923078,0.09000000000000001,3.971714947004404,0.5538461538461539,0.09000000000000001
N75_drop0.30_s0.15_c0.05,75,0.3,0.15,0.05,False,26,0.10384615384615385,0.1,4.522466167401124,2.0846846846846847,0.6153846153846154,16,0.39230769230769236,0.35,0.4749999999999999,0.073925017993699,0.2689144539861094,True,0.5860576923076923,0.09000000000000001,3.971714947004404,0.5538461538461539,0.09000000000000001
N100_drop0.20_s0.10_c0.05,100,0.2,0.1,0.05,False,26,0.09615384615384616,0.1,4.315670800605757,1.5985294117647058,0.5769230769230769,15,0.39230769230769236,0.35,0.4749999999999999,0.07431947779850213,0.2709863126929944,True,0.5860576923076923,0.09000000000000001,3.971714947004404,0.5538461538461539,0.09000000000000001
N100_drop0.30_s0.05_c0.10,100,0.3,0.05,0.1,False,26,0.09615384615384616,0.1,4.315670800605757,1.5985294117647058,0.5769230769230769,15,0.39230769230769236,0.35,0.475,0.07406766890485536,0.27130704700520686,True,0.5860576923076923,0.09000000000000001,3.971714947004404,0.5538461538461539,0.09000000000000001
N30_drop0.40_s0.05_c0.00,30,0.4,0.05,0.0,False,26,0.1,0.1,4.273685086320042,1.5985294117647058,0.5769230769230769,15,0.3961538461538462,0.35,0.44999999999999996,0.073687204403769,0.27267086738955004,True,0.5861538461538461,0.09000000000000001,3.971714947004404,0.5538461538461539,0.09000000000000001
N30_drop0.40_s0.05_c0.05,30,0.4,0.05,0.05,False,26,0.1,0.1,4.273685086320042,1.5985294117647058,0.5769230769230769,15,0.3961538461538462,0.35,0.44999999999999996,0.073687204403769,0.2726855998772964,True,0.5861538461538461,0.09000000000000001,3.971714947004404,0.5538461538461539,0.09000000000000001
N30_drop0.40_s0.05_c0.10,30,0.4,0.05,0.1,False,26,0.1,0.1,4.273685086320042,1.5985294117647058,0.5769230769230769,15,0.3961538461538462,0.35,0.44999999999999996,0.07368511254101595,0.27268559987729635,True,0.5861538461538461,0.09000000000000001,3.971714947004404,0.5538461538461539,0.09000000000000001
N30_drop0.40_s0.10_c0.05,30,0.4,0.1,0.05,False,26,0.1,0.1,4.273685086320042,1.5985294117647058,0.5769230769230769,15,0.3961538461538462,0.35,0.44999999999999996,0.073687204403769,0.27267086738955004,True,0.5861538461538461,0.09000000000000001,3.971714947004404,0.5538461538461539,0.09000000000000001
N30_drop0.40_s0.10_c0.10,30,0.4,0.1,0.1,False,26,0.1,0.1,4.273685086320042,1.5985294117647058,0.5769230769230769,15,0.3961538461538462,0.35,0.44999999999999996,0.07367994766693263,0.2726215489971062,True,0.5861538461538461,0.09000000000000001,3.971714947004404,0.5538461538461539,0.09000000000000001
N100_drop0.10_s0.00_c0.05,100,0.1,0.0,0.05,False,26,0.11153846153846153,0.1,4.677329557667904,2.2153846153846155,0.6538461538461539,17,0.4076923076923077,0.35,0.37499999999999994,0.07497771078469112,0.2778470109505718,True,0.5864423076923077,0.09000000000000001,3.971714947004404,0.5538461538461539,0.09000000000000001
N100_drop0.10_s0.00_c0.00,100,0.1,0.0,0.0,False,26,0.1076923076923077,0.1,4.587566845803497,2.2153846153846155,0.6538461538461539,17,0.4076923076923077,0.35,0.37499999999999994,0.07500338906303346,0.27773490009452867,True,0.5864423076923077,0.09000000000000001,3.971714947004404,0.5538461538461539,0.09000000000000001
N75_drop0.00_s0.20_c0.00,75,0.0,0.2,0.0,False,26,0.1,0.1,4.570179958114915,2.0846846846846847,0.6538461538461539,17,0.41153846153846163,0.35,0.35,0.0758697422891883,0.27798557100483146,True,0.5865384615384616,0.09000000000000001,3.971714947004404,0.5538461538461539,0.09000000000000001
N75_drop0.20_s0.00_c0.15,75,0.2,0.0,0.15,False,26,0.1,0.1,4.563601419006964,2.2153846153846155,0.6153846153846154,16,0.4076923076923077,0.3,0.49999999999999994,0.07452751064535015,0.27687629744970654,True,0.5876923076923076,0.09000000000000001,3.971714947004404,0.5538461538461539,0.09000000000000001
N50_drop0.20_s0.00_c0.00,50,0.2,0.0,0.0,False,26,0.1,0.1,4.433862957468502,2.0846846846846847,0.5769230769230769,15,0.40769230769230763,0.3,0.49999999999999994,0.07471927167906899,0.27609580180580384,True,0.5876923076923076,0.09000000000000001,3.971714947004404,0.5538461538461539,0.09000000000000001
N50_drop0.20_s0.15_c0.05,50,0.2,0.15,0.05,False,26,0.10384615384615385,0.1,4.571577243182788,2.2153846153846155,0.6153846153846154,16,0.40769230769230774,0.3,0.49999999999999994,0.07460450385424648,0.2735499188071865,True,0.5876923076923077,0.09000000000000001,3.971714947004404,0.5538461538461539,0.09000000000000001
N75_drop0.20_s0.05_c0.15,75,0.2,0.05,0.15,False,26,0.09615384615384617,0.1,4.398062957468502,2.0846846846846847,0.5769230769230769,15,0.40769230769230774,0.3,0.49999999999999994,0.07452321454778701,0.2738703096422069,True,0.5876923076923077,0.09000000000000001,3.971714947004404,0.5538461538461539,0.09000000000000001
N50_drop0.30_s0.00_c0.15,50,0.3,0.0,0.15,False,26,0.1,0.1,4.45306808567363,2.0846846846846847,0.5769230769230769,15,0.4115384615384615,0.3,0.4749999999999999,0.07425147044029828,0.2745616973628358,True,0.5877884615384614,0.09000000000000001,3.971714947004404,0.5538461538461539,0.09000000000000001
N100_drop0.10_s0.05_c0.15,100,0.1,0.05,0.15,False,26,0.1,0.1,4.4054335124701645,2.0846846846846847,0.6153846153846154,16,0.41153846153846163,0.3,0.4749999999999999,0.07471517148078255,0.27478796278259204,True,0.5877884615384616,0.09000000000000001,3.971714947004404,0.5538461538461539,0.09000000000000001
N100_drop0.20_s0.10_c0.15,100,0.2,0.1,0.15,False,26,0.1076923076923077,0.1,4.902212239199543,2.0846846846846847,0.5769230769230769,15,0.3961538461538462,0.35,0.4749999999999999,0.07392699653042509,0.2701657847330339,True,0.5899038461538462,0.09000000000000001,3.971714947004404,0.5538461538461539,0.09000000000000001
N75_drop0.30_s0.10_c0.05,75,0.3,0.1,0.05,False,26,0.1,0.1,4.351470800605757,1.5985294117647058,0.5769230769230769,15,0.39615384615384613,0.35,0.4749999999999999,0.07409941550718387,0.2719993927463118,True,0.5899038461538462,0.09000000000000001,3.971714947004404,0.5538461538461539,0.09000000000000001
N100_drop0.30_s0.05_c0.00,100,0.3,0.05,0.0,False,26,0.1,0.1,4.351470800605757,1.5985294117647058,0.5769230769230769,15,0.3961538461538462,0.35,0.475,0.07410756011706379,0.27210035495710466,True,0.5899038461538462,0.09000000000000001,3.971714947004404,0.5538461538461539,0.09000000000000001
N75_drop0.30_s0.05_c0.00,75,0.3,0.05,0.0,False,26,0.1,0.1,4.351470800605757,1.5985294117647058,0.5769230769230769,15,0.4076923076923077,0.35,0.39999999999999997,0.07413040066582513,0.27260021495592546,True,0.5901923076923076,0.09000000000000001,3.971714947004404,0.5538461538461539,0.09000000000000001
N75_drop0.00_s0.20_c0.05,75,0.0,0.2,0.05,False,26,0.09615384615384616,0.1,4.423846624781581,1.5985294117647058,0.6153846153846154,16,0.4076923076923077,0.35,0.39999999999999997,0.07550962180698548,0.27537124075493663,True,0.5901923076923076,0.09000000000000001,3.971714947004404,0.5538461538461539,0.09000000000000001
N50_drop0.10_s0.00_c0.10,50,0.1,0.0,0.1,False,26,0.10384615384615387,0.1,4.420307586544238,2.0846846846846847,0.6153846153846154,16,0.4115384615384615,0.35,0.37499999999999994,0.0752699035409947,0.28345437074865465,True,0.5902884615384615,0.09000000000000001,3.971714947004404,0.5538461538461539,0.09000000000000001
N30_drop0.00_s0.20_c0.00,30,0.0,0.2,0.0,False,26,0.1076923076923077,0.1,4.669921134585502,3.040579710144928,0.6538461538461539,17,0.4230769230769231,0.35,0.3,0.07641898413197873,0.28845198923544413,True,0.5905769230769231,0.09000000000000001,3.971714947004404,0.5538461538461539,0.09000000000000001
N50_drop0.40_s0.05_c0.05,50,0.4,0.05,0.05,False,26,0.09230769230769233,0.1,4.279870800605757,1.5985294117647058,0.5769230769230769,15,0.4,0.3,0.575,0.0736813897652846,0.2668933137032762,True,0.59125,0.09000000000000001,3.971714947004404,0.5538461538461539,0.09000000000000001
N50_drop0.20_s0.00_c0.05,50,0.2,0.0,0.05,False,26,0.10384615384615387,0.1,4.523625669332909,2.2153846153846155,0.6153846153846154,16,0.4115384615384615,0.3,0.49999999999999994,0.07471413577724698,0.27629113134796945,True,0.5915384615384615,0.09000000000000001,3.971714947004404,0.5538461538461539,0.09000000000000001
N50_drop0.20_s0.00_c0.10,50,0.2,0.0,0.1,False,26,0.10384615384615387,0.1,4.523625669332909,2.2153846153846155,0.6153846153846154,16,0.4115384615384615,0.3,0.49999999999999994,0.07470577965500741,0.2761543221719555,True,0.5915384615384615,0.09000000000000001,3.971714947004404,0.5538461538461539,0.09000000000000001
N50_drop0.20_s0.05_c0.15,50,0.2,0.05,0.15,False,26,0.10384615384615387,0.1,4.523625669332909,2.2153846153846155,0.6153846153846154,16,0.4115384615384615,0.3,0.49999999999999994,0.07466264140152652,0.27566073996779544,True,0.5915384615384615,0.09000000000000001,3.971714947004404,0.5538461538461539,0.09000000000000001
N50_drop0.20_s0.15_c0.00,50,0.2,0.15,0.0,False,26,0.10384615384615385,0.1,4.571577243182788,2.2153846153846155,0.6153846153846154,16,0.4115384615384615,0.3,0.49999999999999994,0.0746615013336524,0.274463059170596,True,0.5915384615384615,0.09000000000000001,3.971714947004404,0.5538461538461539,0.09000000000000001
N75_drop0.10_s0.15_c0.05,75,0.1,0.15,0.05,False,26,0.10000000000000002,0.1,4.453385086320043,2.0846846846846847,0.6153846153846154,16,0.4115384615384615,0.3,0.49999999999999994,0.07457613104980791,0.27224415847366407,True,0.5915384615384615,0.09000000000000001,3.971714947004404,0.5538461538461539,0.09000000000000001
N75_drop0.20_s0.00_c0.00,75,0.2,0.0,0.0,False,26,0.1,0.1,4.433862957468502,2.0846846846846847,0.5769230769230769,15,0.4115384615384615,0.3,0.49999999999999994,0.07459724899045171,0.2754802096357081,True,0.5915384615384615,0.09000000000000001,3.971714947004404,0.5538461538461539,0.09000000000000001
N75_drop0.20_s0.00_c0.05,75,0.2,0.0,0.05,False,26,0.1,0.1,4.433862957468502,2.0846846846846847,0.5769230769230769,15,0.4115384615384615,0.3,0.49999999999999994,0.07459631644929059,0.27539178307032813,True,0.5915384615384615,0.09000000000000001,3.971714947004404,0.5538461538461539,0.09000000000000001
N75_drop0.20_s0.00_c0.10,75,0.2,0.0,0.1,False,26,0.1,0.1,4.433862957468502,2.0846846846846847,0.5769230769230769,15,0.4115384615384615,0.3,0.49999999999999994,0.07457639241687489,0.27559123029725374,True,0.5915384615384615,0.09000000000000001,3.971714947004404,0.5538461538461539,0.09000000000000001
N75_drop0.20_s0.10_c0.05,75,0.2,0.1,0.05,False,26,0.1,0.1,4.433862957468502,2.0846846846846847,0.5769230769230769,15,0.4115384615384615,0.3,0.49999999999999994,0.07451785325332269,0.2739546550417167,True,0.5915384615384615,0.09000000000000001,3.971714947004404,0.5538461538461539,0.09000000000000001
N50_drop0.20_s0.15_c0.10,50,0.2,0.15,0.1,False,26,0.09615384615384617,0.1,4.398062957468502,2.0846846846846847,0.5769230769230769,15,0.4115384615384615,0.3,0.49999999999999994,0.07458228739654772,0.27317090716759684,True,0.5915384615384615,0.09000000000000001,3.971714947004404,0.5538461538461539,0.09000000000000001
N75_drop0.20_s0.05_c0.10,75,0.2,0.05,0.1,False,26,0.1,0.1,4.433862957468502,2.0846846846846847,0.5769230769230769,15,0.4115384615384616,0.3,0.49999999999999994,0.07455929055746645,0.2744676724282508,True,0.5915384615384616,0.09000000000000001,3.971714947004404,0.5538461538461539,0.09000000000000001
N75_drop0.10_s0.05_c0.15,75,0.1,0.05,0.15,False,26,0.10384615384615385,0.1,4.551766845803497,2.2153846153846155,0.6538461538461539,17,0.4153846153846154,0.3,0.4749999999999999,0.07475532565952878,0.2760155735297576,True,0.5916346153846155,0.09000000000000001,3.971714947004404,0.5538461538461539,0.09000000000000001
N30_drop0.30_s0.00_c0.15,30,0.3,0.0,0.15,False,26,0.1,0.1,4.308125669332909,2.0846846846846847,0.5769230769230769,15,0.4153846153846154,0.3,0.4749999999999999,0.0742414441593072,0.2751895778584943,True,0.5916346153846155,0.09000000000000001,3.971714947004404,0.5538461538461539,0.09000000000000001
N50_drop0.40_s0.05_c0.00,50,0.4,0.05,0.0,False,26,0.09230769230769233,0.1,4.279870800605757,1.5985294117647058,0.5769230769230769,15,0.3961538461538462,0.35,0.5,0.0736817400139256,0.26694221191666856,True,0.5936538461538461,0.09000000000000001,3.971714947004404,0.5538461538461539,0.09000000000000001
N100_drop0.10_s0.00_c0.15,100,0.1,0.0,0.15,False,26,0.10384615384615387,0.1,4.474270298408644,2.0846846846846847,0.6153846153846154,16,0.40384615384615385,0.35,0.4499999999999999,0.0748401526426544,0.27930353110549994,True,0.5938461538461538,0.09000000000000001,3.971714947004404,0.5538461538461539,0.09000000000000001
N75_drop0.20_s0.15_c0.00,75,0.2,0.15,0.0,False,26,0.1,0.1,4.535777243182788,2.2153846153846155,0.6153846153846154,16,0.40769230769230774,0.35,0.42499999999999993,0.07433455805649532,0.27026634153071577,True,0.5939423076923077,0.09000000000000001,3.971714947004404,0.5538461538461539,0.09000000000000001
N50_drop0.00_s0.15_c0.00,50,0.0,0.15,0.0,False,26,0.1076923076923077,0.1,4.669921134585502,3.040579710144928,0.6538461538461539,17,0.4153846153846154,0.35,0.375,0.07638855651851477,0.28660135409162946,True,0.5941346153846154,0.09000000000000001,3.971714947004404,0.5538461538461539,0.09000000000000001
N100_drop0.00_s0.15_c0.00,100,0.0,0.15,0.0,False,26,0.10384615384615387,0.1,4.634121134585502,2.685,0.6538461538461539,17,0.4153846153846154,0.35,0.375,0.07594767767631336,0.27835640379934745,True,0.5941346153846154,0.09000000000000001,3.971714947004404,0.5538461538461539,0.09000000000000001
N20_drop0.00_s0.20_c0.10,20,0.0,0.2,0.1,False,26,0.10384615384615387,0.1,4.454710301476365,2.0846846846846847,0.6153846153846154,16,0.42692307692307696,0.35,0.3,0.07646075670904959,0.2896133888828485,True,0.5944230769230769,0.09000000000000001,3.971714947004404,0.5538461538461539,0.09000000000000001
N100_drop0.00_s0.05_c0.05,100,0.0,0.05,0.05,False,26,0.1,0.1,4.364947589611957,1.5535714285714286,0.5769230769230769,15,0.42692307692307696,0.35,0.3,0.07645590869818686,0.28960293566449424,True,0.5944230769230769,0.09000000000000001,3.971714947004404,0.5538461538461539,0.09000000000000001
N50_drop0.30_s0.00_c0.00,50,0.3,0.0,0.0,False,26,0.1,0.1,4.45306808567363,2.0846846846846847,0.5769230769230769,15,0.4076923076923077,0.3,0.5499999999999999,0.0742776678750957,0.2745223846324769,True,0.5951923076923077,0.09000000000000001,3.971714947004404,0.5538461538461539,0.09000000000000001
N50_drop0.30_s0.00_c0.05,50,0.3,0.0,0.05,False,26,0.1,0.1,4.45306808567363,2.0846846846846847,0.5769230769230769,15,0.4076923076923077,0.3,0.5499999999999999,0.0742776678750957,0.2745223846324769,True,0.5951923076923077,0.09000000000000001,3.971714947004404,0.5538461538461539,0.09000000000000001
N50_drop0.30_s0.00_c0.10,50,0.3,0.0,0.1,False,26,0.1,0.1,4.45306808567363,2.0846846846846847,0.5769230769230769,15,0.4076923076923077,0.3,0.5499999999999999,0.07427412667986723,0.2744557750833888,True,0.5951923076923077,0.09000000000000001,3.971714947004404,0.5538461538461539,0.09000000000000001
N50_drop0.30_s0.05_c0.00,50,0.3,0.05,0.0,False,26,0.1,0.1,4.45306808567363,2.0846846846846847,0.5769230769230769,15,0.4076923076923077,0.3,0.5499999999999999,0.07427206444067698,0.27419167255025084,True,0.5951923076923077,0.09000000000000001,3.971714947004404,0.5538461538461539,0.09000000000000001
N30_drop0.30_s0.20_c0.00,30,0.3,0.2,0.0,False,26,0.1,0.1,4.356077243182788,2.0846846846846847,0.5769230769230769,15,0.4076923076923077,0.3,0.5499999999999999,0.07423884456711628,0.2739957567029778,True,0.5951923076923077,0.09000000000000001,3.971714947004404,0.5538461538461539,0.09000000000000001
N30_drop0.30_s0.20_c0.05,30,0.3,0.2,0.05,False,26,0.1,0.1,4.356077243182788,2.0846846846846847,0.5769230769230769,15,0.4076923076923077,0.3,0.5499999999999999,0.0742376476319708,0.2737687359554336,True,0.5951923076923077,0.09000000000000001,3.971714947004404,0.5538461538461539,0.09000000000000001
N50_drop0.20_s0.00_c0.15,50,0.2,0.0,0.15,False,26,0.10384615384615387,0.1,4.523625669332909,2.2153846153846155,0.6153846153846154,16,0.4153846153846154,0.3,0.49999999999999994,0.07468208148854875,0.2762874712321585,True,0.5953846153846154,0.09000000000000001,3.971714947004404,0.5538461538461539,0.09000000000000001
N50_drop0.20_s0.10_c0.00,50,0.2,0.1,0.0,False,26,0.10384615384615385,0.1,4.571577243182788,2.2153846153846155,0.6153846153846154,16,0.4153846153846154,0.3,0.49999999999999994,0.07469520828011812,0.2749811259184419,True,0.5953846153846154,0.09000000000000001,3.971714947004404,0.5538461538461539,0.09000000000000001
N75_drop0.10_s0.10_c0.10,75,0.1,0.1,0.1,False,26,0.10384615384615385,0.1,4.551766845803497,2.2153846153846155,0.6538461538461539,17,0.4153846153846154,0.3,0.49999999999999994,0.07475965404304016,0.27520873839394466,True,0.5953846153846154,0.09000000000000001,3.971714947004404,0.5538461538461539,0.09000000000000001
N75_drop0.20_s0.05_c0.05,75,0.2,0.05,0.05,False,26,0.1,0.1,4.433862957468502,2.0846846846846847,0.5769230769230769,15,0.4153846153846154,0.3,0.49999999999999994,0.07458309734834205,0.27479844947859833,True,0.5953846153846154,0.09000000000000001,3.971714947004404,0.5538461538461539,0.09000000000000001
N30_drop0.30_s0.05_c0.15,30,0.3,0.05,0.15,False,26,0.1,0.1,4.308125669332909,2.0846846846846847,0.5769230769230769,15,0.4192307692307692,0.3,0.4749999999999999,0.07423716753123139,0.2750293782226109,True,0.5954807692307691,0.09000000000000001,3.971714947004404,0.5538461538461539,0.09000000000000001
N75_drop0.30_s0.05_c0.10,75,0.3,0.05,0.1,False,26,0.1,0.1,4.351470800605757,1.5985294117647058,0.5769230769230769,15,0.40384615384615385,0.35,0.4749999999999999,0.07411263859689089,0.2724966437742508,True,0.5975961538461538,0.09000000000000001,3.971714947004404,0.5538461538461539,0.09000000000000001
N75_drop0.20_s0.15_c0.05,75,0.2,0.15,0.05,False,26,0.09615384615384616,0.1,4.389443909849454,2.0846846846846847,0.5769230769230769,15,0.40384615384615385,0.35,0.4749999999999999,0.07423987812840407,0.2701995221521205,True,0.5975961538461538,0.09000000000000001,3.971714947004404,0.5538461538461539,0.09000000000000001
N50_drop0.10_s0.15_c0.00,50,0.1,0.15,0.0,False,26,0.11153846153846156,0.1,4.725281131517783,2.2440677966101696,0.6923076923076923,18,0.4076923076923077,0.35,0.4499999999999999,0.07517970680795176,0.2802716166862387,True,0.5976923076923076,0.09000000000000001,3.971714947004404,0.5538461538461539,0.09000000000000001
N20_drop0.10_s0.00_c0.00,20,0.1,0.0,0.0,False,26,0.10384615384615387,0.1,4.420307586544238,2.0846846846846847,0.6153846153846154,16,0.41923076923076924,0.35,0.37499999999999994,0.07576128916219363,0.2852742022947878,True,0.5979807692307693,0.09000000000000001,3.971714947004404,0.5538461538461539,0.09000000000000001
N20_drop0.10_s0.00_c0.05,20,0.1,0.0,0.05,False,26,0.10384615384615387,0.1,4.420307586544238,2.0846846846846847,0.6153846153846154,16,0.41923076923076924,0.35,0.37499999999999994,0.07576128916219363,0.2852742022947878,True,0.5979807692307693,0.09000000000000001,3.971714947004404,0.5538461538461539,0.09000000000000001
N30_drop0.10_s0.00_c0.10,30,0.1,0.0,0.1,False,26,0.10384615384615387,0.1,4.420307586544238,2.0846846846846847,0.6153846153846154,16,0.41923076923076924,0.35,0.37499999999999994,0.0754884102766791,0.28485195721289086,True,0.5979807692307693,0.09000000000000001,3.971714947004404,0.5538461538461539,0.09000000000000001
N50_drop0.10_s0.00_c0.15,50,0.1,0.0,0.15,False,26,0.10384615384615387,0.1,4.420307586544238,2.0846846846846847,0.6153846153846154,16,0.41923076923076924,0.35,0.37499999999999994,0.07521625427014854,0.2835160535273714,True,0.5979807692307693,0.09000000000000001,3.971714947004404,0.5538461538461539,0.09000000000000001
N50_drop0.10_s0.05_c0.10,50,0.1,0.05,0.1,False,26,0.10384615384615387,0.1,4.420307586544238,2.0846846846846847,0.6153846153846154,16,0.41923076923076924,0.35,0.37499999999999994,0.07524704680900422,0.28293923661440756,True,0.5979807692307693,0.09000000000000001,3.971714947004404,0.5538461538461539,0.09000000000000001
N20_drop0.10_s0.00_c0.15,20,0.1,0.0,0.15,False,26,0.10384615384615387,0.1,4.399625955760912,1.5985294117647058,0.5769230769230769,15,0.41923076923076924,0.35,0.37499999999999994,0.07574675172404229,0.2854071542528263,True,0.5979807692307693,0.09000000000000001,3.971714947004404,0.5538461538461539,0.09000000000000001
N20_drop0.10_s0.05_c0.10,20,0.1,0.05,0.1,False,26,0.1,0.1,4.330544874679831,1.5985294117647058,0.5769230769230769,15,0.41923076923076924,0.35,0.37499999999999994,0.07575025973401606,0.2850774492250575,True,0.5979807692307693,0.09000000000000001,3.971714947004404,0.5538461538461539,0.09000000000000001
N75_drop0.00_s0.15_c0.10,75,0.0,0.15,0.1,False,26,0.09615384615384616,0.1,4.350073515537884,1.5535714285714286,0.5769230769230769,15,0.41923076923076924,0.35,0.375,0.07580031762583092,0.27993269256347203,True,0.5979807692307693,0.09000000000000001,3.971714947004404,0.5538461538461539,0.09000000000000001
N30_drop0.30_s0.15_c0.00,30,0.3,0.15,0.0,False,26,0.1,0.1,4.356077243182788,2.0846846846846847,0.5769230769230769,15,0.4115384615384615,0.3,0.5499999999999999,0.07424182094314785,0.274147931521724,True,0.5990384615384615,0.09000000000000001,3.971714947004404,0.5538461538461539,0.09000000000000001
N75_drop0.20_s0.10_c0.00,75,0.2,0.1,0.0,False,26,0.10384615384615385,0.1,4.571577243182788,2.2153846153846155,0.6153846153846154,16,0.41923076923076924,0.3,0.49999999999999994,0.07456005013270313,0.2739645213583501,True,0.5992307692307692,0.09000000000000001,3.971714947004404,0.5538461538461539,0.09000000000000001
N50_drop0.10_s0.20_c0.00,50,0.1,0.2,0.0,False,26,0.1076923076923077,0.1,4.689481131517783,2.2440677966101696,0.6923076923076923,18,0.4076923076923077,0.35,0.4749999999999999,0.0749973585750858,0.275883988245751,True,0.6014423076923077,0.09000000000000001,3.971714947004404,0.5538461538461539,0.09000000000000001
N50_drop0.20_s0.20_c0.05,50,0.2,0.2,0.05,False,26,0.09615384615384616,0.1,4.389443909849454,2.0846846846846847,0.5769230769230769,15,0.4076923076923077,0.35,0.4749999999999999,0.07444868636125819,0.27084810092099987,True,0.6014423076923077,0.09000000000000001,3.971714947004404,0.5538461538461539,0.09000000000000001
N50_drop0.10_s0.20_c0.10,50,0.1,0.2,0.1,False,26,0.09615384615384616,0.1,4.315670800605757,1.5985294117647058,0.5769230769230769,15,0.4076923076923077,0.35,0.4749999999999999,0.07459801664664083,0.27531858207622784,True,0.6014423076923077,0.09000000000000001,3.971714947004404,0.5538461538461539,0.09000000000000001
N75_drop0.10_s0.00_c0.00,75,0.1,0.0,0.0,False,26,0.1076923076923077,0.1,4.587566845803497,2.2153846153846155,0.6538461538461539,17,0.4115384615384615,0.35,0.4499999999999999,0.07496471864919461,0.2786903566200825,True,0.6015384615384615,0.09000000000000001,3.971714947004404,0.5538461538461539,0.09000000000000001
N75_drop0.10_s0.00_c0.05,75,0.1,0.0,0.05,False,26,0.1076923076923077,0.1,4.587566845803497,2.2153846153846155,0.6538461538461539,17,0.4115384615384615,0.35,0.4499999999999999,0.07494753768015067,0.27860193005470263,True,0.6015384615384615,0.09000000000000001,3.971714947004404,0.5538461538461539,0.09000000000000001
N30_drop0.10_s0.00_c0.00,30,0.1,0.0,0.0,False,26,0.10384615384615387,0.1,4.420307586544238,2.0846846846846847,0.6153846153846154,16,0.4230769230769231,0.35,0.37499999999999994,0.07549612544094267,0.28496549072922506,True,0.6018269230769231,0.09000000000000001,3.971714947004404,0.5538461538461539,0.09000000000000001
N30_drop0.10_s0.00_c0.05,30,0.1,0.0,0.05,False,26,0.10384615384615387,0.1,4.420307586544238,2.0846846846846847,0.6153846153846154,16,0.4230769230769231,0.35,0.37499999999999994,0.07549612544094265,0.28496549072922506,True,0.6018269230769231,0.09000000000000001,3.971714947004404,0.5538461538461539,0.09000000000000001
N30_drop0.10_s0.05_c0.15,30,0.1,0.05,0.15,False,26,0.10384615384615387,0.1,4.420307586544238,2.0846846846846847,0.6153846153846154,16,0.4230769230769231,0.35,0.37499999999999994,0.0754816179534345,0.2847291373213705,True,0.6018269230769231,0.09000000000000001,3.971714947004404,0.5538461538461539,0.09000000000000001
N20_drop0.10_s0.00_c0.10,20,0.1,0.0,0.1,False,26,0.1,0.1,4.330544874679831,1.5985294117647058,0.5769230769230769,15,0.4230769230769231,0.35,0.37499999999999994,0.07575239985794403,0.285270834015674,True,0.6018269230769231,0.09000000000000001,3.971714947004404,0.5538461538461539,0.09000000000000001
N50_drop0.00_s0.00_c0.15,50,0.0,0.0,0.15,False,26,0.1,0.1,4.3923349769993445,1.476923076923077,0.5769230769230769,15,0.42692307692307696,0.35,0.35,0.07640695915151575,0.2934501155029791,True,0.6019230769230769,0.09000000000000001,3.971714947004404,0.5538461538461539,0.09000000000000001
N75_drop0.00_s0.10_c0.10,75,0.0,0.1,0.1,False,26,0.09615384615384617,0.1,4.355679576143944,1.5535714285714286,0.5769230769230769,15,0.43461538461538457,0.35,0.3,0.07624415643434938,0.2872106942431865,True,0.6021153846153846,0.09000000000000001,3.971714947004404,0.5538461538461539,0.09000000000000001
N75_drop0.10_s0.10_c0.00,75,0.1,0.1,0.0,False,26,0.11153846153846156,0.1,4.725281131517783,2.2440677966101696,0.6923076923076923,18,0.4115384615384615,0.3,0.575,0.07487005339986345,0.27611046337981765,True,0.6027884615384616,0.09000000000000001,3.971714947004404,0.5538461538461539,0.09000000000000001
N30_drop0.30_s0.10_c0.00,30,0.3,0.1,0.0,False,26,0.1,0.1,4.356077243182788,2.0846846846846847,0.5769230769230769,15,0.4153846153846154,0.3,0.5499999999999999,0.07424718311923977,0.2745012951965321,True,0.6028846153846155,0.09000000000000001,3.971714947004404,0.5538461538461539,0.09000000000000001
N30_drop0.30_s0.10_c0.15,30,0.3,0.1,0.15,False,26,0.1,0.1,4.308125669332909,2.0846846846846847,0.5769230769230769,15,0.4153846153846154,0.3,0.5499999999999999,0.07423956010916145,0.2747901334811433,True,0.6028846153846155,0.09000000000000001,3.971714947004404,0.5538461538461539,0.09000000000000001
N50_drop0.20_s0.05_c0.10,50,0.2,0.05,0.1,False,26,0.10384615384615387,0.1,4.523625669332909,2.2153846153846155,0.6153846153846154,16,0.4230769230769231,0.3,0.49999999999999994,0.07470100956398036,0.27591793672412324,True,0.6030769230769231,0.09000000000000001,3.971714947004404,0.5538461538461539,0.09000000000000001
N20_drop0.30_s0.00_c0.00,20,0.3,0.0,0.0,False,26,0.10384615384615387,0.1,4.4458399550471945,2.2153846153846155,0.6153846153846154,16,0.4230769230769231,0.3,0.49999999999999994,0.0743707899793255,0.27549660798519715,True,0.6030769230769231,0.09000000000000001,3.971714947004404,0.5538461538461539,0.09000000000000001
N20_drop0.30_s0.00_c0.05,20,0.3,0.0,0.05,False,26,0.10384615384615387,0.1,4.4458399550471945,2.2153846153846155,0.6153846153846154,16,0.4230769230769231,0.3,0.49999999999999994,0.0743707899793255,0.27549660798519715,True,0.6030769230769231,0.09000000000000001,3.971714947004404,0.5538461538461539,0.09000000000000001
N20_drop0.30_s0.00_c0.10,20,0.3,0.0,0.1,False,26,0.10384615384615387,0.1,4.4458399550471945,2.2153846153846155,0.6153846153846154,16,0.4230769230769231,0.3,0.49999999999999994,0.0743707899793255,0.27549660798519715,True,0.6030769230769231,0.09000000000000001,3.971714947004404,0.5538461538461539,0.09000000000000001
N75_drop0.20_s0.05_c0.00,75,0.2,0.05,0.0,False,26,0.1,0.1,4.433862957468502,2.0846846846846847,0.5769230769230769,15,0.4230769230769231,0.3,0.49999999999999994,0.07457966895532914,0.27466259281409433,True,0.6030769230769231,0.09000000000000001,3.971714947004404,0.5538461538461539,0.09000000000000001
N100_drop0.00_s0.05_c0.15,100,0.0,0.05,0.15,False,26,0.09615384615384616,0.1,4.2725769681430315,1.5535714285714286,0.5769230769230769,15,0.4307692307692308,0.3,0.44999999999999996,0.07615237037636419,0.28826450833270856,True,0.6032692307692308,0.09000000000000001,3.971714947004404,0.5538461538461539,0.09000000000000001
N20_drop0.20_s0.00_c0.00,20,0.2,0.0,0.0,False,26,0.1076923076923077,0.1,4.587566845803497,2.2153846153846155,0.6538461538461539,17,0.4153846153846153,0.35,0.4499999999999999,0.07496704772743878,0.28290739916663543,True,0.6053846153846153,0.09000000000000001,3.971714947004404,0.5538461538461539,0.09000000000000001
N20_drop0.20_s0.00_c0.05,20,0.2,0.0,0.05,False,26,0.1076923076923077,0.1,4.587566845803497,2.2153846153846155,0.6538461538461539,17,0.4153846153846153,0.35,0.4499999999999999,0.07496704772743878,0.28290739916663543,True,0.6053846153846153,0.09000000000000001,3.971714947004404,0.5538461538461539,0.09000000000000001
N20_drop0.20_s0.00_c0.10,20,0.2,0.0,0.1,False,26,0.1076923076923077,0.1,4.587566845803497,2.2153846153846155,0.6538461538461539,17,0.4153846153846153,0.35,0.4499999999999999,0.07496559839496335,0.28284078961754733,True,0.6053846153846153,0.09000000000000001,3.971714947004404,0.5538461538461539,0.09000000000000001
N20_drop0.20_s0.00_c0.15,20,0.2,0.0,0.15,False,26,0.10384615384615387,0.1,4.420307586544238,2.0846846846846847,0.6153846153846154,16,0.4153846153846153,0.35,0.4499999999999999,0.0749616465495604,0.28284022643374496,True,0.6053846153846153,0.09000000000000001,3.971714947004404,0.5538461538461539,0.09000000000000001
N75_drop0.10_s0.00_c0.10,75,0.1,0.0,0.1,False,26,0.11153846153846153,0.1,4.677329557667904,2.2153846153846155,0.6538461538461539,17,0.4153846153846154,0.35,0.4499999999999999,0.07493376375055107,0.2786920059608413,True,0.6053846153846154,0.09000000000000001,3.971714947004404,0.5538461538461539,0.09000000000000001
N100_drop0.10_s0.00_c0.10,100,0.1,0.0,0.1,False,26,0.11153846153846153,0.1,4.677329557667904,2.2153846153846155,0.6538461538461539,17,0.4153846153846154,0.35,0.4499999999999999,0.07492747535042106,0.27829809746418,True,0.6053846153846154,0.09000000000000001,3.971714947004404,0.5538461538461539,0.09000000000000001
N75_drop0.10_s0.00_c0.15,75,0.1,0.0,0.15,False,26,0.10384615384615387,0.1,4.474270298408644,2.0846846846846847,0.6153846153846154,16,0.4153846153846154,0.35,0.4499999999999999,0.07484315286968078,0.28003399800974843,True,0.6053846153846154,0.09000000000000001,3.971714947004404,0.5538461538461539,0.09000000000000001
N20_drop0.10_s0.10_c0.05,20,0.1,0.1,0.05,False,26,0.10384615384615387,0.1,4.420307586544238,2.0846846846846847,0.6153846153846154,16,0.4230769230769231,0.35,0.39999999999999997,0.07575068719407134,0.2847379706600338,True,0.605576923076923,0.09000000000000001,3.971714947004404,0.5538461538461539,0.09000000000000001
N20_drop0.10_s0.15_c0.10,20,0.1,0.15,0.1,False,26,0.10384615384615387,0.1,4.420307586544238,2.0846846846846847,0.6153846153846154,16,0.4230769230769231,0.35,0.39999999999999997,0.07574769539810045,0.28366980052642654,True,0.605576923076923,0.09000000000000001,3.971714947004404,0.5538461538461539,0.09000000000000001
N30_drop0.10_s0.00_c0.15,30,0.1,0.0,0.15,False,26,0.10384615384615387,0.1,4.420307586544238,2.0846846846846847,0.6153846153846154,16,0.4230769230769231,0.35,0.39999999999999997,0.07547042437161802,0.28520501725470687,True,0.605576923076923,0.09000000000000001,3.971714947004404,0.5538461538461539,0.09000000000000001
N20_drop0.30_s0.00_c0.15,20,0.3,0.0,0.15,False,26,0.1,0.1,4.308125669332909,2.0846846846846847,0.5769230769230769,15,0.4269230769230769,0.3,0.49999999999999994,0.07436645559674307,0.27558616633630584,True,0.6069230769230769,0.09000000000000001,3.971714947004404,0.5538461538461539,0.09000000000000001
N20_drop0.40_s0.05_c0.00,20,0.4,0.05,0.0,False,26,0.10384615384615385,0.1,4.465045083252323,2.2153846153846155,0.6153846153846154,16,0.40384615384615385,0.35,0.5499999999999999,0.07387512605273366,0.2733933732602051,True,0.6088461538461538,0.09000000000000001,3.971714947004404,0.5538461538461539,0.09000000000000001
N20_drop0.40_s0.05_c0.05,20,0.4,0.05,0.05,False,26,0.10384615384615385,0.1,4.465045083252323,2.2153846153846155,0.6153846153846154,16,0.40384615384615385,0.35,0.5499999999999999,0.07387512605273366,0.2733933732602051,True,0.6088461538461538,0.09000000000000001,3.971714947004404,0.5538461538461539,0.09000000000000001
N20_drop0.40_s0.05_c0.10,20,0.4,0.05,0.1,False,26,0.10384615384615385,0.1,4.465045083252323,2.2153846153846155,0.6153846153846154,16,0.40384615384615385,0.35,0.5499999999999999,0.07387512605273366,0.2733933732602051,True,0.6088461538461538,0.09000000000000001,3.971714947004404,0.5538461538461539,0.09000000000000001
N20_drop0.40_s0.10_c0.00,20,0.4,0.1,0.0,False,26,0.10384615384615385,0.1,4.465045083252323,2.2153846153846155,0.6153846153846154,16,0.40384615384615385,0.35,0.5499999999999999,0.07387512605273366,0.2733933732602051,True,0.6088461538461538,0.09000000000000001,3.971714947004404,0.5538461538461539,0.09000000000000001
N20_drop0.40_s0.10_c0.15,20,0.4,0.1,0.15,False,26,0.10000000000000002,0.1,4.299506621713862,2.0846846846846847,0.5769230769230769,15,0.40384615384615385,0.35,0.5499999999999999,0.07386982253639905,0.27330101501290766,True,0.6088461538461538,0.09000000000000001,3.971714947004404,0.5538461538461539,0.09000000000000001
N20_drop0.40_s0.15_c0.00,20,0.4,0.15,0.0,False,26,0.10000000000000002,0.1,4.299506621713862,2.0846846846846847,0.5769230769230769,15,0.40384615384615385,0.35,0.5499999999999999,0.07387256946403947,0.27325517812405364,True,0.6088461538461538,0.09000000000000001,3.971714947004404,0.5538461538461539,0.09000000000000001
N20_drop0.40_s0.15_c0.05,20,0.4,0.15,0.05,False,26,0.10000000000000002,0.1,4.299506621713862,2.0846846846846847,0.5769230769230769,15,0.40384615384615385,0.35,0.5499999999999999,0.07387256946403947,0.27325517812405364,True,0.6088461538461538,0.09000000000000001,3.971714947004404,0.5538461538461539,0.09000000000000001
N20_drop0.40_s0.15_c0.15,20,0.4,0.15,0.15,False,26,0.10000000000000002,0.1,4.299506621713862,2.0846846846846847,0.5769230769230769,15,0.40384615384615385,0.35,0.5499999999999999,0.07386177124749677,0.2730830553996083,True,0.6088461538461538,0.09000000000000001,3.971714947004404,0.5538461538461539,0.09000000000000001
N20_drop0.40_s0.20_c0.00,20,0.4,0.2,0.0,False,26,0.10000000000000002,0.1,4.299506621713862,2.0846846846846847,0.5769230769230769,15,0.40384615384615385,0.35,0.5499999999999999,0.07387256946403947,0.27325517812405364,True,0.6088461538461538,0.09000000000000001,3.971714947004404,0.5538461538461539,0.09000000000000001
N20_drop0.40_s0.20_c0.05,20,0.4,0.2,0.05,False,26,0.10000000000000002,0.1,4.299506621713862,2.0846846846846847,0.5769230769230769,15,0.40384615384615385,0.35,0.5499999999999999,0.07386744109997843,0.27308653690319806,True,0.6088461538461538,0.09000000000000001,3.971714947004404,0.5538461538461539,0.09000000000000001
N20_drop0.40_s0.20_c0.10,20,0.4,0.2,0.1,False,26,0.10000000000000002,0.1,4.299506621713862,2.0846846846846847,0.5769230769230769,15,0.40384615384615385,0.35,0.5499999999999999,0.07386182911182976,0.27297657833942773,True,0.6088461538461538,0.09000000000000001,3.971714947004404,0.5538461538461539,0.09000000000000001
N50_drop0.10_s0.20_c0.05,50,0.1,0.2,0.05,False,26,0.10384615384615387,0.1,4.599718419653376,2.2153846153846155,0.6538461538461539,17,0.41538461538461535,0.35,0.4749999999999999,0.07493803486202281,0.2756456884659076,True,0.6091346153846153,0.09000000000000001,3.971714947004404,0.5538461538461539,0.09000000000000001
N100_drop0.10_s0.05_c0.10,100,0.1,0.05,0.1,False,26,0.10384615384615385,0.1,4.4951962243345704,2.0846846846846847,0.6153846153846154,16,0.4153846153846154,0.35,0.4749999999999999,0.07484208280707998,0.27523879916021715,True,0.6091346153846153,0.09000000000000001,3.971714947004404,0.5538461538461539,0.09000000000000001
N20_drop0.20_s0.05_c0.10,20,0.2,0.05,0.1,False,26,0.1076923076923077,0.1,4.587566845803497,2.2153846153846155,0.6538461538461539,17,0.4192307692307692,0.35,0.4499999999999999,0.07496466585380222,0.28268007720844623,True,0.6092307692307691,0.09000000000000001,3.971714947004404,0.5538461538461539,0.09000000000000001
N20_drop0.20_s0.05_c0.15,20,0.2,0.05,0.15,False,26,0.1076923076923077,0.1,4.587566845803497,2.2153846153846155,0.6538461538461539,17,0.4192307692307692,0.35,0.4499999999999999,0.07496187789290612,0.28269409121998296,True,0.6092307692307691,0.09000000000000001,3.971714947004404,0.5538461538461539,0.09000000000000001
N50_drop0.10_s0.10_c0.00,50,0.1,0.1,0.0,False,26,0.11153846153846156,0.1,4.725281131517783,2.2440677966101696,0.6923076923076923,18,0.41923076923076924,0.35,0.4499999999999999,0.07523262152444367,0.2808301200939859,True,0.6092307692307692,0.09000000000000001,3.971714947004404,0.5538461538461539,0.09000000000000001
N30_drop0.10_s0.20_c0.00,30,0.1,0.2,0.0,False,26,0.1076923076923077,0.1,4.635518419653376,2.2153846153846155,0.6538461538461539,17,0.41923076923076924,0.35,0.4499999999999999,0.07541962611460978,0.2820538824977431,True,0.6092307692307692,0.09000000000000001,3.971714947004404,0.5538461538461539,0.09000000000000001
N30_drop0.10_s0.20_c0.05,30,0.1,0.2,0.05,False,26,0.1076923076923077,0.1,4.635518419653376,2.2153846153846155,0.6538461538461539,17,0.41923076923076924,0.35,0.4499999999999999,0.0753939588167878,0.2818611060596312,True,0.6092307692307692,0.09000000000000001,3.971714947004404,0.5538461538461539,0.09000000000000001
N20_drop0.00_s0.05_c0.10,20,0.0,0.05,0.1,False,26,0.10384615384615387,0.1,4.454710301476365,2.0846846846846847,0.6153846153846154,16,0.4230769230769231,0.35,0.42499999999999993,0.07651370172144432,0.2923202979927461,True,0.609326923076923,0.09000000000000001,3.971714947004404,0.5538461538461539,0.09000000000000001
V9.2_baseline,10,0.0,0.0,0.0,True,26,0.1,0.1,4.413016607782671,1.5535714285714286,0.6153846153846154,16,0.42307692307692313,0.35,0.42499999999999993,0.07652595606968716,0.292727341086213,True,0.609326923076923,0.09000000000000001,3.971714947004404,0.5538461538461539,0.09000000000000001
N20_drop0.00_s0.00_c0.00,20,0.0,0.0,0.0,False,26,0.1,0.1,4.413016607782671,1.5535714285714286,0.6153846153846154,16,0.42307692307692313,0.35,0.42499999999999993,0.07652595606968716,0.292727341086213,True,0.609326923076923,0.09000000000000001,3.971714947004404,0.5538461538461539,0.09000000000000001
N20_drop0.00_s0.00_c0.05,20,0.0,0.0,0.05,False,26,0.1,0.1,4.413016607782671,1.5535714285714286,0.6153846153846154,16,0.42307692307692313,0.35,0.42499999999999993,0.07652595606968716,0.292727341086213,True,0.609326923076923,0.09000000000000001,3.971714947004404,0.5538461538461539,0.09000000000000001
N30_drop0.00_s0.00_c0.00,30,0.0,0.0,0.0,False,26,0.1,0.1,4.413016607782671,1.5535714285714286,0.6153846153846154,16,0.42307692307692313,0.35,0.42499999999999993,0.07652595606968716,0.292727341086213,True,0.609326923076923,0.09000000000000001,3.971714947004404,0.5538461538461539,0.09000000000000001
N30_drop0.00_s0.00_c0.05,30,0.0,0.0,0.05,False,26,0.1,0.1,4.413016607782671,1.5535714285714286,0.6153846153846154,16,0.42307692307692313,0.35,0.42499999999999993,0.07651929202589475,0.29275234135067185,True,0.609326923076923,0.09000000000000001,3.971714947004404,0.5538461538461539,0.09000000000000001
N50_drop0.00_s0.00_c0.00,50,0.0,0.0,0.0,False,26,0.1,0.1,4.413016607782671,1.5535714285714286,0.6153846153846154,16,0.42307692307692313,0.35,0.42499999999999993,0.07652595606968716,0.292727341086213,True,0.609326923076923,0.09000000000000001,3.971714947004404,0.5538461538461539,0.09000000000000001
N75_drop0.00_s0.00_c0.00,75,0.0,0.0,0.0,False,26,0.1,0.1,4.413016607782671,1.5535714285714286,0.6153846153846154,16,0.42307692307692313,0.35,0.42499999999999993,0.07652595606968716,0.292727341086213,True,0.609326923076923,0.09000000000000001,3.971714947004404,0.5538461538461539,0.09000000000000001
N100_drop0.00_s0.00_c0.00,100,0.0,0.0,0.0,False,26,0.1,0.1,4.413016607782671,1.5535714285714286,0.6153846153846154,16,0.42307692307692313,0.35,0.42499999999999993,0.07652595606968716,0.292727341086213,True,0.609326923076923,0.09000000000000001,3.971714947004404,0.5538461538461539,0.09000000000000001
N30_drop0.10_s0.05_c0.10,30,0.1,0.05,0.1,False,26,0.10384615384615387,0.1,4.420307586544238,2.0846846846846847,0.6153846153846154,16,0.4269230769230769,0.35,0.39999999999999997,0.07548636270472336,0.28472812047022017,True,0.6094230769230768,0.09000000000000001,3.971714947004404,0.5538461538461539,0.09000000000000001
N20_drop0.00_s0.10_c0.05,20,0.0,0.1,0.05,False,26,0.10384615384615387,0.1,4.454710301476365,2.0846846846846847,0.6153846153846154,16,0.4307692307692308,0.35,0.37499999999999994,0.07652356556283033,0.2920116093561028,True,0.6095192307692308,0.09000000000000001,3.971714947004404,0.5538461538461539,0.09000000000000001
N30_drop0.10_s0.10_c0.15,30,0.1,0.1,0.15,False,26,0.1,0.1,4.330544874679831,1.5985294117647058,0.5769230769230769,15,0.4307692307692308,0.35,0.375,0.07542515799264253,0.28313134125156936,True,0.6095192307692308,0.09000000000000001,3.971714947004404,0.5538461538461539,0.09000000000000001
N75_drop0.00_s0.00_c0.15,75,0.0,0.0,0.15,False,26,0.09615384615384616,0.1,4.299964355530418,1.476923076923077,0.5769230769230769,15,0.4307692307692308,0.35,0.375,0.07634308804415842,0.2947139714892184,True,0.6095192307692308,0.09000000000000001,3.971714947004404,0.5538461538461539,0.09000000000000001
N20_drop0.20_s0.20_c0.05,20,0.2,0.2,0.05,False,26,0.11153846153846156,0.1,4.725281131517783,2.2440677966101696,0.6923076923076923,18,0.43076923076923074,0.3,0.49999999999999994,0.07492140769140267,0.2805098310727028,True,0.6107692307692307,0.09000000000000001,3.971714947004404,0.5538461538461539,0.09000000000000001
N20_drop0.30_s0.05_c0.15,20,0.3,0.05,0.15,False,26,0.1,0.1,4.308125669332909,2.0846846846846847,0.5769230769230769,15,0.43076923076923074,0.3,0.49999999999999994,0.07436567494641098,0.27544428583752784,True,0.6107692307692307,0.09000000000000001,3.971714947004404,0.5538461538461539,0.09000000000000001
N30_drop0.00_s0.15_c0.05,30,0.0,0.15,0.05,False,26,0.10384615384615387,0.1,4.454710301476365,2.0846846846846847,0.6153846153846154,16,0.42692307692307696,0.4,0.3,0.07647386474253867,0.28980072050482514,True,0.611923076923077,0.09000000000000001,3.971714947004404,0.5538461538461539,0.09000000000000001
N30_drop0.00_s0.15_c0.10,30,0.0,0.15,0.1,False,26,0.10384615384615387,0.1,4.454710301476365,2.0846846846846847,0.6153846153846154,16,0.42692307692307696,0.4,0.3,0.07642217130483336,0.2889259298546152,True,0.611923076923077,0.09000000000000001,3.971714947004404,0.5538461538461539,0.09000000000000001
N50_drop0.00_s0.10_c0.05,50,0.0,0.1,0.05,False,26,0.10384615384615387,0.1,4.454710301476365,2.0846846846846847,0.6153846153846154,16,0.42692307692307696,0.4,0.3,0.07645736933704843,0.28963389562306624,True,0.611923076923077,0.09000000000000001,3.971714947004404,0.5538461538461539,0.09000000000000001
N30_drop0.00_s0.20_c0.05,30,0.0,0.2,0.05,False,26,0.10384615384615385,0.1,4.532206848871217,2.0846846846846847,0.6153846153846154,16,0.42692307692307696,0.4,0.3,0.07640083214983323,0.28826910094338404,True,0.611923076923077,0.09000000000000001,3.971714947004404,0.5538461538461539,0.09000000000000001
N75_drop0.00_s0.10_c0.00,75,0.0,0.1,0.0,False,26,0.10384615384615385,0.1,4.532206848871217,2.0846846846846847,0.6153846153846154,16,0.42692307692307696,0.4,0.3,0.07640975305286199,0.287328988181562,True,0.611923076923077,0.09000000000000001,3.971714947004404,0.5538461538461539,0.09000000000000001
N30_drop0.00_s0.20_c0.10,30,0.0,0.2,0.1,False,26,0.09615384615384617,0.1,4.329147589611957,1.5535714285714286,0.5769230769230769,15,0.42692307692307696,0.4,0.3,0.07633402194918266,0.2873530534402343,True,0.611923076923077,0.09000000000000001,3.971714947004404,0.5538461538461539,0.09000000000000001
N20_drop0.40_s0.10_c0.05,20,0.4,0.1,0.05,False,26,0.10000000000000002,0.1,4.299506621713862,2.0846846846846847,0.5769230769230769,15,0.4076923076923077,0.35,0.5499999999999999,0.07387436348653906,0.27330810596864674,True,0.6126923076923076,0.09000000000000001,3.971714947004404,0.5538461538461539,0.09000000000000001
N20_drop0.40_s0.10_c0.10,20,0.4,0.1,0.1,False,26,0.10000000000000002,0.1,4.299506621713862,2.0846846846846847,0.5769230769230769,15,0.4076923076923077,0.35,0.5499999999999999,0.07387431919574175,0.27330810596864674,True,0.6126923076923076,0.09000000000000001,3.971714947004404,0.5538461538461539,0.09000000000000001
N20_drop0.40_s0.15_c0.10,20,0.4,0.15,0.1,False,26,0.10000000000000002,0.1,4.299506621713862,2.0846846846846847,0.5769230769230769,15,0.4076923076923077,0.35,0.5499999999999999,0.07387431919574176,0.27330810596864674,True,0.6126923076923076,0.09000000000000001,3.971714947004404,0.5538461538461539,0.09000000000000001
N50_drop0.20_s0.05_c0.00,50,0.2,0.05,0.0,False,26,0.1,0.1,4.433862957468502,2.0846846846846847,0.5769230769230769,15,0.41538461538461535,0.35,0.49999999999999994,0.07471195505315706,0.2756249921154025,True,0.6128846153846153,0.09000000000000001,3.971714947004404,0.5538461538461539,0.09000000000000001
N100_drop0.10_s0.10_c0.10,100,0.1,0.1,0.1,False,26,0.09615384615384616,0.1,4.264706239742891,1.5985294117647058,0.5769230769230769,15,0.4153846153846154,0.35,0.49999999999999994,0.07462456439408899,0.2726459150710605,True,0.6128846153846154,0.09000000000000001,3.971714947004404,0.5538461538461539,0.09000000000000001
N75_drop0.10_s0.05_c0.10,75,0.1,0.05,0.1,False,26,0.11153846153846153,0.1,4.677329557667904,2.2153846153846155,0.6538461538461539,17,0.4192307692307693,0.35,0.4749999999999999,0.07485815064943878,0.2770101857223594,True,0.6129807692307692,0.09000000000000001,3.971714947004404,0.5538461538461539,0.09000000000000001
N20_drop0.10_s0.20_c0.05,20,0.1,0.2,0.05,False,26,0.11153846153846156,0.1,4.725281131517783,2.2440677966101696,0.6923076923076923,18,0.4230769230769231,0.35,0.4499999999999999,0.0757414317370261,0.28338095004594294,True,0.6130769230769231,0.09000000000000001,3.971714947004404,0.5538461538461539,0.09000000000000001
N30_drop0.10_s0.15_c0.00,30,0.1,0.15,0.0,False,26,0.11153846153846156,0.1,4.725281131517783,2.2440677966101696,0.6923076923076923,18,0.4230769230769231,0.35,0.4499999999999999,0.07547455384185259,0.28283126829950034,True,0.6130769230769231,0.09000000000000001,3.971714947004404,0.5538461538461539,0.09000000000000001
N50_drop0.10_s0.05_c0.15,50,0.1,0.05,0.15,False,26,0.10000000000000002,0.1,4.2739742532109055,1.5985294117647058,0.5769230769230769,15,0.4230769230769231,0.35,0.4499999999999999,0.07513087232454853,0.2817457194453653,True,0.6130769230769231,0.09000000000000001,3.971714947004404,0.5538461538461539,0.09000000000000001
N20_drop0.10_s0.15_c0.15,20,0.1,0.15,0.15,False,26,0.1,0.1,4.330544874679831,1.5985294117647058,0.5769230769230769,15,0.43076923076923074,0.35,0.39999999999999997,0.07573637955549241,0.28369797407326947,True,0.6132692307692307,0.09000000000000001,3.971714947004404,0.5538461538461539,0.09000000000000001
N50_drop0.00_s0.15_c0.05,50,0.0,0.15,0.05,False,26,0.10384615384615385,0.1,4.532206848871217,2.0846846846846847,0.6153846153846154,16,0.4192307692307693,0.4,0.375,0.07636010267004638,0.285602481325328,True,0.6154807692307693,0.09000000000000001,3.971714947004404,0.5538461538461539,0.09000000000000001
N100_drop0.00_s0.10_c0.00,100,0.0,0.1,0.0,False,26,0.10384615384615385,0.1,4.532206848871217,2.0846846846846847,0.6153846153846154,16,0.4192307692307693,0.4,0.375,0.07632766510740577,0.2842554005015582,True,0.6154807692307693,0.09000000000000001,3.971714947004404,0.5538461538461539,0.09000000000000001
N20_drop0.00_s0.10_c0.10,20,0.0,0.1,0.1,False,26,0.10384615384615387,0.1,4.454710301476365,2.0846846846846847,0.6153846153846154,16,0.4307692307692308,0.4,0.3,0.07651419822109551,0.2918100429855905,True,0.6157692307692308,0.09000000000000001,3.971714947004404,0.5538461538461539,0.09000000000000001
N20_drop0.00_s0.20_c0.00,20,0.0,0.2,0.0,False,26,0.10384615384615387,0.1,4.454710301476365,2.0846846846846847,0.6153846153846154,16,0.4307692307692308,0.4,0.3,0.07647089644236202,0.2897242060971411,True,0.6157692307692308,0.09000000000000001,3.971714947004404,0.5538461538461539,0.09000000000000001
N20_drop0.00_s0.20_c0.05,20,0.0,0.2,0.05,False,26,0.10384615384615387,0.1,4.454710301476365,2.0846846846846847,0.6153846153846154,16,0.4307692307692308,0.4,0.3,0.07647632792736522,0.2898709588035889,True,0.6157692307692308,0.09000000000000001,3.971714947004404,0.5538461538461539,0.09000000000000001
N30_drop0.00_s0.15_c0.00,30,0.0,0.15,0.0,False,26,0.10384615384615387,0.1,4.454710301476365,2.0846846846846847,0.6153846153846154,16,0.4307692307692308,0.4,0.3,0.07648365658308728,0.2900448058258859,True,0.6157692307692308,0.09000000000000001,3.971714947004404,0.5538461538461539,0.09000000000000001
N75_drop0.00_s0.05_c0.00,75,0.0,0.05,0.0,False,26,0.10384615384615387,0.1,4.454710301476365,2.0846846846846847,0.6153846153846154,16,0.4307692307692308,0.4,0.3,0.07648365658308728,0.2900448058258859,True,0.6157692307692308,0.09000000000000001,3.971714947004404,0.5538461538461539,0.09000000000000001
N50_drop0.00_s0.10_c0.00,50,0.0,0.1,0.0,False,26,0.10384615384615385,0.1,4.532206848871217,2.0846846846846847,0.6153846153846154,16,0.4307692307692308,0.4,0.3,0.07646844300306163,0.28942606553117284,True,0.6157692307692308,0.09000000000000001,3.971714947004404,0.5538461538461539,0.09000000000000001
N100_drop0.00_s0.05_c0.00,100,0.0,0.05,0.0,False,26,0.10384615384615385,0.1,4.532206848871217,2.0846846846846847,0.6153846153846154,16,0.4307692307692308,0.4,0.3,0.07646510170974136,0.28932038897524115,True,0.6157692307692308,0.09000000000000001,3.971714947004404,0.5538461538461539,0.09000000000000001
N30_drop0.00_s0.15_c0.15,30,0.0,0.15,0.15,False,26,0.09615384615384617,0.1,4.329147589611957,1.5535714285714286,0.5769230769230769,15,0.4307692307692308,0.4,0.3,0.07633010575540734,0.2879587760605443,True,0.6157692307692308,0.09000000000000001,3.971714947004404,0.5538461538461539,0.09000000000000001
N50_drop0.00_s0.10_c0.10,50,0.0,0.1,0.1,False,26,0.09615384615384617,0.1,4.329147589611957,1.5535714285714286,0.5769230769230769,15,0.4307692307692308,0.4,0.3,0.07638913970720557,0.28799997019621504,True,0.6157692307692308,0.09000000000000001,3.971714947004404,0.5538461538461539,0.09000000000000001
N20_drop0.00_s0.10_c0.15,20,0.0,0.1,0.15,False,26,0.1,0.1,4.364947589611957,1.5535714285714286,0.5769230769230769,15,0.4346153846153846,0.4,0.27499999999999997,0.0764735787051407,0.2917752720179378,True,0.6158653846153846,0.09000000000000001,3.971714947004404,0.5538461538461539,0.09000000000000001
N50_drop0.00_s0.05_c0.10,50,0.0,0.05,0.1,False,26,0.1,0.1,4.364947589611957,1.5535714285714286,0.5769230769230769,15,0.4346153846153846,0.4,0.27499999999999997,0.0764567391328803,0.29158121553517075,True,0.6158653846153846,0.09000000000000001,3.971714947004404,0.5538461538461539,0.09000000000000001
N75_drop0.10_s0.10_c0.05,75,0.1,0.1,0.05,False,26,0.1076923076923077,0.1,4.587566845803497,2.2153846153846155,0.6538461538461539,17,0.40769230769230774,0.35,0.575,0.07480624363507518,0.27633140933182065,True,0.6164423076923078,0.09000000000000001,3.971714947004404,0.5538461538461539,0.09000000000000001
N75_drop0.10_s0.05_c0.05,75,0.1,0.05,0.05,False,26,0.1076923076923077,0.1,4.587566845803497,2.2153846153846155,0.6538461538461539,17,0.4192307692307693,0.35,0.49999999999999994,0.07488773496998394,0.27733361182605265,True,0.6167307692307692,0.09000000000000001,3.971714947004404,0.5538461538461539,0.09000000000000001
N50_drop0.20_s0.05_c0.05,50,0.2,0.05,0.05,False,26,0.1,0.1,4.433862957468502,2.0846846846846847,0.5769230769230769,15,0.41923076923076924,0.35,0.49999999999999994,0.07470984061240615,0.2755429850611861,True,0.6167307692307692,0.09000000000000001,3.971714947004404,0.5538461538461539,0.09000000000000001
N50_drop0.20_s0.10_c0.05,50,0.2,0.1,0.05,False,26,0.1,0.1,4.433862957468502,2.0846846846846847,0.5769230769230769,15,0.41923076923076924,0.35,0.49999999999999994,0.07470046853923774,0.2751537406157193,True,0.6167307692307692,0.09000000000000001,3.971714947004404,0.5538461538461539,0.09000000000000001
N50_drop0.20_s0.15_c0.15,50,0.2,0.15,0.15,False,26,0.1,0.1,4.4054335124701645,2.0846846846846847,0.6153846153846154,16,0.41923076923076924,0.35,0.49999999999999994,0.07441735983329133,0.2720748343265462,True,0.6167307692307692,0.09000000000000001,3.971714947004404,0.5538461538461539,0.09000000000000001
N20_drop0.20_s0.05_c0.05,20,0.2,0.05,0.05,False,26,0.1076923076923077,0.1,4.587566845803497,2.2153846153846155,0.6538461538461539,17,0.4230769230769231,0.35,0.4749999999999999,0.07496704772743878,0.2827692374184541,True,0.616826923076923,0.09000000000000001,3.971714947004404,0.5538461538461539,0.09000000000000001
N20_drop0.20_s0.10_c0.15,20,0.2,0.1,0.15,False,26,0.1076923076923077,0.1,4.587566845803497,2.2153846153846155,0.6538461538461539,17,0.42692307692307696,0.35,0.4499999999999999,0.07496082962362825,0.28247933378039874,True,0.6169230769230769,0.09000000000000001,3.971714947004404,0.5538461538461539,0.09000000000000001
N30_drop0.20_s0.05_c0.15,30,0.2,0.05,0.15,False,26,0.10384615384615387,0.1,4.420307586544238,2.0846846846846847,0.6153846153846154,16,0.42692307692307696,0.35,0.4499999999999999,0.07477059399387029,0.2776438738426489,True,0.6169230769230769,0.09000000000000001,3.971714947004404,0.5538461538461539,0.09000000000000001
N20_drop0.00_s0.05_c0.15,20,0.0,0.05,0.15,False,26,0.1,0.1,4.364947589611957,1.5535714285714286,0.5769230769230769,15,0.4307692307692308,0.35,0.42499999999999993,0.07647508022817505,0.2925362391758012,True,0.6170192307692307,0.09000000000000001,3.971714947004404,0.5538461538461539,0.09000000000000001
N50_drop0.00_s0.00_c0.05,50,0.0,0.0,0.05,False,26,0.09615384615384617,0.1,4.323253895918263,1.476923076923077,0.5769230769230769,15,0.4307692307692308,0.35,0.42499999999999993,0.07651416280586384,0.29326932938262557,True,0.6170192307692307,0.09000000000000001,3.971714947004404,0.5538461538461539,0.09000000000000001
N75_drop0.00_s0.00_c0.05,75,0.0,0.0,0.05,False,26,0.09615384615384617,0.1,4.323253895918263,1.476923076923077,0.5769230769230769,15,0.4307692307692308,0.35,0.42499999999999993,0.07649791437798101,0.29326932938262557,True,0.6170192307692307,0.09000000000000001,3.971714947004404,0.5538461538461539,0.09000000000000001
N100_drop0.00_s0.00_c0.05,100,0.0,0.0,0.05,False,26,0.09615384615384617,0.1,4.323253895918263,1.476923076923077,0.5769230769230769,15,0.4307692307692308,0.35,0.42499999999999993,0.07649791437798101,0.29326932938262557,True,0.6170192307692307,0.09000000000000001,3.971714947004404,0.5538461538461539,0.09000000000000001
N50_drop0.10_s0.05_c0.05,50,0.1,0.05,0.05,False,26,0.10384615384615387,0.1,4.420307586544238,2.0846846846846847,0.6153846153846154,16,0.4230769230769231,0.4,0.37499999999999994,0.07527713815524359,0.2817920450825793,True,0.619326923076923,0.09000000000000001,3.971714947004404,0.5538461538461539,0.09000000000000001
N30_drop0.10_s0.15_c0.10,30,0.1,0.15,0.1,False,26,0.10384615384615385,0.1,4.49780413393909,2.0846846846846847,0.6153846153846154,16,0.4230769230769231,0.4,0.37499999999999994,0.07541915919328182,0.28267765276201795,True,0.619326923076923,0.09000000000000001,3.971714947004404,0.5538461538461539,0.09000000000000001
N75_drop0.00_s0.10_c0.05,75,0.0,0.1,0.05,False,26,0.10384615384615385,0.1,4.532206848871217,2.0846846846846847,0.6153846153846154,16,0.42307692307692313,0.4,0.375,0.07641311125060386,0.2881970282674074,True,0.6193269230769232,0.09000000000000001,3.971714947004404,0.5538461538461539,0.09000000000000001
N100_drop0.00_s0.10_c0.05,100,0.0,0.1,0.05,False,26,0.09615384615384617,0.1,4.427325767790136,2.0846846846846847,0.6153846153846154,16,0.42307692307692313,0.4,0.375,0.07615829456875159,0.2825014025557779,True,0.6193269230769232,0.09000000000000001,3.971714947004404,0.5538461538461539,0.09000000000000001
N50_drop0.00_s0.05_c0.15,50,0.0,0.05,0.15,False,26,0.10384615384615387,0.1,4.4340286706930385,1.5535714285714286,0.5769230769230769,15,0.42692307692307696,0.4,0.35,0.07641458272909918,0.29106225787108075,True,0.619423076923077,0.09000000000000001,3.971714947004404,0.5538461538461539,0.09000000000000001
N20_drop0.00_s0.15_c0.15,20,0.0,0.15,0.15,False,26,0.10384615384615387,0.1,4.454710301476365,2.0846846846846847,0.6153846153846154,16,0.4346153846153846,0.4,0.3,0.07645402493361632,0.29028259054029715,True,0.6196153846153847,0.09000000000000001,3.971714947004404,0.5538461538461539,0.09000000000000001
N75_drop0.00_s0.05_c0.10,75,0.0,0.05,0.1,False,26,0.10384615384615387,0.1,4.4340286706930385,1.5535714285714286,0.5769230769230769,15,0.4346153846153846,0.4,0.3,0.07643615140805086,0.2904149977750778,True,0.6196153846153847,0.09000000000000001,3.971714947004404,0.5538461538461539,0.09000000000000001
N30_drop0.00_s0.10_c0.15,30,0.0,0.1,0.15,False,26,0.1,0.1,4.364947589611957,1.5535714285714286,0.5769230769230769,15,0.4346153846153846,0.4,0.3,0.0764430491033635,0.2904482887440839,True,0.6196153846153847,0.09000000000000001,3.971714947004404,0.5538461538461539,0.09000000000000001
N20_drop0.00_s0.15_c0.00,20,0.0,0.15,0.0,False,26,0.10384615384615387,0.1,4.454710301476365,2.0846846846846847,0.6153846153846154,16,0.43461538461538474,0.4,0.3,0.07651808315215128,0.2906912088141199,True,0.6196153846153848,0.09000000000000001,3.971714947004404,0.5538461538461539,0.09000000000000001
N20_drop0.00_s0.15_c0.05,20,0.0,0.15,0.05,False,26,0.10384615384615387,0.1,4.454710301476365,2.0846846846846847,0.6153846153846154,16,0.43461538461538474,0.4,0.3,0.07648886707236038,0.29034797663161344,True,0.6196153846153848,0.09000000000000001,3.971714947004404,0.5538461538461539,0.09000000000000001
N20_drop0.00_s0.15_c0.10,20,0.0,0.15,0.1,False,26,0.10384615384615387,0.1,4.454710301476365,2.0846846846846847,0.6153846153846154,16,0.43461538461538474,0.4,0.3,0.07647909651010623,0.29044984008780267,True,0.6196153846153848,0.09000000000000001,3.971714947004404,0.5538461538461539,0.09000000000000001
N30_drop0.00_s0.10_c0.00,30,0.0,0.1,0.0,False,26,0.10384615384615387,0.1,4.454710301476365,2.0846846846846847,0.6153846153846154,16,0.43461538461538474,0.4,0.3,0.07651808315215128,0.2906912088141199,True,0.6196153846153848,0.09000000000000001,3.971714947004404,0.5538461538461539,0.09000000000000001
N75_drop0.00_s0.05_c0.05,75,0.0,0.05,0.05,False,26,0.1,0.1,4.364947589611957,1.5535714285714286,0.5769230769230769,15,0.43461538461538474,0.4,0.3,0.07647897833968563,0.29035704225108633,True,0.6196153846153848,0.09000000000000001,3.971714947004404,0.5538461538461539,0.09000000000000001
N20_drop0.20_s0.15_c0.10,20,0.2,0.15,0.1,False,26,0.1076923076923077,0.1,4.587566845803497,2.2153846153846155,0.6538461538461539,17,0.42692307692307696,0.35,0.4749999999999999,0.07492306551207659,0.28065987112362567,True,0.6206730769230768,0.09000000000000001,3.971714947004404,0.5538461538461539,0.09000000000000001
N30_drop0.20_s0.10_c0.10,30,0.2,0.1,0.1,False,26,0.1076923076923077,0.1,4.587566845803497,2.2153846153846155,0.6538461538461539,17,0.42692307692307696,0.35,0.4749999999999999,0.07477260667746043,0.2772774678226465,True,0.6206730769230768,0.09000000000000001,3.971714947004404,0.5538461538461539,0.09000000000000001
N30_drop0.20_s0.10_c0.15,30,0.2,0.1,0.15,False,26,0.1076923076923077,0.1,4.587566845803497,2.2153846153846155,0.6538461538461539,17,0.42692307692307696,0.35,0.4749999999999999,0.0747357227764753,0.27698656417765005,True,0.6206730769230768,0.09000000000000001,3.971714947004404,0.5538461538461539,0.09000000000000001
N30_drop0.20_s0.15_c0.15,30,0.2,0.15,0.15,False,26,0.10384615384615385,0.1,4.551766845803497,2.2153846153846155,0.6538461538461539,17,0.42692307692307696,0.35,0.4749999999999999,0.07466436540616682,0.2757332159824861,True,0.6206730769230768,0.09000000000000001,3.971714947004404,0.5538461538461539,0.09000000000000001
N50_drop0.00_s0.00_c0.10,50,0.0,0.0,0.1,False,26,0.1,0.1,4.3923349769993445,1.476923076923077,0.5769230769230769,15,0.4346153846153846,0.35,0.42499999999999993,0.07647404428669857,0.29337737834571787,True,0.6208653846153845,0.09000000000000001,3.971714947004404,0.5538461538461539,0.09000000000000001
N75_drop0.00_s0.00_c0.10,75,0.0,0.0,0.1,False,26,0.1,0.1,4.3923349769993445,1.476923076923077,0.5769230769230769,15,0.4346153846153846,0.35,0.42499999999999993,0.07644133644319359,0.2936389225340911,True,0.6208653846153845,0.09000000000000001,3.971714947004404,0.5538461538461539,0.09000000000000001
N100_drop0.00_s0.00_c0.10,100,0.0,0.0,0.1,False,26,0.1,0.1,4.3923349769993445,1.476923076923077,0.5769230769230769,15,0.4346153846153846,0.35,0.42499999999999993,0.07644133644319359,0.2936389225340911,True,0.6208653846153845,0.09000000000000001,3.971714947004404,0.5538461538461539,0.09000000000000001
N20_drop0.00_s0.00_c0.15,20,0.0,0.0,0.15,False,26,0.1,0.1,4.364947589611957,1.5535714285714286,0.5769230769230769,15,0.4346153846153846,0.35,0.42499999999999993,0.0765031830666149,0.29330992954914425,True,0.6208653846153845,0.09000000000000001,3.971714947004404,0.5538461538461539,0.09000000000000001
N20_drop0.00_s0.00_c0.10,20,0.0,0.0,0.1,False,26,0.09615384615384617,0.1,4.323253895918263,1.476923076923077,0.5769230769230769,15,0.4346153846153846,0.35,0.42499999999999993,0.07650703910044174,0.29332681161425983,True,0.6208653846153845,0.09000000000000001,3.971714947004404,0.5538461538461539,0.09000000000000001
N30_drop0.00_s0.00_c0.10,30,0.0,0.0,0.1,False,26,0.09615384615384617,0.1,4.323253895918263,1.476923076923077,0.5769230769230769,15,0.4346153846153846,0.35,0.42499999999999993,0.07650610702169351,0.2935986397881868,True,0.6208653846153845,0.09000000000000001,3.971714947004404,0.5538461538461539,0.09000000000000001
N30_drop0.00_s0.00_c0.15,30,0.0,0.0,0.15,False,26,0.09615384615384617,0.1,4.323253895918263,1.476923076923077,0.5769230769230769,15,0.4346153846153846,0.35,0.42499999999999993,0.07645825270581351,0.29299392639421445,True,0.6208653846153845,0.09000000000000001,3.971714947004404,0.5538461538461539,0.09000000000000001
N50_drop0.00_s0.20_c0.00,50,0.0,0.2,0.0,False,26,0.10384615384615387,0.1,4.634121134585502,2.685,0.6538461538461539,17,0.4230769230769231,0.4,0.39999999999999997,0.0761291773707217,0.28194862456832215,True,0.623076923076923,0.09000000000000001,3.971714947004404,0.5538461538461539,0.09000000000000001
N50_drop0.00_s0.20_c0.10,50,0.0,0.2,0.1,False,26,0.1,0.1,4.496406848871216,2.0846846846846847,0.6153846153846154,16,0.4230769230769231,0.4,0.39999999999999997,0.07600192191729085,0.28194739442486577,True,0.623076923076923,0.09000000000000001,3.971714947004404,0.5538461538461539,0.09000000000000001
N20_drop0.20_s0.10_c0.05,20,0.2,0.1,0.05,False,26,0.1076923076923077,0.1,4.587566845803497,2.2153846153846155,0.6538461538461539,17,0.42692307692307685,0.35,0.49999999999999994,0.0749590934092511,0.2823673080127979,True,0.6244230769230767,0.09000000000000001,3.971714947004404,0.5538461538461539,0.09000000000000001
N30_drop0.20_s0.20_c0.00,30,0.2,0.2,0.0,False,26,0.11153846153846156,0.1,4.725281131517783,2.2440677966101696,0.6923076923076923,18,0.42692307692307696,0.35,0.49999999999999994,0.07472729742079527,0.27602560378045615,True,0.6244230769230769,0.09000000000000001,3.971714947004404,0.5538461538461539,0.09000000000000001
N20_drop0.30_s0.20_c0.00,20,0.3,0.2,0.0,False,26,0.10384615384615387,0.1,4.4458399550471945,2.2153846153846155,0.6153846153846154,16,0.42692307692307696,0.35,0.49999999999999994,0.0743632489715692,0.27470925512928174,True,0.6244230769230769,0.09000000000000001,3.971714947004404,0.5538461538461539,0.09000000000000001
N20_drop0.20_s0.10_c0.10,20,0.2,0.1,0.1,False,26,0.1076923076923077,0.1,4.587566845803497,2.2153846153846155,0.6538461538461539,17,0.4307692307692308,0.35,0.4749999999999999,0.07495730475103285,0.2822023788476044,True,0.6245192307692307,0.09000000000000001,3.971714947004404,0.5538461538461539,0.09000000000000001
N20_drop0.20_s0.20_c0.10,20,0.2,0.2,0.1,False,26,0.10384615384615385,0.1,4.49780413393909,2.0846846846846847,0.6153846153846154,16,0.43076923076923074,0.35,0.4749999999999999,0.07490987630845401,0.2802194155674147,True,0.6245192307692307,0.09000000000000001,3.971714947004404,0.5538461538461539,0.09000000000000001
N100_drop0.10_s0.10_c0.05,100,0.1,0.1,0.05,False,26,0.1,0.1,4.46200413393909,2.0846846846846847,0.6153846153846154,16,0.4115384615384616,0.4,0.49999999999999994,0.07469229924785822,0.27273964385458177,True,0.6265384615384615,0.09000000000000001,3.971714947004404,0.5538461538461539,0.09000000000000001
N75_drop0.10_s0.15_c0.00,75,0.1,0.15,0.0,False,26,0.10384615384615387,0.1,4.599718419653376,2.2153846153846155,0.6538461538461539,17,0.4153846153846154,0.4,0.475,0.07462640085416819,0.27258483766968467,True,0.6266346153846154,0.09000000000000001,3.971714947004404,0.5538461538461539,0.09000000000000001
N20_drop0.10_s0.10_c0.10,20,0.1,0.1,0.1,False,26,0.10384615384615387,0.1,4.420307586544238,2.0846846846846847,0.6153846153846154,16,0.4269230769230769,0.4,0.39999999999999997,0.07574916651803106,0.28472143996467236,True,0.6269230769230768,0.09000000000000001,3.971714947004404,0.5538461538461539,0.09000000000000001
N50_drop0.00_s0.20_c0.05,50,0.0,0.2,0.05,False,26,0.1,0.1,4.496406848871216,2.0846846846846847,0.6153846153846154,16,0.4269230769230769,0.4,0.39999999999999997,0.07610389884265338,0.28174974003435604,True,0.6269230769230768,0.09000000000000001,3.971714947004404,0.5538461538461539,0.09000000000000001
N75_drop0.00_s0.15_c0.05,75,0.0,0.15,0.05,False,26,0.1,0.1,4.496406848871216,2.0846846846846847,0.6153846153846154,16,0.4269230769230769,0.4,0.39999999999999997,0.07609511239399933,0.28170501580151663,True,0.6269230769230768,0.09000000000000001,3.971714947004404,0.5538461538461539,0.09000000000000001
N75_drop0.00_s0.05_c0.15,75,0.0,0.05,0.15,False,26,0.10000000000000002,0.1,4.341658049224112,1.5535714285714286,0.5769230769230769,15,0.4307692307692308,0.4,0.375,0.07625657127665796,0.28952108120457215,True,0.6270192307692308,0.09000000000000001,3.971714947004404,0.5538461538461539,0.09000000000000001
N30_drop0.00_s0.10_c0.10,30,0.0,0.1,0.1,False,26,0.1,0.1,4.364947589611957,1.5535714285714286,0.5769230769230769,15,0.4423076923076923,0.4,0.3,0.07647401852488347,0.2905442387101962,True,0.6273076923076923,0.09000000000000001,3.971714947004404,0.5538461538461539,0.09000000000000001
N50_drop0.20_s0.10_c0.10,50,0.2,0.1,0.1,False,26,0.1,0.1,4.487825669332909,2.2153846153846155,0.6153846153846154,16,0.41923076923076924,0.35,0.575,0.07464728409466824,0.2741147192583322,True,0.6279807692307693,0.09000000000000001,3.971714947004404,0.5538461538461539,0.09000000000000001
N50_drop0.20_s0.10_c0.15,50,0.2,0.1,0.15,False,26,0.1,0.1,4.487825669332909,2.2153846153846155,0.6153846153846154,16,0.41923076923076924,0.35,0.575,0.07461673827759994,0.2738680582014449,True,0.6279807692307693,0.09000000000000001,3.971714947004404,0.5538461538461539,0.09000000000000001
N20_drop0.20_s0.15_c0.00,20,0.2,0.15,0.0,False,26,0.11153846153846156,0.1,4.725281131517783,2.2440677966101696,0.6923076923076923,18,0.43076923076923074,0.35,0.49999999999999994,0.07494810600966663,0.2806846968052611,True,0.6282692307692307,0.09000000000000001,3.971714947004404,0.5538461538461539,0.09000000000000001
N20_drop0.20_s0.20_c0.00,20,0.2,0.2,0.0,False,26,0.11153846153846156,0.1,4.725281131517783,2.2440677966101696,0.6923076923076923,18,0.43076923076923074,0.35,0.49999999999999994,0.07492202330549692,0.28044410331259595,True,0.6282692307692307,0.09000000000000001,3.971714947004404,0.5538461538461539,0.09000000000000001
N30_drop0.20_s0.20_c0.05,30,0.2,0.2,0.05,False,26,0.11153846153846156,0.1,4.725281131517783,2.2440677966101696,0.6923076923076923,18,0.4307692307692308,0.35,0.49999999999999994,0.07472689376059832,0.27634144585031584,True,0.6282692307692307,0.09000000000000001,3.971714947004404,0.5538461538461539,0.09000000000000001
N20_drop0.20_s0.15_c0.05,20,0.2,0.15,0.05,False,26,0.1076923076923077,0.1,4.587566845803497,2.2153846153846155,0.6538461538461539,17,0.43076923076923074,0.35,0.49999999999999994,0.07495382133751853,0.2806975722209258,True,0.6282692307692307,0.09000000000000001,3.971714947004404,0.5538461538461539,0.09000000000000001
N30_drop0.20_s0.15_c0.10,30,0.2,0.15,0.1,False,26,0.1076923076923077,0.1,4.587566845803497,2.2153846153846155,0.6538461538461539,17,0.43076923076923074,0.35,0.49999999999999994,0.07473727829186756,0.27665786675121606,True,0.6282692307692307,0.09000000000000001,3.971714947004404,0.5538461538461539,0.09000000000000001
N20_drop0.30_s0.05_c0.00,20,0.3,0.05,0.0,False,26,0.10384615384615387,0.1,4.4458399550471945,2.2153846153846155,0.6153846153846154,16,0.4307692307692308,0.35,0.49999999999999994,0.0743707899793255,0.2754149234065139,True,0.6282692307692307,0.09000000000000001,3.971714947004404,0.5538461538461539,0.09000000000000001
N20_drop0.30_s0.05_c0.05,20,0.3,0.05,0.05,False,26,0.10384615384615387,0.1,4.4458399550471945,2.2153846153846155,0.6153846153846154,16,0.4307692307692308,0.35,0.49999999999999994,0.0743707899793255,0.2754149234065139,True,0.6282692307692307,0.09000000000000001,3.971714947004404,0.5538461538461539,0.09000000000000001
N20_drop0.30_s0.10_c0.00,20,0.3,0.1,0.0,False,26,0.10384615384615387,0.1,4.4458399550471945,2.2153846153846155,0.6153846153846154,16,0.4307692307692308,0.35,0.49999999999999994,0.07437075898945793,0.27537262603326873,True,0.6282692307692307,0.09000000000000001,3.971714947004404,0.5538461538461539,0.09000000000000001
N20_drop0.30_s0.10_c0.05,20,0.3,0.1,0.05,False,26,0.10384615384615387,0.1,4.4458399550471945,2.2153846153846155,0.6153846153846154,16,0.4307692307692308,0.35,0.49999999999999994,0.07437000932899343,0.2752997064530981,True,0.6282692307692307,0.09000000000000001,3.971714947004404,0.5538461538461539,0.09000000000000001
N20_drop0.30_s0.15_c0.00,20,0.3,0.15,0.0,False,26,0.10384615384615387,0.1,4.4458399550471945,2.2153846153846155,0.6153846153846154,16,0.4307692307692308,0.35,0.49999999999999994,0.07436757430220783,0.274972198720037,True,0.6282692307692307,0.09000000000000001,3.971714947004404,0.5538461538461539,0.09000000000000001
N20_drop0.30_s0.15_c0.05,20,0.3,0.15,0.05,False,26,0.10384615384615387,0.1,4.4458399550471945,2.2153846153846155,0.6153846153846154,16,0.4307692307692308,0.35,0.49999999999999994,0.07436844049596905,0.27512450722340903,True,0.6282692307692307,0.09000000000000001,3.971714947004404,0.5538461538461539,0.09000000000000001
N20_drop0.30_s0.20_c0.05,20,0.3,0.2,0.05,False,26,0.10384615384615387,0.1,4.4458399550471945,2.2153846153846155,0.6153846153846154,16,0.4307692307692308,0.35,0.49999999999999994,0.07436110844990441,0.2750547608367456,True,0.6282692307692307,0.09000000000000001,3.971714947004404,0.5538461538461539,0.09000000000000001
N30_drop0.20_s0.20_c0.10,30,0.2,0.2,0.1,False,26,0.10384615384615385,0.1,4.551766845803497,2.2153846153846155,0.6538461538461539,17,0.43076923076923074,0.35,0.49999999999999994,0.07466660044133712,0.27541211196175525,True,0.6282692307692307,0.09000000000000001,3.971714947004404,0.5538461538461539,0.09000000000000001
N20_drop0.20_s0.15_c0.15,20,0.2,0.15,0.15,False,26,0.10384615384615385,0.1,4.49780413393909,2.0846846846846847,0.6153846153846154,16,0.4346153846153846,0.35,0.4749999999999999,0.07491203848860102,0.2808898331103171,True,0.6283653846153845,0.09000000000000001,3.971714947004404,0.5538461538461539,0.09000000000000001
N50_drop0.10_s0.15_c0.05,50,0.1,0.15,0.05,False,26,0.1076923076923077,0.1,4.635518419653376,2.2153846153846155,0.6538461538461539,17,0.41923076923076924,0.4,0.4749999999999999,0.07508108146953765,0.27922681189178733,True,0.6304807692307692,0.09000000000000001,3.971714947004404,0.5538461538461539,0.09000000000000001
N75_drop0.10_s0.10_c0.15,75,0.1,0.1,0.15,False,26,0.1,0.1,4.4054335124701645,2.0846846846846847,0.6153846153846154,16,0.4192307692307693,0.4,0.4749999999999999,0.07460376602267765,0.27492479050053376,True,0.6304807692307692,0.09000000000000001,3.971714947004404,0.5538461538461539,0.09000000000000001
N30_drop0.20_s0.00_c0.10,30,0.2,0.0,0.1,False,26,0.1076923076923077,0.1,4.587566845803497,2.2153846153846155,0.6538461538461539,17,0.4230769230769231,0.4,0.4499999999999999,0.07478393088849115,0.2777363971233544,True,0.630576923076923,0.09000000000000001,3.971714947004404,0.5538461538461539,0.09000000000000001
N30_drop0.10_s0.15_c0.05,30,0.1,0.15,0.05,False,26,0.10384615384615385,0.1,4.49780413393909,2.0846846846846847,0.6153846153846154,16,0.4230769230769231,0.4,0.4499999999999999,0.07543806733454911,0.28252992490589524,True,0.630576923076923,0.09000000000000001,3.971714947004404,0.5538461538461539,0.09000000000000001
N30_drop0.00_s0.05_c0.15,30,0.0,0.05,0.15,False,26,0.1,0.1,4.364947589611957,1.5535714285714286,0.5769230769230769,15,0.42692307692307696,0.4,0.42499999999999993,0.07645468098024134,0.2918718584276632,True,0.630673076923077,0.09000000000000001,3.971714947004404,0.5538461538461539,0.09000000000000001
N20_drop0.10_s0.05_c0.05,20,0.1,0.05,0.05,False,26,0.10384615384615387,0.1,4.420307586544238,2.0846846846846847,0.6153846153846154,16,0.43076923076923074,0.4,0.39999999999999997,0.07576128916219363,0.2851427510744306,True,0.6307692307692306,0.09000000000000001,3.971714947004404,0.5538461538461539,0.09000000000000001
N30_drop0.10_s0.05_c0.05,30,0.1,0.05,0.05,False,26,0.10384615384615387,0.1,4.420307586544238,2.0846846846846847,0.6153846153846154,16,0.43076923076923074,0.4,0.39999999999999997,0.07549546170225768,0.2846864350996738,True,0.6307692307692306,0.09000000000000001,3.971714947004404,0.5538461538461539,0.09000000000000001
N30_drop0.10_s0.10_c0.10,30,0.1,0.1,0.1,False,26,0.10384615384615387,0.1,4.420307586544238,2.0846846846846847,0.6153846153846154,16,0.43076923076923074,0.4,0.39999999999999997,0.07547730528230477,0.283455713263137,True,0.6307692307692306,0.09000000000000001,3.971714947004404,0.5538461538461539,0.09000000000000001
N100_drop0.00_s0.00_c0.15,100,0.0,0.0,0.15,False,26,0.09230769230769233,0.1,4.2641643555304185,1.476923076923077,0.5769230769230769,15,0.4307692307692308,0.4,0.39999999999999997,0.07631378784254093,0.293761284578789,True,0.6307692307692307,0.09000000000000001,3.971714947004404,0.5538461538461539,0.09000000000000001
N75_drop0.00_s0.15_c0.00,75,0.0,0.15,0.0,False,26,0.10384615384615387,0.1,4.634121134585502,2.685,0.6538461538461539,17,0.4346153846153846,0.4,0.375,0.07605719116948273,0.2812397478196447,True,0.6308653846153847,0.09000000000000001,3.971714947004404,0.5538461538461539,0.09000000000000001
N50_drop0.10_s0.10_c0.10,50,0.1,0.1,0.1,False,26,0.1,0.1,4.46200413393909,2.0846846846846847,0.6153846153846154,16,0.4346153846153846,0.4,0.37499999999999994,0.075136052522476,0.279945940784466,True,0.6308653846153847,0.09000000000000001,3.971714947004404,0.5538461538461539,0.09000000000000001
N20_drop0.00_s0.05_c0.00,20,0.0,0.05,0.0,False,26,0.1,0.1,4.413016607782671,1.5535714285714286,0.6153846153846154,16,0.43461538461538474,0.4,0.37499999999999994,0.07652595606968716,0.2924432478775102,True,0.6308653846153848,0.09000000000000001,3.971714947004404,0.5538461538461539,0.09000000000000001
N20_drop0.00_s0.05_c0.05,20,0.0,0.05,0.05,False,26,0.1,0.1,4.413016607782671,1.5535714285714286,0.6153846153846154,16,0.43461538461538474,0.4,0.37499999999999994,0.07652595606968716,0.292475742346128,True,0.6308653846153848,0.09000000000000001,3.971714947004404,0.5538461538461539,0.09000000000000001
N20_drop0.00_s0.10_c0.00,20,0.0,0.1,0.0,False,26,0.1,0.1,4.413016607782671,1.5535714285714286,0.6153846153846154,16,0.43461538461538474,0.4,0.37499999999999994,0.07652459994825413,0.29214277418424245,True,0.6308653846153848,0.09000000000000001,3.971714947004404,0.5538461538461539,0.09000000000000001
N30_drop0.00_s0.05_c0.00,30,0.0,0.05,0.0,False,26,0.1,0.1,4.413016607782671,1.5535714285714286,0.6153846153846154,16,0.43461538461538474,0.4,0.37499999999999994,0.07652595606968716,0.2924432478775102,True,0.6308653846153848,0.09000000000000001,3.971714947004404,0.5538461538461539,0.09000000000000001
N30_drop0.00_s0.05_c0.05,30,0.0,0.05,0.05,False,26,0.1,0.1,4.413016607782671,1.5535714285714286,0.6153846153846154,16,0.43461538461538474,0.4,0.37499999999999994,0.07652368500627574,0.2921496556694018,True,0.6308653846153848,0.09000000000000001,3.971714947004404,0.5538461538461539,0.09000000000000001
N75_drop0.20_s0.10_c0.15,75,0.2,0.1,0.15,False,26,0.10000000000000002,0.1,4.8065279434629,1.5985294117647058,0.5769230769230769,15,0.41153846153846163,0.35,0.65,0.0742782880694573,0.2723468125202978,True,0.6315384615384616,0.09000000000000001,3.971714947004404,0.5538461538461539,0.09000000000000001
N20_drop0.30_s0.05_c0.10,20,0.3,0.05,0.1,False,26,0.1,0.1,4.308125669332909,2.0846846846846847,0.5769230769230769,15,0.4346153846153846,0.35,0.49999999999999994,0.07436869490311085,0.27541087715943036,True,0.6321153846153845,0.09000000000000001,3.971714947004404,0.5538461538461539,0.09000000000000001
N20_drop0.30_s0.10_c0.10,20,0.3,0.1,0.1,False,26,0.1,0.1,4.308125669332909,2.0846846846846847,0.5769230769230769,15,0.4346153846153846,0.35,0.49999999999999994,0.07436786996198148,0.27529566020601454,True,0.6321153846153845,0.09000000000000001,3.971714947004404,0.5538461538461539,0.09000000000000001
N20_drop0.30_s0.10_c0.15,20,0.3,0.1,0.15,False,26,0.1,0.1,4.308125669332909,2.0846846846846847,0.5769230769230769,15,0.4346153846153846,0.35,0.49999999999999994,0.0743641371032542,0.2752563629477629,True,0.6321153846153845,0.09000000000000001,3.971714947004404,0.5538461538461539,0.09000000000000001
N20_drop0.30_s0.15_c0.10,20,0.3,0.15,0.1,False,26,0.1,0.1,4.308125669332909,2.0846846846846847,0.5769230769230769,15,0.4346153846153846,0.35,0.49999999999999994,0.0743663321188247,0.2751627583495707,True,0.6321153846153845,0.09000000000000001,3.971714947004404,0.5538461538461539,0.09000000000000001
N20_drop0.30_s0.15_c0.15,20,0.3,0.15,0.15,False,26,0.1,0.1,4.308125669332909,2.0846846846846847,0.5769230769230769,15,0.4346153846153846,0.35,0.49999999999999994,0.0743641371032542,0.2752563629477629,True,0.6321153846153845,0.09000000000000001,3.971714947004404,0.5538461538461539,0.09000000000000001
N20_drop0.30_s0.20_c0.10,20,0.3,0.2,0.1,False,26,0.1,0.1,4.308125669332909,2.0846846846846847,0.5769230769230769,15,0.4346153846153846,0.35,0.49999999999999994,0.07436630112895712,0.27512046097632553,True,0.6321153846153845,0.09000000000000001,3.971714947004404,0.5538461538461539,0.09000000000000001
N100_drop0.10_s0.05_c0.00,100,0.1,0.05,0.0,False,26,0.1076923076923077,0.1,4.587566845803497,2.2153846153846155,0.6538461538461539,17,0.42307692307692313,0.4,0.4749999999999999,0.0749614845065336,0.27662470520352267,True,0.6343269230769231,0.09000000000000001,3.971714947004404,0.5538461538461539,0.09000000000000001
N20_drop0.10_s0.15_c0.00,20,0.1,0.15,0.0,False,26,0.11153846153846156,0.1,4.725281131517783,2.2440677966101696,0.6923076923076923,18,0.4269230769230769,0.4,0.4499999999999999,0.07574777102637723,0.2835008379778781,True,0.6344230769230769,0.09000000000000001,3.971714947004404,0.5538461538461539,0.09000000000000001
N20_drop0.10_s0.20_c0.00,20,0.1,0.2,0.0,False,26,0.11153846153846156,0.1,4.725281131517783,2.2440677966101696,0.6923076923076923,18,0.4269230769230769,0.4,0.4499999999999999,0.07574777102637723,0.2835008379778781,True,0.6344230769230769,0.09000000000000001,3.971714947004404,0.5538461538461539,0.09000000000000001
N30_drop0.20_s0.00_c0.00,30,0.2,0.0,0.0,False,26,0.1076923076923077,0.1,4.587566845803497,2.2153846153846155,0.6538461538461539,17,0.42692307692307685,0.4,0.4499999999999999,0.07478716823522474,0.27791982006536586,True,0.6344230769230769,0.09000000000000001,3.971714947004404,0.5538461538461539,0.09000000000000001
N30_drop0.20_s0.00_c0.05,30,0.2,0.0,0.05,False,26,0.1076923076923077,0.1,4.587566845803497,2.2153846153846155,0.6538461538461539,17,0.42692307692307685,0.4,0.4499999999999999,0.07478716823522474,0.27791982006536586,True,0.6344230769230769,0.09000000000000001,3.971714947004404,0.5538461538461539,0.09000000000000001
N50_drop0.10_s0.05_c0.00,50,0.1,0.05,0.0,False,26,0.1076923076923077,0.1,4.587566845803497,2.2153846153846155,0.6538461538461539,17,0.4269230769230769,0.4,0.4499999999999999,0.07527526456944639,0.2814804785648125,True,0.6344230769230769,0.09000000000000001,3.971714947004404,0.5538461538461539,0.09000000000000001
N50_drop0.10_s0.10_c0.05,50,0.1,0.1,0.05,False,26,0.10384615384615385,0.1,4.49780413393909,2.0846846846846847,0.6153846153846154,16,0.4269230769230769,0.4,0.4499999999999999,0.07521310727848499,0.28079551818050574,True,0.6344230769230769,0.09000000000000001,3.971714947004404,0.5538461538461539,0.09000000000000001
N30_drop0.20_s0.00_c0.15,30,0.2,0.0,0.15,False,26,0.10384615384615387,0.1,4.420307586544238,2.0846846846846847,0.6153846153846154,16,0.42692307692307696,0.4,0.4499999999999999,0.07477556488132885,0.2779461880735018,True,0.634423076923077,0.09000000000000001,3.971714947004404,0.5538461538461539,0.09000000000000001
N30_drop0.00_s0.10_c0.05,30,0.0,0.1,0.05,False,26,0.10384615384615387,0.1,4.454710301476365,2.0846846846846847,0.6153846153846154,16,0.43846153846153846,0.4,0.37499999999999994,0.07648917904308142,0.2905836255546816,True,0.6347115384615385,0.09000000000000001,3.971714947004404,0.5538461538461539,0.09000000000000001
N50_drop0.00_s0.05_c0.00,50,0.0,0.05,0.0,False,26,0.10384615384615387,0.1,4.454710301476365,2.0846846846846847,0.6153846153846154,16,0.43846153846153846,0.4,0.37499999999999994,0.07651931006485069,0.29092685773718807,True,0.6347115384615385,0.09000000000000001,3.971714947004404,0.5538461538461539,0.09000000000000001
N30_drop0.10_s0.15_c0.15,30,0.1,0.15,0.15,False,26,0.09615384615384617,0.1,4.2947448746798305,1.5985294117647058,0.5769230769230769,15,0.43846153846153857,0.4,0.375,0.07531744685146294,0.28196707547434247,True,0.6347115384615386,0.09000000000000001,3.971714947004404,0.5538461538461539,0.09000000000000001
N30_drop0.20_s0.05_c0.05,30,0.2,0.05,0.05,False,26,0.1076923076923077,0.1,4.587566845803497,2.2153846153846155,0.6538461538461539,17,0.4269230769230769,0.4,0.4749999999999999,0.07478412262290321,0.27753302078384845,True,0.6381730769230769,0.09000000000000001,3.971714947004404,0.5538461538461539,0.09000000000000001
N50_drop0.10_s0.15_c0.15,50,0.1,0.15,0.15,False,26,0.09615384615384616,0.1,4.315670800605757,1.5985294117647058,0.5769230769230769,15,0.42692307692307696,0.4,0.4749999999999999,0.07494328559915282,0.27823386251270193,True,0.6381730769230769,0.09000000000000001,3.971714947004404,0.5538461538461539,0.09000000000000001
N30_drop0.10_s0.10_c0.00,30,0.1,0.1,0.0,False,26,0.1076923076923077,0.1,4.587566845803497,2.2153846153846155,0.6538461538461539,17,0.43076923076923074,0.4,0.4499999999999999,0.07548509659573024,0.28313863535670064,True,0.6382692307692307,0.09000000000000001,3.971714947004404,0.5538461538461539,0.09000000000000001
N20_drop0.10_s0.15_c0.05,20,0.1,0.15,0.05,False,26,0.10384615384615387,0.1,4.420307586544238,2.0846846846846847,0.6153846153846154,16,0.43076923076923074,0.4,0.4499999999999999,0.0757488994650751,0.28358240193525003,True,0.6382692307692307,0.09000000000000001,3.971714947004404,0.5538461538461539,0.09000000000000001
N30_drop0.10_s0.10_c0.05,30,0.1,0.1,0.05,False,26,0.10384615384615387,0.1,4.420307586544238,2.0846846846846847,0.6153846153846154,16,0.43076923076923074,0.4,0.4499999999999999,0.0754881015287103,0.28334740304069156,True,0.6382692307692307,0.09000000000000001,3.971714947004404,0.5538461538461539,0.09000000000000001
N30_drop0.10_s0.20_c0.10,30,0.1,0.2,0.1,False,26,0.1,0.1,4.46200413393909,2.0846846846846847,0.6153846153846154,16,0.4346153846153846,0.4,0.42499999999999993,0.07532963635013609,0.2812643326909665,True,0.6383653846153846,0.09000000000000001,3.971714947004404,0.5538461538461539,0.09000000000000001
N30_drop0.00_s0.05_c0.10,30,0.0,0.05,0.1,False,26,0.1,0.1,4.364947589611957,1.5535714285714286,0.5769230769230769,15,0.4423076923076923,0.4,0.37499999999999994,0.0764798545150744,0.2920069622988107,True,0.6385576923076923,0.09000000000000001,3.971714947004404,0.5538461538461539,0.09000000000000001
N50_drop0.00_s0.05_c0.05,50,0.0,0.05,0.05,False,26,0.1,0.1,4.364947589611957,1.5535714285714286,0.5769230769230769,15,0.4423076923076924,0.4,0.37499999999999994,0.07648818169939231,0.29071246005072254,True,0.6385576923076924,0.09000000000000001,3.971714947004404,0.5538461538461539,0.09000000000000001
N20_drop0.20_s0.10_c0.00,20,0.2,0.1,0.0,False,26,0.1076923076923077,0.1,4.587566845803497,2.2153846153846155,0.6538461538461539,17,0.42692307692307685,0.4,0.49999999999999994,0.07495892157928466,0.2820230398549755,True,0.6419230769230768,0.09000000000000001,3.971714947004404,0.5538461538461539,0.09000000000000001
N75_drop0.10_s0.05_c0.00,75,0.1,0.05,0.0,False,26,0.1076923076923077,0.1,4.587566845803497,2.2153846153846155,0.6538461538461539,17,0.42692307692307696,0.4,0.49999999999999994,0.07492528123288808,0.27735795602073104,True,0.6419230769230769,0.09000000000000001,3.971714947004404,0.5538461538461539,0.09000000000000001
N30_drop0.20_s0.05_c0.10,30,0.2,0.05,0.1,False,26,0.1076923076923077,0.1,4.587566845803497,2.2153846153846155,0.6538461538461539,17,0.4307692307692308,0.4,0.4749999999999999,0.07478118721839234,0.2775692756143751,True,0.6420192307692307,0.09000000000000001,3.971714947004404,0.5538461538461539,0.09000000000000001
N20_drop0.20_s0.05_c0.00,20,0.2,0.05,0.0,False,26,0.1076923076923077,0.1,4.587566845803497,2.2153846153846155,0.6538461538461539,17,0.43076923076923074,0.4,0.49999999999999994,0.07496704772743878,0.2827250698280919,True,0.6457692307692307,0.09000000000000001,3.971714947004404,0.5538461538461539,0.09000000000000001
N30_drop0.20_s0.10_c0.05,30,0.2,0.1,0.05,False,26,0.1076923076923077,0.1,4.587566845803497,2.2153846153846155,0.6538461538461539,17,0.4346153846153846,0.4,0.49999999999999994,0.074777854080209,0.27724927179674774,True,0.6496153846153846,0.09000000000000001,3.971714947004404,0.5538461538461539,0.09000000000000001
N30_drop0.20_s0.15_c0.05,30,0.2,0.15,0.05,False,26,0.1076923076923077,0.1,4.587566845803497,2.2153846153846155,0.6538461538461539,17,0.4346153846153846,0.4,0.49999999999999994,0.07474093507423497,0.27690972606566244,True,0.6496153846153846,0.09000000000000001,3.971714947004404,0.5538461538461539,0.09000000000000001
N50_drop0.10_s0.15_c0.10,50,0.1,0.15,0.1,False,26,0.09615384615384616,0.1,4.315670800605757,1.5985294117647058,0.5769230769230769,15,0.4346153846153846,0.4,0.49999999999999994,0.0750187196592059,0.2793604408775683,True,0.6496153846153846,0.09000000000000001,3.971714947004404,0.5538461538461539,0.09000000000000001
N20_drop0.10_s0.05_c0.00,20,0.1,0.05,0.0,False,26,0.10384615384615387,0.1,4.420307586544238,2.0846846846846847,0.6153846153846154,16,0.4384615384615384,0.4,0.4749999999999999,0.07576128916219363,0.28507331561131805,True,0.6497115384615384,0.09000000000000001,3.971714947004404,0.5538461538461539,0.09000000000000001
N20_drop0.10_s0.10_c0.00,20,0.1,0.1,0.0,False,26,0.10384615384615387,0.1,4.420307586544238,2.0846846846846847,0.6153846153846154,16,0.4384615384615384,0.4,0.4749999999999999,0.07575571671764249,0.2848570216928023,True,0.6497115384615384,0.09000000000000001,3.971714947004404,0.5538461538461539,0.09000000000000001
N30_drop0.10_s0.05_c0.00,30,0.1,0.05,0.0,False,26,0.10384615384615387,0.1,4.420307586544238,2.0846846846846847,0.6153846153846154,16,0.4384615384615384,0.4,0.4749999999999999,0.07549612544094267,0.2847986663351979,True,0.6497115384615384,0.09000000000000001,3.971714947004404,0.5538461538461539,0.09000000000000001
N30_drop0.20_s0.10_c0.00,30,0.2,0.1,0.0,False,26,0.11153846153846156,0.1,4.725281131517783,2.2440677966101696,0.6923076923076923,18,0.4384615384615384,0.4,0.49999999999999994,0.0747727715011745,0.2772955963618205,True,0.6534615384615383,0.09000000000000001,3.971714947004404,0.5538461538461539,0.09000000000000001
N30_drop0.20_s0.05_c0.00,30,0.2,0.05,0.0,False,26,0.1076923076923077,0.1,4.587566845803497,2.2153846153846155,0.6538461538461539,17,0.4384615384615384,0.4,0.49999999999999994,0.07478716823522474,0.27776680279820887,True,0.6534615384615383,0.09000000000000001,3.971714947004404,0.5538461538461539,0.09000000000000001
N30_drop0.20_s0.15_c0.00,30,0.2,0.15,0.0,False,26,0.11153846153846156,0.1,4.725281131517783,2.2440677966101696,0.6923076923076923,18,0.43846153846153846,0.4,0.49999999999999994,0.07476934396950359,0.2769948954342275,True,0.6534615384615384,0.09000000000000001,3.971714947004404,0.5538461538461539,0.09000000000000001
N50_drop0.10_s0.10_c0.15,50,0.1,0.1,0.15,False,26,0.09615384615384616,0.1,4.315670800605757,1.5985294117647058,0.5769230769230769,15,0.4423076923076923,0.4,0.4749999999999999,0.07504982246463585,0.279800471085117,True,0.6535576923076922,0.09000000000000001,3.971714947004404,0.5538461538461539,0.09000000000000001
N50_drop0.50_s0.00_c0.00,50,0.5,0.0,0.0,False,26,0.08846153846153847,0.1,4.064370800605757,1.5535714285714286,0.5384615384615384,14,0.3692307692307693,0.3,0.5,0.07298757407098021,0.265538612054875,False,0.5492307692307693,0.09000000000000001,3.971714947004404,0.5538461538461539,0.09000000000000001
N50_drop0.50_s0.00_c0.05,50,0.5,0.0,0.05,False,26,0.08846153846153847,0.1,4.064370800605757,1.5535714285714286,0.5384615384615384,14,0.3692307692307693,0.3,0.5,0.07298757407098021,0.265538612054875,False,0.5492307692307693,0.09000000000000001,3.971714947004404,0.5538461538461539,0.09000000000000001
N50_drop0.50_s0.00_c0.15,50,0.5,0.0,0.15,False,26,0.09615384615384616,0.1,4.160055096342401,1.5871559633027525,0.5384615384615384,14,0.37307692307692314,0.3,0.5,0.07297009285098756,0.26541714041513165,False,0.5530769230769231,0.09000000000000001,3.971714947004404,0.5538461538461539,0.09000000000000001
N50_drop0.50_s0.00_c0.10,50,0.5,0.0,0.1,False,26,0.08846153846153847,0.1,4.064370800605757,1.5535714285714286,0.5384615384615384,14,0.37307692307692314,0.3,0.5,0.07298186189738617,0.26550397702974143,False,0.5530769230769231,0.09000000000000001,3.971714947004404,0.5538461538461539,0.09000000000000001
N50_drop0.50_s0.05_c0.10,50,0.5,0.05,0.1,False,26,0.09230769230769233,0.1,4.096113919871812,1.5871559633027525,0.5384615384615384,14,0.37692307692307697,0.3,0.5,0.07297987089172722,0.26509796073966274,False,0.556923076923077,0.09000000000000001,3.971714947004404,0.5538461538461539,0.09000000000000001
N50_drop0.50_s0.05_c0.15,50,0.5,0.05,0.15,False,26,0.09230769230769233,0.1,4.096113919871812,1.5871559633027525,0.5384615384615384,14,0.37692307692307697,0.3,0.5,0.07297633520172382,0.2651874134372648,False,0.556923076923077,0.09000000000000001,3.971714947004404,0.5538461538461539,0.09000000000000001
N100_drop0.30_s0.15_c0.15,100,0.3,0.15,0.15,False,26,0.10000000000000002,0.1,4.763022928287296,1.5535714285714286,0.5384615384615384,14,0.36923076923076914,0.3,0.575,0.07313912105301665,0.2655964232848143,False,0.5604807692307692,0.09000000000000001,3.971714947004404,0.5538461538461539,0.09000000000000001
N100_drop0.40_s0.05_c0.05,100,0.4,0.05,0.05,False,26,0.08846153846153847,0.1,4.2107897195246755,1.5985294117647058,0.5769230769230769,15,0.3807692307692308,0.3,0.5,0.07349164262354178,0.26550195421890543,False,0.5607692307692308,0.09000000000000001,3.971714947004404,0.5538461538461539,0.09000000000000001
N30_drop0.50_s0.00_c0.10,30,0.5,0.0,0.1,False,26,0.08846153846153847,0.1,4.064370800605757,1.5535714285714286,0.5384615384615384,14,0.3807692307692308,0.3,0.5,0.07317521978851842,0.26603590953853834,False,0.5607692307692308,0.09000000000000001,3.971714947004404,0.5538461538461539,0.09000000000000001
N30_drop0.50_s0.00_c0.15,30,0.5,0.0,0.15,False,26,0.08846153846153847,0.1,4.064370800605757,1.5535714285714286,0.5384615384615384,14,0.3807692307692308,0.3,0.5,0.07316632498576345,0.26603109283516585,False,0.5607692307692308,0.09000000000000001,3.971714947004404,0.5538461538461539,0.09000000000000001
N30_drop0.50_s0.05_c0.15,30,0.5,0.05,0.15,False,26,0.08846153846153847,0.1,4.064370800605757,1.5535714285714286,0.5384615384615384,14,0.3807692307692308,0.3,0.5,0.07316868362237725,0.26595996775052555,False,0.5607692307692308,0.09000000000000001,3.971714947004404,0.5538461538461539,0.09000000000000001
N50_drop0.50_s0.20_c0.10,50,0.5,0.2,0.1,False,26,0.10000000000000002,0.1,4.656052143810037,1.5871559633027525,0.5384615384615384,14,0.37307692307692314,0.3,0.575,0.07285453193144971,0.263485034366404,False,0.5643269230769231,0.09000000000000001,3.971714947004404,0.5538461538461539,0.09000000000000001
N100_drop0.10_s0.15_c0.10,100,0.1,0.15,0.1,False,26,0.10000000000000002,0.1,4.734881751816708,1.5535714285714286,0.5384615384615384,14,0.39230769230769236,0.3,0.4749999999999999,0.07392559034485914,0.2676726140355839,False,0.5685576923076923,0.09000000000000001,3.971714947004404,0.5538461538461539,0.09000000000000001
N30_drop0.40_s0.15_c0.15,30,0.4,0.15,0.15,False,26,0.09230769230769233,0.1,4.100170800605757,1.5535714285714286,0.5384615384615384,14,0.3961538461538462,0.35,0.37499999999999994,0.07363689904693338,0.2713166628780534,False,0.5749038461538462,0.09000000000000001,3.971714947004404,0.5538461538461539,0.09000000000000001
N30_drop0.40_s0.00_c0.15,30,0.4,0.0,0.15,False,26,0.09615384615384616,0.1,4.135970800605757,1.5535714285714286,0.5384615384615384,14,0.39230769230769236,0.3,0.5249999999999999,0.07367087466797313,0.2731127387748448,False,0.5760576923076923,0.09000000000000001,3.971714947004404,0.5538461538461539,0.09000000000000001
N30_drop0.40_s0.05_c0.15,30,0.4,0.05,0.15,False,26,0.09615384615384616,0.1,4.135970800605757,1.5535714285714286,0.5384615384615384,14,0.4,0.3,0.475,0.07366976607130123,0.2728035057068196,False,0.57625,0.09000000000000001,3.971714947004404,0.5538461538461539,0.09000000000000001
N50_drop0.50_s0.10_c0.15,50,0.5,0.1,0.15,False,26,0.09615384615384616,0.1,4.586971062728955,1.5871559633027525,0.5384615384615384,14,0.3807692307692308,0.35,0.5,0.07293731545253221,0.2648725909866227,False,0.5782692307692308,0.09000000000000001,3.971714947004404,0.5538461538461539,0.09000000000000001
N50_drop0.50_s0.05_c0.00,50,0.5,0.05,0.0,False,26,0.08846153846153847,0.1,4.064370800605757,1.5535714285714286,0.5384615384615384,14,0.3807692307692308,0.35,0.5,0.07298757407098021,0.265339648534883,False,0.5782692307692308,0.09000000000000001,3.971714947004404,0.5538461538461539,0.09000000000000001
N30_drop0.50_s0.05_c0.10,30,0.5,0.05,0.1,False,26,0.08846153846153847,0.1,4.064370800605757,1.5535714285714286,0.5384615384615384,14,0.3846153846153847,0.35,0.5,0.07317092557161932,0.2659141111394926,False,0.5821153846153846,0.09000000000000001,3.971714947004404,0.5538461538461539,0.09000000000000001
N30_drop0.50_s0.10_c0.10,30,0.5,0.1,0.1,False,26,0.08846153846153847,0.1,4.064370800605757,1.5535714285714286,0.5384615384615384,14,0.3846153846153847,0.35,0.5,0.07316868362237725,0.26589937865174623,False,0.5821153846153846,0.09000000000000001,3.971714947004404,0.5538461538461539,0.09000000000000001
N30_drop0.50_s0.10_c0.15,30,0.5,0.1,0.15,False,26,0.08846153846153847,0.1,4.064370800605757,1.5535714285714286,0.5384615384615384,14,0.3846153846153847,0.35,0.5,0.07316576069753601,0.26585006025930247,False,0.5821153846153846,0.09000000000000001,3.971714947004404,0.5538461538461539,0.09000000000000001
N30_drop0.50_s0.15_c0.10,30,0.5,0.15,0.1,False,26,0.08846153846153847,0.1,4.064370800605757,1.5535714285714286,0.5384615384615384,14,0.3846153846153847,0.35,0.5,0.0731615212131018,0.2658139530875942,False,0.5821153846153846,0.09000000000000001,3.971714947004404,0.5538461538461539,0.09000000000000001
N30_drop0.40_s0.10_c0.15,30,0.4,0.1,0.15,False,26,0.09615384615384616,0.1,4.135970800605757,1.5535714285714286,0.5384615384615384,14,0.4038461538461539,0.35,0.37499999999999994,0.07365544511291479,0.27245479100533887,False,0.5825961538461539,0.09000000000000001,3.971714947004404,0.5538461538461539,0.09000000000000001
N50_drop0.30_s0.10_c0.15,50,0.3,0.1,0.15,False,26,0.09615384615384616,0.1,4.742586766992312,1.5535714285714286,0.5384615384615384,14,0.4076923076923077,0.3,0.4749999999999999,0.07418317852840743,0.2725389635844262,False,0.5839423076923076,0.09000000000000001,3.971714947004404,0.5538461538461539,0.09000000000000001
N50_drop0.30_s0.05_c0.15,50,0.3,0.05,0.15,False,26,0.09615384615384616,0.1,4.287529624135169,1.5535714285714286,0.5384615384615384,14,0.4076923076923077,0.3,0.4749999999999999,0.07424207796950394,0.27410304348610715,False,0.5839423076923076,0.09000000000000001,3.971714947004404,0.5538461538461539,0.09000000000000001
N30_drop0.50_s0.15_c0.15,30,0.5,0.15,0.15,False,26,0.09230769230769233,0.1,4.096113919871812,1.5871559633027525,0.5384615384615384,14,0.3884615384615385,0.35,0.5,0.07314787601229411,0.2656205361324403,False,0.5859615384615384,0.09000000000000001,3.971714947004404,0.5538461538461539,0.09000000000000001
N50_drop0.50_s0.15_c0.10,50,0.5,0.15,0.1,False,26,0.09230769230769233,0.1,4.096113919871812,1.5871559633027525,0.5384615384615384,14,0.3807692307692308,0.35,0.575,0.07292110908363901,0.2646297883007884,False,0.5895192307692307,0.09000000000000001,3.971714947004404,0.5538461538461539,0.09000000000000001
N50_drop0.30_s0.10_c0.10,50,0.3,0.1,0.1,False,26,0.09230769230769233,0.1,4.2517296241351685,1.5535714285714286,0.5384615384615384,14,0.4115384615384615,0.3,0.49999999999999994,0.074232008104678,0.27240502450171467,False,0.5915384615384615,0.09000000000000001,3.971714947004404,0.5538461538461539,0.09000000000000001
N30_drop0.30_s0.00_c0.10,30,0.3,0.0,0.1,False,26,0.09615384615384617,0.1,4.218362957468502,1.5535714285714286,0.5384615384615384,14,0.4153846153846154,0.3,0.4749999999999999,0.07424871253255676,0.27510246726691,False,0.5916346153846155,0.09000000000000001,3.971714947004404,0.5538461538461539,0.09000000000000001
N50_drop0.50_s0.15_c0.15,50,0.5,0.15,0.15,False,26,0.10000000000000002,0.1,4.656052143810037,1.5871559633027525,0.5384615384615384,14,0.3846153846153847,0.35,0.575,0.07288204425516809,0.2642471320728986,False,0.5933653846153846,0.09000000000000001,3.971714947004404,0.5538461538461539,0.09000000000000001
N50_drop0.30_s0.10_c0.05,50,0.3,0.1,0.05,False,26,0.09615384615384616,0.1,4.287529624135169,1.5535714285714286,0.5384615384615384,14,0.4153846153846154,0.3,0.49999999999999994,0.07425243125204066,0.27344933780946395,False,0.5953846153846154,0.09000000000000001,3.971714947004404,0.5538461538461539,0.09000000000000001
N75_drop0.20_s0.10_c0.10,75,0.2,0.1,0.1,False,26,0.09230769230769233,0.1,4.2517296241351685,1.5535714285714286,0.5384615384615384,14,0.4153846153846154,0.3,0.49999999999999994,0.07442752801204361,0.27243075294361374,False,0.5953846153846154,0.09000000000000001,3.971714947004404,0.5538461538461539,0.09000000000000001
N50_drop0.50_s0.10_c0.05,50,0.5,0.1,0.05,False,26,0.09230769230769233,0.1,4.096113919871812,1.5871559633027525,0.5384615384615384,14,0.38846153846153847,0.35,0.575,0.07298420470372234,0.26499182883052097,False,0.5972115384615384,0.09000000000000001,3.971714947004404,0.5538461538461539,0.09000000000000001
N50_drop0.50_s0.10_c0.10,50,0.5,0.1,0.1,False,26,0.09230769230769233,0.1,4.096113919871812,1.5871559633027525,0.5384615384615384,14,0.38846153846153847,0.35,0.575,0.07297270848245177,0.26490640326636894,False,0.5972115384615384,0.09000000000000001,3.971714947004404,0.5538461538461539,0.09000000000000001
N50_drop0.50_s0.05_c0.05,50,0.5,0.05,0.05,False,26,0.08846153846153847,0.1,4.064370800605757,1.5535714285714286,0.5384615384615384,14,0.38846153846153847,0.35,0.575,0.07298680847454347,0.26519920401987895,False,0.5972115384615384,0.09000000000000001,3.971714947004404,0.5538461538461539,0.09000000000000001
N30_drop0.30_s0.00_c0.00,30,0.3,0.0,0.0,False,26,0.09615384615384617,0.1,4.218362957468502,1.5535714285714286,0.5384615384615384,14,0.4115384615384615,0.3,0.5499999999999999,0.0742542840205311,0.27497434422296363,False,0.5990384615384615,0.09000000000000001,3.971714947004404,0.5538461538461539,0.09000000000000001
N30_drop0.30_s0.00_c0.05,30,0.3,0.0,0.05,False,26,0.09615384615384617,0.1,4.218362957468502,1.5535714285714286,0.5384615384615384,14,0.4115384615384615,0.3,0.5499999999999999,0.0742542840205311,0.27497434422296363,False,0.5990384615384615,0.09000000000000001,3.971714947004404,0.5538461538461539,0.09000000000000001
N50_drop0.30_s0.05_c0.10,50,0.3,0.05,0.1,False,26,0.09615384615384616,0.1,4.287529624135169,1.5535714285714286,0.5384615384615384,14,0.4115384615384615,0.3,0.5499999999999999,0.07426754964244003,0.27411172775503173,False,0.5990384615384615,0.09000000000000001,3.971714947004404,0.5538461538461539,0.09000000000000001
N20_drop0.50_s0.00_c0.00,20,0.5,0.0,0.0,False,26,0.08846153846153847,0.1,4.133004005238962,1.5985294117647058,0.5769230769230769,15,0.3923076923076923,0.35,0.575,0.07286992933303046,0.2662203436896205,False,0.6010576923076922,0.09000000000000001,3.971714947004404,0.5538461538461539,0.09000000000000001
N20_drop0.50_s0.00_c0.05,20,0.5,0.0,0.05,False,26,0.08846153846153847,0.1,4.133004005238962,1.5985294117647058,0.5769230769230769,15,0.3923076923076923,0.35,0.575,0.07286992933303046,0.2662203436896205,False,0.6010576923076922,0.09000000000000001,3.971714947004404,0.5538461538461539,0.09000000000000001
N20_drop0.50_s0.00_c0.10,20,0.5,0.0,0.1,False,26,0.08846153846153847,0.1,4.133004005238962,1.5985294117647058,0.5769230769230769,15,0.3923076923076923,0.35,0.575,0.07286992933303046,0.2662203436896205,False,0.6010576923076922,0.09000000000000001,3.971714947004404,0.5538461538461539,0.09000000000000001
N20_drop0.50_s0.00_c0.15,20,0.5,0.0,0.15,False,26,0.08846153846153847,0.1,4.133004005238962,1.5985294117647058,0.5769230769230769,15,0.3923076923076923,0.35,0.575,0.0728678374702774,0.2662203436896205,False,0.6010576923076922,0.09000000000000001,3.971714947004404,0.5538461538461539,0.09000000000000001
N20_drop0.50_s0.05_c0.00,20,0.5,0.05,0.0,False,26,0.08846153846153847,0.1,4.133004005238962,1.5985294117647058,0.5769230769230769,15,0.3923076923076923,0.35,0.575,0.07286992933303046,0.2662203436896205,False,0.6010576923076922,0.09000000000000001,3.971714947004404,0.5538461538461539,0.09000000000000001
N20_drop0.50_s0.05_c0.05,20,0.5,0.05,0.05,False,26,0.08846153846153847,0.1,4.133004005238962,1.5985294117647058,0.5769230769230769,15,0.3923076923076923,0.35,0.575,0.07286992933303046,0.2662203436896205,False,0.6010576923076922,0.09000000000000001,3.971714947004404,0.5538461538461539,0.09000000000000001
N20_drop0.50_s0.05_c0.10,20,0.5,0.05,0.1,False,26,0.08846153846153847,0.1,4.133004005238962,1.5985294117647058,0.5769230769230769,15,0.3923076923076923,0.35,0.575,0.07286992933303046,0.2662203436896205,False,0.6010576923076922,0.09000000000000001,3.971714947004404,0.5538461538461539,0.09000000000000001
N20_drop0.50_s0.05_c0.15,20,0.5,0.05,0.15,False,26,0.08846153846153847,0.1,4.133004005238962,1.5985294117647058,0.5769230769230769,15,0.3923076923076923,0.35,0.575,0.07286783747027742,0.2662203436896205,False,0.6010576923076922,0.09000000000000001,3.971714947004404,0.5538461538461539,0.09000000000000001
N20_drop0.50_s0.10_c0.00,20,0.5,0.1,0.0,False,26,0.08846153846153847,0.1,4.133004005238962,1.5985294117647058,0.5769230769230769,15,0.3923076923076923,0.35,0.575,0.07286992933303046,0.2662203436896205,False,0.6010576923076922,0.09000000000000001,3.971714947004404,0.5538461538461539,0.09000000000000001
N20_drop0.50_s0.10_c0.05,20,0.5,0.1,0.05,False,26,0.08846153846153847,0.1,4.133004005238962,1.5985294117647058,0.5769230769230769,15,0.3923076923076923,0.35,0.575,0.07286992933303046,0.2662203436896205,False,0.6010576923076922,0.09000000000000001,3.971714947004404,0.5538461538461539,0.09000000000000001
N20_drop0.50_s0.10_c0.10,20,0.5,0.1,0.1,False,26,0.08846153846153847,0.1,4.133004005238962,1.5985294117647058,0.5769230769230769,15,0.3923076923076923,0.35,0.575,0.07286988504223316,0.2662203436896205,False,0.6010576923076922,0.09000000000000001,3.971714947004404,0.5538461538461539,0.09000000000000001
N20_drop0.50_s0.10_c0.15,20,0.5,0.1,0.15,False,26,0.08846153846153847,0.1,4.133004005238962,1.5985294117647058,0.5769230769230769,15,0.3923076923076923,0.35,0.575,0.07286783747027742,0.2662203436896205,False,0.6010576923076922,0.09000000000000001,3.971714947004404,0.5538461538461539,0.09000000000000001
N20_drop0.50_s0.15_c0.00,20,0.5,0.15,0.0,False,26,0.08846153846153847,0.1,4.133004005238962,1.5985294117647058,0.5769230769230769,15,0.3923076923076923,0.35,0.575,0.07286992933303046,0.2662203436896205,False,0.6010576923076922,0.09000000000000001,3.971714947004404,0.5538461538461539,0.09000000000000001
N20_drop0.50_s0.15_c0.05,20,0.5,0.15,0.05,False,26,0.08846153846153847,0.1,4.133004005238962,1.5985294117647058,0.5769230769230769,15,0.3923076923076923,0.35,0.575,0.07286992933303046,0.2662203436896205,False,0.6010576923076922,0.09000000000000001,3.971714947004404,0.5538461538461539,0.09000000000000001
N20_drop0.50_s0.15_c0.10,20,0.5,0.15,0.1,False,26,0.08846153846153847,0.1,4.133004005238962,1.5985294117647058,0.5769230769230769,15,0.3923076923076923,0.35,0.575,0.07286988504223316,0.2662203436896205,False,0.6010576923076922,0.09000000000000001,3.971714947004404,0.5538461538461539,0.09000000000000001
N20_drop0.50_s0.15_c0.15,20,0.5,0.15,0.15,False,26,0.08846153846153847,0.1,4.133004005238962,1.5985294117647058,0.5769230769230769,15,0.3923076923076923,0.35,0.575,0.07286783747027742,0.2662203436896205,False,0.6010576923076922,0.09000000000000001,3.971714947004404,0.5538461538461539,0.09000000000000001
N20_drop0.50_s0.20_c0.00,20,0.5,0.2,0.0,False,26,0.08846153846153847,0.1,4.133004005238962,1.5985294117647058,0.5769230769230769,15,0.3923076923076923,0.35,0.575,0.07286992933303046,0.2662203436896205,False,0.6010576923076922,0.09000000000000001,3.971714947004404,0.5538461538461539,0.09000000000000001
N20_drop0.50_s0.20_c0.05,20,0.5,0.2,0.05,False,26,0.08846153846153847,0.1,4.133004005238962,1.5985294117647058,0.5769230769230769,15,0.3923076923076923,0.35,0.575,0.07286992933303046,0.2662203436896205,False,0.6010576923076922,0.09000000000000001,3.971714947004404,0.5538461538461539,0.09000000000000001
N20_drop0.50_s0.20_c0.10,20,0.5,0.2,0.1,False,26,0.08846153846153847,0.1,4.133004005238962,1.5985294117647058,0.5769230769230769,15,0.3923076923076923,0.35,0.575,0.07286988504223316,0.2662203436896205,False,0.6010576923076922,0.09000000000000001,3.971714947004404,0.5538461538461539,0.09000000000000001
N75_drop0.00_s0.20_c0.10,75,0.0,0.2,0.1,False,26,0.08846153846153847,0.05,4.572321032726577,0.7935779816513763,0.5,13,0.4115384615384616,0.35,0.44999999999999996,0.07505672615865937,0.2733034869526547,False,0.6015384615384616,0.09000000000000001,3.971714947004404,0.5538461538461539,0.09000000000000001
N100_drop0.20_s0.05_c0.10,100,0.2,0.05,0.1,False,26,0.09230769230769233,0.1,4.2517296241351685,1.5535714285714286,0.5384615384615384,14,0.41153846153846163,0.3,0.575,0.07446354401718246,0.273439676742779,False,0.6027884615384616,0.09000000000000001,3.971714947004404,0.5538461538461539,0.09000000000000001
N30_drop0.30_s0.05_c0.10,30,0.3,0.05,0.1,False,26,0.09615384615384617,0.1,4.218362957468502,1.5535714285714286,0.5384615384615384,14,0.4153846153846154,0.3,0.5499999999999999,0.07425059538168786,0.2749565880361763,False,0.6028846153846155,0.09000000000000001,3.971714947004404,0.5538461538461539,0.09000000000000001
N30_drop0.30_s0.20_c0.10,30,0.3,0.2,0.1,False,26,0.09230769230769233,0.1,4.182562957468502,1.5535714285714286,0.5384615384615384,14,0.4115384615384615,0.35,0.4749999999999999,0.07420931697630762,0.2727203087145355,False,0.6052884615384615,0.09000000000000001,3.971714947004404,0.5538461538461539,0.09000000000000001
N50_drop0.00_s0.10_c0.15,50,0.0,0.1,0.15,False,26,0.09230769230769233,0.1,4.182814256278624,1.476923076923077,0.5384615384615384,14,0.43846153846153846,0.35,0.3,0.07627518329579831,0.28782063978702765,False,0.6059615384615384,0.09000000000000001,3.971714947004404,0.5538461538461539,0.09000000000000001
N50_drop0.30_s0.05_c0.05,50,0.3,0.05,0.05,False,26,0.09615384615384616,0.1,4.287529624135169,1.5535714285714286,0.5384615384615384,14,0.4153846153846154,0.3,0.575,0.07426834568871774,0.27396742033883476,False,0.6066346153846154,0.09000000000000001,3.971714947004404,0.5538461538461539,0.09000000000000001
N100_drop0.00_s0.10_c0.10,100,0.0,0.1,0.1,False,26,0.08846153846153847,0.1,4.14026516172953,1.476923076923077,0.5384615384615384,14,0.4192307692307692,0.35,0.44999999999999996,0.0760251237302389,0.28275236106941276,False,0.6092307692307691,0.09000000000000001,3.971714947004404,0.5538461538461539,0.09000000000000001
N100_drop0.00_s0.15_c0.05,100,0.0,0.15,0.05,False,26,0.08846153846153847,0.1,4.14026516172953,1.476923076923077,0.5384615384615384,14,0.41538461538461535,0.4,0.39999999999999997,0.07569197287749928,0.2767899358996579,False,0.6153846153846153,0.09000000000000001,3.971714947004404,0.5538461538461539,0.09000000000000001
N100_drop0.00_s0.05_c0.10,100,0.0,0.05,0.1,False,26,0.09230769230769233,0.1,4.182814256278624,1.476923076923077,0.5384615384615384,14,0.4346153846153846,0.4,0.3,0.07633326238251646,0.28816103246867547,False,0.6196153846153847,0.09000000000000001,3.971714947004404,0.5538461538461539,0.09000000000000001
N30_drop0.30_s0.15_c0.05,30,0.3,0.15,0.05,False,26,0.09615384615384617,0.1,4.218362957468502,1.5535714285714286,0.5384615384615384,14,0.4153846153846154,0.35,0.5499999999999999,0.07424636297433268,0.2741261237505348,False,0.6203846153846154,0.09000000000000001,3.971714947004404,0.5538461538461539,0.09000000000000001
N30_drop0.30_s0.15_c0.15,30,0.3,0.15,0.15,False,26,0.09230769230769233,0.1,4.182562957468502,1.5535714285714286,0.5384615384615384,14,0.4153846153846154,0.35,0.5499999999999999,0.07422352159868656,0.27353157087163127,False,0.6203846153846154,0.09000000000000001,3.971714947004404,0.5538461538461539,0.09000000000000001
N100_drop0.00_s0.15_c0.10,100,0.0,0.15,0.1,False,26,0.08846153846153847,0.1,4.14026516172953,1.476923076923077,0.5384615384615384,14,0.4115384615384615,0.4,0.4749999999999999,0.07524503427300339,0.27402227523206635,False,0.6227884615384616,0.09000000000000001,3.971714947004404,0.5538461538461539,0.09000000000000001
N30_drop0.30_s0.05_c0.00,30,0.3,0.05,0.0,False,26,0.09615384615384617,0.1,4.218362957468502,1.5535714285714286,0.5384615384615384,14,0.41923076923076924,0.35,0.5499999999999999,0.0742542840205311,0.27487792715653403,False,0.6242307692307693,0.09000000000000001,3.971714947004404,0.5538461538461539,0.09000000000000001
N30_drop0.30_s0.05_c0.05,30,0.3,0.05,0.05,False,26,0.09615384615384617,0.1,4.218362957468502,1.5535714285714286,0.5384615384615384,14,0.41923076923076924,0.35,0.5499999999999999,0.07425283468805567,0.27482605009519234,False,0.6242307692307693,0.09000000000000001,3.971714947004404,0.5538461538461539,0.09000000000000001
N30_drop0.30_s0.10_c0.05,30,0.3,0.1,0.05,False,26,0.09615384615384617,0.1,4.218362957468502,1.5535714285714286,0.5384615384615384,14,0.41923076923076924,0.35,0.5499999999999999,0.07425283468805567,0.2748124769619184,False,0.6242307692307693,0.09000000000000001,3.971714947004404,0.5538461538461539,0.09000000000000001
N30_drop0.30_s0.10_c0.10,30,0.3,0.1,0.1,False,26,0.09615384615384617,0.1,4.218362957468502,1.5535714285714286,0.5384615384615384,14,0.41923076923076924,0.35,0.5499999999999999,0.07424478091045528,0.2746660895467673,False,0.6242307692307693,0.09000000000000001,3.971714947004404,0.5538461538461539,0.09000000000000001
N30_drop0.30_s0.15_c0.10,30,0.3,0.15,0.1,False,26,0.09615384615384617,0.1,4.218362957468502,1.5535714285714286,0.5384615384615384,14,0.41923076923076924,0.35,0.5499999999999999,0.07424489736420245,0.274516614442056,False,0.6242307692307693,0.09000000000000001,3.971714947004404,0.5538461538461539,0.09000000000000001
N100_drop0.00_s0.10_c0.15,100,0.0,0.1,0.15,False,26,0.09230769230769233,0.1,4.65850969197406,1.0423423423423424,0.5384615384615384,14,0.4192307692307692,0.4,0.4749999999999999,0.07564954553642686,0.28068946650977805,False,0.6304807692307692,0.09000000000000001,3.971714947004404,0.5538461538461539,0.09000000000000001
N50_drop0.00_s0.15_c0.15,50,0.0,0.15,0.15,False,26,0.09230769230769233,0.1,4.209346242810612,1.476923076923077,0.5384615384615384,14,0.43846153846153846,0.4,0.37499999999999994,0.07600970347313597,0.2847437754288102,False,0.6347115384615385,0.09000000000000001,3.971714947004404,0.5538461538461539,0.09000000000000001
N75_drop0.00_s0.10_c0.15,75,0.0,0.1,0.15,False,26,0.09230769230769233,0.1,4.209346242810612,1.476923076923077,0.5384615384615384,14,0.4423076923076924,0.4,0.37499999999999994,0.07599689737754332,0.28721232653442547,False,0.6385576923076924,0.09000000000000001,3.971714947004404,0.5538461538461539,0.09000000000000001
